
/home/wtl/Voyager/tapeout-Voyager/software/embench/build_meek/cubic.riscv:     file format elf64-littleriscv


Disassembly of section .text:

0000000080000000 <_start>:
    .global _start
    .type _start, @function
_start:
    .cfi_startproc

    li x1, 0
    80000000:	4081                	li	ra,0
    li x2, 0
    80000002:	4101                	li	sp,0
    li x3, 0
    80000004:	4181                	li	gp,0
    li x4, 0
    80000006:	4201                	li	tp,0
    li x5, 0
    80000008:	4281                	li	t0,0
    li x6, 0
    8000000a:	4301                	li	t1,0
    li x7, 0
    8000000c:	4381                	li	t2,0
    li x8, 0
    8000000e:	4401                	li	s0,0
    li x9, 0
    80000010:	4481                	li	s1,0
    li x10, 0
    80000012:	4501                	li	a0,0
    li x11, 0
    80000014:	4581                	li	a1,0
    li x12, 0
    80000016:	4601                	li	a2,0
    li x13, 0
    80000018:	4681                	li	a3,0
    li x14, 0
    8000001a:	4701                	li	a4,0
    li x15, 0
    8000001c:	4781                	li	a5,0
    li x16, 0
    8000001e:	4801                	li	a6,0
    li x17, 0
    80000020:	4881                	li	a7,0
    li x18, 0
    80000022:	4901                	li	s2,0
    li x19, 0
    80000024:	4981                	li	s3,0
    li x20, 0
    80000026:	4a01                	li	s4,0
    li x21, 0
    80000028:	4a81                	li	s5,0
    li x22, 0
    8000002a:	4b01                	li	s6,0
    li x23, 0
    8000002c:	4b81                	li	s7,0
    li x24, 0
    8000002e:	4c01                	li	s8,0
    li x25, 0
    80000030:	4c81                	li	s9,0
    li x26, 0
    80000032:	4d01                	li	s10,0
    li x27, 0
    80000034:	4d81                	li	s11,0
    li x28, 0
    80000036:	4e01                	li	t3,0
    li x29, 0
    80000038:	4e81                	li	t4,0
    li x30, 0
    8000003a:	4f01                	li	t5,0
    li x31, 0
    8000003c:	4f81                	li	t6,0

    li t0, (MSTATUS_FS | MSTATUS_XS | MSTATUS_VS)
    8000003e:	62f9                	lui	t0,0x1e
    80000040:	6002829b          	addiw	t0,t0,1536 # 1e600 <__stack_size+0x16600>
    csrs mstatus, t0
    80000044:	3002a073          	csrs	mstatus,t0

#ifdef __riscv_flen
    /* Initialize FPU if present */
    la t0, 1f
    80000048:	00000297          	auipc	t0,0x0
    8000004c:	09028293          	addi	t0,t0,144 # 800000d8 <_start+0xd8>
    csrw mtvec, t0
    80000050:	30529073          	csrw	mtvec,t0

    fscsr zero
    80000054:	00301073          	fscsr	zero
    fmv.s.x f0,  zero
    80000058:	f0000053          	fmv.w.x	ft0,zero
    fmv.s.x f1,  zero
    8000005c:	f00000d3          	fmv.w.x	ft1,zero
    fmv.s.x f2,  zero
    80000060:	f0000153          	fmv.w.x	ft2,zero
    fmv.s.x f3,  zero
    80000064:	f00001d3          	fmv.w.x	ft3,zero
    fmv.s.x f4,  zero
    80000068:	f0000253          	fmv.w.x	ft4,zero
    fmv.s.x f5,  zero
    8000006c:	f00002d3          	fmv.w.x	ft5,zero
    fmv.s.x f6,  zero
    80000070:	f0000353          	fmv.w.x	ft6,zero
    fmv.s.x f7,  zero
    80000074:	f00003d3          	fmv.w.x	ft7,zero
    fmv.s.x f8,  zero
    80000078:	f0000453          	fmv.w.x	fs0,zero
    fmv.s.x f9,  zero
    8000007c:	f00004d3          	fmv.w.x	fs1,zero
    fmv.s.x f10, zero
    80000080:	f0000553          	fmv.w.x	fa0,zero
    fmv.s.x f11, zero
    80000084:	f00005d3          	fmv.w.x	fa1,zero
    fmv.s.x f12, zero
    80000088:	f0000653          	fmv.w.x	fa2,zero
    fmv.s.x f13, zero
    8000008c:	f00006d3          	fmv.w.x	fa3,zero
    fmv.s.x f14, zero
    80000090:	f0000753          	fmv.w.x	fa4,zero
    fmv.s.x f15, zero
    80000094:	f00007d3          	fmv.w.x	fa5,zero
    fmv.s.x f16, zero
    80000098:	f0000853          	fmv.w.x	fa6,zero
    fmv.s.x f17, zero
    8000009c:	f00008d3          	fmv.w.x	fa7,zero
    fmv.s.x f18, zero
    800000a0:	f0000953          	fmv.w.x	fs2,zero
    fmv.s.x f19, zero
    800000a4:	f00009d3          	fmv.w.x	fs3,zero
    fmv.s.x f20, zero
    800000a8:	f0000a53          	fmv.w.x	fs4,zero
    fmv.s.x f21, zero
    800000ac:	f0000ad3          	fmv.w.x	fs5,zero
    fmv.s.x f22, zero
    800000b0:	f0000b53          	fmv.w.x	fs6,zero
    fmv.s.x f23, zero
    800000b4:	f0000bd3          	fmv.w.x	fs7,zero
    fmv.s.x f24, zero
    800000b8:	f0000c53          	fmv.w.x	fs8,zero
    fmv.s.x f25, zero
    800000bc:	f0000cd3          	fmv.w.x	fs9,zero
    fmv.s.x f26, zero
    800000c0:	f0000d53          	fmv.w.x	fs10,zero
    fmv.s.x f27, zero
    800000c4:	f0000dd3          	fmv.w.x	fs11,zero
    fmv.s.x f28, zero
    800000c8:	f0000e53          	fmv.w.x	ft8,zero
    fmv.s.x f29, zero
    800000cc:	f0000ed3          	fmv.w.x	ft9,zero
    fmv.s.x f30, zero
    800000d0:	f0000f53          	fmv.w.x	ft10,zero
    fmv.s.x f31, zero
    800000d4:	f0000fd3          	fmv.w.x	ft11,zero

    /* Initialize global pointer; disable relaxation to avoid relaxing
       the address calculation to "addi gp, gp, 0" */
    .option push
    .option norelax
    la gp, __global_pointer$
    800000d8:	00007197          	auipc	gp,0x7
    800000dc:	7e018193          	addi	gp,gp,2016 # 800078b8 <__global_pointer$>
    .option pop

    /* Initialize thread pointer */
    csrr s0, mhartid
    800000e0:	f1402473          	csrr	s0,mhartid
    lui t0, %hi(__stack_shift)
    addi t0, t0, %lo(__stack_shift)
    800000e4:	00f00293          	li	t0,15
    la tp, __stack_start
    800000e8:	00028217          	auipc	tp,0x28
    800000ec:	f1820213          	addi	tp,tp,-232 # 80028000 <__heap_end>
    sll t0, s0, t0
    800000f0:	005412b3          	sll	t0,s0,t0
    add tp, tp, t0
    800000f4:	9216                	add	tp,tp,t0

    /* Initialize stack pointer */
    lui t0, %hi(__stack_size)
    800000f6:	62a1                	lui	t0,0x8
    addi t0, t0, %lo(__stack_size)
    800000f8:	00028293          	mv	t0,t0
    add sp, tp, t0
    800000fc:	00520133          	add	sp,tp,t0

    /* Initialize trap vector */
    la t0, trap_entry
    80000100:	00000297          	auipc	t0,0x0
    80000104:	04428293          	addi	t0,t0,68 # 80000144 <trap_entry>
    csrw mtvec, t0
    80000108:	30529073          	csrw	mtvec,t0

    /* Initialize TLS */
    call __init_tls
    8000010c:	6a2060ef          	jal	800067ae <__init_tls>

    /* Skip global initialization if not the designated boot hart */
    la t0, __boot_hart
    80000110:	00000293          	li	t0,0
    bne s0, t0, _start_secondary
    80000114:	00540463          	beq	s0,t0,8000011c <_start+0x11c>
    80000118:	0f60006f          	j	8000020e <_start_secondary>

    /* Zero BSS segment */
    la t0, __bss_start
    8000011c:	b2018293          	addi	t0,gp,-1248 # 800073d8 <uart_lock>
    la t1, __bss_end
    80000120:	ee818313          	addi	t1,gp,-280 # 800077a0 <_end>
    bgeu t0, t1, 2f
    80000124:	0062f763          	bgeu	t0,t1,80000132 <_start+0x132>
1:
    SREG zero, (t0)
    80000128:	0002b023          	sd	zero,0(t0)
    addi t0, t0, REGBYTES
    8000012c:	02a1                	addi	t0,t0,8
    bltu t0, t1, 1b
    8000012e:	fe62ede3          	bltu	t0,t1,80000128 <_start+0x128>
2:

    /* Call global constructors */
    la a0, __libc_fini_array
    80000132:	00006517          	auipc	a0,0x6
    80000136:	76050513          	addi	a0,a0,1888 # 80006892 <__libc_fini_array>
    call atexit
    8000013a:	6f0060ef          	jal	8000682a <atexit>
    call __libc_init_array
    8000013e:	6f6060ef          	jal	80006834 <__libc_init_array>

    /* Call main function */
    tail _start_main
    80000142:	a075                	j	800001ee <_start_main>

0000000080000144 <trap_entry>:
    .cfi_endproc


    .align 2
trap_entry:
    csrw mscratch, sp
    80000144:	34011073          	csrw	mscratch,sp
    addi sp, sp, -(32*REGBYTES)
    80000148:	7111                	addi	sp,sp,-256

    /* Save trap frame */
    SREG x1, 1*REGBYTES(sp)
    8000014a:	e406                	sd	ra,8(sp)
    csrr x1, mscratch
    8000014c:	340020f3          	csrr	ra,mscratch
    SREG x1, 2*REGBYTES(sp)
    80000150:	e806                	sd	ra,16(sp)
    SREG x3, 3*REGBYTES(sp)
    80000152:	ec0e                	sd	gp,24(sp)
    SREG x4, 4*REGBYTES(sp)
    80000154:	f012                	sd	tp,32(sp)
    SREG x5, 5*REGBYTES(sp)
    80000156:	f416                	sd	t0,40(sp)
    SREG x6, 6*REGBYTES(sp)
    80000158:	f81a                	sd	t1,48(sp)
    SREG x7, 7*REGBYTES(sp)
    8000015a:	fc1e                	sd	t2,56(sp)
    SREG x8, 8*REGBYTES(sp)
    8000015c:	e0a2                	sd	s0,64(sp)
    SREG x9, 9*REGBYTES(sp)
    8000015e:	e4a6                	sd	s1,72(sp)
    SREG x10, 10*REGBYTES(sp)
    80000160:	e8aa                	sd	a0,80(sp)
    SREG x11, 11*REGBYTES(sp)
    80000162:	ecae                	sd	a1,88(sp)
    SREG x12, 12*REGBYTES(sp)
    80000164:	f0b2                	sd	a2,96(sp)
    SREG x13, 13*REGBYTES(sp)
    80000166:	f4b6                	sd	a3,104(sp)
    SREG x14, 14*REGBYTES(sp)
    80000168:	f8ba                	sd	a4,112(sp)
    SREG x15, 15*REGBYTES(sp)
    8000016a:	fcbe                	sd	a5,120(sp)
    SREG x16, 16*REGBYTES(sp)
    8000016c:	e142                	sd	a6,128(sp)
    SREG x17, 17*REGBYTES(sp)
    8000016e:	e546                	sd	a7,136(sp)
    SREG x18, 18*REGBYTES(sp)
    80000170:	e94a                	sd	s2,144(sp)
    SREG x19, 19*REGBYTES(sp)
    80000172:	ed4e                	sd	s3,152(sp)
    SREG x20, 20*REGBYTES(sp)
    80000174:	f152                	sd	s4,160(sp)
    SREG x21, 21*REGBYTES(sp)
    80000176:	f556                	sd	s5,168(sp)
    SREG x22, 22*REGBYTES(sp)
    80000178:	f95a                	sd	s6,176(sp)
    SREG x23, 23*REGBYTES(sp)
    8000017a:	fd5e                	sd	s7,184(sp)
    SREG x24, 24*REGBYTES(sp)
    8000017c:	e1e2                	sd	s8,192(sp)
    SREG x25, 25*REGBYTES(sp)
    8000017e:	e5e6                	sd	s9,200(sp)
    SREG x26, 26*REGBYTES(sp)
    80000180:	e9ea                	sd	s10,208(sp)
    SREG x27, 27*REGBYTES(sp)
    80000182:	edee                	sd	s11,216(sp)
    SREG x28, 28*REGBYTES(sp)
    80000184:	f1f2                	sd	t3,224(sp)
    SREG x29, 29*REGBYTES(sp)
    80000186:	f5f6                	sd	t4,232(sp)
    SREG x30, 30*REGBYTES(sp)
    80000188:	f9fa                	sd	t5,240(sp)
    SREG x31, 31*REGBYTES(sp)
    8000018a:	fdfe                	sd	t6,248(sp)

    /* Invoke higher-level trap handler */
    csrr a0, mepc
    8000018c:	34102573          	csrr	a0,mepc
    csrr a1, mcause
    80000190:	342025f3          	csrr	a1,mcause
    csrr a2, mtval
    80000194:	34302673          	csrr	a2,mtval
    mv a3, sp
    80000198:	868a                	mv	a3,sp
    call handle_trap
    8000019a:	142000ef          	jal	800002dc <handle_trap>
    csrw mepc, a0
    8000019e:	34151073          	csrw	mepc,a0

    /* Remain in M-mode after return */
    li t0, MSTATUS_MPP
    800001a2:	6289                	lui	t0,0x2
    800001a4:	8002829b          	addiw	t0,t0,-2048 # 1800 <__stack_align+0x17f0>
    csrs mstatus, t0
    800001a8:	3002a073          	csrs	mstatus,t0

    LREG x1, 1*REGBYTES(sp)
    800001ac:	60a2                	ld	ra,8(sp)
    LREG x3, 3*REGBYTES(sp)
    800001ae:	61e2                	ld	gp,24(sp)
    LREG x4, 4*REGBYTES(sp)
    800001b0:	7202                	ld	tp,32(sp)
    LREG x5, 5*REGBYTES(sp)
    800001b2:	72a2                	ld	t0,40(sp)
    LREG x6, 6*REGBYTES(sp)
    800001b4:	7342                	ld	t1,48(sp)
    LREG x7, 7*REGBYTES(sp)
    800001b6:	73e2                	ld	t2,56(sp)
    LREG x8, 8*REGBYTES(sp)
    800001b8:	6406                	ld	s0,64(sp)
    LREG x9, 9*REGBYTES(sp)
    800001ba:	64a6                	ld	s1,72(sp)
    LREG x10, 10*REGBYTES(sp)
    800001bc:	6546                	ld	a0,80(sp)
    LREG x11, 11*REGBYTES(sp)
    800001be:	65e6                	ld	a1,88(sp)
    LREG x12, 12*REGBYTES(sp)
    800001c0:	7606                	ld	a2,96(sp)
    LREG x13, 13*REGBYTES(sp)
    800001c2:	76a6                	ld	a3,104(sp)
    LREG x14, 14*REGBYTES(sp)
    800001c4:	7746                	ld	a4,112(sp)
    LREG x15, 15*REGBYTES(sp)
    800001c6:	77e6                	ld	a5,120(sp)
    LREG x16, 16*REGBYTES(sp)
    800001c8:	680a                	ld	a6,128(sp)
    LREG x17, 17*REGBYTES(sp)
    800001ca:	68aa                	ld	a7,136(sp)
    LREG x18, 18*REGBYTES(sp)
    800001cc:	694a                	ld	s2,144(sp)
    LREG x19, 19*REGBYTES(sp)
    800001ce:	69ea                	ld	s3,152(sp)
    LREG x20, 20*REGBYTES(sp)
    800001d0:	7a0a                	ld	s4,160(sp)
    LREG x21, 21*REGBYTES(sp)
    800001d2:	7aaa                	ld	s5,168(sp)
    LREG x22, 22*REGBYTES(sp)
    800001d4:	7b4a                	ld	s6,176(sp)
    LREG x23, 23*REGBYTES(sp)
    800001d6:	7bea                	ld	s7,184(sp)
    LREG x24, 24*REGBYTES(sp)
    800001d8:	6c0e                	ld	s8,192(sp)
    LREG x25, 25*REGBYTES(sp)
    800001da:	6cae                	ld	s9,200(sp)
    LREG x26, 26*REGBYTES(sp)
    800001dc:	6d4e                	ld	s10,208(sp)
    LREG x27, 27*REGBYTES(sp)
    800001de:	6dee                	ld	s11,216(sp)
    LREG x28, 28*REGBYTES(sp)
    800001e0:	7e0e                	ld	t3,224(sp)
    LREG x29, 29*REGBYTES(sp)
    800001e2:	7eae                	ld	t4,232(sp)
    LREG x30, 30*REGBYTES(sp)
    800001e4:	7f4e                	ld	t5,240(sp)
    LREG x31, 31*REGBYTES(sp)
    800001e6:	7fee                	ld	t6,248(sp)
    /* Restore sp last */
    LREG x2, 2*REGBYTES(sp)
    800001e8:	6142                	ld	sp,16(sp)

    mret
    800001ea:	30200073          	mret

00000000800001ee <_start_main>:
    .endm

    .global _start_main
    .type _start_main, @function
_start_main:
    BARRIER_PASS __boot_sync
    800001ee:	52fd                	li	t0,-1
    800001f0:	0110000f          	fence	w,w
    800001f4:	dc51a423          	sw	t0,-568(gp) # 80007680 <__boot_sync>
    ENTER main
    800001f8:	4505                	li	a0,1
    800001fa:	00007597          	auipc	a1,0x7
    800001fe:	db658593          	addi	a1,a1,-586 # 80006fb0 <argv>
    80000202:	8101b603          	ld	a2,-2032(gp) # 800070c8 <environ>
    80000206:	02a000ef          	jal	80000230 <main>
    8000020a:	44f0406f          	j	80004e58 <exit>

000000008000020e <_start_secondary>:

    .global _start_secondary
    .type _start_secondary, @function
_start_secondary:
    /* Synchronize secondary harts */
    BARRIER_WAIT __boot_sync
    8000020e:	dc81a283          	lw	t0,-568(gp) # 80007680 <__boot_sync>
    80000212:	fe028ee3          	beqz	t0,8000020e <_start_secondary>
    80000216:	0220000f          	fence	r,r
    ENTER __main
    8000021a:	4505                	li	a0,1
    8000021c:	00007597          	auipc	a1,0x7
    80000220:	d9458593          	addi	a1,a1,-620 # 80006fb0 <argv>
    80000224:	8101b603          	ld	a2,-2032(gp) # 800070c8 <environ>
    80000228:	710000ef          	jal	80000938 <__main>
    8000022c:	42d0406f          	j	80004e58 <exit>

0000000080000230 <main>:
    80000230:	fe010113          	addi	sp,sp,-32
    80000234:	00113c23          	sd	ra,24(sp)
    80000238:	15d000ef          	jal	80000b94 <initialise_board>
    8000023c:	6cd000ef          	jal	80001108 <initialise_benchmark>
    80000240:	00100513          	li	a0,1
    80000244:	6c9000ef          	jal	8000110c <warm_caches>
    80000248:	2d0000ef          	jal	80000518 <rStartup>
    8000024c:	151000ef          	jal	80000b9c <start_trigger>
    80000250:	6c1000ef          	jal	80001110 <benchmark>
    80000254:	00a12623          	sw	a0,12(sp)
    80000258:	14d000ef          	jal	80000ba4 <stop_trigger>
    8000025c:	698000ef          	jal	800008f4 <rCleanup>
    80000260:	00c12503          	lw	a0,12(sp)
    80000264:	611000ef          	jal	80001074 <verify_benchmark>
    80000268:	01813083          	ld	ra,24(sp)
    8000026c:	00153513          	seqz	a0,a0
    80000270:	02010113          	addi	sp,sp,32
    80000274:	00008067          	ret

0000000080000278 <mtimecmp_cfg>:
    80000278:	f1402873          	csrr	a6,mhartid
    8000027c:	004017b7          	lui	a5,0x401
    80000280:	80078793          	addi	a5,a5,-2048 # 400800 <__heap_size+0x3e0800>
    80000284:	00f80833          	add	a6,a6,a5
    80000288:	0200c6b7          	lui	a3,0x200c
    8000028c:	0200c537          	lui	a0,0x200c
    80000290:	00381813          	slli	a6,a6,0x3
    80000294:	ffc68693          	addi	a3,a3,-4 # 200bffc <__heap_size+0x1febffc>
    80000298:	ff850513          	addi	a0,a0,-8 # 200bff8 <__heap_size+0x1febff8>
    8000029c:	0006a703          	lw	a4,0(a3)
    800002a0:	00052783          	lw	a5,0(a0)
    800002a4:	0006a583          	lw	a1,0(a3)
    800002a8:	0007061b          	sext.w	a2,a4
    800002ac:	0007879b          	sext.w	a5,a5
    800002b0:	feb716e3          	bne	a4,a1,8000029c <mtimecmp_cfg+0x24>
    800002b4:	02079793          	slli	a5,a5,0x20
    800002b8:	0207d793          	srli	a5,a5,0x20
    800002bc:	02061613          	slli	a2,a2,0x20
    800002c0:	00f66633          	or	a2,a2,a5
    800002c4:	02060613          	addi	a2,a2,32
    800002c8:	0006079b          	sext.w	a5,a2
    800002cc:	00f82023          	sw	a5,0(a6)
    800002d0:	42065613          	srai	a2,a2,0x20
    800002d4:	00c82223          	sw	a2,4(a6)
    800002d8:	00008067          	ret

00000000800002dc <handle_trap>:
    800002dc:	f14027f3          	csrr	a5,mhartid
    800002e0:	0805dc63          	bgez	a1,80000378 <handle_trap+0x9c>
    800002e4:	34402773          	csrr	a4,mip
    800002e8:	00877713          	andi	a4,a4,8
    800002ec:	00070c63          	beqz	a4,80000304 <handle_trap+0x28>
    800002f0:	00800737          	lui	a4,0x800
    800002f4:	00e787b3          	add	a5,a5,a4
    800002f8:	00279793          	slli	a5,a5,0x2
    800002fc:	0007a023          	sw	zero,0(a5)
    80000300:	00008067          	ret
    80000304:	34402773          	csrr	a4,mip
    80000308:	08077713          	andi	a4,a4,128
    8000030c:	06070a63          	beqz	a4,80000380 <handle_trap+0xa4>
    80000310:	06079e63          	bnez	a5,8000038c <handle_trap+0xb0>
    80000314:	b901a783          	lw	a5,-1136(gp) # 80007448 <timer_flags>
    80000318:	b9018713          	addi	a4,gp,-1136 # 80007448 <timer_flags>
    8000031c:	0017879b          	addiw	a5,a5,1
    80000320:	00f72023          	sw	a5,0(a4) # 800000 <__heap_size+0x7e0000>
    80000324:	00072683          	lw	a3,0(a4)
    80000328:	03100793          	li	a5,49
    8000032c:	0cd7ce63          	blt	a5,a3,80000408 <handle_trap+0x12c>
    80000330:	0200c6b7          	lui	a3,0x200c
    80000334:	0200c837          	lui	a6,0x200c
    80000338:	ffc68693          	addi	a3,a3,-4 # 200bffc <__heap_size+0x1febffc>
    8000033c:	ff880813          	addi	a6,a6,-8 # 200bff8 <__heap_size+0x1febff8>
    80000340:	0006a703          	lw	a4,0(a3)
    80000344:	00082783          	lw	a5,0(a6)
    80000348:	0006a603          	lw	a2,0(a3)
    8000034c:	0007059b          	sext.w	a1,a4
    80000350:	0007879b          	sext.w	a5,a5
    80000354:	fec716e3          	bne	a4,a2,80000340 <handle_trap+0x64>
    80000358:	02079793          	slli	a5,a5,0x20
    8000035c:	02059593          	slli	a1,a1,0x20
    80000360:	0207d793          	srli	a5,a5,0x20
    80000364:	00f5e7b3          	or	a5,a1,a5
    80000368:	02078793          	addi	a5,a5,32
    8000036c:	02004737          	lui	a4,0x2004
    80000370:	00f73023          	sd	a5,0(a4) # 2004000 <__heap_size+0x1fe4000>
    80000374:	00008067          	ret
    80000378:	00b00793          	li	a5,11
    8000037c:	00f58463          	beq	a1,a5,80000384 <handle_trap+0xa8>
    80000380:	00008067          	ret
    80000384:	00450513          	addi	a0,a0,4
    80000388:	00008067          	ret
    8000038c:	00100713          	li	a4,1
    80000390:	08e78e63          	beq	a5,a4,8000042c <handle_trap+0x150>
    80000394:	00200713          	li	a4,2
    80000398:	0ee78c63          	beq	a5,a4,80000490 <handle_trap+0x1b4>
    8000039c:	00300713          	li	a4,3
    800003a0:	fee790e3          	bne	a5,a4,80000380 <handle_trap+0xa4>
    800003a4:	b9c1a783          	lw	a5,-1124(gp) # 80007454 <timer_flags+0xc>
    800003a8:	b9018713          	addi	a4,gp,-1136 # 80007448 <timer_flags>
    800003ac:	0017879b          	addiw	a5,a5,1
    800003b0:	00f72623          	sw	a5,12(a4)
    800003b4:	00c72683          	lw	a3,12(a4)
    800003b8:	03100793          	li	a5,49
    800003bc:	14d7c863          	blt	a5,a3,8000050c <handle_trap+0x230>
    800003c0:	0200c6b7          	lui	a3,0x200c
    800003c4:	0200c837          	lui	a6,0x200c
    800003c8:	ffc68693          	addi	a3,a3,-4 # 200bffc <__heap_size+0x1febffc>
    800003cc:	ff880813          	addi	a6,a6,-8 # 200bff8 <__heap_size+0x1febff8>
    800003d0:	0006a703          	lw	a4,0(a3)
    800003d4:	00082783          	lw	a5,0(a6)
    800003d8:	0006a603          	lw	a2,0(a3)
    800003dc:	0007059b          	sext.w	a1,a4
    800003e0:	0007879b          	sext.w	a5,a5
    800003e4:	fec716e3          	bne	a4,a2,800003d0 <handle_trap+0xf4>
    800003e8:	02079793          	slli	a5,a5,0x20
    800003ec:	02059593          	slli	a1,a1,0x20
    800003f0:	0207d793          	srli	a5,a5,0x20
    800003f4:	00f5e7b3          	or	a5,a1,a5
    800003f8:	02004737          	lui	a4,0x2004
    800003fc:	02078793          	addi	a5,a5,32
    80000400:	00f73c23          	sd	a5,24(a4) # 2004018 <__heap_size+0x1fe4018>
    80000404:	00008067          	ret
    80000408:	00072703          	lw	a4,0(a4)
    8000040c:	f6e7dae3          	bge	a5,a4,80000380 <handle_trap+0xa4>
    80000410:	304027f3          	csrr	a5,mie
    80000414:	f7f7f793          	andi	a5,a5,-129
    80000418:	30479073          	csrw	mie,a5
    8000041c:	300027f3          	csrr	a5,mstatus
    80000420:	ff77f793          	andi	a5,a5,-9
    80000424:	30079073          	csrw	mstatus,a5
    80000428:	00008067          	ret
    8000042c:	b941a783          	lw	a5,-1132(gp) # 8000744c <timer_flags+0x4>
    80000430:	b9018713          	addi	a4,gp,-1136 # 80007448 <timer_flags>
    80000434:	0017879b          	addiw	a5,a5,1
    80000438:	00f72223          	sw	a5,4(a4)
    8000043c:	00472683          	lw	a3,4(a4)
    80000440:	03100793          	li	a5,49
    80000444:	0ad7c863          	blt	a5,a3,800004f4 <handle_trap+0x218>
    80000448:	0200c6b7          	lui	a3,0x200c
    8000044c:	0200c837          	lui	a6,0x200c
    80000450:	ffc68693          	addi	a3,a3,-4 # 200bffc <__heap_size+0x1febffc>
    80000454:	ff880813          	addi	a6,a6,-8 # 200bff8 <__heap_size+0x1febff8>
    80000458:	0006a703          	lw	a4,0(a3)
    8000045c:	00082783          	lw	a5,0(a6)
    80000460:	0006a603          	lw	a2,0(a3)
    80000464:	0007059b          	sext.w	a1,a4
    80000468:	0007879b          	sext.w	a5,a5
    8000046c:	fec716e3          	bne	a4,a2,80000458 <handle_trap+0x17c>
    80000470:	02079793          	slli	a5,a5,0x20
    80000474:	02059593          	slli	a1,a1,0x20
    80000478:	0207d793          	srli	a5,a5,0x20
    8000047c:	00f5e7b3          	or	a5,a1,a5
    80000480:	02004737          	lui	a4,0x2004
    80000484:	02078793          	addi	a5,a5,32
    80000488:	00f73423          	sd	a5,8(a4) # 2004008 <__heap_size+0x1fe4008>
    8000048c:	00008067          	ret
    80000490:	b981a783          	lw	a5,-1128(gp) # 80007450 <timer_flags+0x8>
    80000494:	b9018713          	addi	a4,gp,-1136 # 80007448 <timer_flags>
    80000498:	0017879b          	addiw	a5,a5,1
    8000049c:	00f72423          	sw	a5,8(a4)
    800004a0:	00872683          	lw	a3,8(a4)
    800004a4:	03100793          	li	a5,49
    800004a8:	04d7cc63          	blt	a5,a3,80000500 <handle_trap+0x224>
    800004ac:	0200c6b7          	lui	a3,0x200c
    800004b0:	0200c837          	lui	a6,0x200c
    800004b4:	ffc68693          	addi	a3,a3,-4 # 200bffc <__heap_size+0x1febffc>
    800004b8:	ff880813          	addi	a6,a6,-8 # 200bff8 <__heap_size+0x1febff8>
    800004bc:	0006a703          	lw	a4,0(a3)
    800004c0:	00082783          	lw	a5,0(a6)
    800004c4:	0006a603          	lw	a2,0(a3)
    800004c8:	0007059b          	sext.w	a1,a4
    800004cc:	0007879b          	sext.w	a5,a5
    800004d0:	fec716e3          	bne	a4,a2,800004bc <handle_trap+0x1e0>
    800004d4:	02079793          	slli	a5,a5,0x20
    800004d8:	02059593          	slli	a1,a1,0x20
    800004dc:	0207d793          	srli	a5,a5,0x20
    800004e0:	00f5e7b3          	or	a5,a1,a5
    800004e4:	02004737          	lui	a4,0x2004
    800004e8:	02078793          	addi	a5,a5,32
    800004ec:	00f73823          	sd	a5,16(a4) # 2004010 <__heap_size+0x1fe4010>
    800004f0:	00008067          	ret
    800004f4:	00472703          	lw	a4,4(a4)
    800004f8:	e8e7d4e3          	bge	a5,a4,80000380 <handle_trap+0xa4>
    800004fc:	f15ff06f          	j	80000410 <handle_trap+0x134>
    80000500:	00872703          	lw	a4,8(a4)
    80000504:	e6e7dee3          	bge	a5,a4,80000380 <handle_trap+0xa4>
    80000508:	f09ff06f          	j	80000410 <handle_trap+0x134>
    8000050c:	00c72703          	lw	a4,12(a4)
    80000510:	e6e7d8e3          	bge	a5,a4,80000380 <handle_trap+0xa4>
    80000514:	efdff06f          	j	80000410 <handle_trap+0x134>

0000000080000518 <rStartup>:
    80000518:	ff010113          	addi	sp,sp,-16
    8000051c:	00113423          	sd	ra,8(sp)
    80000520:	00813023          	sd	s0,0(sp)
    80000524:	00400593          	li	a1,4
    80000528:	3805a02b          	.word	0x3805a02b
    8000052c:	006405b7          	lui	a1,0x640
    80000530:	01258593          	addi	a1,a1,18 # 640012 <__heap_size+0x620012>
    80000534:	00200613          	li	a2,2
    80000538:	0cc5b02b          	.word	0x0cc5b02b
    8000053c:	106405b7          	lui	a1,0x10640
    80000540:	01258593          	addi	a1,a1,18 # 10640012 <__heap_size+0x10620012>
    80000544:	0cc5b02b          	.word	0x0cc5b02b
    80000548:	206405b7          	lui	a1,0x20640
    8000054c:	01258593          	addi	a1,a1,18 # 20640012 <__heap_size+0x20620012>
    80000550:	0cc5b02b          	.word	0x0cc5b02b
    80000554:	306405b7          	lui	a1,0x30640
    80000558:	01258593          	addi	a1,a1,18 # 30640012 <__heap_size+0x30620012>
    8000055c:	0cc5b02b          	.word	0x0cc5b02b
    80000560:	406405b7          	lui	a1,0x40640
    80000564:	01258593          	addi	a1,a1,18 # 40640012 <__heap_size+0x40620012>
    80000568:	0cc5b02b          	.word	0x0cc5b02b
    8000056c:	506405b7          	lui	a1,0x50640
    80000570:	01258593          	addi	a1,a1,18 # 50640012 <__heap_size+0x50620012>
    80000574:	0cc5b02b          	.word	0x0cc5b02b
    80000578:	606405b7          	lui	a1,0x60640
    8000057c:	01258593          	addi	a1,a1,18 # 60640012 <__heap_size+0x60620012>
    80000580:	0cc5b02b          	.word	0x0cc5b02b
    80000584:	20e405b7          	lui	a1,0x20e40
    80000588:	01258593          	addi	a1,a1,18 # 20e40012 <__heap_size+0x20e20012>
    8000058c:	0cc5b02b          	.word	0x0cc5b02b
    80000590:	30e405b7          	lui	a1,0x30e40
    80000594:	01258593          	addi	a1,a1,18 # 30e40012 <__heap_size+0x30e20012>
    80000598:	0cc5b02b          	.word	0x0cc5b02b
    8000059c:	40e405b7          	lui	a1,0x40e40
    800005a0:	01258593          	addi	a1,a1,18 # 40e40012 <__heap_size+0x40e20012>
    800005a4:	0cc5b02b          	.word	0x0cc5b02b
    800005a8:	02001737          	lui	a4,0x2001
    800005ac:	00671713          	slli	a4,a4,0x6
    800005b0:	00100693          	li	a3,1
    800005b4:	200007b7          	lui	a5,0x20000
    800005b8:	01270713          	addi	a4,a4,18 # 2001012 <__heap_size+0x1fe1012>
    800005bc:	10000537          	lui	a0,0x10000
    800005c0:	01f69693          	slli	a3,a3,0x1f
    800005c4:	00e7e5b3          	or	a1,a5,a4
    800005c8:	00200613          	li	a2,2
    800005cc:	0cc5b02b          	.word	0x0cc5b02b
    800005d0:	00a787b3          	add	a5,a5,a0
    800005d4:	fed798e3          	bne	a5,a3,800005c4 <rStartup+0xac>
    800005d8:	02011737          	lui	a4,0x2011
    800005dc:	00671713          	slli	a4,a4,0x6
    800005e0:	00100693          	li	a3,1
    800005e4:	200007b7          	lui	a5,0x20000
    800005e8:	01270713          	addi	a4,a4,18 # 2011012 <__heap_size+0x1ff1012>
    800005ec:	10000537          	lui	a0,0x10000
    800005f0:	01f69693          	slli	a3,a3,0x1f
    800005f4:	00e7e5b3          	or	a1,a5,a4
    800005f8:	00200613          	li	a2,2
    800005fc:	0cc5b02b          	.word	0x0cc5b02b
    80000600:	00a787b3          	add	a5,a5,a0
    80000604:	fed798e3          	bne	a5,a3,800005f4 <rStartup+0xdc>
    80000608:	046605b7          	lui	a1,0x4660
    8000060c:	02258593          	addi	a1,a1,34 # 4660022 <__heap_size+0x4640022>
    80000610:	0cc5b02b          	.word	0x0cc5b02b
    80000614:	146605b7          	lui	a1,0x14660
    80000618:	02258593          	addi	a1,a1,34 # 14660022 <__heap_size+0x14640022>
    8000061c:	0cc5b02b          	.word	0x0cc5b02b
    80000620:	246605b7          	lui	a1,0x24660
    80000624:	02258593          	addi	a1,a1,34 # 24660022 <__heap_size+0x24640022>
    80000628:	0cc5b02b          	.word	0x0cc5b02b
    8000062c:	346605b7          	lui	a1,0x34660
    80000630:	02258593          	addi	a1,a1,34 # 34660022 <__heap_size+0x34640022>
    80000634:	0cc5b02b          	.word	0x0cc5b02b
    80000638:	24e605b7          	lui	a1,0x24e60
    8000063c:	02258593          	addi	a1,a1,34 # 24e60022 <__heap_size+0x24e40022>
    80000640:	0cc5b02b          	.word	0x0cc5b02b
    80000644:	34e605b7          	lui	a1,0x34e60
    80000648:	02258593          	addi	a1,a1,34 # 34e60022 <__heap_size+0x34e40022>
    8000064c:	0cc5b02b          	.word	0x0cc5b02b
    80000650:	44e605b7          	lui	a1,0x44e60
    80000654:	02258593          	addi	a1,a1,34 # 44e60022 <__heap_size+0x44e40022>
    80000658:	0cc5b02b          	.word	0x0cc5b02b
    8000065c:	04043737          	lui	a4,0x4043
    80000660:	00571713          	slli	a4,a4,0x5
    80000664:	00100693          	li	a3,1
    80000668:	200007b7          	lui	a5,0x20000
    8000066c:	02270713          	addi	a4,a4,34 # 4043022 <__heap_size+0x4023022>
    80000670:	10000537          	lui	a0,0x10000
    80000674:	01f69693          	slli	a3,a3,0x1f
    80000678:	00e7e5b3          	or	a1,a5,a4
    8000067c:	00200613          	li	a2,2
    80000680:	0cc5b02b          	.word	0x0cc5b02b
    80000684:	00a787b3          	add	a5,a5,a0
    80000688:	fed798e3          	bne	a5,a3,80000678 <rStartup+0x160>
    8000068c:	04063737          	lui	a4,0x4063
    80000690:	00571713          	slli	a4,a4,0x5
    80000694:	00100693          	li	a3,1
    80000698:	200007b7          	lui	a5,0x20000
    8000069c:	02270713          	addi	a4,a4,34 # 4063022 <__heap_size+0x4043022>
    800006a0:	10000537          	lui	a0,0x10000
    800006a4:	01f69693          	slli	a3,a3,0x1f
    800006a8:	00e7e5b3          	or	a1,a5,a4
    800006ac:	00200613          	li	a2,2
    800006b0:	0cc5b02b          	.word	0x0cc5b02b
    800006b4:	00a787b3          	add	a5,a5,a0
    800006b8:	fed798e3          	bne	a5,a3,800006a8 <rStartup+0x190>
    800006bc:	1e6205b7          	lui	a1,0x1e620
    800006c0:	03258593          	addi	a1,a1,50 # 1e620032 <__heap_size+0x1e600032>
    800006c4:	0cc5b02b          	.word	0x0cc5b02b
    800006c8:	2e6205b7          	lui	a1,0x2e620
    800006cc:	03258593          	addi	a1,a1,50 # 2e620032 <__heap_size+0x2e600032>
    800006d0:	0cc5b02b          	.word	0x0cc5b02b
    800006d4:	3e6205b7          	lui	a1,0x3e620
    800006d8:	03258593          	addi	a1,a1,50 # 3e620032 <__heap_size+0x3e600032>
    800006dc:	0cc5b02b          	.word	0x0cc5b02b
    800006e0:	5e6205b7          	lui	a1,0x5e620
    800006e4:	03258593          	addi	a1,a1,50 # 5e620032 <__heap_size+0x5e600032>
    800006e8:	0cc5b02b          	.word	0x0cc5b02b
    800006ec:	6e6205b7          	lui	a1,0x6e620
    800006f0:	03258593          	addi	a1,a1,50 # 6e620032 <__heap_size+0x6e600032>
    800006f4:	0cc5b02b          	.word	0x0cc5b02b
    800006f8:	7e6205b7          	lui	a1,0x7e620
    800006fc:	03258593          	addi	a1,a1,50 # 7e620032 <__heap_size+0x7e600032>
    80000700:	0cc5b02b          	.word	0x0cc5b02b
    80000704:	25ea05b7          	lui	a1,0x25ea0
    80000708:	01258593          	addi	a1,a1,18 # 25ea0012 <__heap_size+0x25e80012>
    8000070c:	0cc5b02b          	.word	0x0cc5b02b
    80000710:	35ea05b7          	lui	a1,0x35ea0
    80000714:	01258593          	addi	a1,a1,18 # 35ea0012 <__heap_size+0x35e80012>
    80000718:	0cc5b02b          	.word	0x0cc5b02b
    8000071c:	102205b7          	lui	a1,0x10220
    80000720:	00458593          	addi	a1,a1,4 # 10220004 <__heap_size+0x10200004>
    80000724:	0cc5b02b          	.word	0x0cc5b02b
    80000728:	202405b7          	lui	a1,0x20240
    8000072c:	01458593          	addi	a1,a1,20 # 20240014 <__heap_size+0x20220014>
    80000730:	0cc5b02b          	.word	0x0cc5b02b
    80000734:	302605b7          	lui	a1,0x30260
    80000738:	02458593          	addi	a1,a1,36 # 30260024 <__heap_size+0x30240024>
    8000073c:	0cc5b02b          	.word	0x0cc5b02b
    80000740:	402805b7          	lui	a1,0x40280
    80000744:	03458593          	addi	a1,a1,52 # 40280034 <__heap_size+0x40260034>
    80000748:	0cc5b02b          	.word	0x0cc5b02b
    8000074c:	00001f37          	lui	t5,0x1
    80000750:	00001eb7          	lui	t4,0x1
    80000754:	00001e37          	lui	t3,0x1
    80000758:	00001337          	lui	t1,0x1
    8000075c:	000018b7          	lui	a7,0x1
    80000760:	00001837          	lui	a6,0x1
    80000764:	00001537          	lui	a0,0x1
    80000768:	08000693          	li	a3,128
    8000076c:	00000713          	li	a4,0
    80000770:	00100293          	li	t0,1
    80000774:	813f0f13          	addi	t5,t5,-2029 # 813 <__stack_align+0x803>
    80000778:	823e8e93          	addi	t4,t4,-2013 # 823 <__stack_align+0x813>
    8000077c:	833e0e13          	addi	t3,t3,-1997 # 833 <__stack_align+0x823>
    80000780:	87330313          	addi	t1,t1,-1933 # 873 <__stack_align+0x863>
    80000784:	c7388893          	addi	a7,a7,-909 # c73 <__stack_align+0xc63>
    80000788:	85380813          	addi	a6,a6,-1965 # 853 <__stack_align+0x843>
    8000078c:	c5350513          	addi	a0,a0,-941 # c53 <__stack_align+0xc43>
    80000790:	00400f93          	li	t6,4
    80000794:	00e297bb          	sllw	a5,t0,a4
    80000798:	01079793          	slli	a5,a5,0x10
    8000079c:	00d7e7b3          	or	a5,a5,a3
    800007a0:	01e7e5b3          	or	a1,a5,t5
    800007a4:	00200613          	li	a2,2
    800007a8:	0cc5b02b          	.word	0x0cc5b02b
    800007ac:	01d7e5b3          	or	a1,a5,t4
    800007b0:	0cc5b02b          	.word	0x0cc5b02b
    800007b4:	01c7e5b3          	or	a1,a5,t3
    800007b8:	0cc5b02b          	.word	0x0cc5b02b
    800007bc:	4137e593          	ori	a1,a5,1043
    800007c0:	0cc5b02b          	.word	0x0cc5b02b
    800007c4:	4237e593          	ori	a1,a5,1059
    800007c8:	0cc5b02b          	.word	0x0cc5b02b
    800007cc:	4337e593          	ori	a1,a5,1075
    800007d0:	0cc5b02b          	.word	0x0cc5b02b
    800007d4:	0067e5b3          	or	a1,a5,t1
    800007d8:	0cc5b02b          	.word	0x0cc5b02b
    800007dc:	4737e593          	ori	a1,a5,1139
    800007e0:	0cc5b02b          	.word	0x0cc5b02b
    800007e4:	0117e5b3          	or	a1,a5,a7
    800007e8:	0cc5b02b          	.word	0x0cc5b02b
    800007ec:	0107e5b3          	or	a1,a5,a6
    800007f0:	0cc5b02b          	.word	0x0cc5b02b
    800007f4:	4537e593          	ori	a1,a5,1107
    800007f8:	0cc5b02b          	.word	0x0cc5b02b
    800007fc:	00a7e5b3          	or	a1,a5,a0
    80000800:	0cc5b02b          	.word	0x0cc5b02b
    80000804:	0017071b          	addiw	a4,a4,1
    80000808:	08068693          	addi	a3,a3,128
    8000080c:	f9f714e3          	bne	a4,t6,80000794 <rStartup+0x27c>
    80000810:	00500593          	li	a1,5
    80000814:	0cc5b02b          	.word	0x0cc5b02b
    80000818:	00f00593          	li	a1,15
    8000081c:	fa05a02b          	.word	0xfa05a02b
    80000820:	fc00452b          	.word	0xfc00452b
    80000824:	b2018413          	addi	s0,gp,-1248 # 800073d8 <uart_lock>
    80000828:	00050593          	mv	a1,a0
    8000082c:	00100713          	li	a4,1
    80000830:	0ce427af          	amoswap.w.aq	a5,a4,(s0)
    80000834:	0007879b          	sext.w	a5,a5
    80000838:	fe079ce3          	bnez	a5,80000830 <rStartup+0x318>
    8000083c:	00006517          	auipc	a0,0x6
    80000840:	1d450513          	addi	a0,a0,468 # 80006a10 <__tbss_end+0xa>
    80000844:	2b1040ef          	jal	800052f4 <iprintf>
    80000848:	0a04202f          	amoswap.w.rl	zero,zero,(s0)
    8000084c:	304027f3          	csrr	a5,mie
    80000850:	0087e793          	ori	a5,a5,8
    80000854:	30479073          	csrw	mie,a5
    80000858:	300027f3          	csrr	a5,mstatus
    8000085c:	0087e793          	ori	a5,a5,8
    80000860:	30079073          	csrw	mstatus,a5
    80000864:	f14027f3          	csrr	a5,mhartid
    80000868:	00800737          	lui	a4,0x800
    8000086c:	00e787b3          	add	a5,a5,a4
    80000870:	00279793          	slli	a5,a5,0x2
    80000874:	00100713          	li	a4,1
    80000878:	00e7a023          	sw	a4,0(a5) # 20000000 <__heap_size+0x1ffe0000>
    8000087c:	3600452b          	.word	0x3600452b
    80000880:	fe050ee3          	beqz	a0,8000087c <rStartup+0x364>
    80000884:	00100593          	li	a1,1
    80000888:	2c05a02b          	.word	0x2c05a02b
    8000088c:	9edff0ef          	jal	80000278 <mtimecmp_cfg>
    80000890:	304027f3          	csrr	a5,mie
    80000894:	0807e793          	ori	a5,a5,128
    80000898:	30479073          	csrw	mie,a5
    8000089c:	6200002b          	.word	0x6200002b
    800008a0:	00100593          	li	a1,1
    800008a4:	e005a02b          	.word	0xe005a02b
    800008a8:	00100713          	li	a4,1
    800008ac:	0ce427af          	amoswap.w.aq	a5,a4,(s0)
    800008b0:	0007879b          	sext.w	a5,a5
    800008b4:	fe079ce3          	bnez	a5,800008ac <rStartup+0x394>
    800008b8:	000016b7          	lui	a3,0x1
    800008bc:	38868693          	addi	a3,a3,904 # 1388 <__stack_align+0x1378>
    800008c0:	00100613          	li	a2,1
    800008c4:	00000593          	li	a1,0
    800008c8:	00006517          	auipc	a0,0x6
    800008cc:	16850513          	addi	a0,a0,360 # 80006a30 <__tbss_end+0x2a>
    800008d0:	225040ef          	jal	800052f4 <iprintf>
    800008d4:	00006517          	auipc	a0,0x6
    800008d8:	1a450513          	addi	a0,a0,420 # 80006a78 <__tbss_end+0x72>
    800008dc:	219040ef          	jal	800052f4 <iprintf>
    800008e0:	0a04202f          	amoswap.w.rl	zero,zero,(s0)
    800008e4:	00813083          	ld	ra,8(sp)
    800008e8:	00013403          	ld	s0,0(sp)
    800008ec:	01010113          	addi	sp,sp,16
    800008f0:	00008067          	ret

00000000800008f4 <rCleanup>:
    800008f4:	00200593          	li	a1,2
    800008f8:	e005a02b          	.word	0xe005a02b
    800008fc:	01a00793          	li	a5,26
    80000900:	00000013          	nop
    80000904:	fff7879b          	addiw	a5,a5,-1
    80000908:	fe079ce3          	bnez	a5,80000900 <rCleanup+0xc>
    8000090c:	6400002b          	.word	0x6400002b
    80000910:	000207b7          	lui	a5,0x20
    80000914:	ffe78793          	addi	a5,a5,-2 # 1fffe <__stack_size+0x17ffe>
    80000918:	00000593          	li	a1,0
    8000091c:	00000613          	li	a2,0
    80000920:	0cc5f52b          	.word	0x0cc5f52b
    80000924:	fea7fae3          	bgeu	a5,a0,80000918 <rCleanup+0x24>
    80000928:	00200593          	li	a1,2
    8000092c:	2c05a02b          	.word	0x2c05a02b
    80000930:	6000002b          	.word	0x6000002b
    80000934:	00008067          	ret

0000000080000938 <__main>:
    80000938:	ff010113          	addi	sp,sp,-16
    8000093c:	00113423          	sd	ra,8(sp)
    80000940:	f14027f3          	csrr	a5,mhartid
    80000944:	00300713          	li	a4,3
    80000948:	0ae78e63          	beq	a5,a4,80000a04 <__main+0xcc>
    8000094c:	0af76263          	bltu	a4,a5,800009f0 <__main+0xb8>
    80000950:	00100713          	li	a4,1
    80000954:	04e78a63          	beq	a5,a4,800009a8 <__main+0x70>
    80000958:	00200693          	li	a3,2
    8000095c:	0ed79c63          	bne	a5,a3,80000a54 <__main+0x11c>
    80000960:	304027f3          	csrr	a5,mie
    80000964:	0087e793          	ori	a5,a5,8
    80000968:	30479073          	csrw	mie,a5
    8000096c:	300027f3          	csrr	a5,mstatus
    80000970:	0087e793          	ori	a5,a5,8
    80000974:	30079073          	csrw	mstatus,a5
    80000978:	f14027f3          	csrr	a5,mhartid
    8000097c:	008006b7          	lui	a3,0x800
    80000980:	00d787b3          	add	a5,a5,a3
    80000984:	00279793          	slli	a5,a5,0x2
    80000988:	00e7a023          	sw	a4,0(a5)
    8000098c:	8edff0ef          	jal	80000278 <mtimecmp_cfg>
    80000990:	304027f3          	csrr	a5,mie
    80000994:	0807e793          	ori	a5,a5,128
    80000998:	30479073          	csrw	mie,a5
    8000099c:	00200513          	li	a0,2
    800009a0:	0b8000ef          	jal	80000a58 <checker>
    800009a4:	0000006f          	j	800009a4 <__main+0x6c>
    800009a8:	30402773          	csrr	a4,mie
    800009ac:	00876713          	ori	a4,a4,8
    800009b0:	30471073          	csrw	mie,a4
    800009b4:	30002773          	csrr	a4,mstatus
    800009b8:	00876713          	ori	a4,a4,8
    800009bc:	30071073          	csrw	mstatus,a4
    800009c0:	f1402773          	csrr	a4,mhartid
    800009c4:	008006b7          	lui	a3,0x800
    800009c8:	00d70733          	add	a4,a4,a3
    800009cc:	00271713          	slli	a4,a4,0x2
    800009d0:	00f72023          	sw	a5,0(a4) # 800000 <__heap_size+0x7e0000>
    800009d4:	8a5ff0ef          	jal	80000278 <mtimecmp_cfg>
    800009d8:	304027f3          	csrr	a5,mie
    800009dc:	0807e793          	ori	a5,a5,128
    800009e0:	30479073          	csrw	mie,a5
    800009e4:	00100513          	li	a0,1
    800009e8:	070000ef          	jal	80000a58 <checker>
    800009ec:	fb9ff06f          	j	800009a4 <__main+0x6c>
    800009f0:	00400713          	li	a4,4
    800009f4:	04e79e63          	bne	a5,a4,80000a50 <__main+0x118>
    800009f8:	00400513          	li	a0,4
    800009fc:	05c000ef          	jal	80000a58 <checker>
    80000a00:	fa5ff06f          	j	800009a4 <__main+0x6c>
    80000a04:	304027f3          	csrr	a5,mie
    80000a08:	0087e793          	ori	a5,a5,8
    80000a0c:	30479073          	csrw	mie,a5
    80000a10:	300027f3          	csrr	a5,mstatus
    80000a14:	0087e793          	ori	a5,a5,8
    80000a18:	30079073          	csrw	mstatus,a5
    80000a1c:	f14027f3          	csrr	a5,mhartid
    80000a20:	00800737          	lui	a4,0x800
    80000a24:	00e787b3          	add	a5,a5,a4
    80000a28:	00279793          	slli	a5,a5,0x2
    80000a2c:	00100713          	li	a4,1
    80000a30:	00e7a023          	sw	a4,0(a5)
    80000a34:	845ff0ef          	jal	80000278 <mtimecmp_cfg>
    80000a38:	304027f3          	csrr	a5,mie
    80000a3c:	0807e793          	ori	a5,a5,128
    80000a40:	30479073          	csrw	mie,a5
    80000a44:	00300513          	li	a0,3
    80000a48:	010000ef          	jal	80000a58 <checker>
    80000a4c:	f59ff06f          	j	800009a4 <__main+0x6c>
    80000a50:	f55ff06f          	j	800009a4 <__main+0x6c>
    80000a54:	f51ff06f          	j	800009a4 <__main+0x6c>

0000000080000a58 <checker>:
    80000a58:	00100593          	li	a1,1
    80000a5c:	0205a02b          	.word	0x0205a02b
    80000a60:	2c05a02b          	.word	0x2c05a02b
    80000a64:	8000002b          	.word	0x8000002b
    80000a68:	a200002b          	.word	0xa200002b
    80000a6c:	000015b7          	lui	a1,0x1
    80000a70:	38858593          	addi	a1,a1,904 # 1388 <__stack_align+0x1378>
    80000a74:	f205a02b          	.word	0xf205a02b
    80000a78:	00100593          	li	a1,1
    80000a7c:	ec05a02b          	.word	0xec05a02b
    80000a80:	00000593          	li	a1,0
    80000a84:	ec05a02b          	.word	0xec05a02b
    80000a88:	02000593          	li	a1,32
    80000a8c:	ec05a02b          	.word	0xec05a02b
    80000a90:	00000593          	li	a1,0
    80000a94:	ec05a02b          	.word	0xec05a02b
    80000a98:	ea00002b          	.word	0xea00002b
    80000a9c:	e600002b          	.word	0xe600002b
    80000aa0:	c800002b          	.word	0xc800002b
    80000aa4:	00200793          	li	a5,2
    80000aa8:	00800713          	li	a4,8
    80000aac:	0100006f          	j	80000abc <checker+0x64>
    80000ab0:	c200452b          	.word	0xc200452b
    80000ab4:	01857513          	andi	a0,a0,24
    80000ab8:	04e50a63          	beq	a0,a4,80000b0c <checker+0xb4>
    80000abc:	0e00452b          	.word	0x0e00452b
    80000ac0:	fef518e3          	bne	a0,a5,80000ab0 <checker+0x58>
    80000ac4:	04000593          	li	a1,64
    80000ac8:	ec05a02b          	.word	0xec05a02b
    80000acc:	00000593          	li	a1,0
    80000ad0:	ec05a02b          	.word	0xec05a02b
    80000ad4:	e400002b          	.word	0xe400002b
    80000ad8:	c000002b          	.word	0xc000002b
    80000adc:	00000013          	nop
    80000ae0:	00000013          	nop
    80000ae4:	00000013          	nop
    80000ae8:	00000013          	nop
    80000aec:	00000013          	nop
    80000af0:	00200793          	li	a5,2
    80000af4:	0e00452b          	.word	0x0e00452b
    80000af8:	fef51ee3          	bne	a0,a5,80000af4 <checker+0x9c>
    80000afc:	8600002b          	.word	0x8600002b
    80000b00:	00200593          	li	a1,2
    80000b04:	2c05a02b          	.word	0x2c05a02b
    80000b08:	0000006f          	j	80000b08 <checker+0xb0>
    80000b0c:	c000002b          	.word	0xc000002b
    80000b10:	00001067          	.word	0x00001067
    80000b14:	fa9ff06f          	j	80000abc <checker+0x64>

0000000080000b18 <task_synthetic_malloc>:
    80000b18:	ff010113          	addi	sp,sp,-16
    80000b1c:	00813023          	sd	s0,0(sp)
    80000b20:	00050413          	mv	s0,a0
    80000b24:	08000513          	li	a0,128
    80000b28:	00113423          	sd	ra,8(sp)
    80000b2c:	352040ef          	jal	80004e7e <malloc>
    80000b30:	04050863          	beqz	a0,80000b80 <task_synthetic_malloc+0x68>
    80000b34:	0004069b          	sext.w	a3,s0
    80000b38:	00050793          	mv	a5,a0
    80000b3c:	08050613          	addi	a2,a0,128
    80000b40:	00050713          	mv	a4,a0
    80000b44:	00d72023          	sw	a3,0(a4) # 800000 <__heap_size+0x7e0000>
    80000b48:	00470713          	addi	a4,a4,4
    80000b4c:	0016869b          	addiw	a3,a3,1 # 800001 <__heap_size+0x7e0001>
    80000b50:	fec71ae3          	bne	a4,a2,80000b44 <task_synthetic_malloc+0x2c>
    80000b54:	00000413          	li	s0,0
    80000b58:	0007a703          	lw	a4,0(a5)
    80000b5c:	00478793          	addi	a5,a5,4
    80000b60:	0087043b          	addw	s0,a4,s0
    80000b64:	fec79ae3          	bne	a5,a2,80000b58 <task_synthetic_malloc+0x40>
    80000b68:	322040ef          	jal	80004e8a <free>
    80000b6c:	00813083          	ld	ra,8(sp)
    80000b70:	00040513          	mv	a0,s0
    80000b74:	00013403          	ld	s0,0(sp)
    80000b78:	01010113          	addi	sp,sp,16
    80000b7c:	00008067          	ret
    80000b80:	00006517          	auipc	a0,0x6
    80000b84:	f2850513          	addi	a0,a0,-216 # 80006aa8 <__tbss_end+0xa2>
    80000b88:	76c040ef          	jal	800052f4 <iprintf>
    80000b8c:	00000513          	li	a0,0
    80000b90:	2c8040ef          	jal	80004e58 <exit>

0000000080000b94 <initialise_board>:
    80000b94:	00000513          	li	a0,0
    80000b98:	00008067          	ret

0000000080000b9c <start_trigger>:
    80000b9c:	00000513          	li	a0,0
    80000ba0:	00008067          	ret

0000000080000ba4 <stop_trigger>:
    80000ba4:	00000513          	li	a0,0
    80000ba8:	00008067          	ret

0000000080000bac <rand_beebs>:
    80000bac:	b4018713          	addi	a4,gp,-1216 # 800073f8 <seed>
    80000bb0:	00073503          	ld	a0,0(a4)
    80000bb4:	41c657b7          	lui	a5,0x41c65
    80000bb8:	e6d78793          	addi	a5,a5,-403 # 41c64e6d <__heap_size+0x41c44e6d>
    80000bbc:	02f50533          	mul	a0,a0,a5
    80000bc0:	000037b7          	lui	a5,0x3
    80000bc4:	03978793          	addi	a5,a5,57 # 3039 <__stack_align+0x3029>
    80000bc8:	00f50533          	add	a0,a0,a5
    80000bcc:	02151513          	slli	a0,a0,0x21
    80000bd0:	02155513          	srli	a0,a0,0x21
    80000bd4:	00a73023          	sd	a0,0(a4)
    80000bd8:	01055513          	srli	a0,a0,0x10
    80000bdc:	00008067          	ret

0000000080000be0 <srand_beebs>:
    80000be0:	02051513          	slli	a0,a0,0x20
    80000be4:	02055513          	srli	a0,a0,0x20
    80000be8:	b4a1b023          	sd	a0,-1216(gp) # 800073f8 <seed>
    80000bec:	00008067          	ret

0000000080000bf0 <init_heap_beebs>:
    80000bf0:	0075f793          	andi	a5,a1,7
    80000bf4:	00079c63          	bnez	a5,80000c0c <init_heap_beebs+0x1c>
    80000bf8:	00b505b3          	add	a1,a0,a1
    80000bfc:	b2a1bc23          	sd	a0,-1224(gp) # 800073f0 <heap_ptr>
    80000c00:	b2b1b823          	sd	a1,-1232(gp) # 800073e8 <heap_end>
    80000c04:	b201b423          	sd	zero,-1240(gp) # 800073e0 <heap_requested>
    80000c08:	00008067          	ret
    80000c0c:	ff010113          	addi	sp,sp,-16
    80000c10:	00006697          	auipc	a3,0x6
    80000c14:	eb868693          	addi	a3,a3,-328 # 80006ac8 <__tbss_end+0xc2>
    80000c18:	00006617          	auipc	a2,0x6
    80000c1c:	fa860613          	addi	a2,a2,-88 # 80006bc0 <__func__.0>
    80000c20:	04100593          	li	a1,65
    80000c24:	00006517          	auipc	a0,0x6
    80000c28:	ec450513          	addi	a0,a0,-316 # 80006ae8 <__tbss_end+0xe2>
    80000c2c:	00113423          	sd	ra,8(sp)
    80000c30:	1de040ef          	jal	80004e0e <__assert_func>

0000000080000c34 <check_heap_beebs>:
    80000c34:	b281b783          	ld	a5,-1240(gp) # 800073e0 <heap_requested>
    80000c38:	00f507b3          	add	a5,a0,a5
    80000c3c:	b301b503          	ld	a0,-1232(gp) # 800073e8 <heap_end>
    80000c40:	00f53533          	sltu	a0,a0,a5
    80000c44:	00154513          	xori	a0,a0,1
    80000c48:	00008067          	ret

0000000080000c4c <malloc_beebs>:
    80000c4c:	00050793          	mv	a5,a0
    80000c50:	04050a63          	beqz	a0,80000ca4 <malloc_beebs+0x58>
    80000c54:	b3818613          	addi	a2,gp,-1224 # 800073f0 <heap_ptr>
    80000c58:	00063503          	ld	a0,0(a2)
    80000c5c:	b2818693          	addi	a3,gp,-1240 # 800073e0 <heap_requested>
    80000c60:	0006b583          	ld	a1,0(a3)
    80000c64:	00f50733          	add	a4,a0,a5
    80000c68:	00777813          	andi	a6,a4,7
    80000c6c:	00b787b3          	add	a5,a5,a1
    80000c70:	00081c63          	bnez	a6,80000c88 <malloc_beebs+0x3c>
    80000c74:	00f6b023          	sd	a5,0(a3)
    80000c78:	b301b783          	ld	a5,-1232(gp) # 800073e8 <heap_end>
    80000c7c:	02e7e463          	bltu	a5,a4,80000ca4 <malloc_beebs+0x58>
    80000c80:	00e63023          	sd	a4,0(a2)
    80000c84:	00008067          	ret
    80000c88:	00800593          	li	a1,8
    80000c8c:	410585b3          	sub	a1,a1,a6
    80000c90:	00b787b3          	add	a5,a5,a1
    80000c94:	00f6b023          	sd	a5,0(a3)
    80000c98:	00b70733          	add	a4,a4,a1
    80000c9c:	b301b783          	ld	a5,-1232(gp) # 800073e8 <heap_end>
    80000ca0:	fee7f0e3          	bgeu	a5,a4,80000c80 <malloc_beebs+0x34>
    80000ca4:	00000513          	li	a0,0
    80000ca8:	00008067          	ret

0000000080000cac <calloc_beebs>:
    80000cac:	02b50633          	mul	a2,a0,a1
    80000cb0:	06060a63          	beqz	a2,80000d24 <calloc_beebs+0x78>
    80000cb4:	b3818513          	addi	a0,gp,-1224 # 800073f0 <heap_ptr>
    80000cb8:	00053783          	ld	a5,0(a0)
    80000cbc:	b2818593          	addi	a1,gp,-1240 # 800073e0 <heap_requested>
    80000cc0:	0005b703          	ld	a4,0(a1)
    80000cc4:	00c786b3          	add	a3,a5,a2
    80000cc8:	0076f893          	andi	a7,a3,7
    80000ccc:	00e60733          	add	a4,a2,a4
    80000cd0:	02089c63          	bnez	a7,80000d08 <calloc_beebs+0x5c>
    80000cd4:	00e5b023          	sd	a4,0(a1)
    80000cd8:	b301b703          	ld	a4,-1232(gp) # 800073e8 <heap_end>
    80000cdc:	04d76463          	bltu	a4,a3,80000d24 <calloc_beebs+0x78>
    80000ce0:	00d53023          	sd	a3,0(a0)
    80000ce4:	04078263          	beqz	a5,80000d28 <calloc_beebs+0x7c>
    80000ce8:	ff010113          	addi	sp,sp,-16
    80000cec:	00000593          	li	a1,0
    80000cf0:	00078513          	mv	a0,a5
    80000cf4:	00113423          	sd	ra,8(sp)
    80000cf8:	09d040ef          	jal	80005594 <memset>
    80000cfc:	00813083          	ld	ra,8(sp)
    80000d00:	01010113          	addi	sp,sp,16
    80000d04:	00008067          	ret
    80000d08:	00800813          	li	a6,8
    80000d0c:	41180833          	sub	a6,a6,a7
    80000d10:	01070733          	add	a4,a4,a6
    80000d14:	00e5b023          	sd	a4,0(a1)
    80000d18:	010686b3          	add	a3,a3,a6
    80000d1c:	b301b703          	ld	a4,-1232(gp) # 800073e8 <heap_end>
    80000d20:	fcd770e3          	bgeu	a4,a3,80000ce0 <calloc_beebs+0x34>
    80000d24:	00000793          	li	a5,0
    80000d28:	00078513          	mv	a0,a5
    80000d2c:	00008067          	ret

0000000080000d30 <realloc_beebs>:
    80000d30:	06050c63          	beqz	a0,80000da8 <realloc_beebs+0x78>
    80000d34:	fe010113          	addi	sp,sp,-32
    80000d38:	00813823          	sd	s0,16(sp)
    80000d3c:	00050413          	mv	s0,a0
    80000d40:	00058513          	mv	a0,a1
    80000d44:	00913423          	sd	s1,8(sp)
    80000d48:	00113c23          	sd	ra,24(sp)
    80000d4c:	00058493          	mv	s1,a1
    80000d50:	efdff0ef          	jal	80000c4c <malloc_beebs>
    80000d54:	02050e63          	beqz	a0,80000d90 <realloc_beebs+0x60>
    80000d58:	00040793          	mv	a5,s0
    80000d5c:	00050713          	mv	a4,a0
    80000d60:	00940633          	add	a2,s0,s1
    80000d64:	00048c63          	beqz	s1,80000d7c <realloc_beebs+0x4c>
    80000d68:	0007c683          	lbu	a3,0(a5)
    80000d6c:	00178793          	addi	a5,a5,1
    80000d70:	00170713          	addi	a4,a4,1
    80000d74:	fed70fa3          	sb	a3,-1(a4)
    80000d78:	fec798e3          	bne	a5,a2,80000d68 <realloc_beebs+0x38>
    80000d7c:	01813083          	ld	ra,24(sp)
    80000d80:	01013403          	ld	s0,16(sp)
    80000d84:	00813483          	ld	s1,8(sp)
    80000d88:	02010113          	addi	sp,sp,32
    80000d8c:	00008067          	ret
    80000d90:	01813083          	ld	ra,24(sp)
    80000d94:	01013403          	ld	s0,16(sp)
    80000d98:	00813483          	ld	s1,8(sp)
    80000d9c:	00000513          	li	a0,0
    80000da0:	02010113          	addi	sp,sp,32
    80000da4:	00008067          	ret
    80000da8:	00000513          	li	a0,0
    80000dac:	00008067          	ret

0000000080000db0 <free_beebs>:
    80000db0:	00008067          	ret

0000000080000db4 <benchmark_body>:
    80000db4:	2aa05c63          	blez	a0,8000106c <benchmark_body+0x2b8>
    80000db8:	dc010113          	addi	sp,sp,-576
    80000dbc:	22913423          	sd	s1,552(sp)
    80000dc0:	21313c23          	sd	s3,536(sp)
    80000dc4:	21413823          	sd	s4,528(sp)
    80000dc8:	21513423          	sd	s5,520(sp)
    80000dcc:	21613023          	sd	s6,512(sp)
    80000dd0:	1f713c23          	sd	s7,504(sp)
    80000dd4:	1f813823          	sd	s8,496(sp)
    80000dd8:	1d213c27          	fsd	fs2,472(sp)
    80000ddc:	1d313827          	fsd	fs3,464(sp)
    80000de0:	1d413427          	fsd	fs4,456(sp)
    80000de4:	1d513027          	fsd	fs5,448(sp)
    80000de8:	1b613c27          	fsd	fs6,440(sp)
    80000dec:	1b713827          	fsd	fs7,432(sp)
    80000df0:	1b813427          	fsd	fs8,424(sp)
    80000df4:	1b913027          	fsd	fs9,416(sp)
    80000df8:	19a13c27          	fsd	fs10,408(sp)
    80000dfc:	19b13827          	fsd	fs11,400(sp)
    80000e00:	22113c23          	sd	ra,568(sp)
    80000e04:	22813823          	sd	s0,560(sp)
    80000e08:	23213023          	sd	s2,544(sp)
    80000e0c:	1e813427          	fsd	fs0,488(sp)
    80000e10:	1e913027          	fsd	fs1,480(sp)
    80000e14:	00050a93          	mv	s5,a0
    80000e18:	00000a13          	li	s4,0
    80000e1c:	00006797          	auipc	a5,0x6
    80000e20:	2cc7bc07          	fld	fs8,716(a5) # 800070e8 <__atexit_dummy+0x18>
    80000e24:	00006797          	auipc	a5,0x6
    80000e28:	2cc7bd87          	fld	fs11,716(a5) # 800070f0 <__atexit_dummy+0x20>
    80000e2c:	00006797          	auipc	a5,0x6
    80000e30:	2cc7bd07          	fld	fs10,716(a5) # 800070f8 <__atexit_dummy+0x28>
    80000e34:	00006797          	auipc	a5,0x6
    80000e38:	2ac7b907          	fld	fs2,684(a5) # 800070e0 <__atexit_dummy+0x10>
    80000e3c:	b5418c13          	addi	s8,gp,-1196 # 8000740c <soln_cnt0>
    80000e40:	ba018993          	addi	s3,gp,-1120 # 80007458 <res0>
    80000e44:	00006797          	auipc	a5,0x6
    80000e48:	2bc7bc87          	fld	fs9,700(a5) # 80007100 <__atexit_dummy+0x30>
    80000e4c:	b5018b93          	addi	s7,gp,-1200 # 80007408 <soln_cnt1>
    80000e50:	b4818b13          	addi	s6,gp,-1208 # 80007400 <res1>
    80000e54:	00006797          	auipc	a5,0x6
    80000e58:	2e47bb07          	fld	fs6,740(a5) # 80007138 <__atexit_dummy+0x68>
    80000e5c:	00006797          	auipc	a5,0x6
    80000e60:	2e47ba87          	fld	fs5,740(a5) # 80007140 <__atexit_dummy+0x70>
    80000e64:	00006797          	auipc	a5,0x6
    80000e68:	2e47ba07          	fld	fs4,740(a5) # 80007148 <__atexit_dummy+0x78>
    80000e6c:	00006797          	auipc	a5,0x6
    80000e70:	2e47b987          	fld	fs3,740(a5) # 80007150 <__atexit_dummy+0x80>
    80000e74:	00006797          	auipc	a5,0x6
    80000e78:	2647bb87          	fld	fs7,612(a5) # 800070d8 <__atexit_dummy+0x8>
    80000e7c:	00100493          	li	s1,1
    80000e80:	18000613          	li	a2,384
    80000e84:	00000593          	li	a1,0
    80000e88:	01010513          	addi	a0,sp,16
    80000e8c:	708040ef          	jal	80005594 <memset>
    80000e90:	238c06d3          	fmv.d	fa3,fs8
    80000e94:	23bd8653          	fmv.d	fa2,fs11
    80000e98:	23ad05d3          	fmv.d	fa1,fs10
    80000e9c:	23290553          	fmv.d	fa0,fs2
    80000ea0:	01010593          	addi	a1,sp,16
    80000ea4:	00c10513          	addi	a0,sp,12
    80000ea8:	270000ef          	jal	80001118 <SolveCubic>
    80000eac:	00c12783          	lw	a5,12(sp)
    80000eb0:	00006717          	auipc	a4,0x6
    80000eb4:	25870713          	addi	a4,a4,600 # 80007108 <__atexit_dummy+0x38>
    80000eb8:	00073587          	fld	fa1,0(a4)
    80000ebc:	00fc2023          	sw	a5,0(s8)
    80000ec0:	01013783          	ld	a5,16(sp)
    80000ec4:	238c06d3          	fmv.d	fa3,fs8
    80000ec8:	239c8653          	fmv.d	fa2,fs9
    80000ecc:	00f9b023          	sd	a5,0(s3)
    80000ed0:	01813783          	ld	a5,24(sp)
    80000ed4:	23290553          	fmv.d	fa0,fs2
    80000ed8:	01010593          	addi	a1,sp,16
    80000edc:	00f9b423          	sd	a5,8(s3)
    80000ee0:	02013783          	ld	a5,32(sp)
    80000ee4:	00c10513          	addi	a0,sp,12
    80000ee8:	232904d3          	fmv.d	fs1,fs2
    80000eec:	00f9b823          	sd	a5,16(s3)
    80000ef0:	228000ef          	jal	80001118 <SolveCubic>
    80000ef4:	00006717          	auipc	a4,0x6
    80000ef8:	21c70713          	addi	a4,a4,540 # 80007110 <__atexit_dummy+0x40>
    80000efc:	00073687          	fld	fa3,0(a4)
    80000f00:	00006717          	auipc	a4,0x6
    80000f04:	21870713          	addi	a4,a4,536 # 80007118 <__atexit_dummy+0x48>
    80000f08:	00073607          	fld	fa2,0(a4)
    80000f0c:	00006717          	auipc	a4,0x6
    80000f10:	21470713          	addi	a4,a4,532 # 80007120 <__atexit_dummy+0x50>
    80000f14:	00c12783          	lw	a5,12(sp)
    80000f18:	00073587          	fld	fa1,0(a4)
    80000f1c:	01013787          	fld	fa5,16(sp)
    80000f20:	23290553          	fmv.d	fa0,fs2
    80000f24:	01010593          	addi	a1,sp,16
    80000f28:	00c10513          	addi	a0,sp,12
    80000f2c:	00fba023          	sw	a5,0(s7)
    80000f30:	00fb3027          	fsd	fa5,0(s6)
    80000f34:	1e4000ef          	jal	80001118 <SolveCubic>
    80000f38:	00006797          	auipc	a5,0x6
    80000f3c:	1f078793          	addi	a5,a5,496 # 80007128 <__atexit_dummy+0x58>
    80000f40:	0007b687          	fld	fa3,0(a5)
    80000f44:	00006797          	auipc	a5,0x6
    80000f48:	1ec78793          	addi	a5,a5,492 # 80007130 <__atexit_dummy+0x60>
    80000f4c:	23290653          	fmv.d	fa2,fs2
    80000f50:	0007b587          	fld	fa1,0(a5)
    80000f54:	23290553          	fmv.d	fa0,fs2
    80000f58:	01010593          	addi	a1,sp,16
    80000f5c:	00c10513          	addi	a0,sp,12
    80000f60:	1b8000ef          	jal	80001118 <SolveCubic>
    80000f64:	00200913          	li	s2,2
    80000f68:	237b8453          	fmv.d	fs0,fs7
    80000f6c:	00200413          	li	s0,2
    80000f70:	228405d3          	fmv.d	fa1,fs0
    80000f74:	236b06d3          	fmv.d	fa3,fs6
    80000f78:	235a8653          	fmv.d	fa2,fs5
    80000f7c:	22948553          	fmv.d	fa0,fs1
    80000f80:	01010593          	addi	a1,sp,16
    80000f84:	00c10513          	addi	a0,sp,12
    80000f88:	190000ef          	jal	80001118 <SolveCubic>
    80000f8c:	228405d3          	fmv.d	fa1,fs0
    80000f90:	234a06d3          	fmv.d	fa3,fs4
    80000f94:	235a8653          	fmv.d	fa2,fs5
    80000f98:	22948553          	fmv.d	fa0,fs1
    80000f9c:	01010593          	addi	a1,sp,16
    80000fa0:	00c10513          	addi	a0,sp,12
    80000fa4:	174000ef          	jal	80001118 <SolveCubic>
    80000fa8:	228405d3          	fmv.d	fa1,fs0
    80000fac:	236b06d3          	fmv.d	fa3,fs6
    80000fb0:	23398653          	fmv.d	fa2,fs3
    80000fb4:	22948553          	fmv.d	fa0,fs1
    80000fb8:	01010593          	addi	a1,sp,16
    80000fbc:	00c10513          	addi	a0,sp,12
    80000fc0:	158000ef          	jal	80001118 <SolveCubic>
    80000fc4:	228405d3          	fmv.d	fa1,fs0
    80000fc8:	234a06d3          	fmv.d	fa3,fs4
    80000fcc:	23398653          	fmv.d	fa2,fs3
    80000fd0:	22948553          	fmv.d	fa0,fs1
    80000fd4:	01010593          	addi	a1,sp,16
    80000fd8:	00c10513          	addi	a0,sp,12
    80000fdc:	13c000ef          	jal	80001118 <SolveCubic>
    80000fe0:	0b247453          	fsub.d	fs0,fs0,fs2
    80000fe4:	00940663          	beq	s0,s1,80000ff0 <benchmark_body+0x23c>
    80000fe8:	00100413          	li	s0,1
    80000fec:	f85ff06f          	j	80000f70 <benchmark_body+0x1bc>
    80000ff0:	0324f4d3          	fadd.d	fs1,fs1,fs2
    80000ff4:	00990663          	beq	s2,s1,80001000 <benchmark_body+0x24c>
    80000ff8:	00100913          	li	s2,1
    80000ffc:	f6dff06f          	j	80000f68 <benchmark_body+0x1b4>
    80001000:	001a0a1b          	addiw	s4,s4,1
    80001004:	e74a9ee3          	bne	s5,s4,80000e80 <benchmark_body+0xcc>
    80001008:	23813083          	ld	ra,568(sp)
    8000100c:	23013403          	ld	s0,560(sp)
    80001010:	22813483          	ld	s1,552(sp)
    80001014:	22013903          	ld	s2,544(sp)
    80001018:	21813983          	ld	s3,536(sp)
    8000101c:	21013a03          	ld	s4,528(sp)
    80001020:	20813a83          	ld	s5,520(sp)
    80001024:	20013b03          	ld	s6,512(sp)
    80001028:	1f813b83          	ld	s7,504(sp)
    8000102c:	1f013c03          	ld	s8,496(sp)
    80001030:	1e813407          	fld	fs0,488(sp)
    80001034:	1e013487          	fld	fs1,480(sp)
    80001038:	1d813907          	fld	fs2,472(sp)
    8000103c:	1d013987          	fld	fs3,464(sp)
    80001040:	1c813a07          	fld	fs4,456(sp)
    80001044:	1c013a87          	fld	fs5,448(sp)
    80001048:	1b813b07          	fld	fs6,440(sp)
    8000104c:	1b013b87          	fld	fs7,432(sp)
    80001050:	1a813c07          	fld	fs8,424(sp)
    80001054:	1a013c87          	fld	fs9,416(sp)
    80001058:	19813d07          	fld	fs10,408(sp)
    8000105c:	19013d87          	fld	fs11,400(sp)
    80001060:	00000513          	li	a0,0
    80001064:	24010113          	addi	sp,sp,576
    80001068:	00008067          	ret
    8000106c:	00000513          	li	a0,0
    80001070:	00008067          	ret

0000000080001074 <verify_benchmark>:
    80001074:	b541a703          	lw	a4,-1196(gp) # 8000740c <soln_cnt0>
    80001078:	00300793          	li	a5,3
    8000107c:	00000513          	li	a0,0
    80001080:	00f70463          	beq	a4,a5,80001088 <verify_benchmark+0x14>
    80001084:	00008067          	ret
    80001088:	ba018793          	addi	a5,gp,-1120 # 80007458 <res0>
    8000108c:	0007b687          	fld	fa3,0(a5)
    80001090:	00006717          	auipc	a4,0x6
    80001094:	0c873787          	fld	fa5,200(a4) # 80007158 <__atexit_dummy+0x88>
    80001098:	00006717          	auipc	a4,0x6
    8000109c:	0c873707          	fld	fa4,200(a4) # 80007160 <__atexit_dummy+0x90>
    800010a0:	0ad7f7d3          	fsub.d	fa5,fa5,fa3
    800010a4:	22f7a7d3          	fabs.d	fa5,fa5
    800010a8:	a2e79753          	flt.d	a4,fa5,fa4
    800010ac:	fc070ce3          	beqz	a4,80001084 <verify_benchmark+0x10>
    800010b0:	0087b687          	fld	fa3,8(a5)
    800010b4:	00006717          	auipc	a4,0x6
    800010b8:	0b473787          	fld	fa5,180(a4) # 80007168 <__atexit_dummy+0x98>
    800010bc:	0ad7f7d3          	fsub.d	fa5,fa5,fa3
    800010c0:	22f7a7d3          	fabs.d	fa5,fa5
    800010c4:	a2e79753          	flt.d	a4,fa5,fa4
    800010c8:	fa070ee3          	beqz	a4,80001084 <verify_benchmark+0x10>
    800010cc:	0107b787          	fld	fa5,16(a5)
    800010d0:	00006797          	auipc	a5,0x6
    800010d4:	0a07b687          	fld	fa3,160(a5) # 80007170 <__atexit_dummy+0xa0>
    800010d8:	0af6f7d3          	fsub.d	fa5,fa3,fa5
    800010dc:	22f7a7d3          	fabs.d	fa5,fa5
    800010e0:	a2e797d3          	flt.d	a5,fa5,fa4
    800010e4:	fa0780e3          	beqz	a5,80001084 <verify_benchmark+0x10>
    800010e8:	b501a703          	lw	a4,-1200(gp) # 80007408 <soln_cnt1>
    800010ec:	00100793          	li	a5,1
    800010f0:	f8f71ae3          	bne	a4,a5,80001084 <verify_benchmark+0x10>
    800010f4:	b481b787          	fld	fa5,-1208(gp) # 80007400 <res1>
    800010f8:	0af6f7d3          	fsub.d	fa5,fa3,fa5
    800010fc:	22f7a7d3          	fabs.d	fa5,fa5
    80001100:	a2e79553          	flt.d	a0,fa5,fa4
    80001104:	00008067          	ret

0000000080001108 <initialise_benchmark>:
    80001108:	00008067          	ret

000000008000110c <warm_caches>:
    8000110c:	ca9ff06f          	j	80000db4 <benchmark_body>

0000000080001110 <benchmark>:
    80001110:	00a00513          	li	a0,10
    80001114:	ca1ff06f          	j	80000db4 <benchmark_body>

0000000080001118 <SolveCubic>:
    80001118:	f7010113          	addi	sp,sp,-144
    8000111c:	02913027          	fsd	fs1,32(sp)
    80001120:	1aa5f4d3          	fdiv.d	fs1,fa1,fa0
    80001124:	02813427          	fsd	fs0,40(sp)
    80001128:	22a50453          	fmv.d	fs0,fa0
    8000112c:	01313827          	fsd	fs3,16(sp)
    80001130:	22c609d3          	fmv.d	fs3,fa2
    80001134:	08113423          	sd	ra,136(sp)
    80001138:	08813023          	sd	s0,128(sp)
    8000113c:	06913c23          	sd	s1,120(sp)
    80001140:	07213823          	sd	s2,112(sp)
    80001144:	07313423          	sd	s3,104(sp)
    80001148:	07413023          	sd	s4,96(sp)
    8000114c:	05513c23          	sd	s5,88(sp)
    80001150:	05613823          	sd	s6,80(sp)
    80001154:	05713423          	sd	s7,72(sp)
    80001158:	05813023          	sd	s8,64(sp)
    8000115c:	03913c23          	sd	s9,56(sp)
    80001160:	03a13823          	sd	s10,48(sp)
    80001164:	01213c27          	fsd	fs2,24(sp)
    80001168:	00050d13          	mv	s10,a0
    8000116c:	22d68953          	fmv.d	fs2,fa3
    80001170:	22948553          	fmv.d	fa0,fs1
    80001174:	00058b93          	mv	s7,a1
    80001178:	00006c17          	auipc	s8,0x6
    8000117c:	a58c0c13          	addi	s8,s8,-1448 # 80006bd0 <__func__.0+0x10>
    80001180:	173030ef          	jal	80004af2 <__extenddftf2>
    80001184:	1a89f553          	fdiv.d	fa0,fs3,fs0
    80001188:	00050493          	mv	s1,a0
    8000118c:	00058413          	mv	s0,a1
    80001190:	00006b17          	auipc	s6,0x6
    80001194:	a50b0b13          	addi	s6,s6,-1456 # 80006be0 <__func__.0+0x20>
    80001198:	f20009d3          	fmv.d.x	fs3,zero
    8000119c:	157030ef          	jal	80004af2 <__extenddftf2>
    800011a0:	00050a93          	mv	s5,a0
    800011a4:	00058a13          	mv	s4,a1
    800011a8:	00048613          	mv	a2,s1
    800011ac:	00040693          	mv	a3,s0
    800011b0:	00048513          	mv	a0,s1
    800011b4:	00040593          	mv	a1,s0
    800011b8:	373020ef          	jal	80003d2a <__multf3>
    800011bc:	000c3603          	ld	a2,0(s8)
    800011c0:	008c3683          	ld	a3,8(s8)
    800011c4:	00050993          	mv	s3,a0
    800011c8:	00058913          	mv	s2,a1
    800011cc:	000a8513          	mv	a0,s5
    800011d0:	000a0593          	mv	a1,s4
    800011d4:	357020ef          	jal	80003d2a <__multf3>
    800011d8:	00050613          	mv	a2,a0
    800011dc:	00058693          	mv	a3,a1
    800011e0:	00098513          	mv	a0,s3
    800011e4:	00090593          	mv	a1,s2
    800011e8:	138030ef          	jal	80004320 <__subtf3>
    800011ec:	000b3603          	ld	a2,0(s6)
    800011f0:	008b3683          	ld	a3,8(s6)
    800011f4:	40c020ef          	jal	80003600 <__divtf3>
    800011f8:	00050993          	mv	s3,a0
    800011fc:	00058913          	mv	s2,a1
    80001200:	00048613          	mv	a2,s1
    80001204:	00040693          	mv	a3,s0
    80001208:	00048513          	mv	a0,s1
    8000120c:	00040593          	mv	a1,s0
    80001210:	409010ef          	jal	80002e18 <__addtf3>
    80001214:	00048613          	mv	a2,s1
    80001218:	00040693          	mv	a3,s0
    8000121c:	30f020ef          	jal	80003d2a <__multf3>
    80001220:	00048613          	mv	a2,s1
    80001224:	00040693          	mv	a3,s0
    80001228:	303020ef          	jal	80003d2a <__multf3>
    8000122c:	000b3603          	ld	a2,0(s6)
    80001230:	008b3683          	ld	a3,8(s6)
    80001234:	00050c93          	mv	s9,a0
    80001238:	00058b13          	mv	s6,a1
    8000123c:	00048513          	mv	a0,s1
    80001240:	00040593          	mv	a1,s0
    80001244:	2e7020ef          	jal	80003d2a <__multf3>
    80001248:	000a8613          	mv	a2,s5
    8000124c:	000a0693          	mv	a3,s4
    80001250:	2db020ef          	jal	80003d2a <__multf3>
    80001254:	00050613          	mv	a2,a0
    80001258:	00058693          	mv	a3,a1
    8000125c:	000c8513          	mv	a0,s9
    80001260:	000b0593          	mv	a1,s6
    80001264:	0bc030ef          	jal	80004320 <__subtf3>
    80001268:	1a897553          	fdiv.d	fa0,fs2,fs0
    8000126c:	00050a93          	mv	s5,a0
    80001270:	00058a13          	mv	s4,a1
    80001274:	07f030ef          	jal	80004af2 <__extenddftf2>
    80001278:	00006797          	auipc	a5,0x6
    8000127c:	97878793          	addi	a5,a5,-1672 # 80006bf0 <__func__.0+0x30>
    80001280:	0007b603          	ld	a2,0(a5)
    80001284:	0087b683          	ld	a3,8(a5)
    80001288:	2a3020ef          	jal	80003d2a <__multf3>
    8000128c:	00050613          	mv	a2,a0
    80001290:	00058693          	mv	a3,a1
    80001294:	000a8513          	mv	a0,s5
    80001298:	000a0593          	mv	a1,s4
    8000129c:	37d010ef          	jal	80002e18 <__addtf3>
    800012a0:	00006797          	auipc	a5,0x6
    800012a4:	96078793          	addi	a5,a5,-1696 # 80006c00 <__func__.0+0x40>
    800012a8:	0007b603          	ld	a2,0(a5)
    800012ac:	0087b683          	ld	a3,8(a5)
    800012b0:	350020ef          	jal	80003600 <__divtf3>
    800012b4:	00050a93          	mv	s5,a0
    800012b8:	00058a13          	mv	s4,a1
    800012bc:	00098613          	mv	a2,s3
    800012c0:	00090693          	mv	a3,s2
    800012c4:	00098513          	mv	a0,s3
    800012c8:	00090593          	mv	a1,s2
    800012cc:	25f020ef          	jal	80003d2a <__multf3>
    800012d0:	00098613          	mv	a2,s3
    800012d4:	00090693          	mv	a3,s2
    800012d8:	253020ef          	jal	80003d2a <__multf3>
    800012dc:	00050c93          	mv	s9,a0
    800012e0:	00058b13          	mv	s6,a1
    800012e4:	000a8613          	mv	a2,s5
    800012e8:	000a0693          	mv	a3,s4
    800012ec:	000a8513          	mv	a0,s5
    800012f0:	000a0593          	mv	a1,s4
    800012f4:	237020ef          	jal	80003d2a <__multf3>
    800012f8:	000c8613          	mv	a2,s9
    800012fc:	000b0693          	mv	a3,s6
    80001300:	020030ef          	jal	80004320 <__subtf3>
    80001304:	0af030ef          	jal	80004bb2 <__trunctfdf2>
    80001308:	22a50453          	fmv.d	fs0,fa0
    8000130c:	000a8513          	mv	a0,s5
    80001310:	000a0593          	mv	a1,s4
    80001314:	09f030ef          	jal	80004bb2 <__trunctfdf2>
    80001318:	a33407d3          	fle.d	a5,fs0,fs3
    8000131c:	22a50953          	fmv.d	fs2,fa0
    80001320:	0a079a63          	bnez	a5,800013d4 <SolveCubic+0x2bc>
    80001324:	5a047453          	fsqrt.d	fs0,fs0
    80001328:	22a52553          	fabs.d	fa0,fa0
    8000132c:	00100793          	li	a5,1
    80001330:	00fd2023          	sw	a5,0(s10)
    80001334:	00006797          	auipc	a5,0x6
    80001338:	e5c7b587          	fld	fa1,-420(a5) # 80007190 <__atexit_dummy+0xc0>
    8000133c:	02857553          	fadd.d	fa0,fa0,fs0
    80001340:	2d6000ef          	jal	80001616 <pow>
    80001344:	22a50953          	fmv.d	fs2,fa0
    80001348:	00098513          	mv	a0,s3
    8000134c:	00090593          	mv	a1,s2
    80001350:	063030ef          	jal	80004bb2 <__trunctfdf2>
    80001354:	1b257453          	fdiv.d	fs0,fa0,fs2
    80001358:	00000613          	li	a2,0
    8000135c:	00000693          	li	a3,0
    80001360:	000a8513          	mv	a0,s5
    80001364:	000a0593          	mv	a1,s4
    80001368:	03247453          	fadd.d	fs0,fs0,fs2
    8000136c:	121020ef          	jal	80003c8c <__letf2>
    80001370:	00054463          	bltz	a0,80001378 <SolveCubic+0x260>
    80001374:	22841453          	fneg.d	fs0,fs0
    80001378:	00006797          	auipc	a5,0x6
    8000137c:	e007b787          	fld	fa5,-512(a5) # 80007178 <__atexit_dummy+0xa8>
    80001380:	1af4f4d3          	fdiv.d	fs1,fs1,fa5
    80001384:	0a947453          	fsub.d	fs0,fs0,fs1
    80001388:	008bb027          	fsd	fs0,0(s7)
    8000138c:	08813083          	ld	ra,136(sp)
    80001390:	08013403          	ld	s0,128(sp)
    80001394:	07813483          	ld	s1,120(sp)
    80001398:	07013903          	ld	s2,112(sp)
    8000139c:	06813983          	ld	s3,104(sp)
    800013a0:	06013a03          	ld	s4,96(sp)
    800013a4:	05813a83          	ld	s5,88(sp)
    800013a8:	05013b03          	ld	s6,80(sp)
    800013ac:	04813b83          	ld	s7,72(sp)
    800013b0:	04013c03          	ld	s8,64(sp)
    800013b4:	03813c83          	ld	s9,56(sp)
    800013b8:	03013d03          	ld	s10,48(sp)
    800013bc:	02813407          	fld	fs0,40(sp)
    800013c0:	02013487          	fld	fs1,32(sp)
    800013c4:	01813907          	fld	fs2,24(sp)
    800013c8:	01013987          	fld	fs3,16(sp)
    800013cc:	09010113          	addi	sp,sp,144
    800013d0:	00008067          	ret
    800013d4:	00300793          	li	a5,3
    800013d8:	00fd2023          	sw	a5,0(s10)
    800013dc:	000c8513          	mv	a0,s9
    800013e0:	000b0593          	mv	a1,s6
    800013e4:	7ce030ef          	jal	80004bb2 <__trunctfdf2>
    800013e8:	00102773          	frflags	a4
    800013ec:	a33517d3          	flt.d	a5,fa0,fs3
    800013f0:	00171073          	fsflags	a4
    800013f4:	0e079c63          	bnez	a5,800014ec <SolveCubic+0x3d4>
    800013f8:	5a057553          	fsqrt.d	fa0,fa0
    800013fc:	1aa97553          	fdiv.d	fa0,fs2,fa0
    80001400:	1bc000ef          	jal	800015bc <acos>
    80001404:	00098513          	mv	a0,s3
    80001408:	00090593          	mv	a1,s2
    8000140c:	22a504d3          	fmv.d	fs1,fa0
    80001410:	7a2030ef          	jal	80004bb2 <__trunctfdf2>
    80001414:	22a50453          	fmv.d	fs0,fa0
    80001418:	00102773          	frflags	a4
    8000141c:	f20007d3          	fmv.d.x	fa5,zero
    80001420:	a2f517d3          	flt.d	a5,fa0,fa5
    80001424:	00171073          	fsflags	a4
    80001428:	0c079663          	bnez	a5,800014f4 <SolveCubic+0x3dc>
    8000142c:	5a057453          	fsqrt.d	fs0,fa0
    80001430:	00006797          	auipc	a5,0x6
    80001434:	d487b907          	fld	fs2,-696(a5) # 80007178 <__atexit_dummy+0xa8>
    80001438:	00006797          	auipc	a5,0x6
    8000143c:	d107b787          	fld	fa5,-752(a5) # 80007148 <__atexit_dummy+0x78>
    80001440:	1b24f553          	fdiv.d	fa0,fs1,fs2
    80001444:	12f47453          	fmul.d	fs0,fs0,fa5
    80001448:	2b8000ef          	jal	80001700 <cos>
    8000144c:	000c3603          	ld	a2,0(s8)
    80001450:	008c3683          	ld	a3,8(s8)
    80001454:	22a509d3          	fmv.d	fs3,fa0
    80001458:	00048513          	mv	a0,s1
    8000145c:	00040593          	mv	a1,s0
    80001460:	1a0020ef          	jal	80003600 <__divtf3>
    80001464:	13347553          	fmul.d	fa0,fs0,fs3
    80001468:	00050493          	mv	s1,a0
    8000146c:	00058413          	mv	s0,a1
    80001470:	682030ef          	jal	80004af2 <__extenddftf2>
    80001474:	00048613          	mv	a2,s1
    80001478:	00040693          	mv	a3,s0
    8000147c:	6a5020ef          	jal	80004320 <__subtf3>
    80001480:	732030ef          	jal	80004bb2 <__trunctfdf2>
    80001484:	00006797          	auipc	a5,0x6
    80001488:	cfc7b787          	fld	fa5,-772(a5) # 80007180 <__atexit_dummy+0xb0>
    8000148c:	02f4f7d3          	fadd.d	fa5,fs1,fa5
    80001490:	00abb027          	fsd	fa0,0(s7)
    80001494:	1b27f553          	fdiv.d	fa0,fa5,fs2
    80001498:	268000ef          	jal	80001700 <cos>
    8000149c:	12857553          	fmul.d	fa0,fa0,fs0
    800014a0:	652030ef          	jal	80004af2 <__extenddftf2>
    800014a4:	00048613          	mv	a2,s1
    800014a8:	00040693          	mv	a3,s0
    800014ac:	675020ef          	jal	80004320 <__subtf3>
    800014b0:	702030ef          	jal	80004bb2 <__trunctfdf2>
    800014b4:	00abb427          	fsd	fa0,8(s7)
    800014b8:	00006797          	auipc	a5,0x6
    800014bc:	cd07b787          	fld	fa5,-816(a5) # 80007188 <__atexit_dummy+0xb8>
    800014c0:	02f4f553          	fadd.d	fa0,fs1,fa5
    800014c4:	1b257553          	fdiv.d	fa0,fa0,fs2
    800014c8:	238000ef          	jal	80001700 <cos>
    800014cc:	12857553          	fmul.d	fa0,fa0,fs0
    800014d0:	622030ef          	jal	80004af2 <__extenddftf2>
    800014d4:	00048613          	mv	a2,s1
    800014d8:	00040693          	mv	a3,s0
    800014dc:	645020ef          	jal	80004320 <__subtf3>
    800014e0:	6d2030ef          	jal	80004bb2 <__trunctfdf2>
    800014e4:	00abb827          	fsd	fa0,16(s7)
    800014e8:	ea5ff06f          	j	8000138c <SolveCubic+0x274>
    800014ec:	1dc000ef          	jal	800016c8 <sqrt>
    800014f0:	f0dff06f          	j	800013fc <SolveCubic+0x2e4>
    800014f4:	01413427          	fsd	fs4,8(sp)
    800014f8:	01513027          	fsd	fs5,0(sp)
    800014fc:	1cc000ef          	jal	800016c8 <sqrt>
    80001500:	00006797          	auipc	a5,0x6
    80001504:	c787b907          	fld	fs2,-904(a5) # 80007178 <__atexit_dummy+0xa8>
    80001508:	22a509d3          	fmv.d	fs3,fa0
    8000150c:	1b24f553          	fdiv.d	fa0,fs1,fs2
    80001510:	1f0000ef          	jal	80001700 <cos>
    80001514:	000c3603          	ld	a2,0(s8)
    80001518:	008c3683          	ld	a3,8(s8)
    8000151c:	00048513          	mv	a0,s1
    80001520:	00040593          	mv	a1,s0
    80001524:	22a50ad3          	fmv.d	fs5,fa0
    80001528:	0d8020ef          	jal	80003600 <__divtf3>
    8000152c:	00006797          	auipc	a5,0x6
    80001530:	c1c7ba07          	fld	fs4,-996(a5) # 80007148 <__atexit_dummy+0x78>
    80001534:	1349f9d3          	fmul.d	fs3,fs3,fs4
    80001538:	00050493          	mv	s1,a0
    8000153c:	00058413          	mv	s0,a1
    80001540:	1359f553          	fmul.d	fa0,fs3,fs5
    80001544:	5ae030ef          	jal	80004af2 <__extenddftf2>
    80001548:	00048613          	mv	a2,s1
    8000154c:	00040693          	mv	a3,s0
    80001550:	5d1020ef          	jal	80004320 <__subtf3>
    80001554:	65e030ef          	jal	80004bb2 <__trunctfdf2>
    80001558:	22a507d3          	fmv.d	fa5,fa0
    8000155c:	22840553          	fmv.d	fa0,fs0
    80001560:	00fbb027          	fsd	fa5,0(s7)
    80001564:	164000ef          	jal	800016c8 <sqrt>
    80001568:	00006797          	auipc	a5,0x6
    8000156c:	c187b787          	fld	fa5,-1000(a5) # 80007180 <__atexit_dummy+0xb0>
    80001570:	02f4f7d3          	fadd.d	fa5,fs1,fa5
    80001574:	22a509d3          	fmv.d	fs3,fa0
    80001578:	1349f9d3          	fmul.d	fs3,fs3,fs4
    8000157c:	1b27f553          	fdiv.d	fa0,fa5,fs2
    80001580:	180000ef          	jal	80001700 <cos>
    80001584:	12a9f553          	fmul.d	fa0,fs3,fa0
    80001588:	56a030ef          	jal	80004af2 <__extenddftf2>
    8000158c:	00048613          	mv	a2,s1
    80001590:	00040693          	mv	a3,s0
    80001594:	58d020ef          	jal	80004320 <__subtf3>
    80001598:	61a030ef          	jal	80004bb2 <__trunctfdf2>
    8000159c:	22a507d3          	fmv.d	fa5,fa0
    800015a0:	22840553          	fmv.d	fa0,fs0
    800015a4:	00fbb427          	fsd	fa5,8(s7)
    800015a8:	120000ef          	jal	800016c8 <sqrt>
    800015ac:	13457453          	fmul.d	fs0,fa0,fs4
    800015b0:	00013a87          	fld	fs5,0(sp)
    800015b4:	00813a07          	fld	fs4,8(sp)
    800015b8:	f01ff06f          	j	800014b8 <SolveCubic+0x3a0>

00000000800015bc <acos>:
    800015bc:	1101                	addi	sp,sp,-32
    800015be:	a422                	fsd	fs0,8(sp)
    800015c0:	22a50453          	fmv.d	fs0,fa0
    800015c4:	a026                	fsd	fs1,0(sp)
    800015c6:	ec06                	sd	ra,24(sp)
    800015c8:	33c000ef          	jal	80001904 <__ieee754_acos>
    800015cc:	a28427d3          	feq.d	a5,fs0,fs0
    800015d0:	22a504d3          	fmv.d	fs1,fa0
    800015d4:	cb95                	beqz	a5,80001608 <acos+0x4c>
    800015d6:	22840553          	fmv.d	fa0,fs0
    800015da:	1a2000ef          	jal	8000177c <fabs>
    800015de:	00006797          	auipc	a5,0x6
    800015e2:	b027b787          	fld	fa5,-1278(a5) # 800070e0 <__atexit_dummy+0x10>
    800015e6:	a2a797d3          	flt.d	a5,fa5,fa0
    800015ea:	cf99                	beqz	a5,80001608 <acos+0x4c>
    800015ec:	79f030ef          	jal	8000558a <__errno>
    800015f0:	60e2                	ld	ra,24(sp)
    800015f2:	2422                	fld	fs0,8(sp)
    800015f4:	2482                	fld	fs1,0(sp)
    800015f6:	02100793          	li	a5,33
    800015fa:	c11c                	sw	a5,0(a0)
    800015fc:	00005517          	auipc	a0,0x5
    80001600:	5a450513          	addi	a0,a0,1444 # 80006ba0 <__tbss_end+0x19a>
    80001604:	6105                	addi	sp,sp,32
    80001606:	a29d                	j	8000176c <nan>
    80001608:	60e2                	ld	ra,24(sp)
    8000160a:	22948553          	fmv.d	fa0,fs1
    8000160e:	2422                	fld	fs0,8(sp)
    80001610:	2482                	fld	fs1,0(sp)
    80001612:	6105                	addi	sp,sp,32
    80001614:	8082                	ret

0000000080001616 <pow>:
    80001616:	7179                	addi	sp,sp,-48
    80001618:	ac22                	fsd	fs0,24(sp)
    8000161a:	22b58453          	fmv.d	fs0,fa1
    8000161e:	a826                	fsd	fs1,16(sp)
    80001620:	a44a                	fsd	fs2,8(sp)
    80001622:	f406                	sd	ra,40(sp)
    80001624:	22a50953          	fmv.d	fs2,fa0
    80001628:	a04e                	fsd	fs3,0(sp)
    8000162a:	53c000ef          	jal	80001b66 <__ieee754_pow>
    8000162e:	a28427d3          	feq.d	a5,fs0,fs0
    80001632:	22a504d3          	fmv.d	fs1,fa0
    80001636:	cbbd                	beqz	a5,800016ac <pow+0x96>
    80001638:	f20009d3          	fmv.d.x	fs3,zero
    8000163c:	a33927d3          	feq.d	a5,fs2,fs3
    80001640:	c38d                	beqz	a5,80001662 <pow+0x4c>
    80001642:	a33427d3          	feq.d	a5,fs0,fs3
    80001646:	efa5                	bnez	a5,800016be <pow+0xa8>
    80001648:	22840553          	fmv.d	fa0,fs0
    8000164c:	136000ef          	jal	80001782 <finite>
    80001650:	cd31                	beqz	a0,800016ac <pow+0x96>
    80001652:	a33417d3          	flt.d	a5,fs0,fs3
    80001656:	cbb9                	beqz	a5,800016ac <pow+0x96>
    80001658:	733030ef          	jal	8000558a <__errno>
    8000165c:	02200793          	li	a5,34
    80001660:	a02d                	j	8000168a <pow+0x74>
    80001662:	120000ef          	jal	80001782 <finite>
    80001666:	e505                	bnez	a0,8000168e <pow+0x78>
    80001668:	23290553          	fmv.d	fa0,fs2
    8000166c:	116000ef          	jal	80001782 <finite>
    80001670:	cd19                	beqz	a0,8000168e <pow+0x78>
    80001672:	22840553          	fmv.d	fa0,fs0
    80001676:	10c000ef          	jal	80001782 <finite>
    8000167a:	c911                	beqz	a0,8000168e <pow+0x78>
    8000167c:	a294a7d3          	feq.d	a5,fs1,fs1
    80001680:	ffe1                	bnez	a5,80001658 <pow+0x42>
    80001682:	709030ef          	jal	8000558a <__errno>
    80001686:	02100793          	li	a5,33
    8000168a:	c11c                	sw	a5,0(a0)
    8000168c:	a005                	j	800016ac <pow+0x96>
    8000168e:	f20007d3          	fmv.d.x	fa5,zero
    80001692:	a2f4a7d3          	feq.d	a5,fs1,fa5
    80001696:	cb99                	beqz	a5,800016ac <pow+0x96>
    80001698:	23290553          	fmv.d	fa0,fs2
    8000169c:	0e6000ef          	jal	80001782 <finite>
    800016a0:	c511                	beqz	a0,800016ac <pow+0x96>
    800016a2:	22840553          	fmv.d	fa0,fs0
    800016a6:	0dc000ef          	jal	80001782 <finite>
    800016aa:	f55d                	bnez	a0,80001658 <pow+0x42>
    800016ac:	70a2                	ld	ra,40(sp)
    800016ae:	22948553          	fmv.d	fa0,fs1
    800016b2:	2462                	fld	fs0,24(sp)
    800016b4:	24c2                	fld	fs1,16(sp)
    800016b6:	2922                	fld	fs2,8(sp)
    800016b8:	2982                	fld	fs3,0(sp)
    800016ba:	6145                	addi	sp,sp,48
    800016bc:	8082                	ret
    800016be:	00006797          	auipc	a5,0x6
    800016c2:	a227b487          	fld	fs1,-1502(a5) # 800070e0 <__atexit_dummy+0x10>
    800016c6:	b7dd                	j	800016ac <pow+0x96>

00000000800016c8 <sqrt>:
    800016c8:	1101                	addi	sp,sp,-32
    800016ca:	a422                	fsd	fs0,8(sp)
    800016cc:	22a50453          	fmv.d	fs0,fa0
    800016d0:	ec06                	sd	ra,24(sp)
    800016d2:	a026                	fsd	fs1,0(sp)
    800016d4:	0a2000ef          	jal	80001776 <__ieee754_sqrt>
    800016d8:	a28427d3          	feq.d	a5,fs0,fs0
    800016dc:	cf89                	beqz	a5,800016f6 <sqrt+0x2e>
    800016de:	f20004d3          	fmv.d.x	fs1,zero
    800016e2:	a29417d3          	flt.d	a5,fs0,fs1
    800016e6:	cb81                	beqz	a5,800016f6 <sqrt+0x2e>
    800016e8:	6a3030ef          	jal	8000558a <__errno>
    800016ec:	1a94f553          	fdiv.d	fa0,fs1,fs1
    800016f0:	02100793          	li	a5,33
    800016f4:	c11c                	sw	a5,0(a0)
    800016f6:	60e2                	ld	ra,24(sp)
    800016f8:	2422                	fld	fs0,8(sp)
    800016fa:	2482                	fld	fs1,0(sp)
    800016fc:	6105                	addi	sp,sp,32
    800016fe:	8082                	ret

0000000080001700 <cos>:
    80001700:	e20507d3          	fmv.x.d	a5,fa0
    80001704:	3fe926b7          	lui	a3,0x3fe92
    80001708:	1fb68693          	addi	a3,a3,507 # 3fe921fb <__heap_size+0x3fe721fb>
    8000170c:	00179713          	slli	a4,a5,0x1
    80001710:	9305                	srli	a4,a4,0x21
    80001712:	00e6e563          	bltu	a3,a4,8000171c <cos+0x1c>
    80001716:	f20005d3          	fmv.d.x	fa1,zero
    8000171a:	a89d                	j	80001790 <__kernel_cos>
    8000171c:	7ff006b7          	lui	a3,0x7ff00
    80001720:	00d76563          	bltu	a4,a3,8000172a <cos+0x2a>
    80001724:	0aa57553          	fsub.d	fa0,fa0,fa0
    80001728:	8082                	ret
    8000172a:	1101                	addi	sp,sp,-32
    8000172c:	850a                	mv	a0,sp
    8000172e:	ec06                	sd	ra,24(sp)
    80001730:	381000ef          	jal	800022b0 <__ieee754_rem_pio2>
    80001734:	890d                	andi	a0,a0,3
    80001736:	4785                	li	a5,1
    80001738:	25a2                	fld	fa1,8(sp)
    8000173a:	2502                	fld	fa0,0(sp)
    8000173c:	00f50b63          	beq	a0,a5,80001752 <cos+0x52>
    80001740:	4789                	li	a5,2
    80001742:	00f50e63          	beq	a0,a5,8000175e <cos+0x5e>
    80001746:	ed19                	bnez	a0,80001764 <cos+0x64>
    80001748:	048000ef          	jal	80001790 <__kernel_cos>
    8000174c:	60e2                	ld	ra,24(sp)
    8000174e:	6105                	addi	sp,sp,32
    80001750:	8082                	ret
    80001752:	4505                	li	a0,1
    80001754:	108000ef          	jal	8000185c <__kernel_sin>
    80001758:	22a51553          	fneg.d	fa0,fa0
    8000175c:	bfc5                	j	8000174c <cos+0x4c>
    8000175e:	032000ef          	jal	80001790 <__kernel_cos>
    80001762:	bfdd                	j	80001758 <cos+0x58>
    80001764:	4505                	li	a0,1
    80001766:	0f6000ef          	jal	8000185c <__kernel_sin>
    8000176a:	b7cd                	j	8000174c <cos+0x4c>

000000008000176c <nan>:
    8000176c:	00006797          	auipc	a5,0x6
    80001770:	a2c7b507          	fld	fa0,-1492(a5) # 80007198 <__atexit_dummy+0xc8>
    80001774:	8082                	ret

0000000080001776 <__ieee754_sqrt>:
    80001776:	5a057553          	fsqrt.d	fa0,fa0
    8000177a:	8082                	ret

000000008000177c <fabs>:
    8000177c:	22a52553          	fabs.d	fa0,fa0
    80001780:	8082                	ret

0000000080001782 <finite>:
    80001782:	e2051553          	fclass.d	a0,fa0
    80001786:	38157513          	andi	a0,a0,897
    8000178a:	00153513          	seqz	a0,a0
    8000178e:	8082                	ret

0000000080001790 <__kernel_cos>:
    80001790:	e20507d3          	fmv.x.d	a5,fa0
    80001794:	3e4006b7          	lui	a3,0x3e400
    80001798:	00006617          	auipc	a2,0x6
    8000179c:	94863687          	fld	fa3,-1720(a2) # 800070e0 <__atexit_dummy+0x10>
    800017a0:	00179713          	slli	a4,a5,0x1
    800017a4:	9305                	srli	a4,a4,0x21
    800017a6:	00d77863          	bgeu	a4,a3,800017b6 <__kernel_cos+0x26>
    800017aa:	c20516d3          	fcvt.w.d	a3,fa0,rtz
    800017ae:	22d68553          	fmv.d	fa0,fa3
    800017b2:	2681                	sext.w	a3,a3
    800017b4:	cebd                	beqz	a3,80001832 <__kernel_cos+0xa2>
    800017b6:	f20787d3          	fmv.d.x	fa5,a5
    800017ba:	00006697          	auipc	a3,0x6
    800017be:	9f66b607          	fld	fa2,-1546(a3) # 800071b0 <__atexit_dummy+0xe0>
    800017c2:	00006697          	auipc	a3,0x6
    800017c6:	a166b507          	fld	fa0,-1514(a3) # 800071d8 <__atexit_dummy+0x108>
    800017ca:	12f7f753          	fmul.d	fa4,fa5,fa5
    800017ce:	00006697          	auipc	a3,0x6
    800017d2:	9da6b787          	fld	fa5,-1574(a3) # 800071a8 <__atexit_dummy+0xd8>
    800017d6:	62f777c3          	fmadd.d	fa5,fa4,fa5,fa2
    800017da:	00006697          	auipc	a3,0x6
    800017de:	9de6b607          	fld	fa2,-1570(a3) # 800071b8 <__atexit_dummy+0xe8>
    800017e2:	12a77553          	fmul.d	fa0,fa4,fa0
    800017e6:	62e7f7c3          	fmadd.d	fa5,fa5,fa4,fa2
    800017ea:	00006697          	auipc	a3,0x6
    800017ee:	9d66b607          	fld	fa2,-1578(a3) # 800071c0 <__atexit_dummy+0xf0>
    800017f2:	62e7f7c3          	fmadd.d	fa5,fa5,fa4,fa2
    800017f6:	00006697          	auipc	a3,0x6
    800017fa:	9d26b607          	fld	fa2,-1582(a3) # 800071c8 <__atexit_dummy+0xf8>
    800017fe:	62e7f7c3          	fmadd.d	fa5,fa5,fa4,fa2
    80001802:	00006697          	auipc	a3,0x6
    80001806:	9ce6b607          	fld	fa2,-1586(a3) # 800071d0 <__atexit_dummy+0x100>
    8000180a:	62e7f7c3          	fmadd.d	fa5,fa5,fa4,fa2
    8000180e:	f2078653          	fmv.d.x	fa2,a5
    80001812:	3fd337b7          	lui	a5,0x3fd33
    80001816:	33278793          	addi	a5,a5,818 # 3fd33332 <__heap_size+0x3fd13332>
    8000181a:	12b675d3          	fmul.d	fa1,fa2,fa1
    8000181e:	12e7f7d3          	fmul.d	fa5,fa5,fa4
    80001822:	5af77747          	fmsub.d	fa4,fa4,fa5,fa1
    80001826:	00e7e763          	bltu	a5,a4,80001834 <__kernel_cos+0xa4>
    8000182a:	0ae57553          	fsub.d	fa0,fa0,fa4
    8000182e:	0aa6f553          	fsub.d	fa0,fa3,fa0
    80001832:	8082                	ret
    80001834:	3fe907b7          	lui	a5,0x3fe90
    80001838:	00e7ed63          	bltu	a5,a4,80001852 <__kernel_cos+0xc2>
    8000183c:	ffe007b7          	lui	a5,0xffe00
    80001840:	9fb9                	addw	a5,a5,a4
    80001842:	1782                	slli	a5,a5,0x20
    80001844:	f20787d3          	fmv.d.x	fa5,a5
    80001848:	0af6f6d3          	fsub.d	fa3,fa3,fa5
    8000184c:	0af57553          	fsub.d	fa0,fa0,fa5
    80001850:	bfe9                	j	8000182a <__kernel_cos+0x9a>
    80001852:	00006797          	auipc	a5,0x6
    80001856:	94e7b783          	ld	a5,-1714(a5) # 800071a0 <__atexit_dummy+0xd0>
    8000185a:	b7ed                	j	80001844 <__kernel_cos+0xb4>

000000008000185c <__kernel_sin>:
    8000185c:	e20507d3          	fmv.x.d	a5,fa0
    80001860:	3e4006b7          	lui	a3,0x3e400
    80001864:	00179713          	slli	a4,a5,0x1
    80001868:	9305                	srli	a4,a4,0x21
    8000186a:	00d77663          	bgeu	a4,a3,80001876 <__kernel_sin+0x1a>
    8000186e:	c2051753          	fcvt.w.d	a4,fa0,rtz
    80001872:	2701                	sext.w	a4,a4
    80001874:	c325                	beqz	a4,800018d4 <__kernel_sin+0x78>
    80001876:	f20787d3          	fmv.d.x	fa5,a5
    8000187a:	00006717          	auipc	a4,0x6
    8000187e:	96e73607          	fld	fa2,-1682(a4) # 800071e8 <__atexit_dummy+0x118>
    80001882:	12f7f753          	fmul.d	fa4,fa5,fa5
    80001886:	12e7f6d3          	fmul.d	fa3,fa5,fa4
    8000188a:	00006717          	auipc	a4,0x6
    8000188e:	95673787          	fld	fa5,-1706(a4) # 800071e0 <__atexit_dummy+0x110>
    80001892:	62f777c3          	fmadd.d	fa5,fa4,fa5,fa2
    80001896:	00006717          	auipc	a4,0x6
    8000189a:	95a73607          	fld	fa2,-1702(a4) # 800071f0 <__atexit_dummy+0x120>
    8000189e:	62e7f7c3          	fmadd.d	fa5,fa5,fa4,fa2
    800018a2:	00006717          	auipc	a4,0x6
    800018a6:	95673607          	fld	fa2,-1706(a4) # 800071f8 <__atexit_dummy+0x128>
    800018aa:	62e7f7c3          	fmadd.d	fa5,fa5,fa4,fa2
    800018ae:	00006717          	auipc	a4,0x6
    800018b2:	95273607          	fld	fa2,-1710(a4) # 80007200 <__atexit_dummy+0x130>
    800018b6:	62e7f7c3          	fmadd.d	fa5,fa5,fa4,fa2
    800018ba:	e105                	bnez	a0,800018da <__kernel_sin+0x7e>
    800018bc:	00006717          	auipc	a4,0x6
    800018c0:	94c73607          	fld	fa2,-1716(a4) # 80007208 <__atexit_dummy+0x138>
    800018c4:	62f77743          	fmadd.d	fa4,fa4,fa5,fa2
    800018c8:	f20787d3          	fmv.d.x	fa5,a5
    800018cc:	7ad777c3          	fmadd.d	fa5,fa4,fa3,fa5
    800018d0:	e20787d3          	fmv.x.d	a5,fa5
    800018d4:	f2078553          	fmv.d.x	fa0,a5
    800018d8:	8082                	ret
    800018da:	12f6f7d3          	fmul.d	fa5,fa3,fa5
    800018de:	00006717          	auipc	a4,0x6
    800018e2:	8fa73607          	fld	fa2,-1798(a4) # 800071d8 <__atexit_dummy+0x108>
    800018e6:	7ac5f7c7          	fmsub.d	fa5,fa1,fa2,fa5
    800018ea:	5ae7f5c7          	fmsub.d	fa1,fa5,fa4,fa1
    800018ee:	00006717          	auipc	a4,0x6
    800018f2:	92273787          	fld	fa5,-1758(a4) # 80007210 <__atexit_dummy+0x140>
    800018f6:	5af6f6c3          	fmadd.d	fa3,fa3,fa5,fa1
    800018fa:	f20787d3          	fmv.d.x	fa5,a5
    800018fe:	0ad7f7d3          	fsub.d	fa5,fa5,fa3
    80001902:	b7f9                	j	800018d0 <__kernel_sin+0x74>

0000000080001904 <__ieee754_acos>:
    80001904:	e20507d3          	fmv.x.d	a5,fa0
    80001908:	3ff00737          	lui	a4,0x3ff00
    8000190c:	00179693          	slli	a3,a5,0x1
    80001910:	9285                	srli	a3,a3,0x21
    80001912:	4207d613          	srai	a2,a5,0x20
    80001916:	02e6e263          	bltu	a3,a4,8000193a <__ieee754_acos+0x36>
    8000191a:	c0100737          	lui	a4,0xc0100
    8000191e:	9f35                	addw	a4,a4,a3
    80001920:	8f5d                	or	a4,a4,a5
    80001922:	2701                	sext.w	a4,a4
    80001924:	e711                	bnez	a4,80001930 <__ieee754_acos+0x2c>
    80001926:	22c05a63          	blez	a2,80001b5a <__ieee754_acos+0x256>
    8000192a:	f2000553          	fmv.d.x	fa0,zero
    8000192e:	8082                	ret
    80001930:	0aa57553          	fsub.d	fa0,fa0,fa0
    80001934:	1aa57553          	fdiv.d	fa0,fa0,fa0
    80001938:	8082                	ret
    8000193a:	3fe00737          	lui	a4,0x3fe00
    8000193e:	0ae6fd63          	bgeu	a3,a4,800019f8 <__ieee754_acos+0xf4>
    80001942:	3c600737          	lui	a4,0x3c600
    80001946:	00006617          	auipc	a2,0x6
    8000194a:	8da63507          	fld	fa0,-1830(a2) # 80007220 <__atexit_dummy+0x150>
    8000194e:	20d77b63          	bgeu	a4,a3,80001b64 <__ieee754_acos+0x260>
    80001952:	f20787d3          	fmv.d.x	fa5,a5
    80001956:	00006717          	auipc	a4,0x6
    8000195a:	8da73687          	fld	fa3,-1830(a4) # 80007230 <__atexit_dummy+0x160>
    8000195e:	00006717          	auipc	a4,0x6
    80001962:	90273607          	fld	fa2,-1790(a4) # 80007260 <__atexit_dummy+0x190>
    80001966:	12f7f753          	fmul.d	fa4,fa5,fa5
    8000196a:	00006717          	auipc	a4,0x6
    8000196e:	8be73787          	fld	fa5,-1858(a4) # 80007228 <__atexit_dummy+0x158>
    80001972:	6af777c3          	fmadd.d	fa5,fa4,fa5,fa3
    80001976:	00006717          	auipc	a4,0x6
    8000197a:	8c273687          	fld	fa3,-1854(a4) # 80007238 <__atexit_dummy+0x168>
    8000197e:	6ae7f7c3          	fmadd.d	fa5,fa5,fa4,fa3
    80001982:	00006717          	auipc	a4,0x6
    80001986:	8be73687          	fld	fa3,-1858(a4) # 80007240 <__atexit_dummy+0x170>
    8000198a:	6ae7f7c3          	fmadd.d	fa5,fa5,fa4,fa3
    8000198e:	00006717          	auipc	a4,0x6
    80001992:	8ba73687          	fld	fa3,-1862(a4) # 80007248 <__atexit_dummy+0x178>
    80001996:	6ae7f7c3          	fmadd.d	fa5,fa5,fa4,fa3
    8000199a:	00006717          	auipc	a4,0x6
    8000199e:	8b673687          	fld	fa3,-1866(a4) # 80007250 <__atexit_dummy+0x180>
    800019a2:	6ae7f7c3          	fmadd.d	fa5,fa5,fa4,fa3
    800019a6:	00006717          	auipc	a4,0x6
    800019aa:	8b273687          	fld	fa3,-1870(a4) # 80007258 <__atexit_dummy+0x188>
    800019ae:	62d776c3          	fmadd.d	fa3,fa4,fa3,fa2
    800019b2:	00006717          	auipc	a4,0x6
    800019b6:	8b673607          	fld	fa2,-1866(a4) # 80007268 <__atexit_dummy+0x198>
    800019ba:	12e7f7d3          	fmul.d	fa5,fa5,fa4
    800019be:	62e6f6c3          	fmadd.d	fa3,fa3,fa4,fa2
    800019c2:	00006717          	auipc	a4,0x6
    800019c6:	8ae73607          	fld	fa2,-1874(a4) # 80007270 <__atexit_dummy+0x1a0>
    800019ca:	62e6f6c3          	fmadd.d	fa3,fa3,fa4,fa2
    800019ce:	00005717          	auipc	a4,0x5
    800019d2:	71273607          	fld	fa2,1810(a4) # 800070e0 <__atexit_dummy+0x10>
    800019d6:	62e6f743          	fmadd.d	fa4,fa3,fa4,fa2
    800019da:	f20786d3          	fmv.d.x	fa3,a5
    800019de:	1ae7f7d3          	fdiv.d	fa5,fa5,fa4
    800019e2:	00006717          	auipc	a4,0x6
    800019e6:	89673707          	fld	fa4,-1898(a4) # 80007278 <__atexit_dummy+0x1a8>
    800019ea:	72f6f7cb          	fnmsub.d	fa5,fa3,fa5,fa4
    800019ee:	0af6f7d3          	fsub.d	fa5,fa3,fa5
    800019f2:	0af57553          	fsub.d	fa0,fa0,fa5
    800019f6:	8082                	ret
    800019f8:	7159                	addi	sp,sp,-112
    800019fa:	a8a6                	fsd	fs1,80(sp)
    800019fc:	a4ca                	fsd	fs2,72(sp)
    800019fe:	a0ce                	fsd	fs3,64(sp)
    80001a00:	bc52                	fsd	fs4,56(sp)
    80001a02:	b856                	fsd	fs5,48(sp)
    80001a04:	b45a                	fsd	fs6,40(sp)
    80001a06:	b05e                	fsd	fs7,32(sp)
    80001a08:	ac62                	fsd	fs8,24(sp)
    80001a0a:	a866                	fsd	fs9,16(sp)
    80001a0c:	a46a                	fsd	fs10,8(sp)
    80001a0e:	a06e                	fsd	fs11,0(sp)
    80001a10:	f486                	sd	ra,104(sp)
    80001a12:	aca2                	fsd	fs0,88(sp)
    80001a14:	00006717          	auipc	a4,0x6
    80001a18:	81473487          	fld	fs1,-2028(a4) # 80007228 <__atexit_dummy+0x158>
    80001a1c:	00006717          	auipc	a4,0x6
    80001a20:	81473d87          	fld	fs11,-2028(a4) # 80007230 <__atexit_dummy+0x160>
    80001a24:	00006717          	auipc	a4,0x6
    80001a28:	81473d07          	fld	fs10,-2028(a4) # 80007238 <__atexit_dummy+0x168>
    80001a2c:	00006717          	auipc	a4,0x6
    80001a30:	81473c87          	fld	fs9,-2028(a4) # 80007240 <__atexit_dummy+0x170>
    80001a34:	00006717          	auipc	a4,0x6
    80001a38:	81473c07          	fld	fs8,-2028(a4) # 80007248 <__atexit_dummy+0x178>
    80001a3c:	00006717          	auipc	a4,0x6
    80001a40:	81473b87          	fld	fs7,-2028(a4) # 80007250 <__atexit_dummy+0x180>
    80001a44:	00006717          	auipc	a4,0x6
    80001a48:	81473907          	fld	fs2,-2028(a4) # 80007258 <__atexit_dummy+0x188>
    80001a4c:	00006717          	auipc	a4,0x6
    80001a50:	81473987          	fld	fs3,-2028(a4) # 80007260 <__atexit_dummy+0x190>
    80001a54:	00006717          	auipc	a4,0x6
    80001a58:	81473b07          	fld	fs6,-2028(a4) # 80007268 <__atexit_dummy+0x198>
    80001a5c:	00006717          	auipc	a4,0x6
    80001a60:	81473a87          	fld	fs5,-2028(a4) # 80007270 <__atexit_dummy+0x1a0>
    80001a64:	00005717          	auipc	a4,0x5
    80001a68:	67c73a07          	fld	fs4,1660(a4) # 800070e0 <__atexit_dummy+0x10>
    80001a6c:	00005717          	auipc	a4,0x5
    80001a70:	76c73787          	fld	fa5,1900(a4) # 800071d8 <__atexit_dummy+0x108>
    80001a74:	06065f63          	bgez	a2,80001af2 <__ieee754_acos+0x1ee>
    80001a78:	03457553          	fadd.d	fa0,fa0,fs4
    80001a7c:	12f57553          	fmul.d	fa0,fa0,fa5
    80001a80:	da957443          	fmadd.d	fs0,fa0,fs1,fs11
    80001a84:	9b2579c3          	fmadd.d	fs3,fa0,fs2,fs3
    80001a88:	d2a47443          	fmadd.d	fs0,fs0,fa0,fs10
    80001a8c:	b2a9f9c3          	fmadd.d	fs3,fs3,fa0,fs6
    80001a90:	caa47443          	fmadd.d	fs0,fs0,fa0,fs9
    80001a94:	aaa9f9c3          	fmadd.d	fs3,fs3,fa0,fs5
    80001a98:	c2a47443          	fmadd.d	fs0,fs0,fa0,fs8
    80001a9c:	a2a9f9c3          	fmadd.d	fs3,fs3,fa0,fs4
    80001aa0:	baa47443          	fmadd.d	fs0,fs0,fa0,fs7
    80001aa4:	12a47453          	fmul.d	fs0,fs0,fa0
    80001aa8:	ccfff0ef          	jal	80001776 <__ieee754_sqrt>
    80001aac:	00005797          	auipc	a5,0x5
    80001ab0:	7d47b787          	fld	fa5,2004(a5) # 80007280 <__atexit_dummy+0x1b0>
    80001ab4:	1b347453          	fdiv.d	fs0,fs0,fs3
    80001ab8:	7a857443          	fmadd.d	fs0,fa0,fs0,fa5
    80001abc:	00005797          	auipc	a5,0x5
    80001ac0:	75c7b787          	fld	fa5,1884(a5) # 80007218 <__atexit_dummy+0x148>
    80001ac4:	02a47453          	fadd.d	fs0,fs0,fa0
    80001ac8:	00005797          	auipc	a5,0x5
    80001acc:	6907b507          	fld	fa0,1680(a5) # 80007158 <__atexit_dummy+0x88>
    80001ad0:	7aa4754b          	fnmsub.d	fa0,fs0,fa0,fa5
    80001ad4:	70a6                	ld	ra,104(sp)
    80001ad6:	2466                	fld	fs0,88(sp)
    80001ad8:	24c6                	fld	fs1,80(sp)
    80001ada:	2926                	fld	fs2,72(sp)
    80001adc:	2986                	fld	fs3,64(sp)
    80001ade:	3a62                	fld	fs4,56(sp)
    80001ae0:	3ac2                	fld	fs5,48(sp)
    80001ae2:	3b22                	fld	fs6,40(sp)
    80001ae4:	3b82                	fld	fs7,32(sp)
    80001ae6:	2c62                	fld	fs8,24(sp)
    80001ae8:	2cc2                	fld	fs9,16(sp)
    80001aea:	2d22                	fld	fs10,8(sp)
    80001aec:	2d82                	fld	fs11,0(sp)
    80001aee:	6165                	addi	sp,sp,112
    80001af0:	8082                	ret
    80001af2:	0aaa7453          	fsub.d	fs0,fs4,fa0
    80001af6:	12f47453          	fmul.d	fs0,fs0,fa5
    80001afa:	22840553          	fmv.d	fa0,fs0
    80001afe:	c79ff0ef          	jal	80001776 <__ieee754_sqrt>
    80001b02:	e20507d3          	fmv.x.d	a5,fa0
    80001b06:	9b247943          	fmadd.d	fs2,fs0,fs2,fs3
    80001b0a:	0207d713          	srli	a4,a5,0x20
    80001b0e:	1702                	slli	a4,a4,0x20
    80001b10:	f20707d3          	fmv.d.x	fa5,a4
    80001b14:	f20706d3          	fmv.d.x	fa3,a4
    80001b18:	42f7f74b          	fnmsub.d	fa4,fa5,fa5,fs0
    80001b1c:	02f577d3          	fadd.d	fa5,fa0,fa5
    80001b20:	b2897943          	fmadd.d	fs2,fs2,fs0,fs6
    80001b24:	1af77753          	fdiv.d	fa4,fa4,fa5
    80001b28:	da9477c3          	fmadd.d	fa5,fs0,fs1,fs11
    80001b2c:	aa897943          	fmadd.d	fs2,fs2,fs0,fs5
    80001b30:	d287f7c3          	fmadd.d	fa5,fa5,fs0,fs10
    80001b34:	a2897943          	fmadd.d	fs2,fs2,fs0,fs4
    80001b38:	ca87f7c3          	fmadd.d	fa5,fa5,fs0,fs9
    80001b3c:	c287f7c3          	fmadd.d	fa5,fa5,fs0,fs8
    80001b40:	ba87f7c3          	fmadd.d	fa5,fa5,fs0,fs7
    80001b44:	1287f7d3          	fmul.d	fa5,fa5,fs0
    80001b48:	1b27f7d3          	fdiv.d	fa5,fa5,fs2
    80001b4c:	72f57543          	fmadd.d	fa0,fa0,fa5,fa4
    80001b50:	02d57553          	fadd.d	fa0,fa0,fa3
    80001b54:	02a57553          	fadd.d	fa0,fa0,fa0
    80001b58:	bfb5                	j	80001ad4 <__ieee754_acos+0x1d0>
    80001b5a:	00005797          	auipc	a5,0x5
    80001b5e:	6be7b507          	fld	fa0,1726(a5) # 80007218 <__atexit_dummy+0x148>
    80001b62:	8082                	ret
    80001b64:	8082                	ret

0000000080001b66 <__ieee754_pow>:
    80001b66:	7119                	addi	sp,sp,-128
    80001b68:	e4d6                	sd	s5,72(sp)
    80001b6a:	e2058ad3          	fmv.x.d	s5,fa1
    80001b6e:	f0ca                	sd	s2,96(sp)
    80001b70:	80000937          	lui	s2,0x80000
    80001b74:	420ad793          	srai	a5,s5,0x20
    80001b78:	fff94913          	not	s2,s2
    80001b7c:	e8d2                	sd	s4,80(sp)
    80001b7e:	000a871b          	sext.w	a4,s5
    80001b82:	0127fa33          	and	s4,a5,s2
    80001b86:	f8a2                	sd	s0,112(sp)
    80001b88:	fc86                	sd	ra,120(sp)
    80001b8a:	f4a6                	sd	s1,104(sp)
    80001b8c:	ecce                	sd	s3,88(sp)
    80001b8e:	e0da                	sd	s6,64(sp)
    80001b90:	fc5e                	sd	s7,56(sp)
    80001b92:	f862                	sd	s8,48(sp)
    80001b94:	f466                	sd	s9,40(sp)
    80001b96:	ac22                	fsd	fs0,24(sp)
    80001b98:	00ea66b3          	or	a3,s4,a4
    80001b9c:	e2050453          	fmv.x.d	s0,fa0
    80001ba0:	e28d                	bnez	a3,80001bc2 <__ieee754_pow+0x5c>
    80001ba2:	4785                	li	a5,1
    80001ba4:	17ce                	slli	a5,a5,0x33
    80001ba6:	8fa1                	xor	a5,a5,s0
    80001ba8:	577d                	li	a4,-1
    80001baa:	0786                	slli	a5,a5,0x1
    80001bac:	1752                	slli	a4,a4,0x34
    80001bae:	6ef77b63          	bgeu	a4,a5,800022a4 <__ieee754_pow+0x73e>
    80001bb2:	f20407d3          	fmv.d.x	fa5,s0
    80001bb6:	f20a8753          	fmv.d.x	fa4,s5
    80001bba:	02e7f7d3          	fadd.d	fa5,fa5,fa4
    80001bbe:	a43e                	fsd	fa5,8(sp)
    80001bc0:	aa09                	j	80001cd2 <__ieee754_pow+0x16c>
    80001bc2:	42045c93          	srai	s9,s0,0x20
    80001bc6:	012cf933          	and	s2,s9,s2
    80001bca:	7ff006b7          	lui	a3,0x7ff00
    80001bce:	8c66                	mv	s8,s9
    80001bd0:	00040b9b          	sext.w	s7,s0
    80001bd4:	0326e063          	bltu	a3,s2,80001bf4 <__ieee754_pow+0x8e>
    80001bd8:	00d91763          	bne	s2,a3,80001be6 <__ieee754_pow+0x80>
    80001bdc:	fc0b9be3          	bnez	s7,80001bb2 <__ieee754_pow+0x4c>
    80001be0:	fd4969e3          	bltu	s2,s4,80001bb2 <__ieee754_pow+0x4c>
    80001be4:	a019                	j	80001bea <__ieee754_pow+0x84>
    80001be6:	0146e763          	bltu	a3,s4,80001bf4 <__ieee754_pow+0x8e>
    80001bea:	7ff006b7          	lui	a3,0x7ff00
    80001bee:	02da1063          	bne	s4,a3,80001c0e <__ieee754_pow+0xa8>
    80001bf2:	cf11                	beqz	a4,80001c0e <__ieee754_pow+0xa8>
    80001bf4:	c01007b7          	lui	a5,0xc0100
    80001bf8:	018787bb          	addw	a5,a5,s8
    80001bfc:	00fbe7b3          	or	a5,s7,a5
    80001c00:	2781                	sext.w	a5,a5
    80001c02:	fbc5                	bnez	a5,80001bb2 <__ieee754_pow+0x4c>
    80001c04:	4785                	li	a5,1
    80001c06:	17ce                	slli	a5,a5,0x33
    80001c08:	00fac7b3          	xor	a5,s5,a5
    80001c0c:	bf71                	j	80001ba8 <__ieee754_pow+0x42>
    80001c0e:	0007899b          	sext.w	s3,a5
    80001c12:	00090b1b          	sext.w	s6,s2
    80001c16:	4481                	li	s1,0
    80001c18:	080c5763          	bgez	s8,80001ca6 <__ieee754_pow+0x140>
    80001c1c:	434007b7          	lui	a5,0x43400
    80001c20:	08fa7263          	bgeu	s4,a5,80001ca4 <__ieee754_pow+0x13e>
    80001c24:	3ff007b7          	lui	a5,0x3ff00
    80001c28:	02fa6763          	bltu	s4,a5,80001c56 <__ieee754_pow+0xf0>
    80001c2c:	000a061b          	sext.w	a2,s4
    80001c30:	4146569b          	sraiw	a3,a2,0x14
    80001c34:	c016859b          	addiw	a1,a3,-1023 # 7feffc01 <__heap_size+0x7fedfc01>
    80001c38:	47d1                	li	a5,20
    80001c3a:	02b7d863          	bge	a5,a1,80001c6a <__ieee754_pow+0x104>
    80001c3e:	03400793          	li	a5,52
    80001c42:	9f8d                	subw	a5,a5,a1
    80001c44:	00f756bb          	srlw	a3,a4,a5
    80001c48:	00f697bb          	sllw	a5,a3,a5
    80001c4c:	00e79563          	bne	a5,a4,80001c56 <__ieee754_pow+0xf0>
    80001c50:	8a85                	andi	a3,a3,1
    80001c52:	4489                	li	s1,2
    80001c54:	9c95                	subw	s1,s1,a3
    80001c56:	ef61                	bnez	a4,80001d2e <__ieee754_pow+0x1c8>
    80001c58:	400007b7          	lui	a5,0x40000
    80001c5c:	0af99263          	bne	s3,a5,80001d00 <__ieee754_pow+0x19a>
    80001c60:	f20407d3          	fmv.d.x	fa5,s0
    80001c64:	12f7f7d3          	fmul.d	fa5,fa5,fa5
    80001c68:	bf99                	j	80001bbe <__ieee754_pow+0x58>
    80001c6a:	e371                	bnez	a4,80001d2e <__ieee754_pow+0x1c8>
    80001c6c:	4751                	li	a4,20
    80001c6e:	9f0d                	subw	a4,a4,a1
    80001c70:	40e656bb          	sraw	a3,a2,a4
    80001c74:	00e697bb          	sllw	a5,a3,a4
    80001c78:	00c79663          	bne	a5,a2,80001c84 <__ieee754_pow+0x11e>
    80001c7c:	0016f793          	andi	a5,a3,1
    80001c80:	4489                	li	s1,2
    80001c82:	9c9d                	subw	s1,s1,a5
    80001c84:	3ff007b7          	lui	a5,0x3ff00
    80001c88:	fcfa18e3          	bne	s4,a5,80001c58 <__ieee754_pow+0xf2>
    80001c8c:	e422                	sd	s0,8(sp)
    80001c8e:	0409d263          	bgez	s3,80001cd2 <__ieee754_pow+0x16c>
    80001c92:	f2040753          	fmv.d.x	fa4,s0
    80001c96:	00005797          	auipc	a5,0x5
    80001c9a:	44a7b787          	fld	fa5,1098(a5) # 800070e0 <__atexit_dummy+0x10>
    80001c9e:	1ae7f7d3          	fdiv.d	fa5,fa5,fa4
    80001ca2:	bf31                	j	80001bbe <__ieee754_pow+0x58>
    80001ca4:	4489                	li	s1,2
    80001ca6:	e741                	bnez	a4,80001d2e <__ieee754_pow+0x1c8>
    80001ca8:	7ff007b7          	lui	a5,0x7ff00
    80001cac:	fcfa1ce3          	bne	s4,a5,80001c84 <__ieee754_pow+0x11e>
    80001cb0:	c01007b7          	lui	a5,0xc0100
    80001cb4:	016787bb          	addw	a5,a5,s6
    80001cb8:	00fbe7b3          	or	a5,s7,a5
    80001cbc:	2781                	sext.w	a5,a5
    80001cbe:	5e078363          	beqz	a5,800022a4 <__ieee754_pow+0x73e>
    80001cc2:	3ff007b7          	lui	a5,0x3ff00
    80001cc6:	02f96563          	bltu	s2,a5,80001cf0 <__ieee754_pow+0x18a>
    80001cca:	e456                	sd	s5,8(sp)
    80001ccc:	0009d363          	bgez	s3,80001cd2 <__ieee754_pow+0x16c>
    80001cd0:	e402                	sd	zero,8(sp)
    80001cd2:	70e6                	ld	ra,120(sp)
    80001cd4:	7446                	ld	s0,112(sp)
    80001cd6:	2522                	fld	fa0,8(sp)
    80001cd8:	74a6                	ld	s1,104(sp)
    80001cda:	7906                	ld	s2,96(sp)
    80001cdc:	69e6                	ld	s3,88(sp)
    80001cde:	6a46                	ld	s4,80(sp)
    80001ce0:	6aa6                	ld	s5,72(sp)
    80001ce2:	6b06                	ld	s6,64(sp)
    80001ce4:	7be2                	ld	s7,56(sp)
    80001ce6:	7c42                	ld	s8,48(sp)
    80001ce8:	7ca2                	ld	s9,40(sp)
    80001cea:	2462                	fld	fs0,24(sp)
    80001cec:	6109                	addi	sp,sp,128
    80001cee:	8082                	ret
    80001cf0:	e402                	sd	zero,8(sp)
    80001cf2:	fe09d0e3          	bgez	s3,80001cd2 <__ieee754_pow+0x16c>
    80001cf6:	f20a87d3          	fmv.d.x	fa5,s5
    80001cfa:	22f797d3          	fneg.d	fa5,fa5
    80001cfe:	b5c1                	j	80001bbe <__ieee754_pow+0x58>
    80001d00:	3fe007b7          	lui	a5,0x3fe00
    80001d04:	02f99563          	bne	s3,a5,80001d2e <__ieee754_pow+0x1c8>
    80001d08:	020c4363          	bltz	s8,80001d2e <__ieee754_pow+0x1c8>
    80001d0c:	f2040553          	fmv.d.x	fa0,s0
    80001d10:	7446                	ld	s0,112(sp)
    80001d12:	70e6                	ld	ra,120(sp)
    80001d14:	74a6                	ld	s1,104(sp)
    80001d16:	7906                	ld	s2,96(sp)
    80001d18:	69e6                	ld	s3,88(sp)
    80001d1a:	6a46                	ld	s4,80(sp)
    80001d1c:	6aa6                	ld	s5,72(sp)
    80001d1e:	6b06                	ld	s6,64(sp)
    80001d20:	7be2                	ld	s7,56(sp)
    80001d22:	7c42                	ld	s8,48(sp)
    80001d24:	7ca2                	ld	s9,40(sp)
    80001d26:	2462                	fld	fs0,24(sp)
    80001d28:	6109                	addi	sp,sp,128
    80001d2a:	a4dff06f          	j	80001776 <__ieee754_sqrt>
    80001d2e:	f2040553          	fmv.d.x	fa0,s0
    80001d32:	a4bff0ef          	jal	8000177c <fabs>
    80001d36:	a42a                	fsd	fa0,8(sp)
    80001d38:	040b9963          	bnez	s7,80001d8a <__ieee754_pow+0x224>
    80001d3c:	022c9793          	slli	a5,s9,0x22
    80001d40:	9389                	srli	a5,a5,0x22
    80001d42:	3ff00737          	lui	a4,0x3ff00
    80001d46:	00e78463          	beq	a5,a4,80001d4e <__ieee754_pow+0x1e8>
    80001d4a:	04091063          	bnez	s2,80001d8a <__ieee754_pow+0x224>
    80001d4e:	0009da63          	bgez	s3,80001d62 <__ieee754_pow+0x1fc>
    80001d52:	2722                	fld	fa4,8(sp)
    80001d54:	00005797          	auipc	a5,0x5
    80001d58:	38c7b787          	fld	fa5,908(a5) # 800070e0 <__atexit_dummy+0x10>
    80001d5c:	1ae7f7d3          	fdiv.d	fa5,fa5,fa4
    80001d60:	a43e                	fsd	fa5,8(sp)
    80001d62:	f60c58e3          	bgez	s8,80001cd2 <__ieee754_pow+0x16c>
    80001d66:	c01007b7          	lui	a5,0xc0100
    80001d6a:	016787bb          	addw	a5,a5,s6
    80001d6e:	8fc5                	or	a5,a5,s1
    80001d70:	2781                	sext.w	a5,a5
    80001d72:	e799                	bnez	a5,80001d80 <__ieee754_pow+0x21a>
    80001d74:	27a2                	fld	fa5,8(sp)
    80001d76:	0af7f7d3          	fsub.d	fa5,fa5,fa5
    80001d7a:	1af7f7d3          	fdiv.d	fa5,fa5,fa5
    80001d7e:	b581                	j	80001bbe <__ieee754_pow+0x58>
    80001d80:	4785                	li	a5,1
    80001d82:	f4f498e3          	bne	s1,a5,80001cd2 <__ieee754_pow+0x16c>
    80001d86:	27a2                	fld	fa5,8(sp)
    80001d88:	bf8d                	j	80001cfa <__ieee754_pow+0x194>
    80001d8a:	01fcd81b          	srliw	a6,s9,0x1f
    80001d8e:	387d                	addiw	a6,a6,-1
    80001d90:	0104e7b3          	or	a5,s1,a6
    80001d94:	2781                	sext.w	a5,a5
    80001d96:	e781                	bnez	a5,80001d9e <__ieee754_pow+0x238>
    80001d98:	f20407d3          	fmv.d.x	fa5,s0
    80001d9c:	bfe9                	j	80001d76 <__ieee754_pow+0x210>
    80001d9e:	41e007b7          	lui	a5,0x41e00
    80001da2:	1547f463          	bgeu	a5,s4,80001eea <__ieee754_pow+0x384>
    80001da6:	43f007b7          	lui	a5,0x43f00
    80001daa:	0347f863          	bgeu	a5,s4,80001dda <__ieee754_pow+0x274>
    80001dae:	3ff007b7          	lui	a5,0x3ff00
    80001db2:	02f97d63          	bgeu	s2,a5,80001dec <__ieee754_pow+0x286>
    80001db6:	0209dd63          	bgez	s3,80001df0 <__ieee754_pow+0x28a>
    80001dba:	4501                	li	a0,0
    80001dbc:	7446                	ld	s0,112(sp)
    80001dbe:	70e6                	ld	ra,120(sp)
    80001dc0:	74a6                	ld	s1,104(sp)
    80001dc2:	7906                	ld	s2,96(sp)
    80001dc4:	69e6                	ld	s3,88(sp)
    80001dc6:	6a46                	ld	s4,80(sp)
    80001dc8:	6aa6                	ld	s5,72(sp)
    80001dca:	6b06                	ld	s6,64(sp)
    80001dcc:	7be2                	ld	s7,56(sp)
    80001dce:	7c42                	ld	s8,48(sp)
    80001dd0:	7ca2                	ld	s9,40(sp)
    80001dd2:	2462                	fld	fs0,24(sp)
    80001dd4:	6109                	addi	sp,sp,128
    80001dd6:	09f0006f          	j	80002674 <__math_oflow>
    80001dda:	3ff007b7          	lui	a5,0x3ff00
    80001dde:	17f9                	addi	a5,a5,-2 # 3feffffe <__heap_size+0x3fedfffe>
    80001de0:	3ff00737          	lui	a4,0x3ff00
    80001de4:	fd27f9e3          	bgeu	a5,s2,80001db6 <__ieee754_pow+0x250>
    80001de8:	03277463          	bgeu	a4,s2,80001e10 <__ieee754_pow+0x2aa>
    80001dec:	fd3047e3          	bgtz	s3,80001dba <__ieee754_pow+0x254>
    80001df0:	4501                	li	a0,0
    80001df2:	7446                	ld	s0,112(sp)
    80001df4:	70e6                	ld	ra,120(sp)
    80001df6:	74a6                	ld	s1,104(sp)
    80001df8:	7906                	ld	s2,96(sp)
    80001dfa:	69e6                	ld	s3,88(sp)
    80001dfc:	6a46                	ld	s4,80(sp)
    80001dfe:	6aa6                	ld	s5,72(sp)
    80001e00:	6b06                	ld	s6,64(sp)
    80001e02:	7be2                	ld	s7,56(sp)
    80001e04:	7c42                	ld	s8,48(sp)
    80001e06:	7ca2                	ld	s9,40(sp)
    80001e08:	2462                	fld	fs0,24(sp)
    80001e0a:	6109                	addi	sp,sp,128
    80001e0c:	0550006f          	j	80002660 <__math_uflow>
    80001e10:	2722                	fld	fa4,8(sp)
    80001e12:	00005797          	auipc	a5,0x5
    80001e16:	2ce7b787          	fld	fa5,718(a5) # 800070e0 <__atexit_dummy+0x10>
    80001e1a:	00005797          	auipc	a5,0x5
    80001e1e:	3767b607          	fld	fa2,886(a5) # 80007190 <__atexit_dummy+0xc0>
    80001e22:	0af777d3          	fsub.d	fa5,fa4,fa5
    80001e26:	00005797          	auipc	a5,0x5
    80001e2a:	4627b707          	fld	fa4,1122(a5) # 80007288 <__atexit_dummy+0x1b8>
    80001e2e:	62e7f74b          	fnmsub.d	fa4,fa5,fa4,fa2
    80001e32:	00005797          	auipc	a5,0x5
    80001e36:	3a67b607          	fld	fa2,934(a5) # 800071d8 <__atexit_dummy+0x108>
    80001e3a:	12f7f6d3          	fmul.d	fa3,fa5,fa5
    80001e3e:	62f7774b          	fnmsub.d	fa4,fa4,fa5,fa2
    80001e42:	00005797          	auipc	a5,0x5
    80001e46:	45e7b607          	fld	fa2,1118(a5) # 800072a0 <__atexit_dummy+0x1d0>
    80001e4a:	12e6f6d3          	fmul.d	fa3,fa3,fa4
    80001e4e:	00005797          	auipc	a5,0x5
    80001e52:	4427b707          	fld	fa4,1090(a5) # 80007290 <__atexit_dummy+0x1c0>
    80001e56:	12e6f6d3          	fmul.d	fa3,fa3,fa4
    80001e5a:	00005797          	auipc	a5,0x5
    80001e5e:	43e7b707          	fld	fa4,1086(a5) # 80007298 <__atexit_dummy+0x1c8>
    80001e62:	6ae7f747          	fmsub.d	fa4,fa5,fa4,fa3
    80001e66:	72c7f6c3          	fmadd.d	fa3,fa5,fa2,fa4
    80001e6a:	e20687d3          	fmv.x.d	a5,fa3
    80001e6e:	9381                	srli	a5,a5,0x20
    80001e70:	1782                	slli	a5,a5,0x20
    80001e72:	f20786d3          	fmv.d.x	fa3,a5
    80001e76:	6ac7f7cb          	fnmsub.d	fa5,fa5,fa2,fa3
    80001e7a:	34fd                	addiw	s1,s1,-1
    80001e7c:	0104e4b3          	or	s1,s1,a6
    80001e80:	2481                	sext.w	s1,s1
    80001e82:	0af77753          	fsub.d	fa4,fa4,fa5
    80001e86:	26048863          	beqz	s1,800020f6 <__ieee754_pow+0x590>
    80001e8a:	00005797          	auipc	a5,0x5
    80001e8e:	2567b407          	fld	fs0,598(a5) # 800070e0 <__atexit_dummy+0x10>
    80001e92:	020ad793          	srli	a5,s5,0x20
    80001e96:	1782                	slli	a5,a5,0x20
    80001e98:	f2078653          	fmv.d.x	fa2,a5
    80001e9c:	f20a87d3          	fmv.d.x	fa5,s5
    80001ea0:	0ac7f7d3          	fsub.d	fa5,fa5,fa2
    80001ea4:	f20a8653          	fmv.d.x	fa2,s5
    80001ea8:	12c77753          	fmul.d	fa4,fa4,fa2
    80001eac:	72d7f7c3          	fmadd.d	fa5,fa5,fa3,fa4
    80001eb0:	f2078753          	fmv.d.x	fa4,a5
    80001eb4:	409007b7          	lui	a5,0x40900
    80001eb8:	12e6f753          	fmul.d	fa4,fa3,fa4
    80001ebc:	02e7f6d3          	fadd.d	fa3,fa5,fa4
    80001ec0:	e20686d3          	fmv.x.d	a3,fa3
    80001ec4:	4206d593          	srai	a1,a3,0x20
    80001ec8:	862e                	mv	a2,a1
    80001eca:	0006871b          	sext.w	a4,a3
    80001ece:	24f5c863          	blt	a1,a5,8000211e <__ieee754_pow+0x5b8>
    80001ed2:	bf7007b7          	lui	a5,0xbf700
    80001ed6:	9fad                	addw	a5,a5,a1
    80001ed8:	8f5d                	or	a4,a4,a5
    80001eda:	2701                	sext.w	a4,a4
    80001edc:	22070263          	beqz	a4,80002100 <__ieee754_pow+0x59a>
    80001ee0:	f20007d3          	fmv.d.x	fa5,zero
    80001ee4:	a2f41553          	flt.d	a0,fs0,fa5
    80001ee8:	bdd1                	j	80001dbc <__ieee754_pow+0x256>
    80001eea:	014cd793          	srli	a5,s9,0x14
    80001eee:	7ff7f793          	andi	a5,a5,2047
    80001ef2:	4701                	li	a4,0
    80001ef4:	ef91                	bnez	a5,80001f10 <__ieee754_pow+0x3aa>
    80001ef6:	2722                	fld	fa4,8(sp)
    80001ef8:	00005797          	auipc	a5,0x5
    80001efc:	3b07b787          	fld	fa5,944(a5) # 800072a8 <__atexit_dummy+0x1d8>
    80001f00:	fcb00713          	li	a4,-53
    80001f04:	12f777d3          	fmul.d	fa5,fa4,fa5
    80001f08:	a43e                	fsd	fa5,8(sp)
    80001f0a:	67a2                	ld	a5,8(sp)
    80001f0c:	4207db13          	srai	s6,a5,0x20
    80001f10:	414b579b          	sraiw	a5,s6,0x14
    80001f14:	c017879b          	addiw	a5,a5,-1023
    80001f18:	00e7833b          	addw	t1,a5,a4
    80001f1c:	1b32                	slli	s6,s6,0x2c
    80001f1e:	0003a737          	lui	a4,0x3a
    80001f22:	02cb5b13          	srli	s6,s6,0x2c
    80001f26:	3ff00637          	lui	a2,0x3ff00
    80001f2a:	88e70713          	addi	a4,a4,-1906 # 3988e <__heap_size+0x1988e>
    80001f2e:	00cb6633          	or	a2,s6,a2
    80001f32:	4501                	li	a0,0
    80001f34:	01675e63          	bge	a4,s6,80001f50 <__ieee754_pow+0x3ea>
    80001f38:	000bb737          	lui	a4,0xbb
    80001f3c:	67970713          	addi	a4,a4,1657 # bb679 <__heap_size+0x9b679>
    80001f40:	4505                	li	a0,1
    80001f42:	01675763          	bge	a4,s6,80001f50 <__ieee754_pow+0x3ea>
    80001f46:	fff007b7          	lui	a5,0xfff00
    80001f4a:	2305                	addiw	t1,t1,1
    80001f4c:	9e3d                	addw	a2,a2,a5
    80001f4e:	4501                	li	a0,0
    80001f50:	65a2                	ld	a1,8(sp)
    80001f52:	577d                	li	a4,-1
    80001f54:	02075793          	srli	a5,a4,0x20
    80001f58:	02061693          	slli	a3,a2,0x20
    80001f5c:	8fed                	and	a5,a5,a1
    80001f5e:	8fd5                	or	a5,a5,a3
    80001f60:	00351e13          	slli	t3,a0,0x3
    80001f64:	00005697          	auipc	a3,0x5
    80001f68:	ccc68693          	addi	a3,a3,-820 # 80006c30 <bp>
    80001f6c:	96f2                	add	a3,a3,t3
    80001f6e:	f20786d3          	fmv.d.x	fa3,a5
    80001f72:	229c                	fld	fa5,0(a3)
    80001f74:	f2078753          	fmv.d.x	fa4,a5
    80001f78:	4016561b          	sraiw	a2,a2,0x1
    80001f7c:	02d7f653          	fadd.d	fa2,fa5,fa3
    80001f80:	00005697          	auipc	a3,0x5
    80001f84:	1606b687          	fld	fa3,352(a3) # 800070e0 <__atexit_dummy+0x10>
    80001f88:	0af77753          	fsub.d	fa4,fa4,fa5
    80001f8c:	200005b7          	lui	a1,0x20000
    80001f90:	8dd1                	or	a1,a1,a2
    80001f92:	00080637          	lui	a2,0x80
    80001f96:	9e2d                	addw	a2,a2,a1
    80001f98:	1ac6f6d3          	fdiv.d	fa3,fa3,fa2
    80001f9c:	0125151b          	slliw	a0,a0,0x12
    80001fa0:	9e29                	addw	a2,a2,a0
    80001fa2:	1602                	slli	a2,a2,0x20
    80001fa4:	1702                	slli	a4,a4,0x20
    80001fa6:	f20605d3          	fmv.d.x	fa1,a2
    80001faa:	d2030553          	fcvt.d.w	fa0,t1
    80001fae:	12d77653          	fmul.d	fa2,fa4,fa3
    80001fb2:	e20608d3          	fmv.x.d	a7,fa2
    80001fb6:	f2060653          	fmv.d.x	fa2,a2
    80001fba:	011776b3          	and	a3,a4,a7
    80001fbe:	0af677d3          	fsub.d	fa5,fa2,fa5
    80001fc2:	f2078653          	fmv.d.x	fa2,a5
    80001fc6:	0af677d3          	fsub.d	fa5,fa2,fa5
    80001fca:	f2068653          	fmv.d.x	fa2,a3
    80001fce:	72b6774b          	fnmsub.d	fa4,fa2,fa1,fa4
    80001fd2:	00005797          	auipc	a5,0x5
    80001fd6:	2e67b587          	fld	fa1,742(a5) # 800072b8 <__atexit_dummy+0x1e8>
    80001fda:	72f677cb          	fnmsub.d	fa5,fa2,fa5,fa4
    80001fde:	f2088753          	fmv.d.x	fa4,a7
    80001fe2:	12e77653          	fmul.d	fa2,fa4,fa4
    80001fe6:	00005797          	auipc	a5,0x5
    80001fea:	2ca7b707          	fld	fa4,714(a5) # 800072b0 <__atexit_dummy+0x1e0>
    80001fee:	12d7f7d3          	fmul.d	fa5,fa5,fa3
    80001ff2:	5ae67743          	fmadd.d	fa4,fa2,fa4,fa1
    80001ff6:	00005797          	auipc	a5,0x5
    80001ffa:	2ca7b587          	fld	fa1,714(a5) # 800072c0 <__atexit_dummy+0x1f0>
    80001ffe:	12c676d3          	fmul.d	fa3,fa2,fa2
    80002002:	5ac77743          	fmadd.d	fa4,fa4,fa2,fa1
    80002006:	00005797          	auipc	a5,0x5
    8000200a:	2c27b587          	fld	fa1,706(a5) # 800072c8 <__atexit_dummy+0x1f8>
    8000200e:	5ac77743          	fmadd.d	fa4,fa4,fa2,fa1
    80002012:	00005797          	auipc	a5,0x5
    80002016:	2be7b587          	fld	fa1,702(a5) # 800072d0 <__atexit_dummy+0x200>
    8000201a:	5ac77743          	fmadd.d	fa4,fa4,fa2,fa1
    8000201e:	00005797          	auipc	a5,0x5
    80002022:	2ba7b587          	fld	fa1,698(a5) # 800072d8 <__atexit_dummy+0x208>
    80002026:	5ac77743          	fmadd.d	fa4,fa4,fa2,fa1
    8000202a:	f20685d3          	fmv.d.x	fa1,a3
    8000202e:	f2088653          	fmv.d.x	fa2,a7
    80002032:	02b67653          	fadd.d	fa2,fa2,fa1
    80002036:	12f67653          	fmul.d	fa2,fa2,fa5
    8000203a:	62e6f6c3          	fmadd.d	fa3,fa3,fa4,fa2
    8000203e:	00005797          	auipc	a5,0x5
    80002042:	13a7b607          	fld	fa2,314(a5) # 80007178 <__atexit_dummy+0xa8>
    80002046:	62b5f743          	fmadd.d	fa4,fa1,fa1,fa2
    8000204a:	02d77753          	fadd.d	fa4,fa4,fa3
    8000204e:	e2070653          	fmv.x.d	a2,fa4
    80002052:	8e79                	and	a2,a2,a4
    80002054:	f2060753          	fmv.d.x	fa4,a2
    80002058:	0ac77653          	fsub.d	fa2,fa4,fa2
    8000205c:	f2088753          	fmv.d.x	fa4,a7
    80002060:	62b5f64b          	fnmsub.d	fa2,fa1,fa1,fa2
    80002064:	0ac6f6d3          	fsub.d	fa3,fa3,fa2
    80002068:	12e6f6d3          	fmul.d	fa3,fa3,fa4
    8000206c:	f2060753          	fmv.d.x	fa4,a2
    80002070:	6ae7f7c3          	fmadd.d	fa5,fa5,fa4,fa3
    80002074:	f20606d3          	fmv.d.x	fa3,a2
    80002078:	7ab77743          	fmadd.d	fa4,fa4,fa1,fa5
    8000207c:	e20707d3          	fmv.x.d	a5,fa4
    80002080:	8ff9                	and	a5,a5,a4
    80002082:	f2078653          	fmv.d.x	fa2,a5
    80002086:	62d5f74b          	fnmsub.d	fa4,fa1,fa3,fa2
    8000208a:	f20786d3          	fmv.d.x	fa3,a5
    8000208e:	0ae7f7d3          	fsub.d	fa5,fa5,fa4
    80002092:	00005697          	auipc	a3,0x5
    80002096:	24e6b707          	fld	fa4,590(a3) # 800072e0 <__atexit_dummy+0x210>
    8000209a:	12e7f7d3          	fmul.d	fa5,fa5,fa4
    8000209e:	00005697          	auipc	a3,0x5
    800020a2:	24a6b707          	fld	fa4,586(a3) # 800072e8 <__atexit_dummy+0x218>
    800020a6:	00005697          	auipc	a3,0x5
    800020aa:	b6a68693          	addi	a3,a3,-1174 # 80006c10 <dp_l>
    800020ae:	96f2                	add	a3,a3,t3
    800020b0:	7ac77743          	fmadd.d	fa4,fa4,fa2,fa5
    800020b4:	229c                	fld	fa5,0(a3)
    800020b6:	00005697          	auipc	a3,0x5
    800020ba:	23a6b607          	fld	fa2,570(a3) # 800072f0 <__atexit_dummy+0x220>
    800020be:	00005697          	auipc	a3,0x5
    800020c2:	b6268693          	addi	a3,a3,-1182 # 80006c20 <dp_h>
    800020c6:	96f2                	add	a3,a3,t3
    800020c8:	228c                	fld	fa1,0(a3)
    800020ca:	02f77753          	fadd.d	fa4,fa4,fa5
    800020ce:	72d677c3          	fmadd.d	fa5,fa2,fa3,fa4
    800020d2:	02b7f7d3          	fadd.d	fa5,fa5,fa1
    800020d6:	02a7f7d3          	fadd.d	fa5,fa5,fa0
    800020da:	e20786d3          	fmv.x.d	a3,fa5
    800020de:	8f75                	and	a4,a4,a3
    800020e0:	f20706d3          	fmv.d.x	fa3,a4
    800020e4:	0aa6f7d3          	fsub.d	fa5,fa3,fa0
    800020e8:	0ab7f7d3          	fsub.d	fa5,fa5,fa1
    800020ec:	f20785d3          	fmv.d.x	fa1,a5
    800020f0:	7ac5f7cb          	fnmsub.d	fa5,fa1,fa2,fa5
    800020f4:	b359                	j	80001e7a <__ieee754_pow+0x314>
    800020f6:	00005797          	auipc	a5,0x5
    800020fa:	0427b407          	fld	fs0,66(a5) # 80007138 <__atexit_dummy+0x68>
    800020fe:	bb51                	j	80001e92 <__ieee754_pow+0x32c>
    80002100:	00005797          	auipc	a5,0x5
    80002104:	1f87b607          	fld	fa2,504(a5) # 800072f8 <__atexit_dummy+0x228>
    80002108:	02c7f653          	fadd.d	fa2,fa5,fa2
    8000210c:	0ae6f6d3          	fsub.d	fa3,fa3,fa4
    80002110:	a2c697d3          	flt.d	a5,fa3,fa2
    80002114:	dc0796e3          	bnez	a5,80001ee0 <__ieee754_pow+0x37a>
    80002118:	409007b7          	lui	a5,0x40900
    8000211c:	a0b1                	j	80002168 <__ieee754_pow+0x602>
    8000211e:	02159793          	slli	a5,a1,0x21
    80002122:	4090d537          	lui	a0,0x4090d
    80002126:	9385                	srli	a5,a5,0x21
    80002128:	bff50513          	addi	a0,a0,-1025 # 4090cbff <__heap_size+0x408ecbff>
    8000212c:	02f57963          	bgeu	a0,a5,8000215e <__ieee754_pow+0x5f8>
    80002130:	3f6f37b7          	lui	a5,0x3f6f3
    80002134:	4007879b          	addiw	a5,a5,1024 # 3f6f3400 <__heap_size+0x3f6d3400>
    80002138:	9dbd                	addw	a1,a1,a5
    8000213a:	8f4d                	or	a4,a4,a1
    8000213c:	2701                	sext.w	a4,a4
    8000213e:	c711                	beqz	a4,8000214a <__ieee754_pow+0x5e4>
    80002140:	f20007d3          	fmv.d.x	fa5,zero
    80002144:	a2f41553          	flt.d	a0,fs0,fa5
    80002148:	b16d                	j	80001df2 <__ieee754_pow+0x28c>
    8000214a:	0ae6f6d3          	fsub.d	fa3,fa3,fa4
    8000214e:	a2d787d3          	fle.d	a5,fa5,fa3
    80002152:	f7fd                	bnez	a5,80002140 <__ieee754_pow+0x5da>
    80002154:	4090d7b7          	lui	a5,0x4090d
    80002158:	c0078793          	addi	a5,a5,-1024 # 4090cc00 <__heap_size+0x408ecc00>
    8000215c:	a031                	j	80002168 <__ieee754_pow+0x602>
    8000215e:	3fe00737          	lui	a4,0x3fe00
    80002162:	4501                	li	a0,0
    80002164:	04f77963          	bgeu	a4,a5,800021b6 <__ieee754_pow+0x650>
    80002168:	4147d79b          	sraiw	a5,a5,0x14
    8000216c:	001005b7          	lui	a1,0x100
    80002170:	c027879b          	addiw	a5,a5,-1022
    80002174:	40f5d7bb          	sraw	a5,a1,a5
    80002178:	00c7873b          	addw	a4,a5,a2
    8000217c:	4147579b          	sraiw	a5,a4,0x14
    80002180:	7ff7f793          	andi	a5,a5,2047
    80002184:	c017879b          	addiw	a5,a5,-1023
    80002188:	fff006b7          	lui	a3,0xfff00
    8000218c:	40f6d6bb          	sraw	a3,a3,a5
    80002190:	8ef9                	and	a3,a3,a4
    80002192:	1732                	slli	a4,a4,0x2c
    80002194:	9331                	srli	a4,a4,0x2c
    80002196:	8f4d                	or	a4,a4,a1
    80002198:	45d1                	li	a1,20
    8000219a:	2701                	sext.w	a4,a4
    8000219c:	40f587bb          	subw	a5,a1,a5
    800021a0:	1682                	slli	a3,a3,0x20
    800021a2:	40f7553b          	sraw	a0,a4,a5
    800021a6:	00065463          	bgez	a2,800021ae <__ieee754_pow+0x648>
    800021aa:	40a0053b          	negw	a0,a0
    800021ae:	f20686d3          	fmv.d.x	fa3,a3
    800021b2:	0ad77753          	fsub.d	fa4,fa4,fa3
    800021b6:	02f776d3          	fadd.d	fa3,fa4,fa5
    800021ba:	57fd                	li	a5,-1
    800021bc:	02079713          	slli	a4,a5,0x20
    800021c0:	e20686d3          	fmv.x.d	a3,fa3
    800021c4:	8f75                	and	a4,a4,a3
    800021c6:	f20706d3          	fmv.d.x	fa3,a4
    800021ca:	0ae6f753          	fsub.d	fa4,fa3,fa4
    800021ce:	0ae7f7d3          	fsub.d	fa5,fa5,fa4
    800021d2:	00005697          	auipc	a3,0x5
    800021d6:	12e6b707          	fld	fa4,302(a3) # 80007300 <__atexit_dummy+0x230>
    800021da:	12d77753          	fmul.d	fa4,fa4,fa3
    800021de:	00005697          	auipc	a3,0x5
    800021e2:	12a6b687          	fld	fa3,298(a3) # 80007308 <__atexit_dummy+0x238>
    800021e6:	72d7f7c3          	fmadd.d	fa5,fa5,fa3,fa4
    800021ea:	f20706d3          	fmv.d.x	fa3,a4
    800021ee:	00005697          	auipc	a3,0x5
    800021f2:	1226b707          	fld	fa4,290(a3) # 80007310 <__atexit_dummy+0x240>
    800021f6:	00005717          	auipc	a4,0x5
    800021fa:	12a73587          	fld	fa1,298(a4) # 80007320 <__atexit_dummy+0x250>
    800021fe:	7ad77643          	fmadd.d	fa2,fa4,fa3,fa5
    80002202:	62e6f74b          	fnmsub.d	fa4,fa3,fa4,fa2
    80002206:	12c676d3          	fmul.d	fa3,fa2,fa2
    8000220a:	0ae7f7d3          	fsub.d	fa5,fa5,fa4
    8000220e:	00005717          	auipc	a4,0x5
    80002212:	10a73707          	fld	fa4,266(a4) # 80007318 <__atexit_dummy+0x248>
    80002216:	5ae6f743          	fmadd.d	fa4,fa3,fa4,fa1
    8000221a:	00005717          	auipc	a4,0x5
    8000221e:	10e73587          	fld	fa1,270(a4) # 80007328 <__atexit_dummy+0x258>
    80002222:	7af677c3          	fmadd.d	fa5,fa2,fa5,fa5
    80002226:	5ad77743          	fmadd.d	fa4,fa4,fa3,fa1
    8000222a:	00005717          	auipc	a4,0x5
    8000222e:	10673587          	fld	fa1,262(a4) # 80007330 <__atexit_dummy+0x260>
    80002232:	5ad77743          	fmadd.d	fa4,fa4,fa3,fa1
    80002236:	00005717          	auipc	a4,0x5
    8000223a:	10273587          	fld	fa1,258(a4) # 80007338 <__atexit_dummy+0x268>
    8000223e:	5ad77743          	fmadd.d	fa4,fa4,fa3,fa1
    80002242:	00005717          	auipc	a4,0x5
    80002246:	f1673587          	fld	fa1,-234(a4) # 80007158 <__atexit_dummy+0x88>
    8000224a:	62d7774b          	fnmsub.d	fa4,fa4,fa3,fa2
    8000224e:	12e676d3          	fmul.d	fa3,fa2,fa4
    80002252:	0ab77753          	fsub.d	fa4,fa4,fa1
    80002256:	1ae6f753          	fdiv.d	fa4,fa3,fa4
    8000225a:	0af777d3          	fsub.d	fa5,fa4,fa5
    8000225e:	00005717          	auipc	a4,0x5
    80002262:	e8273707          	fld	fa4,-382(a4) # 800070e0 <__atexit_dummy+0x10>
    80002266:	0145171b          	slliw	a4,a0,0x14
    8000226a:	0ac7f7d3          	fsub.d	fa5,fa5,fa2
    8000226e:	0af777d3          	fsub.d	fa5,fa4,fa5
    80002272:	e20786d3          	fmv.x.d	a3,fa5
    80002276:	4206d613          	srai	a2,a3,0x20
    8000227a:	9f31                	addw	a4,a4,a2
    8000227c:	4147561b          	sraiw	a2,a4,0x14
    80002280:	00c04d63          	bgtz	a2,8000229a <__ieee754_pow+0x734>
    80002284:	22f78553          	fmv.d	fa0,fa5
    80002288:	2b2000ef          	jal	8000253a <scalbn>
    8000228c:	e20507d3          	fmv.x.d	a5,fa0
    80002290:	f20787d3          	fmv.d.x	fa5,a5
    80002294:	1287f7d3          	fmul.d	fa5,fa5,fs0
    80002298:	b21d                	j	80001bbe <__ieee754_pow+0x58>
    8000229a:	9381                	srli	a5,a5,0x20
    8000229c:	1702                	slli	a4,a4,0x20
    8000229e:	8ff5                	and	a5,a5,a3
    800022a0:	8fd9                	or	a5,a5,a4
    800022a2:	b7fd                	j	80002290 <__ieee754_pow+0x72a>
    800022a4:	00005797          	auipc	a5,0x5
    800022a8:	e3c7b783          	ld	a5,-452(a5) # 800070e0 <__atexit_dummy+0x10>
    800022ac:	e43e                	sd	a5,8(sp)
    800022ae:	b415                	j	80001cd2 <__ieee754_pow+0x16c>

00000000800022b0 <__ieee754_rem_pio2>:
    800022b0:	e20507d3          	fmv.x.d	a5,fa0
    800022b4:	7139                	addi	sp,sp,-64
    800022b6:	f04a                	sd	s2,32(sp)
    800022b8:	4207d913          	srai	s2,a5,0x20
    800022bc:	02191693          	slli	a3,s2,0x21
    800022c0:	3fe92637          	lui	a2,0x3fe92
    800022c4:	f822                	sd	s0,48(sp)
    800022c6:	fc06                	sd	ra,56(sp)
    800022c8:	f426                	sd	s1,40(sp)
    800022ca:	9285                	srli	a3,a3,0x21
    800022cc:	1fb60613          	addi	a2,a2,507 # 3fe921fb <__heap_size+0x3fe721fb>
    800022d0:	842a                	mv	s0,a0
    800022d2:	00d66863          	bltu	a2,a3,800022e2 <__ieee754_rem_pio2+0x32>
    800022d6:	f20007d3          	fmv.d.x	fa5,zero
    800022da:	a008                	fsd	fa0,0(s0)
    800022dc:	a51c                	fsd	fa5,8(a0)
    800022de:	4501                	li	a0,0
    800022e0:	a099                	j	80002326 <__ieee754_rem_pio2+0x76>
    800022e2:	4002e637          	lui	a2,0x4002e
    800022e6:	97b60613          	addi	a2,a2,-1669 # 4002d97b <__heap_size+0x4000d97b>
    800022ea:	2901                	sext.w	s2,s2
    800022ec:	08d66b63          	bltu	a2,a3,80002382 <__ieee754_rem_pio2+0xd2>
    800022f0:	00005717          	auipc	a4,0x5
    800022f4:	05073787          	fld	fa5,80(a4) # 80007340 <__atexit_dummy+0x270>
    800022f8:	3ff92737          	lui	a4,0x3ff92
    800022fc:	1fb70713          	addi	a4,a4,507 # 3ff921fb <__heap_size+0x3ff721fb>
    80002300:	05205463          	blez	s2,80002348 <__ieee754_rem_pio2+0x98>
    80002304:	0af577d3          	fsub.d	fa5,fa0,fa5
    80002308:	02e68563          	beq	a3,a4,80002332 <__ieee754_rem_pio2+0x82>
    8000230c:	00005797          	auipc	a5,0x5
    80002310:	03c7b687          	fld	fa3,60(a5) # 80007348 <__atexit_dummy+0x278>
    80002314:	0ad7f753          	fsub.d	fa4,fa5,fa3
    80002318:	4505                	li	a0,1
    8000231a:	0ae7f7d3          	fsub.d	fa5,fa5,fa4
    8000231e:	a018                	fsd	fa4,0(s0)
    80002320:	0ad7f7d3          	fsub.d	fa5,fa5,fa3
    80002324:	a41c                	fsd	fa5,8(s0)
    80002326:	70e2                	ld	ra,56(sp)
    80002328:	7442                	ld	s0,48(sp)
    8000232a:	74a2                	ld	s1,40(sp)
    8000232c:	7902                	ld	s2,32(sp)
    8000232e:	6121                	addi	sp,sp,64
    80002330:	8082                	ret
    80002332:	00005797          	auipc	a5,0x5
    80002336:	01e7b707          	fld	fa4,30(a5) # 80007350 <__atexit_dummy+0x280>
    8000233a:	0ae7f7d3          	fsub.d	fa5,fa5,fa4
    8000233e:	00005797          	auipc	a5,0x5
    80002342:	01a7b687          	fld	fa3,26(a5) # 80007358 <__atexit_dummy+0x288>
    80002346:	b7f9                	j	80002314 <__ieee754_rem_pio2+0x64>
    80002348:	02f577d3          	fadd.d	fa5,fa0,fa5
    8000234c:	02e68063          	beq	a3,a4,8000236c <__ieee754_rem_pio2+0xbc>
    80002350:	00005797          	auipc	a5,0x5
    80002354:	ff87b687          	fld	fa3,-8(a5) # 80007348 <__atexit_dummy+0x278>
    80002358:	02d7f753          	fadd.d	fa4,fa5,fa3
    8000235c:	557d                	li	a0,-1
    8000235e:	0ae7f7d3          	fsub.d	fa5,fa5,fa4
    80002362:	a018                	fsd	fa4,0(s0)
    80002364:	02d7f7d3          	fadd.d	fa5,fa5,fa3
    80002368:	a41c                	fsd	fa5,8(s0)
    8000236a:	bf75                	j	80002326 <__ieee754_rem_pio2+0x76>
    8000236c:	00005797          	auipc	a5,0x5
    80002370:	fe47b707          	fld	fa4,-28(a5) # 80007350 <__atexit_dummy+0x280>
    80002374:	02e7f7d3          	fadd.d	fa5,fa5,fa4
    80002378:	00005797          	auipc	a5,0x5
    8000237c:	fe07b687          	fld	fa3,-32(a5) # 80007358 <__atexit_dummy+0x288>
    80002380:	bfe1                	j	80002358 <__ieee754_rem_pio2+0xa8>
    80002382:	41392637          	lui	a2,0x41392
    80002386:	1fb60613          	addi	a2,a2,507 # 413921fb <__heap_size+0x413721fb>
    8000238a:	0006849b          	sext.w	s1,a3
    8000238e:	10d66463          	bltu	a2,a3,80002496 <__ieee754_rem_pio2+0x1e6>
    80002392:	beaff0ef          	jal	8000177c <fabs>
    80002396:	00005797          	auipc	a5,0x5
    8000239a:	e427b707          	fld	fa4,-446(a5) # 800071d8 <__atexit_dummy+0x108>
    8000239e:	00005797          	auipc	a5,0x5
    800023a2:	fc27b787          	fld	fa5,-62(a5) # 80007360 <__atexit_dummy+0x290>
    800023a6:	72f577c3          	fmadd.d	fa5,fa0,fa5,fa4
    800023aa:	c2079753          	fcvt.w.d	a4,fa5,rtz
    800023ae:	00005797          	auipc	a5,0x5
    800023b2:	f927b787          	fld	fa5,-110(a5) # 80007340 <__atexit_dummy+0x270>
    800023b6:	d2070753          	fcvt.d.w	fa4,a4
    800023ba:	0007051b          	sext.w	a0,a4
    800023be:	52f7754b          	fnmsub.d	fa0,fa4,fa5,fa0
    800023c2:	00005797          	auipc	a5,0x5
    800023c6:	f867b787          	fld	fa5,-122(a5) # 80007348 <__atexit_dummy+0x278>
    800023ca:	12f777d3          	fmul.d	fa5,fa4,fa5
    800023ce:	47fd                	li	a5,31
    800023d0:	0af576d3          	fsub.d	fa3,fa0,fa5
    800023d4:	e2068653          	fmv.x.d	a2,fa3
    800023d8:	00a7cd63          	blt	a5,a0,800023f2 <__ieee754_rem_pio2+0x142>
    800023dc:	fff7069b          	addiw	a3,a4,-1
    800023e0:	068a                	slli	a3,a3,0x2
    800023e2:	00005797          	auipc	a5,0x5
    800023e6:	85e78793          	addi	a5,a5,-1954 # 80006c40 <npio2_hw>
    800023ea:	97b6                	add	a5,a5,a3
    800023ec:	439c                	lw	a5,0(a5)
    800023ee:	00979d63          	bne	a5,s1,80002408 <__ieee754_rem_pio2+0x158>
    800023f2:	03465793          	srli	a5,a2,0x34
    800023f6:	4144d49b          	sraiw	s1,s1,0x14
    800023fa:	7ff7f793          	andi	a5,a5,2047
    800023fe:	40f487bb          	subw	a5,s1,a5
    80002402:	46c1                	li	a3,16
    80002404:	02f6c463          	blt	a3,a5,8000242c <__ieee754_rem_pio2+0x17c>
    80002408:	e010                	sd	a2,0(s0)
    8000240a:	2018                	fld	fa4,0(s0)
    8000240c:	0ae57553          	fsub.d	fa0,fa0,fa4
    80002410:	0af57553          	fsub.d	fa0,fa0,fa5
    80002414:	a408                	fsd	fa0,8(s0)
    80002416:	f00958e3          	bgez	s2,80002326 <__ieee754_rem_pio2+0x76>
    8000241a:	22e71753          	fneg.d	fa4,fa4
    8000241e:	22a51553          	fneg.d	fa0,fa0
    80002422:	40e0053b          	negw	a0,a4
    80002426:	a018                	fsd	fa4,0(s0)
    80002428:	a408                	fsd	fa0,8(s0)
    8000242a:	bdf5                	j	80002326 <__ieee754_rem_pio2+0x76>
    8000242c:	00005797          	auipc	a5,0x5
    80002430:	f247b787          	fld	fa5,-220(a5) # 80007350 <__atexit_dummy+0x280>
    80002434:	52f776cb          	fnmsub.d	fa3,fa4,fa5,fa0
    80002438:	0ad57553          	fsub.d	fa0,fa0,fa3
    8000243c:	52f7764b          	fnmsub.d	fa2,fa4,fa5,fa0
    80002440:	00005797          	auipc	a5,0x5
    80002444:	f187b787          	fld	fa5,-232(a5) # 80007358 <__atexit_dummy+0x288>
    80002448:	62f777c7          	fmsub.d	fa5,fa4,fa5,fa2
    8000244c:	0af6f653          	fsub.d	fa2,fa3,fa5
    80002450:	e20606d3          	fmv.x.d	a3,fa2
    80002454:	0346d793          	srli	a5,a3,0x34
    80002458:	7ff7f793          	andi	a5,a5,2047
    8000245c:	9c9d                	subw	s1,s1,a5
    8000245e:	03100793          	li	a5,49
    80002462:	0097c663          	blt	a5,s1,8000246e <__ieee754_rem_pio2+0x1be>
    80002466:	22d68553          	fmv.d	fa0,fa3
    8000246a:	a010                	fsd	fa2,0(s0)
    8000246c:	bf79                	j	8000240a <__ieee754_rem_pio2+0x15a>
    8000246e:	00005797          	auipc	a5,0x5
    80002472:	efa7b787          	fld	fa5,-262(a5) # 80007368 <__atexit_dummy+0x298>
    80002476:	6af7754b          	fnmsub.d	fa0,fa4,fa5,fa3
    8000247a:	0aa6f6d3          	fsub.d	fa3,fa3,fa0
    8000247e:	6af776cb          	fnmsub.d	fa3,fa4,fa5,fa3
    80002482:	00005797          	auipc	a5,0x5
    80002486:	eee7b787          	fld	fa5,-274(a5) # 80007370 <__atexit_dummy+0x2a0>
    8000248a:	6af777c7          	fmsub.d	fa5,fa4,fa5,fa3
    8000248e:	0af57753          	fsub.d	fa4,fa0,fa5
    80002492:	a018                	fsd	fa4,0(s0)
    80002494:	bf9d                	j	8000240a <__ieee754_rem_pio2+0x15a>
    80002496:	7ff00637          	lui	a2,0x7ff00
    8000249a:	00c6e763          	bltu	a3,a2,800024a8 <__ieee754_rem_pio2+0x1f8>
    8000249e:	0aa577d3          	fsub.d	fa5,fa0,fa0
    800024a2:	a51c                	fsd	fa5,8(a0)
    800024a4:	a11c                	fsd	fa5,0(a0)
    800024a6:	bd25                	j	800022de <__ieee754_rem_pio2+0x2e>
    800024a8:	873e                	mv	a4,a5
    800024aa:	4144d79b          	sraiw	a5,s1,0x14
    800024ae:	bea7861b          	addiw	a2,a5,-1046
    800024b2:	0146179b          	slliw	a5,a2,0x14
    800024b6:	9c9d                	subw	s1,s1,a5
    800024b8:	02071793          	slli	a5,a4,0x20
    800024bc:	1482                	slli	s1,s1,0x20
    800024be:	9381                	srli	a5,a5,0x20
    800024c0:	8fc5                	or	a5,a5,s1
    800024c2:	f20787d3          	fmv.d.x	fa5,a5
    800024c6:	f2078753          	fmv.d.x	fa4,a5
    800024ca:	468d                	li	a3,3
    800024cc:	c2079753          	fcvt.w.d	a4,fa5,rtz
    800024d0:	d20707d3          	fcvt.d.w	fa5,a4
    800024d4:	a43e                	fsd	fa5,8(sp)
    800024d6:	0af777d3          	fsub.d	fa5,fa4,fa5
    800024da:	00005797          	auipc	a5,0x5
    800024de:	e9e7b707          	fld	fa4,-354(a5) # 80007378 <__atexit_dummy+0x2a8>
    800024e2:	12e7f7d3          	fmul.d	fa5,fa5,fa4
    800024e6:	c20797d3          	fcvt.w.d	a5,fa5,rtz
    800024ea:	d20786d3          	fcvt.d.w	fa3,a5
    800024ee:	0007871b          	sext.w	a4,a5
    800024f2:	0ad7f7d3          	fsub.d	fa5,fa5,fa3
    800024f6:	a836                	fsd	fa3,16(sp)
    800024f8:	12e7f7d3          	fmul.d	fa5,fa5,fa4
    800024fc:	f2000753          	fmv.d.x	fa4,zero
    80002500:	a2e7a7d3          	feq.d	a5,fa5,fa4
    80002504:	ac3e                	fsd	fa5,24(sp)
    80002506:	c781                	beqz	a5,8000250e <__ieee754_rem_pio2+0x25e>
    80002508:	00e036b3          	snez	a3,a4
    8000250c:	0685                	addi	a3,a3,1
    8000250e:	00004797          	auipc	a5,0x4
    80002512:	7b278793          	addi	a5,a5,1970 # 80006cc0 <two_over_pi>
    80002516:	4709                	li	a4,2
    80002518:	85a2                	mv	a1,s0
    8000251a:	0028                	addi	a0,sp,8
    8000251c:	1da000ef          	jal	800026f6 <__kernel_rem_pio2>
    80002520:	e00953e3          	bgez	s2,80002326 <__ieee754_rem_pio2+0x76>
    80002524:	201c                	fld	fa5,0(s0)
    80002526:	40a0053b          	negw	a0,a0
    8000252a:	22f797d3          	fneg.d	fa5,fa5
    8000252e:	a01c                	fsd	fa5,0(s0)
    80002530:	241c                	fld	fa5,8(s0)
    80002532:	22f797d3          	fneg.d	fa5,fa5
    80002536:	a41c                	fsd	fa5,8(s0)
    80002538:	b3fd                	j	80002326 <__ieee754_rem_pio2+0x76>

000000008000253a <scalbn>:
    8000253a:	e20507d3          	fmv.x.d	a5,fa0
    8000253e:	4347d693          	srai	a3,a5,0x34
    80002542:	4207d613          	srai	a2,a5,0x20
    80002546:	7ff6f693          	andi	a3,a3,2047
    8000254a:	8732                	mv	a4,a2
    8000254c:	ea9d                	bnez	a3,80002582 <scalbn+0x48>
    8000254e:	02161713          	slli	a4,a2,0x21
    80002552:	9305                	srli	a4,a4,0x21
    80002554:	8f5d                	or	a4,a4,a5
    80002556:	2701                	sext.w	a4,a4
    80002558:	cb51                	beqz	a4,800025ec <scalbn+0xb2>
    8000255a:	00005717          	auipc	a4,0x5
    8000255e:	e2673787          	fld	fa5,-474(a4) # 80007380 <__atexit_dummy+0x2b0>
    80002562:	12f577d3          	fmul.d	fa5,fa0,fa5
    80002566:	7751                	lui	a4,0xffff4
    80002568:	cb070713          	addi	a4,a4,-848 # ffffffffffff3cb0 <__heap_end+0xffffffff7ffcbcb0>
    8000256c:	e20787d3          	fmv.x.d	a5,fa5
    80002570:	02e55263          	bge	a0,a4,80002594 <scalbn+0x5a>
    80002574:	00005717          	auipc	a4,0x5
    80002578:	e1473787          	fld	fa5,-492(a4) # 80007388 <__atexit_dummy+0x2b8>
    8000257c:	f2078753          	fmv.d.x	fa4,a5
    80002580:	a83d                	j	800025be <scalbn+0x84>
    80002582:	7ff00613          	li	a2,2047
    80002586:	00c69f63          	bne	a3,a2,800025a4 <scalbn+0x6a>
    8000258a:	02a577d3          	fadd.d	fa5,fa0,fa0
    8000258e:	e20787d3          	fmv.x.d	a5,fa5
    80002592:	a8a9                	j	800025ec <scalbn+0xb2>
    80002594:	4347d693          	srai	a3,a5,0x34
    80002598:	7ff6f693          	andi	a3,a3,2047
    8000259c:	4207d713          	srai	a4,a5,0x20
    800025a0:	fca6869b          	addiw	a3,a3,-54
    800025a4:	6631                	lui	a2,0xc
    800025a6:	35060613          	addi	a2,a2,848 # c350 <__stack_size+0x4350>
    800025aa:	00a65d63          	bge	a2,a0,800025c4 <scalbn+0x8a>
    800025ae:	00005717          	auipc	a4,0x5
    800025b2:	de273787          	fld	fa5,-542(a4) # 80007390 <__atexit_dummy+0x2c0>
    800025b6:	f2078753          	fmv.d.x	fa4,a5
    800025ba:	22e78753          	fsgnj.d	fa4,fa5,fa4
    800025be:	12e7f7d3          	fmul.d	fa5,fa5,fa4
    800025c2:	b7f1                	j	8000258e <scalbn+0x54>
    800025c4:	9ea9                	addw	a3,a3,a0
    800025c6:	7fe00613          	li	a2,2046
    800025ca:	8536                	mv	a0,a3
    800025cc:	fed641e3          	blt	a2,a3,800025ae <scalbn+0x74>
    800025d0:	02d05163          	blez	a3,800025f2 <scalbn+0xb8>
    800025d4:	801006b7          	lui	a3,0x80100
    800025d8:	16fd                	addi	a3,a3,-1 # ffffffff800fffff <__heap_end+0xffffffff000d7fff>
    800025da:	8f75                	and	a4,a4,a3
    800025dc:	0145151b          	slliw	a0,a0,0x14
    800025e0:	56fd                	li	a3,-1
    800025e2:	8f49                	or	a4,a4,a0
    800025e4:	9281                	srli	a3,a3,0x20
    800025e6:	1702                	slli	a4,a4,0x20
    800025e8:	8ff5                	and	a5,a5,a3
    800025ea:	8fd9                	or	a5,a5,a4
    800025ec:	f2078553          	fmv.d.x	fa0,a5
    800025f0:	8082                	ret
    800025f2:	fcb00613          	li	a2,-53
    800025f6:	00c6d763          	bge	a3,a2,80002604 <scalbn+0xca>
    800025fa:	00005717          	auipc	a4,0x5
    800025fe:	d8e73787          	fld	fa5,-626(a4) # 80007388 <__atexit_dummy+0x2b8>
    80002602:	bf55                	j	800025b6 <scalbn+0x7c>
    80002604:	0366851b          	addiw	a0,a3,54
    80002608:	801006b7          	lui	a3,0x80100
    8000260c:	16fd                	addi	a3,a3,-1 # ffffffff800fffff <__heap_end+0xffffffff000d7fff>
    8000260e:	8f75                	and	a4,a4,a3
    80002610:	0145151b          	slliw	a0,a0,0x14
    80002614:	56fd                	li	a3,-1
    80002616:	8f49                	or	a4,a4,a0
    80002618:	9281                	srli	a3,a3,0x20
    8000261a:	1702                	slli	a4,a4,0x20
    8000261c:	8ff5                	and	a5,a5,a3
    8000261e:	8fd9                	or	a5,a5,a4
    80002620:	00005717          	auipc	a4,0x5
    80002624:	d7873787          	fld	fa5,-648(a4) # 80007398 <__atexit_dummy+0x2c8>
    80002628:	bf91                	j	8000257c <scalbn+0x42>

000000008000262a <with_errno>:
    8000262a:	1101                	addi	sp,sp,-32
    8000262c:	e822                	sd	s0,16(sp)
    8000262e:	ec06                	sd	ra,24(sp)
    80002630:	a42a                	fsd	fa0,8(sp)
    80002632:	842a                	mv	s0,a0
    80002634:	757020ef          	jal	8000558a <__errno>
    80002638:	60e2                	ld	ra,24(sp)
    8000263a:	c100                	sw	s0,0(a0)
    8000263c:	6442                	ld	s0,16(sp)
    8000263e:	2522                	fld	fa0,8(sp)
    80002640:	6105                	addi	sp,sp,32
    80002642:	8082                	ret

0000000080002644 <xflow>:
    80002644:	22a517d3          	fneg.d	fa5,fa0
    80002648:	1141                	addi	sp,sp,-16
    8000264a:	e119                	bnez	a0,80002650 <xflow+0xc>
    8000264c:	22a507d3          	fmv.d	fa5,fa0
    80002650:	a43e                	fsd	fa5,8(sp)
    80002652:	27a2                	fld	fa5,8(sp)
    80002654:	02200513          	li	a0,34
    80002658:	12f57553          	fmul.d	fa0,fa0,fa5
    8000265c:	0141                	addi	sp,sp,16
    8000265e:	b7f1                	j	8000262a <with_errno>

0000000080002660 <__math_uflow>:
    80002660:	00005797          	auipc	a5,0x5
    80002664:	d407b507          	fld	fa0,-704(a5) # 800073a0 <__atexit_dummy+0x2d0>
    80002668:	bff1                	j	80002644 <xflow>

000000008000266a <__math_may_uflow>:
    8000266a:	00005797          	auipc	a5,0x5
    8000266e:	d3e7b507          	fld	fa0,-706(a5) # 800073a8 <__atexit_dummy+0x2d8>
    80002672:	bfc9                	j	80002644 <xflow>

0000000080002674 <__math_oflow>:
    80002674:	00005797          	auipc	a5,0x5
    80002678:	d3c7b507          	fld	fa0,-708(a5) # 800073b0 <__atexit_dummy+0x2e0>
    8000267c:	b7e1                	j	80002644 <xflow>

000000008000267e <__math_divzero>:
    8000267e:	1141                	addi	sp,sp,-16
    80002680:	cd19                	beqz	a0,8000269e <__math_divzero+0x20>
    80002682:	00005797          	auipc	a5,0x5
    80002686:	ab67b787          	fld	fa5,-1354(a5) # 80007138 <__atexit_dummy+0x68>
    8000268a:	a43e                	fsd	fa5,8(sp)
    8000268c:	2522                	fld	fa0,8(sp)
    8000268e:	f20007d3          	fmv.d.x	fa5,zero
    80002692:	02200513          	li	a0,34
    80002696:	1af57553          	fdiv.d	fa0,fa0,fa5
    8000269a:	0141                	addi	sp,sp,16
    8000269c:	b779                	j	8000262a <with_errno>
    8000269e:	00005797          	auipc	a5,0x5
    800026a2:	a427b787          	fld	fa5,-1470(a5) # 800070e0 <__atexit_dummy+0x10>
    800026a6:	b7d5                	j	8000268a <__math_divzero+0xc>

00000000800026a8 <__math_invalid>:
    800026a8:	22a507d3          	fmv.d	fa5,fa0
    800026ac:	0aa57553          	fsub.d	fa0,fa0,fa0
    800026b0:	a2f7a7d3          	feq.d	a5,fa5,fa5
    800026b4:	1aa57553          	fdiv.d	fa0,fa0,fa0
    800026b8:	c781                	beqz	a5,800026c0 <__math_invalid+0x18>
    800026ba:	02100513          	li	a0,33
    800026be:	b7b5                	j	8000262a <with_errno>
    800026c0:	8082                	ret

00000000800026c2 <__math_check_uflow>:
    800026c2:	f20007d3          	fmv.d.x	fa5,zero
    800026c6:	a2f527d3          	feq.d	a5,fa0,fa5
    800026ca:	c781                	beqz	a5,800026d2 <__math_check_uflow+0x10>
    800026cc:	02200513          	li	a0,34
    800026d0:	bfa9                	j	8000262a <with_errno>
    800026d2:	8082                	ret

00000000800026d4 <__math_check_oflow>:
    800026d4:	22a527d3          	fabs.d	fa5,fa0
    800026d8:	00005797          	auipc	a5,0x5
    800026dc:	ce07b707          	fld	fa4,-800(a5) # 800073b8 <__atexit_dummy+0x2e8>
    800026e0:	00102773          	frflags	a4
    800026e4:	a2f717d3          	flt.d	a5,fa4,fa5
    800026e8:	00171073          	fsflags	a4
    800026ec:	c781                	beqz	a5,800026f4 <__math_check_oflow+0x20>
    800026ee:	02200513          	li	a0,34
    800026f2:	bf25                	j	8000262a <with_errno>
    800026f4:	8082                	ret

00000000800026f6 <__kernel_rem_pio2>:
    800026f6:	d0010113          	addi	sp,sp,-768
    800026fa:	2d613023          	sd	s6,704(sp)
    800026fe:	e43e                	sd	a5,8(sp)
    80002700:	8b3a                	mv	s6,a4
    80002702:	00004797          	auipc	a5,0x4
    80002706:	70678793          	addi	a5,a5,1798 # 80006e08 <init_jk>
    8000270a:	070a                	slli	a4,a4,0x2
    8000270c:	97ba                	add	a5,a5,a4
    8000270e:	2b713c23          	sd	s7,696(sp)
    80002712:	2b913423          	sd	s9,680(sp)
    80002716:	2ba13023          	sd	s10,672(sp)
    8000271a:	fff6889b          	addiw	a7,a3,-1
    8000271e:	2e113c23          	sd	ra,760(sp)
    80002722:	2e813823          	sd	s0,752(sp)
    80002726:	2e913423          	sd	s1,744(sp)
    8000272a:	2f213023          	sd	s2,736(sp)
    8000272e:	2d313c23          	sd	s3,728(sp)
    80002732:	2d413823          	sd	s4,720(sp)
    80002736:	2d513423          	sd	s5,712(sp)
    8000273a:	2b813823          	sd	s8,688(sp)
    8000273e:	29b13c23          	sd	s11,664(sp)
    80002742:	28813427          	fsd	fs0,648(sp)
    80002746:	28913027          	fsd	fs1,640(sp)
    8000274a:	27213c27          	fsd	fs2,632(sp)
    8000274e:	27313827          	fsd	fs3,624(sp)
    80002752:	27413427          	fsd	fs4,616(sp)
    80002756:	27513027          	fsd	fs5,608(sp)
    8000275a:	25613c27          	fsd	fs6,600(sp)
    8000275e:	e02a                	sd	a0,0(sp)
    80002760:	5731                	li	a4,-20
    80002762:	0007ab83          	lw	s7,0(a5)
    80002766:	8cae                	mv	s9,a1
    80002768:	87c6                	mv	a5,a7
    8000276a:	4d01                	li	s10,0
    8000276c:	00e64763          	blt	a2,a4,8000277a <__kernel_rem_pio2+0x84>
    80002770:	ffd6081b          	addiw	a6,a2,-3
    80002774:	4761                	li	a4,24
    80002776:	02e84d3b          	divw	s10,a6,a4
    8000277a:	5721                	li	a4,-24
    8000277c:	001d0a9b          	addiw	s5,s10,1
    80002780:	40fd033b          	subw	t1,s10,a5
    80002784:	017787bb          	addw	a5,a5,s7
    80002788:	02ea8abb          	mulw	s5,s5,a4
    8000278c:	871a                	mv	a4,t1
    8000278e:	00ca893b          	addw	s2,s5,a2
    80002792:	8aca                	mv	s5,s2
    80002794:	1890                	addi	a2,sp,112
    80002796:	4067053b          	subw	a0,a4,t1
    8000279a:	1aa7d363          	bge	a5,a0,80002940 <__kernel_rem_pio2+0x24a>
    8000279e:	fff68793          	addi	a5,a3,-1
    800027a2:	1b18                	addi	a4,sp,432
    800027a4:	078e                	slli	a5,a5,0x3
    800027a6:	1890                	addi	a2,sp,112
    800027a8:	97b2                	add	a5,a5,a2
    800027aa:	4501                	li	a0,0
    800027ac:	8a3a                	mv	s4,a4
    800027ae:	1cabdf63          	bge	s7,a0,8000298c <__kernel_rem_pio2+0x296>
    800027b2:	002b9d93          	slli	s11,s7,0x2
    800027b6:	020d8793          	addi	a5,s11,32
    800027ba:	00278db3          	add	s11,a5,sp
    800027be:	00369993          	slli	s3,a3,0x3
    800027c2:	189c                	addi	a5,sp,112
    800027c4:	99be                	add	s3,s3,a5
    800027c6:	845e                	mv	s0,s7
    800027c8:	00005797          	auipc	a5,0x5
    800027cc:	bf87ba07          	fld	fs4,-1032(a5) # 800073c0 <__atexit_dummy+0x2f0>
    800027d0:	00005797          	auipc	a5,0x5
    800027d4:	ba87ba87          	fld	fs5,-1112(a5) # 80007378 <__atexit_dummy+0x2a8>
    800027d8:	00005797          	auipc	a5,0x5
    800027dc:	bf07b907          	fld	fs2,-1040(a5) # 800073c8 <__atexit_dummy+0x2f8>
    800027e0:	00005797          	auipc	a5,0x5
    800027e4:	bf07b987          	fld	fs3,-1040(a5) # 800073d0 <__atexit_dummy+0x300>
    800027e8:	00005797          	auipc	a5,0x5
    800027ec:	8f87b487          	fld	fs1,-1800(a5) # 800070e0 <__atexit_dummy+0x10>
    800027f0:	00005797          	auipc	a5,0x5
    800027f4:	9e87bb07          	fld	fs6,-1560(a5) # 800071d8 <__atexit_dummy+0x108>
    800027f8:	00341793          	slli	a5,s0,0x3
    800027fc:	1014                	addi	a3,sp,32
    800027fe:	23078713          	addi	a4,a5,560
    80002802:	9736                	add	a4,a4,a3
    80002804:	f6073507          	fld	fa0,-160(a4)
    80002808:	8636                	mv	a2,a3
    8000280a:	8736                	mv	a4,a3
    8000280c:	97d2                	add	a5,a5,s4
    8000280e:	86a2                	mv	a3,s0
    80002810:	17e1                	addi	a5,a5,-8
    80002812:	18d04263          	bgtz	a3,80002996 <__kernel_rem_pio2+0x2a0>
    80002816:	854a                	mv	a0,s2
    80002818:	ec3a                	sd	a4,24(sp)
    8000281a:	e846                	sd	a7,16(sp)
    8000281c:	d1fff0ef          	jal	8000253a <scalbn>
    80002820:	22a50453          	fmv.d	fs0,fa0
    80002824:	13257553          	fmul.d	fa0,fa0,fs2
    80002828:	4d0000ef          	jal	80002cf8 <floor>
    8000282c:	4335754b          	fnmsub.d	fa0,fa0,fs3,fs0
    80002830:	68c2                	ld	a7,16(sp)
    80002832:	6762                	ld	a4,24(sp)
    80002834:	c2051553          	fcvt.w.d	a0,fa0,rtz
    80002838:	d20507d3          	fcvt.d.w	fa5,a0
    8000283c:	00050c1b          	sext.w	s8,a0
    80002840:	0af57453          	fsub.d	fs0,fa0,fa5
    80002844:	17205a63          	blez	s2,800029b8 <__kernel_rem_pio2+0x2c2>
    80002848:	fff4079b          	addiw	a5,s0,-1
    8000284c:	078a                	slli	a5,a5,0x2
    8000284e:	1014                	addi	a3,sp,32
    80002850:	23078793          	addi	a5,a5,560
    80002854:	97b6                	add	a5,a5,a3
    80002856:	dd07a483          	lw	s1,-560(a5)
    8000285a:	4661                	li	a2,24
    8000285c:	4126063b          	subw	a2,a2,s2
    80002860:	40c4d6bb          	sraw	a3,s1,a2
    80002864:	00d50c3b          	addw	s8,a0,a3
    80002868:	00c696bb          	sllw	a3,a3,a2
    8000286c:	9c95                	subw	s1,s1,a3
    8000286e:	dc97a823          	sw	s1,-560(a5)
    80002872:	47dd                	li	a5,23
    80002874:	412787bb          	subw	a5,a5,s2
    80002878:	40f4d4bb          	sraw	s1,s1,a5
    8000287c:	04905263          	blez	s1,800028c0 <__kernel_rem_pio2+0x1ca>
    80002880:	01000537          	lui	a0,0x1000
    80002884:	2c05                	addiw	s8,s8,1
    80002886:	4601                	li	a2,0
    80002888:	4681                	li	a3,0
    8000288a:	fff5031b          	addiw	t1,a0,-1 # ffffff <__heap_size+0xfdffff>
    8000288e:	14864963          	blt	a2,s0,800029e0 <__kernel_rem_pio2+0x2ea>
    80002892:	01205863          	blez	s2,800028a2 <__kernel_rem_pio2+0x1ac>
    80002896:	4785                	li	a5,1
    80002898:	16f90263          	beq	s2,a5,800029fc <__kernel_rem_pio2+0x306>
    8000289c:	4789                	li	a5,2
    8000289e:	16f90d63          	beq	s2,a5,80002a18 <__kernel_rem_pio2+0x322>
    800028a2:	4789                	li	a5,2
    800028a4:	00f49e63          	bne	s1,a5,800028c0 <__kernel_rem_pio2+0x1ca>
    800028a8:	0a84f453          	fsub.d	fs0,fs1,fs0
    800028ac:	ca91                	beqz	a3,800028c0 <__kernel_rem_pio2+0x1ca>
    800028ae:	22948553          	fmv.d	fa0,fs1
    800028b2:	854a                	mv	a0,s2
    800028b4:	e846                	sd	a7,16(sp)
    800028b6:	c85ff0ef          	jal	8000253a <scalbn>
    800028ba:	0aa47453          	fsub.d	fs0,fs0,fa0
    800028be:	68c2                	ld	a7,16(sp)
    800028c0:	f20007d3          	fmv.d.x	fa5,zero
    800028c4:	a2f427d3          	feq.d	a5,fs0,fa5
    800028c8:	1e078d63          	beqz	a5,80002ac2 <__kernel_rem_pio2+0x3cc>
    800028cc:	fff4071b          	addiw	a4,s0,-1
    800028d0:	87ba                	mv	a5,a4
    800028d2:	4681                	li	a3,0
    800028d4:	0007061b          	sext.w	a2,a4
    800028d8:	15765c63          	bge	a2,s7,80002a30 <__kernel_rem_pio2+0x33a>
    800028dc:	18068763          	beqz	a3,80002a6a <__kernel_rem_pio2+0x374>
    800028e0:	fe8a891b          	addiw	s2,s5,-24
    800028e4:	fff78693          	addi	a3,a5,-1
    800028e8:	00269713          	slli	a4,a3,0x2
    800028ec:	02070713          	addi	a4,a4,32
    800028f0:	970a                	add	a4,a4,sp
    800028f2:	4358                	lw	a4,4(a4)
    800028f4:	1c070463          	beqz	a4,80002abc <__kernel_rem_pio2+0x3c6>
    800028f8:	0007841b          	sext.w	s0,a5
    800028fc:	00004797          	auipc	a5,0x4
    80002900:	7e47b507          	fld	fa0,2020(a5) # 800070e0 <__atexit_dummy+0x10>
    80002904:	854a                	mv	a0,s2
    80002906:	c35ff0ef          	jal	8000253a <scalbn>
    8000290a:	87a2                	mv	a5,s0
    8000290c:	8722                	mv	a4,s0
    8000290e:	00005697          	auipc	a3,0x5
    80002912:	ab26b707          	fld	fa4,-1358(a3) # 800073c0 <__atexit_dummy+0x2f0>
    80002916:	02071693          	slli	a3,a4,0x20
    8000291a:	2006da63          	bgez	a3,80002b2e <__kernel_rem_pio2+0x438>
    8000291e:	00341713          	slli	a4,s0,0x3
    80002922:	9a3a                	add	s4,s4,a4
    80002924:	8622                	mv	a2,s0
    80002926:	24064d63          	bltz	a2,80002b80 <__kernel_rem_pio2+0x48a>
    8000292a:	f20007d3          	fmv.d.x	fa5,zero
    8000292e:	00004897          	auipc	a7,0x4
    80002932:	49a88893          	addi	a7,a7,1178 # 80006dc8 <PIo2>
    80002936:	8852                	mv	a6,s4
    80002938:	4501                	li	a0,0
    8000293a:	40c406bb          	subw	a3,s0,a2
    8000293e:	a41d                	j	80002b64 <__kernel_rem_pio2+0x46e>
    80002940:	02071513          	slli	a0,a4,0x20
    80002944:	f20007d3          	fmv.d.x	fa5,zero
    80002948:	00054963          	bltz	a0,8000295a <__kernel_rem_pio2+0x264>
    8000294c:	65a2                	ld	a1,8(sp)
    8000294e:	00271513          	slli	a0,a4,0x2
    80002952:	952e                	add	a0,a0,a1
    80002954:	4108                	lw	a0,0(a0)
    80002956:	d20507d3          	fcvt.d.w	fa5,a0
    8000295a:	a21c                	fsd	fa5,0(a2)
    8000295c:	0705                	addi	a4,a4,1
    8000295e:	0621                	addi	a2,a2,8
    80002960:	bd1d                	j	80002796 <__kernel_rem_pio2+0xa0>
    80002962:	6582                	ld	a1,0(sp)
    80002964:	00361e13          	slli	t3,a2,0x3
    80002968:	00033707          	fld	fa4,0(t1)
    8000296c:	9e2e                	add	t3,t3,a1
    8000296e:	000e3687          	fld	fa3,0(t3)
    80002972:	0605                	addi	a2,a2,1
    80002974:	1361                	addi	t1,t1,-8
    80002976:	7ae6f7c3          	fmadd.d	fa5,fa3,fa4,fa5
    8000297a:	00060e1b          	sext.w	t3,a2
    8000297e:	ffc8d2e3          	bge	a7,t3,80002962 <__kernel_rem_pio2+0x26c>
    80002982:	a31c                	fsd	fa5,0(a4)
    80002984:	2505                	addiw	a0,a0,1
    80002986:	0721                	addi	a4,a4,8
    80002988:	07a1                	addi	a5,a5,8
    8000298a:	b515                	j	800027ae <__kernel_rem_pio2+0xb8>
    8000298c:	f20007d3          	fmv.d.x	fa5,zero
    80002990:	833e                	mv	t1,a5
    80002992:	4601                	li	a2,0
    80002994:	b7dd                	j	8000297a <__kernel_rem_pio2+0x284>
    80002996:	134577d3          	fmul.d	fa5,fa0,fs4
    8000299a:	36fd                	addiw	a3,a3,-1
    8000299c:	c2079553          	fcvt.w.d	a0,fa5,rtz
    800029a0:	d20507d3          	fcvt.d.w	fa5,a0
    800029a4:	5357f54b          	fnmsub.d	fa0,fa5,fs5,fa0
    800029a8:	c2051553          	fcvt.w.d	a0,fa0,rtz
    800029ac:	2388                	fld	fa0,0(a5)
    800029ae:	c208                	sw	a0,0(a2)
    800029b0:	02a7f553          	fadd.d	fa0,fa5,fa0
    800029b4:	0611                	addi	a2,a2,4
    800029b6:	bda9                	j	80002810 <__kernel_rem_pio2+0x11a>
    800029b8:	00091d63          	bnez	s2,800029d2 <__kernel_rem_pio2+0x2dc>
    800029bc:	fff4079b          	addiw	a5,s0,-1
    800029c0:	078a                	slli	a5,a5,0x2
    800029c2:	23078793          	addi	a5,a5,560
    800029c6:	1014                	addi	a3,sp,32
    800029c8:	97b6                	add	a5,a5,a3
    800029ca:	dd07a483          	lw	s1,-560(a5)
    800029ce:	84dd                	srai	s1,s1,0x17
    800029d0:	b575                	j	8000287c <__kernel_rem_pio2+0x186>
    800029d2:	a28b07d3          	fle.d	a5,fs6,fs0
    800029d6:	4481                	li	s1,0
    800029d8:	ee0784e3          	beqz	a5,800028c0 <__kernel_rem_pio2+0x1ca>
    800029dc:	4489                	li	s1,2
    800029de:	b54d                	j	80002880 <__kernel_rem_pio2+0x18a>
    800029e0:	431c                	lw	a5,0(a4)
    800029e2:	ea91                	bnez	a3,800029f6 <__kernel_rem_pio2+0x300>
    800029e4:	c789                	beqz	a5,800029ee <__kernel_rem_pio2+0x2f8>
    800029e6:	40f507bb          	subw	a5,a0,a5
    800029ea:	c31c                	sw	a5,0(a4)
    800029ec:	4785                	li	a5,1
    800029ee:	2605                	addiw	a2,a2,1
    800029f0:	0711                	addi	a4,a4,4
    800029f2:	86be                	mv	a3,a5
    800029f4:	bd69                	j	8000288e <__kernel_rem_pio2+0x198>
    800029f6:	40f307bb          	subw	a5,t1,a5
    800029fa:	bfc5                	j	800029ea <__kernel_rem_pio2+0x2f4>
    800029fc:	fff4079b          	addiw	a5,s0,-1
    80002a00:	078a                	slli	a5,a5,0x2
    80002a02:	1018                	addi	a4,sp,32
    80002a04:	23078793          	addi	a5,a5,560
    80002a08:	97ba                	add	a5,a5,a4
    80002a0a:	dd07a703          	lw	a4,-560(a5)
    80002a0e:	1726                	slli	a4,a4,0x29
    80002a10:	9325                	srli	a4,a4,0x29
    80002a12:	dce7a823          	sw	a4,-560(a5)
    80002a16:	b571                	j	800028a2 <__kernel_rem_pio2+0x1ac>
    80002a18:	fff4079b          	addiw	a5,s0,-1
    80002a1c:	078a                	slli	a5,a5,0x2
    80002a1e:	1018                	addi	a4,sp,32
    80002a20:	23078793          	addi	a5,a5,560
    80002a24:	97ba                	add	a5,a5,a4
    80002a26:	dd07a703          	lw	a4,-560(a5)
    80002a2a:	172a                	slli	a4,a4,0x2a
    80002a2c:	9329                	srli	a4,a4,0x2a
    80002a2e:	b7d5                	j	80002a12 <__kernel_rem_pio2+0x31c>
    80002a30:	00271613          	slli	a2,a4,0x2
    80002a34:	02060613          	addi	a2,a2,32
    80002a38:	960a                	add	a2,a2,sp
    80002a3a:	4210                	lw	a2,0(a2)
    80002a3c:	177d                	addi	a4,a4,-1
    80002a3e:	8ed1                	or	a3,a3,a2
    80002a40:	bd51                	j	800028d4 <__kernel_rem_pio2+0x1de>
    80002a42:	2705                	addiw	a4,a4,1
    80002a44:	17f1                	addi	a5,a5,-4
    80002a46:	4394                	lw	a3,0(a5)
    80002a48:	deed                	beqz	a3,80002a42 <__kernel_rem_pio2+0x34c>
    80002a4a:	0014061b          	addiw	a2,s0,1
    80002a4e:	011607bb          	addw	a5,a2,a7
    80002a52:	078e                	slli	a5,a5,0x3
    80002a54:	1894                	addi	a3,sp,112
    80002a56:	97b6                	add	a5,a5,a3
    80002a58:	9f21                	addw	a4,a4,s0
    80002a5a:	ff898e93          	addi	t4,s3,-8
    80002a5e:	0006069b          	sext.w	a3,a2
    80002a62:	00d75763          	bge	a4,a3,80002a70 <__kernel_rem_pio2+0x37a>
    80002a66:	843a                	mv	s0,a4
    80002a68:	bb41                	j	800027f8 <__kernel_rem_pio2+0x102>
    80002a6a:	87ee                	mv	a5,s11
    80002a6c:	4705                	li	a4,1
    80002a6e:	bfd9                	j	80002a44 <__kernel_rem_pio2+0x34e>
    80002a70:	65a2                	ld	a1,8(sp)
    80002a72:	01a606b3          	add	a3,a2,s10
    80002a76:	068a                	slli	a3,a3,0x2
    80002a78:	96ae                	add	a3,a3,a1
    80002a7a:	4294                	lw	a3,0(a3)
    80002a7c:	4501                	li	a0,0
    80002a7e:	d20687d3          	fcvt.d.w	fa5,a3
    80002a82:	00361693          	slli	a3,a2,0x3
    80002a86:	00de8333          	add	t1,t4,a3
    80002a8a:	a39c                	fsd	fa5,0(a5)
    80002a8c:	f20007d3          	fmv.d.x	fa5,zero
    80002a90:	00050e1b          	sext.w	t3,a0
    80002a94:	01c8d763          	bge	a7,t3,80002aa2 <__kernel_rem_pio2+0x3ac>
    80002a98:	96d2                	add	a3,a3,s4
    80002a9a:	a29c                	fsd	fa5,0(a3)
    80002a9c:	0605                	addi	a2,a2,1
    80002a9e:	07a1                	addi	a5,a5,8
    80002aa0:	bf7d                	j	80002a5e <__kernel_rem_pio2+0x368>
    80002aa2:	6582                	ld	a1,0(sp)
    80002aa4:	00351e13          	slli	t3,a0,0x3
    80002aa8:	00033707          	fld	fa4,0(t1)
    80002aac:	9e2e                	add	t3,t3,a1
    80002aae:	000e3687          	fld	fa3,0(t3)
    80002ab2:	0505                	addi	a0,a0,1
    80002ab4:	1361                	addi	t1,t1,-8
    80002ab6:	7ae6f7c3          	fmadd.d	fa5,fa3,fa4,fa5
    80002aba:	bfd9                	j	80002a90 <__kernel_rem_pio2+0x39a>
    80002abc:	3921                	addiw	s2,s2,-24 # 7fffffe8 <__heap_size+0x7ffdffe8>
    80002abe:	87b6                	mv	a5,a3
    80002ac0:	b515                	j	800028e4 <__kernel_rem_pio2+0x1ee>
    80002ac2:	22840553          	fmv.d	fa0,fs0
    80002ac6:	4150053b          	negw	a0,s5
    80002aca:	a71ff0ef          	jal	8000253a <scalbn>
    80002ace:	00005797          	auipc	a5,0x5
    80002ad2:	8aa7b707          	fld	fa4,-1878(a5) # 80007378 <__atexit_dummy+0x2a8>
    80002ad6:	a2a70753          	fle.d	a4,fa4,fa0
    80002ada:	00241793          	slli	a5,s0,0x2
    80002ade:	c329                	beqz	a4,80002b20 <__kernel_rem_pio2+0x42a>
    80002ae0:	00005717          	auipc	a4,0x5
    80002ae4:	8e073787          	fld	fa5,-1824(a4) # 800073c0 <__atexit_dummy+0x2f0>
    80002ae8:	12f577d3          	fmul.d	fa5,fa0,fa5
    80002aec:	1014                	addi	a3,sp,32
    80002aee:	23078793          	addi	a5,a5,560
    80002af2:	97b6                	add	a5,a5,a3
    80002af4:	2405                	addiw	s0,s0,1
    80002af6:	018a891b          	addiw	s2,s5,24
    80002afa:	c2079753          	fcvt.w.d	a4,fa5,rtz
    80002afe:	d20707d3          	fcvt.d.w	fa5,a4
    80002b02:	52e7f7cb          	fnmsub.d	fa5,fa5,fa4,fa0
    80002b06:	c20796d3          	fcvt.w.d	a3,fa5,rtz
    80002b0a:	dcd7a823          	sw	a3,-560(a5)
    80002b0e:	00241793          	slli	a5,s0,0x2
    80002b12:	23078793          	addi	a5,a5,560
    80002b16:	1014                	addi	a3,sp,32
    80002b18:	97b6                	add	a5,a5,a3
    80002b1a:	dce7a823          	sw	a4,-560(a5)
    80002b1e:	bbf9                	j	800028fc <__kernel_rem_pio2+0x206>
    80002b20:	1018                	addi	a4,sp,32
    80002b22:	23078793          	addi	a5,a5,560
    80002b26:	97ba                	add	a5,a5,a4
    80002b28:	c2051753          	fcvt.w.d	a4,fa0,rtz
    80002b2c:	b7fd                	j	80002b1a <__kernel_rem_pio2+0x424>
    80002b2e:	00271613          	slli	a2,a4,0x2
    80002b32:	02060613          	addi	a2,a2,32
    80002b36:	960a                	add	a2,a2,sp
    80002b38:	4210                	lw	a2,0(a2)
    80002b3a:	00371693          	slli	a3,a4,0x3
    80002b3e:	96d2                	add	a3,a3,s4
    80002b40:	d20607d3          	fcvt.d.w	fa5,a2
    80002b44:	177d                	addi	a4,a4,-1
    80002b46:	12a7f7d3          	fmul.d	fa5,fa5,fa0
    80002b4a:	12e57553          	fmul.d	fa0,fa0,fa4
    80002b4e:	a29c                	fsd	fa5,0(a3)
    80002b50:	b3d9                	j	80002916 <__kernel_rem_pio2+0x220>
    80002b52:	0008b687          	fld	fa3,0(a7)
    80002b56:	00083707          	fld	fa4,0(a6)
    80002b5a:	2505                	addiw	a0,a0,1
    80002b5c:	08a1                	addi	a7,a7,8
    80002b5e:	7ae6f7c3          	fmadd.d	fa5,fa3,fa4,fa5
    80002b62:	0821                	addi	a6,a6,8
    80002b64:	00abc463          	blt	s7,a0,80002b6c <__kernel_rem_pio2+0x476>
    80002b68:	fea6d5e3          	bge	a3,a0,80002b52 <__kernel_rem_pio2+0x45c>
    80002b6c:	068e                	slli	a3,a3,0x3
    80002b6e:	23068693          	addi	a3,a3,560
    80002b72:	100c                	addi	a1,sp,32
    80002b74:	96ae                	add	a3,a3,a1
    80002b76:	ecf6b027          	fsd	fa5,-320(a3)
    80002b7a:	367d                	addiw	a2,a2,-1
    80002b7c:	1a61                	addi	s4,s4,-8
    80002b7e:	b365                	j	80002926 <__kernel_rem_pio2+0x230>
    80002b80:	4689                	li	a3,2
    80002b82:	0766c563          	blt	a3,s6,80002bec <__kernel_rem_pio2+0x4f6>
    80002b86:	11604563          	bgtz	s6,80002c90 <__kernel_rem_pio2+0x59a>
    80002b8a:	f20007d3          	fmv.d.x	fa5,zero
    80002b8e:	0a0b0663          	beqz	s6,80002c3a <__kernel_rem_pio2+0x544>
    80002b92:	2f813083          	ld	ra,760(sp)
    80002b96:	2f013403          	ld	s0,752(sp)
    80002b9a:	2e813483          	ld	s1,744(sp)
    80002b9e:	2e013903          	ld	s2,736(sp)
    80002ba2:	2d813983          	ld	s3,728(sp)
    80002ba6:	2d013a03          	ld	s4,720(sp)
    80002baa:	2c813a83          	ld	s5,712(sp)
    80002bae:	2c013b03          	ld	s6,704(sp)
    80002bb2:	2b813b83          	ld	s7,696(sp)
    80002bb6:	2a813c83          	ld	s9,680(sp)
    80002bba:	2a013d03          	ld	s10,672(sp)
    80002bbe:	29813d83          	ld	s11,664(sp)
    80002bc2:	28813407          	fld	fs0,648(sp)
    80002bc6:	28013487          	fld	fs1,640(sp)
    80002bca:	27813907          	fld	fs2,632(sp)
    80002bce:	27013987          	fld	fs3,624(sp)
    80002bd2:	26813a07          	fld	fs4,616(sp)
    80002bd6:	26013a87          	fld	fs5,608(sp)
    80002bda:	25813b07          	fld	fs6,600(sp)
    80002bde:	007c7513          	andi	a0,s8,7
    80002be2:	2b013c03          	ld	s8,688(sp)
    80002be6:	30010113          	addi	sp,sp,768
    80002bea:	8082                	ret
    80002bec:	468d                	li	a3,3
    80002bee:	fadb12e3          	bne	s6,a3,80002b92 <__kernel_rem_pio2+0x49c>
    80002bf2:	0a14                	addi	a3,sp,272
    80002bf4:	9736                	add	a4,a4,a3
    80002bf6:	86ba                	mv	a3,a4
    80002bf8:	8622                	mv	a2,s0
    80002bfa:	16e1                	addi	a3,a3,-8
    80002bfc:	0ac04263          	bgtz	a2,80002ca0 <__kernel_rem_pio2+0x5aa>
    80002c00:	4685                	li	a3,1
    80002c02:	1761                	addi	a4,a4,-8
    80002c04:	0a86ca63          	blt	a3,s0,80002cb8 <__kernel_rem_pio2+0x5c2>
    80002c08:	f20007d3          	fmv.d.x	fa5,zero
    80002c0c:	4685                	li	a3,1
    80002c0e:	0007871b          	sext.w	a4,a5
    80002c12:	0ae6cf63          	blt	a3,a4,80002cd0 <__kernel_rem_pio2+0x5da>
    80002c16:	26d2                	fld	fa3,272(sp)
    80002c18:	2772                	fld	fa4,280(sp)
    80002c1a:	e4e1                	bnez	s1,80002ce2 <__kernel_rem_pio2+0x5ec>
    80002c1c:	00dcb027          	fsd	fa3,0(s9)
    80002c20:	00ecb427          	fsd	fa4,8(s9)
    80002c24:	00fcb827          	fsd	fa5,16(s9)
    80002c28:	b7ad                	j	80002b92 <__kernel_rem_pio2+0x49c>
    80002c2a:	00379713          	slli	a4,a5,0x3
    80002c2e:	0a14                	addi	a3,sp,272
    80002c30:	9736                	add	a4,a4,a3
    80002c32:	2318                	fld	fa4,0(a4)
    80002c34:	17fd                	addi	a5,a5,-1
    80002c36:	02e7f7d3          	fadd.d	fa5,fa5,fa4
    80002c3a:	02079713          	slli	a4,a5,0x20
    80002c3e:	fe0756e3          	bgez	a4,80002c2a <__kernel_rem_pio2+0x534>
    80002c42:	c099                	beqz	s1,80002c48 <__kernel_rem_pio2+0x552>
    80002c44:	22f797d3          	fneg.d	fa5,fa5
    80002c48:	00fcb027          	fsd	fa5,0(s9)
    80002c4c:	b799                	j	80002b92 <__kernel_rem_pio2+0x49c>
    80002c4e:	00379713          	slli	a4,a5,0x3
    80002c52:	0a14                	addi	a3,sp,272
    80002c54:	9736                	add	a4,a4,a3
    80002c56:	231c                	fld	fa5,0(a4)
    80002c58:	17fd                	addi	a5,a5,-1
    80002c5a:	02f77753          	fadd.d	fa4,fa4,fa5
    80002c5e:	02079713          	slli	a4,a5,0x20
    80002c62:	fe0756e3          	bgez	a4,80002c4e <__kernel_rem_pio2+0x558>
    80002c66:	22e707d3          	fmv.d	fa5,fa4
    80002c6a:	c099                	beqz	s1,80002c70 <__kernel_rem_pio2+0x57a>
    80002c6c:	22e717d3          	fneg.d	fa5,fa4
    80002c70:	00fcb027          	fsd	fa5,0(s9)
    80002c74:	27d2                	fld	fa5,272(sp)
    80002c76:	0a1c                	addi	a5,sp,272
    80002c78:	4705                	li	a4,1
    80002c7a:	0ae7f7d3          	fsub.d	fa5,fa5,fa4
    80002c7e:	07a1                	addi	a5,a5,8
    80002c80:	00e45b63          	bge	s0,a4,80002c96 <__kernel_rem_pio2+0x5a0>
    80002c84:	c099                	beqz	s1,80002c8a <__kernel_rem_pio2+0x594>
    80002c86:	22f797d3          	fneg.d	fa5,fa5
    80002c8a:	00fcb427          	fsd	fa5,8(s9)
    80002c8e:	b711                	j	80002b92 <__kernel_rem_pio2+0x49c>
    80002c90:	f2000753          	fmv.d.x	fa4,zero
    80002c94:	b7e9                	j	80002c5e <__kernel_rem_pio2+0x568>
    80002c96:	2398                	fld	fa4,0(a5)
    80002c98:	2705                	addiw	a4,a4,1
    80002c9a:	02e7f7d3          	fadd.d	fa5,fa5,fa4
    80002c9e:	b7c5                	j	80002c7e <__kernel_rem_pio2+0x588>
    80002ca0:	229c                	fld	fa5,0(a3)
    80002ca2:	2694                	fld	fa3,8(a3)
    80002ca4:	367d                	addiw	a2,a2,-1
    80002ca6:	02d7f753          	fadd.d	fa4,fa5,fa3
    80002caa:	0ae7f7d3          	fsub.d	fa5,fa5,fa4
    80002cae:	a298                	fsd	fa4,0(a3)
    80002cb0:	02d7f7d3          	fadd.d	fa5,fa5,fa3
    80002cb4:	a69c                	fsd	fa5,8(a3)
    80002cb6:	b791                	j	80002bfa <__kernel_rem_pio2+0x504>
    80002cb8:	231c                	fld	fa5,0(a4)
    80002cba:	2714                	fld	fa3,8(a4)
    80002cbc:	347d                	addiw	s0,s0,-1
    80002cbe:	02d7f753          	fadd.d	fa4,fa5,fa3
    80002cc2:	0ae7f7d3          	fsub.d	fa5,fa5,fa4
    80002cc6:	a318                	fsd	fa4,0(a4)
    80002cc8:	02d7f7d3          	fadd.d	fa5,fa5,fa3
    80002ccc:	a71c                	fsd	fa5,8(a4)
    80002cce:	bf15                	j	80002c02 <__kernel_rem_pio2+0x50c>
    80002cd0:	00379713          	slli	a4,a5,0x3
    80002cd4:	0a10                	addi	a2,sp,272
    80002cd6:	9732                	add	a4,a4,a2
    80002cd8:	2318                	fld	fa4,0(a4)
    80002cda:	17fd                	addi	a5,a5,-1
    80002cdc:	02e7f7d3          	fadd.d	fa5,fa5,fa4
    80002ce0:	b73d                	j	80002c0e <__kernel_rem_pio2+0x518>
    80002ce2:	22d696d3          	fneg.d	fa3,fa3
    80002ce6:	22e71753          	fneg.d	fa4,fa4
    80002cea:	22f797d3          	fneg.d	fa5,fa5
    80002cee:	00dcb027          	fsd	fa3,0(s9)
    80002cf2:	00ecb427          	fsd	fa4,8(s9)
    80002cf6:	b73d                	j	80002c24 <__kernel_rem_pio2+0x52e>

0000000080002cf8 <floor>:
    80002cf8:	e20507d3          	fmv.x.d	a5,fa0
    80002cfc:	434d                	li	t1,19
    80002cfe:	4347d593          	srai	a1,a5,0x34
    80002d02:	7ff5f593          	andi	a1,a1,2047
    80002d06:	4207d613          	srai	a2,a5,0x20
    80002d0a:	0007889b          	sext.w	a7,a5
    80002d0e:	c015851b          	addiw	a0,a1,-1023 # ffc01 <__heap_size+0xdfc01>
    80002d12:	8732                	mv	a4,a2
    80002d14:	86c6                	mv	a3,a7
    80002d16:	08a34463          	blt	t1,a0,80002d9e <floor+0xa6>
    80002d1a:	02055a63          	bgez	a0,80002d4e <floor+0x56>
    80002d1e:	00004597          	auipc	a1,0x4
    80002d22:	6725b787          	fld	fa5,1650(a1) # 80007390 <__atexit_dummy+0x2c0>
    80002d26:	02f577d3          	fadd.d	fa5,fa0,fa5
    80002d2a:	f2000753          	fmv.d.x	fa4,zero
    80002d2e:	a2f717d3          	flt.d	a5,fa4,fa5
    80002d32:	c3a5                	beqz	a5,80002d92 <floor+0x9a>
    80002d34:	0c065f63          	bgez	a2,80002e12 <floor+0x11a>
    80002d38:	1606                	slli	a2,a2,0x21
    80002d3a:	9205                	srli	a2,a2,0x21
    80002d3c:	01166633          	or	a2,a2,a7
    80002d40:	4681                	li	a3,0
    80002d42:	80000737          	lui	a4,0x80000
    80002d46:	c631                	beqz	a2,80002d92 <floor+0x9a>
    80002d48:	bff00737          	lui	a4,0xbff00
    80002d4c:	a099                	j	80002d92 <floor+0x9a>
    80002d4e:	00100837          	lui	a6,0x100
    80002d52:	fff8059b          	addiw	a1,a6,-1 # fffff <__heap_size+0xdffff>
    80002d56:	40a5d5bb          	sraw	a1,a1,a0
    80002d5a:	8e6d                	and	a2,a2,a1
    80002d5c:	01166633          	or	a2,a2,a7
    80002d60:	2601                	sext.w	a2,a2
    80002d62:	ca31                	beqz	a2,80002db6 <floor+0xbe>
    80002d64:	00004617          	auipc	a2,0x4
    80002d68:	62c63787          	fld	fa5,1580(a2) # 80007390 <__atexit_dummy+0x2c0>
    80002d6c:	02f577d3          	fadd.d	fa5,fa0,fa5
    80002d70:	f2000753          	fmv.d.x	fa4,zero
    80002d74:	a2f717d3          	flt.d	a5,fa4,fa5
    80002d78:	cf89                	beqz	a5,80002d92 <floor+0x9a>
    80002d7a:	00075663          	bgez	a4,80002d86 <floor+0x8e>
    80002d7e:	40a8583b          	sraw	a6,a6,a0
    80002d82:	00e8073b          	addw	a4,a6,a4
    80002d86:	fff5c593          	not	a1,a1
    80002d8a:	8df9                	and	a1,a1,a4
    80002d8c:	0005871b          	sext.w	a4,a1
    80002d90:	4681                	li	a3,0
    80002d92:	1682                	slli	a3,a3,0x20
    80002d94:	9281                	srli	a3,a3,0x20
    80002d96:	1702                	slli	a4,a4,0x20
    80002d98:	00d767b3          	or	a5,a4,a3
    80002d9c:	a829                	j	80002db6 <floor+0xbe>
    80002d9e:	03300613          	li	a2,51
    80002da2:	00a65d63          	bge	a2,a0,80002dbc <floor+0xc4>
    80002da6:	40000713          	li	a4,1024
    80002daa:	00e51663          	bne	a0,a4,80002db6 <floor+0xbe>
    80002dae:	02a577d3          	fadd.d	fa5,fa0,fa0
    80002db2:	e20787d3          	fmv.x.d	a5,fa5
    80002db6:	f2078553          	fmv.d.x	fa0,a5
    80002dba:	8082                	ret
    80002dbc:	bed5859b          	addiw	a1,a1,-1043
    80002dc0:	567d                	li	a2,-1
    80002dc2:	00b6563b          	srlw	a2,a2,a1
    80002dc6:	00c8f5b3          	and	a1,a7,a2
    80002dca:	2581                	sext.w	a1,a1
    80002dcc:	d5ed                	beqz	a1,80002db6 <floor+0xbe>
    80002dce:	00004597          	auipc	a1,0x4
    80002dd2:	5c25b787          	fld	fa5,1474(a1) # 80007390 <__atexit_dummy+0x2c0>
    80002dd6:	02f577d3          	fadd.d	fa5,fa0,fa5
    80002dda:	f2000753          	fmv.d.x	fa4,zero
    80002dde:	a2f717d3          	flt.d	a5,fa4,fa5
    80002de2:	dbc5                	beqz	a5,80002d92 <floor+0x9a>
    80002de4:	02075163          	bgez	a4,80002e06 <floor+0x10e>
    80002de8:	47d1                	li	a5,20
    80002dea:	00f51463          	bne	a0,a5,80002df2 <floor+0xfa>
    80002dee:	2705                	addiw	a4,a4,1 # ffffffffbff00001 <__heap_end+0xffffffff3fed8001>
    80002df0:	a819                	j	80002e06 <floor+0x10e>
    80002df2:	03400593          	li	a1,52
    80002df6:	9d89                	subw	a1,a1,a0
    80002df8:	4785                	li	a5,1
    80002dfa:	00b797bb          	sllw	a5,a5,a1
    80002dfe:	011786bb          	addw	a3,a5,a7
    80002e02:	ff16e6e3          	bltu	a3,a7,80002dee <floor+0xf6>
    80002e06:	fff64613          	not	a2,a2
    80002e0a:	8e75                	and	a2,a2,a3
    80002e0c:	0006069b          	sext.w	a3,a2
    80002e10:	b749                	j	80002d92 <floor+0x9a>
    80002e12:	4681                	li	a3,0
    80002e14:	4701                	li	a4,0
    80002e16:	bfb5                	j	80002d92 <floor+0x9a>

0000000080002e18 <__addtf3>:
    80002e18:	7179                	addi	sp,sp,-48
    80002e1a:	f406                	sd	ra,40(sp)
    80002e1c:	f022                	sd	s0,32(sp)
    80002e1e:	ec26                	sd	s1,24(sp)
    80002e20:	e84a                	sd	s2,16(sp)
    80002e22:	e44e                	sd	s3,8(sp)
    80002e24:	e052                	sd	s4,0(sp)
    80002e26:	002024f3          	frrm	s1
    80002e2a:	577d                	li	a4,-1
    80002e2c:	8341                	srli	a4,a4,0x10
    80002e2e:	6821                	lui	a6,0x8
    80002e30:	0305d913          	srli	s2,a1,0x30
    80002e34:	187d                	addi	a6,a6,-1 # 7fff <__stack_size_min+0x1fff>
    80002e36:	0306d893          	srli	a7,a3,0x30
    80002e3a:	03f6d313          	srli	t1,a3,0x3f
    80002e3e:	8ef9                	and	a3,a3,a4
    80002e40:	068e                	slli	a3,a3,0x3
    80002e42:	01097933          	and	s2,s2,a6
    80002e46:	03f5d993          	srli	s3,a1,0x3f
    80002e4a:	0108f8b3          	and	a7,a7,a6
    80002e4e:	8df9                	and	a1,a1,a4
    80002e50:	03d65713          	srli	a4,a2,0x3d
    80002e54:	00359793          	slli	a5,a1,0x3
    80002e58:	8f55                	or	a4,a4,a3
    80002e5a:	03d55593          	srli	a1,a0,0x3d
    80002e5e:	411906bb          	subw	a3,s2,a7
    80002e62:	8ddd                	or	a1,a1,a5
    80002e64:	2481                	sext.w	s1,s1
    80002e66:	050e                	slli	a0,a0,0x3
    80002e68:	060e                	slli	a2,a2,0x3
    80002e6a:	0006879b          	sext.w	a5,a3
    80002e6e:	2c699763          	bne	s3,t1,8000313c <__addtf3+0x324>
    80002e72:	10f05463          	blez	a5,80002f7a <__addtf3+0x162>
    80002e76:	06089f63          	bnez	a7,80002ef4 <__addtf3+0xdc>
    80002e7a:	00c767b3          	or	a5,a4,a2
    80002e7e:	ef99                	bnez	a5,80002e9c <__addtf3+0x84>
    80002e80:	2d091763          	bne	s2,a6,8000314e <__addtf3+0x336>
    80002e84:	00a5e633          	or	a2,a1,a0
    80002e88:	74060f63          	beqz	a2,800035e6 <__addtf3+0x7ce>
    80002e8c:	0325d793          	srli	a5,a1,0x32
    80002e90:	0017c793          	xori	a5,a5,1
    80002e94:	0792                	slli	a5,a5,0x4
    80002e96:	872e                	mv	a4,a1
    80002e98:	862a                	mv	a2,a0
    80002e9a:	a219                	j	80002fa0 <__addtf3+0x188>
    80002e9c:	fff6879b          	addiw	a5,a3,-1
    80002ea0:	ef95                	bnez	a5,80002edc <__addtf3+0xc4>
    80002ea2:	962a                	add	a2,a2,a0
    80002ea4:	972e                	add	a4,a4,a1
    80002ea6:	00a63533          	sltu	a0,a2,a0
    80002eaa:	972a                	add	a4,a4,a0
    80002eac:	00c71693          	slli	a3,a4,0xc
    80002eb0:	4781                	li	a5,0
    80002eb2:	0e06d763          	bgez	a3,80002fa0 <__addtf3+0x188>
    80002eb6:	66a1                	lui	a3,0x8
    80002eb8:	0905                	addi	s2,s2,1
    80002eba:	16fd                	addi	a3,a3,-1 # 7fff <__stack_size_min+0x1fff>
    80002ebc:	24d90c63          	beq	s2,a3,80003114 <__addtf3+0x2fc>
    80002ec0:	56fd                	li	a3,-1
    80002ec2:	16ce                	slli	a3,a3,0x33
    80002ec4:	16fd                	addi	a3,a3,-1
    80002ec6:	8ef9                	and	a3,a3,a4
    80002ec8:	00165713          	srli	a4,a2,0x1
    80002ecc:	8a05                	andi	a2,a2,1
    80002ece:	8f51                	or	a4,a4,a2
    80002ed0:	03f69613          	slli	a2,a3,0x3f
    80002ed4:	8e59                	or	a2,a2,a4
    80002ed6:	0016d713          	srli	a4,a3,0x1
    80002eda:	a0d9                	j	80002fa0 <__addtf3+0x188>
    80002edc:	03091163          	bne	s2,a6,80002efe <__addtf3+0xe6>
    80002ee0:	00a5e633          	or	a2,a1,a0
    80002ee4:	70060163          	beqz	a2,800035e6 <__addtf3+0x7ce>
    80002ee8:	0325d793          	srli	a5,a1,0x32
    80002eec:	0017c793          	xori	a5,a5,1
    80002ef0:	8b85                	andi	a5,a5,1
    80002ef2:	b74d                	j	80002e94 <__addtf3+0x7c>
    80002ef4:	ff0906e3          	beq	s2,a6,80002ee0 <__addtf3+0xc8>
    80002ef8:	4685                	li	a3,1
    80002efa:	16ce                	slli	a3,a3,0x33
    80002efc:	8f55                	or	a4,a4,a3
    80002efe:	07400693          	li	a3,116
    80002f02:	06f6c763          	blt	a3,a5,80002f70 <__addtf3+0x158>
    80002f06:	03f00693          	li	a3,63
    80002f0a:	02f6cc63          	blt	a3,a5,80002f42 <__addtf3+0x12a>
    80002f0e:	04000813          	li	a6,64
    80002f12:	40f8083b          	subw	a6,a6,a5
    80002f16:	010716b3          	sll	a3,a4,a6
    80002f1a:	00f658b3          	srl	a7,a2,a5
    80002f1e:	01061833          	sll	a6,a2,a6
    80002f22:	0116e6b3          	or	a3,a3,a7
    80002f26:	01003833          	snez	a6,a6
    80002f2a:	0106e6b3          	or	a3,a3,a6
    80002f2e:	00f757b3          	srl	a5,a4,a5
    80002f32:	9536                	add	a0,a0,a3
    80002f34:	97ae                	add	a5,a5,a1
    80002f36:	00d536b3          	sltu	a3,a0,a3
    80002f3a:	862a                	mv	a2,a0
    80002f3c:	00d78733          	add	a4,a5,a3
    80002f40:	b7b5                	j	80002eac <__addtf3+0x94>
    80002f42:	fc07869b          	addiw	a3,a5,-64
    80002f46:	04000893          	li	a7,64
    80002f4a:	00d756b3          	srl	a3,a4,a3
    80002f4e:	4801                	li	a6,0
    80002f50:	01178863          	beq	a5,a7,80002f60 <__addtf3+0x148>
    80002f54:	08000813          	li	a6,128
    80002f58:	40f8083b          	subw	a6,a6,a5
    80002f5c:	01071833          	sll	a6,a4,a6
    80002f60:	00c86833          	or	a6,a6,a2
    80002f64:	01003833          	snez	a6,a6
    80002f68:	0106e6b3          	or	a3,a3,a6
    80002f6c:	4781                	li	a5,0
    80002f6e:	b7d1                	j	80002f32 <__addtf3+0x11a>
    80002f70:	00c766b3          	or	a3,a4,a2
    80002f74:	00d036b3          	snez	a3,a3
    80002f78:	bfd5                	j	80002f6c <__addtf3+0x154>
    80002f7a:	cbe9                	beqz	a5,8000304c <__addtf3+0x234>
    80002f7c:	08091463          	bnez	s2,80003004 <__addtf3+0x1ec>
    80002f80:	00a5e7b3          	or	a5,a1,a0
    80002f84:	e395                	bnez	a5,80002fa8 <__addtf3+0x190>
    80002f86:	65089e63          	bne	a7,a6,800035e2 <__addtf3+0x7ca>
    80002f8a:	00c767b3          	or	a5,a4,a2
    80002f8e:	64078863          	beqz	a5,800035de <__addtf3+0x7c6>
    80002f92:	03275793          	srli	a5,a4,0x32
    80002f96:	0017c793          	xori	a5,a5,1
    80002f9a:	8b85                	andi	a5,a5,1
    80002f9c:	0792                	slli	a5,a5,0x4
    80002f9e:	8946                	mv	s2,a7
    80002fa0:	85ba                	mv	a1,a4
    80002fa2:	8532                	mv	a0,a2
    80002fa4:	4701                	li	a4,0
    80002fa6:	ab25                	j	800034de <__addtf3+0x6c6>
    80002fa8:	fff6c793          	not	a5,a3
    80002fac:	2781                	sext.w	a5,a5
    80002fae:	eb81                	bnez	a5,80002fbe <__addtf3+0x1a6>
    80002fb0:	962a                	add	a2,a2,a0
    80002fb2:	972e                	add	a4,a4,a1
    80002fb4:	00a63533          	sltu	a0,a2,a0
    80002fb8:	972a                	add	a4,a4,a0
    80002fba:	8946                	mv	s2,a7
    80002fbc:	bdc5                	j	80002eac <__addtf3+0x94>
    80002fbe:	fd0886e3          	beq	a7,a6,80002f8a <__addtf3+0x172>
    80002fc2:	07400693          	li	a3,116
    80002fc6:	06f6ce63          	blt	a3,a5,80003042 <__addtf3+0x22a>
    80002fca:	03f00693          	li	a3,63
    80002fce:	04f6c363          	blt	a3,a5,80003014 <__addtf3+0x1fc>
    80002fd2:	04000813          	li	a6,64
    80002fd6:	40f8083b          	subw	a6,a6,a5
    80002fda:	010596b3          	sll	a3,a1,a6
    80002fde:	00f55333          	srl	t1,a0,a5
    80002fe2:	01051833          	sll	a6,a0,a6
    80002fe6:	0066e6b3          	or	a3,a3,t1
    80002fea:	01003833          	snez	a6,a6
    80002fee:	0106e6b3          	or	a3,a3,a6
    80002ff2:	00f5d7b3          	srl	a5,a1,a5
    80002ff6:	9636                	add	a2,a2,a3
    80002ff8:	97ba                	add	a5,a5,a4
    80002ffa:	00d636b3          	sltu	a3,a2,a3
    80002ffe:	00d78733          	add	a4,a5,a3
    80003002:	bf65                	j	80002fba <__addtf3+0x1a2>
    80003004:	f90883e3          	beq	a7,a6,80002f8a <__addtf3+0x172>
    80003008:	40d007bb          	negw	a5,a3
    8000300c:	4685                	li	a3,1
    8000300e:	16ce                	slli	a3,a3,0x33
    80003010:	8dd5                	or	a1,a1,a3
    80003012:	bf45                	j	80002fc2 <__addtf3+0x1aa>
    80003014:	fc07869b          	addiw	a3,a5,-64
    80003018:	04000313          	li	t1,64
    8000301c:	00d5d6b3          	srl	a3,a1,a3
    80003020:	4801                	li	a6,0
    80003022:	00678863          	beq	a5,t1,80003032 <__addtf3+0x21a>
    80003026:	08000813          	li	a6,128
    8000302a:	40f8083b          	subw	a6,a6,a5
    8000302e:	01059833          	sll	a6,a1,a6
    80003032:	00a86833          	or	a6,a6,a0
    80003036:	01003833          	snez	a6,a6
    8000303a:	0106e6b3          	or	a3,a3,a6
    8000303e:	4781                	li	a5,0
    80003040:	bf5d                	j	80002ff6 <__addtf3+0x1de>
    80003042:	00a5e6b3          	or	a3,a1,a0
    80003046:	00d036b3          	snez	a3,a3
    8000304a:	bfd5                	j	8000303e <__addtf3+0x226>
    8000304c:	00190693          	addi	a3,s2,1
    80003050:	03169e13          	slli	t3,a3,0x31
    80003054:	6321                	lui	t1,0x8
    80003056:	032e5e13          	srli	t3,t3,0x32
    8000305a:	1379                	addi	t1,t1,-2 # 7ffe <__stack_size_min+0x1ffe>
    8000305c:	060e1d63          	bnez	t3,800030d6 <__addtf3+0x2be>
    80003060:	00a5e6b3          	or	a3,a1,a0
    80003064:	02091863          	bnez	s2,80003094 <__addtf3+0x27c>
    80003068:	56068263          	beqz	a3,800035cc <__addtf3+0x7b4>
    8000306c:	00c766b3          	or	a3,a4,a2
    80003070:	56068263          	beqz	a3,800035d4 <__addtf3+0x7bc>
    80003074:	962a                	add	a2,a2,a0
    80003076:	972e                	add	a4,a4,a1
    80003078:	00a63533          	sltu	a0,a2,a0
    8000307c:	00a705b3          	add	a1,a4,a0
    80003080:	00c59713          	slli	a4,a1,0xc
    80003084:	28075863          	bgez	a4,80003314 <__addtf3+0x4fc>
    80003088:	577d                	li	a4,-1
    8000308a:	174e                	slli	a4,a4,0x33
    8000308c:	177d                	addi	a4,a4,-1
    8000308e:	8f6d                	and	a4,a4,a1
    80003090:	4905                	li	s2,1
    80003092:	b739                	j	80002fa0 <__addtf3+0x188>
    80003094:	03091663          	bne	s2,a6,800030c0 <__addtf3+0x2a8>
    80003098:	56068163          	beqz	a3,800035fa <__addtf3+0x7e2>
    8000309c:	0325d793          	srli	a5,a1,0x32
    800030a0:	0017c793          	xori	a5,a5,1
    800030a4:	8b85                	andi	a5,a5,1
    800030a6:	0792                	slli	a5,a5,0x4
    800030a8:	01289f63          	bne	a7,s2,800030c6 <__addtf3+0x2ae>
    800030ac:	00c76833          	or	a6,a4,a2
    800030b0:	00080a63          	beqz	a6,800030c4 <__addtf3+0x2ac>
    800030b4:	00d71813          	slli	a6,a4,0xd
    800030b8:	00084663          	bltz	a6,800030c4 <__addtf3+0x2ac>
    800030bc:	47c1                	li	a5,16
    800030be:	a019                	j	800030c4 <__addtf3+0x2ac>
    800030c0:	ff0886e3          	beq	a7,a6,800030ac <__addtf3+0x294>
    800030c4:	c691                	beqz	a3,800030d0 <__addtf3+0x2b8>
    800030c6:	8f51                	or	a4,a4,a2
    800030c8:	2e071a63          	bnez	a4,800033bc <__addtf3+0x5a4>
    800030cc:	872e                	mv	a4,a1
    800030ce:	862a                	mv	a2,a0
    800030d0:	6921                	lui	s2,0x8
    800030d2:	197d                	addi	s2,s2,-1 # 7fff <__stack_size_min+0x1fff>
    800030d4:	b5f1                	j	80002fa0 <__addtf3+0x188>
    800030d6:	01068e63          	beq	a3,a6,800030f2 <__addtf3+0x2da>
    800030da:	962a                	add	a2,a2,a0
    800030dc:	972e                	add	a4,a4,a1
    800030de:	00a63533          	sltu	a0,a2,a0
    800030e2:	972a                	add	a4,a4,a0
    800030e4:	03f71593          	slli	a1,a4,0x3f
    800030e8:	8205                	srli	a2,a2,0x1
    800030ea:	8e4d                	or	a2,a2,a1
    800030ec:	8305                	srli	a4,a4,0x1
    800030ee:	8936                	mv	s2,a3
    800030f0:	bd45                	j	80002fa0 <__addtf3+0x188>
    800030f2:	cc99                	beqz	s1,80003110 <__addtf3+0x2f8>
    800030f4:	478d                	li	a5,3
    800030f6:	00f49863          	bne	s1,a5,80003106 <__addtf3+0x2ee>
    800030fa:	00098b63          	beqz	s3,80003110 <__addtf3+0x2f8>
    800030fe:	577d                	li	a4,-1
    80003100:	567d                	li	a2,-1
    80003102:	891a                	mv	s2,t1
    80003104:	a815                	j	80003138 <__addtf3+0x320>
    80003106:	4789                	li	a5,2
    80003108:	fef49be3          	bne	s1,a5,800030fe <__addtf3+0x2e6>
    8000310c:	fe0989e3          	beqz	s3,800030fe <__addtf3+0x2e6>
    80003110:	8936                	mv	s2,a3
    80003112:	a00d                	j	80003134 <__addtf3+0x31c>
    80003114:	c085                	beqz	s1,80003134 <__addtf3+0x31c>
    80003116:	478d                	li	a5,3
    80003118:	00f49963          	bne	s1,a5,8000312a <__addtf3+0x312>
    8000311c:	00098c63          	beqz	s3,80003134 <__addtf3+0x31c>
    80003120:	6921                	lui	s2,0x8
    80003122:	577d                	li	a4,-1
    80003124:	567d                	li	a2,-1
    80003126:	1979                	addi	s2,s2,-2 # 7ffe <__stack_size_min+0x1ffe>
    80003128:	a801                	j	80003138 <__addtf3+0x320>
    8000312a:	4789                	li	a5,2
    8000312c:	fef49ae3          	bne	s1,a5,80003120 <__addtf3+0x308>
    80003130:	fe0988e3          	beqz	s3,80003120 <__addtf3+0x308>
    80003134:	4701                	li	a4,0
    80003136:	4601                	li	a2,0
    80003138:	4795                	li	a5,5
    8000313a:	b59d                	j	80002fa0 <__addtf3+0x188>
    8000313c:	0cf05763          	blez	a5,8000320a <__addtf3+0x3f2>
    80003140:	08089363          	bnez	a7,800031c6 <__addtf3+0x3ae>
    80003144:	00c767b3          	or	a5,a4,a2
    80003148:	e791                	bnez	a5,80003154 <__addtf3+0x33c>
    8000314a:	d9090be3          	beq	s2,a6,80002ee0 <__addtf3+0xc8>
    8000314e:	872e                	mv	a4,a1
    80003150:	862a                	mv	a2,a0
    80003152:	a6a1                	j	8000349a <__addtf3+0x682>
    80003154:	fff6879b          	addiw	a5,a3,-1
    80003158:	e38d                	bnez	a5,8000317a <__addtf3+0x362>
    8000315a:	40c50633          	sub	a2,a0,a2
    8000315e:	40e58733          	sub	a4,a1,a4
    80003162:	00c53533          	sltu	a0,a0,a2
    80003166:	8f09                	sub	a4,a4,a0
    80003168:	00c71793          	slli	a5,a4,0xc
    8000316c:	3207d763          	bgez	a5,8000349a <__addtf3+0x682>
    80003170:	00d71413          	slli	s0,a4,0xd
    80003174:	8035                	srli	s0,s0,0xd
    80003176:	8a32                	mv	s4,a2
    80003178:	ac9d                	j	800033ee <__addtf3+0x5d6>
    8000317a:	d70903e3          	beq	s2,a6,80002ee0 <__addtf3+0xc8>
    8000317e:	07400693          	li	a3,116
    80003182:	06f6cf63          	blt	a3,a5,80003200 <__addtf3+0x3e8>
    80003186:	03f00693          	li	a3,63
    8000318a:	04f6c463          	blt	a3,a5,800031d2 <__addtf3+0x3ba>
    8000318e:	04000813          	li	a6,64
    80003192:	40f8083b          	subw	a6,a6,a5
    80003196:	010716b3          	sll	a3,a4,a6
    8000319a:	00f658b3          	srl	a7,a2,a5
    8000319e:	01061833          	sll	a6,a2,a6
    800031a2:	0116e6b3          	or	a3,a3,a7
    800031a6:	01003833          	snez	a6,a6
    800031aa:	0106e6b3          	or	a3,a3,a6
    800031ae:	00f757b3          	srl	a5,a4,a5
    800031b2:	40d506b3          	sub	a3,a0,a3
    800031b6:	40f587b3          	sub	a5,a1,a5
    800031ba:	00d53533          	sltu	a0,a0,a3
    800031be:	8636                	mv	a2,a3
    800031c0:	40a78733          	sub	a4,a5,a0
    800031c4:	b755                	j	80003168 <__addtf3+0x350>
    800031c6:	d1090de3          	beq	s2,a6,80002ee0 <__addtf3+0xc8>
    800031ca:	4685                	li	a3,1
    800031cc:	16ce                	slli	a3,a3,0x33
    800031ce:	8f55                	or	a4,a4,a3
    800031d0:	b77d                	j	8000317e <__addtf3+0x366>
    800031d2:	fc07869b          	addiw	a3,a5,-64
    800031d6:	04000893          	li	a7,64
    800031da:	00d756b3          	srl	a3,a4,a3
    800031de:	4801                	li	a6,0
    800031e0:	01178863          	beq	a5,a7,800031f0 <__addtf3+0x3d8>
    800031e4:	08000813          	li	a6,128
    800031e8:	40f8083b          	subw	a6,a6,a5
    800031ec:	01071833          	sll	a6,a4,a6
    800031f0:	00c86833          	or	a6,a6,a2
    800031f4:	01003833          	snez	a6,a6
    800031f8:	0106e6b3          	or	a3,a3,a6
    800031fc:	4781                	li	a5,0
    800031fe:	bf55                	j	800031b2 <__addtf3+0x39a>
    80003200:	00c766b3          	or	a3,a4,a2
    80003204:	00d036b3          	snez	a3,a3
    80003208:	bfd5                	j	800031fc <__addtf3+0x3e4>
    8000320a:	cfe9                	beqz	a5,800032e4 <__addtf3+0x4cc>
    8000320c:	08091863          	bnez	s2,8000329c <__addtf3+0x484>
    80003210:	00a5e7b3          	or	a5,a1,a0
    80003214:	e385                	bnez	a5,80003234 <__addtf3+0x41c>
    80003216:	3d089c63          	bne	a7,a6,800035ee <__addtf3+0x7d6>
    8000321a:	00c767b3          	or	a5,a4,a2
    8000321e:	3c078663          	beqz	a5,800035ea <__addtf3+0x7d2>
    80003222:	03275793          	srli	a5,a4,0x32
    80003226:	0017c793          	xori	a5,a5,1
    8000322a:	8b85                	andi	a5,a5,1
    8000322c:	0792                	slli	a5,a5,0x4
    8000322e:	8946                	mv	s2,a7
    80003230:	899a                	mv	s3,t1
    80003232:	b3bd                	j	80002fa0 <__addtf3+0x188>
    80003234:	fff6c793          	not	a5,a3
    80003238:	2781                	sext.w	a5,a5
    8000323a:	eb99                	bnez	a5,80003250 <__addtf3+0x438>
    8000323c:	40a60533          	sub	a0,a2,a0
    80003240:	00a637b3          	sltu	a5,a2,a0
    80003244:	8f0d                	sub	a4,a4,a1
    80003246:	862a                	mv	a2,a0
    80003248:	8f1d                	sub	a4,a4,a5
    8000324a:	8946                	mv	s2,a7
    8000324c:	899a                	mv	s3,t1
    8000324e:	bf29                	j	80003168 <__addtf3+0x350>
    80003250:	fd0885e3          	beq	a7,a6,8000321a <__addtf3+0x402>
    80003254:	07400693          	li	a3,116
    80003258:	08f6c163          	blt	a3,a5,800032da <__addtf3+0x4c2>
    8000325c:	03f00693          	li	a3,63
    80003260:	04f6c663          	blt	a3,a5,800032ac <__addtf3+0x494>
    80003264:	04000813          	li	a6,64
    80003268:	40f8083b          	subw	a6,a6,a5
    8000326c:	010596b3          	sll	a3,a1,a6
    80003270:	00f55e33          	srl	t3,a0,a5
    80003274:	01051833          	sll	a6,a0,a6
    80003278:	01c6e6b3          	or	a3,a3,t3
    8000327c:	01003833          	snez	a6,a6
    80003280:	0106e6b3          	or	a3,a3,a6
    80003284:	00f5d7b3          	srl	a5,a1,a5
    80003288:	40d606b3          	sub	a3,a2,a3
    8000328c:	00d635b3          	sltu	a1,a2,a3
    80003290:	40f707b3          	sub	a5,a4,a5
    80003294:	8636                	mv	a2,a3
    80003296:	40b78733          	sub	a4,a5,a1
    8000329a:	bf45                	j	8000324a <__addtf3+0x432>
    8000329c:	f7088fe3          	beq	a7,a6,8000321a <__addtf3+0x402>
    800032a0:	40d007bb          	negw	a5,a3
    800032a4:	4685                	li	a3,1
    800032a6:	16ce                	slli	a3,a3,0x33
    800032a8:	8dd5                	or	a1,a1,a3
    800032aa:	b76d                	j	80003254 <__addtf3+0x43c>
    800032ac:	fc07869b          	addiw	a3,a5,-64
    800032b0:	04000e13          	li	t3,64
    800032b4:	00d5d6b3          	srl	a3,a1,a3
    800032b8:	4801                	li	a6,0
    800032ba:	01c78863          	beq	a5,t3,800032ca <__addtf3+0x4b2>
    800032be:	08000813          	li	a6,128
    800032c2:	40f8083b          	subw	a6,a6,a5
    800032c6:	01059833          	sll	a6,a1,a6
    800032ca:	00a86833          	or	a6,a6,a0
    800032ce:	01003833          	snez	a6,a6
    800032d2:	0106e6b3          	or	a3,a3,a6
    800032d6:	4781                	li	a5,0
    800032d8:	bf45                	j	80003288 <__addtf3+0x470>
    800032da:	00a5e6b3          	or	a3,a1,a0
    800032de:	00d036b3          	snez	a3,a3
    800032e2:	bfd5                	j	800032d6 <__addtf3+0x4be>
    800032e4:	00190693          	addi	a3,s2,1
    800032e8:	03169e13          	slli	t3,a3,0x31
    800032ec:	032e5e13          	srli	t3,t3,0x32
    800032f0:	0c0e1b63          	bnez	t3,800033c6 <__addtf3+0x5ae>
    800032f4:	00a5ee33          	or	t3,a1,a0
    800032f8:	00c766b3          	or	a3,a4,a2
    800032fc:	06091663          	bnez	s2,80003368 <__addtf3+0x550>
    80003300:	020e1263          	bnez	t3,80003324 <__addtf3+0x50c>
    80003304:	2c069663          	bnez	a3,800035d0 <__addtf3+0x7b8>
    80003308:	ffe48993          	addi	s3,s1,-2
    8000330c:	0019b993          	seqz	s3,s3
    80003310:	4581                	li	a1,0
    80003312:	4601                	li	a2,0
    80003314:	00b66533          	or	a0,a2,a1
    80003318:	18051363          	bnez	a0,8000349e <__addtf3+0x686>
    8000331c:	4581                	li	a1,0
    8000331e:	4901                	li	s2,0
    80003320:	4781                	li	a5,0
    80003322:	ac31                	j	8000353e <__addtf3+0x726>
    80003324:	2a068863          	beqz	a3,800035d4 <__addtf3+0x7bc>
    80003328:	40c506b3          	sub	a3,a0,a2
    8000332c:	00d53833          	sltu	a6,a0,a3
    80003330:	40e587b3          	sub	a5,a1,a4
    80003334:	410787b3          	sub	a5,a5,a6
    80003338:	00c79813          	slli	a6,a5,0xc
    8000333c:	00085c63          	bgez	a6,80003354 <__addtf3+0x53c>
    80003340:	40a60533          	sub	a0,a2,a0
    80003344:	00a637b3          	sltu	a5,a2,a0
    80003348:	8f0d                	sub	a4,a4,a1
    8000334a:	862a                	mv	a2,a0
    8000334c:	40f705b3          	sub	a1,a4,a5
    80003350:	899a                	mv	s3,t1
    80003352:	b7c9                	j	80003314 <__addtf3+0x4fc>
    80003354:	00f6e633          	or	a2,a3,a5
    80003358:	28061063          	bnez	a2,800035d8 <__addtf3+0x7c0>
    8000335c:	ffe48993          	addi	s3,s1,-2
    80003360:	0019b993          	seqz	s3,s3
    80003364:	4581                	li	a1,0
    80003366:	b77d                	j	80003314 <__addtf3+0x4fc>
    80003368:	03091963          	bne	s2,a6,8000339a <__addtf3+0x582>
    8000336c:	280e0463          	beqz	t3,800035f4 <__addtf3+0x7dc>
    80003370:	0325d793          	srli	a5,a1,0x32
    80003374:	0017c793          	xori	a5,a5,1
    80003378:	8b85                	andi	a5,a5,1
    8000337a:	0792                	slli	a5,a5,0x4
    8000337c:	03289e63          	bne	a7,s2,800033b8 <__addtf3+0x5a0>
    80003380:	ce99                	beqz	a3,8000339e <__addtf3+0x586>
    80003382:	4805                	li	a6,1
    80003384:	00d71893          	slli	a7,a4,0xd
    80003388:	184a                	slli	a6,a6,0x32
    8000338a:	0008ca63          	bltz	a7,8000339e <__addtf3+0x586>
    8000338e:	899a                	mv	s3,t1
    80003390:	020e0063          	beqz	t3,800033b0 <__addtf3+0x598>
    80003394:	4981                	li	s3,0
    80003396:	8742                	mv	a4,a6
    80003398:	a819                	j	800033ae <__addtf3+0x596>
    8000339a:	ff0883e3          	beq	a7,a6,80003380 <__addtf3+0x568>
    8000339e:	000e1d63          	bnez	t3,800033b8 <__addtf3+0x5a0>
    800033a2:	899a                	mv	s3,t1
    800033a4:	d20696e3          	bnez	a3,800030d0 <__addtf3+0x2b8>
    800033a8:	4705                	li	a4,1
    800033aa:	4981                	li	s3,0
    800033ac:	174a                	slli	a4,a4,0x32
    800033ae:	4601                	li	a2,0
    800033b0:	6921                	lui	s2,0x8
    800033b2:	197d                	addi	s2,s2,-1 # 7fff <__stack_size_min+0x1fff>
    800033b4:	47c1                	li	a5,16
    800033b6:	b6ed                	j	80002fa0 <__addtf3+0x188>
    800033b8:	d0068ae3          	beqz	a3,800030cc <__addtf3+0x2b4>
    800033bc:	4705                	li	a4,1
    800033be:	4981                	li	s3,0
    800033c0:	174a                	slli	a4,a4,0x32
    800033c2:	4601                	li	a2,0
    800033c4:	b331                	j	800030d0 <__addtf3+0x2b8>
    800033c6:	40c507b3          	sub	a5,a0,a2
    800033ca:	00f536b3          	sltu	a3,a0,a5
    800033ce:	40e58433          	sub	s0,a1,a4
    800033d2:	8c15                	sub	s0,s0,a3
    800033d4:	00c41693          	slli	a3,s0,0xc
    800033d8:	8a3e                	mv	s4,a5
    800033da:	0606d463          	bgez	a3,80003442 <__addtf3+0x62a>
    800033de:	40a60a33          	sub	s4,a2,a0
    800033e2:	40b70433          	sub	s0,a4,a1
    800033e6:	01463633          	sltu	a2,a2,s4
    800033ea:	8c11                	sub	s0,s0,a2
    800033ec:	899a                	mv	s3,t1
    800033ee:	cc31                	beqz	s0,8000344a <__addtf3+0x632>
    800033f0:	8522                	mv	a0,s0
    800033f2:	1e1010ef          	jal	80004dd2 <__clzdi2>
    800033f6:	ff45061b          	addiw	a2,a0,-12
    800033fa:	04000713          	li	a4,64
    800033fe:	9f11                	subw	a4,a4,a2
    80003400:	00c41433          	sll	s0,s0,a2
    80003404:	00ea5733          	srl	a4,s4,a4
    80003408:	8f41                	or	a4,a4,s0
    8000340a:	00ca1433          	sll	s0,s4,a2
    8000340e:	07264f63          	blt	a2,s2,8000348c <__addtf3+0x674>
    80003412:	4126063b          	subw	a2,a2,s2
    80003416:	0016059b          	addiw	a1,a2,1
    8000341a:	03f00793          	li	a5,63
    8000341e:	04b7c463          	blt	a5,a1,80003466 <__addtf3+0x64e>
    80003422:	04000793          	li	a5,64
    80003426:	9f8d                	subw	a5,a5,a1
    80003428:	00f71633          	sll	a2,a4,a5
    8000342c:	00b456b3          	srl	a3,s0,a1
    80003430:	00f417b3          	sll	a5,s0,a5
    80003434:	8e55                	or	a2,a2,a3
    80003436:	00f037b3          	snez	a5,a5
    8000343a:	8e5d                	or	a2,a2,a5
    8000343c:	00b755b3          	srl	a1,a4,a1
    80003440:	bdd1                	j	80003314 <__addtf3+0x4fc>
    80003442:	0087e633          	or	a2,a5,s0
    80003446:	f645                	bnez	a2,800033ee <__addtf3+0x5d6>
    80003448:	bf11                	j	8000335c <__addtf3+0x544>
    8000344a:	8552                	mv	a0,s4
    8000344c:	187010ef          	jal	80004dd2 <__clzdi2>
    80003450:	0345061b          	addiw	a2,a0,52
    80003454:	03f00793          	li	a5,63
    80003458:	fac7d1e3          	bge	a5,a2,800033fa <__addtf3+0x5e2>
    8000345c:	ff45071b          	addiw	a4,a0,-12
    80003460:	00ea1733          	sll	a4,s4,a4
    80003464:	b76d                	j	8000340e <__addtf3+0x5f6>
    80003466:	fc16061b          	addiw	a2,a2,-63
    8000346a:	04000513          	li	a0,64
    8000346e:	00c75633          	srl	a2,a4,a2
    80003472:	4781                	li	a5,0
    80003474:	00a58763          	beq	a1,a0,80003482 <__addtf3+0x66a>
    80003478:	08000793          	li	a5,128
    8000347c:	9f8d                	subw	a5,a5,a1
    8000347e:	00f717b3          	sll	a5,a4,a5
    80003482:	8fc1                	or	a5,a5,s0
    80003484:	00f037b3          	snez	a5,a5
    80003488:	8e5d                	or	a2,a2,a5
    8000348a:	bde9                	j	80003364 <__addtf3+0x54c>
    8000348c:	57fd                	li	a5,-1
    8000348e:	17ce                	slli	a5,a5,0x33
    80003490:	17fd                	addi	a5,a5,-1
    80003492:	40c90933          	sub	s2,s2,a2
    80003496:	8f7d                	and	a4,a4,a5
    80003498:	8622                	mv	a2,s0
    8000349a:	4781                	li	a5,0
    8000349c:	b611                	j	80002fa0 <__addtf3+0x188>
    8000349e:	00161693          	slli	a3,a2,0x1
    800034a2:	03f65793          	srli	a5,a2,0x3f
    800034a6:	00159713          	slli	a4,a1,0x1
    800034aa:	0076f513          	andi	a0,a3,7
    800034ae:	973e                	add	a4,a4,a5
    800034b0:	4781                	li	a5,0
    800034b2:	c105                	beqz	a0,800034d2 <__addtf3+0x6ba>
    800034b4:	4789                	li	a5,2
    800034b6:	06f48463          	beq	s1,a5,8000351e <__addtf3+0x706>
    800034ba:	478d                	li	a5,3
    800034bc:	04f48863          	beq	s1,a5,8000350c <__addtf3+0x6f4>
    800034c0:	4785                	li	a5,1
    800034c2:	e881                	bnez	s1,800034d2 <__addtf3+0x6ba>
    800034c4:	00f6f513          	andi	a0,a3,15
    800034c8:	4811                	li	a6,4
    800034ca:	ffc6b693          	sltiu	a3,a3,-4
    800034ce:	05051463          	bne	a0,a6,80003516 <__addtf3+0x6fe>
    800034d2:	9351                	srli	a4,a4,0x34
    800034d4:	00174713          	xori	a4,a4,1
    800034d8:	8b05                	andi	a4,a4,1
    800034da:	8532                	mv	a0,a2
    800034dc:	4901                	li	s2,0
    800034de:	00767693          	andi	a3,a2,7
    800034e2:	caa9                	beqz	a3,80003534 <__addtf3+0x71c>
    800034e4:	4689                	li	a3,2
    800034e6:	0017e793          	ori	a5,a5,1
    800034ea:	04d48363          	beq	s1,a3,80003530 <__addtf3+0x718>
    800034ee:	468d                	li	a3,3
    800034f0:	02d48b63          	beq	s1,a3,80003526 <__addtf3+0x70e>
    800034f4:	e0a1                	bnez	s1,80003534 <__addtf3+0x71c>
    800034f6:	00f67693          	andi	a3,a2,15
    800034fa:	4811                	li	a6,4
    800034fc:	03068c63          	beq	a3,a6,80003534 <__addtf3+0x71c>
    80003500:	00460513          	addi	a0,a2,4
    80003504:	00c53633          	sltu	a2,a0,a2
    80003508:	95b2                	add	a1,a1,a2
    8000350a:	a02d                	j	80003534 <__addtf3+0x71c>
    8000350c:	4785                	li	a5,1
    8000350e:	fc0992e3          	bnez	s3,800034d2 <__addtf3+0x6ba>
    80003512:	ff86b693          	sltiu	a3,a3,-8
    80003516:	0016c693          	xori	a3,a3,1
    8000351a:	9736                	add	a4,a4,a3
    8000351c:	bf5d                	j	800034d2 <__addtf3+0x6ba>
    8000351e:	4785                	li	a5,1
    80003520:	fa0989e3          	beqz	s3,800034d2 <__addtf3+0x6ba>
    80003524:	b7fd                	j	80003512 <__addtf3+0x6fa>
    80003526:	00099763          	bnez	s3,80003534 <__addtf3+0x71c>
    8000352a:	00860513          	addi	a0,a2,8
    8000352e:	bfd9                	j	80003504 <__addtf3+0x6ec>
    80003530:	fe099de3          	bnez	s3,8000352a <__addtf3+0x712>
    80003534:	c709                	beqz	a4,8000353e <__addtf3+0x726>
    80003536:	0017f713          	andi	a4,a5,1
    8000353a:	0706                	slli	a4,a4,0x1
    8000353c:	8fd9                	or	a5,a5,a4
    8000353e:	00c59713          	slli	a4,a1,0xc
    80003542:	00075b63          	bgez	a4,80003558 <__addtf3+0x740>
    80003546:	6721                	lui	a4,0x8
    80003548:	0905                	addi	s2,s2,1
    8000354a:	177d                	addi	a4,a4,-1 # 7fff <__stack_size_min+0x1fff>
    8000354c:	04e90c63          	beq	s2,a4,800035a4 <__addtf3+0x78c>
    80003550:	577d                	li	a4,-1
    80003552:	174e                	slli	a4,a4,0x33
    80003554:	177d                	addi	a4,a4,-1
    80003556:	8df9                	and	a1,a1,a4
    80003558:	03d59713          	slli	a4,a1,0x3d
    8000355c:	810d                	srli	a0,a0,0x3
    8000355e:	8d59                	or	a0,a0,a4
    80003560:	6721                	lui	a4,0x8
    80003562:	177d                	addi	a4,a4,-1 # 7fff <__stack_size_min+0x1fff>
    80003564:	818d                	srli	a1,a1,0x3
    80003566:	00e91963          	bne	s2,a4,80003578 <__addtf3+0x760>
    8000356a:	8d4d                	or	a0,a0,a1
    8000356c:	4581                	li	a1,0
    8000356e:	c509                	beqz	a0,80003578 <__addtf3+0x760>
    80003570:	4585                	li	a1,1
    80003572:	15be                	slli	a1,a1,0x2f
    80003574:	4501                	li	a0,0
    80003576:	4981                	li	s3,0
    80003578:	1946                	slli	s2,s2,0x31
    8000357a:	03195913          	srli	s2,s2,0x31
    8000357e:	09be                	slli	s3,s3,0xf
    80003580:	05c2                	slli	a1,a1,0x10
    80003582:	0129e9b3          	or	s3,s3,s2
    80003586:	19c2                	slli	s3,s3,0x30
    80003588:	81c1                	srli	a1,a1,0x10
    8000358a:	0135e5b3          	or	a1,a1,s3
    8000358e:	c399                	beqz	a5,80003594 <__addtf3+0x77c>
    80003590:	0017a073          	csrs	fflags,a5
    80003594:	70a2                	ld	ra,40(sp)
    80003596:	7402                	ld	s0,32(sp)
    80003598:	64e2                	ld	s1,24(sp)
    8000359a:	6942                	ld	s2,16(sp)
    8000359c:	69a2                	ld	s3,8(sp)
    8000359e:	6a02                	ld	s4,0(sp)
    800035a0:	6145                	addi	sp,sp,48
    800035a2:	8082                	ret
    800035a4:	4501                	li	a0,0
    800035a6:	cc99                	beqz	s1,800035c4 <__addtf3+0x7ac>
    800035a8:	470d                	li	a4,3
    800035aa:	00e49863          	bne	s1,a4,800035ba <__addtf3+0x7a2>
    800035ae:	00098b63          	beqz	s3,800035c4 <__addtf3+0x7ac>
    800035b2:	6921                	lui	s2,0x8
    800035b4:	557d                	li	a0,-1
    800035b6:	1979                	addi	s2,s2,-2 # 7ffe <__stack_size_min+0x1ffe>
    800035b8:	a031                	j	800035c4 <__addtf3+0x7ac>
    800035ba:	4709                	li	a4,2
    800035bc:	fee49be3          	bne	s1,a4,800035b2 <__addtf3+0x79a>
    800035c0:	fe0989e3          	beqz	s3,800035b2 <__addtf3+0x79a>
    800035c4:	0057e793          	ori	a5,a5,5
    800035c8:	85aa                	mv	a1,a0
    800035ca:	b779                	j	80003558 <__addtf3+0x740>
    800035cc:	85ba                	mv	a1,a4
    800035ce:	b399                	j	80003314 <__addtf3+0x4fc>
    800035d0:	85ba                	mv	a1,a4
    800035d2:	bbbd                	j	80003350 <__addtf3+0x538>
    800035d4:	862a                	mv	a2,a0
    800035d6:	bb3d                	j	80003314 <__addtf3+0x4fc>
    800035d8:	85be                	mv	a1,a5
    800035da:	8636                	mv	a2,a3
    800035dc:	bb25                	j	80003314 <__addtf3+0x4fc>
    800035de:	4701                	li	a4,0
    800035e0:	4601                	li	a2,0
    800035e2:	8946                	mv	s2,a7
    800035e4:	bd5d                	j	8000349a <__addtf3+0x682>
    800035e6:	4701                	li	a4,0
    800035e8:	bd4d                	j	8000349a <__addtf3+0x682>
    800035ea:	4701                	li	a4,0
    800035ec:	4601                	li	a2,0
    800035ee:	8946                	mv	s2,a7
    800035f0:	899a                	mv	s3,t1
    800035f2:	b565                	j	8000349a <__addtf3+0x682>
    800035f4:	db2897e3          	bne	a7,s2,800033a2 <__addtf3+0x58a>
    800035f8:	b361                	j	80003380 <__addtf3+0x568>
    800035fa:	9b2893e3          	bne	a7,s2,80002fa0 <__addtf3+0x188>
    800035fe:	b47d                	j	800030ac <__addtf3+0x294>

0000000080003600 <__divtf3>:
    80003600:	711d                	addi	sp,sp,-96
    80003602:	f456                	sd	s5,40(sp)
    80003604:	ec5e                	sd	s7,24(sp)
    80003606:	ec86                	sd	ra,88(sp)
    80003608:	e8a2                	sd	s0,80(sp)
    8000360a:	e4a6                	sd	s1,72(sp)
    8000360c:	e0ca                	sd	s2,64(sp)
    8000360e:	fc4e                	sd	s3,56(sp)
    80003610:	f852                	sd	s4,48(sp)
    80003612:	f05a                	sd	s6,32(sp)
    80003614:	e862                	sd	s8,16(sp)
    80003616:	e466                	sd	s9,8(sp)
    80003618:	8bb2                	mv	s7,a2
    8000361a:	8ab6                	mv	s5,a3
    8000361c:	002029f3          	frrm	s3
    80003620:	6721                	lui	a4,0x8
    80003622:	0305d793          	srli	a5,a1,0x30
    80003626:	177d                	addi	a4,a4,-1 # 7fff <__stack_size_min+0x1fff>
    80003628:	01059413          	slli	s0,a1,0x10
    8000362c:	8ff9                	and	a5,a5,a4
    8000362e:	2981                	sext.w	s3,s3
    80003630:	8041                	srli	s0,s0,0x10
    80003632:	03f5da13          	srli	s4,a1,0x3f
    80003636:	c78d                	beqz	a5,80003660 <__divtf3+0x60>
    80003638:	84aa                	mv	s1,a0
    8000363a:	0007881b          	sext.w	a6,a5
    8000363e:	08e78163          	beq	a5,a4,800036c0 <__divtf3+0xc0>
    80003642:	9175                	srli	a0,a0,0x3d
    80003644:	040e                	slli	s0,s0,0x3
    80003646:	4705                	li	a4,1
    80003648:	7871                	lui	a6,0xffffc
    8000364a:	8d41                	or	a0,a0,s0
    8000364c:	174e                	slli	a4,a4,0x33
    8000364e:	0805                	addi	a6,a6,1 # ffffffffffffc001 <__heap_end+0xffffffff7ffd4001>
    80003650:	00e56b33          	or	s6,a0,a4
    80003654:	048e                	slli	s1,s1,0x3
    80003656:	01078c33          	add	s8,a5,a6
    8000365a:	4c81                	li	s9,0
    8000365c:	4901                	li	s2,0
    8000365e:	a8ad                	j	800036d8 <__divtf3+0xd8>
    80003660:	00856b33          	or	s6,a0,s0
    80003664:	892a                	mv	s2,a0
    80003666:	0c0b0c63          	beqz	s6,8000373e <__divtf3+0x13e>
    8000366a:	cc05                	beqz	s0,800036a2 <__divtf3+0xa2>
    8000366c:	8522                	mv	a0,s0
    8000366e:	764010ef          	jal	80004dd2 <__clzdi2>
    80003672:	0005079b          	sext.w	a5,a0
    80003676:	ff178b13          	addi	s6,a5,-15
    8000367a:	03d00713          	li	a4,61
    8000367e:	003b069b          	addiw	a3,s6,3
    80003682:	4167073b          	subw	a4,a4,s6
    80003686:	00d41433          	sll	s0,s0,a3
    8000368a:	00e95733          	srl	a4,s2,a4
    8000368e:	00876b33          	or	s6,a4,s0
    80003692:	00d91433          	sll	s0,s2,a3
    80003696:	7871                	lui	a6,0xffffc
    80003698:	0845                	addi	a6,a6,17 # ffffffffffffc011 <__heap_end+0xffffffff7ffd4011>
    8000369a:	40f80c33          	sub	s8,a6,a5
    8000369e:	84a2                	mv	s1,s0
    800036a0:	bf6d                	j	8000365a <__divtf3+0x5a>
    800036a2:	730010ef          	jal	80004dd2 <__clzdi2>
    800036a6:	0405079b          	addiw	a5,a0,64
    800036aa:	ff178b13          	addi	s6,a5,-15
    800036ae:	03c00713          	li	a4,60
    800036b2:	fd6754e3          	bge	a4,s6,8000367a <__divtf3+0x7a>
    800036b6:	fc3b0b1b          	addiw	s6,s6,-61
    800036ba:	01691b33          	sll	s6,s2,s6
    800036be:	bfe1                	j	80003696 <__divtf3+0x96>
    800036c0:	00856b33          	or	s6,a0,s0
    800036c4:	080b0163          	beqz	s6,80003746 <__divtf3+0x146>
    800036c8:	4905                	li	s2,1
    800036ca:	193e                	slli	s2,s2,0x2f
    800036cc:	01243933          	sltu	s2,s0,s2
    800036d0:	0912                	slli	s2,s2,0x4
    800036d2:	8b22                	mv	s6,s0
    800036d4:	8c42                	mv	s8,a6
    800036d6:	4c8d                	li	s9,3
    800036d8:	6621                	lui	a2,0x8
    800036da:	030ad713          	srli	a4,s5,0x30
    800036de:	56fd                	li	a3,-1
    800036e0:	167d                	addi	a2,a2,-1 # 7fff <__stack_size_min+0x1fff>
    800036e2:	0106d413          	srli	s0,a3,0x10
    800036e6:	8f71                	and	a4,a4,a2
    800036e8:	008af433          	and	s0,s5,s0
    800036ec:	855e                	mv	a0,s7
    800036ee:	03fada93          	srli	s5,s5,0x3f
    800036f2:	cf31                	beqz	a4,8000374e <__divtf3+0x14e>
    800036f4:	0007079b          	sext.w	a5,a4
    800036f8:	0ac70863          	beq	a4,a2,800037a8 <__divtf3+0x1a8>
    800036fc:	040e                	slli	s0,s0,0x3
    800036fe:	03dbd793          	srli	a5,s7,0x3d
    80003702:	8fc1                	or	a5,a5,s0
    80003704:	4405                	li	s0,1
    80003706:	144e                	slli	s0,s0,0x33
    80003708:	8c5d                	or	s0,s0,a5
    8000370a:	77f1                	lui	a5,0xffffc
    8000370c:	0785                	addi	a5,a5,1 # ffffffffffffc001 <__heap_end+0xffffffff7ffd4001>
    8000370e:	003b9513          	slli	a0,s7,0x3
    80003712:	97ba                	add	a5,a5,a4
    80003714:	4701                	li	a4,0
    80003716:	40fc0833          	sub	a6,s8,a5
    8000371a:	002c9793          	slli	a5,s9,0x2
    8000371e:	8fd9                	or	a5,a5,a4
    80003720:	17fd                	addi	a5,a5,-1
    80003722:	46b9                	li	a3,14
    80003724:	015a4633          	xor	a2,s4,s5
    80003728:	0cf6e263          	bltu	a3,a5,800037ec <__divtf3+0x1ec>
    8000372c:	00003697          	auipc	a3,0x3
    80003730:	6ec68693          	addi	a3,a3,1772 # 80006e18 <init_jk+0x10>
    80003734:	078a                	slli	a5,a5,0x2
    80003736:	97b6                	add	a5,a5,a3
    80003738:	439c                	lw	a5,0(a5)
    8000373a:	97b6                	add	a5,a5,a3
    8000373c:	8782                	jr	a5
    8000373e:	4481                	li	s1,0
    80003740:	4c01                	li	s8,0
    80003742:	4c85                	li	s9,1
    80003744:	bf21                	j	8000365c <__divtf3+0x5c>
    80003746:	4481                	li	s1,0
    80003748:	8c42                	mv	s8,a6
    8000374a:	4c89                	li	s9,2
    8000374c:	bf01                	j	8000365c <__divtf3+0x5c>
    8000374e:	017467b3          	or	a5,s0,s7
    80003752:	c7a5                	beqz	a5,800037ba <__divtf3+0x1ba>
    80003754:	c81d                	beqz	s0,8000378a <__divtf3+0x18a>
    80003756:	8522                	mv	a0,s0
    80003758:	67a010ef          	jal	80004dd2 <__clzdi2>
    8000375c:	2501                	sext.w	a0,a0
    8000375e:	ff150793          	addi	a5,a0,-15
    80003762:	03d00713          	li	a4,61
    80003766:	0037869b          	addiw	a3,a5,3
    8000376a:	40f707bb          	subw	a5,a4,a5
    8000376e:	00d41433          	sll	s0,s0,a3
    80003772:	00fbd7b3          	srl	a5,s7,a5
    80003776:	0087e733          	or	a4,a5,s0
    8000377a:	00db9433          	sll	s0,s7,a3
    8000377e:	77f1                	lui	a5,0xffffc
    80003780:	07c5                	addi	a5,a5,17 # ffffffffffffc011 <__heap_end+0xffffffff7ffd4011>
    80003782:	8f89                	sub	a5,a5,a0
    80003784:	8522                	mv	a0,s0
    80003786:	843a                	mv	s0,a4
    80003788:	b771                	j	80003714 <__divtf3+0x114>
    8000378a:	648010ef          	jal	80004dd2 <__clzdi2>
    8000378e:	0405051b          	addiw	a0,a0,64
    80003792:	ff150793          	addi	a5,a0,-15
    80003796:	03c00713          	li	a4,60
    8000379a:	fcf754e3          	bge	a4,a5,80003762 <__divtf3+0x162>
    8000379e:	fc37879b          	addiw	a5,a5,-61
    800037a2:	00fb9733          	sll	a4,s7,a5
    800037a6:	bfe1                	j	8000377e <__divtf3+0x17e>
    800037a8:	01746733          	or	a4,s0,s7
    800037ac:	cf01                	beqz	a4,800037c4 <__divtf3+0x1c4>
    800037ae:	82c5                	srli	a3,a3,0x11
    800037b0:	470d                	li	a4,3
    800037b2:	f686e2e3          	bltu	a3,s0,80003716 <__divtf3+0x116>
    800037b6:	4941                	li	s2,16
    800037b8:	bfb9                	j	80003716 <__divtf3+0x116>
    800037ba:	4401                	li	s0,0
    800037bc:	4501                	li	a0,0
    800037be:	4781                	li	a5,0
    800037c0:	4705                	li	a4,1
    800037c2:	bf91                	j	80003716 <__divtf3+0x116>
    800037c4:	4401                	li	s0,0
    800037c6:	4501                	li	a0,0
    800037c8:	4709                	li	a4,2
    800037ca:	b7b1                	j	80003716 <__divtf3+0x116>
    800037cc:	8656                	mv	a2,s5
    800037ce:	478d                	li	a5,3
    800037d0:	4af70163          	beq	a4,a5,80003c72 <__divtf3+0x672>
    800037d4:	4785                	li	a5,1
    800037d6:	4af70563          	beq	a4,a5,80003c80 <__divtf3+0x680>
    800037da:	4789                	li	a5,2
    800037dc:	24f71c63          	bne	a4,a5,80003a34 <__divtf3+0x434>
    800037e0:	ac69                	j	80003a7a <__divtf3+0x47a>
    800037e2:	8652                	mv	a2,s4
    800037e4:	845a                	mv	s0,s6
    800037e6:	8526                	mv	a0,s1
    800037e8:	8766                	mv	a4,s9
    800037ea:	b7d5                	j	800037ce <__divtf3+0x1ce>
    800037ec:	01646663          	bltu	s0,s6,800037f8 <__divtf3+0x1f8>
    800037f0:	288b1063          	bne	s6,s0,80003a70 <__divtf3+0x470>
    800037f4:	26a4ee63          	bltu	s1,a0,80003a70 <__divtf3+0x470>
    800037f8:	03fb1713          	slli	a4,s6,0x3f
    800037fc:	0014d793          	srli	a5,s1,0x1
    80003800:	03f49e93          	slli	t4,s1,0x3f
    80003804:	001b5b13          	srli	s6,s6,0x1
    80003808:	00f764b3          	or	s1,a4,a5
    8000380c:	00c41593          	slli	a1,s0,0xc
    80003810:	03455793          	srli	a5,a0,0x34
    80003814:	8fcd                	or	a5,a5,a1
    80003816:	9181                	srli	a1,a1,0x20
    80003818:	02bb5e33          	divu	t3,s6,a1
    8000381c:	00c51693          	slli	a3,a0,0xc
    80003820:	02079893          	slli	a7,a5,0x20
    80003824:	0208d893          	srli	a7,a7,0x20
    80003828:	0204d713          	srli	a4,s1,0x20
    8000382c:	02bb7533          	remu	a0,s6,a1
    80003830:	03c88333          	mul	t1,a7,t3
    80003834:	1502                	slli	a0,a0,0x20
    80003836:	8f49                	or	a4,a4,a0
    80003838:	8572                	mv	a0,t3
    8000383a:	00677c63          	bgeu	a4,t1,80003852 <__divtf3+0x252>
    8000383e:	973e                	add	a4,a4,a5
    80003840:	fffe0513          	addi	a0,t3,-1
    80003844:	00f76763          	bltu	a4,a5,80003852 <__divtf3+0x252>
    80003848:	00677563          	bgeu	a4,t1,80003852 <__divtf3+0x252>
    8000384c:	ffee0513          	addi	a0,t3,-2
    80003850:	973e                	add	a4,a4,a5
    80003852:	40670733          	sub	a4,a4,t1
    80003856:	02b75e33          	divu	t3,a4,a1
    8000385a:	1482                	slli	s1,s1,0x20
    8000385c:	9081                	srli	s1,s1,0x20
    8000385e:	02b77733          	remu	a4,a4,a1
    80003862:	03c88333          	mul	t1,a7,t3
    80003866:	1702                	slli	a4,a4,0x20
    80003868:	8cd9                	or	s1,s1,a4
    8000386a:	8772                	mv	a4,t3
    8000386c:	0064fc63          	bgeu	s1,t1,80003884 <__divtf3+0x284>
    80003870:	94be                	add	s1,s1,a5
    80003872:	fffe0713          	addi	a4,t3,-1
    80003876:	00f4e763          	bltu	s1,a5,80003884 <__divtf3+0x284>
    8000387a:	0064f563          	bgeu	s1,t1,80003884 <__divtf3+0x284>
    8000387e:	ffee0713          	addi	a4,t3,-2
    80003882:	94be                	add	s1,s1,a5
    80003884:	406484b3          	sub	s1,s1,t1
    80003888:	1502                	slli	a0,a0,0x20
    8000388a:	537d                	li	t1,-1
    8000388c:	8d59                	or	a0,a0,a4
    8000388e:	02035313          	srli	t1,t1,0x20
    80003892:	00657733          	and	a4,a0,t1
    80003896:	02055f13          	srli	t5,a0,0x20
    8000389a:	0206de13          	srli	t3,a3,0x20
    8000389e:	0066f333          	and	t1,a3,t1
    800038a2:	026702b3          	mul	t0,a4,t1
    800038a6:	026f03b3          	mul	t2,t5,t1
    800038aa:	02ee0733          	mul	a4,t3,a4
    800038ae:	00770fb3          	add	t6,a4,t2
    800038b2:	0202d713          	srli	a4,t0,0x20
    800038b6:	977e                	add	a4,a4,t6
    800038b8:	03cf0f33          	mul	t5,t5,t3
    800038bc:	00777563          	bgeu	a4,t2,800038c6 <__divtf3+0x2c6>
    800038c0:	4f85                	li	t6,1
    800038c2:	1f82                	slli	t6,t6,0x20
    800038c4:	9f7e                	add	t5,t5,t6
    800038c6:	02075f93          	srli	t6,a4,0x20
    800038ca:	9ffa                	add	t6,t6,t5
    800038cc:	5f7d                	li	t5,-1
    800038ce:	020f5f13          	srli	t5,t5,0x20
    800038d2:	01e77733          	and	a4,a4,t5
    800038d6:	1702                	slli	a4,a4,0x20
    800038d8:	01e2f2b3          	and	t0,t0,t5
    800038dc:	9716                	add	a4,a4,t0
    800038de:	01f4e763          	bltu	s1,t6,800038ec <__divtf3+0x2ec>
    800038e2:	842a                	mv	s0,a0
    800038e4:	05f49263          	bne	s1,t6,80003928 <__divtf3+0x328>
    800038e8:	04eef063          	bgeu	t4,a4,80003928 <__divtf3+0x328>
    800038ec:	00de8f33          	add	t5,t4,a3
    800038f0:	01df32b3          	sltu	t0,t5,t4
    800038f4:	00f283b3          	add	t2,t0,a5
    800038f8:	949e                	add	s1,s1,t2
    800038fa:	fff50413          	addi	s0,a0,-1
    800038fe:	8efa                	mv	t4,t5
    80003900:	0097e663          	bltu	a5,s1,8000390c <__divtf3+0x30c>
    80003904:	02979263          	bne	a5,s1,80003928 <__divtf3+0x328>
    80003908:	02029063          	bnez	t0,80003928 <__divtf3+0x328>
    8000390c:	01f4e663          	bltu	s1,t6,80003918 <__divtf3+0x318>
    80003910:	009f9c63          	bne	t6,s1,80003928 <__divtf3+0x328>
    80003914:	00ef7a63          	bgeu	t5,a4,80003928 <__divtf3+0x328>
    80003918:	9f36                	add	t5,t5,a3
    8000391a:	ffe50413          	addi	s0,a0,-2
    8000391e:	00df3533          	sltu	a0,t5,a3
    80003922:	953e                	add	a0,a0,a5
    80003924:	8efa                	mv	t4,t5
    80003926:	94aa                	add	s1,s1,a0
    80003928:	40ee8f33          	sub	t5,t4,a4
    8000392c:	41f484b3          	sub	s1,s1,t6
    80003930:	01eebeb3          	sltu	t4,t4,t5
    80003934:	41d484b3          	sub	s1,s1,t4
    80003938:	557d                	li	a0,-1
    8000393a:	0e978d63          	beq	a5,s1,80003a34 <__divtf3+0x434>
    8000393e:	02b4dfb3          	divu	t6,s1,a1
    80003942:	020f5713          	srli	a4,t5,0x20
    80003946:	02b4f4b3          	remu	s1,s1,a1
    8000394a:	857e                	mv	a0,t6
    8000394c:	03f88eb3          	mul	t4,a7,t6
    80003950:	1482                	slli	s1,s1,0x20
    80003952:	8f45                	or	a4,a4,s1
    80003954:	01d77c63          	bgeu	a4,t4,8000396c <__divtf3+0x36c>
    80003958:	973e                	add	a4,a4,a5
    8000395a:	ffff8513          	addi	a0,t6,-1
    8000395e:	00f76763          	bltu	a4,a5,8000396c <__divtf3+0x36c>
    80003962:	01d77563          	bgeu	a4,t4,8000396c <__divtf3+0x36c>
    80003966:	ffef8513          	addi	a0,t6,-2
    8000396a:	973e                	add	a4,a4,a5
    8000396c:	41d70733          	sub	a4,a4,t4
    80003970:	02b75fb3          	divu	t6,a4,a1
    80003974:	02b77733          	remu	a4,a4,a1
    80003978:	020f1593          	slli	a1,t5,0x20
    8000397c:	9181                	srli	a1,a1,0x20
    8000397e:	8efe                	mv	t4,t6
    80003980:	03f888b3          	mul	a7,a7,t6
    80003984:	1702                	slli	a4,a4,0x20
    80003986:	8f4d                	or	a4,a4,a1
    80003988:	01177c63          	bgeu	a4,a7,800039a0 <__divtf3+0x3a0>
    8000398c:	973e                	add	a4,a4,a5
    8000398e:	ffff8e93          	addi	t4,t6,-1
    80003992:	00f76763          	bltu	a4,a5,800039a0 <__divtf3+0x3a0>
    80003996:	01177563          	bgeu	a4,a7,800039a0 <__divtf3+0x3a0>
    8000399a:	ffef8e93          	addi	t4,t6,-2
    8000399e:	973e                	add	a4,a4,a5
    800039a0:	02051593          	slli	a1,a0,0x20
    800039a4:	01d5e5b3          	or	a1,a1,t4
    800039a8:	41170733          	sub	a4,a4,a7
    800039ac:	02059893          	slli	a7,a1,0x20
    800039b0:	0205de93          	srli	t4,a1,0x20
    800039b4:	0208d893          	srli	a7,a7,0x20
    800039b8:	026e8533          	mul	a0,t4,t1
    800039bc:	03130f33          	mul	t5,t1,a7
    800039c0:	03de0eb3          	mul	t4,t3,t4
    800039c4:	020f5313          	srli	t1,t5,0x20
    800039c8:	031e0e33          	mul	t3,t3,a7
    800039cc:	9e2a                	add	t3,t3,a0
    800039ce:	9372                	add	t1,t1,t3
    800039d0:	00a37563          	bgeu	t1,a0,800039da <__divtf3+0x3da>
    800039d4:	4505                	li	a0,1
    800039d6:	1502                	slli	a0,a0,0x20
    800039d8:	9eaa                	add	t4,t4,a0
    800039da:	557d                	li	a0,-1
    800039dc:	9101                	srli	a0,a0,0x20
    800039de:	02035893          	srli	a7,t1,0x20
    800039e2:	00a37333          	and	t1,t1,a0
    800039e6:	1302                	slli	t1,t1,0x20
    800039e8:	00af7f33          	and	t5,t5,a0
    800039ec:	98f6                	add	a7,a7,t4
    800039ee:	937a                	add	t1,t1,t5
    800039f0:	01176763          	bltu	a4,a7,800039fe <__divtf3+0x3fe>
    800039f4:	29171a63          	bne	a4,a7,80003c88 <__divtf3+0x688>
    800039f8:	852e                	mv	a0,a1
    800039fa:	02030d63          	beqz	t1,80003a34 <__divtf3+0x434>
    800039fe:	973e                	add	a4,a4,a5
    80003a00:	fff58513          	addi	a0,a1,-1
    80003a04:	8e3a                	mv	t3,a4
    80003a06:	02f76163          	bltu	a4,a5,80003a28 <__divtf3+0x428>
    80003a0a:	01176663          	bltu	a4,a7,80003a16 <__divtf3+0x416>
    80003a0e:	27171c63          	bne	a4,a7,80003c86 <__divtf3+0x686>
    80003a12:	0066fd63          	bgeu	a3,t1,80003a2c <__divtf3+0x42c>
    80003a16:	ffe58513          	addi	a0,a1,-2
    80003a1a:	00169593          	slli	a1,a3,0x1
    80003a1e:	00d5be33          	sltu	t3,a1,a3
    80003a22:	9e3e                	add	t3,t3,a5
    80003a24:	9e3a                	add	t3,t3,a4
    80003a26:	86ae                	mv	a3,a1
    80003a28:	011e1463          	bne	t3,a7,80003a30 <__divtf3+0x430>
    80003a2c:	00d30463          	beq	t1,a3,80003a34 <__divtf3+0x434>
    80003a30:	00156513          	ori	a0,a0,1
    80003a34:	6711                	lui	a4,0x4
    80003a36:	177d                	addi	a4,a4,-1 # 3fff <__stack_align+0x3fef>
    80003a38:	9742                	add	a4,a4,a6
    80003a3a:	0ee05463          	blez	a4,80003b22 <__divtf3+0x522>
    80003a3e:	00757793          	andi	a5,a0,7
    80003a42:	cfa1                	beqz	a5,80003a9a <__divtf3+0x49a>
    80003a44:	4789                	li	a5,2
    80003a46:	00196913          	ori	s2,s2,1
    80003a4a:	04f98763          	beq	s3,a5,80003a98 <__divtf3+0x498>
    80003a4e:	478d                	li	a5,3
    80003a50:	04f98063          	beq	s3,a5,80003a90 <__divtf3+0x490>
    80003a54:	04099363          	bnez	s3,80003a9a <__divtf3+0x49a>
    80003a58:	00f57793          	andi	a5,a0,15
    80003a5c:	4691                	li	a3,4
    80003a5e:	02d78e63          	beq	a5,a3,80003a9a <__divtf3+0x49a>
    80003a62:	00450793          	addi	a5,a0,4
    80003a66:	00a7b6b3          	sltu	a3,a5,a0
    80003a6a:	9436                	add	s0,s0,a3
    80003a6c:	853e                	mv	a0,a5
    80003a6e:	a035                	j	80003a9a <__divtf3+0x49a>
    80003a70:	187d                	addi	a6,a6,-1
    80003a72:	4e81                	li	t4,0
    80003a74:	bb61                	j	8000380c <__divtf3+0x20c>
    80003a76:	00896913          	ori	s2,s2,8
    80003a7a:	6721                	lui	a4,0x8
    80003a7c:	4781                	li	a5,0
    80003a7e:	4501                	li	a0,0
    80003a80:	177d                	addi	a4,a4,-1 # 7fff <__stack_size_min+0x1fff>
    80003a82:	a091                	j	80003ac6 <__divtf3+0x4c6>
    80003a84:	4405                	li	s0,1
    80003a86:	143e                	slli	s0,s0,0x2f
    80003a88:	4501                	li	a0,0
    80003a8a:	4601                	li	a2,0
    80003a8c:	470d                	li	a4,3
    80003a8e:	b381                	j	800037ce <__divtf3+0x1ce>
    80003a90:	e609                	bnez	a2,80003a9a <__divtf3+0x49a>
    80003a92:	00850793          	addi	a5,a0,8
    80003a96:	bfc1                	j	80003a66 <__divtf3+0x466>
    80003a98:	fe6d                	bnez	a2,80003a92 <__divtf3+0x492>
    80003a9a:	00b41793          	slli	a5,s0,0xb
    80003a9e:	0007d863          	bgez	a5,80003aae <__divtf3+0x4ae>
    80003aa2:	57fd                	li	a5,-1
    80003aa4:	17d2                	slli	a5,a5,0x34
    80003aa6:	17fd                	addi	a5,a5,-1
    80003aa8:	6711                	lui	a4,0x4
    80003aaa:	8c7d                	and	s0,s0,a5
    80003aac:	9742                	add	a4,a4,a6
    80003aae:	67a1                	lui	a5,0x8
    80003ab0:	17f9                	addi	a5,a5,-2 # 7ffe <__stack_size_min+0x1ffe>
    80003ab2:	66a1                	lui	a3,0x8
    80003ab4:	04e7c263          	blt	a5,a4,80003af8 <__divtf3+0x4f8>
    80003ab8:	00355793          	srli	a5,a0,0x3
    80003abc:	03d41513          	slli	a0,s0,0x3d
    80003ac0:	8d5d                	or	a0,a0,a5
    80003ac2:	00345793          	srli	a5,s0,0x3
    80003ac6:	00f6161b          	slliw	a2,a2,0xf
    80003aca:	01079593          	slli	a1,a5,0x10
    80003ace:	8f51                	or	a4,a4,a2
    80003ad0:	1742                	slli	a4,a4,0x30
    80003ad2:	81c1                	srli	a1,a1,0x10
    80003ad4:	8dd9                	or	a1,a1,a4
    80003ad6:	00090463          	beqz	s2,80003ade <__divtf3+0x4de>
    80003ada:	00192073          	csrs	fflags,s2
    80003ade:	60e6                	ld	ra,88(sp)
    80003ae0:	6446                	ld	s0,80(sp)
    80003ae2:	64a6                	ld	s1,72(sp)
    80003ae4:	6906                	ld	s2,64(sp)
    80003ae6:	79e2                	ld	s3,56(sp)
    80003ae8:	7a42                	ld	s4,48(sp)
    80003aea:	7aa2                	ld	s5,40(sp)
    80003aec:	7b02                	ld	s6,32(sp)
    80003aee:	6be2                	ld	s7,24(sp)
    80003af0:	6c42                	ld	s8,16(sp)
    80003af2:	6ca2                	ld	s9,8(sp)
    80003af4:	6125                	addi	sp,sp,96
    80003af6:	8082                	ret
    80003af8:	4709                	li	a4,2
    80003afa:	02e98263          	beq	s3,a4,80003b1e <__divtf3+0x51e>
    80003afe:	470d                	li	a4,3
    80003b00:	00e98863          	beq	s3,a4,80003b10 <__divtf3+0x510>
    80003b04:	00099763          	bnez	s3,80003b12 <__divtf3+0x512>
    80003b08:	4501                	li	a0,0
    80003b0a:	fff68713          	addi	a4,a3,-1 # 7fff <__stack_size_min+0x1fff>
    80003b0e:	a021                	j	80003b16 <__divtf3+0x516>
    80003b10:	de65                	beqz	a2,80003b08 <__divtf3+0x508>
    80003b12:	557d                	li	a0,-1
    80003b14:	873e                	mv	a4,a5
    80003b16:	00596913          	ori	s2,s2,5
    80003b1a:	87aa                	mv	a5,a0
    80003b1c:	b76d                	j	80003ac6 <__divtf3+0x4c6>
    80003b1e:	f66d                	bnez	a2,80003b08 <__divtf3+0x508>
    80003b20:	bfcd                	j	80003b12 <__divtf3+0x512>
    80003b22:	4585                	li	a1,1
    80003b24:	e721                	bnez	a4,80003b6c <__divtf3+0x56c>
    80003b26:	00757693          	andi	a3,a0,7
    80003b2a:	87a2                	mv	a5,s0
    80003b2c:	ca9d                	beqz	a3,80003b62 <__divtf3+0x562>
    80003b2e:	4689                	li	a3,2
    80003b30:	00196913          	ori	s2,s2,1
    80003b34:	02d98663          	beq	s3,a3,80003b60 <__divtf3+0x560>
    80003b38:	468d                	li	a3,3
    80003b3a:	00d98f63          	beq	s3,a3,80003b58 <__divtf3+0x558>
    80003b3e:	02099263          	bnez	s3,80003b62 <__divtf3+0x562>
    80003b42:	00f57693          	andi	a3,a0,15
    80003b46:	4591                	li	a1,4
    80003b48:	00b68d63          	beq	a3,a1,80003b62 <__divtf3+0x562>
    80003b4c:	ffc53793          	sltiu	a5,a0,-4
    80003b50:	0017c793          	xori	a5,a5,1
    80003b54:	97a2                	add	a5,a5,s0
    80003b56:	a031                	j	80003b62 <__divtf3+0x562>
    80003b58:	e609                	bnez	a2,80003b62 <__divtf3+0x562>
    80003b5a:	ff853793          	sltiu	a5,a0,-8
    80003b5e:	bfcd                	j	80003b50 <__divtf3+0x550>
    80003b60:	fe6d                	bnez	a2,80003b5a <__divtf3+0x55a>
    80003b62:	93d1                	srli	a5,a5,0x34
    80003b64:	0017c793          	xori	a5,a5,1
    80003b68:	0017f593          	andi	a1,a5,1
    80003b6c:	4805                	li	a6,1
    80003b6e:	40e80833          	sub	a6,a6,a4
    80003b72:	07400793          	li	a5,116
    80003b76:	0d07c263          	blt	a5,a6,80003c3a <__divtf3+0x63a>
    80003b7a:	03f00713          	li	a4,63
    80003b7e:	0008079b          	sext.w	a5,a6
    80003b82:	05074b63          	blt	a4,a6,80003bd8 <__divtf3+0x5d8>
    80003b86:	04000693          	li	a3,64
    80003b8a:	9e9d                	subw	a3,a3,a5
    80003b8c:	00d41733          	sll	a4,s0,a3
    80003b90:	00f55833          	srl	a6,a0,a5
    80003b94:	00d516b3          	sll	a3,a0,a3
    80003b98:	01076733          	or	a4,a4,a6
    80003b9c:	00d036b3          	snez	a3,a3
    80003ba0:	8f55                	or	a4,a4,a3
    80003ba2:	00f457b3          	srl	a5,s0,a5
    80003ba6:	00777693          	andi	a3,a4,7
    80003baa:	c2a5                	beqz	a3,80003c0a <__divtf3+0x60a>
    80003bac:	4689                	li	a3,2
    80003bae:	00196913          	ori	s2,s2,1
    80003bb2:	04d98b63          	beq	s3,a3,80003c08 <__divtf3+0x608>
    80003bb6:	468d                	li	a3,3
    80003bb8:	04d98463          	beq	s3,a3,80003c00 <__divtf3+0x600>
    80003bbc:	04099763          	bnez	s3,80003c0a <__divtf3+0x60a>
    80003bc0:	00f77693          	andi	a3,a4,15
    80003bc4:	4511                	li	a0,4
    80003bc6:	04a68263          	beq	a3,a0,80003c0a <__divtf3+0x60a>
    80003bca:	00470693          	addi	a3,a4,4 # 4004 <__stack_align+0x3ff4>
    80003bce:	00e6b533          	sltu	a0,a3,a4
    80003bd2:	97aa                	add	a5,a5,a0
    80003bd4:	8736                	mv	a4,a3
    80003bd6:	a815                	j	80003c0a <__divtf3+0x60a>
    80003bd8:	fc07871b          	addiw	a4,a5,-64
    80003bdc:	04000893          	li	a7,64
    80003be0:	00e45733          	srl	a4,s0,a4
    80003be4:	4681                	li	a3,0
    80003be6:	01180763          	beq	a6,a7,80003bf4 <__divtf3+0x5f4>
    80003bea:	08000693          	li	a3,128
    80003bee:	9e9d                	subw	a3,a3,a5
    80003bf0:	00d416b3          	sll	a3,s0,a3
    80003bf4:	8ec9                	or	a3,a3,a0
    80003bf6:	00d036b3          	snez	a3,a3
    80003bfa:	8f55                	or	a4,a4,a3
    80003bfc:	4781                	li	a5,0
    80003bfe:	b765                	j	80003ba6 <__divtf3+0x5a6>
    80003c00:	e609                	bnez	a2,80003c0a <__divtf3+0x60a>
    80003c02:	00870693          	addi	a3,a4,8
    80003c06:	b7e1                	j	80003bce <__divtf3+0x5ce>
    80003c08:	fe6d                	bnez	a2,80003c02 <__divtf3+0x602>
    80003c0a:	00c79693          	slli	a3,a5,0xc
    80003c0e:	0006df63          	bgez	a3,80003c2c <__divtf3+0x62c>
    80003c12:	00196913          	ori	s2,s2,1
    80003c16:	4781                	li	a5,0
    80003c18:	4501                	li	a0,0
    80003c1a:	4705                	li	a4,1
    80003c1c:	ea0585e3          	beqz	a1,80003ac6 <__divtf3+0x4c6>
    80003c20:	00197693          	andi	a3,s2,1
    80003c24:	0686                	slli	a3,a3,0x1
    80003c26:	0126e933          	or	s2,a3,s2
    80003c2a:	bd71                	j	80003ac6 <__divtf3+0x4c6>
    80003c2c:	830d                	srli	a4,a4,0x3
    80003c2e:	03d79513          	slli	a0,a5,0x3d
    80003c32:	8d59                	or	a0,a0,a4
    80003c34:	838d                	srli	a5,a5,0x3
    80003c36:	4701                	li	a4,0
    80003c38:	b7d5                	j	80003c1c <__divtf3+0x61c>
    80003c3a:	8d41                	or	a0,a0,s0
    80003c3c:	cd11                	beqz	a0,80003c58 <__divtf3+0x658>
    80003c3e:	4789                	li	a5,2
    80003c40:	00196913          	ori	s2,s2,1
    80003c44:	02f98363          	beq	s3,a5,80003c6a <__divtf3+0x66a>
    80003c48:	478d                	li	a5,3
    80003c4a:	00f98c63          	beq	s3,a5,80003c62 <__divtf3+0x662>
    80003c4e:	4505                	li	a0,1
    80003c50:	00099363          	bnez	s3,80003c56 <__divtf3+0x656>
    80003c54:	4515                	li	a0,5
    80003c56:	810d                	srli	a0,a0,0x3
    80003c58:	00296913          	ori	s2,s2,2
    80003c5c:	4781                	li	a5,0
    80003c5e:	4701                	li	a4,0
    80003c60:	b59d                	j	80003ac6 <__divtf3+0x4c6>
    80003c62:	4525                	li	a0,9
    80003c64:	da6d                	beqz	a2,80003c56 <__divtf3+0x656>
    80003c66:	4505                	li	a0,1
    80003c68:	b7fd                	j	80003c56 <__divtf3+0x656>
    80003c6a:	4525                	li	a0,9
    80003c6c:	f66d                	bnez	a2,80003c56 <__divtf3+0x656>
    80003c6e:	bfe5                	j	80003c66 <__divtf3+0x666>
    80003c70:	4941                	li	s2,16
    80003c72:	4785                	li	a5,1
    80003c74:	6721                	lui	a4,0x8
    80003c76:	17be                	slli	a5,a5,0x2f
    80003c78:	4501                	li	a0,0
    80003c7a:	177d                	addi	a4,a4,-1 # 7fff <__stack_size_min+0x1fff>
    80003c7c:	4601                	li	a2,0
    80003c7e:	b5a1                	j	80003ac6 <__divtf3+0x4c6>
    80003c80:	4781                	li	a5,0
    80003c82:	4501                	li	a0,0
    80003c84:	bfe9                	j	80003c5e <__divtf3+0x65e>
    80003c86:	85aa                	mv	a1,a0
    80003c88:	852e                	mv	a0,a1
    80003c8a:	b35d                	j	80003a30 <__divtf3+0x430>

0000000080003c8c <__letf2>:
    80003c8c:	88aa                	mv	a7,a0
    80003c8e:	002027f3          	frrm	a5
    80003c92:	6321                	lui	t1,0x8
    80003c94:	0305d813          	srli	a6,a1,0x30
    80003c98:	137d                	addi	t1,t1,-1 # 7fff <__stack_size_min+0x1fff>
    80003c9a:	577d                	li	a4,-1
    80003c9c:	8341                	srli	a4,a4,0x10
    80003c9e:	0306d793          	srli	a5,a3,0x30
    80003ca2:	00687833          	and	a6,a6,t1
    80003ca6:	00e5fe33          	and	t3,a1,a4
    80003caa:	0067f533          	and	a0,a5,t1
    80003cae:	8f75                	and	a4,a4,a3
    80003cb0:	91fd                	srli	a1,a1,0x3f
    80003cb2:	92fd                	srli	a3,a3,0x3f
    80003cb4:	00681563          	bne	a6,t1,80003cbe <__letf2+0x32>
    80003cb8:	011e67b3          	or	a5,t3,a7
    80003cbc:	ebb1                	bnez	a5,80003d10 <__letf2+0x84>
    80003cbe:	00651563          	bne	a0,t1,80003cc8 <__letf2+0x3c>
    80003cc2:	00c767b3          	or	a5,a4,a2
    80003cc6:	e7a9                	bnez	a5,80003d10 <__letf2+0x84>
    80003cc8:	4781                	li	a5,0
    80003cca:	00081663          	bnez	a6,80003cd6 <__letf2+0x4a>
    80003cce:	011e67b3          	or	a5,t3,a7
    80003cd2:	0017b793          	seqz	a5,a5
    80003cd6:	e129                	bnez	a0,80003d18 <__letf2+0x8c>
    80003cd8:	00c76333          	or	t1,a4,a2
    80003cdc:	c799                	beqz	a5,80003cea <__letf2+0x5e>
    80003cde:	00030a63          	beqz	t1,80003cf2 <__letf2+0x66>
    80003ce2:	4505                	li	a0,1
    80003ce4:	e699                	bnez	a3,80003cf2 <__letf2+0x66>
    80003ce6:	557d                	li	a0,-1
    80003ce8:	8082                	ret
    80003cea:	02031863          	bnez	t1,80003d1a <__letf2+0x8e>
    80003cee:	557d                	li	a0,-1
    80003cf0:	c99d                	beqz	a1,80003d26 <__letf2+0x9a>
    80003cf2:	8082                	ret
    80003cf4:	fea847e3          	blt	a6,a0,80003ce2 <__letf2+0x56>
    80003cf8:	ffc76be3          	bltu	a4,t3,80003cee <__letf2+0x62>
    80003cfc:	00ee1763          	bne	t3,a4,80003d0a <__letf2+0x7e>
    80003d00:	ff1667e3          	bltu	a2,a7,80003cee <__letf2+0x62>
    80003d04:	4501                	li	a0,0
    80003d06:	fec8f6e3          	bgeu	a7,a2,80003cf2 <__letf2+0x66>
    80003d0a:	4505                	li	a0,1
    80003d0c:	f1fd                	bnez	a1,80003cf2 <__letf2+0x66>
    80003d0e:	bfe1                	j	80003ce6 <__letf2+0x5a>
    80003d10:	00186073          	csrsi	fflags,16
    80003d14:	4509                	li	a0,2
    80003d16:	8082                	ret
    80003d18:	f7e9                	bnez	a5,80003ce2 <__letf2+0x56>
    80003d1a:	fcb69ae3          	bne	a3,a1,80003cee <__letf2+0x62>
    80003d1e:	fd055be3          	bge	a0,a6,80003cf4 <__letf2+0x68>
    80003d22:	557d                	li	a0,-1
    80003d24:	f6f9                	bnez	a3,80003cf2 <__letf2+0x66>
    80003d26:	4505                	li	a0,1
    80003d28:	8082                	ret

0000000080003d2a <__multf3>:
    80003d2a:	711d                	addi	sp,sp,-96
    80003d2c:	e8a2                	sd	s0,80(sp)
    80003d2e:	f456                	sd	s5,40(sp)
    80003d30:	e862                	sd	s8,16(sp)
    80003d32:	ec86                	sd	ra,88(sp)
    80003d34:	e4a6                	sd	s1,72(sp)
    80003d36:	e0ca                	sd	s2,64(sp)
    80003d38:	fc4e                	sd	s3,56(sp)
    80003d3a:	f852                	sd	s4,48(sp)
    80003d3c:	f05a                	sd	s6,32(sp)
    80003d3e:	ec5e                	sd	s7,24(sp)
    80003d40:	e466                	sd	s9,8(sp)
    80003d42:	842a                	mv	s0,a0
    80003d44:	8c32                	mv	s8,a2
    80003d46:	8ab6                	mv	s5,a3
    80003d48:	002029f3          	frrm	s3
    80003d4c:	6721                	lui	a4,0x8
    80003d4e:	0305d793          	srli	a5,a1,0x30
    80003d52:	177d                	addi	a4,a4,-1 # 7fff <__stack_size_min+0x1fff>
    80003d54:	01059493          	slli	s1,a1,0x10
    80003d58:	8ff9                	and	a5,a5,a4
    80003d5a:	2981                	sext.w	s3,s3
    80003d5c:	80c1                	srli	s1,s1,0x10
    80003d5e:	03f5db13          	srli	s6,a1,0x3f
    80003d62:	c785                	beqz	a5,80003d8a <__multf3+0x60>
    80003d64:	00078a1b          	sext.w	s4,a5
    80003d68:	06e78f63          	beq	a5,a4,80003de6 <__multf3+0xbc>
    80003d6c:	048e                	slli	s1,s1,0x3
    80003d6e:	03d55713          	srli	a4,a0,0x3d
    80003d72:	8f45                	or	a4,a4,s1
    80003d74:	7a71                	lui	s4,0xffffc
    80003d76:	4485                	li	s1,1
    80003d78:	14ce                	slli	s1,s1,0x33
    80003d7a:	0a05                	addi	s4,s4,1 # ffffffffffffc001 <__heap_end+0xffffffff7ffd4001>
    80003d7c:	8cd9                	or	s1,s1,a4
    80003d7e:	00351b93          	slli	s7,a0,0x3
    80003d82:	9a3e                	add	s4,s4,a5
    80003d84:	4c81                	li	s9,0
    80003d86:	4901                	li	s2,0
    80003d88:	a895                	j	80003dfc <__multf3+0xd2>
    80003d8a:	00956bb3          	or	s7,a0,s1
    80003d8e:	280b8263          	beqz	s7,80004012 <__multf3+0x2e8>
    80003d92:	c89d                	beqz	s1,80003dc8 <__multf3+0x9e>
    80003d94:	8526                	mv	a0,s1
    80003d96:	03c010ef          	jal	80004dd2 <__clzdi2>
    80003d9a:	2501                	sext.w	a0,a0
    80003d9c:	ff150793          	addi	a5,a0,-15
    80003da0:	03d00713          	li	a4,61
    80003da4:	0037869b          	addiw	a3,a5,3
    80003da8:	40f707bb          	subw	a5,a4,a5
    80003dac:	00d494b3          	sll	s1,s1,a3
    80003db0:	00f457b3          	srl	a5,s0,a5
    80003db4:	8fc5                	or	a5,a5,s1
    80003db6:	00d414b3          	sll	s1,s0,a3
    80003dba:	7a71                	lui	s4,0xffffc
    80003dbc:	0a45                	addi	s4,s4,17 # ffffffffffffc011 <__heap_end+0xffffffff7ffd4011>
    80003dbe:	8ba6                	mv	s7,s1
    80003dc0:	40aa0a33          	sub	s4,s4,a0
    80003dc4:	84be                	mv	s1,a5
    80003dc6:	bf7d                	j	80003d84 <__multf3+0x5a>
    80003dc8:	00a010ef          	jal	80004dd2 <__clzdi2>
    80003dcc:	0405051b          	addiw	a0,a0,64
    80003dd0:	ff150793          	addi	a5,a0,-15
    80003dd4:	03c00713          	li	a4,60
    80003dd8:	fcf754e3          	bge	a4,a5,80003da0 <__multf3+0x76>
    80003ddc:	fc37879b          	addiw	a5,a5,-61
    80003de0:	00f417b3          	sll	a5,s0,a5
    80003de4:	bfd9                	j	80003dba <__multf3+0x90>
    80003de6:	00956bb3          	or	s7,a0,s1
    80003dea:	220b8863          	beqz	s7,8000401a <__multf3+0x2f0>
    80003dee:	4905                	li	s2,1
    80003df0:	193e                	slli	s2,s2,0x2f
    80003df2:	0124b933          	sltu	s2,s1,s2
    80003df6:	0912                	slli	s2,s2,0x4
    80003df8:	8baa                	mv	s7,a0
    80003dfa:	4c8d                	li	s9,3
    80003dfc:	6621                	lui	a2,0x8
    80003dfe:	030ad713          	srli	a4,s5,0x30
    80003e02:	56fd                	li	a3,-1
    80003e04:	167d                	addi	a2,a2,-1 # 7fff <__stack_size_min+0x1fff>
    80003e06:	0106d413          	srli	s0,a3,0x10
    80003e0a:	8f71                	and	a4,a4,a2
    80003e0c:	008af433          	and	s0,s5,s0
    80003e10:	8562                	mv	a0,s8
    80003e12:	03fada93          	srli	s5,s5,0x3f
    80003e16:	20070563          	beqz	a4,80004020 <__multf3+0x2f6>
    80003e1a:	0007079b          	sext.w	a5,a4
    80003e1e:	24c70e63          	beq	a4,a2,8000407a <__multf3+0x350>
    80003e22:	040e                	slli	s0,s0,0x3
    80003e24:	03dc5793          	srli	a5,s8,0x3d
    80003e28:	8fc1                	or	a5,a5,s0
    80003e2a:	4405                	li	s0,1
    80003e2c:	144e                	slli	s0,s0,0x33
    80003e2e:	8c5d                	or	s0,s0,a5
    80003e30:	77f1                	lui	a5,0xffffc
    80003e32:	0785                	addi	a5,a5,1 # ffffffffffffc001 <__heap_end+0xffffffff7ffd4001>
    80003e34:	003c1513          	slli	a0,s8,0x3
    80003e38:	97ba                	add	a5,a5,a4
    80003e3a:	4701                	li	a4,0
    80003e3c:	014786b3          	add	a3,a5,s4
    80003e40:	002c9793          	slli	a5,s9,0x2
    80003e44:	8fd9                	or	a5,a5,a4
    80003e46:	4629                	li	a2,10
    80003e48:	00168893          	addi	a7,a3,1
    80003e4c:	2af64f63          	blt	a2,a5,8000410a <__multf3+0x3e0>
    80003e50:	4589                	li	a1,2
    80003e52:	015b4633          	xor	a2,s6,s5
    80003e56:	24f5c463          	blt	a1,a5,8000409e <__multf3+0x374>
    80003e5a:	17fd                	addi	a5,a5,-1
    80003e5c:	4585                	li	a1,1
    80003e5e:	24f5ff63          	bgeu	a1,a5,800040bc <__multf3+0x392>
    80003e62:	57fd                	li	a5,-1
    80003e64:	9381                	srli	a5,a5,0x20
    80003e66:	020bd713          	srli	a4,s7,0x20
    80003e6a:	02055593          	srli	a1,a0,0x20
    80003e6e:	01748fb3          	add	t6,s1,s7
    80003e72:	00850f33          	add	t5,a0,s0
    80003e76:	00fbfbb3          	and	s7,s7,a5
    80003e7a:	8fe9                	and	a5,a5,a0
    80003e7c:	00af3eb3          	sltu	t4,t5,a0
    80003e80:	03778533          	mul	a0,a5,s7
    80003e84:	009fbe33          	sltu	t3,t6,s1
    80003e88:	02f707b3          	mul	a5,a4,a5
    80003e8c:	02055813          	srli	a6,a0,0x20
    80003e90:	02b70733          	mul	a4,a4,a1
    80003e94:	037585b3          	mul	a1,a1,s7
    80003e98:	95be                	add	a1,a1,a5
    80003e9a:	982e                	add	a6,a6,a1
    80003e9c:	00f87563          	bgeu	a6,a5,80003ea6 <__multf3+0x17c>
    80003ea0:	4785                	li	a5,1
    80003ea2:	1782                	slli	a5,a5,0x20
    80003ea4:	973e                	add	a4,a4,a5
    80003ea6:	57fd                	li	a5,-1
    80003ea8:	9381                	srli	a5,a5,0x20
    80003eaa:	02085313          	srli	t1,a6,0x20
    80003eae:	00f87833          	and	a6,a6,a5
    80003eb2:	8d7d                	and	a0,a0,a5
    80003eb4:	1802                	slli	a6,a6,0x20
    80003eb6:	020fd393          	srli	t2,t6,0x20
    80003eba:	933a                	add	t1,t1,a4
    80003ebc:	982a                	add	a6,a6,a0
    80003ebe:	020f5713          	srli	a4,t5,0x20
    80003ec2:	00fff533          	and	a0,t6,a5
    80003ec6:	00ff77b3          	and	a5,t5,a5
    80003eca:	02a785b3          	mul	a1,a5,a0
    80003ece:	02f387b3          	mul	a5,t2,a5
    80003ed2:	0205d293          	srli	t0,a1,0x20
    80003ed6:	02e383b3          	mul	t2,t2,a4
    80003eda:	02a70733          	mul	a4,a4,a0
    80003ede:	973e                	add	a4,a4,a5
    80003ee0:	92ba                	add	t0,t0,a4
    80003ee2:	00f2f563          	bgeu	t0,a5,80003eec <__multf3+0x1c2>
    80003ee6:	4785                	li	a5,1
    80003ee8:	1782                	slli	a5,a5,0x20
    80003eea:	93be                	add	t2,t2,a5
    80003eec:	57fd                	li	a5,-1
    80003eee:	9381                	srli	a5,a5,0x20
    80003ef0:	0202d713          	srli	a4,t0,0x20
    80003ef4:	00f2f2b3          	and	t0,t0,a5
    80003ef8:	8dfd                	and	a1,a1,a5
    80003efa:	1282                	slli	t0,t0,0x20
    80003efc:	02045513          	srli	a0,s0,0x20
    80003f00:	92ae                	add	t0,t0,a1
    80003f02:	0204d593          	srli	a1,s1,0x20
    80003f06:	8cfd                	and	s1,s1,a5
    80003f08:	8fe1                	and	a5,a5,s0
    80003f0a:	02f48a33          	mul	s4,s1,a5
    80003f0e:	02a58433          	mul	s0,a1,a0
    80003f12:	02f587b3          	mul	a5,a1,a5
    80003f16:	02950533          	mul	a0,a0,s1
    80003f1a:	00f505b3          	add	a1,a0,a5
    80003f1e:	020a5513          	srli	a0,s4,0x20
    80003f22:	952e                	add	a0,a0,a1
    80003f24:	00f57563          	bgeu	a0,a5,80003f2e <__multf3+0x204>
    80003f28:	4785                	li	a5,1
    80003f2a:	1782                	slli	a5,a5,0x20
    80003f2c:	943e                	add	s0,s0,a5
    80003f2e:	02055593          	srli	a1,a0,0x20
    80003f32:	95a2                	add	a1,a1,s0
    80003f34:	547d                	li	s0,-1
    80003f36:	9001                	srli	s0,s0,0x20
    80003f38:	008577b3          	and	a5,a0,s0
    80003f3c:	1782                	slli	a5,a5,0x20
    80003f3e:	008a7a33          	and	s4,s4,s0
    80003f42:	97d2                	add	a5,a5,s4
    80003f44:	4501                	li	a0,0
    80003f46:	000e8363          	beqz	t4,80003f4c <__multf3+0x222>
    80003f4a:	857e                	mv	a0,t6
    80003f4c:	4f81                	li	t6,0
    80003f4e:	000e0363          	beqz	t3,80003f54 <__multf3+0x22a>
    80003f52:	8ffa                	mv	t6,t5
    80003f54:	00628433          	add	s0,t0,t1
    80003f58:	00543f33          	sltu	t5,s0,t0
    80003f5c:	977a                	add	a4,a4,t5
    80003f5e:	971e                	add	a4,a4,t2
    80003f60:	01de7e33          	and	t3,t3,t4
    80003f64:	01e73f33          	sltu	t5,a4,t5
    80003f68:	953a                	add	a0,a0,a4
    80003f6a:	9f72                	add	t5,t5,t3
    80003f6c:	00e53733          	sltu	a4,a0,a4
    80003f70:	957e                	add	a0,a0,t6
    80003f72:	977a                	add	a4,a4,t5
    80003f74:	01f53fb3          	sltu	t6,a0,t6
    80003f78:	41040e33          	sub	t3,s0,a6
    80003f7c:	01c43eb3          	sltu	t4,s0,t3
    80003f80:	9fba                	add	t6,t6,a4
    80003f82:	40650733          	sub	a4,a0,t1
    80003f86:	00e53f33          	sltu	t5,a0,a4
    80003f8a:	41d70733          	sub	a4,a4,t4
    80003f8e:	4e81                	li	t4,0
    80003f90:	01c47663          	bgeu	s0,t3,80003f9c <__multf3+0x272>
    80003f94:	40a30333          	sub	t1,t1,a0
    80003f98:	00133e93          	seqz	t4,t1
    80003f9c:	9fae                	add	t6,t6,a1
    80003f9e:	40fe0333          	sub	t1,t3,a5
    80003fa2:	40b705b3          	sub	a1,a4,a1
    80003fa6:	00b73533          	sltu	a0,a4,a1
    80003faa:	006e3733          	sltu	a4,t3,t1
    80003fae:	01eeef33          	or	t5,t4,t5
    80003fb2:	40e78733          	sub	a4,a5,a4
    80003fb6:	4e81                	li	t4,0
    80003fb8:	006e7463          	bgeu	t3,t1,80003fc0 <__multf3+0x296>
    80003fbc:	0015be93          	seqz	t4,a1
    80003fc0:	95ba                	add	a1,a1,a4
    80003fc2:	00f5b733          	sltu	a4,a1,a5
    80003fc6:	977e                	add	a4,a4,t6
    80003fc8:	00aeeeb3          	or	t4,t4,a0
    80003fcc:	41e70733          	sub	a4,a4,t5
    80003fd0:	00d31513          	slli	a0,t1,0xd
    80003fd4:	41d70733          	sub	a4,a4,t4
    80003fd8:	01056533          	or	a0,a0,a6
    80003fdc:	0736                	slli	a4,a4,0xd
    80003fde:	00a03533          	snez	a0,a0
    80003fe2:	03335313          	srli	t1,t1,0x33
    80003fe6:	0335d413          	srli	s0,a1,0x33
    80003fea:	00656533          	or	a0,a0,t1
    80003fee:	05b6                	slli	a1,a1,0xd
    80003ff0:	00b71793          	slli	a5,a4,0xb
    80003ff4:	8c59                	or	s0,s0,a4
    80003ff6:	8d4d                	or	a0,a0,a1
    80003ff8:	0007db63          	bgez	a5,8000400e <__multf3+0x2e4>
    80003ffc:	00155793          	srli	a5,a0,0x1
    80004000:	8905                	andi	a0,a0,1
    80004002:	8fc9                	or	a5,a5,a0
    80004004:	03f41513          	slli	a0,s0,0x3f
    80004008:	8d5d                	or	a0,a0,a5
    8000400a:	8005                	srli	s0,s0,0x1
    8000400c:	86c6                	mv	a3,a7
    8000400e:	88b6                	mv	a7,a3
    80004010:	a87d                	j	800040ce <__multf3+0x3a4>
    80004012:	4481                	li	s1,0
    80004014:	4a01                	li	s4,0
    80004016:	4c85                	li	s9,1
    80004018:	b3bd                	j	80003d86 <__multf3+0x5c>
    8000401a:	4481                	li	s1,0
    8000401c:	4c89                	li	s9,2
    8000401e:	b3a5                	j	80003d86 <__multf3+0x5c>
    80004020:	008c67b3          	or	a5,s8,s0
    80004024:	c7a5                	beqz	a5,8000408c <__multf3+0x362>
    80004026:	c81d                	beqz	s0,8000405c <__multf3+0x332>
    80004028:	8522                	mv	a0,s0
    8000402a:	5a9000ef          	jal	80004dd2 <__clzdi2>
    8000402e:	2501                	sext.w	a0,a0
    80004030:	ff150793          	addi	a5,a0,-15
    80004034:	03d00713          	li	a4,61
    80004038:	0037869b          	addiw	a3,a5,3
    8000403c:	40f707bb          	subw	a5,a4,a5
    80004040:	00d41433          	sll	s0,s0,a3
    80004044:	00fc57b3          	srl	a5,s8,a5
    80004048:	0087e733          	or	a4,a5,s0
    8000404c:	00dc1433          	sll	s0,s8,a3
    80004050:	77f1                	lui	a5,0xffffc
    80004052:	07c5                	addi	a5,a5,17 # ffffffffffffc011 <__heap_end+0xffffffff7ffd4011>
    80004054:	8f89                	sub	a5,a5,a0
    80004056:	8522                	mv	a0,s0
    80004058:	843a                	mv	s0,a4
    8000405a:	b3c5                	j	80003e3a <__multf3+0x110>
    8000405c:	577000ef          	jal	80004dd2 <__clzdi2>
    80004060:	0405051b          	addiw	a0,a0,64
    80004064:	ff150793          	addi	a5,a0,-15
    80004068:	03c00713          	li	a4,60
    8000406c:	fcf754e3          	bge	a4,a5,80004034 <__multf3+0x30a>
    80004070:	fc37879b          	addiw	a5,a5,-61
    80004074:	00fc1733          	sll	a4,s8,a5
    80004078:	bfe1                	j	80004050 <__multf3+0x326>
    8000407a:	008c6733          	or	a4,s8,s0
    8000407e:	cf01                	beqz	a4,80004096 <__multf3+0x36c>
    80004080:	82c5                	srli	a3,a3,0x11
    80004082:	470d                	li	a4,3
    80004084:	da86ece3          	bltu	a3,s0,80003e3c <__multf3+0x112>
    80004088:	4941                	li	s2,16
    8000408a:	bb4d                	j	80003e3c <__multf3+0x112>
    8000408c:	4401                	li	s0,0
    8000408e:	4501                	li	a0,0
    80004090:	4781                	li	a5,0
    80004092:	4705                	li	a4,1
    80004094:	b365                	j	80003e3c <__multf3+0x112>
    80004096:	4401                	li	s0,0
    80004098:	4501                	li	a0,0
    8000409a:	4709                	li	a4,2
    8000409c:	b345                	j	80003e3c <__multf3+0x112>
    8000409e:	4585                	li	a1,1
    800040a0:	00f597b3          	sll	a5,a1,a5
    800040a4:	5307f593          	andi	a1,a5,1328
    800040a8:	e9a5                	bnez	a1,80004118 <__multf3+0x3ee>
    800040aa:	2407f593          	andi	a1,a5,576
    800040ae:	24059963          	bnez	a1,80004300 <__multf3+0x5d6>
    800040b2:	0887f793          	andi	a5,a5,136
    800040b6:	da0786e3          	beqz	a5,80003e62 <__multf3+0x138>
    800040ba:	8656                	mv	a2,s5
    800040bc:	4789                	li	a5,2
    800040be:	24f70963          	beq	a4,a5,80004310 <__multf3+0x5e6>
    800040c2:	478d                	li	a5,3
    800040c4:	22f70f63          	beq	a4,a5,80004302 <__multf3+0x5d8>
    800040c8:	4785                	li	a5,1
    800040ca:	24f70863          	beq	a4,a5,8000431a <__multf3+0x5f0>
    800040ce:	6711                	lui	a4,0x4
    800040d0:	177d                	addi	a4,a4,-1 # 3fff <__stack_align+0x3fef>
    800040d2:	9746                	add	a4,a4,a7
    800040d4:	0ce05f63          	blez	a4,800041b2 <__multf3+0x488>
    800040d8:	00757793          	andi	a5,a0,7
    800040dc:	c7b9                	beqz	a5,8000412a <__multf3+0x400>
    800040de:	4789                	li	a5,2
    800040e0:	00196913          	ori	s2,s2,1
    800040e4:	04f98263          	beq	s3,a5,80004128 <__multf3+0x3fe>
    800040e8:	478d                	li	a5,3
    800040ea:	02f98b63          	beq	s3,a5,80004120 <__multf3+0x3f6>
    800040ee:	02099e63          	bnez	s3,8000412a <__multf3+0x400>
    800040f2:	00f57793          	andi	a5,a0,15
    800040f6:	4691                	li	a3,4
    800040f8:	02d78963          	beq	a5,a3,8000412a <__multf3+0x400>
    800040fc:	00450793          	addi	a5,a0,4
    80004100:	00a7b6b3          	sltu	a3,a5,a0
    80004104:	9436                	add	s0,s0,a3
    80004106:	853e                	mv	a0,a5
    80004108:	a00d                	j	8000412a <__multf3+0x400>
    8000410a:	46bd                	li	a3,15
    8000410c:	1ed78b63          	beq	a5,a3,80004302 <__multf3+0x5d8>
    80004110:	46ad                	li	a3,11
    80004112:	865a                	mv	a2,s6
    80004114:	fad783e3          	beq	a5,a3,800040ba <__multf3+0x390>
    80004118:	8426                	mv	s0,s1
    8000411a:	855e                	mv	a0,s7
    8000411c:	8766                	mv	a4,s9
    8000411e:	bf79                	j	800040bc <__multf3+0x392>
    80004120:	e609                	bnez	a2,8000412a <__multf3+0x400>
    80004122:	00850793          	addi	a5,a0,8
    80004126:	bfe9                	j	80004100 <__multf3+0x3d6>
    80004128:	fe6d                	bnez	a2,80004122 <__multf3+0x3f8>
    8000412a:	00b41793          	slli	a5,s0,0xb
    8000412e:	0007d863          	bgez	a5,8000413e <__multf3+0x414>
    80004132:	57fd                	li	a5,-1
    80004134:	17d2                	slli	a5,a5,0x34
    80004136:	17fd                	addi	a5,a5,-1
    80004138:	6711                	lui	a4,0x4
    8000413a:	8c7d                	and	s0,s0,a5
    8000413c:	9746                	add	a4,a4,a7
    8000413e:	67a1                	lui	a5,0x8
    80004140:	17f9                	addi	a5,a5,-2 # 7ffe <__stack_size_min+0x1ffe>
    80004142:	66a1                	lui	a3,0x8
    80004144:	04e7c263          	blt	a5,a4,80004188 <__multf3+0x45e>
    80004148:	00355793          	srli	a5,a0,0x3
    8000414c:	03d41513          	slli	a0,s0,0x3d
    80004150:	8d5d                	or	a0,a0,a5
    80004152:	00345793          	srli	a5,s0,0x3
    80004156:	00f6161b          	slliw	a2,a2,0xf
    8000415a:	01079593          	slli	a1,a5,0x10
    8000415e:	8f51                	or	a4,a4,a2
    80004160:	1742                	slli	a4,a4,0x30
    80004162:	81c1                	srli	a1,a1,0x10
    80004164:	8dd9                	or	a1,a1,a4
    80004166:	00090463          	beqz	s2,8000416e <__multf3+0x444>
    8000416a:	00192073          	csrs	fflags,s2
    8000416e:	60e6                	ld	ra,88(sp)
    80004170:	6446                	ld	s0,80(sp)
    80004172:	64a6                	ld	s1,72(sp)
    80004174:	6906                	ld	s2,64(sp)
    80004176:	79e2                	ld	s3,56(sp)
    80004178:	7a42                	ld	s4,48(sp)
    8000417a:	7aa2                	ld	s5,40(sp)
    8000417c:	7b02                	ld	s6,32(sp)
    8000417e:	6be2                	ld	s7,24(sp)
    80004180:	6c42                	ld	s8,16(sp)
    80004182:	6ca2                	ld	s9,8(sp)
    80004184:	6125                	addi	sp,sp,96
    80004186:	8082                	ret
    80004188:	4709                	li	a4,2
    8000418a:	02e98263          	beq	s3,a4,800041ae <__multf3+0x484>
    8000418e:	470d                	li	a4,3
    80004190:	00e98863          	beq	s3,a4,800041a0 <__multf3+0x476>
    80004194:	00099763          	bnez	s3,800041a2 <__multf3+0x478>
    80004198:	4501                	li	a0,0
    8000419a:	fff68713          	addi	a4,a3,-1 # 7fff <__stack_size_min+0x1fff>
    8000419e:	a021                	j	800041a6 <__multf3+0x47c>
    800041a0:	de65                	beqz	a2,80004198 <__multf3+0x46e>
    800041a2:	557d                	li	a0,-1
    800041a4:	873e                	mv	a4,a5
    800041a6:	00596913          	ori	s2,s2,5
    800041aa:	87aa                	mv	a5,a0
    800041ac:	b76d                	j	80004156 <__multf3+0x42c>
    800041ae:	f66d                	bnez	a2,80004198 <__multf3+0x46e>
    800041b0:	bfcd                	j	800041a2 <__multf3+0x478>
    800041b2:	4685                	li	a3,1
    800041b4:	e721                	bnez	a4,800041fc <__multf3+0x4d2>
    800041b6:	00757693          	andi	a3,a0,7
    800041ba:	87a2                	mv	a5,s0
    800041bc:	ca9d                	beqz	a3,800041f2 <__multf3+0x4c8>
    800041be:	4689                	li	a3,2
    800041c0:	00196913          	ori	s2,s2,1
    800041c4:	02d98663          	beq	s3,a3,800041f0 <__multf3+0x4c6>
    800041c8:	468d                	li	a3,3
    800041ca:	00d98f63          	beq	s3,a3,800041e8 <__multf3+0x4be>
    800041ce:	02099263          	bnez	s3,800041f2 <__multf3+0x4c8>
    800041d2:	00f57693          	andi	a3,a0,15
    800041d6:	4591                	li	a1,4
    800041d8:	00b68d63          	beq	a3,a1,800041f2 <__multf3+0x4c8>
    800041dc:	ffc53793          	sltiu	a5,a0,-4
    800041e0:	0017c793          	xori	a5,a5,1
    800041e4:	97a2                	add	a5,a5,s0
    800041e6:	a031                	j	800041f2 <__multf3+0x4c8>
    800041e8:	e609                	bnez	a2,800041f2 <__multf3+0x4c8>
    800041ea:	ff853793          	sltiu	a5,a0,-8
    800041ee:	bfcd                	j	800041e0 <__multf3+0x4b6>
    800041f0:	fe6d                	bnez	a2,800041ea <__multf3+0x4c0>
    800041f2:	0347d693          	srli	a3,a5,0x34
    800041f6:	0016c693          	xori	a3,a3,1
    800041fa:	8a85                	andi	a3,a3,1
    800041fc:	4805                	li	a6,1
    800041fe:	40e80833          	sub	a6,a6,a4
    80004202:	07400793          	li	a5,116
    80004206:	0d07c263          	blt	a5,a6,800042ca <__multf3+0x5a0>
    8000420a:	03f00713          	li	a4,63
    8000420e:	0008079b          	sext.w	a5,a6
    80004212:	05074b63          	blt	a4,a6,80004268 <__multf3+0x53e>
    80004216:	04000593          	li	a1,64
    8000421a:	9d9d                	subw	a1,a1,a5
    8000421c:	00b41733          	sll	a4,s0,a1
    80004220:	00f55833          	srl	a6,a0,a5
    80004224:	00b515b3          	sll	a1,a0,a1
    80004228:	01076733          	or	a4,a4,a6
    8000422c:	00b035b3          	snez	a1,a1
    80004230:	8f4d                	or	a4,a4,a1
    80004232:	00f457b3          	srl	a5,s0,a5
    80004236:	00777593          	andi	a1,a4,7
    8000423a:	c1a5                	beqz	a1,8000429a <__multf3+0x570>
    8000423c:	4589                	li	a1,2
    8000423e:	00196913          	ori	s2,s2,1
    80004242:	04b98b63          	beq	s3,a1,80004298 <__multf3+0x56e>
    80004246:	458d                	li	a1,3
    80004248:	04b98463          	beq	s3,a1,80004290 <__multf3+0x566>
    8000424c:	04099763          	bnez	s3,8000429a <__multf3+0x570>
    80004250:	00f77593          	andi	a1,a4,15
    80004254:	4511                	li	a0,4
    80004256:	04a58263          	beq	a1,a0,8000429a <__multf3+0x570>
    8000425a:	00470593          	addi	a1,a4,4 # 4004 <__stack_align+0x3ff4>
    8000425e:	00e5b533          	sltu	a0,a1,a4
    80004262:	97aa                	add	a5,a5,a0
    80004264:	872e                	mv	a4,a1
    80004266:	a815                	j	8000429a <__multf3+0x570>
    80004268:	fc07871b          	addiw	a4,a5,-64
    8000426c:	04000893          	li	a7,64
    80004270:	00e45733          	srl	a4,s0,a4
    80004274:	4581                	li	a1,0
    80004276:	01180763          	beq	a6,a7,80004284 <__multf3+0x55a>
    8000427a:	08000593          	li	a1,128
    8000427e:	9d9d                	subw	a1,a1,a5
    80004280:	00b415b3          	sll	a1,s0,a1
    80004284:	8dc9                	or	a1,a1,a0
    80004286:	00b035b3          	snez	a1,a1
    8000428a:	8f4d                	or	a4,a4,a1
    8000428c:	4781                	li	a5,0
    8000428e:	b765                	j	80004236 <__multf3+0x50c>
    80004290:	e609                	bnez	a2,8000429a <__multf3+0x570>
    80004292:	00870593          	addi	a1,a4,8
    80004296:	b7e1                	j	8000425e <__multf3+0x534>
    80004298:	fe6d                	bnez	a2,80004292 <__multf3+0x568>
    8000429a:	00c79593          	slli	a1,a5,0xc
    8000429e:	0005df63          	bgez	a1,800042bc <__multf3+0x592>
    800042a2:	00196913          	ori	s2,s2,1
    800042a6:	4781                	li	a5,0
    800042a8:	4501                	li	a0,0
    800042aa:	4705                	li	a4,1
    800042ac:	ea0685e3          	beqz	a3,80004156 <__multf3+0x42c>
    800042b0:	00197693          	andi	a3,s2,1
    800042b4:	0686                	slli	a3,a3,0x1
    800042b6:	0126e933          	or	s2,a3,s2
    800042ba:	bd71                	j	80004156 <__multf3+0x42c>
    800042bc:	830d                	srli	a4,a4,0x3
    800042be:	03d79513          	slli	a0,a5,0x3d
    800042c2:	8d59                	or	a0,a0,a4
    800042c4:	838d                	srli	a5,a5,0x3
    800042c6:	4701                	li	a4,0
    800042c8:	b7d5                	j	800042ac <__multf3+0x582>
    800042ca:	8d41                	or	a0,a0,s0
    800042cc:	cd11                	beqz	a0,800042e8 <__multf3+0x5be>
    800042ce:	4789                	li	a5,2
    800042d0:	00196913          	ori	s2,s2,1
    800042d4:	02f98363          	beq	s3,a5,800042fa <__multf3+0x5d0>
    800042d8:	478d                	li	a5,3
    800042da:	00f98c63          	beq	s3,a5,800042f2 <__multf3+0x5c8>
    800042de:	4505                	li	a0,1
    800042e0:	00099363          	bnez	s3,800042e6 <__multf3+0x5bc>
    800042e4:	4515                	li	a0,5
    800042e6:	810d                	srli	a0,a0,0x3
    800042e8:	00296913          	ori	s2,s2,2
    800042ec:	4781                	li	a5,0
    800042ee:	4701                	li	a4,0
    800042f0:	b59d                	j	80004156 <__multf3+0x42c>
    800042f2:	4525                	li	a0,9
    800042f4:	da6d                	beqz	a2,800042e6 <__multf3+0x5bc>
    800042f6:	4505                	li	a0,1
    800042f8:	b7fd                	j	800042e6 <__multf3+0x5bc>
    800042fa:	4525                	li	a0,9
    800042fc:	f66d                	bnez	a2,800042e6 <__multf3+0x5bc>
    800042fe:	bfe5                	j	800042f6 <__multf3+0x5cc>
    80004300:	4941                	li	s2,16
    80004302:	4785                	li	a5,1
    80004304:	6721                	lui	a4,0x8
    80004306:	17be                	slli	a5,a5,0x2f
    80004308:	4501                	li	a0,0
    8000430a:	177d                	addi	a4,a4,-1 # 7fff <__stack_size_min+0x1fff>
    8000430c:	4601                	li	a2,0
    8000430e:	b5a1                	j	80004156 <__multf3+0x42c>
    80004310:	6721                	lui	a4,0x8
    80004312:	4781                	li	a5,0
    80004314:	4501                	li	a0,0
    80004316:	177d                	addi	a4,a4,-1 # 7fff <__stack_size_min+0x1fff>
    80004318:	bd3d                	j	80004156 <__multf3+0x42c>
    8000431a:	4781                	li	a5,0
    8000431c:	4501                	li	a0,0
    8000431e:	bfc1                	j	800042ee <__multf3+0x5c4>

0000000080004320 <__subtf3>:
    80004320:	7179                	addi	sp,sp,-48
    80004322:	f406                	sd	ra,40(sp)
    80004324:	f022                	sd	s0,32(sp)
    80004326:	ec26                	sd	s1,24(sp)
    80004328:	e84a                	sd	s2,16(sp)
    8000432a:	e44e                	sd	s3,8(sp)
    8000432c:	e052                	sd	s4,0(sp)
    8000432e:	002024f3          	frrm	s1
    80004332:	577d                	li	a4,-1
    80004334:	8341                	srli	a4,a4,0x10
    80004336:	0305d813          	srli	a6,a1,0x30
    8000433a:	03f5d913          	srli	s2,a1,0x3f
    8000433e:	8df9                	and	a1,a1,a4
    80004340:	058e                	slli	a1,a1,0x3
    80004342:	03d55893          	srli	a7,a0,0x3d
    80004346:	67a1                	lui	a5,0x8
    80004348:	17fd                	addi	a5,a5,-1 # 7fff <__stack_size_min+0x1fff>
    8000434a:	0306d313          	srli	t1,a3,0x30
    8000434e:	00b8e8b3          	or	a7,a7,a1
    80004352:	03f6d593          	srli	a1,a3,0x3f
    80004356:	8ef9                	and	a3,a3,a4
    80004358:	00f87833          	and	a6,a6,a5
    8000435c:	03d65713          	srli	a4,a2,0x3d
    80004360:	068e                	slli	a3,a3,0x3
    80004362:	00f37333          	and	t1,t1,a5
    80004366:	2481                	sext.w	s1,s1
    80004368:	89c2                	mv	s3,a6
    8000436a:	050e                	slli	a0,a0,0x3
    8000436c:	8f55                	or	a4,a4,a3
    8000436e:	060e                	slli	a2,a2,0x3
    80004370:	00f31563          	bne	t1,a5,8000437a <__subtf3+0x5a>
    80004374:	00c767b3          	or	a5,a4,a2
    80004378:	e399                	bnez	a5,8000437e <__subtf3+0x5e>
    8000437a:	0015c593          	xori	a1,a1,1
    8000437e:	406806bb          	subw	a3,a6,t1
    80004382:	6e21                	lui	t3,0x8
    80004384:	0006879b          	sext.w	a5,a3
    80004388:	1e7d                	addi	t3,t3,-1 # 7fff <__stack_size_min+0x1fff>
    8000438a:	2b259763          	bne	a1,s2,80004638 <__subtf3+0x318>
    8000438e:	0ef05863          	blez	a5,8000447e <__subtf3+0x15e>
    80004392:	06031963          	bnez	t1,80004404 <__subtf3+0xe4>
    80004396:	00c767b3          	or	a5,a4,a2
    8000439a:	e791                	bnez	a5,800043a6 <__subtf3+0x86>
    8000439c:	05c80763          	beq	a6,t3,800043ea <__subtf3+0xca>
    800043a0:	8746                	mv	a4,a7
    800043a2:	862a                	mv	a2,a0
    800043a4:	abf9                	j	80004982 <__subtf3+0x662>
    800043a6:	fff6879b          	addiw	a5,a3,-1
    800043aa:	ef95                	bnez	a5,800043e6 <__subtf3+0xc6>
    800043ac:	962a                	add	a2,a2,a0
    800043ae:	9746                	add	a4,a4,a7
    800043b0:	00a63533          	sltu	a0,a2,a0
    800043b4:	972a                	add	a4,a4,a0
    800043b6:	00c71693          	slli	a3,a4,0xc
    800043ba:	4781                	li	a5,0
    800043bc:	0e06d463          	bgez	a3,800044a4 <__subtf3+0x184>
    800043c0:	66a1                	lui	a3,0x8
    800043c2:	0985                	addi	s3,s3,1
    800043c4:	16fd                	addi	a3,a3,-1 # 7fff <__stack_size_min+0x1fff>
    800043c6:	24d98563          	beq	s3,a3,80004610 <__subtf3+0x2f0>
    800043ca:	56fd                	li	a3,-1
    800043cc:	16ce                	slli	a3,a3,0x33
    800043ce:	16fd                	addi	a3,a3,-1
    800043d0:	8ef9                	and	a3,a3,a4
    800043d2:	00165713          	srli	a4,a2,0x1
    800043d6:	8a05                	andi	a2,a2,1
    800043d8:	8f51                	or	a4,a4,a2
    800043da:	03f69613          	slli	a2,a3,0x3f
    800043de:	8e59                	or	a2,a2,a4
    800043e0:	0016d713          	srli	a4,a3,0x1
    800043e4:	a0c1                	j	800044a4 <__subtf3+0x184>
    800043e6:	03c81463          	bne	a6,t3,8000440e <__subtf3+0xee>
    800043ea:	00a8e633          	or	a2,a7,a0
    800043ee:	6c060c63          	beqz	a2,80004ac6 <__subtf3+0x7a6>
    800043f2:	0328d793          	srli	a5,a7,0x32
    800043f6:	0017c793          	xori	a5,a5,1
    800043fa:	8b85                	andi	a5,a5,1
    800043fc:	0792                	slli	a5,a5,0x4
    800043fe:	8746                	mv	a4,a7
    80004400:	862a                	mv	a2,a0
    80004402:	a04d                	j	800044a4 <__subtf3+0x184>
    80004404:	ffc803e3          	beq	a6,t3,800043ea <__subtf3+0xca>
    80004408:	4685                	li	a3,1
    8000440a:	16ce                	slli	a3,a3,0x33
    8000440c:	8f55                	or	a4,a4,a3
    8000440e:	07400693          	li	a3,116
    80004412:	06f6c163          	blt	a3,a5,80004474 <__subtf3+0x154>
    80004416:	03f00693          	li	a3,63
    8000441a:	02f6c963          	blt	a3,a5,8000444c <__subtf3+0x12c>
    8000441e:	04000593          	li	a1,64
    80004422:	9d9d                	subw	a1,a1,a5
    80004424:	00b716b3          	sll	a3,a4,a1
    80004428:	00f65833          	srl	a6,a2,a5
    8000442c:	00b615b3          	sll	a1,a2,a1
    80004430:	0106e6b3          	or	a3,a3,a6
    80004434:	00b035b3          	snez	a1,a1
    80004438:	8ecd                	or	a3,a3,a1
    8000443a:	00f75733          	srl	a4,a4,a5
    8000443e:	9536                	add	a0,a0,a3
    80004440:	9746                	add	a4,a4,a7
    80004442:	00d536b3          	sltu	a3,a0,a3
    80004446:	862a                	mv	a2,a0
    80004448:	9736                	add	a4,a4,a3
    8000444a:	b7b5                	j	800043b6 <__subtf3+0x96>
    8000444c:	fc07869b          	addiw	a3,a5,-64
    80004450:	04000813          	li	a6,64
    80004454:	00d756b3          	srl	a3,a4,a3
    80004458:	4581                	li	a1,0
    8000445a:	01078763          	beq	a5,a6,80004468 <__subtf3+0x148>
    8000445e:	08000593          	li	a1,128
    80004462:	9d9d                	subw	a1,a1,a5
    80004464:	00b715b3          	sll	a1,a4,a1
    80004468:	8dd1                	or	a1,a1,a2
    8000446a:	00b035b3          	snez	a1,a1
    8000446e:	8ecd                	or	a3,a3,a1
    80004470:	4701                	li	a4,0
    80004472:	b7f1                	j	8000443e <__subtf3+0x11e>
    80004474:	00c766b3          	or	a3,a4,a2
    80004478:	00d036b3          	snez	a3,a3
    8000447c:	bfd5                	j	80004470 <__subtf3+0x150>
    8000447e:	c7e9                	beqz	a5,80004548 <__subtf3+0x228>
    80004480:	08081263          	bnez	a6,80004504 <__subtf3+0x1e4>
    80004484:	00a8e7b3          	or	a5,a7,a0
    80004488:	e395                	bnez	a5,800044ac <__subtf3+0x18c>
    8000448a:	63c31c63          	bne	t1,t3,80004ac2 <__subtf3+0x7a2>
    8000448e:	00c767b3          	or	a5,a4,a2
    80004492:	62078663          	beqz	a5,80004abe <__subtf3+0x79e>
    80004496:	03275793          	srli	a5,a4,0x32
    8000449a:	0017c793          	xori	a5,a5,1
    8000449e:	8b85                	andi	a5,a5,1
    800044a0:	0792                	slli	a5,a5,0x4
    800044a2:	899a                	mv	s3,t1
    800044a4:	88ba                	mv	a7,a4
    800044a6:	8532                	mv	a0,a2
    800044a8:	4701                	li	a4,0
    800044aa:	ab31                	j	800049c6 <__subtf3+0x6a6>
    800044ac:	fff6c793          	not	a5,a3
    800044b0:	2781                	sext.w	a5,a5
    800044b2:	eb81                	bnez	a5,800044c2 <__subtf3+0x1a2>
    800044b4:	962a                	add	a2,a2,a0
    800044b6:	9746                	add	a4,a4,a7
    800044b8:	00a63533          	sltu	a0,a2,a0
    800044bc:	972a                	add	a4,a4,a0
    800044be:	899a                	mv	s3,t1
    800044c0:	bddd                	j	800043b6 <__subtf3+0x96>
    800044c2:	fdc306e3          	beq	t1,t3,8000448e <__subtf3+0x16e>
    800044c6:	07400693          	li	a3,116
    800044ca:	06f6ca63          	blt	a3,a5,8000453e <__subtf3+0x21e>
    800044ce:	03f00693          	li	a3,63
    800044d2:	04f6c263          	blt	a3,a5,80004516 <__subtf3+0x1f6>
    800044d6:	04000593          	li	a1,64
    800044da:	9d9d                	subw	a1,a1,a5
    800044dc:	00b896b3          	sll	a3,a7,a1
    800044e0:	00f55833          	srl	a6,a0,a5
    800044e4:	00b515b3          	sll	a1,a0,a1
    800044e8:	0106e6b3          	or	a3,a3,a6
    800044ec:	00b035b3          	snez	a1,a1
    800044f0:	8ecd                	or	a3,a3,a1
    800044f2:	00f8d7b3          	srl	a5,a7,a5
    800044f6:	9636                	add	a2,a2,a3
    800044f8:	97ba                	add	a5,a5,a4
    800044fa:	00d636b3          	sltu	a3,a2,a3
    800044fe:	00d78733          	add	a4,a5,a3
    80004502:	bf75                	j	800044be <__subtf3+0x19e>
    80004504:	f9c305e3          	beq	t1,t3,8000448e <__subtf3+0x16e>
    80004508:	40d007bb          	negw	a5,a3
    8000450c:	4685                	li	a3,1
    8000450e:	16ce                	slli	a3,a3,0x33
    80004510:	00d8e8b3          	or	a7,a7,a3
    80004514:	bf4d                	j	800044c6 <__subtf3+0x1a6>
    80004516:	fc07869b          	addiw	a3,a5,-64
    8000451a:	04000813          	li	a6,64
    8000451e:	00d8d6b3          	srl	a3,a7,a3
    80004522:	4581                	li	a1,0
    80004524:	01078763          	beq	a5,a6,80004532 <__subtf3+0x212>
    80004528:	08000593          	li	a1,128
    8000452c:	9d9d                	subw	a1,a1,a5
    8000452e:	00b895b3          	sll	a1,a7,a1
    80004532:	8dc9                	or	a1,a1,a0
    80004534:	00b035b3          	snez	a1,a1
    80004538:	8ecd                	or	a3,a3,a1
    8000453a:	4781                	li	a5,0
    8000453c:	bf6d                	j	800044f6 <__subtf3+0x1d6>
    8000453e:	00a8e6b3          	or	a3,a7,a0
    80004542:	00d036b3          	snez	a3,a3
    80004546:	bfd5                	j	8000453a <__subtf3+0x21a>
    80004548:	00180693          	addi	a3,a6,1
    8000454c:	03169e93          	slli	t4,a3,0x31
    80004550:	65a1                	lui	a1,0x8
    80004552:	032ede93          	srli	t4,t4,0x32
    80004556:	15f9                	addi	a1,a1,-2 # 7ffe <__stack_size_min+0x1ffe>
    80004558:	060e9d63          	bnez	t4,800045d2 <__subtf3+0x2b2>
    8000455c:	00a8e6b3          	or	a3,a7,a0
    80004560:	02081963          	bnez	a6,80004592 <__subtf3+0x272>
    80004564:	56068863          	beqz	a3,80004ad4 <__subtf3+0x7b4>
    80004568:	00c766b3          	or	a3,a4,a2
    8000456c:	56068863          	beqz	a3,80004adc <__subtf3+0x7bc>
    80004570:	962a                	add	a2,a2,a0
    80004572:	9746                	add	a4,a4,a7
    80004574:	00a63533          	sltu	a0,a2,a0
    80004578:	00a708b3          	add	a7,a4,a0
    8000457c:	00c89713          	slli	a4,a7,0xc
    80004580:	26075b63          	bgez	a4,800047f6 <__subtf3+0x4d6>
    80004584:	577d                	li	a4,-1
    80004586:	174e                	slli	a4,a4,0x33
    80004588:	177d                	addi	a4,a4,-1
    8000458a:	00e8f733          	and	a4,a7,a4
    8000458e:	4985                	li	s3,1
    80004590:	bf11                	j	800044a4 <__subtf3+0x184>
    80004592:	03c81563          	bne	a6,t3,800045bc <__subtf3+0x29c>
    80004596:	54068b63          	beqz	a3,80004aec <__subtf3+0x7cc>
    8000459a:	0328d793          	srli	a5,a7,0x32
    8000459e:	0017c793          	xori	a5,a5,1
    800045a2:	8b85                	andi	a5,a5,1
    800045a4:	0792                	slli	a5,a5,0x4
    800045a6:	01031e63          	bne	t1,a6,800045c2 <__subtf3+0x2a2>
    800045aa:	00c765b3          	or	a1,a4,a2
    800045ae:	c989                	beqz	a1,800045c0 <__subtf3+0x2a0>
    800045b0:	00d71593          	slli	a1,a4,0xd
    800045b4:	0005c663          	bltz	a1,800045c0 <__subtf3+0x2a0>
    800045b8:	47c1                	li	a5,16
    800045ba:	a019                	j	800045c0 <__subtf3+0x2a0>
    800045bc:	ffc307e3          	beq	t1,t3,800045aa <__subtf3+0x28a>
    800045c0:	c691                	beqz	a3,800045cc <__subtf3+0x2ac>
    800045c2:	8f51                	or	a4,a4,a2
    800045c4:	2c071e63          	bnez	a4,800048a0 <__subtf3+0x580>
    800045c8:	8746                	mv	a4,a7
    800045ca:	862a                	mv	a2,a0
    800045cc:	69a1                	lui	s3,0x8
    800045ce:	19fd                	addi	s3,s3,-1 # 7fff <__stack_size_min+0x1fff>
    800045d0:	bdd1                	j	800044a4 <__subtf3+0x184>
    800045d2:	01c68e63          	beq	a3,t3,800045ee <__subtf3+0x2ce>
    800045d6:	962a                	add	a2,a2,a0
    800045d8:	00a63533          	sltu	a0,a2,a0
    800045dc:	9746                	add	a4,a4,a7
    800045de:	972a                	add	a4,a4,a0
    800045e0:	03f71593          	slli	a1,a4,0x3f
    800045e4:	8205                	srli	a2,a2,0x1
    800045e6:	8e4d                	or	a2,a2,a1
    800045e8:	8305                	srli	a4,a4,0x1
    800045ea:	89b6                	mv	s3,a3
    800045ec:	bd65                	j	800044a4 <__subtf3+0x184>
    800045ee:	cc99                	beqz	s1,8000460c <__subtf3+0x2ec>
    800045f0:	478d                	li	a5,3
    800045f2:	00f49863          	bne	s1,a5,80004602 <__subtf3+0x2e2>
    800045f6:	00090b63          	beqz	s2,8000460c <__subtf3+0x2ec>
    800045fa:	577d                	li	a4,-1
    800045fc:	567d                	li	a2,-1
    800045fe:	89ae                	mv	s3,a1
    80004600:	a815                	j	80004634 <__subtf3+0x314>
    80004602:	4789                	li	a5,2
    80004604:	fef49be3          	bne	s1,a5,800045fa <__subtf3+0x2da>
    80004608:	fe0909e3          	beqz	s2,800045fa <__subtf3+0x2da>
    8000460c:	89b6                	mv	s3,a3
    8000460e:	a00d                	j	80004630 <__subtf3+0x310>
    80004610:	c085                	beqz	s1,80004630 <__subtf3+0x310>
    80004612:	478d                	li	a5,3
    80004614:	00f49963          	bne	s1,a5,80004626 <__subtf3+0x306>
    80004618:	00090c63          	beqz	s2,80004630 <__subtf3+0x310>
    8000461c:	69a1                	lui	s3,0x8
    8000461e:	577d                	li	a4,-1
    80004620:	567d                	li	a2,-1
    80004622:	19f9                	addi	s3,s3,-2 # 7ffe <__stack_size_min+0x1ffe>
    80004624:	a801                	j	80004634 <__subtf3+0x314>
    80004626:	4789                	li	a5,2
    80004628:	fef49ae3          	bne	s1,a5,8000461c <__subtf3+0x2fc>
    8000462c:	fe0908e3          	beqz	s2,8000461c <__subtf3+0x2fc>
    80004630:	4701                	li	a4,0
    80004632:	4601                	li	a2,0
    80004634:	4795                	li	a5,5
    80004636:	b5bd                	j	800044a4 <__subtf3+0x184>
    80004638:	0af05863          	blez	a5,800046e8 <__subtf3+0x3c8>
    8000463c:	06031763          	bnez	t1,800046aa <__subtf3+0x38a>
    80004640:	00c767b3          	or	a5,a4,a2
    80004644:	d4078ce3          	beqz	a5,8000439c <__subtf3+0x7c>
    80004648:	fff6879b          	addiw	a5,a3,-1
    8000464c:	e38d                	bnez	a5,8000466e <__subtf3+0x34e>
    8000464e:	40c50633          	sub	a2,a0,a2
    80004652:	40e88733          	sub	a4,a7,a4
    80004656:	00c53533          	sltu	a0,a0,a2
    8000465a:	8f09                	sub	a4,a4,a0
    8000465c:	00c71793          	slli	a5,a4,0xc
    80004660:	3207d163          	bgez	a5,80004982 <__subtf3+0x662>
    80004664:	00d71413          	slli	s0,a4,0xd
    80004668:	8035                	srli	s0,s0,0xd
    8000466a:	8a32                	mv	s4,a2
    8000466c:	a49d                	j	800048d2 <__subtf3+0x5b2>
    8000466e:	d7c80ee3          	beq	a6,t3,800043ea <__subtf3+0xca>
    80004672:	07400693          	li	a3,116
    80004676:	06f6c463          	blt	a3,a5,800046de <__subtf3+0x3be>
    8000467a:	03f00693          	li	a3,63
    8000467e:	02f6cc63          	blt	a3,a5,800046b6 <__subtf3+0x396>
    80004682:	04000593          	li	a1,64
    80004686:	9d9d                	subw	a1,a1,a5
    80004688:	00b716b3          	sll	a3,a4,a1
    8000468c:	00f65833          	srl	a6,a2,a5
    80004690:	00b615b3          	sll	a1,a2,a1
    80004694:	0106e6b3          	or	a3,a3,a6
    80004698:	00b035b3          	snez	a1,a1
    8000469c:	8ecd                	or	a3,a3,a1
    8000469e:	00f75733          	srl	a4,a4,a5
    800046a2:	40d506b3          	sub	a3,a0,a3
    800046a6:	8636                	mv	a2,a3
    800046a8:	b76d                	j	80004652 <__subtf3+0x332>
    800046aa:	d5c800e3          	beq	a6,t3,800043ea <__subtf3+0xca>
    800046ae:	4685                	li	a3,1
    800046b0:	16ce                	slli	a3,a3,0x33
    800046b2:	8f55                	or	a4,a4,a3
    800046b4:	bf7d                	j	80004672 <__subtf3+0x352>
    800046b6:	fc07869b          	addiw	a3,a5,-64
    800046ba:	04000813          	li	a6,64
    800046be:	00d756b3          	srl	a3,a4,a3
    800046c2:	4581                	li	a1,0
    800046c4:	01078763          	beq	a5,a6,800046d2 <__subtf3+0x3b2>
    800046c8:	08000593          	li	a1,128
    800046cc:	9d9d                	subw	a1,a1,a5
    800046ce:	00b715b3          	sll	a1,a4,a1
    800046d2:	8dd1                	or	a1,a1,a2
    800046d4:	00b035b3          	snez	a1,a1
    800046d8:	8ecd                	or	a3,a3,a1
    800046da:	4701                	li	a4,0
    800046dc:	b7d9                	j	800046a2 <__subtf3+0x382>
    800046de:	00c766b3          	or	a3,a4,a2
    800046e2:	00d036b3          	snez	a3,a3
    800046e6:	bfd5                	j	800046da <__subtf3+0x3ba>
    800046e8:	cff9                	beqz	a5,800047c6 <__subtf3+0x4a6>
    800046ea:	08081963          	bnez	a6,8000477c <__subtf3+0x45c>
    800046ee:	00a8e7b3          	or	a5,a7,a0
    800046f2:	e385                	bnez	a5,80004712 <__subtf3+0x3f2>
    800046f4:	3dc31d63          	bne	t1,t3,80004ace <__subtf3+0x7ae>
    800046f8:	00c767b3          	or	a5,a4,a2
    800046fc:	3c078763          	beqz	a5,80004aca <__subtf3+0x7aa>
    80004700:	03275793          	srli	a5,a4,0x32
    80004704:	0017c793          	xori	a5,a5,1
    80004708:	8b85                	andi	a5,a5,1
    8000470a:	0792                	slli	a5,a5,0x4
    8000470c:	899a                	mv	s3,t1
    8000470e:	892e                	mv	s2,a1
    80004710:	bb51                	j	800044a4 <__subtf3+0x184>
    80004712:	fff6c793          	not	a5,a3
    80004716:	2781                	sext.w	a5,a5
    80004718:	ef81                	bnez	a5,80004730 <__subtf3+0x410>
    8000471a:	40a60533          	sub	a0,a2,a0
    8000471e:	00a637b3          	sltu	a5,a2,a0
    80004722:	41170733          	sub	a4,a4,a7
    80004726:	862a                	mv	a2,a0
    80004728:	8f1d                	sub	a4,a4,a5
    8000472a:	899a                	mv	s3,t1
    8000472c:	892e                	mv	s2,a1
    8000472e:	b73d                	j	8000465c <__subtf3+0x33c>
    80004730:	fdc304e3          	beq	t1,t3,800046f8 <__subtf3+0x3d8>
    80004734:	07400693          	li	a3,116
    80004738:	08f6c263          	blt	a3,a5,800047bc <__subtf3+0x49c>
    8000473c:	03f00693          	li	a3,63
    80004740:	04f6c763          	blt	a3,a5,8000478e <__subtf3+0x46e>
    80004744:	04000813          	li	a6,64
    80004748:	40f8083b          	subw	a6,a6,a5
    8000474c:	010896b3          	sll	a3,a7,a6
    80004750:	00f55e33          	srl	t3,a0,a5
    80004754:	01051833          	sll	a6,a0,a6
    80004758:	01c6e6b3          	or	a3,a3,t3
    8000475c:	01003833          	snez	a6,a6
    80004760:	0106e6b3          	or	a3,a3,a6
    80004764:	00f8d7b3          	srl	a5,a7,a5
    80004768:	40d606b3          	sub	a3,a2,a3
    8000476c:	00d63533          	sltu	a0,a2,a3
    80004770:	40f707b3          	sub	a5,a4,a5
    80004774:	8636                	mv	a2,a3
    80004776:	40a78733          	sub	a4,a5,a0
    8000477a:	bf45                	j	8000472a <__subtf3+0x40a>
    8000477c:	f7c30ee3          	beq	t1,t3,800046f8 <__subtf3+0x3d8>
    80004780:	40d007bb          	negw	a5,a3
    80004784:	4685                	li	a3,1
    80004786:	16ce                	slli	a3,a3,0x33
    80004788:	00d8e8b3          	or	a7,a7,a3
    8000478c:	b765                	j	80004734 <__subtf3+0x414>
    8000478e:	fc07869b          	addiw	a3,a5,-64
    80004792:	04000e13          	li	t3,64
    80004796:	00d8d6b3          	srl	a3,a7,a3
    8000479a:	4801                	li	a6,0
    8000479c:	01c78863          	beq	a5,t3,800047ac <__subtf3+0x48c>
    800047a0:	08000813          	li	a6,128
    800047a4:	40f8083b          	subw	a6,a6,a5
    800047a8:	01089833          	sll	a6,a7,a6
    800047ac:	00a86833          	or	a6,a6,a0
    800047b0:	01003833          	snez	a6,a6
    800047b4:	0106e6b3          	or	a3,a3,a6
    800047b8:	4781                	li	a5,0
    800047ba:	b77d                	j	80004768 <__subtf3+0x448>
    800047bc:	00a8e6b3          	or	a3,a7,a0
    800047c0:	00d036b3          	snez	a3,a3
    800047c4:	bfd5                	j	800047b8 <__subtf3+0x498>
    800047c6:	00180693          	addi	a3,a6,1
    800047ca:	03169e93          	slli	t4,a3,0x31
    800047ce:	032ede93          	srli	t4,t4,0x32
    800047d2:	0c0e9c63          	bnez	t4,800048aa <__subtf3+0x58a>
    800047d6:	00c766b3          	or	a3,a4,a2
    800047da:	00a8eeb3          	or	t4,a7,a0
    800047de:	06081763          	bnez	a6,8000484c <__subtf3+0x52c>
    800047e2:	020e9263          	bnez	t4,80004806 <__subtf3+0x4e6>
    800047e6:	2e069963          	bnez	a3,80004ad8 <__subtf3+0x7b8>
    800047ea:	ffe48913          	addi	s2,s1,-2
    800047ee:	00193913          	seqz	s2,s2
    800047f2:	4881                	li	a7,0
    800047f4:	4601                	li	a2,0
    800047f6:	00c8e533          	or	a0,a7,a2
    800047fa:	18051663          	bnez	a0,80004986 <__subtf3+0x666>
    800047fe:	4881                	li	a7,0
    80004800:	4981                	li	s3,0
    80004802:	4781                	li	a5,0
    80004804:	a40d                	j	80004a26 <__subtf3+0x706>
    80004806:	2c068b63          	beqz	a3,80004adc <__subtf3+0x7bc>
    8000480a:	40c506b3          	sub	a3,a0,a2
    8000480e:	00d53833          	sltu	a6,a0,a3
    80004812:	40e887b3          	sub	a5,a7,a4
    80004816:	410787b3          	sub	a5,a5,a6
    8000481a:	00c79813          	slli	a6,a5,0xc
    8000481e:	00085d63          	bgez	a6,80004838 <__subtf3+0x518>
    80004822:	40a60533          	sub	a0,a2,a0
    80004826:	00a637b3          	sltu	a5,a2,a0
    8000482a:	41170733          	sub	a4,a4,a7
    8000482e:	862a                	mv	a2,a0
    80004830:	40f708b3          	sub	a7,a4,a5
    80004834:	892e                	mv	s2,a1
    80004836:	b7c1                	j	800047f6 <__subtf3+0x4d6>
    80004838:	00f6e633          	or	a2,a3,a5
    8000483c:	2a061263          	bnez	a2,80004ae0 <__subtf3+0x7c0>
    80004840:	ffe48913          	addi	s2,s1,-2
    80004844:	00193913          	seqz	s2,s2
    80004848:	4881                	li	a7,0
    8000484a:	b775                	j	800047f6 <__subtf3+0x4d6>
    8000484c:	03c81963          	bne	a6,t3,8000487e <__subtf3+0x55e>
    80004850:	280e8b63          	beqz	t4,80004ae6 <__subtf3+0x7c6>
    80004854:	0328d793          	srli	a5,a7,0x32
    80004858:	0017c793          	xori	a5,a5,1
    8000485c:	8b85                	andi	a5,a5,1
    8000485e:	0792                	slli	a5,a5,0x4
    80004860:	03031e63          	bne	t1,a6,8000489c <__subtf3+0x57c>
    80004864:	ce99                	beqz	a3,80004882 <__subtf3+0x562>
    80004866:	4805                	li	a6,1
    80004868:	00d71313          	slli	t1,a4,0xd
    8000486c:	184a                	slli	a6,a6,0x32
    8000486e:	00034a63          	bltz	t1,80004882 <__subtf3+0x562>
    80004872:	892e                	mv	s2,a1
    80004874:	020e8063          	beqz	t4,80004894 <__subtf3+0x574>
    80004878:	4901                	li	s2,0
    8000487a:	8742                	mv	a4,a6
    8000487c:	a819                	j	80004892 <__subtf3+0x572>
    8000487e:	ffc303e3          	beq	t1,t3,80004864 <__subtf3+0x544>
    80004882:	000e9d63          	bnez	t4,8000489c <__subtf3+0x57c>
    80004886:	892e                	mv	s2,a1
    80004888:	d40692e3          	bnez	a3,800045cc <__subtf3+0x2ac>
    8000488c:	4705                	li	a4,1
    8000488e:	4901                	li	s2,0
    80004890:	174a                	slli	a4,a4,0x32
    80004892:	4601                	li	a2,0
    80004894:	69a1                	lui	s3,0x8
    80004896:	19fd                	addi	s3,s3,-1 # 7fff <__stack_size_min+0x1fff>
    80004898:	47c1                	li	a5,16
    8000489a:	b129                	j	800044a4 <__subtf3+0x184>
    8000489c:	d20686e3          	beqz	a3,800045c8 <__subtf3+0x2a8>
    800048a0:	4705                	li	a4,1
    800048a2:	4901                	li	s2,0
    800048a4:	174a                	slli	a4,a4,0x32
    800048a6:	4601                	li	a2,0
    800048a8:	b315                	j	800045cc <__subtf3+0x2ac>
    800048aa:	40c507b3          	sub	a5,a0,a2
    800048ae:	00f536b3          	sltu	a3,a0,a5
    800048b2:	40e88433          	sub	s0,a7,a4
    800048b6:	8c15                	sub	s0,s0,a3
    800048b8:	00c41693          	slli	a3,s0,0xc
    800048bc:	8a3e                	mv	s4,a5
    800048be:	0606d563          	bgez	a3,80004928 <__subtf3+0x608>
    800048c2:	40a60a33          	sub	s4,a2,a0
    800048c6:	41170433          	sub	s0,a4,a7
    800048ca:	01463633          	sltu	a2,a2,s4
    800048ce:	8c11                	sub	s0,s0,a2
    800048d0:	892e                	mv	s2,a1
    800048d2:	cc39                	beqz	s0,80004930 <__subtf3+0x610>
    800048d4:	8522                	mv	a0,s0
    800048d6:	4fc000ef          	jal	80004dd2 <__clzdi2>
    800048da:	ff45061b          	addiw	a2,a0,-12
    800048de:	04000713          	li	a4,64
    800048e2:	9f11                	subw	a4,a4,a2
    800048e4:	00c41433          	sll	s0,s0,a2
    800048e8:	00ea5733          	srl	a4,s4,a4
    800048ec:	8f41                	or	a4,a4,s0
    800048ee:	00ca1433          	sll	s0,s4,a2
    800048f2:	09364163          	blt	a2,s3,80004974 <__subtf3+0x654>
    800048f6:	4136063b          	subw	a2,a2,s3
    800048fa:	0016089b          	addiw	a7,a2,1
    800048fe:	03f00793          	li	a5,63
    80004902:	0517c563          	blt	a5,a7,8000494c <__subtf3+0x62c>
    80004906:	04000793          	li	a5,64
    8000490a:	411787bb          	subw	a5,a5,a7
    8000490e:	00f71633          	sll	a2,a4,a5
    80004912:	011456b3          	srl	a3,s0,a7
    80004916:	00f417b3          	sll	a5,s0,a5
    8000491a:	8e55                	or	a2,a2,a3
    8000491c:	00f037b3          	snez	a5,a5
    80004920:	8e5d                	or	a2,a2,a5
    80004922:	011758b3          	srl	a7,a4,a7
    80004926:	bdc1                	j	800047f6 <__subtf3+0x4d6>
    80004928:	0087e633          	or	a2,a5,s0
    8000492c:	f25d                	bnez	a2,800048d2 <__subtf3+0x5b2>
    8000492e:	bf09                	j	80004840 <__subtf3+0x520>
    80004930:	8552                	mv	a0,s4
    80004932:	4a0000ef          	jal	80004dd2 <__clzdi2>
    80004936:	0345061b          	addiw	a2,a0,52
    8000493a:	03f00793          	li	a5,63
    8000493e:	fac7d0e3          	bge	a5,a2,800048de <__subtf3+0x5be>
    80004942:	ff45071b          	addiw	a4,a0,-12
    80004946:	00ea1733          	sll	a4,s4,a4
    8000494a:	b765                	j	800048f2 <__subtf3+0x5d2>
    8000494c:	fc16061b          	addiw	a2,a2,-63
    80004950:	04000593          	li	a1,64
    80004954:	00c75633          	srl	a2,a4,a2
    80004958:	4781                	li	a5,0
    8000495a:	00b88863          	beq	a7,a1,8000496a <__subtf3+0x64a>
    8000495e:	08000793          	li	a5,128
    80004962:	411787bb          	subw	a5,a5,a7
    80004966:	00f717b3          	sll	a5,a4,a5
    8000496a:	8fc1                	or	a5,a5,s0
    8000496c:	00f037b3          	snez	a5,a5
    80004970:	8e5d                	or	a2,a2,a5
    80004972:	bdd9                	j	80004848 <__subtf3+0x528>
    80004974:	57fd                	li	a5,-1
    80004976:	17ce                	slli	a5,a5,0x33
    80004978:	17fd                	addi	a5,a5,-1
    8000497a:	40c989b3          	sub	s3,s3,a2
    8000497e:	8f7d                	and	a4,a4,a5
    80004980:	8622                	mv	a2,s0
    80004982:	4781                	li	a5,0
    80004984:	b605                	j	800044a4 <__subtf3+0x184>
    80004986:	00161693          	slli	a3,a2,0x1
    8000498a:	03f65793          	srli	a5,a2,0x3f
    8000498e:	00189713          	slli	a4,a7,0x1
    80004992:	0076f593          	andi	a1,a3,7
    80004996:	973e                	add	a4,a4,a5
    80004998:	4781                	li	a5,0
    8000499a:	c185                	beqz	a1,800049ba <__subtf3+0x69a>
    8000499c:	4789                	li	a5,2
    8000499e:	06f48463          	beq	s1,a5,80004a06 <__subtf3+0x6e6>
    800049a2:	478d                	li	a5,3
    800049a4:	04f48863          	beq	s1,a5,800049f4 <__subtf3+0x6d4>
    800049a8:	4785                	li	a5,1
    800049aa:	e881                	bnez	s1,800049ba <__subtf3+0x69a>
    800049ac:	00f6f593          	andi	a1,a3,15
    800049b0:	4511                	li	a0,4
    800049b2:	ffc6b693          	sltiu	a3,a3,-4
    800049b6:	04a59463          	bne	a1,a0,800049fe <__subtf3+0x6de>
    800049ba:	9351                	srli	a4,a4,0x34
    800049bc:	00174713          	xori	a4,a4,1
    800049c0:	8b05                	andi	a4,a4,1
    800049c2:	8532                	mv	a0,a2
    800049c4:	4981                	li	s3,0
    800049c6:	00767693          	andi	a3,a2,7
    800049ca:	caa9                	beqz	a3,80004a1c <__subtf3+0x6fc>
    800049cc:	4689                	li	a3,2
    800049ce:	0017e793          	ori	a5,a5,1
    800049d2:	04d48363          	beq	s1,a3,80004a18 <__subtf3+0x6f8>
    800049d6:	468d                	li	a3,3
    800049d8:	02d48b63          	beq	s1,a3,80004a0e <__subtf3+0x6ee>
    800049dc:	e0a1                	bnez	s1,80004a1c <__subtf3+0x6fc>
    800049de:	00f67693          	andi	a3,a2,15
    800049e2:	4591                	li	a1,4
    800049e4:	02b68c63          	beq	a3,a1,80004a1c <__subtf3+0x6fc>
    800049e8:	00460513          	addi	a0,a2,4
    800049ec:	00c53633          	sltu	a2,a0,a2
    800049f0:	98b2                	add	a7,a7,a2
    800049f2:	a02d                	j	80004a1c <__subtf3+0x6fc>
    800049f4:	4785                	li	a5,1
    800049f6:	fc0912e3          	bnez	s2,800049ba <__subtf3+0x69a>
    800049fa:	ff86b693          	sltiu	a3,a3,-8
    800049fe:	0016c693          	xori	a3,a3,1
    80004a02:	9736                	add	a4,a4,a3
    80004a04:	bf5d                	j	800049ba <__subtf3+0x69a>
    80004a06:	4785                	li	a5,1
    80004a08:	fa0909e3          	beqz	s2,800049ba <__subtf3+0x69a>
    80004a0c:	b7fd                	j	800049fa <__subtf3+0x6da>
    80004a0e:	00091763          	bnez	s2,80004a1c <__subtf3+0x6fc>
    80004a12:	00860513          	addi	a0,a2,8
    80004a16:	bfd9                	j	800049ec <__subtf3+0x6cc>
    80004a18:	fe091de3          	bnez	s2,80004a12 <__subtf3+0x6f2>
    80004a1c:	c709                	beqz	a4,80004a26 <__subtf3+0x706>
    80004a1e:	0017f713          	andi	a4,a5,1
    80004a22:	0706                	slli	a4,a4,0x1
    80004a24:	8fd9                	or	a5,a5,a4
    80004a26:	00c89713          	slli	a4,a7,0xc
    80004a2a:	00075c63          	bgez	a4,80004a42 <__subtf3+0x722>
    80004a2e:	6721                	lui	a4,0x8
    80004a30:	0985                	addi	s3,s3,1
    80004a32:	177d                	addi	a4,a4,-1 # 7fff <__stack_size_min+0x1fff>
    80004a34:	06e98163          	beq	s3,a4,80004a96 <__subtf3+0x776>
    80004a38:	577d                	li	a4,-1
    80004a3a:	174e                	slli	a4,a4,0x33
    80004a3c:	177d                	addi	a4,a4,-1
    80004a3e:	00e8f8b3          	and	a7,a7,a4
    80004a42:	03d89713          	slli	a4,a7,0x3d
    80004a46:	810d                	srli	a0,a0,0x3
    80004a48:	8d59                	or	a0,a0,a4
    80004a4a:	6721                	lui	a4,0x8
    80004a4c:	177d                	addi	a4,a4,-1 # 7fff <__stack_size_min+0x1fff>
    80004a4e:	0038d893          	srli	a7,a7,0x3
    80004a52:	00e99a63          	bne	s3,a4,80004a66 <__subtf3+0x746>
    80004a56:	01156533          	or	a0,a0,a7
    80004a5a:	4881                	li	a7,0
    80004a5c:	c509                	beqz	a0,80004a66 <__subtf3+0x746>
    80004a5e:	4885                	li	a7,1
    80004a60:	18be                	slli	a7,a7,0x2f
    80004a62:	4501                	li	a0,0
    80004a64:	4901                	li	s2,0
    80004a66:	19c6                	slli	s3,s3,0x31
    80004a68:	00f9191b          	slliw	s2,s2,0xf
    80004a6c:	0319d993          	srli	s3,s3,0x31
    80004a70:	01089593          	slli	a1,a7,0x10
    80004a74:	0129e9b3          	or	s3,s3,s2
    80004a78:	19c2                	slli	s3,s3,0x30
    80004a7a:	81c1                	srli	a1,a1,0x10
    80004a7c:	0135e5b3          	or	a1,a1,s3
    80004a80:	c399                	beqz	a5,80004a86 <__subtf3+0x766>
    80004a82:	0017a073          	csrs	fflags,a5
    80004a86:	70a2                	ld	ra,40(sp)
    80004a88:	7402                	ld	s0,32(sp)
    80004a8a:	64e2                	ld	s1,24(sp)
    80004a8c:	6942                	ld	s2,16(sp)
    80004a8e:	69a2                	ld	s3,8(sp)
    80004a90:	6a02                	ld	s4,0(sp)
    80004a92:	6145                	addi	sp,sp,48
    80004a94:	8082                	ret
    80004a96:	4501                	li	a0,0
    80004a98:	cc99                	beqz	s1,80004ab6 <__subtf3+0x796>
    80004a9a:	470d                	li	a4,3
    80004a9c:	00e49863          	bne	s1,a4,80004aac <__subtf3+0x78c>
    80004aa0:	00090b63          	beqz	s2,80004ab6 <__subtf3+0x796>
    80004aa4:	69a1                	lui	s3,0x8
    80004aa6:	557d                	li	a0,-1
    80004aa8:	19f9                	addi	s3,s3,-2 # 7ffe <__stack_size_min+0x1ffe>
    80004aaa:	a031                	j	80004ab6 <__subtf3+0x796>
    80004aac:	4709                	li	a4,2
    80004aae:	fee49be3          	bne	s1,a4,80004aa4 <__subtf3+0x784>
    80004ab2:	fe0909e3          	beqz	s2,80004aa4 <__subtf3+0x784>
    80004ab6:	0057e793          	ori	a5,a5,5
    80004aba:	88aa                	mv	a7,a0
    80004abc:	b759                	j	80004a42 <__subtf3+0x722>
    80004abe:	4701                	li	a4,0
    80004ac0:	4601                	li	a2,0
    80004ac2:	899a                	mv	s3,t1
    80004ac4:	bd7d                	j	80004982 <__subtf3+0x662>
    80004ac6:	4701                	li	a4,0
    80004ac8:	bd6d                	j	80004982 <__subtf3+0x662>
    80004aca:	4701                	li	a4,0
    80004acc:	4601                	li	a2,0
    80004ace:	899a                	mv	s3,t1
    80004ad0:	892e                	mv	s2,a1
    80004ad2:	bd45                	j	80004982 <__subtf3+0x662>
    80004ad4:	88ba                	mv	a7,a4
    80004ad6:	b305                	j	800047f6 <__subtf3+0x4d6>
    80004ad8:	88ba                	mv	a7,a4
    80004ada:	bba9                	j	80004834 <__subtf3+0x514>
    80004adc:	862a                	mv	a2,a0
    80004ade:	bb21                	j	800047f6 <__subtf3+0x4d6>
    80004ae0:	88be                	mv	a7,a5
    80004ae2:	8636                	mv	a2,a3
    80004ae4:	bb09                	j	800047f6 <__subtf3+0x4d6>
    80004ae6:	db0310e3          	bne	t1,a6,80004886 <__subtf3+0x566>
    80004aea:	bbad                	j	80004864 <__subtf3+0x544>
    80004aec:	9b031ce3          	bne	t1,a6,800044a4 <__subtf3+0x184>
    80004af0:	bc6d                	j	800045aa <__subtf3+0x28a>

0000000080004af2 <__extenddftf2>:
    80004af2:	1101                	addi	sp,sp,-32
    80004af4:	e20507d3          	fmv.x.d	a5,fa0
    80004af8:	ec06                	sd	ra,24(sp)
    80004afa:	e822                	sd	s0,16(sp)
    80004afc:	e426                	sd	s1,8(sp)
    80004afe:	00202773          	frrm	a4
    80004b02:	0347d513          	srli	a0,a5,0x34
    80004b06:	7ff57513          	andi	a0,a0,2047
    80004b0a:	00c79413          	slli	s0,a5,0xc
    80004b0e:	03f7d493          	srli	s1,a5,0x3f
    80004b12:	00150793          	addi	a5,a0,1
    80004b16:	7fe7f793          	andi	a5,a5,2046
    80004b1a:	8031                	srli	s0,s0,0xc
    80004b1c:	cb91                	beqz	a5,80004b30 <__extenddftf2+0x3e>
    80004b1e:	6791                	lui	a5,0x4
    80004b20:	c0078793          	addi	a5,a5,-1024 # 3c00 <__stack_align+0x3bf0>
    80004b24:	00445593          	srli	a1,s0,0x4
    80004b28:	953e                	add	a0,a0,a5
    80004b2a:	1472                	slli	s0,s0,0x3c
    80004b2c:	4781                	li	a5,0
    80004b2e:	a8b1                	j	80004b8a <__extenddftf2+0x98>
    80004b30:	ed1d                	bnez	a0,80004b6e <__extenddftf2+0x7c>
    80004b32:	4581                	li	a1,0
    80004b34:	dc65                	beqz	s0,80004b2c <__extenddftf2+0x3a>
    80004b36:	8522                	mv	a0,s0
    80004b38:	29a000ef          	jal	80004dd2 <__clzdi2>
    80004b3c:	0005071b          	sext.w	a4,a0
    80004b40:	47b9                	li	a5,14
    80004b42:	02e7c063          	blt	a5,a4,80004b62 <__extenddftf2+0x70>
    80004b46:	45bd                	li	a1,15
    80004b48:	9d89                	subw	a1,a1,a0
    80004b4a:	0315079b          	addiw	a5,a0,49
    80004b4e:	00b455b3          	srl	a1,s0,a1
    80004b52:	00f41433          	sll	s0,s0,a5
    80004b56:	6791                	lui	a5,0x4
    80004b58:	c0c7879b          	addiw	a5,a5,-1012 # 3c0c <__stack_align+0x3bfc>
    80004b5c:	40a7853b          	subw	a0,a5,a0
    80004b60:	b7f1                	j	80004b2c <__extenddftf2+0x3a>
    80004b62:	ff15059b          	addiw	a1,a0,-15
    80004b66:	00b415b3          	sll	a1,s0,a1
    80004b6a:	4401                	li	s0,0
    80004b6c:	b7ed                	j	80004b56 <__extenddftf2+0x64>
    80004b6e:	cc15                	beqz	s0,80004baa <__extenddftf2+0xb8>
    80004b70:	4785                	li	a5,1
    80004b72:	17ce                	slli	a5,a5,0x33
    80004b74:	4705                	li	a4,1
    80004b76:	00f437b3          	sltu	a5,s0,a5
    80004b7a:	00445593          	srli	a1,s0,0x4
    80004b7e:	173e                	slli	a4,a4,0x2f
    80004b80:	6521                	lui	a0,0x8
    80004b82:	0792                	slli	a5,a5,0x4
    80004b84:	1472                	slli	s0,s0,0x3c
    80004b86:	8dd9                	or	a1,a1,a4
    80004b88:	157d                	addi	a0,a0,-1 # 7fff <__stack_size_min+0x1fff>
    80004b8a:	00f4949b          	slliw	s1,s1,0xf
    80004b8e:	05c2                	slli	a1,a1,0x10
    80004b90:	8d45                	or	a0,a0,s1
    80004b92:	1542                	slli	a0,a0,0x30
    80004b94:	81c1                	srli	a1,a1,0x10
    80004b96:	8dc9                	or	a1,a1,a0
    80004b98:	c399                	beqz	a5,80004b9e <__extenddftf2+0xac>
    80004b9a:	00186073          	csrsi	fflags,16
    80004b9e:	60e2                	ld	ra,24(sp)
    80004ba0:	8522                	mv	a0,s0
    80004ba2:	6442                	ld	s0,16(sp)
    80004ba4:	64a2                	ld	s1,8(sp)
    80004ba6:	6105                	addi	sp,sp,32
    80004ba8:	8082                	ret
    80004baa:	6521                	lui	a0,0x8
    80004bac:	4581                	li	a1,0
    80004bae:	157d                	addi	a0,a0,-1 # 7fff <__stack_size_min+0x1fff>
    80004bb0:	bfb5                	j	80004b2c <__extenddftf2+0x3a>

0000000080004bb2 <__trunctfdf2>:
    80004bb2:	00202673          	frrm	a2
    80004bb6:	6821                	lui	a6,0x8
    80004bb8:	0305d713          	srli	a4,a1,0x30
    80004bbc:	187d                	addi	a6,a6,-1 # 7fff <__stack_size_min+0x1fff>
    80004bbe:	010778b3          	and	a7,a4,a6
    80004bc2:	03f5d693          	srli	a3,a1,0x3f
    80004bc6:	05c2                	slli	a1,a1,0x10
    80004bc8:	81b5                	srli	a1,a1,0xd
    80004bca:	03d55713          	srli	a4,a0,0x3d
    80004bce:	00188793          	addi	a5,a7,1
    80004bd2:	8f4d                	or	a4,a4,a1
    80004bd4:	03179593          	slli	a1,a5,0x31
    80004bd8:	91c9                	srli	a1,a1,0x32
    80004bda:	2601                	sext.w	a2,a2
    80004bdc:	00351313          	slli	t1,a0,0x3
    80004be0:	16058763          	beqz	a1,80004d4e <__trunctfdf2+0x19c>
    80004be4:	77f1                	lui	a5,0xffffc
    80004be6:	40078793          	addi	a5,a5,1024 # ffffffffffffc400 <__heap_end+0xffffffff7ffd4400>
    80004bea:	98be                	add	a7,a7,a5
    80004bec:	7fe00793          	li	a5,2046
    80004bf0:	0317d463          	bge	a5,a7,80004c18 <__trunctfdf2+0x66>
    80004bf4:	ce11                	beqz	a2,80004c10 <__trunctfdf2+0x5e>
    80004bf6:	478d                	li	a5,3
    80004bf8:	00f61863          	bne	a2,a5,80004c08 <__trunctfdf2+0x56>
    80004bfc:	ca91                	beqz	a3,80004c10 <__trunctfdf2+0x5e>
    80004bfe:	57fd                	li	a5,-1
    80004c00:	7fe00893          	li	a7,2046
    80004c04:	4595                	li	a1,5
    80004c06:	aabd                	j	80004d84 <__trunctfdf2+0x1d2>
    80004c08:	4789                	li	a5,2
    80004c0a:	fef61ae3          	bne	a2,a5,80004bfe <__trunctfdf2+0x4c>
    80004c0e:	dae5                	beqz	a3,80004bfe <__trunctfdf2+0x4c>
    80004c10:	4781                	li	a5,0
    80004c12:	7ff00893          	li	a7,2047
    80004c16:	b7fd                	j	80004c04 <__trunctfdf2+0x52>
    80004c18:	11104f63          	bgtz	a7,80004d36 <__trunctfdf2+0x184>
    80004c1c:	fcc00593          	li	a1,-52
    80004c20:	4785                	li	a5,1
    80004c22:	02b8ce63          	blt	a7,a1,80004c5e <__trunctfdf2+0xac>
    80004c26:	17ce                	slli	a5,a5,0x33
    80004c28:	03d00813          	li	a6,61
    80004c2c:	8f5d                	or	a4,a4,a5
    80004c2e:	41180833          	sub	a6,a6,a7
    80004c32:	03f00793          	li	a5,63
    80004c36:	0008851b          	sext.w	a0,a7
    80004c3a:	0d07cb63          	blt	a5,a6,80004d10 <__trunctfdf2+0x15e>
    80004c3e:	03d00793          	li	a5,61
    80004c42:	0035059b          	addiw	a1,a0,3
    80004c46:	9f89                	subw	a5,a5,a0
    80004c48:	00f357b3          	srl	a5,t1,a5
    80004c4c:	00b31333          	sll	t1,t1,a1
    80004c50:	00603333          	snez	t1,t1
    80004c54:	0067e7b3          	or	a5,a5,t1
    80004c58:	00b71733          	sll	a4,a4,a1
    80004c5c:	8fd9                	or	a5,a5,a4
    80004c5e:	00179713          	slli	a4,a5,0x1
    80004c62:	00777513          	andi	a0,a4,7
    80004c66:	4581                	li	a1,0
    80004c68:	cd19                	beqz	a0,80004c86 <__trunctfdf2+0xd4>
    80004c6a:	4589                	li	a1,2
    80004c6c:	12b60363          	beq	a2,a1,80004d92 <__trunctfdf2+0x1e0>
    80004c70:	458d                	li	a1,3
    80004c72:	10b60b63          	beq	a2,a1,80004d88 <__trunctfdf2+0x1d6>
    80004c76:	4585                	li	a1,1
    80004c78:	e619                	bnez	a2,80004c86 <__trunctfdf2+0xd4>
    80004c7a:	00f77513          	andi	a0,a4,15
    80004c7e:	4811                	li	a6,4
    80004c80:	01050363          	beq	a0,a6,80004c86 <__trunctfdf2+0xd4>
    80004c84:	0711                	addi	a4,a4,4
    80004c86:	9361                	srli	a4,a4,0x38
    80004c88:	00174713          	xori	a4,a4,1
    80004c8c:	8b05                	andi	a4,a4,1
    80004c8e:	4881                	li	a7,0
    80004c90:	0077f513          	andi	a0,a5,7
    80004c94:	12050963          	beqz	a0,80004dc6 <__trunctfdf2+0x214>
    80004c98:	4509                	li	a0,2
    80004c9a:	0015e593          	ori	a1,a1,1
    80004c9e:	10a60163          	beq	a2,a0,80004da0 <__trunctfdf2+0x1ee>
    80004ca2:	450d                	li	a0,3
    80004ca4:	0ea60b63          	beq	a2,a0,80004d9a <__trunctfdf2+0x1e8>
    80004ca8:	e619                	bnez	a2,80004cb6 <__trunctfdf2+0x104>
    80004caa:	00f7f813          	andi	a6,a5,15
    80004cae:	4511                	li	a0,4
    80004cb0:	10a80b63          	beq	a6,a0,80004dc6 <__trunctfdf2+0x214>
    80004cb4:	0791                	addi	a5,a5,4
    80004cb6:	c711                	beqz	a4,80004cc2 <__trunctfdf2+0x110>
    80004cb8:	0015f813          	andi	a6,a1,1
    80004cbc:	0806                	slli	a6,a6,0x1
    80004cbe:	00b865b3          	or	a1,a6,a1
    80004cc2:	00879713          	slli	a4,a5,0x8
    80004cc6:	00075b63          	bgez	a4,80004cdc <__trunctfdf2+0x12a>
    80004cca:	0885                	addi	a7,a7,1
    80004ccc:	7ff00713          	li	a4,2047
    80004cd0:	0ce88a63          	beq	a7,a4,80004da4 <__trunctfdf2+0x1f2>
    80004cd4:	567d                	li	a2,-1
    80004cd6:	165e                	slli	a2,a2,0x37
    80004cd8:	167d                	addi	a2,a2,-1
    80004cda:	8ff1                	and	a5,a5,a2
    80004cdc:	7ff00713          	li	a4,2047
    80004ce0:	838d                	srli	a5,a5,0x3
    80004ce2:	00e89663          	bne	a7,a4,80004cee <__trunctfdf2+0x13c>
    80004ce6:	c781                	beqz	a5,80004cee <__trunctfdf2+0x13c>
    80004ce8:	4785                	li	a5,1
    80004cea:	17ce                	slli	a5,a5,0x33
    80004cec:	4681                	li	a3,0
    80004cee:	7ff00613          	li	a2,2047
    80004cf2:	03489713          	slli	a4,a7,0x34
    80004cf6:	1652                	slli	a2,a2,0x34
    80004cf8:	07b2                	slli	a5,a5,0xc
    80004cfa:	8f71                	and	a4,a4,a2
    80004cfc:	83b1                	srli	a5,a5,0xc
    80004cfe:	8fd9                	or	a5,a5,a4
    80004d00:	16fe                	slli	a3,a3,0x3f
    80004d02:	8fd5                	or	a5,a5,a3
    80004d04:	c199                	beqz	a1,80004d0a <__trunctfdf2+0x158>
    80004d06:	0015a073          	csrs	fflags,a1
    80004d0a:	f2078553          	fmv.d.x	fa0,a5
    80004d0e:	8082                	ret
    80004d10:	57f5                	li	a5,-3
    80004d12:	9f89                	subw	a5,a5,a0
    80004d14:	04000893          	li	a7,64
    80004d18:	00f757b3          	srl	a5,a4,a5
    80004d1c:	4581                	li	a1,0
    80004d1e:	01180663          	beq	a6,a7,80004d2a <__trunctfdf2+0x178>
    80004d22:	0435051b          	addiw	a0,a0,67
    80004d26:	00a715b3          	sll	a1,a4,a0
    80004d2a:	0065e5b3          	or	a1,a1,t1
    80004d2e:	00b035b3          	snez	a1,a1
    80004d32:	8fcd                	or	a5,a5,a1
    80004d34:	b72d                	j	80004c5e <__trunctfdf2+0xac>
    80004d36:	00751793          	slli	a5,a0,0x7
    80004d3a:	00f037b3          	snez	a5,a5
    80004d3e:	03c35313          	srli	t1,t1,0x3c
    80004d42:	0067e7b3          	or	a5,a5,t1
    80004d46:	0712                	slli	a4,a4,0x4
    80004d48:	8fd9                	or	a5,a5,a4
    80004d4a:	4581                	li	a1,0
    80004d4c:	a825                	j	80004d84 <__trunctfdf2+0x1d2>
    80004d4e:	006767b3          	or	a5,a4,t1
    80004d52:	00089663          	bnez	a7,80004d5e <__trunctfdf2+0x1ac>
    80004d56:	4581                	li	a1,0
    80004d58:	d3d1                	beqz	a5,80004cdc <__trunctfdf2+0x12a>
    80004d5a:	4785                	li	a5,1
    80004d5c:	b709                	j	80004c5e <__trunctfdf2+0xac>
    80004d5e:	c7bd                	beqz	a5,80004dcc <__trunctfdf2+0x21a>
    80004d60:	4581                	li	a1,0
    80004d62:	01089763          	bne	a7,a6,80004d70 <__trunctfdf2+0x1be>
    80004d66:	03275593          	srli	a1,a4,0x32
    80004d6a:	0015c593          	xori	a1,a1,1
    80004d6e:	0592                	slli	a1,a1,0x4
    80004d70:	03c35793          	srli	a5,t1,0x3c
    80004d74:	0712                	slli	a4,a4,0x4
    80004d76:	8f5d                	or	a4,a4,a5
    80004d78:	4785                	li	a5,1
    80004d7a:	9b61                	andi	a4,a4,-8
    80004d7c:	17da                	slli	a5,a5,0x36
    80004d7e:	8fd9                	or	a5,a5,a4
    80004d80:	7ff00893          	li	a7,2047
    80004d84:	4701                	li	a4,0
    80004d86:	b729                	j	80004c90 <__trunctfdf2+0xde>
    80004d88:	4585                	li	a1,1
    80004d8a:	ee069ee3          	bnez	a3,80004c86 <__trunctfdf2+0xd4>
    80004d8e:	0721                	addi	a4,a4,8
    80004d90:	bddd                	j	80004c86 <__trunctfdf2+0xd4>
    80004d92:	4585                	li	a1,1
    80004d94:	ee0689e3          	beqz	a3,80004c86 <__trunctfdf2+0xd4>
    80004d98:	bfdd                	j	80004d8e <__trunctfdf2+0x1dc>
    80004d9a:	fe91                	bnez	a3,80004cb6 <__trunctfdf2+0x104>
    80004d9c:	07a1                	addi	a5,a5,8
    80004d9e:	bf21                	j	80004cb6 <__trunctfdf2+0x104>
    80004da0:	da99                	beqz	a3,80004cb6 <__trunctfdf2+0x104>
    80004da2:	bfed                	j	80004d9c <__trunctfdf2+0x1ea>
    80004da4:	4781                	li	a5,0
    80004da6:	ce09                	beqz	a2,80004dc0 <__trunctfdf2+0x20e>
    80004da8:	470d                	li	a4,3
    80004daa:	00e61763          	bne	a2,a4,80004db8 <__trunctfdf2+0x206>
    80004dae:	ca89                	beqz	a3,80004dc0 <__trunctfdf2+0x20e>
    80004db0:	57fd                	li	a5,-1
    80004db2:	7fe00893          	li	a7,2046
    80004db6:	a029                	j	80004dc0 <__trunctfdf2+0x20e>
    80004db8:	4709                	li	a4,2
    80004dba:	fee61be3          	bne	a2,a4,80004db0 <__trunctfdf2+0x1fe>
    80004dbe:	daed                	beqz	a3,80004db0 <__trunctfdf2+0x1fe>
    80004dc0:	0055e593          	ori	a1,a1,5
    80004dc4:	bf21                	j	80004cdc <__trunctfdf2+0x12a>
    80004dc6:	ee0719e3          	bnez	a4,80004cb8 <__trunctfdf2+0x106>
    80004dca:	bf09                	j	80004cdc <__trunctfdf2+0x12a>
    80004dcc:	7ff00893          	li	a7,2047
    80004dd0:	bfad                	j	80004d4a <__trunctfdf2+0x198>

0000000080004dd2 <__clzdi2>:
    80004dd2:	03855793          	srli	a5,a0,0x38
    80004dd6:	eb8d                	bnez	a5,80004e08 <__clzdi2+0x36>
    80004dd8:	03800793          	li	a5,56
    80004ddc:	17e1                	addi	a5,a5,-8
    80004dde:	c791                	beqz	a5,80004dea <__clzdi2+0x18>
    80004de0:	00f55733          	srl	a4,a0,a5
    80004de4:	0ff77713          	zext.b	a4,a4
    80004de8:	db75                	beqz	a4,80004ddc <__clzdi2+0xa>
    80004dea:	04000713          	li	a4,64
    80004dee:	8f1d                	sub	a4,a4,a5
    80004df0:	00f55533          	srl	a0,a0,a5
    80004df4:	00002797          	auipc	a5,0x2
    80004df8:	06478793          	addi	a5,a5,100 # 80006e58 <__clz_tab>
    80004dfc:	97aa                	add	a5,a5,a0
    80004dfe:	0007c503          	lbu	a0,0(a5)
    80004e02:	40a7053b          	subw	a0,a4,a0
    80004e06:	8082                	ret
    80004e08:	03800793          	li	a5,56
    80004e0c:	bff9                	j	80004dea <__clzdi2+0x18>

0000000080004e0e <__assert_func>:
    80004e0e:	1141                	addi	sp,sp,-16
    80004e10:	00002797          	auipc	a5,0x2
    80004e14:	2a87b783          	ld	a5,680(a5) # 800070b8 <_impure_ptr>
    80004e18:	8832                	mv	a6,a2
    80004e1a:	e406                	sd	ra,8(sp)
    80004e1c:	88aa                	mv	a7,a0
    80004e1e:	872e                	mv	a4,a1
    80004e20:	6f88                	ld	a0,24(a5)
    80004e22:	8636                	mv	a2,a3
    80004e24:	00002797          	auipc	a5,0x2
    80004e28:	d1478793          	addi	a5,a5,-748 # 80006b38 <__tbss_end+0x132>
    80004e2c:	00081763          	bnez	a6,80004e3a <__assert_func+0x2c>
    80004e30:	00002797          	auipc	a5,0x2
    80004e34:	d7078793          	addi	a5,a5,-656 # 80006ba0 <__tbss_end+0x19a>
    80004e38:	883e                	mv	a6,a5
    80004e3a:	86c6                	mv	a3,a7
    80004e3c:	00002597          	auipc	a1,0x2
    80004e40:	d0c58593          	addi	a1,a1,-756 # 80006b48 <__tbss_end+0x142>
    80004e44:	3fa000ef          	jal	8000523e <fiprintf>
    80004e48:	75c000ef          	jal	800055a4 <abort>

0000000080004e4c <__assert>:
    80004e4c:	1141                	addi	sp,sp,-16
    80004e4e:	86b2                	mv	a3,a2
    80004e50:	4601                	li	a2,0
    80004e52:	e406                	sd	ra,8(sp)
    80004e54:	fbbff0ef          	jal	80004e0e <__assert_func>

0000000080004e58 <exit>:
    80004e58:	1141                	addi	sp,sp,-16
    80004e5a:	e022                	sd	s0,0(sp)
    80004e5c:	e406                	sd	ra,8(sp)
    80004e5e:	00002797          	auipc	a5,0x2
    80004e62:	ae078793          	addi	a5,a5,-1312 # 8000693e <__call_exitprocs>
    80004e66:	842a                	mv	s0,a0
    80004e68:	c781                	beqz	a5,80004e70 <exit+0x18>
    80004e6a:	4581                	li	a1,0
    80004e6c:	2d3010ef          	jal	8000693e <__call_exitprocs>
    80004e70:	b681b783          	ld	a5,-1176(gp) # 80007420 <__stdio_exit_handler>
    80004e74:	c391                	beqz	a5,80004e78 <exit+0x20>
    80004e76:	9782                	jalr	a5
    80004e78:	8522                	mv	a0,s0
    80004e7a:	073010ef          	jal	800066ec <_exit>

0000000080004e7e <malloc>:
    80004e7e:	85aa                	mv	a1,a0
    80004e80:	00002517          	auipc	a0,0x2
    80004e84:	23853503          	ld	a0,568(a0) # 800070b8 <_impure_ptr>
    80004e88:	a0ad                	j	80004ef2 <_malloc_r>

0000000080004e8a <free>:
    80004e8a:	85aa                	mv	a1,a0
    80004e8c:	00002517          	auipc	a0,0x2
    80004e90:	22c53503          	ld	a0,556(a0) # 800070b8 <_impure_ptr>
    80004e94:	7200006f          	j	800055b4 <_free_r>

0000000080004e98 <sbrk_aligned>:
    80004e98:	1101                	addi	sp,sp,-32
    80004e9a:	e04a                	sd	s2,0(sp)
    80004e9c:	b5818913          	addi	s2,gp,-1192 # 80007410 <__malloc_sbrk_start>
    80004ea0:	00093783          	ld	a5,0(s2)
    80004ea4:	e822                	sd	s0,16(sp)
    80004ea6:	e426                	sd	s1,8(sp)
    80004ea8:	ec06                	sd	ra,24(sp)
    80004eaa:	84aa                	mv	s1,a0
    80004eac:	842e                	mv	s0,a1
    80004eae:	e791                	bnez	a5,80004eba <sbrk_aligned+0x22>
    80004eb0:	4581                	li	a1,0
    80004eb2:	684000ef          	jal	80005536 <_sbrk_r>
    80004eb6:	00a93023          	sd	a0,0(s2)
    80004eba:	85a2                	mv	a1,s0
    80004ebc:	8526                	mv	a0,s1
    80004ebe:	678000ef          	jal	80005536 <_sbrk_r>
    80004ec2:	597d                	li	s2,-1
    80004ec4:	01251a63          	bne	a0,s2,80004ed8 <sbrk_aligned+0x40>
    80004ec8:	547d                	li	s0,-1
    80004eca:	60e2                	ld	ra,24(sp)
    80004ecc:	8522                	mv	a0,s0
    80004ece:	6442                	ld	s0,16(sp)
    80004ed0:	64a2                	ld	s1,8(sp)
    80004ed2:	6902                	ld	s2,0(sp)
    80004ed4:	6105                	addi	sp,sp,32
    80004ed6:	8082                	ret
    80004ed8:	00750413          	addi	s0,a0,7
    80004edc:	9861                	andi	s0,s0,-8
    80004ede:	fe8506e3          	beq	a0,s0,80004eca <sbrk_aligned+0x32>
    80004ee2:	40a405b3          	sub	a1,s0,a0
    80004ee6:	8526                	mv	a0,s1
    80004ee8:	64e000ef          	jal	80005536 <_sbrk_r>
    80004eec:	fd251fe3          	bne	a0,s2,80004eca <sbrk_aligned+0x32>
    80004ef0:	bfe1                	j	80004ec8 <sbrk_aligned+0x30>

0000000080004ef2 <_malloc_r>:
    80004ef2:	00758793          	addi	a5,a1,7
    80004ef6:	7179                	addi	sp,sp,-48
    80004ef8:	9be1                	andi	a5,a5,-8
    80004efa:	ec26                	sd	s1,24(sp)
    80004efc:	e84a                	sd	s2,16(sp)
    80004efe:	f406                	sd	ra,40(sp)
    80004f00:	f022                	sd	s0,32(sp)
    80004f02:	e44e                	sd	s3,8(sp)
    80004f04:	e052                	sd	s4,0(sp)
    80004f06:	07a1                	addi	a5,a5,8
    80004f08:	4741                	li	a4,16
    80004f0a:	892a                	mv	s2,a0
    80004f0c:	44c1                	li	s1,16
    80004f0e:	00e7e363          	bltu	a5,a4,80004f14 <_malloc_r+0x22>
    80004f12:	84be                	mv	s1,a5
    80004f14:	80000737          	lui	a4,0x80000
    80004f18:	fff74713          	not	a4,a4
    80004f1c:	00f76463          	bltu	a4,a5,80004f24 <_malloc_r+0x32>
    80004f20:	00b4fe63          	bgeu	s1,a1,80004f3c <_malloc_r+0x4a>
    80004f24:	47b1                	li	a5,12
    80004f26:	00f92023          	sw	a5,0(s2)
    80004f2a:	4501                	li	a0,0
    80004f2c:	70a2                	ld	ra,40(sp)
    80004f2e:	7402                	ld	s0,32(sp)
    80004f30:	64e2                	ld	s1,24(sp)
    80004f32:	6942                	ld	s2,16(sp)
    80004f34:	69a2                	ld	s3,8(sp)
    80004f36:	6a02                	ld	s4,0(sp)
    80004f38:	6145                	addi	sp,sp,48
    80004f3a:	8082                	ret
    80004f3c:	854a                	mv	a0,s2
    80004f3e:	0e4000ef          	jal	80005022 <__malloc_lock>
    80004f42:	b6018993          	addi	s3,gp,-1184 # 80007418 <__malloc_free_list>
    80004f46:	0009b783          	ld	a5,0(s3)
    80004f4a:	843e                	mv	s0,a5
    80004f4c:	ec21                	bnez	s0,80004fa4 <_malloc_r+0xb2>
    80004f4e:	85a6                	mv	a1,s1
    80004f50:	854a                	mv	a0,s2
    80004f52:	f47ff0ef          	jal	80004e98 <sbrk_aligned>
    80004f56:	57fd                	li	a5,-1
    80004f58:	842a                	mv	s0,a0
    80004f5a:	0af51f63          	bne	a0,a5,80005018 <_malloc_r+0x126>
    80004f5e:	0009b403          	ld	s0,0(s3)
    80004f62:	87a2                	mv	a5,s0
    80004f64:	efd1                	bnez	a5,80005000 <_malloc_r+0x10e>
    80004f66:	c055                	beqz	s0,8000500a <_malloc_r+0x118>
    80004f68:	00043a03          	ld	s4,0(s0)
    80004f6c:	4581                	li	a1,0
    80004f6e:	854a                	mv	a0,s2
    80004f70:	9a22                	add	s4,s4,s0
    80004f72:	5c4000ef          	jal	80005536 <_sbrk_r>
    80004f76:	08aa1a63          	bne	s4,a0,8000500a <_malloc_r+0x118>
    80004f7a:	601c                	ld	a5,0(s0)
    80004f7c:	854a                	mv	a0,s2
    80004f7e:	8c9d                	sub	s1,s1,a5
    80004f80:	85a6                	mv	a1,s1
    80004f82:	f17ff0ef          	jal	80004e98 <sbrk_aligned>
    80004f86:	57fd                	li	a5,-1
    80004f88:	08f50163          	beq	a0,a5,8000500a <_malloc_r+0x118>
    80004f8c:	601c                	ld	a5,0(s0)
    80004f8e:	97a6                	add	a5,a5,s1
    80004f90:	e01c                	sd	a5,0(s0)
    80004f92:	0009b783          	ld	a5,0(s3)
    80004f96:	c3d9                	beqz	a5,8000501c <_malloc_r+0x12a>
    80004f98:	6798                	ld	a4,8(a5)
    80004f9a:	06871663          	bne	a4,s0,80005006 <_malloc_r+0x114>
    80004f9e:	0007b423          	sd	zero,8(a5)
    80004fa2:	a015                	j	80004fc6 <_malloc_r+0xd4>
    80004fa4:	6014                	ld	a3,0(s0)
    80004fa6:	9e85                	subw	a3,a3,s1
    80004fa8:	0406c963          	bltz	a3,80004ffa <_malloc_r+0x108>
    80004fac:	473d                	li	a4,15
    80004fae:	02d75e63          	bge	a4,a3,80004fea <_malloc_r+0xf8>
    80004fb2:	e004                	sd	s1,0(s0)
    80004fb4:	00940733          	add	a4,s0,s1
    80004fb8:	02879763          	bne	a5,s0,80004fe6 <_malloc_r+0xf4>
    80004fbc:	00e9b023          	sd	a4,0(s3)
    80004fc0:	641c                	ld	a5,8(s0)
    80004fc2:	e314                	sd	a3,0(a4)
    80004fc4:	e71c                	sd	a5,8(a4)
    80004fc6:	854a                	mv	a0,s2
    80004fc8:	05c000ef          	jal	80005024 <__malloc_unlock>
    80004fcc:	00f40513          	addi	a0,s0,15
    80004fd0:	00840793          	addi	a5,s0,8
    80004fd4:	9961                	andi	a0,a0,-8
    80004fd6:	40f507bb          	subw	a5,a0,a5
    80004fda:	dba9                	beqz	a5,80004f2c <_malloc_r+0x3a>
    80004fdc:	943e                	add	s0,s0,a5
    80004fde:	40f007bb          	negw	a5,a5
    80004fe2:	e01c                	sd	a5,0(s0)
    80004fe4:	b7a1                	j	80004f2c <_malloc_r+0x3a>
    80004fe6:	e798                	sd	a4,8(a5)
    80004fe8:	bfe1                	j	80004fc0 <_malloc_r+0xce>
    80004fea:	6418                	ld	a4,8(s0)
    80004fec:	00879563          	bne	a5,s0,80004ff6 <_malloc_r+0x104>
    80004ff0:	00e9b023          	sd	a4,0(s3)
    80004ff4:	bfc9                	j	80004fc6 <_malloc_r+0xd4>
    80004ff6:	e798                	sd	a4,8(a5)
    80004ff8:	b7f9                	j	80004fc6 <_malloc_r+0xd4>
    80004ffa:	87a2                	mv	a5,s0
    80004ffc:	6400                	ld	s0,8(s0)
    80004ffe:	b7b9                	j	80004f4c <_malloc_r+0x5a>
    80005000:	843e                	mv	s0,a5
    80005002:	679c                	ld	a5,8(a5)
    80005004:	b785                	j	80004f64 <_malloc_r+0x72>
    80005006:	87ba                	mv	a5,a4
    80005008:	b779                	j	80004f96 <_malloc_r+0xa4>
    8000500a:	47b1                	li	a5,12
    8000500c:	00f92023          	sw	a5,0(s2)
    80005010:	854a                	mv	a0,s2
    80005012:	012000ef          	jal	80005024 <__malloc_unlock>
    80005016:	bf11                	j	80004f2a <_malloc_r+0x38>
    80005018:	e104                	sd	s1,0(a0)
    8000501a:	b775                	j	80004fc6 <_malloc_r+0xd4>
    8000501c:	00003423          	sd	zero,8(zero) # 8 <__boot_hart+0x8>
    80005020:	9002                	ebreak

0000000080005022 <__malloc_lock>:
    80005022:	8082                	ret

0000000080005024 <__malloc_unlock>:
    80005024:	8082                	ret

0000000080005026 <__fp_lock>:
    80005026:	4501                	li	a0,0
    80005028:	8082                	ret

000000008000502a <std>:
    8000502a:	1141                	addi	sp,sp,-16
    8000502c:	e022                	sd	s0,0(sp)
    8000502e:	e406                	sd	ra,8(sp)
    80005030:	842a                	mv	s0,a0
    80005032:	00b51823          	sh	a1,16(a0)
    80005036:	00c51923          	sh	a2,18(a0)
    8000503a:	00053023          	sd	zero,0(a0)
    8000503e:	00053423          	sd	zero,8(a0)
    80005042:	0a052623          	sw	zero,172(a0)
    80005046:	00053c23          	sd	zero,24(a0)
    8000504a:	02052023          	sw	zero,32(a0)
    8000504e:	02052423          	sw	zero,40(a0)
    80005052:	4621                	li	a2,8
    80005054:	4581                	li	a1,0
    80005056:	0a450513          	addi	a0,a0,164
    8000505a:	53a000ef          	jal	80005594 <memset>
    8000505e:	00000797          	auipc	a5,0x0
    80005062:	2c478793          	addi	a5,a5,708 # 80005322 <__sread>
    80005066:	e03c                	sd	a5,64(s0)
    80005068:	00000797          	auipc	a5,0x0
    8000506c:	2f078793          	addi	a5,a5,752 # 80005358 <__swrite>
    80005070:	e43c                	sd	a5,72(s0)
    80005072:	00000797          	auipc	a5,0x0
    80005076:	33678793          	addi	a5,a5,822 # 800053a8 <__sseek>
    8000507a:	e83c                	sd	a5,80(s0)
    8000507c:	00000797          	auipc	a5,0x0
    80005080:	36478793          	addi	a5,a5,868 # 800053e0 <__sclose>
    80005084:	60a2                	ld	ra,8(sp)
    80005086:	fc00                	sd	s0,56(s0)
    80005088:	ec3c                	sd	a5,88(s0)
    8000508a:	6402                	ld	s0,0(sp)
    8000508c:	0141                	addi	sp,sp,16
    8000508e:	8082                	ret

0000000080005090 <stdio_exit_handler>:
    80005090:	00002617          	auipc	a2,0x2
    80005094:	f8060613          	addi	a2,a2,-128 # 80007010 <__sglue>
    80005098:	00001597          	auipc	a1,0x1
    8000509c:	dc658593          	addi	a1,a1,-570 # 80005e5e <_fflush_r>
    800050a0:	00002517          	auipc	a0,0x2
    800050a4:	f8850513          	addi	a0,a0,-120 # 80007028 <_impure_data>
    800050a8:	a2c1                	j	80005268 <_fwalk_sglue>

00000000800050aa <cleanup_stdio>:
    800050aa:	650c                	ld	a1,8(a0)
    800050ac:	1141                	addi	sp,sp,-16
    800050ae:	e022                	sd	s0,0(sp)
    800050b0:	e406                	sd	ra,8(sp)
    800050b2:	bb818793          	addi	a5,gp,-1096 # 80007470 <__sf>
    800050b6:	842a                	mv	s0,a0
    800050b8:	00f58463          	beq	a1,a5,800050c0 <cleanup_stdio+0x16>
    800050bc:	5a3000ef          	jal	80005e5e <_fflush_r>
    800050c0:	680c                	ld	a1,16(s0)
    800050c2:	c6818793          	addi	a5,gp,-920 # 80007520 <__sf+0xb0>
    800050c6:	00f58563          	beq	a1,a5,800050d0 <cleanup_stdio+0x26>
    800050ca:	8522                	mv	a0,s0
    800050cc:	593000ef          	jal	80005e5e <_fflush_r>
    800050d0:	6c0c                	ld	a1,24(s0)
    800050d2:	d1818793          	addi	a5,gp,-744 # 800075d0 <__sf+0x160>
    800050d6:	00f58863          	beq	a1,a5,800050e6 <cleanup_stdio+0x3c>
    800050da:	8522                	mv	a0,s0
    800050dc:	6402                	ld	s0,0(sp)
    800050de:	60a2                	ld	ra,8(sp)
    800050e0:	0141                	addi	sp,sp,16
    800050e2:	57d0006f          	j	80005e5e <_fflush_r>
    800050e6:	60a2                	ld	ra,8(sp)
    800050e8:	6402                	ld	s0,0(sp)
    800050ea:	0141                	addi	sp,sp,16
    800050ec:	8082                	ret

00000000800050ee <global_stdio_init.part.0>:
    800050ee:	1141                	addi	sp,sp,-16
    800050f0:	00000797          	auipc	a5,0x0
    800050f4:	fa078793          	addi	a5,a5,-96 # 80005090 <stdio_exit_handler>
    800050f8:	4601                	li	a2,0
    800050fa:	4591                	li	a1,4
    800050fc:	bb818513          	addi	a0,gp,-1096 # 80007470 <__sf>
    80005100:	e406                	sd	ra,8(sp)
    80005102:	b6f1b423          	sd	a5,-1176(gp) # 80007420 <__stdio_exit_handler>
    80005106:	f25ff0ef          	jal	8000502a <std>
    8000510a:	4605                	li	a2,1
    8000510c:	45a5                	li	a1,9
    8000510e:	c6818513          	addi	a0,gp,-920 # 80007520 <__sf+0xb0>
    80005112:	f19ff0ef          	jal	8000502a <std>
    80005116:	60a2                	ld	ra,8(sp)
    80005118:	4609                	li	a2,2
    8000511a:	45c9                	li	a1,18
    8000511c:	d1818513          	addi	a0,gp,-744 # 800075d0 <__sf+0x160>
    80005120:	0141                	addi	sp,sp,16
    80005122:	b721                	j	8000502a <std>

0000000080005124 <__fp_unlock>:
    80005124:	4501                	li	a0,0
    80005126:	8082                	ret

0000000080005128 <__sfp>:
    80005128:	1101                	addi	sp,sp,-32
    8000512a:	e04a                	sd	s2,0(sp)
    8000512c:	ec06                	sd	ra,24(sp)
    8000512e:	e822                	sd	s0,16(sp)
    80005130:	e426                	sd	s1,8(sp)
    80005132:	b681b783          	ld	a5,-1176(gp) # 80007420 <__stdio_exit_handler>
    80005136:	892a                	mv	s2,a0
    80005138:	e399                	bnez	a5,8000513e <__sfp+0x16>
    8000513a:	fb5ff0ef          	jal	800050ee <global_stdio_init.part.0>
    8000513e:	00002497          	auipc	s1,0x2
    80005142:	ed248493          	addi	s1,s1,-302 # 80007010 <__sglue>
    80005146:	6880                	ld	s0,16(s1)
    80005148:	449c                	lw	a5,8(s1)
    8000514a:	37fd                	addiw	a5,a5,-1
    8000514c:	0207d163          	bgez	a5,8000516e <__sfp+0x46>
    80005150:	609c                	ld	a5,0(s1)
    80005152:	e7c1                	bnez	a5,800051da <__sfp+0xb2>
    80005154:	2d800593          	li	a1,728
    80005158:	854a                	mv	a0,s2
    8000515a:	d99ff0ef          	jal	80004ef2 <_malloc_r>
    8000515e:	842a                	mv	s0,a0
    80005160:	e12d                	bnez	a0,800051c2 <__sfp+0x9a>
    80005162:	0004b023          	sd	zero,0(s1)
    80005166:	47b1                	li	a5,12
    80005168:	00f92023          	sw	a5,0(s2)
    8000516c:	a089                	j	800051ae <__sfp+0x86>
    8000516e:	01041703          	lh	a4,16(s0)
    80005172:	e729                	bnez	a4,800051bc <__sfp+0x94>
    80005174:	77c1                	lui	a5,0xffff0
    80005176:	0785                	addi	a5,a5,1 # ffffffffffff0001 <__heap_end+0xffffffff7ffc8001>
    80005178:	0a042623          	sw	zero,172(s0)
    8000517c:	00043023          	sd	zero,0(s0)
    80005180:	00043423          	sd	zero,8(s0)
    80005184:	c81c                	sw	a5,16(s0)
    80005186:	00043c23          	sd	zero,24(s0)
    8000518a:	02042023          	sw	zero,32(s0)
    8000518e:	02042423          	sw	zero,40(s0)
    80005192:	4621                	li	a2,8
    80005194:	4581                	li	a1,0
    80005196:	0a440513          	addi	a0,s0,164
    8000519a:	3fa000ef          	jal	80005594 <memset>
    8000519e:	06043023          	sd	zero,96(s0)
    800051a2:	06042423          	sw	zero,104(s0)
    800051a6:	08043023          	sd	zero,128(s0)
    800051aa:	08042423          	sw	zero,136(s0)
    800051ae:	60e2                	ld	ra,24(sp)
    800051b0:	8522                	mv	a0,s0
    800051b2:	6442                	ld	s0,16(sp)
    800051b4:	64a2                	ld	s1,8(sp)
    800051b6:	6902                	ld	s2,0(sp)
    800051b8:	6105                	addi	sp,sp,32
    800051ba:	8082                	ret
    800051bc:	0b040413          	addi	s0,s0,176
    800051c0:	b769                	j	8000514a <__sfp+0x22>
    800051c2:	4791                	li	a5,4
    800051c4:	00053023          	sd	zero,0(a0)
    800051c8:	c51c                	sw	a5,8(a0)
    800051ca:	0561                	addi	a0,a0,24
    800051cc:	e808                	sd	a0,16(s0)
    800051ce:	2c000613          	li	a2,704
    800051d2:	4581                	li	a1,0
    800051d4:	3c0000ef          	jal	80005594 <memset>
    800051d8:	e080                	sd	s0,0(s1)
    800051da:	6084                	ld	s1,0(s1)
    800051dc:	b7ad                	j	80005146 <__sfp+0x1e>

00000000800051de <__sinit>:
    800051de:	613c                	ld	a5,64(a0)
    800051e0:	eb91                	bnez	a5,800051f4 <__sinit+0x16>
    800051e2:	00000797          	auipc	a5,0x0
    800051e6:	ec878793          	addi	a5,a5,-312 # 800050aa <cleanup_stdio>
    800051ea:	e13c                	sd	a5,64(a0)
    800051ec:	b681b783          	ld	a5,-1176(gp) # 80007420 <__stdio_exit_handler>
    800051f0:	e391                	bnez	a5,800051f4 <__sinit+0x16>
    800051f2:	bdf5                	j	800050ee <global_stdio_init.part.0>
    800051f4:	8082                	ret

00000000800051f6 <__sfp_lock_acquire>:
    800051f6:	8082                	ret

00000000800051f8 <__sfp_lock_release>:
    800051f8:	8082                	ret

00000000800051fa <__fp_lock_all>:
    800051fa:	00002617          	auipc	a2,0x2
    800051fe:	e1660613          	addi	a2,a2,-490 # 80007010 <__sglue>
    80005202:	00000597          	auipc	a1,0x0
    80005206:	e2458593          	addi	a1,a1,-476 # 80005026 <__fp_lock>
    8000520a:	4501                	li	a0,0
    8000520c:	a8b1                	j	80005268 <_fwalk_sglue>

000000008000520e <__fp_unlock_all>:
    8000520e:	00002617          	auipc	a2,0x2
    80005212:	e0260613          	addi	a2,a2,-510 # 80007010 <__sglue>
    80005216:	00000597          	auipc	a1,0x0
    8000521a:	f0e58593          	addi	a1,a1,-242 # 80005124 <__fp_unlock>
    8000521e:	4501                	li	a0,0
    80005220:	a0a1                	j	80005268 <_fwalk_sglue>

0000000080005222 <_fiprintf_r>:
    80005222:	715d                	addi	sp,sp,-80
    80005224:	f436                	sd	a3,40(sp)
    80005226:	1034                	addi	a3,sp,40
    80005228:	ec06                	sd	ra,24(sp)
    8000522a:	f83a                	sd	a4,48(sp)
    8000522c:	fc3e                	sd	a5,56(sp)
    8000522e:	e0c2                	sd	a6,64(sp)
    80005230:	e4c6                	sd	a7,72(sp)
    80005232:	e436                	sd	a3,8(sp)
    80005234:	4b6000ef          	jal	800056ea <_vfiprintf_r>
    80005238:	60e2                	ld	ra,24(sp)
    8000523a:	6161                	addi	sp,sp,80
    8000523c:	8082                	ret

000000008000523e <fiprintf>:
    8000523e:	715d                	addi	sp,sp,-80
    80005240:	f032                	sd	a2,32(sp)
    80005242:	f436                	sd	a3,40(sp)
    80005244:	862e                	mv	a2,a1
    80005246:	1014                	addi	a3,sp,32
    80005248:	85aa                	mv	a1,a0
    8000524a:	00002517          	auipc	a0,0x2
    8000524e:	e6e53503          	ld	a0,-402(a0) # 800070b8 <_impure_ptr>
    80005252:	ec06                	sd	ra,24(sp)
    80005254:	f83a                	sd	a4,48(sp)
    80005256:	fc3e                	sd	a5,56(sp)
    80005258:	e0c2                	sd	a6,64(sp)
    8000525a:	e4c6                	sd	a7,72(sp)
    8000525c:	e436                	sd	a3,8(sp)
    8000525e:	48c000ef          	jal	800056ea <_vfiprintf_r>
    80005262:	60e2                	ld	ra,24(sp)
    80005264:	6161                	addi	sp,sp,80
    80005266:	8082                	ret

0000000080005268 <_fwalk_sglue>:
    80005268:	715d                	addi	sp,sp,-80
    8000526a:	e0a2                	sd	s0,64(sp)
    8000526c:	fc26                	sd	s1,56(sp)
    8000526e:	f44e                	sd	s3,40(sp)
    80005270:	f052                	sd	s4,32(sp)
    80005272:	e85a                	sd	s6,16(sp)
    80005274:	e45e                	sd	s7,8(sp)
    80005276:	e486                	sd	ra,72(sp)
    80005278:	f84a                	sd	s2,48(sp)
    8000527a:	ec56                	sd	s5,24(sp)
    8000527c:	89aa                	mv	s3,a0
    8000527e:	8a2e                	mv	s4,a1
    80005280:	8432                	mv	s0,a2
    80005282:	4481                	li	s1,0
    80005284:	4b05                	li	s6,1
    80005286:	5bfd                	li	s7,-1
    80005288:	01043903          	ld	s2,16(s0)
    8000528c:	00842a83          	lw	s5,8(s0)
    80005290:	3afd                	addiw	s5,s5,-1
    80005292:	020ad063          	bgez	s5,800052b2 <_fwalk_sglue+0x4a>
    80005296:	6000                	ld	s0,0(s0)
    80005298:	f865                	bnez	s0,80005288 <_fwalk_sglue+0x20>
    8000529a:	60a6                	ld	ra,72(sp)
    8000529c:	6406                	ld	s0,64(sp)
    8000529e:	7942                	ld	s2,48(sp)
    800052a0:	79a2                	ld	s3,40(sp)
    800052a2:	7a02                	ld	s4,32(sp)
    800052a4:	6ae2                	ld	s5,24(sp)
    800052a6:	6b42                	ld	s6,16(sp)
    800052a8:	6ba2                	ld	s7,8(sp)
    800052aa:	8526                	mv	a0,s1
    800052ac:	74e2                	ld	s1,56(sp)
    800052ae:	6161                	addi	sp,sp,80
    800052b0:	8082                	ret
    800052b2:	01095783          	lhu	a5,16(s2)
    800052b6:	00fb7b63          	bgeu	s6,a5,800052cc <_fwalk_sglue+0x64>
    800052ba:	01291783          	lh	a5,18(s2)
    800052be:	01778763          	beq	a5,s7,800052cc <_fwalk_sglue+0x64>
    800052c2:	85ca                	mv	a1,s2
    800052c4:	854e                	mv	a0,s3
    800052c6:	9a02                	jalr	s4
    800052c8:	8cc9                	or	s1,s1,a0
    800052ca:	2481                	sext.w	s1,s1
    800052cc:	0b090913          	addi	s2,s2,176
    800052d0:	b7c1                	j	80005290 <_fwalk_sglue+0x28>

00000000800052d2 <_iprintf_r>:
    800052d2:	715d                	addi	sp,sp,-80
    800052d4:	f032                	sd	a2,32(sp)
    800052d6:	f436                	sd	a3,40(sp)
    800052d8:	f83a                	sd	a4,48(sp)
    800052da:	fc3e                	sd	a5,56(sp)
    800052dc:	e0c2                	sd	a6,64(sp)
    800052de:	e4c6                	sd	a7,72(sp)
    800052e0:	862e                	mv	a2,a1
    800052e2:	690c                	ld	a1,16(a0)
    800052e4:	1014                	addi	a3,sp,32
    800052e6:	ec06                	sd	ra,24(sp)
    800052e8:	e436                	sd	a3,8(sp)
    800052ea:	400000ef          	jal	800056ea <_vfiprintf_r>
    800052ee:	60e2                	ld	ra,24(sp)
    800052f0:	6161                	addi	sp,sp,80
    800052f2:	8082                	ret

00000000800052f4 <iprintf>:
    800052f4:	711d                	addi	sp,sp,-96
    800052f6:	f832                	sd	a2,48(sp)
    800052f8:	fc36                	sd	a3,56(sp)
    800052fa:	e4be                	sd	a5,72(sp)
    800052fc:	f42e                	sd	a1,40(sp)
    800052fe:	e0ba                	sd	a4,64(sp)
    80005300:	e8c2                	sd	a6,80(sp)
    80005302:	ecc6                	sd	a7,88(sp)
    80005304:	00002797          	auipc	a5,0x2
    80005308:	db47b783          	ld	a5,-588(a5) # 800070b8 <_impure_ptr>
    8000530c:	6b8c                	ld	a1,16(a5)
    8000530e:	1034                	addi	a3,sp,40
    80005310:	862a                	mv	a2,a0
    80005312:	853e                	mv	a0,a5
    80005314:	ec06                	sd	ra,24(sp)
    80005316:	e436                	sd	a3,8(sp)
    80005318:	3d2000ef          	jal	800056ea <_vfiprintf_r>
    8000531c:	60e2                	ld	ra,24(sp)
    8000531e:	6125                	addi	sp,sp,96
    80005320:	8082                	ret

0000000080005322 <__sread>:
    80005322:	1141                	addi	sp,sp,-16
    80005324:	e022                	sd	s0,0(sp)
    80005326:	842e                	mv	s0,a1
    80005328:	01259583          	lh	a1,18(a1)
    8000532c:	e406                	sd	ra,8(sp)
    8000532e:	1dc000ef          	jal	8000550a <_read_r>
    80005332:	00054963          	bltz	a0,80005344 <__sread+0x22>
    80005336:	6c5c                	ld	a5,152(s0)
    80005338:	97aa                	add	a5,a5,a0
    8000533a:	ec5c                	sd	a5,152(s0)
    8000533c:	60a2                	ld	ra,8(sp)
    8000533e:	6402                	ld	s0,0(sp)
    80005340:	0141                	addi	sp,sp,16
    80005342:	8082                	ret
    80005344:	01045783          	lhu	a5,16(s0)
    80005348:	777d                	lui	a4,0xfffff
    8000534a:	177d                	addi	a4,a4,-1 # ffffffffffffefff <__heap_end+0xffffffff7ffd6fff>
    8000534c:	8ff9                	and	a5,a5,a4
    8000534e:	00f41823          	sh	a5,16(s0)
    80005352:	b7ed                	j	8000533c <__sread+0x1a>

0000000080005354 <__seofread>:
    80005354:	4501                	li	a0,0
    80005356:	8082                	ret

0000000080005358 <__swrite>:
    80005358:	0105d783          	lhu	a5,16(a1)
    8000535c:	7179                	addi	sp,sp,-48
    8000535e:	f022                	sd	s0,32(sp)
    80005360:	ec26                	sd	s1,24(sp)
    80005362:	e84a                	sd	s2,16(sp)
    80005364:	e44e                	sd	s3,8(sp)
    80005366:	f406                	sd	ra,40(sp)
    80005368:	1007f793          	andi	a5,a5,256
    8000536c:	84aa                	mv	s1,a0
    8000536e:	842e                	mv	s0,a1
    80005370:	8932                	mv	s2,a2
    80005372:	89b6                	mv	s3,a3
    80005374:	c799                	beqz	a5,80005382 <__swrite+0x2a>
    80005376:	01259583          	lh	a1,18(a1)
    8000537a:	4689                	li	a3,2
    8000537c:	4601                	li	a2,0
    8000537e:	160000ef          	jal	800054de <_lseek_r>
    80005382:	01045783          	lhu	a5,16(s0)
    80005386:	777d                	lui	a4,0xfffff
    80005388:	177d                	addi	a4,a4,-1 # ffffffffffffefff <__heap_end+0xffffffff7ffd6fff>
    8000538a:	8ff9                	and	a5,a5,a4
    8000538c:	01241583          	lh	a1,18(s0)
    80005390:	00f41823          	sh	a5,16(s0)
    80005394:	7402                	ld	s0,32(sp)
    80005396:	70a2                	ld	ra,40(sp)
    80005398:	86ce                	mv	a3,s3
    8000539a:	864a                	mv	a2,s2
    8000539c:	69a2                	ld	s3,8(sp)
    8000539e:	6942                	ld	s2,16(sp)
    800053a0:	8526                	mv	a0,s1
    800053a2:	64e2                	ld	s1,24(sp)
    800053a4:	6145                	addi	sp,sp,48
    800053a6:	aa65                	j	8000555e <_write_r>

00000000800053a8 <__sseek>:
    800053a8:	1141                	addi	sp,sp,-16
    800053aa:	e022                	sd	s0,0(sp)
    800053ac:	842e                	mv	s0,a1
    800053ae:	01259583          	lh	a1,18(a1)
    800053b2:	e406                	sd	ra,8(sp)
    800053b4:	12a000ef          	jal	800054de <_lseek_r>
    800053b8:	577d                	li	a4,-1
    800053ba:	01045783          	lhu	a5,16(s0)
    800053be:	00e51b63          	bne	a0,a4,800053d4 <__sseek+0x2c>
    800053c2:	777d                	lui	a4,0xfffff
    800053c4:	177d                	addi	a4,a4,-1 # ffffffffffffefff <__heap_end+0xffffffff7ffd6fff>
    800053c6:	8ff9                	and	a5,a5,a4
    800053c8:	00f41823          	sh	a5,16(s0)
    800053cc:	60a2                	ld	ra,8(sp)
    800053ce:	6402                	ld	s0,0(sp)
    800053d0:	0141                	addi	sp,sp,16
    800053d2:	8082                	ret
    800053d4:	6705                	lui	a4,0x1
    800053d6:	8fd9                	or	a5,a5,a4
    800053d8:	00f41823          	sh	a5,16(s0)
    800053dc:	ec48                	sd	a0,152(s0)
    800053de:	b7fd                	j	800053cc <__sseek+0x24>

00000000800053e0 <__sclose>:
    800053e0:	01259583          	lh	a1,18(a1)
    800053e4:	a009                	j	800053e6 <_close_r>

00000000800053e6 <_close_r>:
    800053e6:	1141                	addi	sp,sp,-16
    800053e8:	e022                	sd	s0,0(sp)
    800053ea:	842a                	mv	s0,a0
    800053ec:	852e                	mv	a0,a1
    800053ee:	b601a823          	sw	zero,-1168(gp) # 80007428 <errno>
    800053f2:	e406                	sd	ra,8(sp)
    800053f4:	2e4010ef          	jal	800066d8 <_close>
    800053f8:	57fd                	li	a5,-1
    800053fa:	00f51663          	bne	a0,a5,80005406 <_close_r+0x20>
    800053fe:	b701a783          	lw	a5,-1168(gp) # 80007428 <errno>
    80005402:	c391                	beqz	a5,80005406 <_close_r+0x20>
    80005404:	c01c                	sw	a5,0(s0)
    80005406:	60a2                	ld	ra,8(sp)
    80005408:	6402                	ld	s0,0(sp)
    8000540a:	0141                	addi	sp,sp,16
    8000540c:	8082                	ret

000000008000540e <_reclaim_reent>:
    8000540e:	00002797          	auipc	a5,0x2
    80005412:	caa7b783          	ld	a5,-854(a5) # 800070b8 <_impure_ptr>
    80005416:	0ca78363          	beq	a5,a0,800054dc <_reclaim_reent+0xce>
    8000541a:	7d1c                	ld	a5,56(a0)
    8000541c:	7179                	addi	sp,sp,-48
    8000541e:	f022                	sd	s0,32(sp)
    80005420:	f406                	sd	ra,40(sp)
    80005422:	ec26                	sd	s1,24(sp)
    80005424:	e84a                	sd	s2,16(sp)
    80005426:	e44e                	sd	s3,8(sp)
    80005428:	842a                	mv	s0,a0
    8000542a:	cb8d                	beqz	a5,8000545c <_reclaim_reent+0x4e>
    8000542c:	6f9c                	ld	a5,24(a5)
    8000542e:	c38d                	beqz	a5,80005450 <_reclaim_reent+0x42>
    80005430:	4481                	li	s1,0
    80005432:	20000913          	li	s2,512
    80005436:	7c1c                	ld	a5,56(s0)
    80005438:	6f9c                	ld	a5,24(a5)
    8000543a:	97a6                	add	a5,a5,s1
    8000543c:	638c                	ld	a1,0(a5)
    8000543e:	e1c9                	bnez	a1,800054c0 <_reclaim_reent+0xb2>
    80005440:	04a1                	addi	s1,s1,8
    80005442:	ff249ae3          	bne	s1,s2,80005436 <_reclaim_reent+0x28>
    80005446:	7c1c                	ld	a5,56(s0)
    80005448:	8522                	mv	a0,s0
    8000544a:	6f8c                	ld	a1,24(a5)
    8000544c:	168000ef          	jal	800055b4 <_free_r>
    80005450:	7c1c                	ld	a5,56(s0)
    80005452:	638c                	ld	a1,0(a5)
    80005454:	c581                	beqz	a1,8000545c <_reclaim_reent+0x4e>
    80005456:	8522                	mv	a0,s0
    80005458:	15c000ef          	jal	800055b4 <_free_r>
    8000545c:	740c                	ld	a1,40(s0)
    8000545e:	c581                	beqz	a1,80005466 <_reclaim_reent+0x58>
    80005460:	8522                	mv	a0,s0
    80005462:	152000ef          	jal	800055b4 <_free_r>
    80005466:	7c0c                	ld	a1,56(s0)
    80005468:	c581                	beqz	a1,80005470 <_reclaim_reent+0x62>
    8000546a:	8522                	mv	a0,s0
    8000546c:	148000ef          	jal	800055b4 <_free_r>
    80005470:	6c2c                	ld	a1,88(s0)
    80005472:	c581                	beqz	a1,8000547a <_reclaim_reent+0x6c>
    80005474:	8522                	mv	a0,s0
    80005476:	13e000ef          	jal	800055b4 <_free_r>
    8000547a:	702c                	ld	a1,96(s0)
    8000547c:	c581                	beqz	a1,80005484 <_reclaim_reent+0x76>
    8000547e:	8522                	mv	a0,s0
    80005480:	134000ef          	jal	800055b4 <_free_r>
    80005484:	742c                	ld	a1,104(s0)
    80005486:	c581                	beqz	a1,8000548e <_reclaim_reent+0x80>
    80005488:	8522                	mv	a0,s0
    8000548a:	12a000ef          	jal	800055b4 <_free_r>
    8000548e:	644c                	ld	a1,136(s0)
    80005490:	c581                	beqz	a1,80005498 <_reclaim_reent+0x8a>
    80005492:	8522                	mv	a0,s0
    80005494:	120000ef          	jal	800055b4 <_free_r>
    80005498:	604c                	ld	a1,128(s0)
    8000549a:	c581                	beqz	a1,800054a2 <_reclaim_reent+0x94>
    8000549c:	8522                	mv	a0,s0
    8000549e:	116000ef          	jal	800055b4 <_free_r>
    800054a2:	682c                	ld	a1,80(s0)
    800054a4:	c581                	beqz	a1,800054ac <_reclaim_reent+0x9e>
    800054a6:	8522                	mv	a0,s0
    800054a8:	10c000ef          	jal	800055b4 <_free_r>
    800054ac:	603c                	ld	a5,64(s0)
    800054ae:	c385                	beqz	a5,800054ce <_reclaim_reent+0xc0>
    800054b0:	8522                	mv	a0,s0
    800054b2:	7402                	ld	s0,32(sp)
    800054b4:	70a2                	ld	ra,40(sp)
    800054b6:	64e2                	ld	s1,24(sp)
    800054b8:	6942                	ld	s2,16(sp)
    800054ba:	69a2                	ld	s3,8(sp)
    800054bc:	6145                	addi	sp,sp,48
    800054be:	8782                	jr	a5
    800054c0:	0005b983          	ld	s3,0(a1)
    800054c4:	8522                	mv	a0,s0
    800054c6:	0ee000ef          	jal	800055b4 <_free_r>
    800054ca:	85ce                	mv	a1,s3
    800054cc:	bf8d                	j	8000543e <_reclaim_reent+0x30>
    800054ce:	70a2                	ld	ra,40(sp)
    800054d0:	7402                	ld	s0,32(sp)
    800054d2:	64e2                	ld	s1,24(sp)
    800054d4:	6942                	ld	s2,16(sp)
    800054d6:	69a2                	ld	s3,8(sp)
    800054d8:	6145                	addi	sp,sp,48
    800054da:	8082                	ret
    800054dc:	8082                	ret

00000000800054de <_lseek_r>:
    800054de:	1141                	addi	sp,sp,-16
    800054e0:	e022                	sd	s0,0(sp)
    800054e2:	842a                	mv	s0,a0
    800054e4:	852e                	mv	a0,a1
    800054e6:	85b2                	mv	a1,a2
    800054e8:	8636                	mv	a2,a3
    800054ea:	b601a823          	sw	zero,-1168(gp) # 80007428 <errno>
    800054ee:	e406                	sd	ra,8(sp)
    800054f0:	252010ef          	jal	80006742 <_lseek>
    800054f4:	57fd                	li	a5,-1
    800054f6:	00f51663          	bne	a0,a5,80005502 <_lseek_r+0x24>
    800054fa:	b701a783          	lw	a5,-1168(gp) # 80007428 <errno>
    800054fe:	c391                	beqz	a5,80005502 <_lseek_r+0x24>
    80005500:	c01c                	sw	a5,0(s0)
    80005502:	60a2                	ld	ra,8(sp)
    80005504:	6402                	ld	s0,0(sp)
    80005506:	0141                	addi	sp,sp,16
    80005508:	8082                	ret

000000008000550a <_read_r>:
    8000550a:	1141                	addi	sp,sp,-16
    8000550c:	e022                	sd	s0,0(sp)
    8000550e:	842a                	mv	s0,a0
    80005510:	852e                	mv	a0,a1
    80005512:	85b2                	mv	a1,a2
    80005514:	8636                	mv	a2,a3
    80005516:	b601a823          	sw	zero,-1168(gp) # 80007428 <errno>
    8000551a:	e406                	sd	ra,8(sp)
    8000551c:	23a010ef          	jal	80006756 <_read>
    80005520:	57fd                	li	a5,-1
    80005522:	00f51663          	bne	a0,a5,8000552e <_read_r+0x24>
    80005526:	b701a783          	lw	a5,-1168(gp) # 80007428 <errno>
    8000552a:	c391                	beqz	a5,8000552e <_read_r+0x24>
    8000552c:	c01c                	sw	a5,0(s0)
    8000552e:	60a2                	ld	ra,8(sp)
    80005530:	6402                	ld	s0,0(sp)
    80005532:	0141                	addi	sp,sp,16
    80005534:	8082                	ret

0000000080005536 <_sbrk_r>:
    80005536:	1141                	addi	sp,sp,-16
    80005538:	e022                	sd	s0,0(sp)
    8000553a:	842a                	mv	s0,a0
    8000553c:	852e                	mv	a0,a1
    8000553e:	b601a823          	sw	zero,-1168(gp) # 80007428 <errno>
    80005542:	e406                	sd	ra,8(sp)
    80005544:	228010ef          	jal	8000676c <_sbrk>
    80005548:	57fd                	li	a5,-1
    8000554a:	00f51663          	bne	a0,a5,80005556 <_sbrk_r+0x20>
    8000554e:	b701a783          	lw	a5,-1168(gp) # 80007428 <errno>
    80005552:	c391                	beqz	a5,80005556 <_sbrk_r+0x20>
    80005554:	c01c                	sw	a5,0(s0)
    80005556:	60a2                	ld	ra,8(sp)
    80005558:	6402                	ld	s0,0(sp)
    8000555a:	0141                	addi	sp,sp,16
    8000555c:	8082                	ret

000000008000555e <_write_r>:
    8000555e:	1141                	addi	sp,sp,-16
    80005560:	e022                	sd	s0,0(sp)
    80005562:	842a                	mv	s0,a0
    80005564:	852e                	mv	a0,a1
    80005566:	85b2                	mv	a1,a2
    80005568:	8636                	mv	a2,a3
    8000556a:	b601a823          	sw	zero,-1168(gp) # 80007428 <errno>
    8000556e:	e406                	sd	ra,8(sp)
    80005570:	238010ef          	jal	800067a8 <_write>
    80005574:	57fd                	li	a5,-1
    80005576:	00f51663          	bne	a0,a5,80005582 <_write_r+0x24>
    8000557a:	b701a783          	lw	a5,-1168(gp) # 80007428 <errno>
    8000557e:	c391                	beqz	a5,80005582 <_write_r+0x24>
    80005580:	c01c                	sw	a5,0(s0)
    80005582:	60a2                	ld	ra,8(sp)
    80005584:	6402                	ld	s0,0(sp)
    80005586:	0141                	addi	sp,sp,16
    80005588:	8082                	ret

000000008000558a <__errno>:
    8000558a:	00002517          	auipc	a0,0x2
    8000558e:	b2e53503          	ld	a0,-1234(a0) # 800070b8 <_impure_ptr>
    80005592:	8082                	ret

0000000080005594 <memset>:
    80005594:	832a                	mv	t1,a0
    80005596:	c611                	beqz	a2,800055a2 <memset+0xe>
    80005598:	00b30023          	sb	a1,0(t1)
    8000559c:	167d                	addi	a2,a2,-1
    8000559e:	0305                	addi	t1,t1,1
    800055a0:	fe65                	bnez	a2,80005598 <memset+0x4>
    800055a2:	8082                	ret

00000000800055a4 <abort>:
    800055a4:	1141                	addi	sp,sp,-16
    800055a6:	4519                	li	a0,6
    800055a8:	e406                	sd	ra,8(sp)
    800055aa:	6b3000ef          	jal	8000645c <raise>
    800055ae:	4505                	li	a0,1
    800055b0:	13c010ef          	jal	800066ec <_exit>

00000000800055b4 <_free_r>:
    800055b4:	c1c5                	beqz	a1,80005654 <_free_r+0xa0>
    800055b6:	ff85b783          	ld	a5,-8(a1)
    800055ba:	1101                	addi	sp,sp,-32
    800055bc:	e822                	sd	s0,16(sp)
    800055be:	ec06                	sd	ra,24(sp)
    800055c0:	ff858413          	addi	s0,a1,-8
    800055c4:	0007d363          	bgez	a5,800055ca <_free_r+0x16>
    800055c8:	943e                	add	s0,s0,a5
    800055ca:	e42a                	sd	a0,8(sp)
    800055cc:	a57ff0ef          	jal	80005022 <__malloc_lock>
    800055d0:	b6018713          	addi	a4,gp,-1184 # 80007418 <__malloc_free_list>
    800055d4:	631c                	ld	a5,0(a4)
    800055d6:	6522                	ld	a0,8(sp)
    800055d8:	eb89                	bnez	a5,800055ea <_free_r+0x36>
    800055da:	00043423          	sd	zero,8(s0)
    800055de:	e300                	sd	s0,0(a4)
    800055e0:	6442                	ld	s0,16(sp)
    800055e2:	60e2                	ld	ra,24(sp)
    800055e4:	6105                	addi	sp,sp,32
    800055e6:	a3fff06f          	j	80005024 <__malloc_unlock>
    800055ea:	00f47d63          	bgeu	s0,a5,80005604 <_free_r+0x50>
    800055ee:	6010                	ld	a2,0(s0)
    800055f0:	00c406b3          	add	a3,s0,a2
    800055f4:	00d79663          	bne	a5,a3,80005600 <_free_r+0x4c>
    800055f8:	6394                	ld	a3,0(a5)
    800055fa:	679c                	ld	a5,8(a5)
    800055fc:	96b2                	add	a3,a3,a2
    800055fe:	e014                	sd	a3,0(s0)
    80005600:	e41c                	sd	a5,8(s0)
    80005602:	bff1                	j	800055de <_free_r+0x2a>
    80005604:	873e                	mv	a4,a5
    80005606:	679c                	ld	a5,8(a5)
    80005608:	c399                	beqz	a5,8000560e <_free_r+0x5a>
    8000560a:	fef47de3          	bgeu	s0,a5,80005604 <_free_r+0x50>
    8000560e:	6314                	ld	a3,0(a4)
    80005610:	00d70633          	add	a2,a4,a3
    80005614:	00861f63          	bne	a2,s0,80005632 <_free_r+0x7e>
    80005618:	6010                	ld	a2,0(s0)
    8000561a:	96b2                	add	a3,a3,a2
    8000561c:	e314                	sd	a3,0(a4)
    8000561e:	00d70633          	add	a2,a4,a3
    80005622:	fac79fe3          	bne	a5,a2,800055e0 <_free_r+0x2c>
    80005626:	6390                	ld	a2,0(a5)
    80005628:	679c                	ld	a5,8(a5)
    8000562a:	96b2                	add	a3,a3,a2
    8000562c:	e314                	sd	a3,0(a4)
    8000562e:	e71c                	sd	a5,8(a4)
    80005630:	bf45                	j	800055e0 <_free_r+0x2c>
    80005632:	00c47563          	bgeu	s0,a2,8000563c <_free_r+0x88>
    80005636:	47b1                	li	a5,12
    80005638:	c11c                	sw	a5,0(a0)
    8000563a:	b75d                	j	800055e0 <_free_r+0x2c>
    8000563c:	6010                	ld	a2,0(s0)
    8000563e:	00c406b3          	add	a3,s0,a2
    80005642:	00d79663          	bne	a5,a3,8000564e <_free_r+0x9a>
    80005646:	6394                	ld	a3,0(a5)
    80005648:	679c                	ld	a5,8(a5)
    8000564a:	96b2                	add	a3,a3,a2
    8000564c:	e014                	sd	a3,0(s0)
    8000564e:	e41c                	sd	a5,8(s0)
    80005650:	e700                	sd	s0,8(a4)
    80005652:	b779                	j	800055e0 <_free_r+0x2c>
    80005654:	8082                	ret

0000000080005656 <__sfputc_r>:
    80005656:	465c                	lw	a5,12(a2)
    80005658:	fff7871b          	addiw	a4,a5,-1
    8000565c:	c658                	sw	a4,12(a2)
    8000565e:	00075a63          	bgez	a4,80005672 <__sfputc_r+0x1c>
    80005662:	561c                	lw	a5,40(a2)
    80005664:	00f74563          	blt	a4,a5,8000566e <__sfputc_r+0x18>
    80005668:	47a9                	li	a5,10
    8000566a:	00f59463          	bne	a1,a5,80005672 <__sfputc_r+0x1c>
    8000566e:	3290006f          	j	80006196 <__swbuf_r>
    80005672:	621c                	ld	a5,0(a2)
    80005674:	852e                	mv	a0,a1
    80005676:	00178713          	addi	a4,a5,1
    8000567a:	e218                	sd	a4,0(a2)
    8000567c:	00b78023          	sb	a1,0(a5)
    80005680:	8082                	ret

0000000080005682 <__sfputs_r>:
    80005682:	7179                	addi	sp,sp,-48
    80005684:	f022                	sd	s0,32(sp)
    80005686:	ec26                	sd	s1,24(sp)
    80005688:	e84a                	sd	s2,16(sp)
    8000568a:	e44e                	sd	s3,8(sp)
    8000568c:	e052                	sd	s4,0(sp)
    8000568e:	f406                	sd	ra,40(sp)
    80005690:	892a                	mv	s2,a0
    80005692:	89ae                	mv	s3,a1
    80005694:	8432                	mv	s0,a2
    80005696:	00d604b3          	add	s1,a2,a3
    8000569a:	5a7d                	li	s4,-1
    8000569c:	00941463          	bne	s0,s1,800056a4 <__sfputs_r+0x22>
    800056a0:	4501                	li	a0,0
    800056a2:	a811                	j	800056b6 <__sfputs_r+0x34>
    800056a4:	00044583          	lbu	a1,0(s0)
    800056a8:	864e                	mv	a2,s3
    800056aa:	854a                	mv	a0,s2
    800056ac:	fabff0ef          	jal	80005656 <__sfputc_r>
    800056b0:	0405                	addi	s0,s0,1
    800056b2:	ff4515e3          	bne	a0,s4,8000569c <__sfputs_r+0x1a>
    800056b6:	70a2                	ld	ra,40(sp)
    800056b8:	7402                	ld	s0,32(sp)
    800056ba:	64e2                	ld	s1,24(sp)
    800056bc:	6942                	ld	s2,16(sp)
    800056be:	69a2                	ld	s3,8(sp)
    800056c0:	6a02                	ld	s4,0(sp)
    800056c2:	6145                	addi	sp,sp,48
    800056c4:	8082                	ret

00000000800056c6 <__sprint_r>:
    800056c6:	6a1c                	ld	a5,16(a2)
    800056c8:	1141                	addi	sp,sp,-16
    800056ca:	e022                	sd	s0,0(sp)
    800056cc:	e406                	sd	ra,8(sp)
    800056ce:	8432                	mv	s0,a2
    800056d0:	cb99                	beqz	a5,800056e6 <__sprint_r+0x20>
    800056d2:	7ee000ef          	jal	80005ec0 <__sfvwrite_r>
    800056d6:	00043823          	sd	zero,16(s0)
    800056da:	60a2                	ld	ra,8(sp)
    800056dc:	00042423          	sw	zero,8(s0)
    800056e0:	6402                	ld	s0,0(sp)
    800056e2:	0141                	addi	sp,sp,16
    800056e4:	8082                	ret
    800056e6:	4501                	li	a0,0
    800056e8:	bfcd                	j	800056da <__sprint_r+0x14>

00000000800056ea <_vfiprintf_r>:
    800056ea:	7155                	addi	sp,sp,-208
    800056ec:	e1a2                	sd	s0,192(sp)
    800056ee:	fd26                	sd	s1,184(sp)
    800056f0:	f94a                	sd	s2,176(sp)
    800056f2:	f54e                	sd	s3,168(sp)
    800056f4:	f152                	sd	s4,160(sp)
    800056f6:	e586                	sd	ra,200(sp)
    800056f8:	ed56                	sd	s5,152(sp)
    800056fa:	e95a                	sd	s6,144(sp)
    800056fc:	e55e                	sd	s7,136(sp)
    800056fe:	e162                	sd	s8,128(sp)
    80005700:	fce6                	sd	s9,120(sp)
    80005702:	f8ea                	sd	s10,112(sp)
    80005704:	8a2a                	mv	s4,a0
    80005706:	892e                	mv	s2,a1
    80005708:	84b2                	mv	s1,a2
    8000570a:	8436                	mv	s0,a3
    8000570c:	4981                	li	s3,0
    8000570e:	c509                	beqz	a0,80005718 <_vfiprintf_r+0x2e>
    80005710:	613c                	ld	a5,64(a0)
    80005712:	e399                	bnez	a5,80005718 <_vfiprintf_r+0x2e>
    80005714:	acbff0ef          	jal	800051de <__sinit>
    80005718:	01095783          	lhu	a5,16(s2)
    8000571c:	8ba1                	andi	a5,a5,8
    8000571e:	cbe1                	beqz	a5,800057ee <_vfiprintf_r+0x104>
    80005720:	01893783          	ld	a5,24(s2)
    80005724:	c7e9                	beqz	a5,800057ee <_vfiprintf_r+0x104>
    80005726:	02000793          	li	a5,32
    8000572a:	02f104a3          	sb	a5,41(sp)
    8000572e:	5afd                	li	s5,-1
    80005730:	03000793          	li	a5,48
    80005734:	d202                	sw	zero,36(sp)
    80005736:	02f10523          	sb	a5,42(sp)
    8000573a:	e422                	sd	s0,8(sp)
    8000573c:	02500b93          	li	s7,37
    80005740:	020a9c13          	slli	s8,s5,0x20
    80005744:	00001b17          	auipc	s6,0x1
    80005748:	434b0b13          	addi	s6,s6,1076 # 80006b78 <__tbss_end+0x172>
    8000574c:	4c85                	li	s9,1
    8000574e:	8426                	mv	s0,s1
    80005750:	00044783          	lbu	a5,0(s0)
    80005754:	c399                	beqz	a5,8000575a <_vfiprintf_r+0x70>
    80005756:	0d779063          	bne	a5,s7,80005816 <_vfiprintf_r+0x12c>
    8000575a:	40940d3b          	subw	s10,s0,s1
    8000575e:	000d0e63          	beqz	s10,8000577a <_vfiprintf_r+0x90>
    80005762:	86ea                	mv	a3,s10
    80005764:	8626                	mv	a2,s1
    80005766:	85ca                	mv	a1,s2
    80005768:	8552                	mv	a0,s4
    8000576a:	f19ff0ef          	jal	80005682 <__sfputs_r>
    8000576e:	1d550963          	beq	a0,s5,80005940 <_vfiprintf_r+0x256>
    80005772:	5792                	lw	a5,36(sp)
    80005774:	01a787bb          	addw	a5,a5,s10
    80005778:	d23e                	sw	a5,36(sp)
    8000577a:	00044783          	lbu	a5,0(s0)
    8000577e:	1c078163          	beqz	a5,80005940 <_vfiprintf_r+0x256>
    80005782:	00140493          	addi	s1,s0,1
    80005786:	e862                	sd	s8,16(sp)
    80005788:	ec02                	sd	zero,24(sp)
    8000578a:	040109a3          	sb	zero,83(sp)
    8000578e:	d482                	sw	zero,104(sp)
    80005790:	0004c583          	lbu	a1,0(s1)
    80005794:	4615                	li	a2,5
    80005796:	855a                	mv	a0,s6
    80005798:	377000ef          	jal	8000630e <memchr>
    8000579c:	47c2                	lw	a5,16(sp)
    8000579e:	00148413          	addi	s0,s1,1
    800057a2:	ed25                	bnez	a0,8000581a <_vfiprintf_r+0x130>
    800057a4:	0107f713          	andi	a4,a5,16
    800057a8:	c709                	beqz	a4,800057b2 <_vfiprintf_r+0xc8>
    800057aa:	02000713          	li	a4,32
    800057ae:	04e109a3          	sb	a4,83(sp)
    800057b2:	0087f713          	andi	a4,a5,8
    800057b6:	c709                	beqz	a4,800057c0 <_vfiprintf_r+0xd6>
    800057b8:	02b00713          	li	a4,43
    800057bc:	04e109a3          	sb	a4,83(sp)
    800057c0:	0004c683          	lbu	a3,0(s1)
    800057c4:	02a00713          	li	a4,42
    800057c8:	06e68163          	beq	a3,a4,8000582a <_vfiprintf_r+0x140>
    800057cc:	47f2                	lw	a5,28(sp)
    800057ce:	8426                	mv	s0,s1
    800057d0:	4681                	li	a3,0
    800057d2:	4625                	li	a2,9
    800057d4:	4829                	li	a6,10
    800057d6:	00044703          	lbu	a4,0(s0)
    800057da:	00140513          	addi	a0,s0,1
    800057de:	fd07059b          	addiw	a1,a4,-48 # fd0 <__stack_align+0xfc0>
    800057e2:	872e                	mv	a4,a1
    800057e4:	08b67a63          	bgeu	a2,a1,80005878 <_vfiprintf_r+0x18e>
    800057e8:	caa9                	beqz	a3,8000583a <_vfiprintf_r+0x150>
    800057ea:	ce3e                	sw	a5,28(sp)
    800057ec:	a0b9                	j	8000583a <_vfiprintf_r+0x150>
    800057ee:	85ca                	mv	a1,s2
    800057f0:	8552                	mv	a0,s4
    800057f2:	24f000ef          	jal	80006240 <__swsetup_r>
    800057f6:	d905                	beqz	a0,80005726 <_vfiprintf_r+0x3c>
    800057f8:	557d                	li	a0,-1
    800057fa:	60ae                	ld	ra,200(sp)
    800057fc:	640e                	ld	s0,192(sp)
    800057fe:	74ea                	ld	s1,184(sp)
    80005800:	794a                	ld	s2,176(sp)
    80005802:	79aa                	ld	s3,168(sp)
    80005804:	7a0a                	ld	s4,160(sp)
    80005806:	6aea                	ld	s5,152(sp)
    80005808:	6b4a                	ld	s6,144(sp)
    8000580a:	6baa                	ld	s7,136(sp)
    8000580c:	6c0a                	ld	s8,128(sp)
    8000580e:	7ce6                	ld	s9,120(sp)
    80005810:	7d46                	ld	s10,112(sp)
    80005812:	6169                	addi	sp,sp,208
    80005814:	8082                	ret
    80005816:	0405                	addi	s0,s0,1
    80005818:	bf25                	j	80005750 <_vfiprintf_r+0x66>
    8000581a:	41650533          	sub	a0,a0,s6
    8000581e:	00ac953b          	sllw	a0,s9,a0
    80005822:	8fc9                	or	a5,a5,a0
    80005824:	c83e                	sw	a5,16(sp)
    80005826:	84a2                	mv	s1,s0
    80005828:	b7a5                	j	80005790 <_vfiprintf_r+0xa6>
    8000582a:	6722                	ld	a4,8(sp)
    8000582c:	00870693          	addi	a3,a4,8
    80005830:	4318                	lw	a4,0(a4)
    80005832:	e436                	sd	a3,8(sp)
    80005834:	02074b63          	bltz	a4,8000586a <_vfiprintf_r+0x180>
    80005838:	ce3a                	sw	a4,28(sp)
    8000583a:	00044703          	lbu	a4,0(s0)
    8000583e:	02e00793          	li	a5,46
    80005842:	06f71163          	bne	a4,a5,800058a4 <_vfiprintf_r+0x1ba>
    80005846:	00144703          	lbu	a4,1(s0)
    8000584a:	02a00793          	li	a5,42
    8000584e:	02f71b63          	bne	a4,a5,80005884 <_vfiprintf_r+0x19a>
    80005852:	67a2                	ld	a5,8(sp)
    80005854:	0409                	addi	s0,s0,2
    80005856:	00878713          	addi	a4,a5,8
    8000585a:	e43a                	sd	a4,8(sp)
    8000585c:	4398                	lw	a4,0(a5)
    8000585e:	87ba                	mv	a5,a4
    80005860:	00075363          	bgez	a4,80005866 <_vfiprintf_r+0x17c>
    80005864:	57fd                	li	a5,-1
    80005866:	ca3e                	sw	a5,20(sp)
    80005868:	a835                	j	800058a4 <_vfiprintf_r+0x1ba>
    8000586a:	40e0073b          	negw	a4,a4
    8000586e:	0027e793          	ori	a5,a5,2
    80005872:	ce3a                	sw	a4,28(sp)
    80005874:	c83e                	sw	a5,16(sp)
    80005876:	b7d1                	j	8000583a <_vfiprintf_r+0x150>
    80005878:	02f807bb          	mulw	a5,a6,a5
    8000587c:	842a                	mv	s0,a0
    8000587e:	4685                	li	a3,1
    80005880:	9fb9                	addw	a5,a5,a4
    80005882:	bf91                	j	800057d6 <_vfiprintf_r+0xec>
    80005884:	0405                	addi	s0,s0,1
    80005886:	ca02                	sw	zero,20(sp)
    80005888:	4681                	li	a3,0
    8000588a:	4781                	li	a5,0
    8000588c:	4625                	li	a2,9
    8000588e:	4829                	li	a6,10
    80005890:	00044703          	lbu	a4,0(s0)
    80005894:	00140513          	addi	a0,s0,1
    80005898:	fd07059b          	addiw	a1,a4,-48
    8000589c:	872e                	mv	a4,a1
    8000589e:	06b67c63          	bgeu	a2,a1,80005916 <_vfiprintf_r+0x22c>
    800058a2:	f2f1                	bnez	a3,80005866 <_vfiprintf_r+0x17c>
    800058a4:	00044583          	lbu	a1,0(s0)
    800058a8:	460d                	li	a2,3
    800058aa:	00001517          	auipc	a0,0x1
    800058ae:	2d650513          	addi	a0,a0,726 # 80006b80 <__tbss_end+0x17a>
    800058b2:	25d000ef          	jal	8000630e <memchr>
    800058b6:	cd11                	beqz	a0,800058d2 <_vfiprintf_r+0x1e8>
    800058b8:	00001797          	auipc	a5,0x1
    800058bc:	2c878793          	addi	a5,a5,712 # 80006b80 <__tbss_end+0x17a>
    800058c0:	8d1d                	sub	a0,a0,a5
    800058c2:	47c2                	lw	a5,16(sp)
    800058c4:	04000713          	li	a4,64
    800058c8:	00a7173b          	sllw	a4,a4,a0
    800058cc:	8fd9                	or	a5,a5,a4
    800058ce:	0405                	addi	s0,s0,1
    800058d0:	c83e                	sw	a5,16(sp)
    800058d2:	00044583          	lbu	a1,0(s0)
    800058d6:	4619                	li	a2,6
    800058d8:	00001517          	auipc	a0,0x1
    800058dc:	2b050513          	addi	a0,a0,688 # 80006b88 <__tbss_end+0x182>
    800058e0:	00140493          	addi	s1,s0,1
    800058e4:	02b10423          	sb	a1,40(sp)
    800058e8:	227000ef          	jal	8000630e <memchr>
    800058ec:	c135                	beqz	a0,80005950 <_vfiprintf_r+0x266>
    800058ee:	00000793          	li	a5,0
    800058f2:	eb85                	bnez	a5,80005922 <_vfiprintf_r+0x238>
    800058f4:	4742                	lw	a4,16(sp)
    800058f6:	67a2                	ld	a5,8(sp)
    800058f8:	10077713          	andi	a4,a4,256
    800058fc:	00878693          	addi	a3,a5,8
    80005900:	c709                	beqz	a4,8000590a <_vfiprintf_r+0x220>
    80005902:	07bd                	addi	a5,a5,15
    80005904:	9bc1                	andi	a5,a5,-16
    80005906:	01078693          	addi	a3,a5,16
    8000590a:	e436                	sd	a3,8(sp)
    8000590c:	5792                	lw	a5,36(sp)
    8000590e:	013787bb          	addw	a5,a5,s3
    80005912:	d23e                	sw	a5,36(sp)
    80005914:	bd2d                	j	8000574e <_vfiprintf_r+0x64>
    80005916:	02f807bb          	mulw	a5,a6,a5
    8000591a:	842a                	mv	s0,a0
    8000591c:	4685                	li	a3,1
    8000591e:	9fb9                	addw	a5,a5,a4
    80005920:	bf85                	j	80005890 <_vfiprintf_r+0x1a6>
    80005922:	0038                	addi	a4,sp,8
    80005924:	00000697          	auipc	a3,0x0
    80005928:	d5e68693          	addi	a3,a3,-674 # 80005682 <__sfputs_r>
    8000592c:	864a                	mv	a2,s2
    8000592e:	080c                	addi	a1,sp,16
    80005930:	8552                	mv	a0,s4
    80005932:	00000097          	auipc	ra,0x0
    80005936:	000000e7          	jalr	zero # 0 <__boot_hart>
    8000593a:	89aa                	mv	s3,a0
    8000593c:	fd5518e3          	bne	a0,s5,8000590c <_vfiprintf_r+0x222>
    80005940:	01095783          	lhu	a5,16(s2)
    80005944:	0407f793          	andi	a5,a5,64
    80005948:	ea0798e3          	bnez	a5,800057f8 <_vfiprintf_r+0x10e>
    8000594c:	5512                	lw	a0,36(sp)
    8000594e:	b575                	j	800057fa <_vfiprintf_r+0x110>
    80005950:	0038                	addi	a4,sp,8
    80005952:	00000697          	auipc	a3,0x0
    80005956:	d3068693          	addi	a3,a3,-720 # 80005682 <__sfputs_r>
    8000595a:	864a                	mv	a2,s2
    8000595c:	080c                	addi	a1,sp,16
    8000595e:	8552                	mv	a0,s4
    80005960:	134000ef          	jal	80005a94 <_printf_i>
    80005964:	bfd9                	j	8000593a <_vfiprintf_r+0x250>

0000000080005966 <vfiprintf>:
    80005966:	86b2                	mv	a3,a2
    80005968:	862e                	mv	a2,a1
    8000596a:	85aa                	mv	a1,a0
    8000596c:	00001517          	auipc	a0,0x1
    80005970:	74c53503          	ld	a0,1868(a0) # 800070b8 <_impure_ptr>
    80005974:	bb9d                	j	800056ea <_vfiprintf_r>

0000000080005976 <_printf_common>:
    80005976:	715d                	addi	sp,sp,-80
    80005978:	f052                	sd	s4,32(sp)
    8000597a:	ec56                	sd	s5,24(sp)
    8000597c:	8a36                	mv	s4,a3
    8000597e:	8aba                	mv	s5,a4
    80005980:	4994                	lw	a3,16(a1)
    80005982:	4598                	lw	a4,8(a1)
    80005984:	e0a2                	sd	s0,64(sp)
    80005986:	f84a                	sd	s2,48(sp)
    80005988:	f44e                	sd	s3,40(sp)
    8000598a:	e486                	sd	ra,72(sp)
    8000598c:	fc26                	sd	s1,56(sp)
    8000598e:	e85a                	sd	s6,16(sp)
    80005990:	e45e                	sd	s7,8(sp)
    80005992:	89aa                	mv	s3,a0
    80005994:	842e                	mv	s0,a1
    80005996:	8932                	mv	s2,a2
    80005998:	87ba                	mv	a5,a4
    8000599a:	00e6c363          	blt	a3,a4,800059a0 <_printf_common+0x2a>
    8000599e:	87b6                	mv	a5,a3
    800059a0:	00f92023          	sw	a5,0(s2)
    800059a4:	04344703          	lbu	a4,67(s0)
    800059a8:	c701                	beqz	a4,800059b0 <_printf_common+0x3a>
    800059aa:	2785                	addiw	a5,a5,1
    800059ac:	00f92023          	sw	a5,0(s2)
    800059b0:	401c                	lw	a5,0(s0)
    800059b2:	0207f793          	andi	a5,a5,32
    800059b6:	c791                	beqz	a5,800059c2 <_printf_common+0x4c>
    800059b8:	00092783          	lw	a5,0(s2)
    800059bc:	2789                	addiw	a5,a5,2
    800059be:	00f92023          	sw	a5,0(s2)
    800059c2:	4004                	lw	s1,0(s0)
    800059c4:	8899                	andi	s1,s1,6
    800059c6:	e891                	bnez	s1,800059da <_printf_common+0x64>
    800059c8:	01940b13          	addi	s6,s0,25
    800059cc:	5bfd                	li	s7,-1
    800059ce:	445c                	lw	a5,12(s0)
    800059d0:	00092703          	lw	a4,0(s2)
    800059d4:	9f99                	subw	a5,a5,a4
    800059d6:	06f4c063          	blt	s1,a5,80005a36 <_printf_common+0xc0>
    800059da:	04344783          	lbu	a5,67(s0)
    800059de:	00f03633          	snez	a2,a5
    800059e2:	00f036b3          	snez	a3,a5
    800059e6:	401c                	lw	a5,0(s0)
    800059e8:	0207f793          	andi	a5,a5,32
    800059ec:	ebb5                	bnez	a5,80005a60 <_printf_common+0xea>
    800059ee:	04340613          	addi	a2,s0,67
    800059f2:	85d2                	mv	a1,s4
    800059f4:	854e                	mv	a0,s3
    800059f6:	9a82                	jalr	s5
    800059f8:	57fd                	li	a5,-1
    800059fa:	04f50563          	beq	a0,a5,80005a44 <_printf_common+0xce>
    800059fe:	401c                	lw	a5,0(s0)
    80005a00:	4711                	li	a4,4
    80005a02:	4481                	li	s1,0
    80005a04:	8b99                	andi	a5,a5,6
    80005a06:	00e79b63          	bne	a5,a4,80005a1c <_printf_common+0xa6>
    80005a0a:	00092783          	lw	a5,0(s2)
    80005a0e:	4444                	lw	s1,12(s0)
    80005a10:	9c9d                	subw	s1,s1,a5
    80005a12:	02049793          	slli	a5,s1,0x20
    80005a16:	0007d363          	bgez	a5,80005a1c <_printf_common+0xa6>
    80005a1a:	4481                	li	s1,0
    80005a1c:	441c                	lw	a5,8(s0)
    80005a1e:	4818                	lw	a4,16(s0)
    80005a20:	00f75463          	bge	a4,a5,80005a28 <_printf_common+0xb2>
    80005a24:	9f99                	subw	a5,a5,a4
    80005a26:	9cbd                	addw	s1,s1,a5
    80005a28:	4901                	li	s2,0
    80005a2a:	0469                	addi	s0,s0,26
    80005a2c:	5b7d                	li	s6,-1
    80005a2e:	05249a63          	bne	s1,s2,80005a82 <_printf_common+0x10c>
    80005a32:	4501                	li	a0,0
    80005a34:	a809                	j	80005a46 <_printf_common+0xd0>
    80005a36:	4685                	li	a3,1
    80005a38:	865a                	mv	a2,s6
    80005a3a:	85d2                	mv	a1,s4
    80005a3c:	854e                	mv	a0,s3
    80005a3e:	9a82                	jalr	s5
    80005a40:	01751e63          	bne	a0,s7,80005a5c <_printf_common+0xe6>
    80005a44:	557d                	li	a0,-1
    80005a46:	60a6                	ld	ra,72(sp)
    80005a48:	6406                	ld	s0,64(sp)
    80005a4a:	74e2                	ld	s1,56(sp)
    80005a4c:	7942                	ld	s2,48(sp)
    80005a4e:	79a2                	ld	s3,40(sp)
    80005a50:	7a02                	ld	s4,32(sp)
    80005a52:	6ae2                	ld	s5,24(sp)
    80005a54:	6b42                	ld	s6,16(sp)
    80005a56:	6ba2                	ld	s7,8(sp)
    80005a58:	6161                	addi	sp,sp,80
    80005a5a:	8082                	ret
    80005a5c:	2485                	addiw	s1,s1,1
    80005a5e:	bf85                	j	800059ce <_printf_common+0x58>
    80005a60:	00d407b3          	add	a5,s0,a3
    80005a64:	03000693          	li	a3,48
    80005a68:	04d781a3          	sb	a3,67(a5)
    80005a6c:	0016071b          	addiw	a4,a2,1
    80005a70:	0026069b          	addiw	a3,a2,2
    80005a74:	04544603          	lbu	a2,69(s0)
    80005a78:	00e407b3          	add	a5,s0,a4
    80005a7c:	04c781a3          	sb	a2,67(a5)
    80005a80:	b7bd                	j	800059ee <_printf_common+0x78>
    80005a82:	4685                	li	a3,1
    80005a84:	8622                	mv	a2,s0
    80005a86:	85d2                	mv	a1,s4
    80005a88:	854e                	mv	a0,s3
    80005a8a:	9a82                	jalr	s5
    80005a8c:	fb650ce3          	beq	a0,s6,80005a44 <_printf_common+0xce>
    80005a90:	2905                	addiw	s2,s2,1
    80005a92:	bf71                	j	80005a2e <_printf_common+0xb8>

0000000080005a94 <_printf_i>:
    80005a94:	715d                	addi	sp,sp,-80
    80005a96:	e0a2                	sd	s0,64(sp)
    80005a98:	f84a                	sd	s2,48(sp)
    80005a9a:	f44e                	sd	s3,40(sp)
    80005a9c:	f052                	sd	s4,32(sp)
    80005a9e:	e486                	sd	ra,72(sp)
    80005aa0:	fc26                	sd	s1,56(sp)
    80005aa2:	ec56                	sd	s5,24(sp)
    80005aa4:	e85a                	sd	s6,16(sp)
    80005aa6:	0185c803          	lbu	a6,24(a1)
    80005aaa:	07800793          	li	a5,120
    80005aae:	892a                	mv	s2,a0
    80005ab0:	842e                	mv	s0,a1
    80005ab2:	89b2                	mv	s3,a2
    80005ab4:	8a36                	mv	s4,a3
    80005ab6:	0307e263          	bltu	a5,a6,80005ada <_printf_i+0x46>
    80005aba:	06200793          	li	a5,98
    80005abe:	04358693          	addi	a3,a1,67
    80005ac2:	0307e163          	bltu	a5,a6,80005ae4 <_printf_i+0x50>
    80005ac6:	1c080663          	beqz	a6,80005c92 <_printf_i+0x1fe>
    80005aca:	05800793          	li	a5,88
    80005ace:	00001617          	auipc	a2,0x1
    80005ad2:	0c260613          	addi	a2,a2,194 # 80006b90 <__tbss_end+0x18a>
    80005ad6:	14f80a63          	beq	a6,a5,80005c2a <_printf_i+0x196>
    80005ada:	04240493          	addi	s1,s0,66
    80005ade:	05040123          	sb	a6,66(s0)
    80005ae2:	a815                	j	80005b16 <_printf_i+0x82>
    80005ae4:	f9d8079b          	addiw	a5,a6,-99
    80005ae8:	0ff7f793          	zext.b	a5,a5
    80005aec:	4655                	li	a2,21
    80005aee:	fef666e3          	bltu	a2,a5,80005ada <_printf_i+0x46>
    80005af2:	00001617          	auipc	a2,0x1
    80005af6:	46660613          	addi	a2,a2,1126 # 80006f58 <__clz_tab+0x100>
    80005afa:	078a                	slli	a5,a5,0x2
    80005afc:	97b2                	add	a5,a5,a2
    80005afe:	439c                	lw	a5,0(a5)
    80005b00:	97b2                	add	a5,a5,a2
    80005b02:	8782                	jr	a5
    80005b04:	631c                	ld	a5,0(a4)
    80005b06:	04258493          	addi	s1,a1,66
    80005b0a:	00878693          	addi	a3,a5,8
    80005b0e:	439c                	lw	a5,0(a5)
    80005b10:	e314                	sd	a3,0(a4)
    80005b12:	04f58123          	sb	a5,66(a1)
    80005b16:	4785                	li	a5,1
    80005b18:	aa4d                	j	80005cca <_printf_i+0x236>
    80005b1a:	419c                	lw	a5,0(a1)
    80005b1c:	6308                	ld	a0,0(a4)
    80005b1e:	0807f613          	andi	a2,a5,128
    80005b22:	00850593          	addi	a1,a0,8
    80005b26:	c20d                	beqz	a2,80005b48 <_printf_i+0xb4>
    80005b28:	611c                	ld	a5,0(a0)
    80005b2a:	e30c                	sd	a1,0(a4)
    80005b2c:	0007d863          	bgez	a5,80005b3c <_printf_i+0xa8>
    80005b30:	02d00713          	li	a4,45
    80005b34:	40f007b3          	neg	a5,a5
    80005b38:	04e401a3          	sb	a4,67(s0)
    80005b3c:	00001617          	auipc	a2,0x1
    80005b40:	05460613          	addi	a2,a2,84 # 80006b90 <__tbss_end+0x18a>
    80005b44:	4829                	li	a6,10
    80005b46:	a83d                	j	80005b84 <_printf_i+0xf0>
    80005b48:	0407f613          	andi	a2,a5,64
    80005b4c:	411c                	lw	a5,0(a0)
    80005b4e:	e30c                	sd	a1,0(a4)
    80005b50:	de71                	beqz	a2,80005b2c <_printf_i+0x98>
    80005b52:	0107979b          	slliw	a5,a5,0x10
    80005b56:	4107d79b          	sraiw	a5,a5,0x10
    80005b5a:	bfc9                	j	80005b2c <_printf_i+0x98>
    80005b5c:	4190                	lw	a2,0(a1)
    80005b5e:	631c                	ld	a5,0(a4)
    80005b60:	08067513          	andi	a0,a2,128
    80005b64:	00878593          	addi	a1,a5,8
    80005b68:	cd41                	beqz	a0,80005c00 <_printf_i+0x16c>
    80005b6a:	639c                	ld	a5,0(a5)
    80005b6c:	e30c                	sd	a1,0(a4)
    80005b6e:	06f00713          	li	a4,111
    80005b72:	00001617          	auipc	a2,0x1
    80005b76:	01e60613          	addi	a2,a2,30 # 80006b90 <__tbss_end+0x18a>
    80005b7a:	0ee81e63          	bne	a6,a4,80005c76 <_printf_i+0x1e2>
    80005b7e:	4821                	li	a6,8
    80005b80:	040401a3          	sb	zero,67(s0)
    80005b84:	4058                	lw	a4,4(s0)
    80005b86:	c418                	sw	a4,8(s0)
    80005b88:	00074563          	bltz	a4,80005b92 <_printf_i+0xfe>
    80005b8c:	400c                	lw	a1,0(s0)
    80005b8e:	99ed                	andi	a1,a1,-5
    80005b90:	c00c                	sw	a1,0(s0)
    80005b92:	e399                	bnez	a5,80005b98 <_printf_i+0x104>
    80005b94:	84b6                	mv	s1,a3
    80005b96:	cf19                	beqz	a4,80005bb4 <_printf_i+0x120>
    80005b98:	84b6                	mv	s1,a3
    80005b9a:	0307f733          	remu	a4,a5,a6
    80005b9e:	14fd                	addi	s1,s1,-1
    80005ba0:	9732                	add	a4,a4,a2
    80005ba2:	00074703          	lbu	a4,0(a4)
    80005ba6:	00e48023          	sb	a4,0(s1)
    80005baa:	873e                	mv	a4,a5
    80005bac:	0307d7b3          	divu	a5,a5,a6
    80005bb0:	ff0775e3          	bgeu	a4,a6,80005b9a <_printf_i+0x106>
    80005bb4:	47a1                	li	a5,8
    80005bb6:	00f81e63          	bne	a6,a5,80005bd2 <_printf_i+0x13e>
    80005bba:	401c                	lw	a5,0(s0)
    80005bbc:	8b85                	andi	a5,a5,1
    80005bbe:	cb91                	beqz	a5,80005bd2 <_printf_i+0x13e>
    80005bc0:	4058                	lw	a4,4(s0)
    80005bc2:	481c                	lw	a5,16(s0)
    80005bc4:	00e7c763          	blt	a5,a4,80005bd2 <_printf_i+0x13e>
    80005bc8:	03000793          	li	a5,48
    80005bcc:	fef48fa3          	sb	a5,-1(s1)
    80005bd0:	14fd                	addi	s1,s1,-1
    80005bd2:	8e85                	sub	a3,a3,s1
    80005bd4:	c814                	sw	a3,16(s0)
    80005bd6:	8752                	mv	a4,s4
    80005bd8:	86ce                	mv	a3,s3
    80005bda:	0070                	addi	a2,sp,12
    80005bdc:	85a2                	mv	a1,s0
    80005bde:	854a                	mv	a0,s2
    80005be0:	d97ff0ef          	jal	80005976 <_printf_common>
    80005be4:	5afd                	li	s5,-1
    80005be6:	0f551663          	bne	a0,s5,80005cd2 <_printf_i+0x23e>
    80005bea:	557d                	li	a0,-1
    80005bec:	60a6                	ld	ra,72(sp)
    80005bee:	6406                	ld	s0,64(sp)
    80005bf0:	74e2                	ld	s1,56(sp)
    80005bf2:	7942                	ld	s2,48(sp)
    80005bf4:	79a2                	ld	s3,40(sp)
    80005bf6:	7a02                	ld	s4,32(sp)
    80005bf8:	6ae2                	ld	s5,24(sp)
    80005bfa:	6b42                	ld	s6,16(sp)
    80005bfc:	6161                	addi	sp,sp,80
    80005bfe:	8082                	ret
    80005c00:	439c                	lw	a5,0(a5)
    80005c02:	04067613          	andi	a2,a2,64
    80005c06:	e30c                	sd	a1,0(a4)
    80005c08:	c601                	beqz	a2,80005c10 <_printf_i+0x17c>
    80005c0a:	17c2                	slli	a5,a5,0x30
    80005c0c:	93c1                	srli	a5,a5,0x30
    80005c0e:	b785                	j	80005b6e <_printf_i+0xda>
    80005c10:	1782                	slli	a5,a5,0x20
    80005c12:	9381                	srli	a5,a5,0x20
    80005c14:	bfa9                	j	80005b6e <_printf_i+0xda>
    80005c16:	419c                	lw	a5,0(a1)
    80005c18:	0a07e793          	ori	a5,a5,160
    80005c1c:	c19c                	sw	a5,0(a1)
    80005c1e:	07800813          	li	a6,120
    80005c22:	00001617          	auipc	a2,0x1
    80005c26:	f8660613          	addi	a2,a2,-122 # 80006ba8 <__tbss_end+0x1a2>
    80005c2a:	050402a3          	sb	a6,69(s0)
    80005c2e:	400c                	lw	a1,0(s0)
    80005c30:	631c                	ld	a5,0(a4)
    80005c32:	0805f813          	andi	a6,a1,128
    80005c36:	00878513          	addi	a0,a5,8
    80005c3a:	00080d63          	beqz	a6,80005c54 <_printf_i+0x1c0>
    80005c3e:	639c                	ld	a5,0(a5)
    80005c40:	e308                	sd	a0,0(a4)
    80005c42:	0015f713          	andi	a4,a1,1
    80005c46:	c701                	beqz	a4,80005c4e <_printf_i+0x1ba>
    80005c48:	0205e593          	ori	a1,a1,32
    80005c4c:	c00c                	sw	a1,0(s0)
    80005c4e:	cf99                	beqz	a5,80005c6c <_printf_i+0x1d8>
    80005c50:	4841                	li	a6,16
    80005c52:	b73d                	j	80005b80 <_printf_i+0xec>
    80005c54:	439c                	lw	a5,0(a5)
    80005c56:	0405f813          	andi	a6,a1,64
    80005c5a:	e308                	sd	a0,0(a4)
    80005c5c:	00080563          	beqz	a6,80005c66 <_printf_i+0x1d2>
    80005c60:	17c2                	slli	a5,a5,0x30
    80005c62:	93c1                	srli	a5,a5,0x30
    80005c64:	bff9                	j	80005c42 <_printf_i+0x1ae>
    80005c66:	1782                	slli	a5,a5,0x20
    80005c68:	9381                	srli	a5,a5,0x20
    80005c6a:	bfe1                	j	80005c42 <_printf_i+0x1ae>
    80005c6c:	4018                	lw	a4,0(s0)
    80005c6e:	fdf77713          	andi	a4,a4,-33
    80005c72:	c018                	sw	a4,0(s0)
    80005c74:	bff1                	j	80005c50 <_printf_i+0x1bc>
    80005c76:	4829                	li	a6,10
    80005c78:	b721                	j	80005b80 <_printf_i+0xec>
    80005c7a:	4190                	lw	a2,0(a1)
    80005c7c:	631c                	ld	a5,0(a4)
    80005c7e:	49cc                	lw	a1,20(a1)
    80005c80:	08067813          	andi	a6,a2,128
    80005c84:	00878513          	addi	a0,a5,8
    80005c88:	00080963          	beqz	a6,80005c9a <_printf_i+0x206>
    80005c8c:	e308                	sd	a0,0(a4)
    80005c8e:	639c                	ld	a5,0(a5)
    80005c90:	e38c                	sd	a1,0(a5)
    80005c92:	00042823          	sw	zero,16(s0)
    80005c96:	84b6                	mv	s1,a3
    80005c98:	bf3d                	j	80005bd6 <_printf_i+0x142>
    80005c9a:	e308                	sd	a0,0(a4)
    80005c9c:	04067613          	andi	a2,a2,64
    80005ca0:	639c                	ld	a5,0(a5)
    80005ca2:	c601                	beqz	a2,80005caa <_printf_i+0x216>
    80005ca4:	00b79023          	sh	a1,0(a5)
    80005ca8:	b7ed                	j	80005c92 <_printf_i+0x1fe>
    80005caa:	c38c                	sw	a1,0(a5)
    80005cac:	b7dd                	j	80005c92 <_printf_i+0x1fe>
    80005cae:	631c                	ld	a5,0(a4)
    80005cb0:	41d0                	lw	a2,4(a1)
    80005cb2:	4581                	li	a1,0
    80005cb4:	00878693          	addi	a3,a5,8
    80005cb8:	e314                	sd	a3,0(a4)
    80005cba:	6384                	ld	s1,0(a5)
    80005cbc:	8526                	mv	a0,s1
    80005cbe:	650000ef          	jal	8000630e <memchr>
    80005cc2:	c119                	beqz	a0,80005cc8 <_printf_i+0x234>
    80005cc4:	8d05                	sub	a0,a0,s1
    80005cc6:	c048                	sw	a0,4(s0)
    80005cc8:	405c                	lw	a5,4(s0)
    80005cca:	c81c                	sw	a5,16(s0)
    80005ccc:	040401a3          	sb	zero,67(s0)
    80005cd0:	b719                	j	80005bd6 <_printf_i+0x142>
    80005cd2:	4814                	lw	a3,16(s0)
    80005cd4:	8626                	mv	a2,s1
    80005cd6:	85ce                	mv	a1,s3
    80005cd8:	854a                	mv	a0,s2
    80005cda:	9a02                	jalr	s4
    80005cdc:	f15507e3          	beq	a0,s5,80005bea <_printf_i+0x156>
    80005ce0:	401c                	lw	a5,0(s0)
    80005ce2:	8b89                	andi	a5,a5,2
    80005ce4:	eb85                	bnez	a5,80005d14 <_printf_i+0x280>
    80005ce6:	4458                	lw	a4,12(s0)
    80005ce8:	47b2                	lw	a5,12(sp)
    80005cea:	0007051b          	sext.w	a0,a4
    80005cee:	eef75fe3          	bge	a4,a5,80005bec <_printf_i+0x158>
    80005cf2:	0007851b          	sext.w	a0,a5
    80005cf6:	bddd                	j	80005bec <_printf_i+0x158>
    80005cf8:	4685                	li	a3,1
    80005cfa:	8656                	mv	a2,s5
    80005cfc:	85ce                	mv	a1,s3
    80005cfe:	854a                	mv	a0,s2
    80005d00:	9a02                	jalr	s4
    80005d02:	ef6504e3          	beq	a0,s6,80005bea <_printf_i+0x156>
    80005d06:	2485                	addiw	s1,s1,1
    80005d08:	445c                	lw	a5,12(s0)
    80005d0a:	4732                	lw	a4,12(sp)
    80005d0c:	9f99                	subw	a5,a5,a4
    80005d0e:	fef4c5e3          	blt	s1,a5,80005cf8 <_printf_i+0x264>
    80005d12:	bfd1                	j	80005ce6 <_printf_i+0x252>
    80005d14:	4481                	li	s1,0
    80005d16:	01940a93          	addi	s5,s0,25
    80005d1a:	5b7d                	li	s6,-1
    80005d1c:	b7f5                	j	80005d08 <_printf_i+0x274>

0000000080005d1e <__sflush_r>:
    80005d1e:	01059783          	lh	a5,16(a1)
    80005d22:	7179                	addi	sp,sp,-48
    80005d24:	f022                	sd	s0,32(sp)
    80005d26:	ec26                	sd	s1,24(sp)
    80005d28:	f406                	sd	ra,40(sp)
    80005d2a:	e84a                	sd	s2,16(sp)
    80005d2c:	e44e                	sd	s3,8(sp)
    80005d2e:	0087f713          	andi	a4,a5,8
    80005d32:	84aa                	mv	s1,a0
    80005d34:	842e                	mv	s0,a1
    80005d36:	eb69                	bnez	a4,80005e08 <__sflush_r+0xea>
    80005d38:	4598                	lw	a4,8(a1)
    80005d3a:	00e04563          	bgtz	a4,80005d44 <__sflush_r+0x26>
    80005d3e:	5db8                	lw	a4,120(a1)
    80005d40:	0ae05b63          	blez	a4,80005df6 <__sflush_r+0xd8>
    80005d44:	6838                	ld	a4,80(s0)
    80005d46:	cb45                	beqz	a4,80005df6 <__sflush_r+0xd8>
    80005d48:	0004a903          	lw	s2,0(s1)
    80005d4c:	03379693          	slli	a3,a5,0x33
    80005d50:	0004a023          	sw	zero,0(s1)
    80005d54:	7c0c                	ld	a1,56(s0)
    80005d56:	0606de63          	bgez	a3,80005dd2 <__sflush_r+0xb4>
    80005d5a:	6c50                	ld	a2,152(s0)
    80005d5c:	01045783          	lhu	a5,16(s0)
    80005d60:	8b91                	andi	a5,a5,4
    80005d62:	c799                	beqz	a5,80005d70 <__sflush_r+0x52>
    80005d64:	441c                	lw	a5,8(s0)
    80005d66:	8e1d                	sub	a2,a2,a5
    80005d68:	703c                	ld	a5,96(s0)
    80005d6a:	c399                	beqz	a5,80005d70 <__sflush_r+0x52>
    80005d6c:	5c3c                	lw	a5,120(s0)
    80005d6e:	8e1d                	sub	a2,a2,a5
    80005d70:	683c                	ld	a5,80(s0)
    80005d72:	7c0c                	ld	a1,56(s0)
    80005d74:	4681                	li	a3,0
    80005d76:	8526                	mv	a0,s1
    80005d78:	9782                	jalr	a5
    80005d7a:	577d                	li	a4,-1
    80005d7c:	01045783          	lhu	a5,16(s0)
    80005d80:	00e51d63          	bne	a0,a4,80005d9a <__sflush_r+0x7c>
    80005d84:	4094                	lw	a3,0(s1)
    80005d86:	4775                	li	a4,29
    80005d88:	06d76963          	bltu	a4,a3,80005dfa <__sflush_r+0xdc>
    80005d8c:	20400737          	lui	a4,0x20400
    80005d90:	0705                	addi	a4,a4,1 # 20400001 <__heap_size+0x203e0001>
    80005d92:	00d75733          	srl	a4,a4,a3
    80005d96:	8b05                	andi	a4,a4,1
    80005d98:	c32d                	beqz	a4,80005dfa <__sflush_r+0xdc>
    80005d9a:	6c18                	ld	a4,24(s0)
    80005d9c:	00042423          	sw	zero,8(s0)
    80005da0:	e018                	sd	a4,0(s0)
    80005da2:	03379713          	slli	a4,a5,0x33
    80005da6:	00075863          	bgez	a4,80005db6 <__sflush_r+0x98>
    80005daa:	57fd                	li	a5,-1
    80005dac:	00f51463          	bne	a0,a5,80005db4 <__sflush_r+0x96>
    80005db0:	409c                	lw	a5,0(s1)
    80005db2:	e391                	bnez	a5,80005db6 <__sflush_r+0x98>
    80005db4:	ec48                	sd	a0,152(s0)
    80005db6:	702c                	ld	a1,96(s0)
    80005db8:	0124a023          	sw	s2,0(s1)
    80005dbc:	cd8d                	beqz	a1,80005df6 <__sflush_r+0xd8>
    80005dbe:	07c40793          	addi	a5,s0,124
    80005dc2:	00f58563          	beq	a1,a5,80005dcc <__sflush_r+0xae>
    80005dc6:	8526                	mv	a0,s1
    80005dc8:	fecff0ef          	jal	800055b4 <_free_r>
    80005dcc:	06043023          	sd	zero,96(s0)
    80005dd0:	a01d                	j	80005df6 <__sflush_r+0xd8>
    80005dd2:	4601                	li	a2,0
    80005dd4:	4685                	li	a3,1
    80005dd6:	8526                	mv	a0,s1
    80005dd8:	9702                	jalr	a4
    80005dda:	57fd                	li	a5,-1
    80005ddc:	862a                	mv	a2,a0
    80005dde:	f6f51fe3          	bne	a0,a5,80005d5c <__sflush_r+0x3e>
    80005de2:	409c                	lw	a5,0(s1)
    80005de4:	dfa5                	beqz	a5,80005d5c <__sflush_r+0x3e>
    80005de6:	4775                	li	a4,29
    80005de8:	00e78563          	beq	a5,a4,80005df2 <__sflush_r+0xd4>
    80005dec:	4759                	li	a4,22
    80005dee:	04e79663          	bne	a5,a4,80005e3a <__sflush_r+0x11c>
    80005df2:	0124a023          	sw	s2,0(s1)
    80005df6:	4501                	li	a0,0
    80005df8:	a881                	j	80005e48 <__sflush_r+0x12a>
    80005dfa:	0407e793          	ori	a5,a5,64
    80005dfe:	0107979b          	slliw	a5,a5,0x10
    80005e02:	4107d79b          	sraiw	a5,a5,0x10
    80005e06:	a835                	j	80005e42 <__sflush_r+0x124>
    80005e08:	0185b983          	ld	s3,24(a1)
    80005e0c:	fe0985e3          	beqz	s3,80005df6 <__sflush_r+0xd8>
    80005e10:	0005b903          	ld	s2,0(a1)
    80005e14:	8b8d                	andi	a5,a5,3
    80005e16:	0135b023          	sd	s3,0(a1)
    80005e1a:	4139093b          	subw	s2,s2,s3
    80005e1e:	4701                	li	a4,0
    80005e20:	e391                	bnez	a5,80005e24 <__sflush_r+0x106>
    80005e22:	5198                	lw	a4,32(a1)
    80005e24:	c458                	sw	a4,12(s0)
    80005e26:	fd2058e3          	blez	s2,80005df6 <__sflush_r+0xd8>
    80005e2a:	643c                	ld	a5,72(s0)
    80005e2c:	7c0c                	ld	a1,56(s0)
    80005e2e:	86ca                	mv	a3,s2
    80005e30:	864e                	mv	a2,s3
    80005e32:	8526                	mv	a0,s1
    80005e34:	9782                	jalr	a5
    80005e36:	02a04063          	bgtz	a0,80005e56 <__sflush_r+0x138>
    80005e3a:	01041783          	lh	a5,16(s0)
    80005e3e:	0407e793          	ori	a5,a5,64
    80005e42:	00f41823          	sh	a5,16(s0)
    80005e46:	557d                	li	a0,-1
    80005e48:	70a2                	ld	ra,40(sp)
    80005e4a:	7402                	ld	s0,32(sp)
    80005e4c:	64e2                	ld	s1,24(sp)
    80005e4e:	6942                	ld	s2,16(sp)
    80005e50:	69a2                	ld	s3,8(sp)
    80005e52:	6145                	addi	sp,sp,48
    80005e54:	8082                	ret
    80005e56:	99aa                	add	s3,s3,a0
    80005e58:	40a9093b          	subw	s2,s2,a0
    80005e5c:	b7e9                	j	80005e26 <__sflush_r+0x108>

0000000080005e5e <_fflush_r>:
    80005e5e:	6d9c                	ld	a5,24(a1)
    80005e60:	cb8d                	beqz	a5,80005e92 <_fflush_r+0x34>
    80005e62:	1101                	addi	sp,sp,-32
    80005e64:	e822                	sd	s0,16(sp)
    80005e66:	ec06                	sd	ra,24(sp)
    80005e68:	842a                	mv	s0,a0
    80005e6a:	c519                	beqz	a0,80005e78 <_fflush_r+0x1a>
    80005e6c:	613c                	ld	a5,64(a0)
    80005e6e:	e789                	bnez	a5,80005e78 <_fflush_r+0x1a>
    80005e70:	e42e                	sd	a1,8(sp)
    80005e72:	b6cff0ef          	jal	800051de <__sinit>
    80005e76:	65a2                	ld	a1,8(sp)
    80005e78:	01059783          	lh	a5,16(a1)
    80005e7c:	c791                	beqz	a5,80005e88 <_fflush_r+0x2a>
    80005e7e:	8522                	mv	a0,s0
    80005e80:	6442                	ld	s0,16(sp)
    80005e82:	60e2                	ld	ra,24(sp)
    80005e84:	6105                	addi	sp,sp,32
    80005e86:	bd61                	j	80005d1e <__sflush_r>
    80005e88:	60e2                	ld	ra,24(sp)
    80005e8a:	6442                	ld	s0,16(sp)
    80005e8c:	4501                	li	a0,0
    80005e8e:	6105                	addi	sp,sp,32
    80005e90:	8082                	ret
    80005e92:	4501                	li	a0,0
    80005e94:	8082                	ret

0000000080005e96 <fflush>:
    80005e96:	85aa                	mv	a1,a0
    80005e98:	ed19                	bnez	a0,80005eb6 <fflush+0x20>
    80005e9a:	00001617          	auipc	a2,0x1
    80005e9e:	17660613          	addi	a2,a2,374 # 80007010 <__sglue>
    80005ea2:	00000597          	auipc	a1,0x0
    80005ea6:	fbc58593          	addi	a1,a1,-68 # 80005e5e <_fflush_r>
    80005eaa:	00001517          	auipc	a0,0x1
    80005eae:	17e50513          	addi	a0,a0,382 # 80007028 <_impure_data>
    80005eb2:	bb6ff06f          	j	80005268 <_fwalk_sglue>
    80005eb6:	00001517          	auipc	a0,0x1
    80005eba:	20253503          	ld	a0,514(a0) # 800070b8 <_impure_ptr>
    80005ebe:	b745                	j	80005e5e <_fflush_r>

0000000080005ec0 <__sfvwrite_r>:
    80005ec0:	6a1c                	ld	a5,16(a2)
    80005ec2:	e399                	bnez	a5,80005ec8 <__sfvwrite_r+0x8>
    80005ec4:	4501                	li	a0,0
    80005ec6:	8082                	ret
    80005ec8:	0105d783          	lhu	a5,16(a1)
    80005ecc:	7159                	addi	sp,sp,-112
    80005ece:	f0a2                	sd	s0,96(sp)
    80005ed0:	e8ca                	sd	s2,80(sp)
    80005ed2:	e0d2                	sd	s4,64(sp)
    80005ed4:	f486                	sd	ra,104(sp)
    80005ed6:	eca6                	sd	s1,88(sp)
    80005ed8:	e4ce                	sd	s3,72(sp)
    80005eda:	fc56                	sd	s5,56(sp)
    80005edc:	f85a                	sd	s6,48(sp)
    80005ede:	f45e                	sd	s7,40(sp)
    80005ee0:	f062                	sd	s8,32(sp)
    80005ee2:	ec66                	sd	s9,24(sp)
    80005ee4:	e86a                	sd	s10,16(sp)
    80005ee6:	e46e                	sd	s11,8(sp)
    80005ee8:	8ba1                	andi	a5,a5,8
    80005eea:	892a                	mv	s2,a0
    80005eec:	842e                	mv	s0,a1
    80005eee:	8a32                	mv	s4,a2
    80005ef0:	cfc1                	beqz	a5,80005f88 <__sfvwrite_r+0xc8>
    80005ef2:	6d9c                	ld	a5,24(a1)
    80005ef4:	cbd1                	beqz	a5,80005f88 <__sfvwrite_r+0xc8>
    80005ef6:	01041783          	lh	a5,16(s0)
    80005efa:	000a3983          	ld	s3,0(s4)
    80005efe:	0027f713          	andi	a4,a5,2
    80005f02:	e765                	bnez	a4,80005fea <__sfvwrite_r+0x12a>
    80005f04:	8b85                	andi	a5,a5,1
    80005f06:	4a81                	li	s5,0
    80005f08:	16078063          	beqz	a5,80006068 <__sfvwrite_r+0x1a8>
    80005f0c:	4501                	li	a0,0
    80005f0e:	4b81                	li	s7,0
    80005f10:	4b01                	li	s6,0
    80005f12:	240b0063          	beqz	s6,80006152 <__sfvwrite_r+0x292>
    80005f16:	e919                	bnez	a0,80005f2c <__sfvwrite_r+0x6c>
    80005f18:	865a                	mv	a2,s6
    80005f1a:	45a9                	li	a1,10
    80005f1c:	855e                	mv	a0,s7
    80005f1e:	3f0000ef          	jal	8000630e <memchr>
    80005f22:	22050f63          	beqz	a0,80006160 <__sfvwrite_r+0x2a0>
    80005f26:	0505                	addi	a0,a0,1
    80005f28:	41750abb          	subw	s5,a0,s7
    80005f2c:	8c56                	mv	s8,s5
    80005f2e:	015b7363          	bgeu	s6,s5,80005f34 <__sfvwrite_r+0x74>
    80005f32:	8c5a                	mv	s8,s6
    80005f34:	6008                	ld	a0,0(s0)
    80005f36:	6c1c                	ld	a5,24(s0)
    80005f38:	4444                	lw	s1,12(s0)
    80005f3a:	5014                	lw	a3,32(s0)
    80005f3c:	22a7f563          	bgeu	a5,a0,80006166 <__sfvwrite_r+0x2a6>
    80005f40:	9cb5                	addw	s1,s1,a3
    80005f42:	2384d263          	bge	s1,s8,80006166 <__sfvwrite_r+0x2a6>
    80005f46:	85de                	mv	a1,s7
    80005f48:	8626                	mv	a2,s1
    80005f4a:	56e000ef          	jal	800064b8 <memmove>
    80005f4e:	601c                	ld	a5,0(s0)
    80005f50:	85a2                	mv	a1,s0
    80005f52:	854a                	mv	a0,s2
    80005f54:	97a6                	add	a5,a5,s1
    80005f56:	e01c                	sd	a5,0(s0)
    80005f58:	f07ff0ef          	jal	80005e5e <_fflush_r>
    80005f5c:	0e051f63          	bnez	a0,8000605a <__sfvwrite_r+0x19a>
    80005f60:	409a8abb          	subw	s5,s5,s1
    80005f64:	4505                	li	a0,1
    80005f66:	000a9763          	bnez	s5,80005f74 <__sfvwrite_r+0xb4>
    80005f6a:	85a2                	mv	a1,s0
    80005f6c:	854a                	mv	a0,s2
    80005f6e:	ef1ff0ef          	jal	80005e5e <_fflush_r>
    80005f72:	e565                	bnez	a0,8000605a <__sfvwrite_r+0x19a>
    80005f74:	010a3783          	ld	a5,16(s4)
    80005f78:	9ba6                	add	s7,s7,s1
    80005f7a:	409b0b33          	sub	s6,s6,s1
    80005f7e:	8f85                	sub	a5,a5,s1
    80005f80:	00fa3823          	sd	a5,16(s4)
    80005f84:	f7d9                	bnez	a5,80005f12 <__sfvwrite_r+0x52>
    80005f86:	a091                	j	80005fca <__sfvwrite_r+0x10a>
    80005f88:	85a2                	mv	a1,s0
    80005f8a:	854a                	mv	a0,s2
    80005f8c:	2b4000ef          	jal	80006240 <__swsetup_r>
    80005f90:	d13d                	beqz	a0,80005ef6 <__sfvwrite_r+0x36>
    80005f92:	557d                	li	a0,-1
    80005f94:	a825                	j	80005fcc <__sfvwrite_r+0x10c>
    80005f96:	0009ba83          	ld	s5,0(s3)
    80005f9a:	0089b483          	ld	s1,8(s3)
    80005f9e:	09c1                	addi	s3,s3,16
    80005fa0:	643c                	ld	a5,72(s0)
    80005fa2:	7c0c                	ld	a1,56(s0)
    80005fa4:	d8ed                	beqz	s1,80005f96 <__sfvwrite_r+0xd6>
    80005fa6:	86a6                	mv	a3,s1
    80005fa8:	009b7363          	bgeu	s6,s1,80005fae <__sfvwrite_r+0xee>
    80005fac:	86da                	mv	a3,s6
    80005fae:	2681                	sext.w	a3,a3
    80005fb0:	8656                	mv	a2,s5
    80005fb2:	854a                	mv	a0,s2
    80005fb4:	9782                	jalr	a5
    80005fb6:	0aa05263          	blez	a0,8000605a <__sfvwrite_r+0x19a>
    80005fba:	010a3783          	ld	a5,16(s4)
    80005fbe:	9aaa                	add	s5,s5,a0
    80005fc0:	8c89                	sub	s1,s1,a0
    80005fc2:	8f89                	sub	a5,a5,a0
    80005fc4:	00fa3823          	sd	a5,16(s4)
    80005fc8:	ffe1                	bnez	a5,80005fa0 <__sfvwrite_r+0xe0>
    80005fca:	4501                	li	a0,0
    80005fcc:	70a6                	ld	ra,104(sp)
    80005fce:	7406                	ld	s0,96(sp)
    80005fd0:	64e6                	ld	s1,88(sp)
    80005fd2:	6946                	ld	s2,80(sp)
    80005fd4:	69a6                	ld	s3,72(sp)
    80005fd6:	6a06                	ld	s4,64(sp)
    80005fd8:	7ae2                	ld	s5,56(sp)
    80005fda:	7b42                	ld	s6,48(sp)
    80005fdc:	7ba2                	ld	s7,40(sp)
    80005fde:	7c02                	ld	s8,32(sp)
    80005fe0:	6ce2                	ld	s9,24(sp)
    80005fe2:	6d42                	ld	s10,16(sp)
    80005fe4:	6da2                	ld	s11,8(sp)
    80005fe6:	6165                	addi	sp,sp,112
    80005fe8:	8082                	ret
    80005fea:	80000b37          	lui	s6,0x80000
    80005fee:	4a81                	li	s5,0
    80005ff0:	4481                	li	s1,0
    80005ff2:	c00b4b13          	xori	s6,s6,-1024
    80005ff6:	b76d                	j	80005fa0 <__sfvwrite_r+0xe0>
    80005ff8:	0009ba83          	ld	s5,0(s3)
    80005ffc:	0089bc83          	ld	s9,8(s3)
    80006000:	09c1                	addi	s3,s3,16
    80006002:	4444                	lw	s1,12(s0)
    80006004:	01041783          	lh	a5,16(s0)
    80006008:	6008                	ld	a0,0(s0)
    8000600a:	8d26                	mv	s10,s1
    8000600c:	fe0c86e3          	beqz	s9,80005ff8 <__sfvwrite_r+0x138>
    80006010:	2007f713          	andi	a4,a5,512
    80006014:	c37d                	beqz	a4,800060fa <__sfvwrite_r+0x23a>
    80006016:	089ce763          	bltu	s9,s1,800060a4 <__sfvwrite_r+0x1e4>
    8000601a:	4807f713          	andi	a4,a5,1152
    8000601e:	c359                	beqz	a4,800060a4 <__sfvwrite_r+0x1e4>
    80006020:	5004                	lw	s1,32(s0)
    80006022:	6c0c                	ld	a1,24(s0)
    80006024:	029b84bb          	mulw	s1,s7,s1
    80006028:	8d0d                	sub	a0,a0,a1
    8000602a:	00050d9b          	sext.w	s11,a0
    8000602e:	001d8713          	addi	a4,s11,1
    80006032:	9766                	add	a4,a4,s9
    80006034:	0384c4bb          	divw	s1,s1,s8
    80006038:	00e4f563          	bgeu	s1,a4,80006042 <__sfvwrite_r+0x182>
    8000603c:	2505                	addiw	a0,a0,1
    8000603e:	019504bb          	addw	s1,a0,s9
    80006042:	4007f793          	andi	a5,a5,1024
    80006046:	cbc9                	beqz	a5,800060d8 <__sfvwrite_r+0x218>
    80006048:	85a6                	mv	a1,s1
    8000604a:	854a                	mv	a0,s2
    8000604c:	ea7fe0ef          	jal	80004ef2 <_malloc_r>
    80006050:	8d2a                	mv	s10,a0
    80006052:	e11d                	bnez	a0,80006078 <__sfvwrite_r+0x1b8>
    80006054:	47b1                	li	a5,12
    80006056:	00f92023          	sw	a5,0(s2)
    8000605a:	01045783          	lhu	a5,16(s0)
    8000605e:	0407e793          	ori	a5,a5,64
    80006062:	00f41823          	sh	a5,16(s0)
    80006066:	b735                	j	80005f92 <__sfvwrite_r+0xd2>
    80006068:	80000b37          	lui	s6,0x80000
    8000606c:	4c81                	li	s9,0
    8000606e:	fffb4b13          	not	s6,s6
    80006072:	4b8d                	li	s7,3
    80006074:	4c09                	li	s8,2
    80006076:	b771                	j	80006002 <__sfvwrite_r+0x142>
    80006078:	6c0c                	ld	a1,24(s0)
    8000607a:	866e                	mv	a2,s11
    8000607c:	462000ef          	jal	800064de <memcpy>
    80006080:	01045783          	lhu	a5,16(s0)
    80006084:	b7f7f793          	andi	a5,a5,-1153
    80006088:	0807e793          	ori	a5,a5,128
    8000608c:	00f41823          	sh	a5,16(s0)
    80006090:	01a43c23          	sd	s10,24(s0)
    80006094:	d004                	sw	s1,32(s0)
    80006096:	9d6e                	add	s10,s10,s11
    80006098:	41b484bb          	subw	s1,s1,s11
    8000609c:	01a43023          	sd	s10,0(s0)
    800060a0:	c444                	sw	s1,12(s0)
    800060a2:	8d66                	mv	s10,s9
    800060a4:	84e6                	mv	s1,s9
    800060a6:	01acf363          	bgeu	s9,s10,800060ac <__sfvwrite_r+0x1ec>
    800060aa:	8d66                	mv	s10,s9
    800060ac:	6008                	ld	a0,0(s0)
    800060ae:	866a                	mv	a2,s10
    800060b0:	85d6                	mv	a1,s5
    800060b2:	406000ef          	jal	800064b8 <memmove>
    800060b6:	445c                	lw	a5,12(s0)
    800060b8:	41a787bb          	subw	a5,a5,s10
    800060bc:	c45c                	sw	a5,12(s0)
    800060be:	601c                	ld	a5,0(s0)
    800060c0:	97ea                	add	a5,a5,s10
    800060c2:	e01c                	sd	a5,0(s0)
    800060c4:	010a3783          	ld	a5,16(s4)
    800060c8:	9aa6                	add	s5,s5,s1
    800060ca:	409c8cb3          	sub	s9,s9,s1
    800060ce:	8f85                	sub	a5,a5,s1
    800060d0:	00fa3823          	sd	a5,16(s4)
    800060d4:	f79d                	bnez	a5,80006002 <__sfvwrite_r+0x142>
    800060d6:	bdd5                	j	80005fca <__sfvwrite_r+0x10a>
    800060d8:	8626                	mv	a2,s1
    800060da:	854a                	mv	a0,s2
    800060dc:	418000ef          	jal	800064f4 <_realloc_r>
    800060e0:	8d2a                	mv	s10,a0
    800060e2:	f55d                	bnez	a0,80006090 <__sfvwrite_r+0x1d0>
    800060e4:	6c0c                	ld	a1,24(s0)
    800060e6:	854a                	mv	a0,s2
    800060e8:	cccff0ef          	jal	800055b4 <_free_r>
    800060ec:	01045783          	lhu	a5,16(s0)
    800060f0:	f7f7f793          	andi	a5,a5,-129
    800060f4:	00f41823          	sh	a5,16(s0)
    800060f8:	bfb1                	j	80006054 <__sfvwrite_r+0x194>
    800060fa:	6c1c                	ld	a5,24(s0)
    800060fc:	00a7e563          	bltu	a5,a0,80006106 <__sfvwrite_r+0x246>
    80006100:	5014                	lw	a3,32(s0)
    80006102:	02dcf763          	bgeu	s9,a3,80006130 <__sfvwrite_r+0x270>
    80006106:	009cf363          	bgeu	s9,s1,8000610c <__sfvwrite_r+0x24c>
    8000610a:	84e6                	mv	s1,s9
    8000610c:	8626                	mv	a2,s1
    8000610e:	85d6                	mv	a1,s5
    80006110:	3a8000ef          	jal	800064b8 <memmove>
    80006114:	445c                	lw	a5,12(s0)
    80006116:	4097873b          	subw	a4,a5,s1
    8000611a:	601c                	ld	a5,0(s0)
    8000611c:	c458                	sw	a4,12(s0)
    8000611e:	97a6                	add	a5,a5,s1
    80006120:	e01c                	sd	a5,0(s0)
    80006122:	f34d                	bnez	a4,800060c4 <__sfvwrite_r+0x204>
    80006124:	85a2                	mv	a1,s0
    80006126:	854a                	mv	a0,s2
    80006128:	d37ff0ef          	jal	80005e5e <_fflush_r>
    8000612c:	dd41                	beqz	a0,800060c4 <__sfvwrite_r+0x204>
    8000612e:	b735                	j	8000605a <__sfvwrite_r+0x19a>
    80006130:	87e6                	mv	a5,s9
    80006132:	019b7363          	bgeu	s6,s9,80006138 <__sfvwrite_r+0x278>
    80006136:	87da                	mv	a5,s6
    80006138:	02d7c7bb          	divw	a5,a5,a3
    8000613c:	6438                	ld	a4,72(s0)
    8000613e:	7c0c                	ld	a1,56(s0)
    80006140:	8656                	mv	a2,s5
    80006142:	854a                	mv	a0,s2
    80006144:	02d786bb          	mulw	a3,a5,a3
    80006148:	9702                	jalr	a4
    8000614a:	84aa                	mv	s1,a0
    8000614c:	f6a04ce3          	bgtz	a0,800060c4 <__sfvwrite_r+0x204>
    80006150:	b729                	j	8000605a <__sfvwrite_r+0x19a>
    80006152:	0009bb83          	ld	s7,0(s3)
    80006156:	0089bb03          	ld	s6,8(s3)
    8000615a:	4501                	li	a0,0
    8000615c:	09c1                	addi	s3,s3,16
    8000615e:	bb55                	j	80005f12 <__sfvwrite_r+0x52>
    80006160:	001b0a9b          	addiw	s5,s6,1 # ffffffff80000001 <__heap_end+0xfffffffefffd8001>
    80006164:	b3e1                	j	80005f2c <__sfvwrite_r+0x6c>
    80006166:	00dc4b63          	blt	s8,a3,8000617c <__sfvwrite_r+0x2bc>
    8000616a:	643c                	ld	a5,72(s0)
    8000616c:	7c0c                	ld	a1,56(s0)
    8000616e:	865e                	mv	a2,s7
    80006170:	854a                	mv	a0,s2
    80006172:	9782                	jalr	a5
    80006174:	84aa                	mv	s1,a0
    80006176:	dea045e3          	bgtz	a0,80005f60 <__sfvwrite_r+0xa0>
    8000617a:	b5c5                	j	8000605a <__sfvwrite_r+0x19a>
    8000617c:	8662                	mv	a2,s8
    8000617e:	85de                	mv	a1,s7
    80006180:	338000ef          	jal	800064b8 <memmove>
    80006184:	445c                	lw	a5,12(s0)
    80006186:	84e2                	mv	s1,s8
    80006188:	418787bb          	subw	a5,a5,s8
    8000618c:	c45c                	sw	a5,12(s0)
    8000618e:	601c                	ld	a5,0(s0)
    80006190:	97e2                	add	a5,a5,s8
    80006192:	e01c                	sd	a5,0(s0)
    80006194:	b3f1                	j	80005f60 <__sfvwrite_r+0xa0>

0000000080006196 <__swbuf_r>:
    80006196:	7179                	addi	sp,sp,-48
    80006198:	f022                	sd	s0,32(sp)
    8000619a:	ec26                	sd	s1,24(sp)
    8000619c:	e84a                	sd	s2,16(sp)
    8000619e:	f406                	sd	ra,40(sp)
    800061a0:	e44e                	sd	s3,8(sp)
    800061a2:	892a                	mv	s2,a0
    800061a4:	84ae                	mv	s1,a1
    800061a6:	8432                	mv	s0,a2
    800061a8:	c509                	beqz	a0,800061b2 <__swbuf_r+0x1c>
    800061aa:	613c                	ld	a5,64(a0)
    800061ac:	e399                	bnez	a5,800061b2 <__swbuf_r+0x1c>
    800061ae:	830ff0ef          	jal	800051de <__sinit>
    800061b2:	541c                	lw	a5,40(s0)
    800061b4:	c45c                	sw	a5,12(s0)
    800061b6:	01045783          	lhu	a5,16(s0)
    800061ba:	8ba1                	andi	a5,a5,8
    800061bc:	c399                	beqz	a5,800061c2 <__swbuf_r+0x2c>
    800061be:	6c1c                	ld	a5,24(s0)
    800061c0:	ef99                	bnez	a5,800061de <__swbuf_r+0x48>
    800061c2:	85a2                	mv	a1,s0
    800061c4:	854a                	mv	a0,s2
    800061c6:	07a000ef          	jal	80006240 <__swsetup_r>
    800061ca:	c911                	beqz	a0,800061de <__swbuf_r+0x48>
    800061cc:	54fd                	li	s1,-1
    800061ce:	70a2                	ld	ra,40(sp)
    800061d0:	7402                	ld	s0,32(sp)
    800061d2:	6942                	ld	s2,16(sp)
    800061d4:	69a2                	ld	s3,8(sp)
    800061d6:	8526                	mv	a0,s1
    800061d8:	64e2                	ld	s1,24(sp)
    800061da:	6145                	addi	sp,sp,48
    800061dc:	8082                	ret
    800061de:	601c                	ld	a5,0(s0)
    800061e0:	6c18                	ld	a4,24(s0)
    800061e2:	0ff4f993          	zext.b	s3,s1
    800061e6:	84ce                	mv	s1,s3
    800061e8:	40e7853b          	subw	a0,a5,a4
    800061ec:	501c                	lw	a5,32(s0)
    800061ee:	00f54763          	blt	a0,a5,800061fc <__swbuf_r+0x66>
    800061f2:	85a2                	mv	a1,s0
    800061f4:	854a                	mv	a0,s2
    800061f6:	c69ff0ef          	jal	80005e5e <_fflush_r>
    800061fa:	f969                	bnez	a0,800061cc <__swbuf_r+0x36>
    800061fc:	445c                	lw	a5,12(s0)
    800061fe:	37fd                	addiw	a5,a5,-1
    80006200:	c45c                	sw	a5,12(s0)
    80006202:	601c                	ld	a5,0(s0)
    80006204:	00178713          	addi	a4,a5,1
    80006208:	e018                	sd	a4,0(s0)
    8000620a:	01378023          	sb	s3,0(a5)
    8000620e:	5018                	lw	a4,32(s0)
    80006210:	0015079b          	addiw	a5,a0,1
    80006214:	00f70963          	beq	a4,a5,80006226 <__swbuf_r+0x90>
    80006218:	01045783          	lhu	a5,16(s0)
    8000621c:	8b85                	andi	a5,a5,1
    8000621e:	dbc5                	beqz	a5,800061ce <__swbuf_r+0x38>
    80006220:	47a9                	li	a5,10
    80006222:	faf496e3          	bne	s1,a5,800061ce <__swbuf_r+0x38>
    80006226:	85a2                	mv	a1,s0
    80006228:	854a                	mv	a0,s2
    8000622a:	c35ff0ef          	jal	80005e5e <_fflush_r>
    8000622e:	d145                	beqz	a0,800061ce <__swbuf_r+0x38>
    80006230:	bf71                	j	800061cc <__swbuf_r+0x36>

0000000080006232 <__swbuf>:
    80006232:	862e                	mv	a2,a1
    80006234:	85aa                	mv	a1,a0
    80006236:	00001517          	auipc	a0,0x1
    8000623a:	e8253503          	ld	a0,-382(a0) # 800070b8 <_impure_ptr>
    8000623e:	bfa1                	j	80006196 <__swbuf_r>

0000000080006240 <__swsetup_r>:
    80006240:	1101                	addi	sp,sp,-32
    80006242:	e822                	sd	s0,16(sp)
    80006244:	e426                	sd	s1,8(sp)
    80006246:	ec06                	sd	ra,24(sp)
    80006248:	84aa                	mv	s1,a0
    8000624a:	00001517          	auipc	a0,0x1
    8000624e:	e6e53503          	ld	a0,-402(a0) # 800070b8 <_impure_ptr>
    80006252:	842e                	mv	s0,a1
    80006254:	c509                	beqz	a0,8000625e <__swsetup_r+0x1e>
    80006256:	613c                	ld	a5,64(a0)
    80006258:	e399                	bnez	a5,8000625e <__swsetup_r+0x1e>
    8000625a:	f85fe0ef          	jal	800051de <__sinit>
    8000625e:	01041783          	lh	a5,16(s0)
    80006262:	0087f713          	andi	a4,a5,8
    80006266:	eb29                	bnez	a4,800062b8 <__swsetup_r+0x78>
    80006268:	0107f713          	andi	a4,a5,16
    8000626c:	eb09                	bnez	a4,8000627e <__swsetup_r+0x3e>
    8000626e:	4725                	li	a4,9
    80006270:	c098                	sw	a4,0(s1)
    80006272:	0407e793          	ori	a5,a5,64
    80006276:	00f41823          	sh	a5,16(s0)
    8000627a:	557d                	li	a0,-1
    8000627c:	a8ad                	j	800062f6 <__swsetup_r+0xb6>
    8000627e:	8b91                	andi	a5,a5,4
    80006280:	c795                	beqz	a5,800062ac <__swsetup_r+0x6c>
    80006282:	702c                	ld	a1,96(s0)
    80006284:	c991                	beqz	a1,80006298 <__swsetup_r+0x58>
    80006286:	07c40793          	addi	a5,s0,124
    8000628a:	00f58563          	beq	a1,a5,80006294 <__swsetup_r+0x54>
    8000628e:	8526                	mv	a0,s1
    80006290:	b24ff0ef          	jal	800055b4 <_free_r>
    80006294:	06043023          	sd	zero,96(s0)
    80006298:	01045783          	lhu	a5,16(s0)
    8000629c:	00042423          	sw	zero,8(s0)
    800062a0:	fdb7f793          	andi	a5,a5,-37
    800062a4:	00f41823          	sh	a5,16(s0)
    800062a8:	6c1c                	ld	a5,24(s0)
    800062aa:	e01c                	sd	a5,0(s0)
    800062ac:	01045783          	lhu	a5,16(s0)
    800062b0:	0087e793          	ori	a5,a5,8
    800062b4:	00f41823          	sh	a5,16(s0)
    800062b8:	6c1c                	ld	a5,24(s0)
    800062ba:	ef89                	bnez	a5,800062d4 <__swsetup_r+0x94>
    800062bc:	01045783          	lhu	a5,16(s0)
    800062c0:	20000713          	li	a4,512
    800062c4:	2807f793          	andi	a5,a5,640
    800062c8:	00e78663          	beq	a5,a4,800062d4 <__swsetup_r+0x94>
    800062cc:	85a2                	mv	a1,s0
    800062ce:	8526                	mv	a0,s1
    800062d0:	300000ef          	jal	800065d0 <__smakebuf_r>
    800062d4:	01041783          	lh	a5,16(s0)
    800062d8:	0017f713          	andi	a4,a5,1
    800062dc:	c315                	beqz	a4,80006300 <__swsetup_r+0xc0>
    800062de:	5018                	lw	a4,32(s0)
    800062e0:	00042623          	sw	zero,12(s0)
    800062e4:	40e0073b          	negw	a4,a4
    800062e8:	d418                	sw	a4,40(s0)
    800062ea:	6c18                	ld	a4,24(s0)
    800062ec:	4501                	li	a0,0
    800062ee:	e701                	bnez	a4,800062f6 <__swsetup_r+0xb6>
    800062f0:	0807f713          	andi	a4,a5,128
    800062f4:	ff3d                	bnez	a4,80006272 <__swsetup_r+0x32>
    800062f6:	60e2                	ld	ra,24(sp)
    800062f8:	6442                	ld	s0,16(sp)
    800062fa:	64a2                	ld	s1,8(sp)
    800062fc:	6105                	addi	sp,sp,32
    800062fe:	8082                	ret
    80006300:	0027f713          	andi	a4,a5,2
    80006304:	4681                	li	a3,0
    80006306:	e311                	bnez	a4,8000630a <__swsetup_r+0xca>
    80006308:	5014                	lw	a3,32(s0)
    8000630a:	c454                	sw	a3,12(s0)
    8000630c:	bff9                	j	800062ea <__swsetup_r+0xaa>

000000008000630e <memchr>:
    8000630e:	0ff5f593          	zext.b	a1,a1
    80006312:	962a                	add	a2,a2,a0
    80006314:	00c51463          	bne	a0,a2,8000631c <memchr+0xe>
    80006318:	4501                	li	a0,0
    8000631a:	8082                	ret
    8000631c:	00054783          	lbu	a5,0(a0)
    80006320:	feb78de3          	beq	a5,a1,8000631a <memchr+0xc>
    80006324:	0505                	addi	a0,a0,1
    80006326:	b7fd                	j	80006314 <memchr+0x6>

0000000080006328 <_init_signal_r>:
    80006328:	793c                	ld	a5,112(a0)
    8000632a:	eb95                	bnez	a5,8000635e <_init_signal_r+0x36>
    8000632c:	1141                	addi	sp,sp,-16
    8000632e:	10000593          	li	a1,256
    80006332:	e022                	sd	s0,0(sp)
    80006334:	e406                	sd	ra,8(sp)
    80006336:	842a                	mv	s0,a0
    80006338:	bbbfe0ef          	jal	80004ef2 <_malloc_r>
    8000633c:	87aa                	mv	a5,a0
    8000633e:	f828                	sd	a0,112(s0)
    80006340:	557d                	li	a0,-1
    80006342:	cb91                	beqz	a5,80006356 <_init_signal_r+0x2e>
    80006344:	853e                	mv	a0,a5
    80006346:	10078793          	addi	a5,a5,256
    8000634a:	00053023          	sd	zero,0(a0)
    8000634e:	0521                	addi	a0,a0,8
    80006350:	fef51de3          	bne	a0,a5,8000634a <_init_signal_r+0x22>
    80006354:	4501                	li	a0,0
    80006356:	60a2                	ld	ra,8(sp)
    80006358:	6402                	ld	s0,0(sp)
    8000635a:	0141                	addi	sp,sp,16
    8000635c:	8082                	ret
    8000635e:	4501                	li	a0,0
    80006360:	8082                	ret

0000000080006362 <_signal_r>:
    80006362:	1101                	addi	sp,sp,-32
    80006364:	e426                	sd	s1,8(sp)
    80006366:	ec06                	sd	ra,24(sp)
    80006368:	e822                	sd	s0,16(sp)
    8000636a:	e04a                	sd	s2,0(sp)
    8000636c:	47fd                	li	a5,31
    8000636e:	84aa                	mv	s1,a0
    80006370:	00b7f663          	bgeu	a5,a1,8000637c <_signal_r+0x1a>
    80006374:	47d9                	li	a5,22
    80006376:	c11c                	sw	a5,0(a0)
    80006378:	557d                	li	a0,-1
    8000637a:	a819                	j	80006390 <_signal_r+0x2e>
    8000637c:	793c                	ld	a5,112(a0)
    8000637e:	842e                	mv	s0,a1
    80006380:	8932                	mv	s2,a2
    80006382:	cf89                	beqz	a5,8000639c <_signal_r+0x3a>
    80006384:	78bc                	ld	a5,112(s1)
    80006386:	040e                	slli	s0,s0,0x3
    80006388:	97a2                	add	a5,a5,s0
    8000638a:	6388                	ld	a0,0(a5)
    8000638c:	0127b023          	sd	s2,0(a5)
    80006390:	60e2                	ld	ra,24(sp)
    80006392:	6442                	ld	s0,16(sp)
    80006394:	64a2                	ld	s1,8(sp)
    80006396:	6902                	ld	s2,0(sp)
    80006398:	6105                	addi	sp,sp,32
    8000639a:	8082                	ret
    8000639c:	f8dff0ef          	jal	80006328 <_init_signal_r>
    800063a0:	d175                	beqz	a0,80006384 <_signal_r+0x22>
    800063a2:	bfd9                	j	80006378 <_signal_r+0x16>

00000000800063a4 <_raise_r>:
    800063a4:	1101                	addi	sp,sp,-32
    800063a6:	e822                	sd	s0,16(sp)
    800063a8:	ec06                	sd	ra,24(sp)
    800063aa:	47fd                	li	a5,31
    800063ac:	842a                	mv	s0,a0
    800063ae:	00b7f963          	bgeu	a5,a1,800063c0 <_raise_r+0x1c>
    800063b2:	47d9                	li	a5,22
    800063b4:	c11c                	sw	a5,0(a0)
    800063b6:	557d                	li	a0,-1
    800063b8:	60e2                	ld	ra,24(sp)
    800063ba:	6442                	ld	s0,16(sp)
    800063bc:	6105                	addi	sp,sp,32
    800063be:	8082                	ret
    800063c0:	793c                	ld	a5,112(a0)
    800063c2:	862e                	mv	a2,a1
    800063c4:	c791                	beqz	a5,800063d0 <_raise_r+0x2c>
    800063c6:	00359713          	slli	a4,a1,0x3
    800063ca:	97ba                	add	a5,a5,a4
    800063cc:	6398                	ld	a4,0(a5)
    800063ce:	ef01                	bnez	a4,800063e6 <_raise_r+0x42>
    800063d0:	8522                	mv	a0,s0
    800063d2:	e432                	sd	a2,8(sp)
    800063d4:	0e2000ef          	jal	800064b6 <_getpid_r>
    800063d8:	85aa                	mv	a1,a0
    800063da:	8522                	mv	a0,s0
    800063dc:	6442                	ld	s0,16(sp)
    800063de:	6622                	ld	a2,8(sp)
    800063e0:	60e2                	ld	ra,24(sp)
    800063e2:	6105                	addi	sp,sp,32
    800063e4:	a065                	j	8000648c <_kill_r>
    800063e6:	4685                	li	a3,1
    800063e8:	00d70d63          	beq	a4,a3,80006402 <_raise_r+0x5e>
    800063ec:	56fd                	li	a3,-1
    800063ee:	00d71663          	bne	a4,a3,800063fa <_raise_r+0x56>
    800063f2:	47d9                	li	a5,22
    800063f4:	c11c                	sw	a5,0(a0)
    800063f6:	4505                	li	a0,1
    800063f8:	b7c1                	j	800063b8 <_raise_r+0x14>
    800063fa:	0007b023          	sd	zero,0(a5)
    800063fe:	852e                	mv	a0,a1
    80006400:	9702                	jalr	a4
    80006402:	4501                	li	a0,0
    80006404:	bf55                	j	800063b8 <_raise_r+0x14>

0000000080006406 <__sigtramp_r>:
    80006406:	47fd                	li	a5,31
    80006408:	00b7f463          	bgeu	a5,a1,80006410 <__sigtramp_r+0xa>
    8000640c:	557d                	li	a0,-1
    8000640e:	8082                	ret
    80006410:	793c                	ld	a5,112(a0)
    80006412:	1101                	addi	sp,sp,-32
    80006414:	e822                	sd	s0,16(sp)
    80006416:	e426                	sd	s1,8(sp)
    80006418:	ec06                	sd	ra,24(sp)
    8000641a:	84aa                	mv	s1,a0
    8000641c:	842e                	mv	s0,a1
    8000641e:	c795                	beqz	a5,8000644a <__sigtramp_r+0x44>
    80006420:	78b8                	ld	a4,112(s1)
    80006422:	00341793          	slli	a5,s0,0x3
    80006426:	4505                	li	a0,1
    80006428:	973e                	add	a4,a4,a5
    8000642a:	631c                	ld	a5,0(a4)
    8000642c:	c39d                	beqz	a5,80006452 <__sigtramp_r+0x4c>
    8000642e:	56fd                	li	a3,-1
    80006430:	4509                	li	a0,2
    80006432:	02d78063          	beq	a5,a3,80006452 <__sigtramp_r+0x4c>
    80006436:	4685                	li	a3,1
    80006438:	450d                	li	a0,3
    8000643a:	00d78c63          	beq	a5,a3,80006452 <__sigtramp_r+0x4c>
    8000643e:	8522                	mv	a0,s0
    80006440:	00073023          	sd	zero,0(a4)
    80006444:	9782                	jalr	a5
    80006446:	4501                	li	a0,0
    80006448:	a029                	j	80006452 <__sigtramp_r+0x4c>
    8000644a:	edfff0ef          	jal	80006328 <_init_signal_r>
    8000644e:	d969                	beqz	a0,80006420 <__sigtramp_r+0x1a>
    80006450:	557d                	li	a0,-1
    80006452:	60e2                	ld	ra,24(sp)
    80006454:	6442                	ld	s0,16(sp)
    80006456:	64a2                	ld	s1,8(sp)
    80006458:	6105                	addi	sp,sp,32
    8000645a:	8082                	ret

000000008000645c <raise>:
    8000645c:	85aa                	mv	a1,a0
    8000645e:	00001517          	auipc	a0,0x1
    80006462:	c5a53503          	ld	a0,-934(a0) # 800070b8 <_impure_ptr>
    80006466:	bf3d                	j	800063a4 <_raise_r>

0000000080006468 <signal>:
    80006468:	862e                	mv	a2,a1
    8000646a:	85aa                	mv	a1,a0
    8000646c:	00001517          	auipc	a0,0x1
    80006470:	c4c53503          	ld	a0,-948(a0) # 800070b8 <_impure_ptr>
    80006474:	b5fd                	j	80006362 <_signal_r>

0000000080006476 <_init_signal>:
    80006476:	00001517          	auipc	a0,0x1
    8000647a:	c4253503          	ld	a0,-958(a0) # 800070b8 <_impure_ptr>
    8000647e:	b56d                	j	80006328 <_init_signal_r>

0000000080006480 <__sigtramp>:
    80006480:	85aa                	mv	a1,a0
    80006482:	00001517          	auipc	a0,0x1
    80006486:	c3653503          	ld	a0,-970(a0) # 800070b8 <_impure_ptr>
    8000648a:	bfb5                	j	80006406 <__sigtramp_r>

000000008000648c <_kill_r>:
    8000648c:	1141                	addi	sp,sp,-16
    8000648e:	e022                	sd	s0,0(sp)
    80006490:	842a                	mv	s0,a0
    80006492:	852e                	mv	a0,a1
    80006494:	85b2                	mv	a1,a2
    80006496:	b601a823          	sw	zero,-1168(gp) # 80007428 <errno>
    8000649a:	e406                	sd	ra,8(sp)
    8000649c:	292000ef          	jal	8000672e <_kill>
    800064a0:	57fd                	li	a5,-1
    800064a2:	00f51663          	bne	a0,a5,800064ae <_kill_r+0x22>
    800064a6:	b701a783          	lw	a5,-1168(gp) # 80007428 <errno>
    800064aa:	c391                	beqz	a5,800064ae <_kill_r+0x22>
    800064ac:	c01c                	sw	a5,0(s0)
    800064ae:	60a2                	ld	ra,8(sp)
    800064b0:	6402                	ld	s0,0(sp)
    800064b2:	0141                	addi	sp,sp,16
    800064b4:	8082                	ret

00000000800064b6 <_getpid_r>:
    800064b6:	a4b5                	j	80006722 <_getpid>

00000000800064b8 <memmove>:
    800064b8:	c215                	beqz	a2,800064dc <memmove+0x24>
    800064ba:	832a                	mv	t1,a0
    800064bc:	4685                	li	a3,1
    800064be:	00b56763          	bltu	a0,a1,800064cc <memmove+0x14>
    800064c2:	56fd                	li	a3,-1
    800064c4:	fff60713          	addi	a4,a2,-1
    800064c8:	933a                	add	t1,t1,a4
    800064ca:	95ba                	add	a1,a1,a4
    800064cc:	00058383          	lb	t2,0(a1)
    800064d0:	00730023          	sb	t2,0(t1)
    800064d4:	167d                	addi	a2,a2,-1
    800064d6:	9336                	add	t1,t1,a3
    800064d8:	95b6                	add	a1,a1,a3
    800064da:	fa6d                	bnez	a2,800064cc <memmove+0x14>
    800064dc:	8082                	ret

00000000800064de <memcpy>:
    800064de:	832a                	mv	t1,a0
    800064e0:	ca09                	beqz	a2,800064f2 <memcpy+0x14>
    800064e2:	00058383          	lb	t2,0(a1)
    800064e6:	00730023          	sb	t2,0(t1)
    800064ea:	167d                	addi	a2,a2,-1
    800064ec:	0305                	addi	t1,t1,1
    800064ee:	0585                	addi	a1,a1,1
    800064f0:	fa6d                	bnez	a2,800064e2 <memcpy+0x4>
    800064f2:	8082                	ret

00000000800064f4 <_realloc_r>:
    800064f4:	7179                	addi	sp,sp,-48
    800064f6:	f022                	sd	s0,32(sp)
    800064f8:	f406                	sd	ra,40(sp)
    800064fa:	ec26                	sd	s1,24(sp)
    800064fc:	e84a                	sd	s2,16(sp)
    800064fe:	e44e                	sd	s3,8(sp)
    80006500:	e052                	sd	s4,0(sp)
    80006502:	8432                	mv	s0,a2
    80006504:	e999                	bnez	a1,8000651a <_realloc_r+0x26>
    80006506:	7402                	ld	s0,32(sp)
    80006508:	70a2                	ld	ra,40(sp)
    8000650a:	64e2                	ld	s1,24(sp)
    8000650c:	6942                	ld	s2,16(sp)
    8000650e:	69a2                	ld	s3,8(sp)
    80006510:	6a02                	ld	s4,0(sp)
    80006512:	85b2                	mv	a1,a2
    80006514:	6145                	addi	sp,sp,48
    80006516:	9ddfe06f          	j	80004ef2 <_malloc_r>
    8000651a:	ee09                	bnez	a2,80006534 <_realloc_r+0x40>
    8000651c:	898ff0ef          	jal	800055b4 <_free_r>
    80006520:	4481                	li	s1,0
    80006522:	70a2                	ld	ra,40(sp)
    80006524:	7402                	ld	s0,32(sp)
    80006526:	6942                	ld	s2,16(sp)
    80006528:	69a2                	ld	s3,8(sp)
    8000652a:	6a02                	ld	s4,0(sp)
    8000652c:	8526                	mv	a0,s1
    8000652e:	64e2                	ld	s1,24(sp)
    80006530:	6145                	addi	sp,sp,48
    80006532:	8082                	ret
    80006534:	8a2a                	mv	s4,a0
    80006536:	84ae                	mv	s1,a1
    80006538:	188000ef          	jal	800066c0 <_malloc_usable_size_r>
    8000653c:	892a                	mv	s2,a0
    8000653e:	00856663          	bltu	a0,s0,8000654a <_realloc_r+0x56>
    80006542:	00155793          	srli	a5,a0,0x1
    80006546:	fc87eee3          	bltu	a5,s0,80006522 <_realloc_r+0x2e>
    8000654a:	85a2                	mv	a1,s0
    8000654c:	8552                	mv	a0,s4
    8000654e:	9a5fe0ef          	jal	80004ef2 <_malloc_r>
    80006552:	89aa                	mv	s3,a0
    80006554:	e119                	bnez	a0,8000655a <_realloc_r+0x66>
    80006556:	84ce                	mv	s1,s3
    80006558:	b7e9                	j	80006522 <_realloc_r+0x2e>
    8000655a:	8622                	mv	a2,s0
    8000655c:	00897363          	bgeu	s2,s0,80006562 <_realloc_r+0x6e>
    80006560:	864a                	mv	a2,s2
    80006562:	85a6                	mv	a1,s1
    80006564:	854e                	mv	a0,s3
    80006566:	f79ff0ef          	jal	800064de <memcpy>
    8000656a:	85a6                	mv	a1,s1
    8000656c:	8552                	mv	a0,s4
    8000656e:	846ff0ef          	jal	800055b4 <_free_r>
    80006572:	b7d5                	j	80006556 <_realloc_r+0x62>

0000000080006574 <__swhatbuf_r>:
    80006574:	7175                	addi	sp,sp,-144
    80006576:	e122                	sd	s0,128(sp)
    80006578:	842e                	mv	s0,a1
    8000657a:	01259583          	lh	a1,18(a1)
    8000657e:	fca6                	sd	s1,120(sp)
    80006580:	f8ca                	sd	s2,112(sp)
    80006582:	e506                	sd	ra,136(sp)
    80006584:	84b2                	mv	s1,a2
    80006586:	8936                	mv	s2,a3
    80006588:	0205d363          	bgez	a1,800065ae <__swhatbuf_r+0x3a>
    8000658c:	01045783          	lhu	a5,16(s0)
    80006590:	0807f793          	andi	a5,a5,128
    80006594:	eb95                	bnez	a5,800065c8 <__swhatbuf_r+0x54>
    80006596:	40000713          	li	a4,1024
    8000659a:	60aa                	ld	ra,136(sp)
    8000659c:	640a                	ld	s0,128(sp)
    8000659e:	00f92023          	sw	a5,0(s2)
    800065a2:	e098                	sd	a4,0(s1)
    800065a4:	7946                	ld	s2,112(sp)
    800065a6:	74e6                	ld	s1,120(sp)
    800065a8:	4501                	li	a0,0
    800065aa:	6149                	addi	sp,sp,144
    800065ac:	8082                	ret
    800065ae:	0030                	addi	a2,sp,8
    800065b0:	0be000ef          	jal	8000666e <_fstat_r>
    800065b4:	fc054ce3          	bltz	a0,8000658c <__swhatbuf_r+0x18>
    800065b8:	47b2                	lw	a5,12(sp)
    800065ba:	673d                	lui	a4,0xf
    800065bc:	8ff9                	and	a5,a5,a4
    800065be:	6709                	lui	a4,0x2
    800065c0:	8f99                	sub	a5,a5,a4
    800065c2:	0017b793          	seqz	a5,a5
    800065c6:	bfc1                	j	80006596 <__swhatbuf_r+0x22>
    800065c8:	4781                	li	a5,0
    800065ca:	04000713          	li	a4,64
    800065ce:	b7f1                	j	8000659a <__swhatbuf_r+0x26>

00000000800065d0 <__smakebuf_r>:
    800065d0:	0105d783          	lhu	a5,16(a1)
    800065d4:	7139                	addi	sp,sp,-64
    800065d6:	f822                	sd	s0,48(sp)
    800065d8:	fc06                	sd	ra,56(sp)
    800065da:	f426                	sd	s1,40(sp)
    800065dc:	f04a                	sd	s2,32(sp)
    800065de:	ec4e                	sd	s3,24(sp)
    800065e0:	8b89                	andi	a5,a5,2
    800065e2:	842e                	mv	s0,a1
    800065e4:	cf91                	beqz	a5,80006600 <__smakebuf_r+0x30>
    800065e6:	07f40793          	addi	a5,s0,127
    800065ea:	e01c                	sd	a5,0(s0)
    800065ec:	ec1c                	sd	a5,24(s0)
    800065ee:	4785                	li	a5,1
    800065f0:	d01c                	sw	a5,32(s0)
    800065f2:	70e2                	ld	ra,56(sp)
    800065f4:	7442                	ld	s0,48(sp)
    800065f6:	74a2                	ld	s1,40(sp)
    800065f8:	7902                	ld	s2,32(sp)
    800065fa:	69e2                	ld	s3,24(sp)
    800065fc:	6121                	addi	sp,sp,64
    800065fe:	8082                	ret
    80006600:	0054                	addi	a3,sp,4
    80006602:	0030                	addi	a2,sp,8
    80006604:	84aa                	mv	s1,a0
    80006606:	f6fff0ef          	jal	80006574 <__swhatbuf_r>
    8000660a:	69a2                	ld	s3,8(sp)
    8000660c:	892a                	mv	s2,a0
    8000660e:	8526                	mv	a0,s1
    80006610:	85ce                	mv	a1,s3
    80006612:	8e1fe0ef          	jal	80004ef2 <_malloc_r>
    80006616:	ed01                	bnez	a0,8000662e <__smakebuf_r+0x5e>
    80006618:	01041783          	lh	a5,16(s0)
    8000661c:	2007f713          	andi	a4,a5,512
    80006620:	fb69                	bnez	a4,800065f2 <__smakebuf_r+0x22>
    80006622:	9bf1                	andi	a5,a5,-4
    80006624:	0027e793          	ori	a5,a5,2
    80006628:	00f41823          	sh	a5,16(s0)
    8000662c:	bf6d                	j	800065e6 <__smakebuf_r+0x16>
    8000662e:	01045783          	lhu	a5,16(s0)
    80006632:	e008                	sd	a0,0(s0)
    80006634:	ec08                	sd	a0,24(s0)
    80006636:	0807e793          	ori	a5,a5,128
    8000663a:	00f41823          	sh	a5,16(s0)
    8000663e:	4792                	lw	a5,4(sp)
    80006640:	03342023          	sw	s3,32(s0)
    80006644:	cf91                	beqz	a5,80006660 <__smakebuf_r+0x90>
    80006646:	01241583          	lh	a1,18(s0)
    8000664a:	8526                	mv	a0,s1
    8000664c:	04c000ef          	jal	80006698 <_isatty_r>
    80006650:	c901                	beqz	a0,80006660 <__smakebuf_r+0x90>
    80006652:	01045783          	lhu	a5,16(s0)
    80006656:	9bf1                	andi	a5,a5,-4
    80006658:	0017e793          	ori	a5,a5,1
    8000665c:	00f41823          	sh	a5,16(s0)
    80006660:	01045783          	lhu	a5,16(s0)
    80006664:	0127e533          	or	a0,a5,s2
    80006668:	00a41823          	sh	a0,16(s0)
    8000666c:	b759                	j	800065f2 <__smakebuf_r+0x22>

000000008000666e <_fstat_r>:
    8000666e:	1141                	addi	sp,sp,-16
    80006670:	e022                	sd	s0,0(sp)
    80006672:	842a                	mv	s0,a0
    80006674:	852e                	mv	a0,a1
    80006676:	85b2                	mv	a1,a2
    80006678:	b601a823          	sw	zero,-1168(gp) # 80007428 <errno>
    8000667c:	e406                	sd	ra,8(sp)
    8000667e:	090000ef          	jal	8000670e <_fstat>
    80006682:	57fd                	li	a5,-1
    80006684:	00f51663          	bne	a0,a5,80006690 <_fstat_r+0x22>
    80006688:	b701a783          	lw	a5,-1168(gp) # 80007428 <errno>
    8000668c:	c391                	beqz	a5,80006690 <_fstat_r+0x22>
    8000668e:	c01c                	sw	a5,0(s0)
    80006690:	60a2                	ld	ra,8(sp)
    80006692:	6402                	ld	s0,0(sp)
    80006694:	0141                	addi	sp,sp,16
    80006696:	8082                	ret

0000000080006698 <_isatty_r>:
    80006698:	1141                	addi	sp,sp,-16
    8000669a:	e022                	sd	s0,0(sp)
    8000669c:	842a                	mv	s0,a0
    8000669e:	852e                	mv	a0,a1
    800066a0:	b601a823          	sw	zero,-1168(gp) # 80007428 <errno>
    800066a4:	e406                	sd	ra,8(sp)
    800066a6:	080000ef          	jal	80006726 <_isatty>
    800066aa:	57fd                	li	a5,-1
    800066ac:	00f51663          	bne	a0,a5,800066b8 <_isatty_r+0x20>
    800066b0:	b701a783          	lw	a5,-1168(gp) # 80007428 <errno>
    800066b4:	c391                	beqz	a5,800066b8 <_isatty_r+0x20>
    800066b6:	c01c                	sw	a5,0(s0)
    800066b8:	60a2                	ld	ra,8(sp)
    800066ba:	6402                	ld	s0,0(sp)
    800066bc:	0141                	addi	sp,sp,16
    800066be:	8082                	ret

00000000800066c0 <_malloc_usable_size_r>:
    800066c0:	ff85b503          	ld	a0,-8(a1)
    800066c4:	0005079b          	sext.w	a5,a0
    800066c8:	1561                	addi	a0,a0,-8
    800066ca:	0007d663          	bgez	a5,800066d6 <_malloc_usable_size_r+0x16>
    800066ce:	95aa                	add	a1,a1,a0
    800066d0:	6188                	ld	a0,0(a1)
    800066d2:	17e1                	addi	a5,a5,-8
    800066d4:	953e                	add	a0,a0,a5
    800066d6:	8082                	ret

00000000800066d8 <_close>:
#include <errno.h>
#include "syscall.h"

int _close(int file)
{
    800066d8:	1141                	addi	sp,sp,-16
    800066da:	e406                	sd	ra,8(sp)
    errno = EBADF;
    800066dc:	eaffe0ef          	jal	8000558a <__errno>
    return -1;
}
    800066e0:	60a2                	ld	ra,8(sp)
    errno = EBADF;
    800066e2:	47a5                	li	a5,9
    800066e4:	c11c                	sw	a5,0(a0)
}
    800066e6:	557d                	li	a0,-1
    800066e8:	0141                	addi	sp,sp,16
    800066ea:	8082                	ret

00000000800066ec <_exit>:
#include "syscall.h"
#include "htif.h"

void __attribute__ ((noreturn)) _exit(int code)
{
    uint64_t cmd = HTIF_TOHOST(0, 0, (code << 1) | 0x1);
    800066ec:	0015179b          	slliw	a5,a0,0x1
    800066f0:	0017e793          	ori	a5,a5,1
    800066f4:	2781                	sext.w	a5,a5
    800066f6:	07c2                	slli	a5,a5,0x10
    800066f8:	83c1                	srli	a5,a5,0x10
    800066fa:	00001717          	auipc	a4,0x1
    800066fe:	90670713          	addi	a4,a4,-1786 # 80007000 <tohost>
    for (;;) {
        fromhost = 0;
    80006702:	00001697          	auipc	a3,0x1
    80006706:	9006b323          	sd	zero,-1786(a3) # 80007008 <fromhost>
        tohost = cmd;
    8000670a:	e31c                	sd	a5,0(a4)
    for (;;) {
    8000670c:	bfdd                	j	80006702 <_exit+0x16>

000000008000670e <_fstat>:
#include <errno.h>
#include <sys/stat.h>
#include "syscall.h"

int _fstat(int file, struct stat *st)
{
    8000670e:	1141                	addi	sp,sp,-16
    80006710:	e406                	sd	ra,8(sp)
    errno = EBADF;
    80006712:	e79fe0ef          	jal	8000558a <__errno>
    return -1;
}
    80006716:	60a2                	ld	ra,8(sp)
    errno = EBADF;
    80006718:	47a5                	li	a5,9
    8000671a:	c11c                	sw	a5,0(a0)
}
    8000671c:	557d                	li	a0,-1
    8000671e:	0141                	addi	sp,sp,16
    80006720:	8082                	ret

0000000080006722 <_getpid>:
#include "syscall.h"

int _getpid(void)
{
    return 1;
}
    80006722:	4505                	li	a0,1
    80006724:	8082                	ret

0000000080006726 <_isatty>:
#include <unistd.h>
#include "syscall.h"

int _isatty(int file)
{
    return (file == STDOUT_FILENO || file == STDERR_FILENO);
    80006726:	357d                	addiw	a0,a0,-1
}
    80006728:	00253513          	sltiu	a0,a0,2
    8000672c:	8082                	ret

000000008000672e <_kill>:
#include <errno.h>
#include "syscall.h"

int _kill(int pid, int sig)
{
    8000672e:	1141                	addi	sp,sp,-16
    80006730:	e406                	sd	ra,8(sp)
    errno = EINVAL;
    80006732:	e59fe0ef          	jal	8000558a <__errno>
    return -1;
}
    80006736:	60a2                	ld	ra,8(sp)
    errno = EINVAL;
    80006738:	47d9                	li	a5,22
    8000673a:	c11c                	sw	a5,0(a0)
}
    8000673c:	557d                	li	a0,-1
    8000673e:	0141                	addi	sp,sp,16
    80006740:	8082                	ret

0000000080006742 <_lseek>:
#include <errno.h>
#include <sys/types.h>
#include "syscall.h"

off_t _lseek(int file, off_t ptr, int dir)
{
    80006742:	1141                	addi	sp,sp,-16
    80006744:	e406                	sd	ra,8(sp)
    errno = EBADF;
    80006746:	e45fe0ef          	jal	8000558a <__errno>
    return -1;
}
    8000674a:	60a2                	ld	ra,8(sp)
    errno = EBADF;
    8000674c:	47a5                	li	a5,9
    8000674e:	c11c                	sw	a5,0(a0)
}
    80006750:	557d                	li	a0,-1
    80006752:	0141                	addi	sp,sp,16
    80006754:	8082                	ret

0000000080006756 <_read>:
#include <errno.h>
#include <sys/types.h>
#include "syscall.h"

ssize_t _read(int file, void *ptr, size_t len)
{
    80006756:	1141                	addi	sp,sp,-16
    80006758:	e406                	sd	ra,8(sp)
    errno = ENOSYS;
    8000675a:	e31fe0ef          	jal	8000558a <__errno>
    return -1;
}
    8000675e:	60a2                	ld	ra,8(sp)
    errno = ENOSYS;
    80006760:	05800793          	li	a5,88
    80006764:	c11c                	sw	a5,0(a0)
}
    80006766:	557d                	li	a0,-1
    80006768:	0141                	addi	sp,sp,16
    8000676a:	8082                	ret

000000008000676c <_sbrk>:
{
    extern char __heap_end[];
    char *newbrk;
    char *oldbrk;

    oldbrk = curbrk;
    8000676c:	00001717          	auipc	a4,0x1
    80006770:	95470713          	addi	a4,a4,-1708 # 800070c0 <curbrk>
    80006774:	631c                	ld	a5,0(a4)
    newbrk = oldbrk + incr;
    if (unlikely((newbrk < _end) || (newbrk >= __heap_end))) {
    80006776:	ee818693          	addi	a3,gp,-280 # 800077a0 <_end>
    newbrk = oldbrk + incr;
    8000677a:	953e                	add	a0,a0,a5
    if (unlikely((newbrk < _end) || (newbrk >= __heap_end))) {
    8000677c:	00d56b63          	bltu	a0,a3,80006792 <_sbrk+0x26>
    80006780:	00022697          	auipc	a3,0x22
    80006784:	88068693          	addi	a3,a3,-1920 # 80028000 <__heap_end>
    80006788:	00d57563          	bgeu	a0,a3,80006792 <_sbrk+0x26>
        errno = ENOMEM;
        return (void *)(-1);
    }

    curbrk = newbrk;
    8000678c:	e308                	sd	a0,0(a4)
    return oldbrk;
}
    8000678e:	853e                	mv	a0,a5
    80006790:	8082                	ret
{
    80006792:	1141                	addi	sp,sp,-16
    80006794:	e406                	sd	ra,8(sp)
        errno = ENOMEM;
    80006796:	df5fe0ef          	jal	8000558a <__errno>
}
    8000679a:	60a2                	ld	ra,8(sp)
        errno = ENOMEM;
    8000679c:	47b1                	li	a5,12
    8000679e:	c11c                	sw	a5,0(a0)
        return (void *)(-1);
    800067a0:	57fd                	li	a5,-1
}
    800067a2:	853e                	mv	a0,a5
    800067a4:	0141                	addi	sp,sp,16
    800067a6:	8082                	ret

00000000800067a8 <_write>:
#include <sys/types.h>
#include "syscall.h"

ssize_t _write(int fd, const void *ptr, size_t len)
{
    return SYSCALL3(SYS_write, fd, (uintptr_t)ptr, len);
    800067a8:	04000693          	li	a3,64
    800067ac:	a80d                	j	800067de <htif_syscall>

00000000800067ae <__init_tls>:
#include <string.h>

void __init_tls(void)
{
    800067ae:	1141                	addi	sp,sp,-16
    extern char __tdata_start[];
    extern char __tbss_offset[];
    extern char __tdata_size[];
    extern char __tbss_size[];

    memcpy(__thread_self, __tdata_start, (size_t)__tdata_size);
    800067b0:	00000613          	li	a2,0
    800067b4:	00000597          	auipc	a1,0x0
    800067b8:	25258593          	addi	a1,a1,594 # 80006a06 <__tbss_end>
    800067bc:	8512                	mv	a0,tp
{
    800067be:	e022                	sd	s0,0(sp)
    800067c0:	e406                	sd	ra,8(sp)
    memcpy(__thread_self, __tdata_start, (size_t)__tdata_size);
    800067c2:	8412                	mv	s0,tp
    800067c4:	d1bff0ef          	jal	800064de <memcpy>
    memset(__thread_self + (size_t)__tbss_offset, 0, (size_t)__tbss_size);
    800067c8:	00000513          	li	a0,0
    800067cc:	9522                	add	a0,a0,s0
}
    800067ce:	6402                	ld	s0,0(sp)
    800067d0:	60a2                	ld	ra,8(sp)
    memset(__thread_self + (size_t)__tbss_offset, 0, (size_t)__tbss_size);
    800067d2:	00000613          	li	a2,0
    800067d6:	4581                	li	a1,0
}
    800067d8:	0141                	addi	sp,sp,16
    memset(__thread_self + (size_t)__tbss_offset, 0, (size_t)__tbss_size);
    800067da:	dbbfe06f          	j	80005594 <memset>

00000000800067de <htif_syscall>:
volatile uint64_t fromhost __attribute__ ((section (".htif")));

static spinlock_t htif_lock = SPINLOCK_INIT;

long htif_syscall(uint64_t a0, uint64_t a1, uint64_t a2, unsigned long n)
{
    800067de:	7139                	addi	sp,sp,-64
    volatile uint64_t buf[8];
    uint64_t sc;

    buf[0] = n;
    800067e0:	e036                	sd	a3,0(sp)
    buf[1] = a0;
    800067e2:	e42a                	sd	a0,8(sp)
    buf[2] = a1;
    buf[3] = a2;

    sc = HTIF_TOHOST(0, 0, (uintptr_t)&buf);
    800067e4:	fff007b7          	lui	a5,0xfff00
    buf[2] = a1;
    800067e8:	e82e                	sd	a1,16(sp)
    sc = HTIF_TOHOST(0, 0, (uintptr_t)&buf);
    800067ea:	83c1                	srli	a5,a5,0x10
    buf[3] = a2;
    800067ec:	ec32                	sd	a2,24(sp)
    sc = HTIF_TOHOST(0, 0, (uintptr_t)&buf);
    800067ee:	860a                	mv	a2,sp
    800067f0:	8e7d                	and	a2,a2,a5
    spin_lock(&htif_lock);
    800067f2:	b7818713          	addi	a4,gp,-1160 # 80007430 <htif_lock>

static inline long atomic_swap_acquire(atomic_t *p, atomic_t v)
{
    long n;
#ifdef __riscv_atomic
    __asm__ __volatile__ (
    800067f6:	56fd                	li	a3,-1
    return *((volatile const atomic_t *)p);
    800067f8:	431c                	lw	a5,0(a4)

static inline void spin_lock(spinlock_t *lock)
{
    do {
#ifdef __riscv_atomic
        while (atomic_load(&lock->lock));
    800067fa:	fffd                	bnez	a5,800067f8 <htif_syscall+0x1a>
    __asm__ __volatile__ (
    800067fc:	0cd727af          	amoswap.w.aq	a5,a3,(a4)
#endif
    } while (atomic_swap_acquire(&lock->lock, -1));
    80006800:	ffe5                	bnez	a5,800067f8 <htif_syscall+0x1a>
static inline void wmb(void) { fence(w, w); }
    80006802:	0110000f          	fence	w,w
    wmb();
    tohost = sc;
    80006806:	00000697          	auipc	a3,0x0
    8000680a:	7fa68693          	addi	a3,a3,2042 # 80007000 <tohost>
    8000680e:	e290                	sd	a2,0(a3)
    while (fromhost == 0);
    80006810:	669c                	ld	a5,8(a3)
    80006812:	dffd                	beqz	a5,80006810 <htif_syscall+0x32>
    fromhost = 0;
    80006814:	00000797          	auipc	a5,0x0
    80006818:	7e07ba23          	sd	zero,2036(a5) # 80007008 <fromhost>
}

static inline void atomic_clear_release(atomic_t *p)
{
#ifdef __riscv_atomic
    __asm__ __volatile__ (
    8000681c:	0a07202f          	amoswap.w.rl	zero,zero,(a4)
static inline void rmb(void) { fence(r, r); }
    80006820:	0220000f          	fence	r,r
    spin_unlock(&htif_lock);

    rmb();
    return buf[0];
    80006824:	6502                	ld	a0,0(sp)
}
    80006826:	6121                	addi	sp,sp,64
    80006828:	8082                	ret

000000008000682a <atexit>:
    8000682a:	85aa                	mv	a1,a0
    8000682c:	4681                	li	a3,0
    8000682e:	4601                	li	a2,0
    80006830:	4501                	li	a0,0
    80006832:	a859                	j	800068c8 <__register_exitproc>

0000000080006834 <__libc_init_array>:
    80006834:	1101                	addi	sp,sp,-32
    80006836:	e822                	sd	s0,16(sp)
    80006838:	e426                	sd	s1,8(sp)
    8000683a:	00000417          	auipc	s0,0x0
    8000683e:	7be40413          	addi	s0,s0,1982 # 80006ff8 <__fini_array_end>
    80006842:	00000497          	auipc	s1,0x0
    80006846:	7b648493          	addi	s1,s1,1974 # 80006ff8 <__fini_array_end>
    8000684a:	8c81                	sub	s1,s1,s0
    8000684c:	e04a                	sd	s2,0(sp)
    8000684e:	ec06                	sd	ra,24(sp)
    80006850:	848d                	srai	s1,s1,0x3
    80006852:	4901                	li	s2,0
    80006854:	02991563          	bne	s2,s1,8000687e <__libc_init_array+0x4a>
    80006858:	00000417          	auipc	s0,0x0
    8000685c:	7a040413          	addi	s0,s0,1952 # 80006ff8 <__fini_array_end>
    80006860:	00000497          	auipc	s1,0x0
    80006864:	79848493          	addi	s1,s1,1944 # 80006ff8 <__fini_array_end>
    80006868:	8c81                	sub	s1,s1,s0
    8000686a:	848d                	srai	s1,s1,0x3
    8000686c:	4901                	li	s2,0
    8000686e:	00991d63          	bne	s2,s1,80006888 <__libc_init_array+0x54>
    80006872:	60e2                	ld	ra,24(sp)
    80006874:	6442                	ld	s0,16(sp)
    80006876:	64a2                	ld	s1,8(sp)
    80006878:	6902                	ld	s2,0(sp)
    8000687a:	6105                	addi	sp,sp,32
    8000687c:	8082                	ret
    8000687e:	601c                	ld	a5,0(s0)
    80006880:	0905                	addi	s2,s2,1
    80006882:	0421                	addi	s0,s0,8
    80006884:	9782                	jalr	a5
    80006886:	b7f9                	j	80006854 <__libc_init_array+0x20>
    80006888:	601c                	ld	a5,0(s0)
    8000688a:	0905                	addi	s2,s2,1
    8000688c:	0421                	addi	s0,s0,8
    8000688e:	9782                	jalr	a5
    80006890:	bff9                	j	8000686e <__libc_init_array+0x3a>

0000000080006892 <__libc_fini_array>:
    80006892:	1101                	addi	sp,sp,-32
    80006894:	e822                	sd	s0,16(sp)
    80006896:	e426                	sd	s1,8(sp)
    80006898:	00000417          	auipc	s0,0x0
    8000689c:	76040413          	addi	s0,s0,1888 # 80006ff8 <__fini_array_end>
    800068a0:	00000497          	auipc	s1,0x0
    800068a4:	75848493          	addi	s1,s1,1880 # 80006ff8 <__fini_array_end>
    800068a8:	8c05                	sub	s0,s0,s1
    800068aa:	ec06                	sd	ra,24(sp)
    800068ac:	840d                	srai	s0,s0,0x3
    800068ae:	e411                	bnez	s0,800068ba <__libc_fini_array+0x28>
    800068b0:	60e2                	ld	ra,24(sp)
    800068b2:	6442                	ld	s0,16(sp)
    800068b4:	64a2                	ld	s1,8(sp)
    800068b6:	6105                	addi	sp,sp,32
    800068b8:	8082                	ret
    800068ba:	147d                	addi	s0,s0,-1
    800068bc:	00341793          	slli	a5,s0,0x3
    800068c0:	97a6                	add	a5,a5,s1
    800068c2:	639c                	ld	a5,0(a5)
    800068c4:	9782                	jalr	a5
    800068c6:	b7e5                	j	800068ae <__libc_fini_array+0x1c>

00000000800068c8 <__register_exitproc>:
    800068c8:	88aa                	mv	a7,a0
    800068ca:	b8818513          	addi	a0,gp,-1144 # 80007440 <__atexit>
    800068ce:	6118                	ld	a4,0(a0)
    800068d0:	ef01                	bnez	a4,800068e8 <__register_exitproc+0x20>
    800068d2:	dd018793          	addi	a5,gp,-560 # 80007688 <__atexit0>
    800068d6:	e11c                	sd	a5,0(a0)
    800068d8:	00000713          	li	a4,0
    800068dc:	c701                	beqz	a4,800068e4 <__register_exitproc+0x1c>
    800068de:	6318                	ld	a4,0(a4)
    800068e0:	10e7b823          	sd	a4,272(a5)
    800068e4:	dd018713          	addi	a4,gp,-560 # 80007688 <__atexit0>
    800068e8:	471c                	lw	a5,8(a4)
    800068ea:	487d                	li	a6,31
    800068ec:	557d                	li	a0,-1
    800068ee:	04f84763          	blt	a6,a5,8000693c <__register_exitproc+0x74>
    800068f2:	02088d63          	beqz	a7,8000692c <__register_exitproc+0x64>
    800068f6:	11073803          	ld	a6,272(a4)
    800068fa:	04080163          	beqz	a6,8000693c <__register_exitproc+0x74>
    800068fe:	00379513          	slli	a0,a5,0x3
    80006902:	9542                	add	a0,a0,a6
    80006904:	e110                	sd	a2,0(a0)
    80006906:	20082303          	lw	t1,512(a6)
    8000690a:	4605                	li	a2,1
    8000690c:	00f6163b          	sllw	a2,a2,a5
    80006910:	00c36333          	or	t1,t1,a2
    80006914:	20682023          	sw	t1,512(a6)
    80006918:	10d53023          	sd	a3,256(a0)
    8000691c:	4689                	li	a3,2
    8000691e:	00d89763          	bne	a7,a3,8000692c <__register_exitproc+0x64>
    80006922:	20482683          	lw	a3,516(a6)
    80006926:	8ed1                	or	a3,a3,a2
    80006928:	20d82223          	sw	a3,516(a6)
    8000692c:	0017869b          	addiw	a3,a5,1
    80006930:	0789                	addi	a5,a5,2
    80006932:	078e                	slli	a5,a5,0x3
    80006934:	c714                	sw	a3,8(a4)
    80006936:	973e                	add	a4,a4,a5
    80006938:	e30c                	sd	a1,0(a4)
    8000693a:	4501                	li	a0,0
    8000693c:	8082                	ret

000000008000693e <__call_exitprocs>:
    8000693e:	711d                	addi	sp,sp,-96
    80006940:	f852                	sd	s4,48(sp)
    80006942:	f456                	sd	s5,40(sp)
    80006944:	f05a                	sd	s6,32(sp)
    80006946:	ec5e                	sd	s7,24(sp)
    80006948:	ec86                	sd	ra,88(sp)
    8000694a:	e8a2                	sd	s0,80(sp)
    8000694c:	e4a6                	sd	s1,72(sp)
    8000694e:	e0ca                	sd	s2,64(sp)
    80006950:	fc4e                	sd	s3,56(sp)
    80006952:	e862                	sd	s8,16(sp)
    80006954:	e466                	sd	s9,8(sp)
    80006956:	8aaa                	mv	s5,a0
    80006958:	8a2e                	mv	s4,a1
    8000695a:	b8818b13          	addi	s6,gp,-1144 # 80007440 <__atexit>
    8000695e:	4b85                	li	s7,1
    80006960:	000b3483          	ld	s1,0(s6)
    80006964:	cc81                	beqz	s1,8000697c <__call_exitprocs+0x3e>
    80006966:	4480                	lw	s0,8(s1)
    80006968:	1104b983          	ld	s3,272(s1)
    8000696c:	fff4091b          	addiw	s2,s0,-1
    80006970:	040e                	slli	s0,s0,0x3
    80006972:	00898cb3          	add	s9,s3,s0
    80006976:	9426                	add	s0,s0,s1
    80006978:	00095f63          	bgez	s2,80006996 <__call_exitprocs+0x58>
    8000697c:	60e6                	ld	ra,88(sp)
    8000697e:	6446                	ld	s0,80(sp)
    80006980:	64a6                	ld	s1,72(sp)
    80006982:	6906                	ld	s2,64(sp)
    80006984:	79e2                	ld	s3,56(sp)
    80006986:	7a42                	ld	s4,48(sp)
    80006988:	7aa2                	ld	s5,40(sp)
    8000698a:	7b02                	ld	s6,32(sp)
    8000698c:	6be2                	ld	s7,24(sp)
    8000698e:	6c42                	ld	s8,16(sp)
    80006990:	6ca2                	ld	s9,8(sp)
    80006992:	6125                	addi	sp,sp,96
    80006994:	8082                	ret
    80006996:	000a0c63          	beqz	s4,800069ae <__call_exitprocs+0x70>
    8000699a:	00099663          	bnez	s3,800069a6 <__call_exitprocs+0x68>
    8000699e:	397d                	addiw	s2,s2,-1
    800069a0:	1ce1                	addi	s9,s9,-8
    800069a2:	1461                	addi	s0,s0,-8
    800069a4:	bfd1                	j	80006978 <__call_exitprocs+0x3a>
    800069a6:	0f8cb783          	ld	a5,248(s9)
    800069aa:	ff479ae3          	bne	a5,s4,8000699e <__call_exitprocs+0x60>
    800069ae:	449c                	lw	a5,8(s1)
    800069b0:	6418                	ld	a4,8(s0)
    800069b2:	37fd                	addiw	a5,a5,-1
    800069b4:	03279963          	bne	a5,s2,800069e6 <__call_exitprocs+0xa8>
    800069b8:	0124a423          	sw	s2,8(s1)
    800069bc:	d36d                	beqz	a4,8000699e <__call_exitprocs+0x60>
    800069be:	0084ac03          	lw	s8,8(s1)
    800069c2:	00098963          	beqz	s3,800069d4 <__call_exitprocs+0x96>
    800069c6:	2009a783          	lw	a5,512(s3)
    800069ca:	012b96bb          	sllw	a3,s7,s2
    800069ce:	8ff5                	and	a5,a5,a3
    800069d0:	2781                	sext.w	a5,a5
    800069d2:	ef89                	bnez	a5,800069ec <__call_exitprocs+0xae>
    800069d4:	9702                	jalr	a4
    800069d6:	4498                	lw	a4,8(s1)
    800069d8:	000b3783          	ld	a5,0(s6)
    800069dc:	f98712e3          	bne	a4,s8,80006960 <__call_exitprocs+0x22>
    800069e0:	faf48fe3          	beq	s1,a5,8000699e <__call_exitprocs+0x60>
    800069e4:	bfb5                	j	80006960 <__call_exitprocs+0x22>
    800069e6:	00043423          	sd	zero,8(s0)
    800069ea:	bfc9                	j	800069bc <__call_exitprocs+0x7e>
    800069ec:	2049a783          	lw	a5,516(s3)
    800069f0:	ff8cb583          	ld	a1,-8(s9)
    800069f4:	8ff5                	and	a5,a5,a3
    800069f6:	2781                	sext.w	a5,a5
    800069f8:	e781                	bnez	a5,80006a00 <__call_exitprocs+0xc2>
    800069fa:	8556                	mv	a0,s5
    800069fc:	9702                	jalr	a4
    800069fe:	bfe1                	j	800069d6 <__call_exitprocs+0x98>
    80006a00:	852e                	mv	a0,a1
    80006a02:	9702                	jalr	a4
    80006a04:	bfc9                	j	800069d6 <__call_exitprocs+0x98>
