
/home/wtl/Voyager/tapeout-Voyager/software/embench/build_meek/huffbench.riscv:     file format elf64-littleriscv


Disassembly of section .text:

0000000080000000 <_start>:
    .global _start
    .type _start, @function
_start:
    .cfi_startproc

    li x1, 0
    80000000:	4081                	li	ra,0
    li x2, 0
    80000002:	4101                	li	sp,0
    li x3, 0
    80000004:	4181                	li	gp,0
    li x4, 0
    80000006:	4201                	li	tp,0
    li x5, 0
    80000008:	4281                	li	t0,0
    li x6, 0
    8000000a:	4301                	li	t1,0
    li x7, 0
    8000000c:	4381                	li	t2,0
    li x8, 0
    8000000e:	4401                	li	s0,0
    li x9, 0
    80000010:	4481                	li	s1,0
    li x10, 0
    80000012:	4501                	li	a0,0
    li x11, 0
    80000014:	4581                	li	a1,0
    li x12, 0
    80000016:	4601                	li	a2,0
    li x13, 0
    80000018:	4681                	li	a3,0
    li x14, 0
    8000001a:	4701                	li	a4,0
    li x15, 0
    8000001c:	4781                	li	a5,0
    li x16, 0
    8000001e:	4801                	li	a6,0
    li x17, 0
    80000020:	4881                	li	a7,0
    li x18, 0
    80000022:	4901                	li	s2,0
    li x19, 0
    80000024:	4981                	li	s3,0
    li x20, 0
    80000026:	4a01                	li	s4,0
    li x21, 0
    80000028:	4a81                	li	s5,0
    li x22, 0
    8000002a:	4b01                	li	s6,0
    li x23, 0
    8000002c:	4b81                	li	s7,0
    li x24, 0
    8000002e:	4c01                	li	s8,0
    li x25, 0
    80000030:	4c81                	li	s9,0
    li x26, 0
    80000032:	4d01                	li	s10,0
    li x27, 0
    80000034:	4d81                	li	s11,0
    li x28, 0
    80000036:	4e01                	li	t3,0
    li x29, 0
    80000038:	4e81                	li	t4,0
    li x30, 0
    8000003a:	4f01                	li	t5,0
    li x31, 0
    8000003c:	4f81                	li	t6,0

    li t0, (MSTATUS_FS | MSTATUS_XS | MSTATUS_VS)
    8000003e:	62f9                	lui	t0,0x1e
    80000040:	6002829b          	addiw	t0,t0,1536 # 1e600 <__stack_size+0x16600>
    csrs mstatus, t0
    80000044:	3002a073          	csrs	mstatus,t0

#ifdef __riscv_flen
    /* Initialize FPU if present */
    la t0, 1f
    80000048:	00000297          	auipc	t0,0x0
    8000004c:	09028293          	addi	t0,t0,144 # 800000d8 <_start+0xd8>
    csrw mtvec, t0
    80000050:	30529073          	csrw	mtvec,t0

    fscsr zero
    80000054:	00301073          	fscsr	zero
    fmv.s.x f0,  zero
    80000058:	f0000053          	fmv.w.x	ft0,zero
    fmv.s.x f1,  zero
    8000005c:	f00000d3          	fmv.w.x	ft1,zero
    fmv.s.x f2,  zero
    80000060:	f0000153          	fmv.w.x	ft2,zero
    fmv.s.x f3,  zero
    80000064:	f00001d3          	fmv.w.x	ft3,zero
    fmv.s.x f4,  zero
    80000068:	f0000253          	fmv.w.x	ft4,zero
    fmv.s.x f5,  zero
    8000006c:	f00002d3          	fmv.w.x	ft5,zero
    fmv.s.x f6,  zero
    80000070:	f0000353          	fmv.w.x	ft6,zero
    fmv.s.x f7,  zero
    80000074:	f00003d3          	fmv.w.x	ft7,zero
    fmv.s.x f8,  zero
    80000078:	f0000453          	fmv.w.x	fs0,zero
    fmv.s.x f9,  zero
    8000007c:	f00004d3          	fmv.w.x	fs1,zero
    fmv.s.x f10, zero
    80000080:	f0000553          	fmv.w.x	fa0,zero
    fmv.s.x f11, zero
    80000084:	f00005d3          	fmv.w.x	fa1,zero
    fmv.s.x f12, zero
    80000088:	f0000653          	fmv.w.x	fa2,zero
    fmv.s.x f13, zero
    8000008c:	f00006d3          	fmv.w.x	fa3,zero
    fmv.s.x f14, zero
    80000090:	f0000753          	fmv.w.x	fa4,zero
    fmv.s.x f15, zero
    80000094:	f00007d3          	fmv.w.x	fa5,zero
    fmv.s.x f16, zero
    80000098:	f0000853          	fmv.w.x	fa6,zero
    fmv.s.x f17, zero
    8000009c:	f00008d3          	fmv.w.x	fa7,zero
    fmv.s.x f18, zero
    800000a0:	f0000953          	fmv.w.x	fs2,zero
    fmv.s.x f19, zero
    800000a4:	f00009d3          	fmv.w.x	fs3,zero
    fmv.s.x f20, zero
    800000a8:	f0000a53          	fmv.w.x	fs4,zero
    fmv.s.x f21, zero
    800000ac:	f0000ad3          	fmv.w.x	fs5,zero
    fmv.s.x f22, zero
    800000b0:	f0000b53          	fmv.w.x	fs6,zero
    fmv.s.x f23, zero
    800000b4:	f0000bd3          	fmv.w.x	fs7,zero
    fmv.s.x f24, zero
    800000b8:	f0000c53          	fmv.w.x	fs8,zero
    fmv.s.x f25, zero
    800000bc:	f0000cd3          	fmv.w.x	fs9,zero
    fmv.s.x f26, zero
    800000c0:	f0000d53          	fmv.w.x	fs10,zero
    fmv.s.x f27, zero
    800000c4:	f0000dd3          	fmv.w.x	fs11,zero
    fmv.s.x f28, zero
    800000c8:	f0000e53          	fmv.w.x	ft8,zero
    fmv.s.x f29, zero
    800000cc:	f0000ed3          	fmv.w.x	ft9,zero
    fmv.s.x f30, zero
    800000d0:	f0000f53          	fmv.w.x	ft10,zero
    fmv.s.x f31, zero
    800000d4:	f0000fd3          	fmv.w.x	ft11,zero

    /* Initialize global pointer; disable relaxation to avoid relaxing
       the address calculation to "addi gp, gp, 0" */
    .option push
    .option norelax
    la gp, __global_pointer$
    800000d8:	00004197          	auipc	gp,0x4
    800000dc:	26018193          	addi	gp,gp,608 # 80004338 <__global_pointer$>
    .option pop

    /* Initialize thread pointer */
    csrr s0, mhartid
    800000e0:	f1402473          	csrr	s0,mhartid
    lui t0, %hi(__stack_shift)
    addi t0, t0, %lo(__stack_shift)
    800000e4:	00f00293          	li	t0,15
    la tp, __stack_start
    800000e8:	00027217          	auipc	tp,0x27
    800000ec:	f1820213          	addi	tp,tp,-232 # 80027000 <__heap_end>
    sll t0, s0, t0
    800000f0:	005412b3          	sll	t0,s0,t0
    add tp, tp, t0
    800000f4:	9216                	add	tp,tp,t0

    /* Initialize stack pointer */
    lui t0, %hi(__stack_size)
    800000f6:	62a1                	lui	t0,0x8
    addi t0, t0, %lo(__stack_size)
    800000f8:	00028293          	mv	t0,t0
    add sp, tp, t0
    800000fc:	00520133          	add	sp,tp,t0

    /* Initialize trap vector */
    la t0, trap_entry
    80000100:	00000297          	auipc	t0,0x0
    80000104:	04828293          	addi	t0,t0,72 # 80000148 <trap_entry>
    csrw mtvec, t0
    80000108:	30529073          	csrw	mtvec,t0

    /* Initialize TLS */
    call __init_tls
    8000010c:	0b0030ef          	jal	800031bc <__init_tls>

    /* Skip global initialization if not the designated boot hart */
    la t0, __boot_hart
    80000110:	00000293          	li	t0,0
    bne s0, t0, _start_secondary
    80000114:	00540463          	beq	s0,t0,8000011c <_start+0x11c>
    80000118:	0fe0006f          	j	80000216 <_start_secondary>

    /* Zero BSS segment */
    la t0, __bss_start
    8000011c:	82818293          	addi	t0,gp,-2008 # 80003b60 <uart_lock>
    la t1, __bss_end
    80000120:	00006317          	auipc	t1,0x6
    80000124:	fe030313          	addi	t1,t1,-32 # 80006100 <_end>
    bgeu t0, t1, 2f
    80000128:	0062f763          	bgeu	t0,t1,80000136 <_start+0x136>
1:
    SREG zero, (t0)
    8000012c:	0002b023          	sd	zero,0(t0)
    addi t0, t0, REGBYTES
    80000130:	02a1                	addi	t0,t0,8
    bltu t0, t1, 1b
    80000132:	fe62ede3          	bltu	t0,t1,8000012c <_start+0x12c>
2:

    /* Call global constructors */
    la a0, __libc_fini_array
    80000136:	00003517          	auipc	a0,0x3
    8000013a:	17450513          	addi	a0,a0,372 # 800032aa <__libc_fini_array>
    call atexit
    8000013e:	0fa030ef          	jal	80003238 <atexit>
    call __libc_init_array
    80000142:	10a030ef          	jal	8000324c <__libc_init_array>

    /* Call main function */
    tail _start_main
    80000146:	a075                	j	800001f2 <_start_main>

0000000080000148 <trap_entry>:
    .cfi_endproc


    .align 2
trap_entry:
    csrw mscratch, sp
    80000148:	34011073          	csrw	mscratch,sp
    addi sp, sp, -(32*REGBYTES)
    8000014c:	7111                	addi	sp,sp,-256

    /* Save trap frame */
    SREG x1, 1*REGBYTES(sp)
    8000014e:	e406                	sd	ra,8(sp)
    csrr x1, mscratch
    80000150:	340020f3          	csrr	ra,mscratch
    SREG x1, 2*REGBYTES(sp)
    80000154:	e806                	sd	ra,16(sp)
    SREG x3, 3*REGBYTES(sp)
    80000156:	ec0e                	sd	gp,24(sp)
    SREG x4, 4*REGBYTES(sp)
    80000158:	f012                	sd	tp,32(sp)
    SREG x5, 5*REGBYTES(sp)
    8000015a:	f416                	sd	t0,40(sp)
    SREG x6, 6*REGBYTES(sp)
    8000015c:	f81a                	sd	t1,48(sp)
    SREG x7, 7*REGBYTES(sp)
    8000015e:	fc1e                	sd	t2,56(sp)
    SREG x8, 8*REGBYTES(sp)
    80000160:	e0a2                	sd	s0,64(sp)
    SREG x9, 9*REGBYTES(sp)
    80000162:	e4a6                	sd	s1,72(sp)
    SREG x10, 10*REGBYTES(sp)
    80000164:	e8aa                	sd	a0,80(sp)
    SREG x11, 11*REGBYTES(sp)
    80000166:	ecae                	sd	a1,88(sp)
    SREG x12, 12*REGBYTES(sp)
    80000168:	f0b2                	sd	a2,96(sp)
    SREG x13, 13*REGBYTES(sp)
    8000016a:	f4b6                	sd	a3,104(sp)
    SREG x14, 14*REGBYTES(sp)
    8000016c:	f8ba                	sd	a4,112(sp)
    SREG x15, 15*REGBYTES(sp)
    8000016e:	fcbe                	sd	a5,120(sp)
    SREG x16, 16*REGBYTES(sp)
    80000170:	e142                	sd	a6,128(sp)
    SREG x17, 17*REGBYTES(sp)
    80000172:	e546                	sd	a7,136(sp)
    SREG x18, 18*REGBYTES(sp)
    80000174:	e94a                	sd	s2,144(sp)
    SREG x19, 19*REGBYTES(sp)
    80000176:	ed4e                	sd	s3,152(sp)
    SREG x20, 20*REGBYTES(sp)
    80000178:	f152                	sd	s4,160(sp)
    SREG x21, 21*REGBYTES(sp)
    8000017a:	f556                	sd	s5,168(sp)
    SREG x22, 22*REGBYTES(sp)
    8000017c:	f95a                	sd	s6,176(sp)
    SREG x23, 23*REGBYTES(sp)
    8000017e:	fd5e                	sd	s7,184(sp)
    SREG x24, 24*REGBYTES(sp)
    80000180:	e1e2                	sd	s8,192(sp)
    SREG x25, 25*REGBYTES(sp)
    80000182:	e5e6                	sd	s9,200(sp)
    SREG x26, 26*REGBYTES(sp)
    80000184:	e9ea                	sd	s10,208(sp)
    SREG x27, 27*REGBYTES(sp)
    80000186:	edee                	sd	s11,216(sp)
    SREG x28, 28*REGBYTES(sp)
    80000188:	f1f2                	sd	t3,224(sp)
    SREG x29, 29*REGBYTES(sp)
    8000018a:	f5f6                	sd	t4,232(sp)
    SREG x30, 30*REGBYTES(sp)
    8000018c:	f9fa                	sd	t5,240(sp)
    SREG x31, 31*REGBYTES(sp)
    8000018e:	fdfe                	sd	t6,248(sp)

    /* Invoke higher-level trap handler */
    csrr a0, mepc
    80000190:	34102573          	csrr	a0,mepc
    csrr a1, mcause
    80000194:	342025f3          	csrr	a1,mcause
    csrr a2, mtval
    80000198:	34302673          	csrr	a2,mtval
    mv a3, sp
    8000019c:	868a                	mv	a3,sp
    call handle_trap
    8000019e:	14a000ef          	jal	800002e8 <handle_trap>
    csrw mepc, a0
    800001a2:	34151073          	csrw	mepc,a0

    /* Remain in M-mode after return */
    li t0, MSTATUS_MPP
    800001a6:	6289                	lui	t0,0x2
    800001a8:	8002829b          	addiw	t0,t0,-2048 # 1800 <__stack_align+0x17f0>
    csrs mstatus, t0
    800001ac:	3002a073          	csrs	mstatus,t0

    LREG x1, 1*REGBYTES(sp)
    800001b0:	60a2                	ld	ra,8(sp)
    LREG x3, 3*REGBYTES(sp)
    800001b2:	61e2                	ld	gp,24(sp)
    LREG x4, 4*REGBYTES(sp)
    800001b4:	7202                	ld	tp,32(sp)
    LREG x5, 5*REGBYTES(sp)
    800001b6:	72a2                	ld	t0,40(sp)
    LREG x6, 6*REGBYTES(sp)
    800001b8:	7342                	ld	t1,48(sp)
    LREG x7, 7*REGBYTES(sp)
    800001ba:	73e2                	ld	t2,56(sp)
    LREG x8, 8*REGBYTES(sp)
    800001bc:	6406                	ld	s0,64(sp)
    LREG x9, 9*REGBYTES(sp)
    800001be:	64a6                	ld	s1,72(sp)
    LREG x10, 10*REGBYTES(sp)
    800001c0:	6546                	ld	a0,80(sp)
    LREG x11, 11*REGBYTES(sp)
    800001c2:	65e6                	ld	a1,88(sp)
    LREG x12, 12*REGBYTES(sp)
    800001c4:	7606                	ld	a2,96(sp)
    LREG x13, 13*REGBYTES(sp)
    800001c6:	76a6                	ld	a3,104(sp)
    LREG x14, 14*REGBYTES(sp)
    800001c8:	7746                	ld	a4,112(sp)
    LREG x15, 15*REGBYTES(sp)
    800001ca:	77e6                	ld	a5,120(sp)
    LREG x16, 16*REGBYTES(sp)
    800001cc:	680a                	ld	a6,128(sp)
    LREG x17, 17*REGBYTES(sp)
    800001ce:	68aa                	ld	a7,136(sp)
    LREG x18, 18*REGBYTES(sp)
    800001d0:	694a                	ld	s2,144(sp)
    LREG x19, 19*REGBYTES(sp)
    800001d2:	69ea                	ld	s3,152(sp)
    LREG x20, 20*REGBYTES(sp)
    800001d4:	7a0a                	ld	s4,160(sp)
    LREG x21, 21*REGBYTES(sp)
    800001d6:	7aaa                	ld	s5,168(sp)
    LREG x22, 22*REGBYTES(sp)
    800001d8:	7b4a                	ld	s6,176(sp)
    LREG x23, 23*REGBYTES(sp)
    800001da:	7bea                	ld	s7,184(sp)
    LREG x24, 24*REGBYTES(sp)
    800001dc:	6c0e                	ld	s8,192(sp)
    LREG x25, 25*REGBYTES(sp)
    800001de:	6cae                	ld	s9,200(sp)
    LREG x26, 26*REGBYTES(sp)
    800001e0:	6d4e                	ld	s10,208(sp)
    LREG x27, 27*REGBYTES(sp)
    800001e2:	6dee                	ld	s11,216(sp)
    LREG x28, 28*REGBYTES(sp)
    800001e4:	7e0e                	ld	t3,224(sp)
    LREG x29, 29*REGBYTES(sp)
    800001e6:	7eae                	ld	t4,232(sp)
    LREG x30, 30*REGBYTES(sp)
    800001e8:	7f4e                	ld	t5,240(sp)
    LREG x31, 31*REGBYTES(sp)
    800001ea:	7fee                	ld	t6,248(sp)
    /* Restore sp last */
    LREG x2, 2*REGBYTES(sp)
    800001ec:	6142                	ld	sp,16(sp)

    mret
    800001ee:	30200073          	mret

00000000800001f2 <_start_main>:
    .endm

    .global _start_main
    .type _start_main, @function
_start_main:
    BARRIER_PASS __boot_sync
    800001f2:	52fd                	li	t0,-1
    800001f4:	0110000f          	fence	w,w
    800001f8:	00006317          	auipc	t1,0x6
    800001fc:	de532423          	sw	t0,-536(t1) # 80005fe0 <__boot_sync>
    ENTER main
    80000200:	4505                	li	a0,1
    80000202:	00004597          	auipc	a1,0x4
    80000206:	82e58593          	addi	a1,a1,-2002 # 80003a30 <argv>
    8000020a:	8101b603          	ld	a2,-2032(gp) # 80003b48 <environ>
    8000020e:	02e000ef          	jal	8000023c <main>
    80000212:	61c0106f          	j	8000182e <exit>

0000000080000216 <_start_secondary>:

    .global _start_secondary
    .type _start_secondary, @function
_start_secondary:
    /* Synchronize secondary harts */
    BARRIER_WAIT __boot_sync
    80000216:	00006317          	auipc	t1,0x6
    8000021a:	dca32283          	lw	t0,-566(t1) # 80005fe0 <__boot_sync>
    8000021e:	fe028ee3          	beqz	t0,8000021a <_start_secondary+0x4>
    80000222:	0220000f          	fence	r,r
    ENTER __main
    80000226:	4505                	li	a0,1
    80000228:	00004597          	auipc	a1,0x4
    8000022c:	80858593          	addi	a1,a1,-2040 # 80003a30 <argv>
    80000230:	8101b603          	ld	a2,-2032(gp) # 80003b48 <environ>
    80000234:	710000ef          	jal	80000944 <__main>
    80000238:	5f60106f          	j	8000182e <exit>

000000008000023c <main>:
    8000023c:	fe010113          	addi	sp,sp,-32
    80000240:	00113c23          	sd	ra,24(sp)
    80000244:	15d000ef          	jal	80000ba0 <initialise_board>
    80000248:	58c010ef          	jal	800017d4 <initialise_benchmark>
    8000024c:	00100513          	li	a0,1
    80000250:	588010ef          	jal	800017d8 <warm_caches>
    80000254:	2d0000ef          	jal	80000524 <rStartup>
    80000258:	151000ef          	jal	80000ba8 <start_trigger>
    8000025c:	580010ef          	jal	800017dc <benchmark>
    80000260:	00a12623          	sw	a0,12(sp)
    80000264:	14d000ef          	jal	80000bb0 <stop_trigger>
    80000268:	698000ef          	jal	80000900 <rCleanup>
    8000026c:	00c12503          	lw	a0,12(sp)
    80000270:	538010ef          	jal	800017a8 <verify_benchmark>
    80000274:	01813083          	ld	ra,24(sp)
    80000278:	00153513          	seqz	a0,a0
    8000027c:	02010113          	addi	sp,sp,32
    80000280:	00008067          	ret

0000000080000284 <mtimecmp_cfg>:
    80000284:	f1402873          	csrr	a6,mhartid
    80000288:	004017b7          	lui	a5,0x401
    8000028c:	80078793          	addi	a5,a5,-2048 # 400800 <__heap_size+0x3e0800>
    80000290:	00f80833          	add	a6,a6,a5
    80000294:	0200c6b7          	lui	a3,0x200c
    80000298:	0200c537          	lui	a0,0x200c
    8000029c:	00381813          	slli	a6,a6,0x3
    800002a0:	ffc68693          	addi	a3,a3,-4 # 200bffc <__heap_size+0x1febffc>
    800002a4:	ff850513          	addi	a0,a0,-8 # 200bff8 <__heap_size+0x1febff8>
    800002a8:	0006a703          	lw	a4,0(a3)
    800002ac:	00052783          	lw	a5,0(a0)
    800002b0:	0006a583          	lw	a1,0(a3)
    800002b4:	0007061b          	sext.w	a2,a4
    800002b8:	0007879b          	sext.w	a5,a5
    800002bc:	feb716e3          	bne	a4,a1,800002a8 <mtimecmp_cfg+0x24>
    800002c0:	02079793          	slli	a5,a5,0x20
    800002c4:	0207d793          	srli	a5,a5,0x20
    800002c8:	02061613          	slli	a2,a2,0x20
    800002cc:	00f66633          	or	a2,a2,a5
    800002d0:	02060613          	addi	a2,a2,32
    800002d4:	0006079b          	sext.w	a5,a2
    800002d8:	00f82023          	sw	a5,0(a6)
    800002dc:	42065613          	srai	a2,a2,0x20
    800002e0:	00c82223          	sw	a2,4(a6)
    800002e4:	00008067          	ret

00000000800002e8 <handle_trap>:
    800002e8:	f14027f3          	csrr	a5,mhartid
    800002ec:	0805dc63          	bgez	a1,80000384 <handle_trap+0x9c>
    800002f0:	34402773          	csrr	a4,mip
    800002f4:	00877713          	andi	a4,a4,8
    800002f8:	00070c63          	beqz	a4,80000310 <handle_trap+0x28>
    800002fc:	00800737          	lui	a4,0x800
    80000300:	00e787b3          	add	a5,a5,a4
    80000304:	00279793          	slli	a5,a5,0x2
    80000308:	0007a023          	sw	zero,0(a5)
    8000030c:	00008067          	ret
    80000310:	34402773          	csrr	a4,mip
    80000314:	08077713          	andi	a4,a4,128
    80000318:	06070a63          	beqz	a4,8000038c <handle_trap+0xa4>
    8000031c:	06079e63          	bnez	a5,80000398 <handle_trap+0xb0>
    80000320:	8881a783          	lw	a5,-1912(gp) # 80003bc0 <timer_flags>
    80000324:	88818713          	addi	a4,gp,-1912 # 80003bc0 <timer_flags>
    80000328:	0017879b          	addiw	a5,a5,1
    8000032c:	00f72023          	sw	a5,0(a4) # 800000 <__heap_size+0x7e0000>
    80000330:	00072683          	lw	a3,0(a4)
    80000334:	03100793          	li	a5,49
    80000338:	0cd7ce63          	blt	a5,a3,80000414 <handle_trap+0x12c>
    8000033c:	0200c6b7          	lui	a3,0x200c
    80000340:	0200c837          	lui	a6,0x200c
    80000344:	ffc68693          	addi	a3,a3,-4 # 200bffc <__heap_size+0x1febffc>
    80000348:	ff880813          	addi	a6,a6,-8 # 200bff8 <__heap_size+0x1febff8>
    8000034c:	0006a703          	lw	a4,0(a3)
    80000350:	00082783          	lw	a5,0(a6)
    80000354:	0006a603          	lw	a2,0(a3)
    80000358:	0007059b          	sext.w	a1,a4
    8000035c:	0007879b          	sext.w	a5,a5
    80000360:	fec716e3          	bne	a4,a2,8000034c <handle_trap+0x64>
    80000364:	02079793          	slli	a5,a5,0x20
    80000368:	02059593          	slli	a1,a1,0x20
    8000036c:	0207d793          	srli	a5,a5,0x20
    80000370:	00f5e7b3          	or	a5,a1,a5
    80000374:	02078793          	addi	a5,a5,32
    80000378:	02004737          	lui	a4,0x2004
    8000037c:	00f73023          	sd	a5,0(a4) # 2004000 <__heap_size+0x1fe4000>
    80000380:	00008067          	ret
    80000384:	00b00793          	li	a5,11
    80000388:	00f58463          	beq	a1,a5,80000390 <handle_trap+0xa8>
    8000038c:	00008067          	ret
    80000390:	00450513          	addi	a0,a0,4
    80000394:	00008067          	ret
    80000398:	00100713          	li	a4,1
    8000039c:	08e78e63          	beq	a5,a4,80000438 <handle_trap+0x150>
    800003a0:	00200713          	li	a4,2
    800003a4:	0ee78c63          	beq	a5,a4,8000049c <handle_trap+0x1b4>
    800003a8:	00300713          	li	a4,3
    800003ac:	fee790e3          	bne	a5,a4,8000038c <handle_trap+0xa4>
    800003b0:	8941a783          	lw	a5,-1900(gp) # 80003bcc <timer_flags+0xc>
    800003b4:	88818713          	addi	a4,gp,-1912 # 80003bc0 <timer_flags>
    800003b8:	0017879b          	addiw	a5,a5,1
    800003bc:	00f72623          	sw	a5,12(a4)
    800003c0:	00c72683          	lw	a3,12(a4)
    800003c4:	03100793          	li	a5,49
    800003c8:	14d7c863          	blt	a5,a3,80000518 <handle_trap+0x230>
    800003cc:	0200c6b7          	lui	a3,0x200c
    800003d0:	0200c837          	lui	a6,0x200c
    800003d4:	ffc68693          	addi	a3,a3,-4 # 200bffc <__heap_size+0x1febffc>
    800003d8:	ff880813          	addi	a6,a6,-8 # 200bff8 <__heap_size+0x1febff8>
    800003dc:	0006a703          	lw	a4,0(a3)
    800003e0:	00082783          	lw	a5,0(a6)
    800003e4:	0006a603          	lw	a2,0(a3)
    800003e8:	0007059b          	sext.w	a1,a4
    800003ec:	0007879b          	sext.w	a5,a5
    800003f0:	fec716e3          	bne	a4,a2,800003dc <handle_trap+0xf4>
    800003f4:	02079793          	slli	a5,a5,0x20
    800003f8:	02059593          	slli	a1,a1,0x20
    800003fc:	0207d793          	srli	a5,a5,0x20
    80000400:	00f5e7b3          	or	a5,a1,a5
    80000404:	02004737          	lui	a4,0x2004
    80000408:	02078793          	addi	a5,a5,32
    8000040c:	00f73c23          	sd	a5,24(a4) # 2004018 <__heap_size+0x1fe4018>
    80000410:	00008067          	ret
    80000414:	00072703          	lw	a4,0(a4)
    80000418:	f6e7dae3          	bge	a5,a4,8000038c <handle_trap+0xa4>
    8000041c:	304027f3          	csrr	a5,mie
    80000420:	f7f7f793          	andi	a5,a5,-129
    80000424:	30479073          	csrw	mie,a5
    80000428:	300027f3          	csrr	a5,mstatus
    8000042c:	ff77f793          	andi	a5,a5,-9
    80000430:	30079073          	csrw	mstatus,a5
    80000434:	00008067          	ret
    80000438:	88c1a783          	lw	a5,-1908(gp) # 80003bc4 <timer_flags+0x4>
    8000043c:	88818713          	addi	a4,gp,-1912 # 80003bc0 <timer_flags>
    80000440:	0017879b          	addiw	a5,a5,1
    80000444:	00f72223          	sw	a5,4(a4)
    80000448:	00472683          	lw	a3,4(a4)
    8000044c:	03100793          	li	a5,49
    80000450:	0ad7c863          	blt	a5,a3,80000500 <handle_trap+0x218>
    80000454:	0200c6b7          	lui	a3,0x200c
    80000458:	0200c837          	lui	a6,0x200c
    8000045c:	ffc68693          	addi	a3,a3,-4 # 200bffc <__heap_size+0x1febffc>
    80000460:	ff880813          	addi	a6,a6,-8 # 200bff8 <__heap_size+0x1febff8>
    80000464:	0006a703          	lw	a4,0(a3)
    80000468:	00082783          	lw	a5,0(a6)
    8000046c:	0006a603          	lw	a2,0(a3)
    80000470:	0007059b          	sext.w	a1,a4
    80000474:	0007879b          	sext.w	a5,a5
    80000478:	fec716e3          	bne	a4,a2,80000464 <handle_trap+0x17c>
    8000047c:	02079793          	slli	a5,a5,0x20
    80000480:	02059593          	slli	a1,a1,0x20
    80000484:	0207d793          	srli	a5,a5,0x20
    80000488:	00f5e7b3          	or	a5,a1,a5
    8000048c:	02004737          	lui	a4,0x2004
    80000490:	02078793          	addi	a5,a5,32
    80000494:	00f73423          	sd	a5,8(a4) # 2004008 <__heap_size+0x1fe4008>
    80000498:	00008067          	ret
    8000049c:	8901a783          	lw	a5,-1904(gp) # 80003bc8 <timer_flags+0x8>
    800004a0:	88818713          	addi	a4,gp,-1912 # 80003bc0 <timer_flags>
    800004a4:	0017879b          	addiw	a5,a5,1
    800004a8:	00f72423          	sw	a5,8(a4)
    800004ac:	00872683          	lw	a3,8(a4)
    800004b0:	03100793          	li	a5,49
    800004b4:	04d7cc63          	blt	a5,a3,8000050c <handle_trap+0x224>
    800004b8:	0200c6b7          	lui	a3,0x200c
    800004bc:	0200c837          	lui	a6,0x200c
    800004c0:	ffc68693          	addi	a3,a3,-4 # 200bffc <__heap_size+0x1febffc>
    800004c4:	ff880813          	addi	a6,a6,-8 # 200bff8 <__heap_size+0x1febff8>
    800004c8:	0006a703          	lw	a4,0(a3)
    800004cc:	00082783          	lw	a5,0(a6)
    800004d0:	0006a603          	lw	a2,0(a3)
    800004d4:	0007059b          	sext.w	a1,a4
    800004d8:	0007879b          	sext.w	a5,a5
    800004dc:	fec716e3          	bne	a4,a2,800004c8 <handle_trap+0x1e0>
    800004e0:	02079793          	slli	a5,a5,0x20
    800004e4:	02059593          	slli	a1,a1,0x20
    800004e8:	0207d793          	srli	a5,a5,0x20
    800004ec:	00f5e7b3          	or	a5,a1,a5
    800004f0:	02004737          	lui	a4,0x2004
    800004f4:	02078793          	addi	a5,a5,32
    800004f8:	00f73823          	sd	a5,16(a4) # 2004010 <__heap_size+0x1fe4010>
    800004fc:	00008067          	ret
    80000500:	00472703          	lw	a4,4(a4)
    80000504:	e8e7d4e3          	bge	a5,a4,8000038c <handle_trap+0xa4>
    80000508:	f15ff06f          	j	8000041c <handle_trap+0x134>
    8000050c:	00872703          	lw	a4,8(a4)
    80000510:	e6e7dee3          	bge	a5,a4,8000038c <handle_trap+0xa4>
    80000514:	f09ff06f          	j	8000041c <handle_trap+0x134>
    80000518:	00c72703          	lw	a4,12(a4)
    8000051c:	e6e7d8e3          	bge	a5,a4,8000038c <handle_trap+0xa4>
    80000520:	efdff06f          	j	8000041c <handle_trap+0x134>

0000000080000524 <rStartup>:
    80000524:	ff010113          	addi	sp,sp,-16
    80000528:	00113423          	sd	ra,8(sp)
    8000052c:	00813023          	sd	s0,0(sp)
    80000530:	00400593          	li	a1,4
    80000534:	3805a02b          	.word	0x3805a02b
    80000538:	006405b7          	lui	a1,0x640
    8000053c:	01258593          	addi	a1,a1,18 # 640012 <__heap_size+0x620012>
    80000540:	00200613          	li	a2,2
    80000544:	0cc5b02b          	.word	0x0cc5b02b
    80000548:	106405b7          	lui	a1,0x10640
    8000054c:	01258593          	addi	a1,a1,18 # 10640012 <__heap_size+0x10620012>
    80000550:	0cc5b02b          	.word	0x0cc5b02b
    80000554:	206405b7          	lui	a1,0x20640
    80000558:	01258593          	addi	a1,a1,18 # 20640012 <__heap_size+0x20620012>
    8000055c:	0cc5b02b          	.word	0x0cc5b02b
    80000560:	306405b7          	lui	a1,0x30640
    80000564:	01258593          	addi	a1,a1,18 # 30640012 <__heap_size+0x30620012>
    80000568:	0cc5b02b          	.word	0x0cc5b02b
    8000056c:	406405b7          	lui	a1,0x40640
    80000570:	01258593          	addi	a1,a1,18 # 40640012 <__heap_size+0x40620012>
    80000574:	0cc5b02b          	.word	0x0cc5b02b
    80000578:	506405b7          	lui	a1,0x50640
    8000057c:	01258593          	addi	a1,a1,18 # 50640012 <__heap_size+0x50620012>
    80000580:	0cc5b02b          	.word	0x0cc5b02b
    80000584:	606405b7          	lui	a1,0x60640
    80000588:	01258593          	addi	a1,a1,18 # 60640012 <__heap_size+0x60620012>
    8000058c:	0cc5b02b          	.word	0x0cc5b02b
    80000590:	20e405b7          	lui	a1,0x20e40
    80000594:	01258593          	addi	a1,a1,18 # 20e40012 <__heap_size+0x20e20012>
    80000598:	0cc5b02b          	.word	0x0cc5b02b
    8000059c:	30e405b7          	lui	a1,0x30e40
    800005a0:	01258593          	addi	a1,a1,18 # 30e40012 <__heap_size+0x30e20012>
    800005a4:	0cc5b02b          	.word	0x0cc5b02b
    800005a8:	40e405b7          	lui	a1,0x40e40
    800005ac:	01258593          	addi	a1,a1,18 # 40e40012 <__heap_size+0x40e20012>
    800005b0:	0cc5b02b          	.word	0x0cc5b02b
    800005b4:	02001737          	lui	a4,0x2001
    800005b8:	00671713          	slli	a4,a4,0x6
    800005bc:	00100693          	li	a3,1
    800005c0:	200007b7          	lui	a5,0x20000
    800005c4:	01270713          	addi	a4,a4,18 # 2001012 <__heap_size+0x1fe1012>
    800005c8:	10000537          	lui	a0,0x10000
    800005cc:	01f69693          	slli	a3,a3,0x1f
    800005d0:	00e7e5b3          	or	a1,a5,a4
    800005d4:	00200613          	li	a2,2
    800005d8:	0cc5b02b          	.word	0x0cc5b02b
    800005dc:	00a787b3          	add	a5,a5,a0
    800005e0:	fed798e3          	bne	a5,a3,800005d0 <rStartup+0xac>
    800005e4:	02011737          	lui	a4,0x2011
    800005e8:	00671713          	slli	a4,a4,0x6
    800005ec:	00100693          	li	a3,1
    800005f0:	200007b7          	lui	a5,0x20000
    800005f4:	01270713          	addi	a4,a4,18 # 2011012 <__heap_size+0x1ff1012>
    800005f8:	10000537          	lui	a0,0x10000
    800005fc:	01f69693          	slli	a3,a3,0x1f
    80000600:	00e7e5b3          	or	a1,a5,a4
    80000604:	00200613          	li	a2,2
    80000608:	0cc5b02b          	.word	0x0cc5b02b
    8000060c:	00a787b3          	add	a5,a5,a0
    80000610:	fed798e3          	bne	a5,a3,80000600 <rStartup+0xdc>
    80000614:	046605b7          	lui	a1,0x4660
    80000618:	02258593          	addi	a1,a1,34 # 4660022 <__heap_size+0x4640022>
    8000061c:	0cc5b02b          	.word	0x0cc5b02b
    80000620:	146605b7          	lui	a1,0x14660
    80000624:	02258593          	addi	a1,a1,34 # 14660022 <__heap_size+0x14640022>
    80000628:	0cc5b02b          	.word	0x0cc5b02b
    8000062c:	246605b7          	lui	a1,0x24660
    80000630:	02258593          	addi	a1,a1,34 # 24660022 <__heap_size+0x24640022>
    80000634:	0cc5b02b          	.word	0x0cc5b02b
    80000638:	346605b7          	lui	a1,0x34660
    8000063c:	02258593          	addi	a1,a1,34 # 34660022 <__heap_size+0x34640022>
    80000640:	0cc5b02b          	.word	0x0cc5b02b
    80000644:	24e605b7          	lui	a1,0x24e60
    80000648:	02258593          	addi	a1,a1,34 # 24e60022 <__heap_size+0x24e40022>
    8000064c:	0cc5b02b          	.word	0x0cc5b02b
    80000650:	34e605b7          	lui	a1,0x34e60
    80000654:	02258593          	addi	a1,a1,34 # 34e60022 <__heap_size+0x34e40022>
    80000658:	0cc5b02b          	.word	0x0cc5b02b
    8000065c:	44e605b7          	lui	a1,0x44e60
    80000660:	02258593          	addi	a1,a1,34 # 44e60022 <__heap_size+0x44e40022>
    80000664:	0cc5b02b          	.word	0x0cc5b02b
    80000668:	04043737          	lui	a4,0x4043
    8000066c:	00571713          	slli	a4,a4,0x5
    80000670:	00100693          	li	a3,1
    80000674:	200007b7          	lui	a5,0x20000
    80000678:	02270713          	addi	a4,a4,34 # 4043022 <__heap_size+0x4023022>
    8000067c:	10000537          	lui	a0,0x10000
    80000680:	01f69693          	slli	a3,a3,0x1f
    80000684:	00e7e5b3          	or	a1,a5,a4
    80000688:	00200613          	li	a2,2
    8000068c:	0cc5b02b          	.word	0x0cc5b02b
    80000690:	00a787b3          	add	a5,a5,a0
    80000694:	fed798e3          	bne	a5,a3,80000684 <rStartup+0x160>
    80000698:	04063737          	lui	a4,0x4063
    8000069c:	00571713          	slli	a4,a4,0x5
    800006a0:	00100693          	li	a3,1
    800006a4:	200007b7          	lui	a5,0x20000
    800006a8:	02270713          	addi	a4,a4,34 # 4063022 <__heap_size+0x4043022>
    800006ac:	10000537          	lui	a0,0x10000
    800006b0:	01f69693          	slli	a3,a3,0x1f
    800006b4:	00e7e5b3          	or	a1,a5,a4
    800006b8:	00200613          	li	a2,2
    800006bc:	0cc5b02b          	.word	0x0cc5b02b
    800006c0:	00a787b3          	add	a5,a5,a0
    800006c4:	fed798e3          	bne	a5,a3,800006b4 <rStartup+0x190>
    800006c8:	1e6205b7          	lui	a1,0x1e620
    800006cc:	03258593          	addi	a1,a1,50 # 1e620032 <__heap_size+0x1e600032>
    800006d0:	0cc5b02b          	.word	0x0cc5b02b
    800006d4:	2e6205b7          	lui	a1,0x2e620
    800006d8:	03258593          	addi	a1,a1,50 # 2e620032 <__heap_size+0x2e600032>
    800006dc:	0cc5b02b          	.word	0x0cc5b02b
    800006e0:	3e6205b7          	lui	a1,0x3e620
    800006e4:	03258593          	addi	a1,a1,50 # 3e620032 <__heap_size+0x3e600032>
    800006e8:	0cc5b02b          	.word	0x0cc5b02b
    800006ec:	5e6205b7          	lui	a1,0x5e620
    800006f0:	03258593          	addi	a1,a1,50 # 5e620032 <__heap_size+0x5e600032>
    800006f4:	0cc5b02b          	.word	0x0cc5b02b
    800006f8:	6e6205b7          	lui	a1,0x6e620
    800006fc:	03258593          	addi	a1,a1,50 # 6e620032 <__heap_size+0x6e600032>
    80000700:	0cc5b02b          	.word	0x0cc5b02b
    80000704:	7e6205b7          	lui	a1,0x7e620
    80000708:	03258593          	addi	a1,a1,50 # 7e620032 <__heap_size+0x7e600032>
    8000070c:	0cc5b02b          	.word	0x0cc5b02b
    80000710:	25ea05b7          	lui	a1,0x25ea0
    80000714:	01258593          	addi	a1,a1,18 # 25ea0012 <__heap_size+0x25e80012>
    80000718:	0cc5b02b          	.word	0x0cc5b02b
    8000071c:	35ea05b7          	lui	a1,0x35ea0
    80000720:	01258593          	addi	a1,a1,18 # 35ea0012 <__heap_size+0x35e80012>
    80000724:	0cc5b02b          	.word	0x0cc5b02b
    80000728:	102205b7          	lui	a1,0x10220
    8000072c:	00458593          	addi	a1,a1,4 # 10220004 <__heap_size+0x10200004>
    80000730:	0cc5b02b          	.word	0x0cc5b02b
    80000734:	202405b7          	lui	a1,0x20240
    80000738:	01458593          	addi	a1,a1,20 # 20240014 <__heap_size+0x20220014>
    8000073c:	0cc5b02b          	.word	0x0cc5b02b
    80000740:	302605b7          	lui	a1,0x30260
    80000744:	02458593          	addi	a1,a1,36 # 30260024 <__heap_size+0x30240024>
    80000748:	0cc5b02b          	.word	0x0cc5b02b
    8000074c:	402805b7          	lui	a1,0x40280
    80000750:	03458593          	addi	a1,a1,52 # 40280034 <__heap_size+0x40260034>
    80000754:	0cc5b02b          	.word	0x0cc5b02b
    80000758:	00001f37          	lui	t5,0x1
    8000075c:	00001eb7          	lui	t4,0x1
    80000760:	00001e37          	lui	t3,0x1
    80000764:	00001337          	lui	t1,0x1
    80000768:	000018b7          	lui	a7,0x1
    8000076c:	00001837          	lui	a6,0x1
    80000770:	00001537          	lui	a0,0x1
    80000774:	08000693          	li	a3,128
    80000778:	00000713          	li	a4,0
    8000077c:	00100293          	li	t0,1
    80000780:	813f0f13          	addi	t5,t5,-2029 # 813 <__stack_align+0x803>
    80000784:	823e8e93          	addi	t4,t4,-2013 # 823 <__stack_align+0x813>
    80000788:	833e0e13          	addi	t3,t3,-1997 # 833 <__stack_align+0x823>
    8000078c:	87330313          	addi	t1,t1,-1933 # 873 <__stack_align+0x863>
    80000790:	c7388893          	addi	a7,a7,-909 # c73 <__stack_align+0xc63>
    80000794:	85380813          	addi	a6,a6,-1965 # 853 <__stack_align+0x843>
    80000798:	c5350513          	addi	a0,a0,-941 # c53 <__stack_align+0xc43>
    8000079c:	00400f93          	li	t6,4
    800007a0:	00e297bb          	sllw	a5,t0,a4
    800007a4:	01079793          	slli	a5,a5,0x10
    800007a8:	00d7e7b3          	or	a5,a5,a3
    800007ac:	01e7e5b3          	or	a1,a5,t5
    800007b0:	00200613          	li	a2,2
    800007b4:	0cc5b02b          	.word	0x0cc5b02b
    800007b8:	01d7e5b3          	or	a1,a5,t4
    800007bc:	0cc5b02b          	.word	0x0cc5b02b
    800007c0:	01c7e5b3          	or	a1,a5,t3
    800007c4:	0cc5b02b          	.word	0x0cc5b02b
    800007c8:	4137e593          	ori	a1,a5,1043
    800007cc:	0cc5b02b          	.word	0x0cc5b02b
    800007d0:	4237e593          	ori	a1,a5,1059
    800007d4:	0cc5b02b          	.word	0x0cc5b02b
    800007d8:	4337e593          	ori	a1,a5,1075
    800007dc:	0cc5b02b          	.word	0x0cc5b02b
    800007e0:	0067e5b3          	or	a1,a5,t1
    800007e4:	0cc5b02b          	.word	0x0cc5b02b
    800007e8:	4737e593          	ori	a1,a5,1139
    800007ec:	0cc5b02b          	.word	0x0cc5b02b
    800007f0:	0117e5b3          	or	a1,a5,a7
    800007f4:	0cc5b02b          	.word	0x0cc5b02b
    800007f8:	0107e5b3          	or	a1,a5,a6
    800007fc:	0cc5b02b          	.word	0x0cc5b02b
    80000800:	4537e593          	ori	a1,a5,1107
    80000804:	0cc5b02b          	.word	0x0cc5b02b
    80000808:	00a7e5b3          	or	a1,a5,a0
    8000080c:	0cc5b02b          	.word	0x0cc5b02b
    80000810:	0017071b          	addiw	a4,a4,1
    80000814:	08068693          	addi	a3,a3,128
    80000818:	f9f714e3          	bne	a4,t6,800007a0 <rStartup+0x27c>
    8000081c:	00500593          	li	a1,5
    80000820:	0cc5b02b          	.word	0x0cc5b02b
    80000824:	00f00593          	li	a1,15
    80000828:	fa05a02b          	.word	0xfa05a02b
    8000082c:	fc00452b          	.word	0xfc00452b
    80000830:	82818413          	addi	s0,gp,-2008 # 80003b60 <uart_lock>
    80000834:	00050593          	mv	a1,a0
    80000838:	00100713          	li	a4,1
    8000083c:	0ce427af          	amoswap.w.aq	a5,a4,(s0)
    80000840:	0007879b          	sext.w	a5,a5
    80000844:	fe079ce3          	bnez	a5,8000083c <rStartup+0x318>
    80000848:	00003517          	auipc	a0,0x3
    8000084c:	be050513          	addi	a0,a0,-1056 # 80003428 <__tbss_end+0x2>
    80000850:	492010ef          	jal	80001ce2 <iprintf>
    80000854:	0a04202f          	amoswap.w.rl	zero,zero,(s0)
    80000858:	304027f3          	csrr	a5,mie
    8000085c:	0087e793          	ori	a5,a5,8
    80000860:	30479073          	csrw	mie,a5
    80000864:	300027f3          	csrr	a5,mstatus
    80000868:	0087e793          	ori	a5,a5,8
    8000086c:	30079073          	csrw	mstatus,a5
    80000870:	f14027f3          	csrr	a5,mhartid
    80000874:	00800737          	lui	a4,0x800
    80000878:	00e787b3          	add	a5,a5,a4
    8000087c:	00279793          	slli	a5,a5,0x2
    80000880:	00100713          	li	a4,1
    80000884:	00e7a023          	sw	a4,0(a5) # 20000000 <__heap_size+0x1ffe0000>
    80000888:	3600452b          	.word	0x3600452b
    8000088c:	fe050ee3          	beqz	a0,80000888 <rStartup+0x364>
    80000890:	00100593          	li	a1,1
    80000894:	2c05a02b          	.word	0x2c05a02b
    80000898:	9edff0ef          	jal	80000284 <mtimecmp_cfg>
    8000089c:	304027f3          	csrr	a5,mie
    800008a0:	0807e793          	ori	a5,a5,128
    800008a4:	30479073          	csrw	mie,a5
    800008a8:	6200002b          	.word	0x6200002b
    800008ac:	00100593          	li	a1,1
    800008b0:	e005a02b          	.word	0xe005a02b
    800008b4:	00100713          	li	a4,1
    800008b8:	0ce427af          	amoswap.w.aq	a5,a4,(s0)
    800008bc:	0007879b          	sext.w	a5,a5
    800008c0:	fe079ce3          	bnez	a5,800008b8 <rStartup+0x394>
    800008c4:	000016b7          	lui	a3,0x1
    800008c8:	38868693          	addi	a3,a3,904 # 1388 <__stack_align+0x1378>
    800008cc:	00100613          	li	a2,1
    800008d0:	00000593          	li	a1,0
    800008d4:	00003517          	auipc	a0,0x3
    800008d8:	b7450513          	addi	a0,a0,-1164 # 80003448 <__tbss_end+0x22>
    800008dc:	406010ef          	jal	80001ce2 <iprintf>
    800008e0:	00003517          	auipc	a0,0x3
    800008e4:	bb050513          	addi	a0,a0,-1104 # 80003490 <__tbss_end+0x6a>
    800008e8:	3fa010ef          	jal	80001ce2 <iprintf>
    800008ec:	0a04202f          	amoswap.w.rl	zero,zero,(s0)
    800008f0:	00813083          	ld	ra,8(sp)
    800008f4:	00013403          	ld	s0,0(sp)
    800008f8:	01010113          	addi	sp,sp,16
    800008fc:	00008067          	ret

0000000080000900 <rCleanup>:
    80000900:	00200593          	li	a1,2
    80000904:	e005a02b          	.word	0xe005a02b
    80000908:	01a00793          	li	a5,26
    8000090c:	00000013          	nop
    80000910:	fff7879b          	addiw	a5,a5,-1
    80000914:	fe079ce3          	bnez	a5,8000090c <rCleanup+0xc>
    80000918:	6400002b          	.word	0x6400002b
    8000091c:	000207b7          	lui	a5,0x20
    80000920:	ffe78793          	addi	a5,a5,-2 # 1fffe <__stack_size+0x17ffe>
    80000924:	00000593          	li	a1,0
    80000928:	00000613          	li	a2,0
    8000092c:	0cc5f52b          	.word	0x0cc5f52b
    80000930:	fea7fae3          	bgeu	a5,a0,80000924 <rCleanup+0x24>
    80000934:	00200593          	li	a1,2
    80000938:	2c05a02b          	.word	0x2c05a02b
    8000093c:	6000002b          	.word	0x6000002b
    80000940:	00008067          	ret

0000000080000944 <__main>:
    80000944:	ff010113          	addi	sp,sp,-16
    80000948:	00113423          	sd	ra,8(sp)
    8000094c:	f14027f3          	csrr	a5,mhartid
    80000950:	00300713          	li	a4,3
    80000954:	0ae78e63          	beq	a5,a4,80000a10 <__main+0xcc>
    80000958:	0af76263          	bltu	a4,a5,800009fc <__main+0xb8>
    8000095c:	00100713          	li	a4,1
    80000960:	04e78a63          	beq	a5,a4,800009b4 <__main+0x70>
    80000964:	00200693          	li	a3,2
    80000968:	0ed79c63          	bne	a5,a3,80000a60 <__main+0x11c>
    8000096c:	304027f3          	csrr	a5,mie
    80000970:	0087e793          	ori	a5,a5,8
    80000974:	30479073          	csrw	mie,a5
    80000978:	300027f3          	csrr	a5,mstatus
    8000097c:	0087e793          	ori	a5,a5,8
    80000980:	30079073          	csrw	mstatus,a5
    80000984:	f14027f3          	csrr	a5,mhartid
    80000988:	008006b7          	lui	a3,0x800
    8000098c:	00d787b3          	add	a5,a5,a3
    80000990:	00279793          	slli	a5,a5,0x2
    80000994:	00e7a023          	sw	a4,0(a5)
    80000998:	8edff0ef          	jal	80000284 <mtimecmp_cfg>
    8000099c:	304027f3          	csrr	a5,mie
    800009a0:	0807e793          	ori	a5,a5,128
    800009a4:	30479073          	csrw	mie,a5
    800009a8:	00200513          	li	a0,2
    800009ac:	0b8000ef          	jal	80000a64 <checker>
    800009b0:	0000006f          	j	800009b0 <__main+0x6c>
    800009b4:	30402773          	csrr	a4,mie
    800009b8:	00876713          	ori	a4,a4,8
    800009bc:	30471073          	csrw	mie,a4
    800009c0:	30002773          	csrr	a4,mstatus
    800009c4:	00876713          	ori	a4,a4,8
    800009c8:	30071073          	csrw	mstatus,a4
    800009cc:	f1402773          	csrr	a4,mhartid
    800009d0:	008006b7          	lui	a3,0x800
    800009d4:	00d70733          	add	a4,a4,a3
    800009d8:	00271713          	slli	a4,a4,0x2
    800009dc:	00f72023          	sw	a5,0(a4) # 800000 <__heap_size+0x7e0000>
    800009e0:	8a5ff0ef          	jal	80000284 <mtimecmp_cfg>
    800009e4:	304027f3          	csrr	a5,mie
    800009e8:	0807e793          	ori	a5,a5,128
    800009ec:	30479073          	csrw	mie,a5
    800009f0:	00100513          	li	a0,1
    800009f4:	070000ef          	jal	80000a64 <checker>
    800009f8:	fb9ff06f          	j	800009b0 <__main+0x6c>
    800009fc:	00400713          	li	a4,4
    80000a00:	04e79e63          	bne	a5,a4,80000a5c <__main+0x118>
    80000a04:	00400513          	li	a0,4
    80000a08:	05c000ef          	jal	80000a64 <checker>
    80000a0c:	fa5ff06f          	j	800009b0 <__main+0x6c>
    80000a10:	304027f3          	csrr	a5,mie
    80000a14:	0087e793          	ori	a5,a5,8
    80000a18:	30479073          	csrw	mie,a5
    80000a1c:	300027f3          	csrr	a5,mstatus
    80000a20:	0087e793          	ori	a5,a5,8
    80000a24:	30079073          	csrw	mstatus,a5
    80000a28:	f14027f3          	csrr	a5,mhartid
    80000a2c:	00800737          	lui	a4,0x800
    80000a30:	00e787b3          	add	a5,a5,a4
    80000a34:	00279793          	slli	a5,a5,0x2
    80000a38:	00100713          	li	a4,1
    80000a3c:	00e7a023          	sw	a4,0(a5)
    80000a40:	845ff0ef          	jal	80000284 <mtimecmp_cfg>
    80000a44:	304027f3          	csrr	a5,mie
    80000a48:	0807e793          	ori	a5,a5,128
    80000a4c:	30479073          	csrw	mie,a5
    80000a50:	00300513          	li	a0,3
    80000a54:	010000ef          	jal	80000a64 <checker>
    80000a58:	f59ff06f          	j	800009b0 <__main+0x6c>
    80000a5c:	f55ff06f          	j	800009b0 <__main+0x6c>
    80000a60:	f51ff06f          	j	800009b0 <__main+0x6c>

0000000080000a64 <checker>:
    80000a64:	00100593          	li	a1,1
    80000a68:	0205a02b          	.word	0x0205a02b
    80000a6c:	2c05a02b          	.word	0x2c05a02b
    80000a70:	8000002b          	.word	0x8000002b
    80000a74:	a200002b          	.word	0xa200002b
    80000a78:	000015b7          	lui	a1,0x1
    80000a7c:	38858593          	addi	a1,a1,904 # 1388 <__stack_align+0x1378>
    80000a80:	f205a02b          	.word	0xf205a02b
    80000a84:	00100593          	li	a1,1
    80000a88:	ec05a02b          	.word	0xec05a02b
    80000a8c:	00000593          	li	a1,0
    80000a90:	ec05a02b          	.word	0xec05a02b
    80000a94:	02000593          	li	a1,32
    80000a98:	ec05a02b          	.word	0xec05a02b
    80000a9c:	00000593          	li	a1,0
    80000aa0:	ec05a02b          	.word	0xec05a02b
    80000aa4:	ea00002b          	.word	0xea00002b
    80000aa8:	e600002b          	.word	0xe600002b
    80000aac:	c800002b          	.word	0xc800002b
    80000ab0:	00200793          	li	a5,2
    80000ab4:	00800713          	li	a4,8
    80000ab8:	0100006f          	j	80000ac8 <checker+0x64>
    80000abc:	c200452b          	.word	0xc200452b
    80000ac0:	01857513          	andi	a0,a0,24
    80000ac4:	04e50a63          	beq	a0,a4,80000b18 <checker+0xb4>
    80000ac8:	0e00452b          	.word	0x0e00452b
    80000acc:	fef518e3          	bne	a0,a5,80000abc <checker+0x58>
    80000ad0:	04000593          	li	a1,64
    80000ad4:	ec05a02b          	.word	0xec05a02b
    80000ad8:	00000593          	li	a1,0
    80000adc:	ec05a02b          	.word	0xec05a02b
    80000ae0:	e400002b          	.word	0xe400002b
    80000ae4:	c000002b          	.word	0xc000002b
    80000ae8:	00000013          	nop
    80000aec:	00000013          	nop
    80000af0:	00000013          	nop
    80000af4:	00000013          	nop
    80000af8:	00000013          	nop
    80000afc:	00200793          	li	a5,2
    80000b00:	0e00452b          	.word	0x0e00452b
    80000b04:	fef51ee3          	bne	a0,a5,80000b00 <checker+0x9c>
    80000b08:	8600002b          	.word	0x8600002b
    80000b0c:	00200593          	li	a1,2
    80000b10:	2c05a02b          	.word	0x2c05a02b
    80000b14:	0000006f          	j	80000b14 <checker+0xb0>
    80000b18:	c000002b          	.word	0xc000002b
    80000b1c:	00001067          	.word	0x00001067
    80000b20:	fa9ff06f          	j	80000ac8 <checker+0x64>

0000000080000b24 <task_synthetic_malloc>:
    80000b24:	ff010113          	addi	sp,sp,-16
    80000b28:	00813023          	sd	s0,0(sp)
    80000b2c:	00050413          	mv	s0,a0
    80000b30:	08000513          	li	a0,128
    80000b34:	00113423          	sd	ra,8(sp)
    80000b38:	51d000ef          	jal	80001854 <malloc>
    80000b3c:	04050863          	beqz	a0,80000b8c <task_synthetic_malloc+0x68>
    80000b40:	0004069b          	sext.w	a3,s0
    80000b44:	00050793          	mv	a5,a0
    80000b48:	08050613          	addi	a2,a0,128
    80000b4c:	00050713          	mv	a4,a0
    80000b50:	00d72023          	sw	a3,0(a4) # 800000 <__heap_size+0x7e0000>
    80000b54:	00470713          	addi	a4,a4,4
    80000b58:	0016869b          	addiw	a3,a3,1 # 800001 <__heap_size+0x7e0001>
    80000b5c:	fec71ae3          	bne	a4,a2,80000b50 <task_synthetic_malloc+0x2c>
    80000b60:	00000413          	li	s0,0
    80000b64:	0007a703          	lw	a4,0(a5)
    80000b68:	00478793          	addi	a5,a5,4
    80000b6c:	0087043b          	addw	s0,a4,s0
    80000b70:	fec79ae3          	bne	a5,a2,80000b64 <task_synthetic_malloc+0x40>
    80000b74:	4ed000ef          	jal	80001860 <free>
    80000b78:	00813083          	ld	ra,8(sp)
    80000b7c:	00040513          	mv	a0,s0
    80000b80:	00013403          	ld	s0,0(sp)
    80000b84:	01010113          	addi	sp,sp,16
    80000b88:	00008067          	ret
    80000b8c:	00003517          	auipc	a0,0x3
    80000b90:	93450513          	addi	a0,a0,-1740 # 800034c0 <__tbss_end+0x9a>
    80000b94:	14e010ef          	jal	80001ce2 <iprintf>
    80000b98:	00000513          	li	a0,0
    80000b9c:	493000ef          	jal	8000182e <exit>

0000000080000ba0 <initialise_board>:
    80000ba0:	00000513          	li	a0,0
    80000ba4:	00008067          	ret

0000000080000ba8 <start_trigger>:
    80000ba8:	00000513          	li	a0,0
    80000bac:	00008067          	ret

0000000080000bb0 <stop_trigger>:
    80000bb0:	00000513          	li	a0,0
    80000bb4:	00008067          	ret

0000000080000bb8 <rand_beebs>:
    80000bb8:	84818713          	addi	a4,gp,-1976 # 80003b80 <seed>
    80000bbc:	00073503          	ld	a0,0(a4)
    80000bc0:	41c657b7          	lui	a5,0x41c65
    80000bc4:	e6d78793          	addi	a5,a5,-403 # 41c64e6d <__heap_size+0x41c44e6d>
    80000bc8:	02f50533          	mul	a0,a0,a5
    80000bcc:	000037b7          	lui	a5,0x3
    80000bd0:	03978793          	addi	a5,a5,57 # 3039 <__stack_align+0x3029>
    80000bd4:	00f50533          	add	a0,a0,a5
    80000bd8:	02151513          	slli	a0,a0,0x21
    80000bdc:	02155513          	srli	a0,a0,0x21
    80000be0:	00a73023          	sd	a0,0(a4)
    80000be4:	01055513          	srli	a0,a0,0x10
    80000be8:	00008067          	ret

0000000080000bec <srand_beebs>:
    80000bec:	02051513          	slli	a0,a0,0x20
    80000bf0:	02055513          	srli	a0,a0,0x20
    80000bf4:	84a1b423          	sd	a0,-1976(gp) # 80003b80 <seed>
    80000bf8:	00008067          	ret

0000000080000bfc <init_heap_beebs>:
    80000bfc:	0075f793          	andi	a5,a1,7
    80000c00:	00079c63          	bnez	a5,80000c18 <init_heap_beebs+0x1c>
    80000c04:	00b505b3          	add	a1,a0,a1
    80000c08:	84a1b023          	sd	a0,-1984(gp) # 80003b78 <heap_ptr>
    80000c0c:	82b1bc23          	sd	a1,-1992(gp) # 80003b70 <heap_end>
    80000c10:	8201b823          	sd	zero,-2000(gp) # 80003b68 <heap_requested>
    80000c14:	00008067          	ret
    80000c18:	ff010113          	addi	sp,sp,-16
    80000c1c:	00003697          	auipc	a3,0x3
    80000c20:	8c468693          	addi	a3,a3,-1852 # 800034e0 <__tbss_end+0xba>
    80000c24:	00003617          	auipc	a2,0x3
    80000c28:	bac60613          	addi	a2,a2,-1108 # 800037d0 <__func__.0>
    80000c2c:	04100593          	li	a1,65
    80000c30:	00003517          	auipc	a0,0x3
    80000c34:	8d050513          	addi	a0,a0,-1840 # 80003500 <__tbss_end+0xda>
    80000c38:	00113423          	sd	ra,8(sp)
    80000c3c:	3a9000ef          	jal	800017e4 <__assert_func>

0000000080000c40 <check_heap_beebs>:
    80000c40:	8301b783          	ld	a5,-2000(gp) # 80003b68 <heap_requested>
    80000c44:	00f507b3          	add	a5,a0,a5
    80000c48:	8381b503          	ld	a0,-1992(gp) # 80003b70 <heap_end>
    80000c4c:	00f53533          	sltu	a0,a0,a5
    80000c50:	00154513          	xori	a0,a0,1
    80000c54:	00008067          	ret

0000000080000c58 <malloc_beebs>:
    80000c58:	00050793          	mv	a5,a0
    80000c5c:	04050a63          	beqz	a0,80000cb0 <malloc_beebs+0x58>
    80000c60:	84018613          	addi	a2,gp,-1984 # 80003b78 <heap_ptr>
    80000c64:	00063503          	ld	a0,0(a2)
    80000c68:	83018693          	addi	a3,gp,-2000 # 80003b68 <heap_requested>
    80000c6c:	0006b583          	ld	a1,0(a3)
    80000c70:	00f50733          	add	a4,a0,a5
    80000c74:	00777813          	andi	a6,a4,7
    80000c78:	00b787b3          	add	a5,a5,a1
    80000c7c:	00081c63          	bnez	a6,80000c94 <malloc_beebs+0x3c>
    80000c80:	00f6b023          	sd	a5,0(a3)
    80000c84:	8381b783          	ld	a5,-1992(gp) # 80003b70 <heap_end>
    80000c88:	02e7e463          	bltu	a5,a4,80000cb0 <malloc_beebs+0x58>
    80000c8c:	00e63023          	sd	a4,0(a2)
    80000c90:	00008067          	ret
    80000c94:	00800593          	li	a1,8
    80000c98:	410585b3          	sub	a1,a1,a6
    80000c9c:	00b787b3          	add	a5,a5,a1
    80000ca0:	00f6b023          	sd	a5,0(a3)
    80000ca4:	00b70733          	add	a4,a4,a1
    80000ca8:	8381b783          	ld	a5,-1992(gp) # 80003b70 <heap_end>
    80000cac:	fee7f0e3          	bgeu	a5,a4,80000c8c <malloc_beebs+0x34>
    80000cb0:	00000513          	li	a0,0
    80000cb4:	00008067          	ret

0000000080000cb8 <calloc_beebs>:
    80000cb8:	02b50633          	mul	a2,a0,a1
    80000cbc:	06060a63          	beqz	a2,80000d30 <calloc_beebs+0x78>
    80000cc0:	84018513          	addi	a0,gp,-1984 # 80003b78 <heap_ptr>
    80000cc4:	00053783          	ld	a5,0(a0)
    80000cc8:	83018593          	addi	a1,gp,-2000 # 80003b68 <heap_requested>
    80000ccc:	0005b703          	ld	a4,0(a1)
    80000cd0:	00c786b3          	add	a3,a5,a2
    80000cd4:	0076f893          	andi	a7,a3,7
    80000cd8:	00e60733          	add	a4,a2,a4
    80000cdc:	02089c63          	bnez	a7,80000d14 <calloc_beebs+0x5c>
    80000ce0:	00e5b023          	sd	a4,0(a1)
    80000ce4:	8381b703          	ld	a4,-1992(gp) # 80003b70 <heap_end>
    80000ce8:	04d76463          	bltu	a4,a3,80000d30 <calloc_beebs+0x78>
    80000cec:	00d53023          	sd	a3,0(a0)
    80000cf0:	04078263          	beqz	a5,80000d34 <calloc_beebs+0x7c>
    80000cf4:	ff010113          	addi	sp,sp,-16
    80000cf8:	00000593          	li	a1,0
    80000cfc:	00078513          	mv	a0,a5
    80000d00:	00113423          	sd	ra,8(sp)
    80000d04:	29a010ef          	jal	80001f9e <memset>
    80000d08:	00813083          	ld	ra,8(sp)
    80000d0c:	01010113          	addi	sp,sp,16
    80000d10:	00008067          	ret
    80000d14:	00800813          	li	a6,8
    80000d18:	41180833          	sub	a6,a6,a7
    80000d1c:	01070733          	add	a4,a4,a6
    80000d20:	00e5b023          	sd	a4,0(a1)
    80000d24:	010686b3          	add	a3,a3,a6
    80000d28:	8381b703          	ld	a4,-1992(gp) # 80003b70 <heap_end>
    80000d2c:	fcd770e3          	bgeu	a4,a3,80000cec <calloc_beebs+0x34>
    80000d30:	00000793          	li	a5,0
    80000d34:	00078513          	mv	a0,a5
    80000d38:	00008067          	ret

0000000080000d3c <realloc_beebs>:
    80000d3c:	06050c63          	beqz	a0,80000db4 <realloc_beebs+0x78>
    80000d40:	fe010113          	addi	sp,sp,-32
    80000d44:	00813823          	sd	s0,16(sp)
    80000d48:	00050413          	mv	s0,a0
    80000d4c:	00058513          	mv	a0,a1
    80000d50:	00913423          	sd	s1,8(sp)
    80000d54:	00113c23          	sd	ra,24(sp)
    80000d58:	00058493          	mv	s1,a1
    80000d5c:	efdff0ef          	jal	80000c58 <malloc_beebs>
    80000d60:	02050e63          	beqz	a0,80000d9c <realloc_beebs+0x60>
    80000d64:	00040793          	mv	a5,s0
    80000d68:	00050713          	mv	a4,a0
    80000d6c:	00940633          	add	a2,s0,s1
    80000d70:	00048c63          	beqz	s1,80000d88 <realloc_beebs+0x4c>
    80000d74:	0007c683          	lbu	a3,0(a5)
    80000d78:	00178793          	addi	a5,a5,1
    80000d7c:	00170713          	addi	a4,a4,1
    80000d80:	fed70fa3          	sb	a3,-1(a4)
    80000d84:	fec798e3          	bne	a5,a2,80000d74 <realloc_beebs+0x38>
    80000d88:	01813083          	ld	ra,24(sp)
    80000d8c:	01013403          	ld	s0,16(sp)
    80000d90:	00813483          	ld	s1,8(sp)
    80000d94:	02010113          	addi	sp,sp,32
    80000d98:	00008067          	ret
    80000d9c:	01813083          	ld	ra,24(sp)
    80000da0:	01013403          	ld	s0,16(sp)
    80000da4:	00813483          	ld	s1,8(sp)
    80000da8:	00000513          	li	a0,0
    80000dac:	02010113          	addi	sp,sp,32
    80000db0:	00008067          	ret
    80000db4:	00000513          	li	a0,0
    80000db8:	00008067          	ret

0000000080000dbc <free_beebs>:
    80000dbc:	00008067          	ret

0000000080000dc0 <heap_adjust>:
    80000dc0:	01f65f1b          	srliw	t5,a2,0x1f
    80000dc4:	ff858593          	addi	a1,a1,-8
    80000dc8:	00369793          	slli	a5,a3,0x3
    80000dcc:	00cf0f3b          	addw	t5,t5,a2
    80000dd0:	00f587b3          	add	a5,a1,a5
    80000dd4:	401f5f1b          	sraiw	t5,t5,0x1
    80000dd8:	0007a383          	lw	t2,0(a5)
    80000ddc:	08df4863          	blt	t5,a3,80000e6c <heap_adjust+0xac>
    80000de0:	00339f93          	slli	t6,t2,0x3
    80000de4:	01f50fb3          	add	t6,a0,t6
    80000de8:	02c0006f          	j	80000e14 <heap_adjust+0x54>
    80000dec:	0017071b          	addiw	a4,a4,1
    80000df0:	00088813          	mv	a6,a7
    80000df4:	00028313          	mv	t1,t0
    80000df8:	000fb883          	ld	a7,0(t6)
    80000dfc:	00369693          	slli	a3,a3,0x3
    80000e00:	40d787b3          	sub	a5,a5,a3
    80000e04:	0708e463          	bltu	a7,a6,80000e6c <heap_adjust+0xac>
    80000e08:	0067b023          	sd	t1,0(a5)
    80000e0c:	06ef4463          	blt	t5,a4,80000e74 <heap_adjust+0xb4>
    80000e10:	00070693          	mv	a3,a4
    80000e14:	0016971b          	slliw	a4,a3,0x1
    80000e18:	00170793          	addi	a5,a4,1
    80000e1c:	00379893          	slli	a7,a5,0x3
    80000e20:	00371793          	slli	a5,a4,0x3
    80000e24:	00f587b3          	add	a5,a1,a5
    80000e28:	0007b303          	ld	t1,0(a5)
    80000e2c:	00078e13          	mv	t3,a5
    80000e30:	00331813          	slli	a6,t1,0x3
    80000e34:	01050833          	add	a6,a0,a6
    80000e38:	00083803          	ld	a6,0(a6)
    80000e3c:	fac75ee3          	bge	a4,a2,80000df8 <heap_adjust+0x38>
    80000e40:	01158e33          	add	t3,a1,a7
    80000e44:	000e3283          	ld	t0,0(t3)
    80000e48:	00329893          	slli	a7,t0,0x3
    80000e4c:	011508b3          	add	a7,a0,a7
    80000e50:	0008b883          	ld	a7,0(a7)
    80000e54:	f908ece3          	bltu	a7,a6,80000dec <heap_adjust+0x2c>
    80000e58:	000fb883          	ld	a7,0(t6)
    80000e5c:	00369693          	slli	a3,a3,0x3
    80000e60:	00078e13          	mv	t3,a5
    80000e64:	40d787b3          	sub	a5,a5,a3
    80000e68:	fb08f0e3          	bgeu	a7,a6,80000e08 <heap_adjust+0x48>
    80000e6c:	0077b023          	sd	t2,0(a5)
    80000e70:	00008067          	ret
    80000e74:	000e0793          	mv	a5,t3
    80000e78:	0077b023          	sd	t2,0(a5)
    80000e7c:	00008067          	ret

0000000080000e80 <compdecomp>:
    80000e80:	d8010113          	addi	sp,sp,-640
    80000e84:	ffffd2b7          	lui	t0,0xffffd
    80000e88:	26813823          	sd	s0,624(sp)
    80000e8c:	00158413          	addi	s0,a1,1
    80000e90:	26113c23          	sd	ra,632(sp)
    80000e94:	26913423          	sd	s1,616(sp)
    80000e98:	27213023          	sd	s2,608(sp)
    80000e9c:	25313c23          	sd	s3,600(sp)
    80000ea0:	25413823          	sd	s4,592(sp)
    80000ea4:	25513423          	sd	s5,584(sp)
    80000ea8:	25613023          	sd	s6,576(sp)
    80000eac:	23713c23          	sd	s7,568(sp)
    80000eb0:	23813823          	sd	s8,560(sp)
    80000eb4:	23913423          	sd	s9,552(sp)
    80000eb8:	23a13023          	sd	s10,544(sp)
    80000ebc:	00050993          	mv	s3,a0
    80000ec0:	00510133          	add	sp,sp,t0
    80000ec4:	00040513          	mv	a0,s0
    80000ec8:	00058493          	mv	s1,a1
    80000ecc:	d8dff0ef          	jal	80000c58 <malloc_beebs>
    80000ed0:	00040613          	mv	a2,s0
    80000ed4:	00000593          	li	a1,0
    80000ed8:	00003437          	lui	s0,0x3
    80000edc:	00050913          	mv	s2,a0
    80000ee0:	0be010ef          	jal	80001f9e <memset>
    80000ee4:	fffff7b7          	lui	a5,0xfffff
    80000ee8:	20040713          	addi	a4,s0,512 # 3200 <__stack_align+0x31f0>
    80000eec:	00f70733          	add	a4,a4,a5
    80000ef0:	02010793          	addi	a5,sp,32
    80000ef4:	00f707b3          	add	a5,a4,a5
    80000ef8:	00001637          	lui	a2,0x1
    80000efc:	00000593          	li	a1,0
    80000f00:	00078513          	mv	a0,a5
    80000f04:	00f13423          	sd	a5,8(sp)
    80000f08:	096010ef          	jal	80001f9e <memset>
    80000f0c:	ffffd537          	lui	a0,0xffffd
    80000f10:	20040793          	addi	a5,s0,512
    80000f14:	00a787b3          	add	a5,a5,a0
    80000f18:	02010713          	addi	a4,sp,32
    80000f1c:	00001637          	lui	a2,0x1
    80000f20:	00e78533          	add	a0,a5,a4
    80000f24:	80060613          	addi	a2,a2,-2048 # 800 <__stack_align+0x7f0>
    80000f28:	00000593          	li	a1,0
    80000f2c:	072010ef          	jal	80001f9e <memset>
    80000f30:	ffffe537          	lui	a0,0xffffe
    80000f34:	80050513          	addi	a0,a0,-2048 # ffffffffffffd800 <__heap_end+0xffffffff7ffd6800>
    80000f38:	20040793          	addi	a5,s0,512
    80000f3c:	00a787b3          	add	a5,a5,a0
    80000f40:	02010713          	addi	a4,sp,32
    80000f44:	00001637          	lui	a2,0x1
    80000f48:	00e78533          	add	a0,a5,a4
    80000f4c:	80060613          	addi	a2,a2,-2048 # 800 <__stack_align+0x7f0>
    80000f50:	00000593          	li	a1,0
    80000f54:	04a010ef          	jal	80001f9e <memset>
    80000f58:	ffffe537          	lui	a0,0xffffe
    80000f5c:	20040793          	addi	a5,s0,512
    80000f60:	00a787b3          	add	a5,a5,a0
    80000f64:	02010713          	addi	a4,sp,32
    80000f68:	00001637          	lui	a2,0x1
    80000f6c:	00e78533          	add	a0,a5,a4
    80000f70:	80060613          	addi	a2,a2,-2048 # 800 <__stack_align+0x7f0>
    80000f74:	00000593          	li	a1,0
    80000f78:	026010ef          	jal	80001f9e <memset>
    80000f7c:	ffffd537          	lui	a0,0xffffd
    80000f80:	e0050513          	addi	a0,a0,-512 # ffffffffffffce00 <__heap_end+0xffffffff7ffd5e00>
    80000f84:	20040793          	addi	a5,s0,512
    80000f88:	00a787b3          	add	a5,a5,a0
    80000f8c:	02010713          	addi	a4,sp,32
    80000f90:	10000613          	li	a2,256
    80000f94:	00000593          	li	a1,0
    80000f98:	00e78533          	add	a0,a5,a4
    80000f9c:	002010ef          	jal	80001f9e <memset>
    80000fa0:	02048863          	beqz	s1,80000fd0 <compdecomp+0x150>
    80000fa4:	00998633          	add	a2,s3,s1
    80000fa8:	00098713          	mv	a4,s3
    80000fac:	00074783          	lbu	a5,0(a4)
    80000fb0:	00813683          	ld	a3,8(sp)
    80000fb4:	00170713          	addi	a4,a4,1
    80000fb8:	00379793          	slli	a5,a5,0x3
    80000fbc:	00f687b3          	add	a5,a3,a5
    80000fc0:	0007b683          	ld	a3,0(a5) # fffffffffffff000 <__heap_end+0xffffffff7ffd8000>
    80000fc4:	00168693          	addi	a3,a3,1
    80000fc8:	00d7b023          	sd	a3,0(a5)
    80000fcc:	fec710e3          	bne	a4,a2,80000fac <compdecomp+0x12c>
    80000fd0:	00003737          	lui	a4,0x3
    80000fd4:	fffff437          	lui	s0,0xfffff
    80000fd8:	20070793          	addi	a5,a4,512 # 3200 <__stack_align+0x31f0>
    80000fdc:	008787b3          	add	a5,a5,s0
    80000fe0:	02010693          	addi	a3,sp,32
    80000fe4:	ffffd5b7          	lui	a1,0xffffd
    80000fe8:	20070713          	addi	a4,a4,512
    80000fec:	00d78433          	add	s0,a5,a3
    80000ff0:	00b70733          	add	a4,a4,a1
    80000ff4:	02010613          	addi	a2,sp,32
    80000ff8:	00040693          	mv	a3,s0
    80000ffc:	00000a13          	li	s4,0
    80001000:	00000793          	li	a5,0
    80001004:	00c705b3          	add	a1,a4,a2
    80001008:	10000513          	li	a0,256
    8000100c:	0006b603          	ld	a2,0(a3)
    80001010:	003a1713          	slli	a4,s4,0x3
    80001014:	00e58733          	add	a4,a1,a4
    80001018:	00060663          	beqz	a2,80001024 <compdecomp+0x1a4>
    8000101c:	00f73023          	sd	a5,0(a4)
    80001020:	001a0a13          	addi	s4,s4,1
    80001024:	00178793          	addi	a5,a5,1
    80001028:	00868693          	addi	a3,a3,8
    8000102c:	fea790e3          	bne	a5,a0,8000100c <compdecomp+0x18c>
    80001030:	140a0463          	beqz	s4,80001178 <compdecomp+0x2f8>
    80001034:	000036b7          	lui	a3,0x3
    80001038:	ffffd7b7          	lui	a5,0xffffd
    8000103c:	20068713          	addi	a4,a3,512 # 3200 <__stack_align+0x31f0>
    80001040:	00f70733          	add	a4,a4,a5
    80001044:	02010793          	addi	a5,sp,32
    80001048:	00f707b3          	add	a5,a4,a5
    8000104c:	00f13423          	sd	a5,8(sp)
    80001050:	20068713          	addi	a4,a3,512
    80001054:	fffff7b7          	lui	a5,0xfffff
    80001058:	00f70733          	add	a4,a4,a5
    8000105c:	02010793          	addi	a5,sp,32
    80001060:	00f707b3          	add	a5,a4,a5
    80001064:	000a0b1b          	sext.w	s6,s4
    80001068:	000a0a93          	mv	s5,s4
    8000106c:	00f13823          	sd	a5,16(sp)
    80001070:	00813583          	ld	a1,8(sp)
    80001074:	01013503          	ld	a0,16(sp)
    80001078:	000a869b          	sext.w	a3,s5
    8000107c:	000b0613          	mv	a2,s6
    80001080:	fffa8a93          	addi	s5,s5,-1
    80001084:	d3dff0ef          	jal	80000dc0 <heap_adjust>
    80001088:	fe0a94e3          	bnez	s5,80001070 <compdecomp+0x1f0>
    8000108c:	00100793          	li	a5,1
    80001090:	0efa0263          	beq	s4,a5,80001174 <compdecomp+0x2f4>
    80001094:	00813703          	ld	a4,8(sp)
    80001098:	003a1793          	slli	a5,s4,0x3
    8000109c:	ff878c93          	addi	s9,a5,-8 # ffffffffffffeff8 <__heap_end+0xffffffff7ffd7ff8>
    800010a0:	01970cb3          	add	s9,a4,s9
    800010a4:	01013703          	ld	a4,16(sp)
    800010a8:	7f878793          	addi	a5,a5,2040
    800010ac:	0ffa0a13          	addi	s4,s4,255
    800010b0:	00f70b33          	add	s6,a4,a5
    800010b4:	00003737          	lui	a4,0x3
    800010b8:	ffffe7b7          	lui	a5,0xffffe
    800010bc:	20070713          	addi	a4,a4,512 # 3200 <__stack_align+0x31f0>
    800010c0:	00f70733          	add	a4,a4,a5
    800010c4:	02010793          	addi	a5,sp,32
    800010c8:	00f707b3          	add	a5,a4,a5
    800010cc:	00f13c23          	sd	a5,24(sp)
    800010d0:	10000b93          	li	s7,256
    800010d4:	000cb783          	ld	a5,0(s9)
    800010d8:	00813583          	ld	a1,8(sp)
    800010dc:	01013503          	ld	a0,16(sp)
    800010e0:	f00a0d1b          	addiw	s10,s4,-256
    800010e4:	00100693          	li	a3,1
    800010e8:	000d0613          	mv	a2,s10
    800010ec:	0005ba83          	ld	s5,0(a1) # ffffffffffffd000 <__heap_end+0xffffffff7ffd6000>
    800010f0:	00f5b023          	sd	a5,0(a1)
    800010f4:	ccdff0ef          	jal	80000dc0 <heap_adjust>
    800010f8:	00813783          	ld	a5,8(sp)
    800010fc:	01013703          	ld	a4,16(sp)
    80001100:	01013603          	ld	a2,16(sp)
    80001104:	0007b783          	ld	a5,0(a5) # ffffffffffffe000 <__heap_end+0xffffffff7ffd7000>
    80001108:	003a9693          	slli	a3,s5,0x3
    8000110c:	00d706b3          	add	a3,a4,a3
    80001110:	00379713          	slli	a4,a5,0x3
    80001114:	00e60733          	add	a4,a2,a4
    80001118:	0006b683          	ld	a3,0(a3)
    8000111c:	01813603          	ld	a2,24(sp)
    80001120:	00073703          	ld	a4,0(a4)
    80001124:	00813583          	ld	a1,8(sp)
    80001128:	01013503          	ld	a0,16(sp)
    8000112c:	002a9a93          	slli	s5,s5,0x2
    80001130:	00d70733          	add	a4,a4,a3
    80001134:	000a0c1b          	sext.w	s8,s4
    80001138:	01560ab3          	add	s5,a2,s5
    8000113c:	00279793          	slli	a5,a5,0x2
    80001140:	814aa023          	sw	s4,-2048(s5)
    80001144:	00f607b3          	add	a5,a2,a5
    80001148:	00eb3023          	sd	a4,0(s6)
    8000114c:	0145b023          	sd	s4,0(a1)
    80001150:	41800c3b          	negw	s8,s8
    80001154:	00100693          	li	a3,1
    80001158:	000d0613          	mv	a2,s10
    8000115c:	fffa0a13          	addi	s4,s4,-1
    80001160:	8187a023          	sw	s8,-2048(a5)
    80001164:	ff8c8c93          	addi	s9,s9,-8
    80001168:	c59ff0ef          	jal	80000dc0 <heap_adjust>
    8000116c:	ff8b0b13          	addi	s6,s6,-8
    80001170:	f77a12e3          	bne	s4,s7,800010d4 <compdecomp+0x254>
    80001174:	10100793          	li	a5,257
    80001178:	000036b7          	lui	a3,0x3
    8000117c:	ffffe737          	lui	a4,0xffffe
    80001180:	20068613          	addi	a2,a3,512 # 3200 <__stack_align+0x31f0>
    80001184:	00e60633          	add	a2,a2,a4
    80001188:	02010713          	addi	a4,sp,32
    8000118c:	00e60733          	add	a4,a2,a4
    80001190:	ffffdab7          	lui	s5,0xffffd
    80001194:	00279793          	slli	a5,a5,0x2
    80001198:	00070a13          	mv	s4,a4
    8000119c:	00f707b3          	add	a5,a4,a5
    800011a0:	e00a8a93          	addi	s5,s5,-512 # ffffffffffffce00 <__heap_end+0xffffffff7ffd5e00>
    800011a4:	00e13423          	sd	a4,8(sp)
    800011a8:	ffffe837          	lui	a6,0xffffe
    800011ac:	20068713          	addi	a4,a3,512
    800011b0:	02010613          	addi	a2,sp,32
    800011b4:	80080813          	addi	a6,a6,-2048 # ffffffffffffd800 <__heap_end+0xffffffff7ffd6800>
    800011b8:	00001337          	lui	t1,0x1
    800011bc:	01570733          	add	a4,a4,s5
    800011c0:	8007a023          	sw	zero,-2048(a5)
    800011c4:	20068793          	addi	a5,a3,512
    800011c8:	00c70ab3          	add	s5,a4,a2
    800011cc:	80030313          	addi	t1,t1,-2048 # 800 <__stack_align+0x7f0>
    800011d0:	010787b3          	add	a5,a5,a6
    800011d4:	00c78833          	add	a6,a5,a2
    800011d8:	00640333          	add	t1,s0,t1
    800011dc:	000a8513          	mv	a0,s5
    800011e0:	000a0593          	mv	a1,s4
    800011e4:	00000e13          	li	t3,0
    800011e8:	00000e93          	li	t4,0
    800011ec:	000a0893          	mv	a7,s4
    800011f0:	0200006f          	j	80001210 <compdecomp+0x390>
    800011f4:	00d5b023          	sd	a3,0(a1)
    800011f8:	00e50023          	sb	a4,0(a0)
    800011fc:	00840413          	addi	s0,s0,8 # fffffffffffff008 <__heap_end+0xffffffff7ffd8008>
    80001200:	00858593          	addi	a1,a1,8
    80001204:	00150513          	addi	a0,a0,1
    80001208:	00480813          	addi	a6,a6,4
    8000120c:	06830c63          	beq	t1,s0,80001284 <compdecomp+0x404>
    80001210:	00043683          	ld	a3,0(s0)
    80001214:	00000713          	li	a4,0
    80001218:	fc068ee3          	beqz	a3,800011f4 <compdecomp+0x374>
    8000121c:	00082783          	lw	a5,0(a6)
    80001220:	00000693          	li	a3,0
    80001224:	fc0788e3          	beqz	a5,800011f4 <compdecomp+0x374>
    80001228:	00100713          	li	a4,1
    8000122c:	00000613          	li	a2,0
    80001230:	0007d663          	bgez	a5,8000123c <compdecomp+0x3bc>
    80001234:	40f007bb          	negw	a5,a5
    80001238:	00e686b3          	add	a3,a3,a4
    8000123c:	00279793          	slli	a5,a5,0x2
    80001240:	00f887b3          	add	a5,a7,a5
    80001244:	8007a783          	lw	a5,-2048(a5)
    80001248:	00171713          	slli	a4,a4,0x1
    8000124c:	00160613          	addi	a2,a2,1
    80001250:	fe0790e3          	bnez	a5,80001230 <compdecomp+0x3b0>
    80001254:	0ff67713          	zext.b	a4,a2
    80001258:	00ce7463          	bgeu	t3,a2,80001260 <compdecomp+0x3e0>
    8000125c:	00060e13          	mv	t3,a2
    80001260:	f8defae3          	bgeu	t4,a3,800011f4 <compdecomp+0x374>
    80001264:	00d5b023          	sd	a3,0(a1)
    80001268:	00e50023          	sb	a4,0(a0)
    8000126c:	00840413          	addi	s0,s0,8
    80001270:	00068e93          	mv	t4,a3
    80001274:	00858593          	addi	a1,a1,8
    80001278:	00150513          	addi	a0,a0,1
    8000127c:	00480813          	addi	a6,a6,4
    80001280:	f88318e3          	bne	t1,s0,80001210 <compdecomp+0x390>
    80001284:	04000793          	li	a5,64
    80001288:	0fc7e263          	bltu	a5,t3,8000136c <compdecomp+0x4ec>
    8000128c:	0e0e8063          	beqz	t4,8000136c <compdecomp+0x4ec>
    80001290:	42048663          	beqz	s1,800016bc <compdecomp+0x83c>
    80001294:	00003637          	lui	a2,0x3
    80001298:	ffffd7b7          	lui	a5,0xffffd
    8000129c:	20060713          	addi	a4,a2,512 # 3200 <__stack_align+0x31f0>
    800012a0:	00f70733          	add	a4,a4,a5
    800012a4:	02010793          	addi	a5,sp,32
    800012a8:	00f707b3          	add	a5,a4,a5
    800012ac:	ffffe337          	lui	t1,0xffffe
    800012b0:	00f13423          	sd	a5,8(sp)
    800012b4:	20060793          	addi	a5,a2,512
    800012b8:	006787b3          	add	a5,a5,t1
    800012bc:	02010713          	addi	a4,sp,32
    800012c0:	00998fb3          	add	t6,s3,s1
    800012c4:	00098e93          	mv	t4,s3
    800012c8:	fff00513          	li	a0,-1
    800012cc:	00000693          	li	a3,0
    800012d0:	00000813          	li	a6,0
    800012d4:	00100f13          	li	t5,1
    800012d8:	00700e13          	li	t3,7
    800012dc:	00e78333          	add	t1,a5,a4
    800012e0:	000ec783          	lbu	a5,0(t4)
    800012e4:	00813703          	ld	a4,8(sp)
    800012e8:	00078893          	mv	a7,a5
    800012ec:	00f707b3          	add	a5,a4,a5
    800012f0:	e007c783          	lbu	a5,-512(a5) # ffffffffffffce00 <__heap_end+0xffffffff7ffd5e00>
    800012f4:	fff7861b          	addiw	a2,a5,-1
    800012f8:	00cf163b          	sllw	a2,t5,a2
    800012fc:	0a078863          	beqz	a5,800013ac <compdecomp+0x52c>
    80001300:	00000593          	li	a1,0
    80001304:	0400006f          	j	80001344 <compdecomp+0x4c4>
    80001308:	0ff7f693          	zext.b	a3,a5
    8000130c:	0015051b          	addiw	a0,a0,1
    80001310:	0008879b          	sext.w	a5,a7
    80001314:	00379713          	slli	a4,a5,0x3
    80001318:	00e30733          	add	a4,t1,a4
    8000131c:	00073703          	ld	a4,0(a4) # ffffffffffffe000 <__heap_end+0xffffffff7ffd7000>
    80001320:	00813283          	ld	t0,8(sp)
    80001324:	00158593          	addi	a1,a1,1
    80001328:	00e67733          	and	a4,a2,a4
    8000132c:	00f287b3          	add	a5,t0,a5
    80001330:	00070463          	beqz	a4,80001338 <compdecomp+0x4b8>
    80001334:	0016e693          	ori	a3,a3,1
    80001338:	e007c783          	lbu	a5,-512(a5)
    8000133c:	00165613          	srli	a2,a2,0x1
    80001340:	06f5f663          	bgeu	a1,a5,800013ac <compdecomp+0x52c>
    80001344:	0016979b          	slliw	a5,a3,0x1
    80001348:	fdc510e3          	bne	a0,t3,80001308 <compdecomp+0x488>
    8000134c:	010907b3          	add	a5,s2,a6
    80001350:	00d78023          	sb	a3,0(a5)
    80001354:	00180813          	addi	a6,a6,1
    80001358:	01048a63          	beq	s1,a6,8000136c <compdecomp+0x4ec>
    8000135c:	000ec883          	lbu	a7,0(t4)
    80001360:	00000513          	li	a0,0
    80001364:	00000693          	li	a3,0
    80001368:	fa9ff06f          	j	80001310 <compdecomp+0x490>
    8000136c:	000032b7          	lui	t0,0x3
    80001370:	00510133          	add	sp,sp,t0
    80001374:	27813083          	ld	ra,632(sp)
    80001378:	27013403          	ld	s0,624(sp)
    8000137c:	26813483          	ld	s1,616(sp)
    80001380:	26013903          	ld	s2,608(sp)
    80001384:	25813983          	ld	s3,600(sp)
    80001388:	25013a03          	ld	s4,592(sp)
    8000138c:	24813a83          	ld	s5,584(sp)
    80001390:	24013b03          	ld	s6,576(sp)
    80001394:	23813b83          	ld	s7,568(sp)
    80001398:	23013c03          	ld	s8,560(sp)
    8000139c:	22813c83          	ld	s9,552(sp)
    800013a0:	22013d03          	ld	s10,544(sp)
    800013a4:	28010113          	addi	sp,sp,640
    800013a8:	00008067          	ret
    800013ac:	001e8e93          	addi	t4,t4,1
    800013b0:	f3df98e3          	bne	t6,t4,800012e0 <compdecomp+0x460>
    800013b4:	00700793          	li	a5,7
    800013b8:	40a787bb          	subw	a5,a5,a0
    800013bc:	00f697bb          	sllw	a5,a3,a5
    800013c0:	01090833          	add	a6,s2,a6
    800013c4:	0ff7f793          	zext.b	a5,a5
    800013c8:	00003437          	lui	s0,0x3
    800013cc:	fffff737          	lui	a4,0xfffff
    800013d0:	80070713          	addi	a4,a4,-2048 # ffffffffffffe800 <__heap_end+0xffffffff7ffd7800>
    800013d4:	20040693          	addi	a3,s0,512 # 3200 <__stack_align+0x31f0>
    800013d8:	00e686b3          	add	a3,a3,a4
    800013dc:	02010713          	addi	a4,sp,32
    800013e0:	00e68733          	add	a4,a3,a4
    800013e4:	00001637          	lui	a2,0x1
    800013e8:	00f80023          	sb	a5,0(a6)
    800013ec:	00070513          	mv	a0,a4
    800013f0:	80060613          	addi	a2,a2,-2048 # 800 <__stack_align+0x7f0>
    800013f4:	00000593          	li	a1,0
    800013f8:	00e13423          	sd	a4,8(sp)
    800013fc:	3a3000ef          	jal	80001f9e <memset>
    80001400:	ffffd337          	lui	t1,0xffffd
    80001404:	f0030313          	addi	t1,t1,-256 # ffffffffffffcf00 <__heap_end+0xffffffff7ffd5f00>
    80001408:	20040793          	addi	a5,s0,512
    8000140c:	006787b3          	add	a5,a5,t1
    80001410:	02010713          	addi	a4,sp,32
    80001414:	00813e03          	ld	t3,8(sp)
    80001418:	00e78333          	add	t1,a5,a4
    8000141c:	00000813          	li	a6,0
    80001420:	00100f13          	li	t5,1
    80001424:	10000e93          	li	t4,256
    80001428:	0180006f          	j	80001440 <compdecomp+0x5c0>
    8000142c:	00180813          	addi	a6,a6,1
    80001430:	008a0a13          	addi	s4,s4,8
    80001434:	001a8a93          	addi	s5,s5,1
    80001438:	008e0e13          	addi	t3,t3,8
    8000143c:	05d80e63          	beq	a6,t4,80001498 <compdecomp+0x618>
    80001440:	000a3503          	ld	a0,0(s4)
    80001444:	000ac583          	lbu	a1,0(s5)
    80001448:	01030023          	sb	a6,0(t1)
    8000144c:	00130313          	addi	t1,t1,1
    80001450:	00b567b3          	or	a5,a0,a1
    80001454:	fc078ce3          	beqz	a5,8000142c <compdecomp+0x5ac>
    80001458:	fff5869b          	addiw	a3,a1,-1
    8000145c:	00df16bb          	sllw	a3,t5,a3
    80001460:	00000793          	li	a5,0
    80001464:	02058663          	beqz	a1,80001490 <compdecomp+0x610>
    80001468:	00000613          	li	a2,0
    8000146c:	00178893          	addi	a7,a5,1
    80001470:	00d57733          	and	a4,a0,a3
    80001474:	00179793          	slli	a5,a5,0x1
    80001478:	00178793          	addi	a5,a5,1
    8000147c:	00070463          	beqz	a4,80001484 <compdecomp+0x604>
    80001480:	00189793          	slli	a5,a7,0x1
    80001484:	00160613          	addi	a2,a2,1
    80001488:	0016d693          	srli	a3,a3,0x1
    8000148c:	fec590e3          	bne	a1,a2,8000146c <compdecomp+0x5ec>
    80001490:	00fe3023          	sd	a5,0(t3)
    80001494:	f99ff06f          	j	8000142c <compdecomp+0x5ac>
    80001498:	00003737          	lui	a4,0x3
    8000149c:	ffffffb7          	lui	t6,0xfffff
    800014a0:	808f8f93          	addi	t6,t6,-2040 # ffffffffffffe808 <__heap_end+0xffffffff7ffd7808>
    800014a4:	20070793          	addi	a5,a4,512 # 3200 <__stack_align+0x31f0>
    800014a8:	02010693          	addi	a3,sp,32
    800014ac:	01f787b3          	add	a5,a5,t6
    800014b0:	ffffd837          	lui	a6,0xffffd
    800014b4:	00d78fb3          	add	t6,a5,a3
    800014b8:	f0180813          	addi	a6,a6,-255 # ffffffffffffcf01 <__heap_end+0xffffffff7ffd5f01>
    800014bc:	20070793          	addi	a5,a4,512
    800014c0:	010787b3          	add	a5,a5,a6
    800014c4:	fffffeb7          	lui	t4,0xfffff
    800014c8:	00d78833          	add	a6,a5,a3
    800014cc:	20070793          	addi	a5,a4,512
    800014d0:	01d787b3          	add	a5,a5,t4
    800014d4:	00d78eb3          	add	t4,a5,a3
    800014d8:	20070713          	addi	a4,a4,512
    800014dc:	ffffd7b7          	lui	a5,0xffffd
    800014e0:	00f70733          	add	a4,a4,a5
    800014e4:	00d707b3          	add	a5,a4,a3
    800014e8:	000f8313          	mv	t1,t6
    800014ec:	00100893          	li	a7,1
    800014f0:	00f13423          	sd	a5,8(sp)
    800014f4:	10000f13          	li	t5,256
    800014f8:	00033503          	ld	a0,0(t1)
    800014fc:	00084e03          	lbu	t3,0(a6)
    80001500:	00080713          	mv	a4,a6
    80001504:	00030793          	mv	a5,t1
    80001508:	00088693          	mv	a3,a7
    8000150c:	01c0006f          	j	80001528 <compdecomp+0x6a8>
    80001510:	fff74583          	lbu	a1,-1(a4)
    80001514:	00c7b023          	sd	a2,0(a5) # ffffffffffffd000 <__heap_end+0xffffffff7ffd6000>
    80001518:	fff70713          	addi	a4,a4,-1
    8000151c:	00b700a3          	sb	a1,1(a4)
    80001520:	ff878793          	addi	a5,a5,-8
    80001524:	18068263          	beqz	a3,800016a8 <compdecomp+0x828>
    80001528:	ff87b603          	ld	a2,-8(a5)
    8000152c:	00068593          	mv	a1,a3
    80001530:	fff68693          	addi	a3,a3,-1
    80001534:	fcc56ee3          	bltu	a0,a2,80001510 <compdecomp+0x690>
    80001538:	00813703          	ld	a4,8(sp)
    8000153c:	00359793          	slli	a5,a1,0x3
    80001540:	00fe87b3          	add	a5,t4,a5
    80001544:	00b705b3          	add	a1,a4,a1
    80001548:	80a7b023          	sd	a0,-2048(a5)
    8000154c:	f1c58023          	sb	t3,-256(a1)
    80001550:	00188893          	addi	a7,a7,1
    80001554:	00830313          	addi	t1,t1,8
    80001558:	00180813          	addi	a6,a6,1
    8000155c:	f9e89ee3          	bne	a7,t5,800014f8 <compdecomp+0x678>
    80001560:	800eb503          	ld	a0,-2048(t4) # ffffffffffffe800 <__heap_end+0xffffffff7ffd7800>
    80001564:	16051263          	bnez	a0,800016c8 <compdecomp+0x848>
    80001568:	000fb783          	ld	a5,0(t6)
    8000156c:	00150513          	addi	a0,a0,1
    80001570:	008f8f93          	addi	t6,t6,8
    80001574:	fe078ae3          	beqz	a5,80001568 <compdecomp+0x6e8>
    80001578:	0c048063          	beqz	s1,80001638 <compdecomp+0x7b8>
    8000157c:	000036b7          	lui	a3,0x3
    80001580:	fffff737          	lui	a4,0xfffff
    80001584:	20068893          	addi	a7,a3,512 # 3200 <__stack_align+0x31f0>
    80001588:	00e888b3          	add	a7,a7,a4
    8000158c:	02010713          	addi	a4,sp,32
    80001590:	00e88733          	add	a4,a7,a4
    80001594:	fffff7b7          	lui	a5,0xfffff
    80001598:	80078793          	addi	a5,a5,-2048 # ffffffffffffe800 <__heap_end+0xffffffff7ffd7800>
    8000159c:	00e13423          	sd	a4,8(sp)
    800015a0:	20068713          	addi	a4,a3,512
    800015a4:	00f70733          	add	a4,a4,a5
    800015a8:	02010793          	addi	a5,sp,32
    800015ac:	00f708b3          	add	a7,a4,a5
    800015b0:	ffffdeb7          	lui	t4,0xffffd
    800015b4:	20068793          	addi	a5,a3,512
    800015b8:	01d787b3          	add	a5,a5,t4
    800015bc:	02010713          	addi	a4,sp,32
    800015c0:	00090e13          	mv	t3,s2
    800015c4:	00050593          	mv	a1,a0
    800015c8:	00000613          	li	a2,0
    800015cc:	08000813          	li	a6,128
    800015d0:	00000313          	li	t1,0
    800015d4:	00e78eb3          	add	t4,a5,a4
    800015d8:	00100f13          	li	t5,1
    800015dc:	000e4783          	lbu	a5,0(t3)
    800015e0:	0107f7b3          	and	a5,a5,a6
    800015e4:	0c078663          	beqz	a5,800016b0 <compdecomp+0x830>
    800015e8:	00160613          	addi	a2,a2,1
    800015ec:	00161613          	slli	a2,a2,0x1
    800015f0:	00813703          	ld	a4,8(sp)
    800015f4:	00359793          	slli	a5,a1,0x3
    800015f8:	00f707b3          	add	a5,a4,a5
    800015fc:	8007b683          	ld	a3,-2048(a5)
    80001600:	00158713          	addi	a4,a1,1
    80001604:	00371793          	slli	a5,a4,0x3
    80001608:	00f887b3          	add	a5,a7,a5
    8000160c:	00c6e663          	bltu	a3,a2,80001618 <compdecomp+0x798>
    80001610:	0180006f          	j	80001628 <compdecomp+0x7a8>
    80001614:	00170713          	addi	a4,a4,1 # fffffffffffff001 <__heap_end+0xffffffff7ffd8001>
    80001618:	0007b683          	ld	a3,0(a5)
    8000161c:	00070593          	mv	a1,a4
    80001620:	00878793          	addi	a5,a5,8
    80001624:	fec6e8e3          	bltu	a3,a2,80001614 <compdecomp+0x794>
    80001628:	04d60a63          	beq	a2,a3,8000167c <compdecomp+0x7fc>
    8000162c:	07e80863          	beq	a6,t5,8000169c <compdecomp+0x81c>
    80001630:	00185813          	srli	a6,a6,0x1
    80001634:	fa9364e3          	bltu	t1,s1,800015dc <compdecomp+0x75c>
    80001638:	000032b7          	lui	t0,0x3
    8000163c:	00510133          	add	sp,sp,t0
    80001640:	27813083          	ld	ra,632(sp)
    80001644:	27013403          	ld	s0,624(sp)
    80001648:	26813483          	ld	s1,616(sp)
    8000164c:	25813983          	ld	s3,600(sp)
    80001650:	25013a03          	ld	s4,592(sp)
    80001654:	24813a83          	ld	s5,584(sp)
    80001658:	24013b03          	ld	s6,576(sp)
    8000165c:	23813b83          	ld	s7,568(sp)
    80001660:	23013c03          	ld	s8,560(sp)
    80001664:	22813c83          	ld	s9,552(sp)
    80001668:	22013d03          	ld	s10,544(sp)
    8000166c:	00090513          	mv	a0,s2
    80001670:	26013903          	ld	s2,608(sp)
    80001674:	28010113          	addi	sp,sp,640
    80001678:	f44ff06f          	j	80000dbc <free_beebs>
    8000167c:	00be85b3          	add	a1,t4,a1
    80001680:	f005c783          	lbu	a5,-256(a1)
    80001684:	00198993          	addi	s3,s3,1
    80001688:	00130313          	addi	t1,t1,1
    8000168c:	fef98fa3          	sb	a5,-1(s3)
    80001690:	00050593          	mv	a1,a0
    80001694:	00000613          	li	a2,0
    80001698:	f9e81ce3          	bne	a6,t5,80001630 <compdecomp+0x7b0>
    8000169c:	001e0e13          	addi	t3,t3,1
    800016a0:	08000813          	li	a6,128
    800016a4:	f91ff06f          	j	80001634 <compdecomp+0x7b4>
    800016a8:	00000593          	li	a1,0
    800016ac:	e8dff06f          	j	80001538 <compdecomp+0x6b8>
    800016b0:	00161613          	slli	a2,a2,0x1
    800016b4:	00160613          	addi	a2,a2,1
    800016b8:	f39ff06f          	j	800015f0 <compdecomp+0x770>
    800016bc:	00090813          	mv	a6,s2
    800016c0:	00000793          	li	a5,0
    800016c4:	d05ff06f          	j	800013c8 <compdecomp+0x548>
    800016c8:	00000513          	li	a0,0
    800016cc:	eadff06f          	j	80001578 <compdecomp+0x6f8>

00000000800016d0 <benchmark_body>:
    800016d0:	0ca05863          	blez	a0,800017a0 <benchmark_body+0xd0>
    800016d4:	fd010113          	addi	sp,sp,-48
    800016d8:	02813023          	sd	s0,32(sp)
    800016dc:	00913c23          	sd	s1,24(sp)
    800016e0:	01213823          	sd	s2,16(sp)
    800016e4:	01313423          	sd	s3,8(sp)
    800016e8:	01413023          	sd	s4,0(sp)
    800016ec:	02113423          	sd	ra,40(sp)
    800016f0:	00050913          	mv	s2,a0
    800016f4:	00000493          	li	s1,0
    800016f8:	00002417          	auipc	s0,0x2
    800016fc:	03840413          	addi	s0,s0,56 # 80003730 <__tbss_end+0x30a>
    80001700:	00002a17          	auipc	s4,0x2
    80001704:	6d0a0a13          	addi	s4,s4,1744 # 80003dd0 <heap>
    80001708:	89818993          	addi	s3,gp,-1896 # 80003bd0 <test_data>
    8000170c:	000025b7          	lui	a1,0x2
    80001710:	000a0513          	mv	a0,s4
    80001714:	ce8ff0ef          	jal	80000bfc <init_heap_beebs>
    80001718:	00002717          	auipc	a4,0x2
    8000171c:	e3870713          	addi	a4,a4,-456 # 80003550 <__tbss_end+0x12a>
    80001720:	89818793          	addi	a5,gp,-1896 # 80003bd0 <test_data>
    80001724:	00073503          	ld	a0,0(a4)
    80001728:	00873583          	ld	a1,8(a4)
    8000172c:	01073603          	ld	a2,16(a4)
    80001730:	01873683          	ld	a3,24(a4)
    80001734:	00a7b023          	sd	a0,0(a5)
    80001738:	00b7b423          	sd	a1,8(a5)
    8000173c:	00c7b823          	sd	a2,16(a5)
    80001740:	00d7bc23          	sd	a3,24(a5)
    80001744:	02070713          	addi	a4,a4,32
    80001748:	02078793          	addi	a5,a5,32
    8000174c:	fc871ce3          	bne	a4,s0,80001724 <benchmark_body+0x54>
    80001750:	00043603          	ld	a2,0(s0)
    80001754:	00843683          	ld	a3,8(s0)
    80001758:	01042703          	lw	a4,16(s0)
    8000175c:	1f400593          	li	a1,500
    80001760:	00098513          	mv	a0,s3
    80001764:	00c7b023          	sd	a2,0(a5)
    80001768:	00d7b423          	sd	a3,8(a5)
    8000176c:	00e7a823          	sw	a4,16(a5)
    80001770:	0014849b          	addiw	s1,s1,1
    80001774:	f0cff0ef          	jal	80000e80 <compdecomp>
    80001778:	f8991ae3          	bne	s2,s1,8000170c <benchmark_body+0x3c>
    8000177c:	02813083          	ld	ra,40(sp)
    80001780:	02013403          	ld	s0,32(sp)
    80001784:	01813483          	ld	s1,24(sp)
    80001788:	01013903          	ld	s2,16(sp)
    8000178c:	00813983          	ld	s3,8(sp)
    80001790:	00013a03          	ld	s4,0(sp)
    80001794:	00000513          	li	a0,0
    80001798:	03010113          	addi	sp,sp,48
    8000179c:	00008067          	ret
    800017a0:	00000513          	li	a0,0
    800017a4:	00008067          	ret

00000000800017a8 <verify_benchmark>:
    800017a8:	ff010113          	addi	sp,sp,-16
    800017ac:	1f400613          	li	a2,500
    800017b0:	00002597          	auipc	a1,0x2
    800017b4:	03058593          	addi	a1,a1,48 # 800037e0 <orig_data>
    800017b8:	89818513          	addi	a0,gp,-1896 # 80003bd0 <test_data>
    800017bc:	00113423          	sd	ra,8(sp)
    800017c0:	614000ef          	jal	80001dd4 <memcmp>
    800017c4:	00813083          	ld	ra,8(sp)
    800017c8:	00153513          	seqz	a0,a0
    800017cc:	01010113          	addi	sp,sp,16
    800017d0:	00008067          	ret

00000000800017d4 <initialise_benchmark>:
    800017d4:	00008067          	ret

00000000800017d8 <warm_caches>:
    800017d8:	ef9ff06f          	j	800016d0 <benchmark_body>

00000000800017dc <benchmark>:
    800017dc:	00b00513          	li	a0,11
    800017e0:	ef1ff06f          	j	800016d0 <benchmark_body>

00000000800017e4 <__assert_func>:
    800017e4:	1141                	addi	sp,sp,-16
    800017e6:	00002797          	auipc	a5,0x2
    800017ea:	3527b783          	ld	a5,850(a5) # 80003b38 <_impure_ptr>
    800017ee:	8832                	mv	a6,a2
    800017f0:	e406                	sd	ra,8(sp)
    800017f2:	88aa                	mv	a7,a0
    800017f4:	872e                	mv	a4,a1
    800017f6:	6f88                	ld	a0,24(a5)
    800017f8:	8636                	mv	a2,a3
    800017fa:	00002797          	auipc	a5,0x2
    800017fe:	f4e78793          	addi	a5,a5,-178 # 80003748 <__tbss_end+0x322>
    80001802:	00081763          	bnez	a6,80001810 <__assert_func+0x2c>
    80001806:	00002797          	auipc	a5,0x2
    8000180a:	faa78793          	addi	a5,a5,-86 # 800037b0 <__tbss_end+0x38a>
    8000180e:	883e                	mv	a6,a5
    80001810:	86c6                	mv	a3,a7
    80001812:	00002597          	auipc	a1,0x2
    80001816:	f4658593          	addi	a1,a1,-186 # 80003758 <__tbss_end+0x332>
    8000181a:	412000ef          	jal	80001c2c <fiprintf>
    8000181e:	790000ef          	jal	80001fae <abort>

0000000080001822 <__assert>:
    80001822:	1141                	addi	sp,sp,-16
    80001824:	86b2                	mv	a3,a2
    80001826:	4601                	li	a2,0
    80001828:	e406                	sd	ra,8(sp)
    8000182a:	fbbff0ef          	jal	800017e4 <__assert_func>

000000008000182e <exit>:
    8000182e:	1141                	addi	sp,sp,-16
    80001830:	e022                	sd	s0,0(sp)
    80001832:	e406                	sd	ra,8(sp)
    80001834:	00002797          	auipc	a5,0x2
    80001838:	b2a78793          	addi	a5,a5,-1238 # 8000335e <__call_exitprocs>
    8000183c:	842a                	mv	s0,a0
    8000183e:	c781                	beqz	a5,80001846 <exit+0x18>
    80001840:	4581                	li	a1,0
    80001842:	31d010ef          	jal	8000335e <__call_exitprocs>
    80001846:	8601b783          	ld	a5,-1952(gp) # 80003b98 <__stdio_exit_handler>
    8000184a:	c391                	beqz	a5,8000184e <exit+0x20>
    8000184c:	9782                	jalr	a5
    8000184e:	8522                	mv	a0,s0
    80001850:	0a7010ef          	jal	800030f6 <_exit>

0000000080001854 <malloc>:
    80001854:	85aa                	mv	a1,a0
    80001856:	00002517          	auipc	a0,0x2
    8000185a:	2e253503          	ld	a0,738(a0) # 80003b38 <_impure_ptr>
    8000185e:	a0ad                	j	800018c8 <_malloc_r>

0000000080001860 <free>:
    80001860:	85aa                	mv	a1,a0
    80001862:	00002517          	auipc	a0,0x2
    80001866:	2d653503          	ld	a0,726(a0) # 80003b38 <_impure_ptr>
    8000186a:	7540006f          	j	80001fbe <_free_r>

000000008000186e <sbrk_aligned>:
    8000186e:	1101                	addi	sp,sp,-32
    80001870:	e04a                	sd	s2,0(sp)
    80001872:	85018913          	addi	s2,gp,-1968 # 80003b88 <__malloc_sbrk_start>
    80001876:	00093783          	ld	a5,0(s2)
    8000187a:	e822                	sd	s0,16(sp)
    8000187c:	e426                	sd	s1,8(sp)
    8000187e:	ec06                	sd	ra,24(sp)
    80001880:	84aa                	mv	s1,a0
    80001882:	842e                	mv	s0,a1
    80001884:	e791                	bnez	a5,80001890 <sbrk_aligned+0x22>
    80001886:	4581                	li	a1,0
    80001888:	6c2000ef          	jal	80001f4a <_sbrk_r>
    8000188c:	00a93023          	sd	a0,0(s2)
    80001890:	85a2                	mv	a1,s0
    80001892:	8526                	mv	a0,s1
    80001894:	6b6000ef          	jal	80001f4a <_sbrk_r>
    80001898:	597d                	li	s2,-1
    8000189a:	01251a63          	bne	a0,s2,800018ae <sbrk_aligned+0x40>
    8000189e:	547d                	li	s0,-1
    800018a0:	60e2                	ld	ra,24(sp)
    800018a2:	8522                	mv	a0,s0
    800018a4:	6442                	ld	s0,16(sp)
    800018a6:	64a2                	ld	s1,8(sp)
    800018a8:	6902                	ld	s2,0(sp)
    800018aa:	6105                	addi	sp,sp,32
    800018ac:	8082                	ret
    800018ae:	00750413          	addi	s0,a0,7
    800018b2:	9861                	andi	s0,s0,-8
    800018b4:	fe8506e3          	beq	a0,s0,800018a0 <sbrk_aligned+0x32>
    800018b8:	40a405b3          	sub	a1,s0,a0
    800018bc:	8526                	mv	a0,s1
    800018be:	68c000ef          	jal	80001f4a <_sbrk_r>
    800018c2:	fd251fe3          	bne	a0,s2,800018a0 <sbrk_aligned+0x32>
    800018c6:	bfe1                	j	8000189e <sbrk_aligned+0x30>

00000000800018c8 <_malloc_r>:
    800018c8:	00758793          	addi	a5,a1,7
    800018cc:	7179                	addi	sp,sp,-48
    800018ce:	9be1                	andi	a5,a5,-8
    800018d0:	ec26                	sd	s1,24(sp)
    800018d2:	e84a                	sd	s2,16(sp)
    800018d4:	f406                	sd	ra,40(sp)
    800018d6:	f022                	sd	s0,32(sp)
    800018d8:	e44e                	sd	s3,8(sp)
    800018da:	e052                	sd	s4,0(sp)
    800018dc:	07a1                	addi	a5,a5,8
    800018de:	4741                	li	a4,16
    800018e0:	892a                	mv	s2,a0
    800018e2:	44c1                	li	s1,16
    800018e4:	00e7e363          	bltu	a5,a4,800018ea <_malloc_r+0x22>
    800018e8:	84be                	mv	s1,a5
    800018ea:	80000737          	lui	a4,0x80000
    800018ee:	fff74713          	not	a4,a4
    800018f2:	00f76463          	bltu	a4,a5,800018fa <_malloc_r+0x32>
    800018f6:	00b4fe63          	bgeu	s1,a1,80001912 <_malloc_r+0x4a>
    800018fa:	47b1                	li	a5,12
    800018fc:	00f92023          	sw	a5,0(s2)
    80001900:	4501                	li	a0,0
    80001902:	70a2                	ld	ra,40(sp)
    80001904:	7402                	ld	s0,32(sp)
    80001906:	64e2                	ld	s1,24(sp)
    80001908:	6942                	ld	s2,16(sp)
    8000190a:	69a2                	ld	s3,8(sp)
    8000190c:	6a02                	ld	s4,0(sp)
    8000190e:	6145                	addi	sp,sp,48
    80001910:	8082                	ret
    80001912:	854a                	mv	a0,s2
    80001914:	0e4000ef          	jal	800019f8 <__malloc_lock>
    80001918:	85818993          	addi	s3,gp,-1960 # 80003b90 <__malloc_free_list>
    8000191c:	0009b783          	ld	a5,0(s3)
    80001920:	843e                	mv	s0,a5
    80001922:	ec21                	bnez	s0,8000197a <_malloc_r+0xb2>
    80001924:	85a6                	mv	a1,s1
    80001926:	854a                	mv	a0,s2
    80001928:	f47ff0ef          	jal	8000186e <sbrk_aligned>
    8000192c:	57fd                	li	a5,-1
    8000192e:	842a                	mv	s0,a0
    80001930:	0af51f63          	bne	a0,a5,800019ee <_malloc_r+0x126>
    80001934:	0009b403          	ld	s0,0(s3)
    80001938:	87a2                	mv	a5,s0
    8000193a:	efd1                	bnez	a5,800019d6 <_malloc_r+0x10e>
    8000193c:	c055                	beqz	s0,800019e0 <_malloc_r+0x118>
    8000193e:	00043a03          	ld	s4,0(s0)
    80001942:	4581                	li	a1,0
    80001944:	854a                	mv	a0,s2
    80001946:	9a22                	add	s4,s4,s0
    80001948:	602000ef          	jal	80001f4a <_sbrk_r>
    8000194c:	08aa1a63          	bne	s4,a0,800019e0 <_malloc_r+0x118>
    80001950:	601c                	ld	a5,0(s0)
    80001952:	854a                	mv	a0,s2
    80001954:	8c9d                	sub	s1,s1,a5
    80001956:	85a6                	mv	a1,s1
    80001958:	f17ff0ef          	jal	8000186e <sbrk_aligned>
    8000195c:	57fd                	li	a5,-1
    8000195e:	08f50163          	beq	a0,a5,800019e0 <_malloc_r+0x118>
    80001962:	601c                	ld	a5,0(s0)
    80001964:	97a6                	add	a5,a5,s1
    80001966:	e01c                	sd	a5,0(s0)
    80001968:	0009b783          	ld	a5,0(s3)
    8000196c:	c3d9                	beqz	a5,800019f2 <_malloc_r+0x12a>
    8000196e:	6798                	ld	a4,8(a5)
    80001970:	06871663          	bne	a4,s0,800019dc <_malloc_r+0x114>
    80001974:	0007b423          	sd	zero,8(a5)
    80001978:	a015                	j	8000199c <_malloc_r+0xd4>
    8000197a:	6014                	ld	a3,0(s0)
    8000197c:	9e85                	subw	a3,a3,s1
    8000197e:	0406c963          	bltz	a3,800019d0 <_malloc_r+0x108>
    80001982:	473d                	li	a4,15
    80001984:	02d75e63          	bge	a4,a3,800019c0 <_malloc_r+0xf8>
    80001988:	e004                	sd	s1,0(s0)
    8000198a:	00940733          	add	a4,s0,s1
    8000198e:	02879763          	bne	a5,s0,800019bc <_malloc_r+0xf4>
    80001992:	00e9b023          	sd	a4,0(s3)
    80001996:	641c                	ld	a5,8(s0)
    80001998:	e314                	sd	a3,0(a4)
    8000199a:	e71c                	sd	a5,8(a4)
    8000199c:	854a                	mv	a0,s2
    8000199e:	05c000ef          	jal	800019fa <__malloc_unlock>
    800019a2:	00f40513          	addi	a0,s0,15
    800019a6:	00840793          	addi	a5,s0,8
    800019aa:	9961                	andi	a0,a0,-8
    800019ac:	40f507bb          	subw	a5,a0,a5
    800019b0:	dba9                	beqz	a5,80001902 <_malloc_r+0x3a>
    800019b2:	943e                	add	s0,s0,a5
    800019b4:	40f007bb          	negw	a5,a5
    800019b8:	e01c                	sd	a5,0(s0)
    800019ba:	b7a1                	j	80001902 <_malloc_r+0x3a>
    800019bc:	e798                	sd	a4,8(a5)
    800019be:	bfe1                	j	80001996 <_malloc_r+0xce>
    800019c0:	6418                	ld	a4,8(s0)
    800019c2:	00879563          	bne	a5,s0,800019cc <_malloc_r+0x104>
    800019c6:	00e9b023          	sd	a4,0(s3)
    800019ca:	bfc9                	j	8000199c <_malloc_r+0xd4>
    800019cc:	e798                	sd	a4,8(a5)
    800019ce:	b7f9                	j	8000199c <_malloc_r+0xd4>
    800019d0:	87a2                	mv	a5,s0
    800019d2:	6400                	ld	s0,8(s0)
    800019d4:	b7b9                	j	80001922 <_malloc_r+0x5a>
    800019d6:	843e                	mv	s0,a5
    800019d8:	679c                	ld	a5,8(a5)
    800019da:	b785                	j	8000193a <_malloc_r+0x72>
    800019dc:	87ba                	mv	a5,a4
    800019de:	b779                	j	8000196c <_malloc_r+0xa4>
    800019e0:	47b1                	li	a5,12
    800019e2:	00f92023          	sw	a5,0(s2)
    800019e6:	854a                	mv	a0,s2
    800019e8:	012000ef          	jal	800019fa <__malloc_unlock>
    800019ec:	bf11                	j	80001900 <_malloc_r+0x38>
    800019ee:	e104                	sd	s1,0(a0)
    800019f0:	b775                	j	8000199c <_malloc_r+0xd4>
    800019f2:	00003423          	sd	zero,8(zero) # 8 <__boot_hart+0x8>
    800019f6:	9002                	ebreak

00000000800019f8 <__malloc_lock>:
    800019f8:	8082                	ret

00000000800019fa <__malloc_unlock>:
    800019fa:	8082                	ret

00000000800019fc <__fp_lock>:
    800019fc:	4501                	li	a0,0
    800019fe:	8082                	ret

0000000080001a00 <std>:
    80001a00:	1141                	addi	sp,sp,-16
    80001a02:	e022                	sd	s0,0(sp)
    80001a04:	e406                	sd	ra,8(sp)
    80001a06:	842a                	mv	s0,a0
    80001a08:	00b51823          	sh	a1,16(a0)
    80001a0c:	00c51923          	sh	a2,18(a0)
    80001a10:	00053023          	sd	zero,0(a0)
    80001a14:	00053423          	sd	zero,8(a0)
    80001a18:	0a052623          	sw	zero,172(a0)
    80001a1c:	00053c23          	sd	zero,24(a0)
    80001a20:	02052023          	sw	zero,32(a0)
    80001a24:	02052423          	sw	zero,40(a0)
    80001a28:	4621                	li	a2,8
    80001a2a:	4581                	li	a1,0
    80001a2c:	0a450513          	addi	a0,a0,164
    80001a30:	56e000ef          	jal	80001f9e <memset>
    80001a34:	00000797          	auipc	a5,0x0
    80001a38:	2dc78793          	addi	a5,a5,732 # 80001d10 <__sread>
    80001a3c:	e03c                	sd	a5,64(s0)
    80001a3e:	00000797          	auipc	a5,0x0
    80001a42:	30878793          	addi	a5,a5,776 # 80001d46 <__swrite>
    80001a46:	e43c                	sd	a5,72(s0)
    80001a48:	00000797          	auipc	a5,0x0
    80001a4c:	34e78793          	addi	a5,a5,846 # 80001d96 <__sseek>
    80001a50:	e83c                	sd	a5,80(s0)
    80001a52:	00000797          	auipc	a5,0x0
    80001a56:	37c78793          	addi	a5,a5,892 # 80001dce <__sclose>
    80001a5a:	60a2                	ld	ra,8(sp)
    80001a5c:	fc00                	sd	s0,56(s0)
    80001a5e:	ec3c                	sd	a5,88(s0)
    80001a60:	6402                	ld	s0,0(sp)
    80001a62:	0141                	addi	sp,sp,16
    80001a64:	8082                	ret

0000000080001a66 <stdio_exit_handler>:
    80001a66:	00002617          	auipc	a2,0x2
    80001a6a:	02a60613          	addi	a2,a2,42 # 80003a90 <__sglue>
    80001a6e:	00001597          	auipc	a1,0x1
    80001a72:	dfa58593          	addi	a1,a1,-518 # 80002868 <_fflush_r>
    80001a76:	00002517          	auipc	a0,0x2
    80001a7a:	03250513          	addi	a0,a0,50 # 80003aa8 <_impure_data>
    80001a7e:	aae1                	j	80001c56 <_fwalk_sglue>

0000000080001a80 <cleanup_stdio>:
    80001a80:	650c                	ld	a1,8(a0)
    80001a82:	1141                	addi	sp,sp,-16
    80001a84:	e022                	sd	s0,0(sp)
    80001a86:	e406                	sd	ra,8(sp)
    80001a88:	00004797          	auipc	a5,0x4
    80001a8c:	34878793          	addi	a5,a5,840 # 80005dd0 <__sf>
    80001a90:	842a                	mv	s0,a0
    80001a92:	00f58463          	beq	a1,a5,80001a9a <cleanup_stdio+0x1a>
    80001a96:	5d3000ef          	jal	80002868 <_fflush_r>
    80001a9a:	680c                	ld	a1,16(s0)
    80001a9c:	00004797          	auipc	a5,0x4
    80001aa0:	3e478793          	addi	a5,a5,996 # 80005e80 <__sf+0xb0>
    80001aa4:	00f58563          	beq	a1,a5,80001aae <cleanup_stdio+0x2e>
    80001aa8:	8522                	mv	a0,s0
    80001aaa:	5bf000ef          	jal	80002868 <_fflush_r>
    80001aae:	6c0c                	ld	a1,24(s0)
    80001ab0:	00004797          	auipc	a5,0x4
    80001ab4:	48078793          	addi	a5,a5,1152 # 80005f30 <__sf+0x160>
    80001ab8:	00f58863          	beq	a1,a5,80001ac8 <cleanup_stdio+0x48>
    80001abc:	8522                	mv	a0,s0
    80001abe:	6402                	ld	s0,0(sp)
    80001ac0:	60a2                	ld	ra,8(sp)
    80001ac2:	0141                	addi	sp,sp,16
    80001ac4:	5a50006f          	j	80002868 <_fflush_r>
    80001ac8:	60a2                	ld	ra,8(sp)
    80001aca:	6402                	ld	s0,0(sp)
    80001acc:	0141                	addi	sp,sp,16
    80001ace:	8082                	ret

0000000080001ad0 <global_stdio_init.part.0>:
    80001ad0:	1141                	addi	sp,sp,-16
    80001ad2:	00000797          	auipc	a5,0x0
    80001ad6:	f9478793          	addi	a5,a5,-108 # 80001a66 <stdio_exit_handler>
    80001ada:	4601                	li	a2,0
    80001adc:	4591                	li	a1,4
    80001ade:	00004517          	auipc	a0,0x4
    80001ae2:	2f250513          	addi	a0,a0,754 # 80005dd0 <__sf>
    80001ae6:	e406                	sd	ra,8(sp)
    80001ae8:	86f1b023          	sd	a5,-1952(gp) # 80003b98 <__stdio_exit_handler>
    80001aec:	f15ff0ef          	jal	80001a00 <std>
    80001af0:	4605                	li	a2,1
    80001af2:	45a5                	li	a1,9
    80001af4:	00004517          	auipc	a0,0x4
    80001af8:	38c50513          	addi	a0,a0,908 # 80005e80 <__sf+0xb0>
    80001afc:	f05ff0ef          	jal	80001a00 <std>
    80001b00:	60a2                	ld	ra,8(sp)
    80001b02:	4609                	li	a2,2
    80001b04:	45c9                	li	a1,18
    80001b06:	00004517          	auipc	a0,0x4
    80001b0a:	42a50513          	addi	a0,a0,1066 # 80005f30 <__sf+0x160>
    80001b0e:	0141                	addi	sp,sp,16
    80001b10:	bdc5                	j	80001a00 <std>

0000000080001b12 <__fp_unlock>:
    80001b12:	4501                	li	a0,0
    80001b14:	8082                	ret

0000000080001b16 <__sfp>:
    80001b16:	1101                	addi	sp,sp,-32
    80001b18:	e04a                	sd	s2,0(sp)
    80001b1a:	ec06                	sd	ra,24(sp)
    80001b1c:	e822                	sd	s0,16(sp)
    80001b1e:	e426                	sd	s1,8(sp)
    80001b20:	8601b783          	ld	a5,-1952(gp) # 80003b98 <__stdio_exit_handler>
    80001b24:	892a                	mv	s2,a0
    80001b26:	e399                	bnez	a5,80001b2c <__sfp+0x16>
    80001b28:	fa9ff0ef          	jal	80001ad0 <global_stdio_init.part.0>
    80001b2c:	00002497          	auipc	s1,0x2
    80001b30:	f6448493          	addi	s1,s1,-156 # 80003a90 <__sglue>
    80001b34:	6880                	ld	s0,16(s1)
    80001b36:	449c                	lw	a5,8(s1)
    80001b38:	37fd                	addiw	a5,a5,-1
    80001b3a:	0207d163          	bgez	a5,80001b5c <__sfp+0x46>
    80001b3e:	609c                	ld	a5,0(s1)
    80001b40:	e7c1                	bnez	a5,80001bc8 <__sfp+0xb2>
    80001b42:	2d800593          	li	a1,728
    80001b46:	854a                	mv	a0,s2
    80001b48:	d81ff0ef          	jal	800018c8 <_malloc_r>
    80001b4c:	842a                	mv	s0,a0
    80001b4e:	e12d                	bnez	a0,80001bb0 <__sfp+0x9a>
    80001b50:	0004b023          	sd	zero,0(s1)
    80001b54:	47b1                	li	a5,12
    80001b56:	00f92023          	sw	a5,0(s2)
    80001b5a:	a089                	j	80001b9c <__sfp+0x86>
    80001b5c:	01041703          	lh	a4,16(s0)
    80001b60:	e729                	bnez	a4,80001baa <__sfp+0x94>
    80001b62:	77c1                	lui	a5,0xffff0
    80001b64:	0785                	addi	a5,a5,1 # ffffffffffff0001 <__heap_end+0xffffffff7ffc9001>
    80001b66:	0a042623          	sw	zero,172(s0)
    80001b6a:	00043023          	sd	zero,0(s0)
    80001b6e:	00043423          	sd	zero,8(s0)
    80001b72:	c81c                	sw	a5,16(s0)
    80001b74:	00043c23          	sd	zero,24(s0)
    80001b78:	02042023          	sw	zero,32(s0)
    80001b7c:	02042423          	sw	zero,40(s0)
    80001b80:	4621                	li	a2,8
    80001b82:	4581                	li	a1,0
    80001b84:	0a440513          	addi	a0,s0,164
    80001b88:	416000ef          	jal	80001f9e <memset>
    80001b8c:	06043023          	sd	zero,96(s0)
    80001b90:	06042423          	sw	zero,104(s0)
    80001b94:	08043023          	sd	zero,128(s0)
    80001b98:	08042423          	sw	zero,136(s0)
    80001b9c:	60e2                	ld	ra,24(sp)
    80001b9e:	8522                	mv	a0,s0
    80001ba0:	6442                	ld	s0,16(sp)
    80001ba2:	64a2                	ld	s1,8(sp)
    80001ba4:	6902                	ld	s2,0(sp)
    80001ba6:	6105                	addi	sp,sp,32
    80001ba8:	8082                	ret
    80001baa:	0b040413          	addi	s0,s0,176
    80001bae:	b769                	j	80001b38 <__sfp+0x22>
    80001bb0:	4791                	li	a5,4
    80001bb2:	00053023          	sd	zero,0(a0)
    80001bb6:	c51c                	sw	a5,8(a0)
    80001bb8:	0561                	addi	a0,a0,24
    80001bba:	e808                	sd	a0,16(s0)
    80001bbc:	2c000613          	li	a2,704
    80001bc0:	4581                	li	a1,0
    80001bc2:	3dc000ef          	jal	80001f9e <memset>
    80001bc6:	e080                	sd	s0,0(s1)
    80001bc8:	6084                	ld	s1,0(s1)
    80001bca:	b7ad                	j	80001b34 <__sfp+0x1e>

0000000080001bcc <__sinit>:
    80001bcc:	613c                	ld	a5,64(a0)
    80001bce:	eb91                	bnez	a5,80001be2 <__sinit+0x16>
    80001bd0:	00000797          	auipc	a5,0x0
    80001bd4:	eb078793          	addi	a5,a5,-336 # 80001a80 <cleanup_stdio>
    80001bd8:	e13c                	sd	a5,64(a0)
    80001bda:	8601b783          	ld	a5,-1952(gp) # 80003b98 <__stdio_exit_handler>
    80001bde:	e391                	bnez	a5,80001be2 <__sinit+0x16>
    80001be0:	bdc5                	j	80001ad0 <global_stdio_init.part.0>
    80001be2:	8082                	ret

0000000080001be4 <__sfp_lock_acquire>:
    80001be4:	8082                	ret

0000000080001be6 <__sfp_lock_release>:
    80001be6:	8082                	ret

0000000080001be8 <__fp_lock_all>:
    80001be8:	00002617          	auipc	a2,0x2
    80001bec:	ea860613          	addi	a2,a2,-344 # 80003a90 <__sglue>
    80001bf0:	00000597          	auipc	a1,0x0
    80001bf4:	e0c58593          	addi	a1,a1,-500 # 800019fc <__fp_lock>
    80001bf8:	4501                	li	a0,0
    80001bfa:	a8b1                	j	80001c56 <_fwalk_sglue>

0000000080001bfc <__fp_unlock_all>:
    80001bfc:	00002617          	auipc	a2,0x2
    80001c00:	e9460613          	addi	a2,a2,-364 # 80003a90 <__sglue>
    80001c04:	00000597          	auipc	a1,0x0
    80001c08:	f0e58593          	addi	a1,a1,-242 # 80001b12 <__fp_unlock>
    80001c0c:	4501                	li	a0,0
    80001c0e:	a0a1                	j	80001c56 <_fwalk_sglue>

0000000080001c10 <_fiprintf_r>:
    80001c10:	715d                	addi	sp,sp,-80
    80001c12:	f436                	sd	a3,40(sp)
    80001c14:	1034                	addi	a3,sp,40
    80001c16:	ec06                	sd	ra,24(sp)
    80001c18:	f83a                	sd	a4,48(sp)
    80001c1a:	fc3e                	sd	a5,56(sp)
    80001c1c:	e0c2                	sd	a6,64(sp)
    80001c1e:	e4c6                	sd	a7,72(sp)
    80001c20:	e436                	sd	a3,8(sp)
    80001c22:	4d2000ef          	jal	800020f4 <_vfiprintf_r>
    80001c26:	60e2                	ld	ra,24(sp)
    80001c28:	6161                	addi	sp,sp,80
    80001c2a:	8082                	ret

0000000080001c2c <fiprintf>:
    80001c2c:	715d                	addi	sp,sp,-80
    80001c2e:	f032                	sd	a2,32(sp)
    80001c30:	f436                	sd	a3,40(sp)
    80001c32:	862e                	mv	a2,a1
    80001c34:	1014                	addi	a3,sp,32
    80001c36:	85aa                	mv	a1,a0
    80001c38:	00002517          	auipc	a0,0x2
    80001c3c:	f0053503          	ld	a0,-256(a0) # 80003b38 <_impure_ptr>
    80001c40:	ec06                	sd	ra,24(sp)
    80001c42:	f83a                	sd	a4,48(sp)
    80001c44:	fc3e                	sd	a5,56(sp)
    80001c46:	e0c2                	sd	a6,64(sp)
    80001c48:	e4c6                	sd	a7,72(sp)
    80001c4a:	e436                	sd	a3,8(sp)
    80001c4c:	4a8000ef          	jal	800020f4 <_vfiprintf_r>
    80001c50:	60e2                	ld	ra,24(sp)
    80001c52:	6161                	addi	sp,sp,80
    80001c54:	8082                	ret

0000000080001c56 <_fwalk_sglue>:
    80001c56:	715d                	addi	sp,sp,-80
    80001c58:	e0a2                	sd	s0,64(sp)
    80001c5a:	fc26                	sd	s1,56(sp)
    80001c5c:	f44e                	sd	s3,40(sp)
    80001c5e:	f052                	sd	s4,32(sp)
    80001c60:	e85a                	sd	s6,16(sp)
    80001c62:	e45e                	sd	s7,8(sp)
    80001c64:	e486                	sd	ra,72(sp)
    80001c66:	f84a                	sd	s2,48(sp)
    80001c68:	ec56                	sd	s5,24(sp)
    80001c6a:	89aa                	mv	s3,a0
    80001c6c:	8a2e                	mv	s4,a1
    80001c6e:	8432                	mv	s0,a2
    80001c70:	4481                	li	s1,0
    80001c72:	4b05                	li	s6,1
    80001c74:	5bfd                	li	s7,-1
    80001c76:	01043903          	ld	s2,16(s0)
    80001c7a:	00842a83          	lw	s5,8(s0)
    80001c7e:	3afd                	addiw	s5,s5,-1
    80001c80:	020ad063          	bgez	s5,80001ca0 <_fwalk_sglue+0x4a>
    80001c84:	6000                	ld	s0,0(s0)
    80001c86:	f865                	bnez	s0,80001c76 <_fwalk_sglue+0x20>
    80001c88:	60a6                	ld	ra,72(sp)
    80001c8a:	6406                	ld	s0,64(sp)
    80001c8c:	7942                	ld	s2,48(sp)
    80001c8e:	79a2                	ld	s3,40(sp)
    80001c90:	7a02                	ld	s4,32(sp)
    80001c92:	6ae2                	ld	s5,24(sp)
    80001c94:	6b42                	ld	s6,16(sp)
    80001c96:	6ba2                	ld	s7,8(sp)
    80001c98:	8526                	mv	a0,s1
    80001c9a:	74e2                	ld	s1,56(sp)
    80001c9c:	6161                	addi	sp,sp,80
    80001c9e:	8082                	ret
    80001ca0:	01095783          	lhu	a5,16(s2)
    80001ca4:	00fb7b63          	bgeu	s6,a5,80001cba <_fwalk_sglue+0x64>
    80001ca8:	01291783          	lh	a5,18(s2)
    80001cac:	01778763          	beq	a5,s7,80001cba <_fwalk_sglue+0x64>
    80001cb0:	85ca                	mv	a1,s2
    80001cb2:	854e                	mv	a0,s3
    80001cb4:	9a02                	jalr	s4
    80001cb6:	8cc9                	or	s1,s1,a0
    80001cb8:	2481                	sext.w	s1,s1
    80001cba:	0b090913          	addi	s2,s2,176
    80001cbe:	b7c1                	j	80001c7e <_fwalk_sglue+0x28>

0000000080001cc0 <_iprintf_r>:
    80001cc0:	715d                	addi	sp,sp,-80
    80001cc2:	f032                	sd	a2,32(sp)
    80001cc4:	f436                	sd	a3,40(sp)
    80001cc6:	f83a                	sd	a4,48(sp)
    80001cc8:	fc3e                	sd	a5,56(sp)
    80001cca:	e0c2                	sd	a6,64(sp)
    80001ccc:	e4c6                	sd	a7,72(sp)
    80001cce:	862e                	mv	a2,a1
    80001cd0:	690c                	ld	a1,16(a0)
    80001cd2:	1014                	addi	a3,sp,32
    80001cd4:	ec06                	sd	ra,24(sp)
    80001cd6:	e436                	sd	a3,8(sp)
    80001cd8:	41c000ef          	jal	800020f4 <_vfiprintf_r>
    80001cdc:	60e2                	ld	ra,24(sp)
    80001cde:	6161                	addi	sp,sp,80
    80001ce0:	8082                	ret

0000000080001ce2 <iprintf>:
    80001ce2:	711d                	addi	sp,sp,-96
    80001ce4:	f832                	sd	a2,48(sp)
    80001ce6:	fc36                	sd	a3,56(sp)
    80001ce8:	e4be                	sd	a5,72(sp)
    80001cea:	f42e                	sd	a1,40(sp)
    80001cec:	e0ba                	sd	a4,64(sp)
    80001cee:	e8c2                	sd	a6,80(sp)
    80001cf0:	ecc6                	sd	a7,88(sp)
    80001cf2:	00002797          	auipc	a5,0x2
    80001cf6:	e467b783          	ld	a5,-442(a5) # 80003b38 <_impure_ptr>
    80001cfa:	6b8c                	ld	a1,16(a5)
    80001cfc:	1034                	addi	a3,sp,40
    80001cfe:	862a                	mv	a2,a0
    80001d00:	853e                	mv	a0,a5
    80001d02:	ec06                	sd	ra,24(sp)
    80001d04:	e436                	sd	a3,8(sp)
    80001d06:	3ee000ef          	jal	800020f4 <_vfiprintf_r>
    80001d0a:	60e2                	ld	ra,24(sp)
    80001d0c:	6125                	addi	sp,sp,96
    80001d0e:	8082                	ret

0000000080001d10 <__sread>:
    80001d10:	1141                	addi	sp,sp,-16
    80001d12:	e022                	sd	s0,0(sp)
    80001d14:	842e                	mv	s0,a1
    80001d16:	01259583          	lh	a1,18(a1)
    80001d1a:	e406                	sd	ra,8(sp)
    80001d1c:	202000ef          	jal	80001f1e <_read_r>
    80001d20:	00054963          	bltz	a0,80001d32 <__sread+0x22>
    80001d24:	6c5c                	ld	a5,152(s0)
    80001d26:	97aa                	add	a5,a5,a0
    80001d28:	ec5c                	sd	a5,152(s0)
    80001d2a:	60a2                	ld	ra,8(sp)
    80001d2c:	6402                	ld	s0,0(sp)
    80001d2e:	0141                	addi	sp,sp,16
    80001d30:	8082                	ret
    80001d32:	01045783          	lhu	a5,16(s0)
    80001d36:	777d                	lui	a4,0xfffff
    80001d38:	177d                	addi	a4,a4,-1 # ffffffffffffefff <__heap_end+0xffffffff7ffd7fff>
    80001d3a:	8ff9                	and	a5,a5,a4
    80001d3c:	00f41823          	sh	a5,16(s0)
    80001d40:	b7ed                	j	80001d2a <__sread+0x1a>

0000000080001d42 <__seofread>:
    80001d42:	4501                	li	a0,0
    80001d44:	8082                	ret

0000000080001d46 <__swrite>:
    80001d46:	0105d783          	lhu	a5,16(a1)
    80001d4a:	7179                	addi	sp,sp,-48
    80001d4c:	f022                	sd	s0,32(sp)
    80001d4e:	ec26                	sd	s1,24(sp)
    80001d50:	e84a                	sd	s2,16(sp)
    80001d52:	e44e                	sd	s3,8(sp)
    80001d54:	f406                	sd	ra,40(sp)
    80001d56:	1007f793          	andi	a5,a5,256
    80001d5a:	84aa                	mv	s1,a0
    80001d5c:	842e                	mv	s0,a1
    80001d5e:	8932                	mv	s2,a2
    80001d60:	89b6                	mv	s3,a3
    80001d62:	c799                	beqz	a5,80001d70 <__swrite+0x2a>
    80001d64:	01259583          	lh	a1,18(a1)
    80001d68:	4689                	li	a3,2
    80001d6a:	4601                	li	a2,0
    80001d6c:	186000ef          	jal	80001ef2 <_lseek_r>
    80001d70:	01045783          	lhu	a5,16(s0)
    80001d74:	777d                	lui	a4,0xfffff
    80001d76:	177d                	addi	a4,a4,-1 # ffffffffffffefff <__heap_end+0xffffffff7ffd7fff>
    80001d78:	8ff9                	and	a5,a5,a4
    80001d7a:	01241583          	lh	a1,18(s0)
    80001d7e:	00f41823          	sh	a5,16(s0)
    80001d82:	7402                	ld	s0,32(sp)
    80001d84:	70a2                	ld	ra,40(sp)
    80001d86:	86ce                	mv	a3,s3
    80001d88:	864a                	mv	a2,s2
    80001d8a:	69a2                	ld	s3,8(sp)
    80001d8c:	6942                	ld	s2,16(sp)
    80001d8e:	8526                	mv	a0,s1
    80001d90:	64e2                	ld	s1,24(sp)
    80001d92:	6145                	addi	sp,sp,48
    80001d94:	aaf9                	j	80001f72 <_write_r>

0000000080001d96 <__sseek>:
    80001d96:	1141                	addi	sp,sp,-16
    80001d98:	e022                	sd	s0,0(sp)
    80001d9a:	842e                	mv	s0,a1
    80001d9c:	01259583          	lh	a1,18(a1)
    80001da0:	e406                	sd	ra,8(sp)
    80001da2:	150000ef          	jal	80001ef2 <_lseek_r>
    80001da6:	577d                	li	a4,-1
    80001da8:	01045783          	lhu	a5,16(s0)
    80001dac:	00e51b63          	bne	a0,a4,80001dc2 <__sseek+0x2c>
    80001db0:	777d                	lui	a4,0xfffff
    80001db2:	177d                	addi	a4,a4,-1 # ffffffffffffefff <__heap_end+0xffffffff7ffd7fff>
    80001db4:	8ff9                	and	a5,a5,a4
    80001db6:	00f41823          	sh	a5,16(s0)
    80001dba:	60a2                	ld	ra,8(sp)
    80001dbc:	6402                	ld	s0,0(sp)
    80001dbe:	0141                	addi	sp,sp,16
    80001dc0:	8082                	ret
    80001dc2:	6705                	lui	a4,0x1
    80001dc4:	8fd9                	or	a5,a5,a4
    80001dc6:	00f41823          	sh	a5,16(s0)
    80001dca:	ec48                	sd	a0,152(s0)
    80001dcc:	b7fd                	j	80001dba <__sseek+0x24>

0000000080001dce <__sclose>:
    80001dce:	01259583          	lh	a1,18(a1)
    80001dd2:	a025                	j	80001dfa <_close_r>

0000000080001dd4 <memcmp>:
    80001dd4:	4701                	li	a4,0
    80001dd6:	00e61463          	bne	a2,a4,80001dde <memcmp+0xa>
    80001dda:	4501                	li	a0,0
    80001ddc:	8082                	ret
    80001dde:	00e507b3          	add	a5,a0,a4
    80001de2:	0705                	addi	a4,a4,1 # 1001 <__stack_align+0xff1>
    80001de4:	00e586b3          	add	a3,a1,a4
    80001de8:	0007c783          	lbu	a5,0(a5)
    80001dec:	fff6c683          	lbu	a3,-1(a3)
    80001df0:	fed783e3          	beq	a5,a3,80001dd6 <memcmp+0x2>
    80001df4:	40d7853b          	subw	a0,a5,a3
    80001df8:	8082                	ret

0000000080001dfa <_close_r>:
    80001dfa:	1141                	addi	sp,sp,-16
    80001dfc:	e022                	sd	s0,0(sp)
    80001dfe:	842a                	mv	s0,a0
    80001e00:	852e                	mv	a0,a1
    80001e02:	8601a423          	sw	zero,-1944(gp) # 80003ba0 <errno>
    80001e06:	e406                	sd	ra,8(sp)
    80001e08:	2da010ef          	jal	800030e2 <_close>
    80001e0c:	57fd                	li	a5,-1
    80001e0e:	00f51663          	bne	a0,a5,80001e1a <_close_r+0x20>
    80001e12:	8681a783          	lw	a5,-1944(gp) # 80003ba0 <errno>
    80001e16:	c391                	beqz	a5,80001e1a <_close_r+0x20>
    80001e18:	c01c                	sw	a5,0(s0)
    80001e1a:	60a2                	ld	ra,8(sp)
    80001e1c:	6402                	ld	s0,0(sp)
    80001e1e:	0141                	addi	sp,sp,16
    80001e20:	8082                	ret

0000000080001e22 <_reclaim_reent>:
    80001e22:	00002797          	auipc	a5,0x2
    80001e26:	d167b783          	ld	a5,-746(a5) # 80003b38 <_impure_ptr>
    80001e2a:	0ca78363          	beq	a5,a0,80001ef0 <_reclaim_reent+0xce>
    80001e2e:	7d1c                	ld	a5,56(a0)
    80001e30:	7179                	addi	sp,sp,-48
    80001e32:	f022                	sd	s0,32(sp)
    80001e34:	f406                	sd	ra,40(sp)
    80001e36:	ec26                	sd	s1,24(sp)
    80001e38:	e84a                	sd	s2,16(sp)
    80001e3a:	e44e                	sd	s3,8(sp)
    80001e3c:	842a                	mv	s0,a0
    80001e3e:	cb8d                	beqz	a5,80001e70 <_reclaim_reent+0x4e>
    80001e40:	6f9c                	ld	a5,24(a5)
    80001e42:	c38d                	beqz	a5,80001e64 <_reclaim_reent+0x42>
    80001e44:	4481                	li	s1,0
    80001e46:	20000913          	li	s2,512
    80001e4a:	7c1c                	ld	a5,56(s0)
    80001e4c:	6f9c                	ld	a5,24(a5)
    80001e4e:	97a6                	add	a5,a5,s1
    80001e50:	638c                	ld	a1,0(a5)
    80001e52:	e1c9                	bnez	a1,80001ed4 <_reclaim_reent+0xb2>
    80001e54:	04a1                	addi	s1,s1,8
    80001e56:	ff249ae3          	bne	s1,s2,80001e4a <_reclaim_reent+0x28>
    80001e5a:	7c1c                	ld	a5,56(s0)
    80001e5c:	8522                	mv	a0,s0
    80001e5e:	6f8c                	ld	a1,24(a5)
    80001e60:	15e000ef          	jal	80001fbe <_free_r>
    80001e64:	7c1c                	ld	a5,56(s0)
    80001e66:	638c                	ld	a1,0(a5)
    80001e68:	c581                	beqz	a1,80001e70 <_reclaim_reent+0x4e>
    80001e6a:	8522                	mv	a0,s0
    80001e6c:	152000ef          	jal	80001fbe <_free_r>
    80001e70:	740c                	ld	a1,40(s0)
    80001e72:	c581                	beqz	a1,80001e7a <_reclaim_reent+0x58>
    80001e74:	8522                	mv	a0,s0
    80001e76:	148000ef          	jal	80001fbe <_free_r>
    80001e7a:	7c0c                	ld	a1,56(s0)
    80001e7c:	c581                	beqz	a1,80001e84 <_reclaim_reent+0x62>
    80001e7e:	8522                	mv	a0,s0
    80001e80:	13e000ef          	jal	80001fbe <_free_r>
    80001e84:	6c2c                	ld	a1,88(s0)
    80001e86:	c581                	beqz	a1,80001e8e <_reclaim_reent+0x6c>
    80001e88:	8522                	mv	a0,s0
    80001e8a:	134000ef          	jal	80001fbe <_free_r>
    80001e8e:	702c                	ld	a1,96(s0)
    80001e90:	c581                	beqz	a1,80001e98 <_reclaim_reent+0x76>
    80001e92:	8522                	mv	a0,s0
    80001e94:	12a000ef          	jal	80001fbe <_free_r>
    80001e98:	742c                	ld	a1,104(s0)
    80001e9a:	c581                	beqz	a1,80001ea2 <_reclaim_reent+0x80>
    80001e9c:	8522                	mv	a0,s0
    80001e9e:	120000ef          	jal	80001fbe <_free_r>
    80001ea2:	644c                	ld	a1,136(s0)
    80001ea4:	c581                	beqz	a1,80001eac <_reclaim_reent+0x8a>
    80001ea6:	8522                	mv	a0,s0
    80001ea8:	116000ef          	jal	80001fbe <_free_r>
    80001eac:	604c                	ld	a1,128(s0)
    80001eae:	c581                	beqz	a1,80001eb6 <_reclaim_reent+0x94>
    80001eb0:	8522                	mv	a0,s0
    80001eb2:	10c000ef          	jal	80001fbe <_free_r>
    80001eb6:	682c                	ld	a1,80(s0)
    80001eb8:	c581                	beqz	a1,80001ec0 <_reclaim_reent+0x9e>
    80001eba:	8522                	mv	a0,s0
    80001ebc:	102000ef          	jal	80001fbe <_free_r>
    80001ec0:	603c                	ld	a5,64(s0)
    80001ec2:	c385                	beqz	a5,80001ee2 <_reclaim_reent+0xc0>
    80001ec4:	8522                	mv	a0,s0
    80001ec6:	7402                	ld	s0,32(sp)
    80001ec8:	70a2                	ld	ra,40(sp)
    80001eca:	64e2                	ld	s1,24(sp)
    80001ecc:	6942                	ld	s2,16(sp)
    80001ece:	69a2                	ld	s3,8(sp)
    80001ed0:	6145                	addi	sp,sp,48
    80001ed2:	8782                	jr	a5
    80001ed4:	0005b983          	ld	s3,0(a1)
    80001ed8:	8522                	mv	a0,s0
    80001eda:	0e4000ef          	jal	80001fbe <_free_r>
    80001ede:	85ce                	mv	a1,s3
    80001ee0:	bf8d                	j	80001e52 <_reclaim_reent+0x30>
    80001ee2:	70a2                	ld	ra,40(sp)
    80001ee4:	7402                	ld	s0,32(sp)
    80001ee6:	64e2                	ld	s1,24(sp)
    80001ee8:	6942                	ld	s2,16(sp)
    80001eea:	69a2                	ld	s3,8(sp)
    80001eec:	6145                	addi	sp,sp,48
    80001eee:	8082                	ret
    80001ef0:	8082                	ret

0000000080001ef2 <_lseek_r>:
    80001ef2:	1141                	addi	sp,sp,-16
    80001ef4:	e022                	sd	s0,0(sp)
    80001ef6:	842a                	mv	s0,a0
    80001ef8:	852e                	mv	a0,a1
    80001efa:	85b2                	mv	a1,a2
    80001efc:	8636                	mv	a2,a3
    80001efe:	8601a423          	sw	zero,-1944(gp) # 80003ba0 <errno>
    80001f02:	e406                	sd	ra,8(sp)
    80001f04:	248010ef          	jal	8000314c <_lseek>
    80001f08:	57fd                	li	a5,-1
    80001f0a:	00f51663          	bne	a0,a5,80001f16 <_lseek_r+0x24>
    80001f0e:	8681a783          	lw	a5,-1944(gp) # 80003ba0 <errno>
    80001f12:	c391                	beqz	a5,80001f16 <_lseek_r+0x24>
    80001f14:	c01c                	sw	a5,0(s0)
    80001f16:	60a2                	ld	ra,8(sp)
    80001f18:	6402                	ld	s0,0(sp)
    80001f1a:	0141                	addi	sp,sp,16
    80001f1c:	8082                	ret

0000000080001f1e <_read_r>:
    80001f1e:	1141                	addi	sp,sp,-16
    80001f20:	e022                	sd	s0,0(sp)
    80001f22:	842a                	mv	s0,a0
    80001f24:	852e                	mv	a0,a1
    80001f26:	85b2                	mv	a1,a2
    80001f28:	8636                	mv	a2,a3
    80001f2a:	8601a423          	sw	zero,-1944(gp) # 80003ba0 <errno>
    80001f2e:	e406                	sd	ra,8(sp)
    80001f30:	230010ef          	jal	80003160 <_read>
    80001f34:	57fd                	li	a5,-1
    80001f36:	00f51663          	bne	a0,a5,80001f42 <_read_r+0x24>
    80001f3a:	8681a783          	lw	a5,-1944(gp) # 80003ba0 <errno>
    80001f3e:	c391                	beqz	a5,80001f42 <_read_r+0x24>
    80001f40:	c01c                	sw	a5,0(s0)
    80001f42:	60a2                	ld	ra,8(sp)
    80001f44:	6402                	ld	s0,0(sp)
    80001f46:	0141                	addi	sp,sp,16
    80001f48:	8082                	ret

0000000080001f4a <_sbrk_r>:
    80001f4a:	1141                	addi	sp,sp,-16
    80001f4c:	e022                	sd	s0,0(sp)
    80001f4e:	842a                	mv	s0,a0
    80001f50:	852e                	mv	a0,a1
    80001f52:	8601a423          	sw	zero,-1944(gp) # 80003ba0 <errno>
    80001f56:	e406                	sd	ra,8(sp)
    80001f58:	21e010ef          	jal	80003176 <_sbrk>
    80001f5c:	57fd                	li	a5,-1
    80001f5e:	00f51663          	bne	a0,a5,80001f6a <_sbrk_r+0x20>
    80001f62:	8681a783          	lw	a5,-1944(gp) # 80003ba0 <errno>
    80001f66:	c391                	beqz	a5,80001f6a <_sbrk_r+0x20>
    80001f68:	c01c                	sw	a5,0(s0)
    80001f6a:	60a2                	ld	ra,8(sp)
    80001f6c:	6402                	ld	s0,0(sp)
    80001f6e:	0141                	addi	sp,sp,16
    80001f70:	8082                	ret

0000000080001f72 <_write_r>:
    80001f72:	1141                	addi	sp,sp,-16
    80001f74:	e022                	sd	s0,0(sp)
    80001f76:	842a                	mv	s0,a0
    80001f78:	852e                	mv	a0,a1
    80001f7a:	85b2                	mv	a1,a2
    80001f7c:	8636                	mv	a2,a3
    80001f7e:	8601a423          	sw	zero,-1944(gp) # 80003ba0 <errno>
    80001f82:	e406                	sd	ra,8(sp)
    80001f84:	232010ef          	jal	800031b6 <_write>
    80001f88:	57fd                	li	a5,-1
    80001f8a:	00f51663          	bne	a0,a5,80001f96 <_write_r+0x24>
    80001f8e:	8681a783          	lw	a5,-1944(gp) # 80003ba0 <errno>
    80001f92:	c391                	beqz	a5,80001f96 <_write_r+0x24>
    80001f94:	c01c                	sw	a5,0(s0)
    80001f96:	60a2                	ld	ra,8(sp)
    80001f98:	6402                	ld	s0,0(sp)
    80001f9a:	0141                	addi	sp,sp,16
    80001f9c:	8082                	ret

0000000080001f9e <memset>:
    80001f9e:	832a                	mv	t1,a0
    80001fa0:	c611                	beqz	a2,80001fac <memset+0xe>
    80001fa2:	00b30023          	sb	a1,0(t1)
    80001fa6:	167d                	addi	a2,a2,-1
    80001fa8:	0305                	addi	t1,t1,1
    80001faa:	fe65                	bnez	a2,80001fa2 <memset+0x4>
    80001fac:	8082                	ret

0000000080001fae <abort>:
    80001fae:	1141                	addi	sp,sp,-16
    80001fb0:	4519                	li	a0,6
    80001fb2:	e406                	sd	ra,8(sp)
    80001fb4:	6b3000ef          	jal	80002e66 <raise>
    80001fb8:	4505                	li	a0,1
    80001fba:	13c010ef          	jal	800030f6 <_exit>

0000000080001fbe <_free_r>:
    80001fbe:	c1c5                	beqz	a1,8000205e <_free_r+0xa0>
    80001fc0:	ff85b783          	ld	a5,-8(a1)
    80001fc4:	1101                	addi	sp,sp,-32
    80001fc6:	e822                	sd	s0,16(sp)
    80001fc8:	ec06                	sd	ra,24(sp)
    80001fca:	ff858413          	addi	s0,a1,-8
    80001fce:	0007d363          	bgez	a5,80001fd4 <_free_r+0x16>
    80001fd2:	943e                	add	s0,s0,a5
    80001fd4:	e42a                	sd	a0,8(sp)
    80001fd6:	a23ff0ef          	jal	800019f8 <__malloc_lock>
    80001fda:	85818713          	addi	a4,gp,-1960 # 80003b90 <__malloc_free_list>
    80001fde:	631c                	ld	a5,0(a4)
    80001fe0:	6522                	ld	a0,8(sp)
    80001fe2:	eb89                	bnez	a5,80001ff4 <_free_r+0x36>
    80001fe4:	00043423          	sd	zero,8(s0)
    80001fe8:	e300                	sd	s0,0(a4)
    80001fea:	6442                	ld	s0,16(sp)
    80001fec:	60e2                	ld	ra,24(sp)
    80001fee:	6105                	addi	sp,sp,32
    80001ff0:	a0bff06f          	j	800019fa <__malloc_unlock>
    80001ff4:	00f47d63          	bgeu	s0,a5,8000200e <_free_r+0x50>
    80001ff8:	6010                	ld	a2,0(s0)
    80001ffa:	00c406b3          	add	a3,s0,a2
    80001ffe:	00d79663          	bne	a5,a3,8000200a <_free_r+0x4c>
    80002002:	6394                	ld	a3,0(a5)
    80002004:	679c                	ld	a5,8(a5)
    80002006:	96b2                	add	a3,a3,a2
    80002008:	e014                	sd	a3,0(s0)
    8000200a:	e41c                	sd	a5,8(s0)
    8000200c:	bff1                	j	80001fe8 <_free_r+0x2a>
    8000200e:	873e                	mv	a4,a5
    80002010:	679c                	ld	a5,8(a5)
    80002012:	c399                	beqz	a5,80002018 <_free_r+0x5a>
    80002014:	fef47de3          	bgeu	s0,a5,8000200e <_free_r+0x50>
    80002018:	6314                	ld	a3,0(a4)
    8000201a:	00d70633          	add	a2,a4,a3
    8000201e:	00861f63          	bne	a2,s0,8000203c <_free_r+0x7e>
    80002022:	6010                	ld	a2,0(s0)
    80002024:	96b2                	add	a3,a3,a2
    80002026:	e314                	sd	a3,0(a4)
    80002028:	00d70633          	add	a2,a4,a3
    8000202c:	fac79fe3          	bne	a5,a2,80001fea <_free_r+0x2c>
    80002030:	6390                	ld	a2,0(a5)
    80002032:	679c                	ld	a5,8(a5)
    80002034:	96b2                	add	a3,a3,a2
    80002036:	e314                	sd	a3,0(a4)
    80002038:	e71c                	sd	a5,8(a4)
    8000203a:	bf45                	j	80001fea <_free_r+0x2c>
    8000203c:	00c47563          	bgeu	s0,a2,80002046 <_free_r+0x88>
    80002040:	47b1                	li	a5,12
    80002042:	c11c                	sw	a5,0(a0)
    80002044:	b75d                	j	80001fea <_free_r+0x2c>
    80002046:	6010                	ld	a2,0(s0)
    80002048:	00c406b3          	add	a3,s0,a2
    8000204c:	00d79663          	bne	a5,a3,80002058 <_free_r+0x9a>
    80002050:	6394                	ld	a3,0(a5)
    80002052:	679c                	ld	a5,8(a5)
    80002054:	96b2                	add	a3,a3,a2
    80002056:	e014                	sd	a3,0(s0)
    80002058:	e41c                	sd	a5,8(s0)
    8000205a:	e700                	sd	s0,8(a4)
    8000205c:	b779                	j	80001fea <_free_r+0x2c>
    8000205e:	8082                	ret

0000000080002060 <__sfputc_r>:
    80002060:	465c                	lw	a5,12(a2)
    80002062:	fff7871b          	addiw	a4,a5,-1
    80002066:	c658                	sw	a4,12(a2)
    80002068:	00075a63          	bgez	a4,8000207c <__sfputc_r+0x1c>
    8000206c:	561c                	lw	a5,40(a2)
    8000206e:	00f74563          	blt	a4,a5,80002078 <__sfputc_r+0x18>
    80002072:	47a9                	li	a5,10
    80002074:	00f59463          	bne	a1,a5,8000207c <__sfputc_r+0x1c>
    80002078:	3290006f          	j	80002ba0 <__swbuf_r>
    8000207c:	621c                	ld	a5,0(a2)
    8000207e:	852e                	mv	a0,a1
    80002080:	00178713          	addi	a4,a5,1
    80002084:	e218                	sd	a4,0(a2)
    80002086:	00b78023          	sb	a1,0(a5)
    8000208a:	8082                	ret

000000008000208c <__sfputs_r>:
    8000208c:	7179                	addi	sp,sp,-48
    8000208e:	f022                	sd	s0,32(sp)
    80002090:	ec26                	sd	s1,24(sp)
    80002092:	e84a                	sd	s2,16(sp)
    80002094:	e44e                	sd	s3,8(sp)
    80002096:	e052                	sd	s4,0(sp)
    80002098:	f406                	sd	ra,40(sp)
    8000209a:	892a                	mv	s2,a0
    8000209c:	89ae                	mv	s3,a1
    8000209e:	8432                	mv	s0,a2
    800020a0:	00d604b3          	add	s1,a2,a3
    800020a4:	5a7d                	li	s4,-1
    800020a6:	00941463          	bne	s0,s1,800020ae <__sfputs_r+0x22>
    800020aa:	4501                	li	a0,0
    800020ac:	a811                	j	800020c0 <__sfputs_r+0x34>
    800020ae:	00044583          	lbu	a1,0(s0)
    800020b2:	864e                	mv	a2,s3
    800020b4:	854a                	mv	a0,s2
    800020b6:	fabff0ef          	jal	80002060 <__sfputc_r>
    800020ba:	0405                	addi	s0,s0,1
    800020bc:	ff4515e3          	bne	a0,s4,800020a6 <__sfputs_r+0x1a>
    800020c0:	70a2                	ld	ra,40(sp)
    800020c2:	7402                	ld	s0,32(sp)
    800020c4:	64e2                	ld	s1,24(sp)
    800020c6:	6942                	ld	s2,16(sp)
    800020c8:	69a2                	ld	s3,8(sp)
    800020ca:	6a02                	ld	s4,0(sp)
    800020cc:	6145                	addi	sp,sp,48
    800020ce:	8082                	ret

00000000800020d0 <__sprint_r>:
    800020d0:	6a1c                	ld	a5,16(a2)
    800020d2:	1141                	addi	sp,sp,-16
    800020d4:	e022                	sd	s0,0(sp)
    800020d6:	e406                	sd	ra,8(sp)
    800020d8:	8432                	mv	s0,a2
    800020da:	cb99                	beqz	a5,800020f0 <__sprint_r+0x20>
    800020dc:	7ee000ef          	jal	800028ca <__sfvwrite_r>
    800020e0:	00043823          	sd	zero,16(s0)
    800020e4:	60a2                	ld	ra,8(sp)
    800020e6:	00042423          	sw	zero,8(s0)
    800020ea:	6402                	ld	s0,0(sp)
    800020ec:	0141                	addi	sp,sp,16
    800020ee:	8082                	ret
    800020f0:	4501                	li	a0,0
    800020f2:	bfcd                	j	800020e4 <__sprint_r+0x14>

00000000800020f4 <_vfiprintf_r>:
    800020f4:	7155                	addi	sp,sp,-208
    800020f6:	e1a2                	sd	s0,192(sp)
    800020f8:	fd26                	sd	s1,184(sp)
    800020fa:	f94a                	sd	s2,176(sp)
    800020fc:	f54e                	sd	s3,168(sp)
    800020fe:	f152                	sd	s4,160(sp)
    80002100:	e586                	sd	ra,200(sp)
    80002102:	ed56                	sd	s5,152(sp)
    80002104:	e95a                	sd	s6,144(sp)
    80002106:	e55e                	sd	s7,136(sp)
    80002108:	e162                	sd	s8,128(sp)
    8000210a:	fce6                	sd	s9,120(sp)
    8000210c:	f8ea                	sd	s10,112(sp)
    8000210e:	8a2a                	mv	s4,a0
    80002110:	892e                	mv	s2,a1
    80002112:	84b2                	mv	s1,a2
    80002114:	8436                	mv	s0,a3
    80002116:	4981                	li	s3,0
    80002118:	c509                	beqz	a0,80002122 <_vfiprintf_r+0x2e>
    8000211a:	613c                	ld	a5,64(a0)
    8000211c:	e399                	bnez	a5,80002122 <_vfiprintf_r+0x2e>
    8000211e:	aafff0ef          	jal	80001bcc <__sinit>
    80002122:	01095783          	lhu	a5,16(s2)
    80002126:	8ba1                	andi	a5,a5,8
    80002128:	cbe1                	beqz	a5,800021f8 <_vfiprintf_r+0x104>
    8000212a:	01893783          	ld	a5,24(s2)
    8000212e:	c7e9                	beqz	a5,800021f8 <_vfiprintf_r+0x104>
    80002130:	02000793          	li	a5,32
    80002134:	02f104a3          	sb	a5,41(sp)
    80002138:	5afd                	li	s5,-1
    8000213a:	03000793          	li	a5,48
    8000213e:	d202                	sw	zero,36(sp)
    80002140:	02f10523          	sb	a5,42(sp)
    80002144:	e422                	sd	s0,8(sp)
    80002146:	02500b93          	li	s7,37
    8000214a:	020a9c13          	slli	s8,s5,0x20
    8000214e:	00001b17          	auipc	s6,0x1
    80002152:	63ab0b13          	addi	s6,s6,1594 # 80003788 <__tbss_end+0x362>
    80002156:	4c85                	li	s9,1
    80002158:	8426                	mv	s0,s1
    8000215a:	00044783          	lbu	a5,0(s0)
    8000215e:	c399                	beqz	a5,80002164 <_vfiprintf_r+0x70>
    80002160:	0d779063          	bne	a5,s7,80002220 <_vfiprintf_r+0x12c>
    80002164:	40940d3b          	subw	s10,s0,s1
    80002168:	000d0e63          	beqz	s10,80002184 <_vfiprintf_r+0x90>
    8000216c:	86ea                	mv	a3,s10
    8000216e:	8626                	mv	a2,s1
    80002170:	85ca                	mv	a1,s2
    80002172:	8552                	mv	a0,s4
    80002174:	f19ff0ef          	jal	8000208c <__sfputs_r>
    80002178:	1d550963          	beq	a0,s5,8000234a <_vfiprintf_r+0x256>
    8000217c:	5792                	lw	a5,36(sp)
    8000217e:	01a787bb          	addw	a5,a5,s10
    80002182:	d23e                	sw	a5,36(sp)
    80002184:	00044783          	lbu	a5,0(s0)
    80002188:	1c078163          	beqz	a5,8000234a <_vfiprintf_r+0x256>
    8000218c:	00140493          	addi	s1,s0,1
    80002190:	e862                	sd	s8,16(sp)
    80002192:	ec02                	sd	zero,24(sp)
    80002194:	040109a3          	sb	zero,83(sp)
    80002198:	d482                	sw	zero,104(sp)
    8000219a:	0004c583          	lbu	a1,0(s1)
    8000219e:	4615                	li	a2,5
    800021a0:	855a                	mv	a0,s6
    800021a2:	377000ef          	jal	80002d18 <memchr>
    800021a6:	47c2                	lw	a5,16(sp)
    800021a8:	00148413          	addi	s0,s1,1
    800021ac:	ed25                	bnez	a0,80002224 <_vfiprintf_r+0x130>
    800021ae:	0107f713          	andi	a4,a5,16
    800021b2:	c709                	beqz	a4,800021bc <_vfiprintf_r+0xc8>
    800021b4:	02000713          	li	a4,32
    800021b8:	04e109a3          	sb	a4,83(sp)
    800021bc:	0087f713          	andi	a4,a5,8
    800021c0:	c709                	beqz	a4,800021ca <_vfiprintf_r+0xd6>
    800021c2:	02b00713          	li	a4,43
    800021c6:	04e109a3          	sb	a4,83(sp)
    800021ca:	0004c683          	lbu	a3,0(s1)
    800021ce:	02a00713          	li	a4,42
    800021d2:	06e68163          	beq	a3,a4,80002234 <_vfiprintf_r+0x140>
    800021d6:	47f2                	lw	a5,28(sp)
    800021d8:	8426                	mv	s0,s1
    800021da:	4681                	li	a3,0
    800021dc:	4625                	li	a2,9
    800021de:	4829                	li	a6,10
    800021e0:	00044703          	lbu	a4,0(s0)
    800021e4:	00140513          	addi	a0,s0,1
    800021e8:	fd07059b          	addiw	a1,a4,-48
    800021ec:	872e                	mv	a4,a1
    800021ee:	08b67a63          	bgeu	a2,a1,80002282 <_vfiprintf_r+0x18e>
    800021f2:	caa9                	beqz	a3,80002244 <_vfiprintf_r+0x150>
    800021f4:	ce3e                	sw	a5,28(sp)
    800021f6:	a0b9                	j	80002244 <_vfiprintf_r+0x150>
    800021f8:	85ca                	mv	a1,s2
    800021fa:	8552                	mv	a0,s4
    800021fc:	24f000ef          	jal	80002c4a <__swsetup_r>
    80002200:	d905                	beqz	a0,80002130 <_vfiprintf_r+0x3c>
    80002202:	557d                	li	a0,-1
    80002204:	60ae                	ld	ra,200(sp)
    80002206:	640e                	ld	s0,192(sp)
    80002208:	74ea                	ld	s1,184(sp)
    8000220a:	794a                	ld	s2,176(sp)
    8000220c:	79aa                	ld	s3,168(sp)
    8000220e:	7a0a                	ld	s4,160(sp)
    80002210:	6aea                	ld	s5,152(sp)
    80002212:	6b4a                	ld	s6,144(sp)
    80002214:	6baa                	ld	s7,136(sp)
    80002216:	6c0a                	ld	s8,128(sp)
    80002218:	7ce6                	ld	s9,120(sp)
    8000221a:	7d46                	ld	s10,112(sp)
    8000221c:	6169                	addi	sp,sp,208
    8000221e:	8082                	ret
    80002220:	0405                	addi	s0,s0,1
    80002222:	bf25                	j	8000215a <_vfiprintf_r+0x66>
    80002224:	41650533          	sub	a0,a0,s6
    80002228:	00ac953b          	sllw	a0,s9,a0
    8000222c:	8fc9                	or	a5,a5,a0
    8000222e:	c83e                	sw	a5,16(sp)
    80002230:	84a2                	mv	s1,s0
    80002232:	b7a5                	j	8000219a <_vfiprintf_r+0xa6>
    80002234:	6722                	ld	a4,8(sp)
    80002236:	00870693          	addi	a3,a4,8
    8000223a:	4318                	lw	a4,0(a4)
    8000223c:	e436                	sd	a3,8(sp)
    8000223e:	02074b63          	bltz	a4,80002274 <_vfiprintf_r+0x180>
    80002242:	ce3a                	sw	a4,28(sp)
    80002244:	00044703          	lbu	a4,0(s0)
    80002248:	02e00793          	li	a5,46
    8000224c:	06f71163          	bne	a4,a5,800022ae <_vfiprintf_r+0x1ba>
    80002250:	00144703          	lbu	a4,1(s0)
    80002254:	02a00793          	li	a5,42
    80002258:	02f71b63          	bne	a4,a5,8000228e <_vfiprintf_r+0x19a>
    8000225c:	67a2                	ld	a5,8(sp)
    8000225e:	0409                	addi	s0,s0,2
    80002260:	00878713          	addi	a4,a5,8
    80002264:	e43a                	sd	a4,8(sp)
    80002266:	4398                	lw	a4,0(a5)
    80002268:	87ba                	mv	a5,a4
    8000226a:	00075363          	bgez	a4,80002270 <_vfiprintf_r+0x17c>
    8000226e:	57fd                	li	a5,-1
    80002270:	ca3e                	sw	a5,20(sp)
    80002272:	a835                	j	800022ae <_vfiprintf_r+0x1ba>
    80002274:	40e0073b          	negw	a4,a4
    80002278:	0027e793          	ori	a5,a5,2
    8000227c:	ce3a                	sw	a4,28(sp)
    8000227e:	c83e                	sw	a5,16(sp)
    80002280:	b7d1                	j	80002244 <_vfiprintf_r+0x150>
    80002282:	02f807bb          	mulw	a5,a6,a5
    80002286:	842a                	mv	s0,a0
    80002288:	4685                	li	a3,1
    8000228a:	9fb9                	addw	a5,a5,a4
    8000228c:	bf91                	j	800021e0 <_vfiprintf_r+0xec>
    8000228e:	0405                	addi	s0,s0,1
    80002290:	ca02                	sw	zero,20(sp)
    80002292:	4681                	li	a3,0
    80002294:	4781                	li	a5,0
    80002296:	4625                	li	a2,9
    80002298:	4829                	li	a6,10
    8000229a:	00044703          	lbu	a4,0(s0)
    8000229e:	00140513          	addi	a0,s0,1
    800022a2:	fd07059b          	addiw	a1,a4,-48
    800022a6:	872e                	mv	a4,a1
    800022a8:	06b67c63          	bgeu	a2,a1,80002320 <_vfiprintf_r+0x22c>
    800022ac:	f2f1                	bnez	a3,80002270 <_vfiprintf_r+0x17c>
    800022ae:	00044583          	lbu	a1,0(s0)
    800022b2:	460d                	li	a2,3
    800022b4:	00001517          	auipc	a0,0x1
    800022b8:	4dc50513          	addi	a0,a0,1244 # 80003790 <__tbss_end+0x36a>
    800022bc:	25d000ef          	jal	80002d18 <memchr>
    800022c0:	cd11                	beqz	a0,800022dc <_vfiprintf_r+0x1e8>
    800022c2:	00001797          	auipc	a5,0x1
    800022c6:	4ce78793          	addi	a5,a5,1230 # 80003790 <__tbss_end+0x36a>
    800022ca:	8d1d                	sub	a0,a0,a5
    800022cc:	47c2                	lw	a5,16(sp)
    800022ce:	04000713          	li	a4,64
    800022d2:	00a7173b          	sllw	a4,a4,a0
    800022d6:	8fd9                	or	a5,a5,a4
    800022d8:	0405                	addi	s0,s0,1
    800022da:	c83e                	sw	a5,16(sp)
    800022dc:	00044583          	lbu	a1,0(s0)
    800022e0:	4619                	li	a2,6
    800022e2:	00001517          	auipc	a0,0x1
    800022e6:	4b650513          	addi	a0,a0,1206 # 80003798 <__tbss_end+0x372>
    800022ea:	00140493          	addi	s1,s0,1
    800022ee:	02b10423          	sb	a1,40(sp)
    800022f2:	227000ef          	jal	80002d18 <memchr>
    800022f6:	c135                	beqz	a0,8000235a <_vfiprintf_r+0x266>
    800022f8:	00000793          	li	a5,0
    800022fc:	eb85                	bnez	a5,8000232c <_vfiprintf_r+0x238>
    800022fe:	4742                	lw	a4,16(sp)
    80002300:	67a2                	ld	a5,8(sp)
    80002302:	10077713          	andi	a4,a4,256
    80002306:	00878693          	addi	a3,a5,8
    8000230a:	c709                	beqz	a4,80002314 <_vfiprintf_r+0x220>
    8000230c:	07bd                	addi	a5,a5,15
    8000230e:	9bc1                	andi	a5,a5,-16
    80002310:	01078693          	addi	a3,a5,16
    80002314:	e436                	sd	a3,8(sp)
    80002316:	5792                	lw	a5,36(sp)
    80002318:	013787bb          	addw	a5,a5,s3
    8000231c:	d23e                	sw	a5,36(sp)
    8000231e:	bd2d                	j	80002158 <_vfiprintf_r+0x64>
    80002320:	02f807bb          	mulw	a5,a6,a5
    80002324:	842a                	mv	s0,a0
    80002326:	4685                	li	a3,1
    80002328:	9fb9                	addw	a5,a5,a4
    8000232a:	bf85                	j	8000229a <_vfiprintf_r+0x1a6>
    8000232c:	0038                	addi	a4,sp,8
    8000232e:	00000697          	auipc	a3,0x0
    80002332:	d5e68693          	addi	a3,a3,-674 # 8000208c <__sfputs_r>
    80002336:	864a                	mv	a2,s2
    80002338:	080c                	addi	a1,sp,16
    8000233a:	8552                	mv	a0,s4
    8000233c:	00000097          	auipc	ra,0x0
    80002340:	000000e7          	jalr	zero # 0 <__boot_hart>
    80002344:	89aa                	mv	s3,a0
    80002346:	fd5518e3          	bne	a0,s5,80002316 <_vfiprintf_r+0x222>
    8000234a:	01095783          	lhu	a5,16(s2)
    8000234e:	0407f793          	andi	a5,a5,64
    80002352:	ea0798e3          	bnez	a5,80002202 <_vfiprintf_r+0x10e>
    80002356:	5512                	lw	a0,36(sp)
    80002358:	b575                	j	80002204 <_vfiprintf_r+0x110>
    8000235a:	0038                	addi	a4,sp,8
    8000235c:	00000697          	auipc	a3,0x0
    80002360:	d3068693          	addi	a3,a3,-720 # 8000208c <__sfputs_r>
    80002364:	864a                	mv	a2,s2
    80002366:	080c                	addi	a1,sp,16
    80002368:	8552                	mv	a0,s4
    8000236a:	134000ef          	jal	8000249e <_printf_i>
    8000236e:	bfd9                	j	80002344 <_vfiprintf_r+0x250>

0000000080002370 <vfiprintf>:
    80002370:	86b2                	mv	a3,a2
    80002372:	862e                	mv	a2,a1
    80002374:	85aa                	mv	a1,a0
    80002376:	00001517          	auipc	a0,0x1
    8000237a:	7c253503          	ld	a0,1986(a0) # 80003b38 <_impure_ptr>
    8000237e:	bb9d                	j	800020f4 <_vfiprintf_r>

0000000080002380 <_printf_common>:
    80002380:	715d                	addi	sp,sp,-80
    80002382:	f052                	sd	s4,32(sp)
    80002384:	ec56                	sd	s5,24(sp)
    80002386:	8a36                	mv	s4,a3
    80002388:	8aba                	mv	s5,a4
    8000238a:	4994                	lw	a3,16(a1)
    8000238c:	4598                	lw	a4,8(a1)
    8000238e:	e0a2                	sd	s0,64(sp)
    80002390:	f84a                	sd	s2,48(sp)
    80002392:	f44e                	sd	s3,40(sp)
    80002394:	e486                	sd	ra,72(sp)
    80002396:	fc26                	sd	s1,56(sp)
    80002398:	e85a                	sd	s6,16(sp)
    8000239a:	e45e                	sd	s7,8(sp)
    8000239c:	89aa                	mv	s3,a0
    8000239e:	842e                	mv	s0,a1
    800023a0:	8932                	mv	s2,a2
    800023a2:	87ba                	mv	a5,a4
    800023a4:	00e6c363          	blt	a3,a4,800023aa <_printf_common+0x2a>
    800023a8:	87b6                	mv	a5,a3
    800023aa:	00f92023          	sw	a5,0(s2)
    800023ae:	04344703          	lbu	a4,67(s0)
    800023b2:	c701                	beqz	a4,800023ba <_printf_common+0x3a>
    800023b4:	2785                	addiw	a5,a5,1
    800023b6:	00f92023          	sw	a5,0(s2)
    800023ba:	401c                	lw	a5,0(s0)
    800023bc:	0207f793          	andi	a5,a5,32
    800023c0:	c791                	beqz	a5,800023cc <_printf_common+0x4c>
    800023c2:	00092783          	lw	a5,0(s2)
    800023c6:	2789                	addiw	a5,a5,2
    800023c8:	00f92023          	sw	a5,0(s2)
    800023cc:	4004                	lw	s1,0(s0)
    800023ce:	8899                	andi	s1,s1,6
    800023d0:	e891                	bnez	s1,800023e4 <_printf_common+0x64>
    800023d2:	01940b13          	addi	s6,s0,25
    800023d6:	5bfd                	li	s7,-1
    800023d8:	445c                	lw	a5,12(s0)
    800023da:	00092703          	lw	a4,0(s2)
    800023de:	9f99                	subw	a5,a5,a4
    800023e0:	06f4c063          	blt	s1,a5,80002440 <_printf_common+0xc0>
    800023e4:	04344783          	lbu	a5,67(s0)
    800023e8:	00f03633          	snez	a2,a5
    800023ec:	00f036b3          	snez	a3,a5
    800023f0:	401c                	lw	a5,0(s0)
    800023f2:	0207f793          	andi	a5,a5,32
    800023f6:	ebb5                	bnez	a5,8000246a <_printf_common+0xea>
    800023f8:	04340613          	addi	a2,s0,67
    800023fc:	85d2                	mv	a1,s4
    800023fe:	854e                	mv	a0,s3
    80002400:	9a82                	jalr	s5
    80002402:	57fd                	li	a5,-1
    80002404:	04f50563          	beq	a0,a5,8000244e <_printf_common+0xce>
    80002408:	401c                	lw	a5,0(s0)
    8000240a:	4711                	li	a4,4
    8000240c:	4481                	li	s1,0
    8000240e:	8b99                	andi	a5,a5,6
    80002410:	00e79b63          	bne	a5,a4,80002426 <_printf_common+0xa6>
    80002414:	00092783          	lw	a5,0(s2)
    80002418:	4444                	lw	s1,12(s0)
    8000241a:	9c9d                	subw	s1,s1,a5
    8000241c:	02049793          	slli	a5,s1,0x20
    80002420:	0007d363          	bgez	a5,80002426 <_printf_common+0xa6>
    80002424:	4481                	li	s1,0
    80002426:	441c                	lw	a5,8(s0)
    80002428:	4818                	lw	a4,16(s0)
    8000242a:	00f75463          	bge	a4,a5,80002432 <_printf_common+0xb2>
    8000242e:	9f99                	subw	a5,a5,a4
    80002430:	9cbd                	addw	s1,s1,a5
    80002432:	4901                	li	s2,0
    80002434:	0469                	addi	s0,s0,26
    80002436:	5b7d                	li	s6,-1
    80002438:	05249a63          	bne	s1,s2,8000248c <_printf_common+0x10c>
    8000243c:	4501                	li	a0,0
    8000243e:	a809                	j	80002450 <_printf_common+0xd0>
    80002440:	4685                	li	a3,1
    80002442:	865a                	mv	a2,s6
    80002444:	85d2                	mv	a1,s4
    80002446:	854e                	mv	a0,s3
    80002448:	9a82                	jalr	s5
    8000244a:	01751e63          	bne	a0,s7,80002466 <_printf_common+0xe6>
    8000244e:	557d                	li	a0,-1
    80002450:	60a6                	ld	ra,72(sp)
    80002452:	6406                	ld	s0,64(sp)
    80002454:	74e2                	ld	s1,56(sp)
    80002456:	7942                	ld	s2,48(sp)
    80002458:	79a2                	ld	s3,40(sp)
    8000245a:	7a02                	ld	s4,32(sp)
    8000245c:	6ae2                	ld	s5,24(sp)
    8000245e:	6b42                	ld	s6,16(sp)
    80002460:	6ba2                	ld	s7,8(sp)
    80002462:	6161                	addi	sp,sp,80
    80002464:	8082                	ret
    80002466:	2485                	addiw	s1,s1,1
    80002468:	bf85                	j	800023d8 <_printf_common+0x58>
    8000246a:	00d407b3          	add	a5,s0,a3
    8000246e:	03000693          	li	a3,48
    80002472:	04d781a3          	sb	a3,67(a5)
    80002476:	0016071b          	addiw	a4,a2,1
    8000247a:	0026069b          	addiw	a3,a2,2
    8000247e:	04544603          	lbu	a2,69(s0)
    80002482:	00e407b3          	add	a5,s0,a4
    80002486:	04c781a3          	sb	a2,67(a5)
    8000248a:	b7bd                	j	800023f8 <_printf_common+0x78>
    8000248c:	4685                	li	a3,1
    8000248e:	8622                	mv	a2,s0
    80002490:	85d2                	mv	a1,s4
    80002492:	854e                	mv	a0,s3
    80002494:	9a82                	jalr	s5
    80002496:	fb650ce3          	beq	a0,s6,8000244e <_printf_common+0xce>
    8000249a:	2905                	addiw	s2,s2,1
    8000249c:	bf71                	j	80002438 <_printf_common+0xb8>

000000008000249e <_printf_i>:
    8000249e:	715d                	addi	sp,sp,-80
    800024a0:	e0a2                	sd	s0,64(sp)
    800024a2:	f84a                	sd	s2,48(sp)
    800024a4:	f44e                	sd	s3,40(sp)
    800024a6:	f052                	sd	s4,32(sp)
    800024a8:	e486                	sd	ra,72(sp)
    800024aa:	fc26                	sd	s1,56(sp)
    800024ac:	ec56                	sd	s5,24(sp)
    800024ae:	e85a                	sd	s6,16(sp)
    800024b0:	0185c803          	lbu	a6,24(a1)
    800024b4:	07800793          	li	a5,120
    800024b8:	892a                	mv	s2,a0
    800024ba:	842e                	mv	s0,a1
    800024bc:	89b2                	mv	s3,a2
    800024be:	8a36                	mv	s4,a3
    800024c0:	0307e263          	bltu	a5,a6,800024e4 <_printf_i+0x46>
    800024c4:	06200793          	li	a5,98
    800024c8:	04358693          	addi	a3,a1,67
    800024cc:	0307e163          	bltu	a5,a6,800024ee <_printf_i+0x50>
    800024d0:	1c080663          	beqz	a6,8000269c <_printf_i+0x1fe>
    800024d4:	05800793          	li	a5,88
    800024d8:	00001617          	auipc	a2,0x1
    800024dc:	2c860613          	addi	a2,a2,712 # 800037a0 <__tbss_end+0x37a>
    800024e0:	14f80a63          	beq	a6,a5,80002634 <_printf_i+0x196>
    800024e4:	04240493          	addi	s1,s0,66
    800024e8:	05040123          	sb	a6,66(s0)
    800024ec:	a815                	j	80002520 <_printf_i+0x82>
    800024ee:	f9d8079b          	addiw	a5,a6,-99
    800024f2:	0ff7f793          	zext.b	a5,a5
    800024f6:	4655                	li	a2,21
    800024f8:	fef666e3          	bltu	a2,a5,800024e4 <_printf_i+0x46>
    800024fc:	00001617          	auipc	a2,0x1
    80002500:	4d860613          	addi	a2,a2,1240 # 800039d4 <orig_data+0x1f4>
    80002504:	078a                	slli	a5,a5,0x2
    80002506:	97b2                	add	a5,a5,a2
    80002508:	439c                	lw	a5,0(a5)
    8000250a:	97b2                	add	a5,a5,a2
    8000250c:	8782                	jr	a5
    8000250e:	631c                	ld	a5,0(a4)
    80002510:	04258493          	addi	s1,a1,66
    80002514:	00878693          	addi	a3,a5,8
    80002518:	439c                	lw	a5,0(a5)
    8000251a:	e314                	sd	a3,0(a4)
    8000251c:	04f58123          	sb	a5,66(a1)
    80002520:	4785                	li	a5,1
    80002522:	aa4d                	j	800026d4 <_printf_i+0x236>
    80002524:	419c                	lw	a5,0(a1)
    80002526:	6308                	ld	a0,0(a4)
    80002528:	0807f613          	andi	a2,a5,128
    8000252c:	00850593          	addi	a1,a0,8
    80002530:	c20d                	beqz	a2,80002552 <_printf_i+0xb4>
    80002532:	611c                	ld	a5,0(a0)
    80002534:	e30c                	sd	a1,0(a4)
    80002536:	0007d863          	bgez	a5,80002546 <_printf_i+0xa8>
    8000253a:	02d00713          	li	a4,45
    8000253e:	40f007b3          	neg	a5,a5
    80002542:	04e401a3          	sb	a4,67(s0)
    80002546:	00001617          	auipc	a2,0x1
    8000254a:	25a60613          	addi	a2,a2,602 # 800037a0 <__tbss_end+0x37a>
    8000254e:	4829                	li	a6,10
    80002550:	a83d                	j	8000258e <_printf_i+0xf0>
    80002552:	0407f613          	andi	a2,a5,64
    80002556:	411c                	lw	a5,0(a0)
    80002558:	e30c                	sd	a1,0(a4)
    8000255a:	de71                	beqz	a2,80002536 <_printf_i+0x98>
    8000255c:	0107979b          	slliw	a5,a5,0x10
    80002560:	4107d79b          	sraiw	a5,a5,0x10
    80002564:	bfc9                	j	80002536 <_printf_i+0x98>
    80002566:	4190                	lw	a2,0(a1)
    80002568:	631c                	ld	a5,0(a4)
    8000256a:	08067513          	andi	a0,a2,128
    8000256e:	00878593          	addi	a1,a5,8
    80002572:	cd41                	beqz	a0,8000260a <_printf_i+0x16c>
    80002574:	639c                	ld	a5,0(a5)
    80002576:	e30c                	sd	a1,0(a4)
    80002578:	06f00713          	li	a4,111
    8000257c:	00001617          	auipc	a2,0x1
    80002580:	22460613          	addi	a2,a2,548 # 800037a0 <__tbss_end+0x37a>
    80002584:	0ee81e63          	bne	a6,a4,80002680 <_printf_i+0x1e2>
    80002588:	4821                	li	a6,8
    8000258a:	040401a3          	sb	zero,67(s0)
    8000258e:	4058                	lw	a4,4(s0)
    80002590:	c418                	sw	a4,8(s0)
    80002592:	00074563          	bltz	a4,8000259c <_printf_i+0xfe>
    80002596:	400c                	lw	a1,0(s0)
    80002598:	99ed                	andi	a1,a1,-5
    8000259a:	c00c                	sw	a1,0(s0)
    8000259c:	e399                	bnez	a5,800025a2 <_printf_i+0x104>
    8000259e:	84b6                	mv	s1,a3
    800025a0:	cf19                	beqz	a4,800025be <_printf_i+0x120>
    800025a2:	84b6                	mv	s1,a3
    800025a4:	0307f733          	remu	a4,a5,a6
    800025a8:	14fd                	addi	s1,s1,-1
    800025aa:	9732                	add	a4,a4,a2
    800025ac:	00074703          	lbu	a4,0(a4)
    800025b0:	00e48023          	sb	a4,0(s1)
    800025b4:	873e                	mv	a4,a5
    800025b6:	0307d7b3          	divu	a5,a5,a6
    800025ba:	ff0775e3          	bgeu	a4,a6,800025a4 <_printf_i+0x106>
    800025be:	47a1                	li	a5,8
    800025c0:	00f81e63          	bne	a6,a5,800025dc <_printf_i+0x13e>
    800025c4:	401c                	lw	a5,0(s0)
    800025c6:	8b85                	andi	a5,a5,1
    800025c8:	cb91                	beqz	a5,800025dc <_printf_i+0x13e>
    800025ca:	4058                	lw	a4,4(s0)
    800025cc:	481c                	lw	a5,16(s0)
    800025ce:	00e7c763          	blt	a5,a4,800025dc <_printf_i+0x13e>
    800025d2:	03000793          	li	a5,48
    800025d6:	fef48fa3          	sb	a5,-1(s1)
    800025da:	14fd                	addi	s1,s1,-1
    800025dc:	8e85                	sub	a3,a3,s1
    800025de:	c814                	sw	a3,16(s0)
    800025e0:	8752                	mv	a4,s4
    800025e2:	86ce                	mv	a3,s3
    800025e4:	0070                	addi	a2,sp,12
    800025e6:	85a2                	mv	a1,s0
    800025e8:	854a                	mv	a0,s2
    800025ea:	d97ff0ef          	jal	80002380 <_printf_common>
    800025ee:	5afd                	li	s5,-1
    800025f0:	0f551663          	bne	a0,s5,800026dc <_printf_i+0x23e>
    800025f4:	557d                	li	a0,-1
    800025f6:	60a6                	ld	ra,72(sp)
    800025f8:	6406                	ld	s0,64(sp)
    800025fa:	74e2                	ld	s1,56(sp)
    800025fc:	7942                	ld	s2,48(sp)
    800025fe:	79a2                	ld	s3,40(sp)
    80002600:	7a02                	ld	s4,32(sp)
    80002602:	6ae2                	ld	s5,24(sp)
    80002604:	6b42                	ld	s6,16(sp)
    80002606:	6161                	addi	sp,sp,80
    80002608:	8082                	ret
    8000260a:	439c                	lw	a5,0(a5)
    8000260c:	04067613          	andi	a2,a2,64
    80002610:	e30c                	sd	a1,0(a4)
    80002612:	c601                	beqz	a2,8000261a <_printf_i+0x17c>
    80002614:	17c2                	slli	a5,a5,0x30
    80002616:	93c1                	srli	a5,a5,0x30
    80002618:	b785                	j	80002578 <_printf_i+0xda>
    8000261a:	1782                	slli	a5,a5,0x20
    8000261c:	9381                	srli	a5,a5,0x20
    8000261e:	bfa9                	j	80002578 <_printf_i+0xda>
    80002620:	419c                	lw	a5,0(a1)
    80002622:	0a07e793          	ori	a5,a5,160
    80002626:	c19c                	sw	a5,0(a1)
    80002628:	07800813          	li	a6,120
    8000262c:	00001617          	auipc	a2,0x1
    80002630:	18c60613          	addi	a2,a2,396 # 800037b8 <__tbss_end+0x392>
    80002634:	050402a3          	sb	a6,69(s0)
    80002638:	400c                	lw	a1,0(s0)
    8000263a:	631c                	ld	a5,0(a4)
    8000263c:	0805f813          	andi	a6,a1,128
    80002640:	00878513          	addi	a0,a5,8
    80002644:	00080d63          	beqz	a6,8000265e <_printf_i+0x1c0>
    80002648:	639c                	ld	a5,0(a5)
    8000264a:	e308                	sd	a0,0(a4)
    8000264c:	0015f713          	andi	a4,a1,1
    80002650:	c701                	beqz	a4,80002658 <_printf_i+0x1ba>
    80002652:	0205e593          	ori	a1,a1,32
    80002656:	c00c                	sw	a1,0(s0)
    80002658:	cf99                	beqz	a5,80002676 <_printf_i+0x1d8>
    8000265a:	4841                	li	a6,16
    8000265c:	b73d                	j	8000258a <_printf_i+0xec>
    8000265e:	439c                	lw	a5,0(a5)
    80002660:	0405f813          	andi	a6,a1,64
    80002664:	e308                	sd	a0,0(a4)
    80002666:	00080563          	beqz	a6,80002670 <_printf_i+0x1d2>
    8000266a:	17c2                	slli	a5,a5,0x30
    8000266c:	93c1                	srli	a5,a5,0x30
    8000266e:	bff9                	j	8000264c <_printf_i+0x1ae>
    80002670:	1782                	slli	a5,a5,0x20
    80002672:	9381                	srli	a5,a5,0x20
    80002674:	bfe1                	j	8000264c <_printf_i+0x1ae>
    80002676:	4018                	lw	a4,0(s0)
    80002678:	fdf77713          	andi	a4,a4,-33
    8000267c:	c018                	sw	a4,0(s0)
    8000267e:	bff1                	j	8000265a <_printf_i+0x1bc>
    80002680:	4829                	li	a6,10
    80002682:	b721                	j	8000258a <_printf_i+0xec>
    80002684:	4190                	lw	a2,0(a1)
    80002686:	631c                	ld	a5,0(a4)
    80002688:	49cc                	lw	a1,20(a1)
    8000268a:	08067813          	andi	a6,a2,128
    8000268e:	00878513          	addi	a0,a5,8
    80002692:	00080963          	beqz	a6,800026a4 <_printf_i+0x206>
    80002696:	e308                	sd	a0,0(a4)
    80002698:	639c                	ld	a5,0(a5)
    8000269a:	e38c                	sd	a1,0(a5)
    8000269c:	00042823          	sw	zero,16(s0)
    800026a0:	84b6                	mv	s1,a3
    800026a2:	bf3d                	j	800025e0 <_printf_i+0x142>
    800026a4:	e308                	sd	a0,0(a4)
    800026a6:	04067613          	andi	a2,a2,64
    800026aa:	639c                	ld	a5,0(a5)
    800026ac:	c601                	beqz	a2,800026b4 <_printf_i+0x216>
    800026ae:	00b79023          	sh	a1,0(a5)
    800026b2:	b7ed                	j	8000269c <_printf_i+0x1fe>
    800026b4:	c38c                	sw	a1,0(a5)
    800026b6:	b7dd                	j	8000269c <_printf_i+0x1fe>
    800026b8:	631c                	ld	a5,0(a4)
    800026ba:	41d0                	lw	a2,4(a1)
    800026bc:	4581                	li	a1,0
    800026be:	00878693          	addi	a3,a5,8
    800026c2:	e314                	sd	a3,0(a4)
    800026c4:	6384                	ld	s1,0(a5)
    800026c6:	8526                	mv	a0,s1
    800026c8:	650000ef          	jal	80002d18 <memchr>
    800026cc:	c119                	beqz	a0,800026d2 <_printf_i+0x234>
    800026ce:	8d05                	sub	a0,a0,s1
    800026d0:	c048                	sw	a0,4(s0)
    800026d2:	405c                	lw	a5,4(s0)
    800026d4:	c81c                	sw	a5,16(s0)
    800026d6:	040401a3          	sb	zero,67(s0)
    800026da:	b719                	j	800025e0 <_printf_i+0x142>
    800026dc:	4814                	lw	a3,16(s0)
    800026de:	8626                	mv	a2,s1
    800026e0:	85ce                	mv	a1,s3
    800026e2:	854a                	mv	a0,s2
    800026e4:	9a02                	jalr	s4
    800026e6:	f15507e3          	beq	a0,s5,800025f4 <_printf_i+0x156>
    800026ea:	401c                	lw	a5,0(s0)
    800026ec:	8b89                	andi	a5,a5,2
    800026ee:	eb85                	bnez	a5,8000271e <_printf_i+0x280>
    800026f0:	4458                	lw	a4,12(s0)
    800026f2:	47b2                	lw	a5,12(sp)
    800026f4:	0007051b          	sext.w	a0,a4
    800026f8:	eef75fe3          	bge	a4,a5,800025f6 <_printf_i+0x158>
    800026fc:	0007851b          	sext.w	a0,a5
    80002700:	bddd                	j	800025f6 <_printf_i+0x158>
    80002702:	4685                	li	a3,1
    80002704:	8656                	mv	a2,s5
    80002706:	85ce                	mv	a1,s3
    80002708:	854a                	mv	a0,s2
    8000270a:	9a02                	jalr	s4
    8000270c:	ef6504e3          	beq	a0,s6,800025f4 <_printf_i+0x156>
    80002710:	2485                	addiw	s1,s1,1
    80002712:	445c                	lw	a5,12(s0)
    80002714:	4732                	lw	a4,12(sp)
    80002716:	9f99                	subw	a5,a5,a4
    80002718:	fef4c5e3          	blt	s1,a5,80002702 <_printf_i+0x264>
    8000271c:	bfd1                	j	800026f0 <_printf_i+0x252>
    8000271e:	4481                	li	s1,0
    80002720:	01940a93          	addi	s5,s0,25
    80002724:	5b7d                	li	s6,-1
    80002726:	b7f5                	j	80002712 <_printf_i+0x274>

0000000080002728 <__sflush_r>:
    80002728:	01059783          	lh	a5,16(a1)
    8000272c:	7179                	addi	sp,sp,-48
    8000272e:	f022                	sd	s0,32(sp)
    80002730:	ec26                	sd	s1,24(sp)
    80002732:	f406                	sd	ra,40(sp)
    80002734:	e84a                	sd	s2,16(sp)
    80002736:	e44e                	sd	s3,8(sp)
    80002738:	0087f713          	andi	a4,a5,8
    8000273c:	84aa                	mv	s1,a0
    8000273e:	842e                	mv	s0,a1
    80002740:	eb69                	bnez	a4,80002812 <__sflush_r+0xea>
    80002742:	4598                	lw	a4,8(a1)
    80002744:	00e04563          	bgtz	a4,8000274e <__sflush_r+0x26>
    80002748:	5db8                	lw	a4,120(a1)
    8000274a:	0ae05b63          	blez	a4,80002800 <__sflush_r+0xd8>
    8000274e:	6838                	ld	a4,80(s0)
    80002750:	cb45                	beqz	a4,80002800 <__sflush_r+0xd8>
    80002752:	0004a903          	lw	s2,0(s1)
    80002756:	03379693          	slli	a3,a5,0x33
    8000275a:	0004a023          	sw	zero,0(s1)
    8000275e:	7c0c                	ld	a1,56(s0)
    80002760:	0606de63          	bgez	a3,800027dc <__sflush_r+0xb4>
    80002764:	6c50                	ld	a2,152(s0)
    80002766:	01045783          	lhu	a5,16(s0)
    8000276a:	8b91                	andi	a5,a5,4
    8000276c:	c799                	beqz	a5,8000277a <__sflush_r+0x52>
    8000276e:	441c                	lw	a5,8(s0)
    80002770:	8e1d                	sub	a2,a2,a5
    80002772:	703c                	ld	a5,96(s0)
    80002774:	c399                	beqz	a5,8000277a <__sflush_r+0x52>
    80002776:	5c3c                	lw	a5,120(s0)
    80002778:	8e1d                	sub	a2,a2,a5
    8000277a:	683c                	ld	a5,80(s0)
    8000277c:	7c0c                	ld	a1,56(s0)
    8000277e:	4681                	li	a3,0
    80002780:	8526                	mv	a0,s1
    80002782:	9782                	jalr	a5
    80002784:	577d                	li	a4,-1
    80002786:	01045783          	lhu	a5,16(s0)
    8000278a:	00e51d63          	bne	a0,a4,800027a4 <__sflush_r+0x7c>
    8000278e:	4094                	lw	a3,0(s1)
    80002790:	4775                	li	a4,29
    80002792:	06d76963          	bltu	a4,a3,80002804 <__sflush_r+0xdc>
    80002796:	20400737          	lui	a4,0x20400
    8000279a:	0705                	addi	a4,a4,1 # 20400001 <__heap_size+0x203e0001>
    8000279c:	00d75733          	srl	a4,a4,a3
    800027a0:	8b05                	andi	a4,a4,1
    800027a2:	c32d                	beqz	a4,80002804 <__sflush_r+0xdc>
    800027a4:	6c18                	ld	a4,24(s0)
    800027a6:	00042423          	sw	zero,8(s0)
    800027aa:	e018                	sd	a4,0(s0)
    800027ac:	03379713          	slli	a4,a5,0x33
    800027b0:	00075863          	bgez	a4,800027c0 <__sflush_r+0x98>
    800027b4:	57fd                	li	a5,-1
    800027b6:	00f51463          	bne	a0,a5,800027be <__sflush_r+0x96>
    800027ba:	409c                	lw	a5,0(s1)
    800027bc:	e391                	bnez	a5,800027c0 <__sflush_r+0x98>
    800027be:	ec48                	sd	a0,152(s0)
    800027c0:	702c                	ld	a1,96(s0)
    800027c2:	0124a023          	sw	s2,0(s1)
    800027c6:	cd8d                	beqz	a1,80002800 <__sflush_r+0xd8>
    800027c8:	07c40793          	addi	a5,s0,124
    800027cc:	00f58563          	beq	a1,a5,800027d6 <__sflush_r+0xae>
    800027d0:	8526                	mv	a0,s1
    800027d2:	fecff0ef          	jal	80001fbe <_free_r>
    800027d6:	06043023          	sd	zero,96(s0)
    800027da:	a01d                	j	80002800 <__sflush_r+0xd8>
    800027dc:	4601                	li	a2,0
    800027de:	4685                	li	a3,1
    800027e0:	8526                	mv	a0,s1
    800027e2:	9702                	jalr	a4
    800027e4:	57fd                	li	a5,-1
    800027e6:	862a                	mv	a2,a0
    800027e8:	f6f51fe3          	bne	a0,a5,80002766 <__sflush_r+0x3e>
    800027ec:	409c                	lw	a5,0(s1)
    800027ee:	dfa5                	beqz	a5,80002766 <__sflush_r+0x3e>
    800027f0:	4775                	li	a4,29
    800027f2:	00e78563          	beq	a5,a4,800027fc <__sflush_r+0xd4>
    800027f6:	4759                	li	a4,22
    800027f8:	04e79663          	bne	a5,a4,80002844 <__sflush_r+0x11c>
    800027fc:	0124a023          	sw	s2,0(s1)
    80002800:	4501                	li	a0,0
    80002802:	a881                	j	80002852 <__sflush_r+0x12a>
    80002804:	0407e793          	ori	a5,a5,64
    80002808:	0107979b          	slliw	a5,a5,0x10
    8000280c:	4107d79b          	sraiw	a5,a5,0x10
    80002810:	a835                	j	8000284c <__sflush_r+0x124>
    80002812:	0185b983          	ld	s3,24(a1)
    80002816:	fe0985e3          	beqz	s3,80002800 <__sflush_r+0xd8>
    8000281a:	0005b903          	ld	s2,0(a1)
    8000281e:	8b8d                	andi	a5,a5,3
    80002820:	0135b023          	sd	s3,0(a1)
    80002824:	4139093b          	subw	s2,s2,s3
    80002828:	4701                	li	a4,0
    8000282a:	e391                	bnez	a5,8000282e <__sflush_r+0x106>
    8000282c:	5198                	lw	a4,32(a1)
    8000282e:	c458                	sw	a4,12(s0)
    80002830:	fd2058e3          	blez	s2,80002800 <__sflush_r+0xd8>
    80002834:	643c                	ld	a5,72(s0)
    80002836:	7c0c                	ld	a1,56(s0)
    80002838:	86ca                	mv	a3,s2
    8000283a:	864e                	mv	a2,s3
    8000283c:	8526                	mv	a0,s1
    8000283e:	9782                	jalr	a5
    80002840:	02a04063          	bgtz	a0,80002860 <__sflush_r+0x138>
    80002844:	01041783          	lh	a5,16(s0)
    80002848:	0407e793          	ori	a5,a5,64
    8000284c:	00f41823          	sh	a5,16(s0)
    80002850:	557d                	li	a0,-1
    80002852:	70a2                	ld	ra,40(sp)
    80002854:	7402                	ld	s0,32(sp)
    80002856:	64e2                	ld	s1,24(sp)
    80002858:	6942                	ld	s2,16(sp)
    8000285a:	69a2                	ld	s3,8(sp)
    8000285c:	6145                	addi	sp,sp,48
    8000285e:	8082                	ret
    80002860:	99aa                	add	s3,s3,a0
    80002862:	40a9093b          	subw	s2,s2,a0
    80002866:	b7e9                	j	80002830 <__sflush_r+0x108>

0000000080002868 <_fflush_r>:
    80002868:	6d9c                	ld	a5,24(a1)
    8000286a:	cb8d                	beqz	a5,8000289c <_fflush_r+0x34>
    8000286c:	1101                	addi	sp,sp,-32
    8000286e:	e822                	sd	s0,16(sp)
    80002870:	ec06                	sd	ra,24(sp)
    80002872:	842a                	mv	s0,a0
    80002874:	c519                	beqz	a0,80002882 <_fflush_r+0x1a>
    80002876:	613c                	ld	a5,64(a0)
    80002878:	e789                	bnez	a5,80002882 <_fflush_r+0x1a>
    8000287a:	e42e                	sd	a1,8(sp)
    8000287c:	b50ff0ef          	jal	80001bcc <__sinit>
    80002880:	65a2                	ld	a1,8(sp)
    80002882:	01059783          	lh	a5,16(a1)
    80002886:	c791                	beqz	a5,80002892 <_fflush_r+0x2a>
    80002888:	8522                	mv	a0,s0
    8000288a:	6442                	ld	s0,16(sp)
    8000288c:	60e2                	ld	ra,24(sp)
    8000288e:	6105                	addi	sp,sp,32
    80002890:	bd61                	j	80002728 <__sflush_r>
    80002892:	60e2                	ld	ra,24(sp)
    80002894:	6442                	ld	s0,16(sp)
    80002896:	4501                	li	a0,0
    80002898:	6105                	addi	sp,sp,32
    8000289a:	8082                	ret
    8000289c:	4501                	li	a0,0
    8000289e:	8082                	ret

00000000800028a0 <fflush>:
    800028a0:	85aa                	mv	a1,a0
    800028a2:	ed19                	bnez	a0,800028c0 <fflush+0x20>
    800028a4:	00001617          	auipc	a2,0x1
    800028a8:	1ec60613          	addi	a2,a2,492 # 80003a90 <__sglue>
    800028ac:	00000597          	auipc	a1,0x0
    800028b0:	fbc58593          	addi	a1,a1,-68 # 80002868 <_fflush_r>
    800028b4:	00001517          	auipc	a0,0x1
    800028b8:	1f450513          	addi	a0,a0,500 # 80003aa8 <_impure_data>
    800028bc:	b9aff06f          	j	80001c56 <_fwalk_sglue>
    800028c0:	00001517          	auipc	a0,0x1
    800028c4:	27853503          	ld	a0,632(a0) # 80003b38 <_impure_ptr>
    800028c8:	b745                	j	80002868 <_fflush_r>

00000000800028ca <__sfvwrite_r>:
    800028ca:	6a1c                	ld	a5,16(a2)
    800028cc:	e399                	bnez	a5,800028d2 <__sfvwrite_r+0x8>
    800028ce:	4501                	li	a0,0
    800028d0:	8082                	ret
    800028d2:	0105d783          	lhu	a5,16(a1)
    800028d6:	7159                	addi	sp,sp,-112
    800028d8:	f0a2                	sd	s0,96(sp)
    800028da:	e8ca                	sd	s2,80(sp)
    800028dc:	e0d2                	sd	s4,64(sp)
    800028de:	f486                	sd	ra,104(sp)
    800028e0:	eca6                	sd	s1,88(sp)
    800028e2:	e4ce                	sd	s3,72(sp)
    800028e4:	fc56                	sd	s5,56(sp)
    800028e6:	f85a                	sd	s6,48(sp)
    800028e8:	f45e                	sd	s7,40(sp)
    800028ea:	f062                	sd	s8,32(sp)
    800028ec:	ec66                	sd	s9,24(sp)
    800028ee:	e86a                	sd	s10,16(sp)
    800028f0:	e46e                	sd	s11,8(sp)
    800028f2:	8ba1                	andi	a5,a5,8
    800028f4:	892a                	mv	s2,a0
    800028f6:	842e                	mv	s0,a1
    800028f8:	8a32                	mv	s4,a2
    800028fa:	cfc1                	beqz	a5,80002992 <__sfvwrite_r+0xc8>
    800028fc:	6d9c                	ld	a5,24(a1)
    800028fe:	cbd1                	beqz	a5,80002992 <__sfvwrite_r+0xc8>
    80002900:	01041783          	lh	a5,16(s0)
    80002904:	000a3983          	ld	s3,0(s4)
    80002908:	0027f713          	andi	a4,a5,2
    8000290c:	e765                	bnez	a4,800029f4 <__sfvwrite_r+0x12a>
    8000290e:	8b85                	andi	a5,a5,1
    80002910:	4a81                	li	s5,0
    80002912:	16078063          	beqz	a5,80002a72 <__sfvwrite_r+0x1a8>
    80002916:	4501                	li	a0,0
    80002918:	4b81                	li	s7,0
    8000291a:	4b01                	li	s6,0
    8000291c:	240b0063          	beqz	s6,80002b5c <__sfvwrite_r+0x292>
    80002920:	e919                	bnez	a0,80002936 <__sfvwrite_r+0x6c>
    80002922:	865a                	mv	a2,s6
    80002924:	45a9                	li	a1,10
    80002926:	855e                	mv	a0,s7
    80002928:	3f0000ef          	jal	80002d18 <memchr>
    8000292c:	22050f63          	beqz	a0,80002b6a <__sfvwrite_r+0x2a0>
    80002930:	0505                	addi	a0,a0,1
    80002932:	41750abb          	subw	s5,a0,s7
    80002936:	8c56                	mv	s8,s5
    80002938:	015b7363          	bgeu	s6,s5,8000293e <__sfvwrite_r+0x74>
    8000293c:	8c5a                	mv	s8,s6
    8000293e:	6008                	ld	a0,0(s0)
    80002940:	6c1c                	ld	a5,24(s0)
    80002942:	4444                	lw	s1,12(s0)
    80002944:	5014                	lw	a3,32(s0)
    80002946:	22a7f563          	bgeu	a5,a0,80002b70 <__sfvwrite_r+0x2a6>
    8000294a:	9cb5                	addw	s1,s1,a3
    8000294c:	2384d263          	bge	s1,s8,80002b70 <__sfvwrite_r+0x2a6>
    80002950:	85de                	mv	a1,s7
    80002952:	8626                	mv	a2,s1
    80002954:	56e000ef          	jal	80002ec2 <memmove>
    80002958:	601c                	ld	a5,0(s0)
    8000295a:	85a2                	mv	a1,s0
    8000295c:	854a                	mv	a0,s2
    8000295e:	97a6                	add	a5,a5,s1
    80002960:	e01c                	sd	a5,0(s0)
    80002962:	f07ff0ef          	jal	80002868 <_fflush_r>
    80002966:	0e051f63          	bnez	a0,80002a64 <__sfvwrite_r+0x19a>
    8000296a:	409a8abb          	subw	s5,s5,s1
    8000296e:	4505                	li	a0,1
    80002970:	000a9763          	bnez	s5,8000297e <__sfvwrite_r+0xb4>
    80002974:	85a2                	mv	a1,s0
    80002976:	854a                	mv	a0,s2
    80002978:	ef1ff0ef          	jal	80002868 <_fflush_r>
    8000297c:	e565                	bnez	a0,80002a64 <__sfvwrite_r+0x19a>
    8000297e:	010a3783          	ld	a5,16(s4)
    80002982:	9ba6                	add	s7,s7,s1
    80002984:	409b0b33          	sub	s6,s6,s1
    80002988:	8f85                	sub	a5,a5,s1
    8000298a:	00fa3823          	sd	a5,16(s4)
    8000298e:	f7d9                	bnez	a5,8000291c <__sfvwrite_r+0x52>
    80002990:	a091                	j	800029d4 <__sfvwrite_r+0x10a>
    80002992:	85a2                	mv	a1,s0
    80002994:	854a                	mv	a0,s2
    80002996:	2b4000ef          	jal	80002c4a <__swsetup_r>
    8000299a:	d13d                	beqz	a0,80002900 <__sfvwrite_r+0x36>
    8000299c:	557d                	li	a0,-1
    8000299e:	a825                	j	800029d6 <__sfvwrite_r+0x10c>
    800029a0:	0009ba83          	ld	s5,0(s3)
    800029a4:	0089b483          	ld	s1,8(s3)
    800029a8:	09c1                	addi	s3,s3,16
    800029aa:	643c                	ld	a5,72(s0)
    800029ac:	7c0c                	ld	a1,56(s0)
    800029ae:	d8ed                	beqz	s1,800029a0 <__sfvwrite_r+0xd6>
    800029b0:	86a6                	mv	a3,s1
    800029b2:	009b7363          	bgeu	s6,s1,800029b8 <__sfvwrite_r+0xee>
    800029b6:	86da                	mv	a3,s6
    800029b8:	2681                	sext.w	a3,a3
    800029ba:	8656                	mv	a2,s5
    800029bc:	854a                	mv	a0,s2
    800029be:	9782                	jalr	a5
    800029c0:	0aa05263          	blez	a0,80002a64 <__sfvwrite_r+0x19a>
    800029c4:	010a3783          	ld	a5,16(s4)
    800029c8:	9aaa                	add	s5,s5,a0
    800029ca:	8c89                	sub	s1,s1,a0
    800029cc:	8f89                	sub	a5,a5,a0
    800029ce:	00fa3823          	sd	a5,16(s4)
    800029d2:	ffe1                	bnez	a5,800029aa <__sfvwrite_r+0xe0>
    800029d4:	4501                	li	a0,0
    800029d6:	70a6                	ld	ra,104(sp)
    800029d8:	7406                	ld	s0,96(sp)
    800029da:	64e6                	ld	s1,88(sp)
    800029dc:	6946                	ld	s2,80(sp)
    800029de:	69a6                	ld	s3,72(sp)
    800029e0:	6a06                	ld	s4,64(sp)
    800029e2:	7ae2                	ld	s5,56(sp)
    800029e4:	7b42                	ld	s6,48(sp)
    800029e6:	7ba2                	ld	s7,40(sp)
    800029e8:	7c02                	ld	s8,32(sp)
    800029ea:	6ce2                	ld	s9,24(sp)
    800029ec:	6d42                	ld	s10,16(sp)
    800029ee:	6da2                	ld	s11,8(sp)
    800029f0:	6165                	addi	sp,sp,112
    800029f2:	8082                	ret
    800029f4:	80000b37          	lui	s6,0x80000
    800029f8:	4a81                	li	s5,0
    800029fa:	4481                	li	s1,0
    800029fc:	c00b4b13          	xori	s6,s6,-1024
    80002a00:	b76d                	j	800029aa <__sfvwrite_r+0xe0>
    80002a02:	0009ba83          	ld	s5,0(s3)
    80002a06:	0089bc83          	ld	s9,8(s3)
    80002a0a:	09c1                	addi	s3,s3,16
    80002a0c:	4444                	lw	s1,12(s0)
    80002a0e:	01041783          	lh	a5,16(s0)
    80002a12:	6008                	ld	a0,0(s0)
    80002a14:	8d26                	mv	s10,s1
    80002a16:	fe0c86e3          	beqz	s9,80002a02 <__sfvwrite_r+0x138>
    80002a1a:	2007f713          	andi	a4,a5,512
    80002a1e:	c37d                	beqz	a4,80002b04 <__sfvwrite_r+0x23a>
    80002a20:	089ce763          	bltu	s9,s1,80002aae <__sfvwrite_r+0x1e4>
    80002a24:	4807f713          	andi	a4,a5,1152
    80002a28:	c359                	beqz	a4,80002aae <__sfvwrite_r+0x1e4>
    80002a2a:	5004                	lw	s1,32(s0)
    80002a2c:	6c0c                	ld	a1,24(s0)
    80002a2e:	029b84bb          	mulw	s1,s7,s1
    80002a32:	8d0d                	sub	a0,a0,a1
    80002a34:	00050d9b          	sext.w	s11,a0
    80002a38:	001d8713          	addi	a4,s11,1
    80002a3c:	9766                	add	a4,a4,s9
    80002a3e:	0384c4bb          	divw	s1,s1,s8
    80002a42:	00e4f563          	bgeu	s1,a4,80002a4c <__sfvwrite_r+0x182>
    80002a46:	2505                	addiw	a0,a0,1
    80002a48:	019504bb          	addw	s1,a0,s9
    80002a4c:	4007f793          	andi	a5,a5,1024
    80002a50:	cbc9                	beqz	a5,80002ae2 <__sfvwrite_r+0x218>
    80002a52:	85a6                	mv	a1,s1
    80002a54:	854a                	mv	a0,s2
    80002a56:	e73fe0ef          	jal	800018c8 <_malloc_r>
    80002a5a:	8d2a                	mv	s10,a0
    80002a5c:	e11d                	bnez	a0,80002a82 <__sfvwrite_r+0x1b8>
    80002a5e:	47b1                	li	a5,12
    80002a60:	00f92023          	sw	a5,0(s2)
    80002a64:	01045783          	lhu	a5,16(s0)
    80002a68:	0407e793          	ori	a5,a5,64
    80002a6c:	00f41823          	sh	a5,16(s0)
    80002a70:	b735                	j	8000299c <__sfvwrite_r+0xd2>
    80002a72:	80000b37          	lui	s6,0x80000
    80002a76:	4c81                	li	s9,0
    80002a78:	fffb4b13          	not	s6,s6
    80002a7c:	4b8d                	li	s7,3
    80002a7e:	4c09                	li	s8,2
    80002a80:	b771                	j	80002a0c <__sfvwrite_r+0x142>
    80002a82:	6c0c                	ld	a1,24(s0)
    80002a84:	866e                	mv	a2,s11
    80002a86:	462000ef          	jal	80002ee8 <memcpy>
    80002a8a:	01045783          	lhu	a5,16(s0)
    80002a8e:	b7f7f793          	andi	a5,a5,-1153
    80002a92:	0807e793          	ori	a5,a5,128
    80002a96:	00f41823          	sh	a5,16(s0)
    80002a9a:	01a43c23          	sd	s10,24(s0)
    80002a9e:	d004                	sw	s1,32(s0)
    80002aa0:	9d6e                	add	s10,s10,s11
    80002aa2:	41b484bb          	subw	s1,s1,s11
    80002aa6:	01a43023          	sd	s10,0(s0)
    80002aaa:	c444                	sw	s1,12(s0)
    80002aac:	8d66                	mv	s10,s9
    80002aae:	84e6                	mv	s1,s9
    80002ab0:	01acf363          	bgeu	s9,s10,80002ab6 <__sfvwrite_r+0x1ec>
    80002ab4:	8d66                	mv	s10,s9
    80002ab6:	6008                	ld	a0,0(s0)
    80002ab8:	866a                	mv	a2,s10
    80002aba:	85d6                	mv	a1,s5
    80002abc:	406000ef          	jal	80002ec2 <memmove>
    80002ac0:	445c                	lw	a5,12(s0)
    80002ac2:	41a787bb          	subw	a5,a5,s10
    80002ac6:	c45c                	sw	a5,12(s0)
    80002ac8:	601c                	ld	a5,0(s0)
    80002aca:	97ea                	add	a5,a5,s10
    80002acc:	e01c                	sd	a5,0(s0)
    80002ace:	010a3783          	ld	a5,16(s4)
    80002ad2:	9aa6                	add	s5,s5,s1
    80002ad4:	409c8cb3          	sub	s9,s9,s1
    80002ad8:	8f85                	sub	a5,a5,s1
    80002ada:	00fa3823          	sd	a5,16(s4)
    80002ade:	f79d                	bnez	a5,80002a0c <__sfvwrite_r+0x142>
    80002ae0:	bdd5                	j	800029d4 <__sfvwrite_r+0x10a>
    80002ae2:	8626                	mv	a2,s1
    80002ae4:	854a                	mv	a0,s2
    80002ae6:	418000ef          	jal	80002efe <_realloc_r>
    80002aea:	8d2a                	mv	s10,a0
    80002aec:	f55d                	bnez	a0,80002a9a <__sfvwrite_r+0x1d0>
    80002aee:	6c0c                	ld	a1,24(s0)
    80002af0:	854a                	mv	a0,s2
    80002af2:	cccff0ef          	jal	80001fbe <_free_r>
    80002af6:	01045783          	lhu	a5,16(s0)
    80002afa:	f7f7f793          	andi	a5,a5,-129
    80002afe:	00f41823          	sh	a5,16(s0)
    80002b02:	bfb1                	j	80002a5e <__sfvwrite_r+0x194>
    80002b04:	6c1c                	ld	a5,24(s0)
    80002b06:	00a7e563          	bltu	a5,a0,80002b10 <__sfvwrite_r+0x246>
    80002b0a:	5014                	lw	a3,32(s0)
    80002b0c:	02dcf763          	bgeu	s9,a3,80002b3a <__sfvwrite_r+0x270>
    80002b10:	009cf363          	bgeu	s9,s1,80002b16 <__sfvwrite_r+0x24c>
    80002b14:	84e6                	mv	s1,s9
    80002b16:	8626                	mv	a2,s1
    80002b18:	85d6                	mv	a1,s5
    80002b1a:	3a8000ef          	jal	80002ec2 <memmove>
    80002b1e:	445c                	lw	a5,12(s0)
    80002b20:	4097873b          	subw	a4,a5,s1
    80002b24:	601c                	ld	a5,0(s0)
    80002b26:	c458                	sw	a4,12(s0)
    80002b28:	97a6                	add	a5,a5,s1
    80002b2a:	e01c                	sd	a5,0(s0)
    80002b2c:	f34d                	bnez	a4,80002ace <__sfvwrite_r+0x204>
    80002b2e:	85a2                	mv	a1,s0
    80002b30:	854a                	mv	a0,s2
    80002b32:	d37ff0ef          	jal	80002868 <_fflush_r>
    80002b36:	dd41                	beqz	a0,80002ace <__sfvwrite_r+0x204>
    80002b38:	b735                	j	80002a64 <__sfvwrite_r+0x19a>
    80002b3a:	87e6                	mv	a5,s9
    80002b3c:	019b7363          	bgeu	s6,s9,80002b42 <__sfvwrite_r+0x278>
    80002b40:	87da                	mv	a5,s6
    80002b42:	02d7c7bb          	divw	a5,a5,a3
    80002b46:	6438                	ld	a4,72(s0)
    80002b48:	7c0c                	ld	a1,56(s0)
    80002b4a:	8656                	mv	a2,s5
    80002b4c:	854a                	mv	a0,s2
    80002b4e:	02d786bb          	mulw	a3,a5,a3
    80002b52:	9702                	jalr	a4
    80002b54:	84aa                	mv	s1,a0
    80002b56:	f6a04ce3          	bgtz	a0,80002ace <__sfvwrite_r+0x204>
    80002b5a:	b729                	j	80002a64 <__sfvwrite_r+0x19a>
    80002b5c:	0009bb83          	ld	s7,0(s3)
    80002b60:	0089bb03          	ld	s6,8(s3)
    80002b64:	4501                	li	a0,0
    80002b66:	09c1                	addi	s3,s3,16
    80002b68:	bb55                	j	8000291c <__sfvwrite_r+0x52>
    80002b6a:	001b0a9b          	addiw	s5,s6,1 # ffffffff80000001 <__heap_end+0xfffffffefffd9001>
    80002b6e:	b3e1                	j	80002936 <__sfvwrite_r+0x6c>
    80002b70:	00dc4b63          	blt	s8,a3,80002b86 <__sfvwrite_r+0x2bc>
    80002b74:	643c                	ld	a5,72(s0)
    80002b76:	7c0c                	ld	a1,56(s0)
    80002b78:	865e                	mv	a2,s7
    80002b7a:	854a                	mv	a0,s2
    80002b7c:	9782                	jalr	a5
    80002b7e:	84aa                	mv	s1,a0
    80002b80:	dea045e3          	bgtz	a0,8000296a <__sfvwrite_r+0xa0>
    80002b84:	b5c5                	j	80002a64 <__sfvwrite_r+0x19a>
    80002b86:	8662                	mv	a2,s8
    80002b88:	85de                	mv	a1,s7
    80002b8a:	338000ef          	jal	80002ec2 <memmove>
    80002b8e:	445c                	lw	a5,12(s0)
    80002b90:	84e2                	mv	s1,s8
    80002b92:	418787bb          	subw	a5,a5,s8
    80002b96:	c45c                	sw	a5,12(s0)
    80002b98:	601c                	ld	a5,0(s0)
    80002b9a:	97e2                	add	a5,a5,s8
    80002b9c:	e01c                	sd	a5,0(s0)
    80002b9e:	b3f1                	j	8000296a <__sfvwrite_r+0xa0>

0000000080002ba0 <__swbuf_r>:
    80002ba0:	7179                	addi	sp,sp,-48
    80002ba2:	f022                	sd	s0,32(sp)
    80002ba4:	ec26                	sd	s1,24(sp)
    80002ba6:	e84a                	sd	s2,16(sp)
    80002ba8:	f406                	sd	ra,40(sp)
    80002baa:	e44e                	sd	s3,8(sp)
    80002bac:	892a                	mv	s2,a0
    80002bae:	84ae                	mv	s1,a1
    80002bb0:	8432                	mv	s0,a2
    80002bb2:	c509                	beqz	a0,80002bbc <__swbuf_r+0x1c>
    80002bb4:	613c                	ld	a5,64(a0)
    80002bb6:	e399                	bnez	a5,80002bbc <__swbuf_r+0x1c>
    80002bb8:	814ff0ef          	jal	80001bcc <__sinit>
    80002bbc:	541c                	lw	a5,40(s0)
    80002bbe:	c45c                	sw	a5,12(s0)
    80002bc0:	01045783          	lhu	a5,16(s0)
    80002bc4:	8ba1                	andi	a5,a5,8
    80002bc6:	c399                	beqz	a5,80002bcc <__swbuf_r+0x2c>
    80002bc8:	6c1c                	ld	a5,24(s0)
    80002bca:	ef99                	bnez	a5,80002be8 <__swbuf_r+0x48>
    80002bcc:	85a2                	mv	a1,s0
    80002bce:	854a                	mv	a0,s2
    80002bd0:	07a000ef          	jal	80002c4a <__swsetup_r>
    80002bd4:	c911                	beqz	a0,80002be8 <__swbuf_r+0x48>
    80002bd6:	54fd                	li	s1,-1
    80002bd8:	70a2                	ld	ra,40(sp)
    80002bda:	7402                	ld	s0,32(sp)
    80002bdc:	6942                	ld	s2,16(sp)
    80002bde:	69a2                	ld	s3,8(sp)
    80002be0:	8526                	mv	a0,s1
    80002be2:	64e2                	ld	s1,24(sp)
    80002be4:	6145                	addi	sp,sp,48
    80002be6:	8082                	ret
    80002be8:	601c                	ld	a5,0(s0)
    80002bea:	6c18                	ld	a4,24(s0)
    80002bec:	0ff4f993          	zext.b	s3,s1
    80002bf0:	84ce                	mv	s1,s3
    80002bf2:	40e7853b          	subw	a0,a5,a4
    80002bf6:	501c                	lw	a5,32(s0)
    80002bf8:	00f54763          	blt	a0,a5,80002c06 <__swbuf_r+0x66>
    80002bfc:	85a2                	mv	a1,s0
    80002bfe:	854a                	mv	a0,s2
    80002c00:	c69ff0ef          	jal	80002868 <_fflush_r>
    80002c04:	f969                	bnez	a0,80002bd6 <__swbuf_r+0x36>
    80002c06:	445c                	lw	a5,12(s0)
    80002c08:	37fd                	addiw	a5,a5,-1
    80002c0a:	c45c                	sw	a5,12(s0)
    80002c0c:	601c                	ld	a5,0(s0)
    80002c0e:	00178713          	addi	a4,a5,1
    80002c12:	e018                	sd	a4,0(s0)
    80002c14:	01378023          	sb	s3,0(a5)
    80002c18:	5018                	lw	a4,32(s0)
    80002c1a:	0015079b          	addiw	a5,a0,1
    80002c1e:	00f70963          	beq	a4,a5,80002c30 <__swbuf_r+0x90>
    80002c22:	01045783          	lhu	a5,16(s0)
    80002c26:	8b85                	andi	a5,a5,1
    80002c28:	dbc5                	beqz	a5,80002bd8 <__swbuf_r+0x38>
    80002c2a:	47a9                	li	a5,10
    80002c2c:	faf496e3          	bne	s1,a5,80002bd8 <__swbuf_r+0x38>
    80002c30:	85a2                	mv	a1,s0
    80002c32:	854a                	mv	a0,s2
    80002c34:	c35ff0ef          	jal	80002868 <_fflush_r>
    80002c38:	d145                	beqz	a0,80002bd8 <__swbuf_r+0x38>
    80002c3a:	bf71                	j	80002bd6 <__swbuf_r+0x36>

0000000080002c3c <__swbuf>:
    80002c3c:	862e                	mv	a2,a1
    80002c3e:	85aa                	mv	a1,a0
    80002c40:	00001517          	auipc	a0,0x1
    80002c44:	ef853503          	ld	a0,-264(a0) # 80003b38 <_impure_ptr>
    80002c48:	bfa1                	j	80002ba0 <__swbuf_r>

0000000080002c4a <__swsetup_r>:
    80002c4a:	1101                	addi	sp,sp,-32
    80002c4c:	e822                	sd	s0,16(sp)
    80002c4e:	e426                	sd	s1,8(sp)
    80002c50:	ec06                	sd	ra,24(sp)
    80002c52:	84aa                	mv	s1,a0
    80002c54:	00001517          	auipc	a0,0x1
    80002c58:	ee453503          	ld	a0,-284(a0) # 80003b38 <_impure_ptr>
    80002c5c:	842e                	mv	s0,a1
    80002c5e:	c509                	beqz	a0,80002c68 <__swsetup_r+0x1e>
    80002c60:	613c                	ld	a5,64(a0)
    80002c62:	e399                	bnez	a5,80002c68 <__swsetup_r+0x1e>
    80002c64:	f69fe0ef          	jal	80001bcc <__sinit>
    80002c68:	01041783          	lh	a5,16(s0)
    80002c6c:	0087f713          	andi	a4,a5,8
    80002c70:	eb29                	bnez	a4,80002cc2 <__swsetup_r+0x78>
    80002c72:	0107f713          	andi	a4,a5,16
    80002c76:	eb09                	bnez	a4,80002c88 <__swsetup_r+0x3e>
    80002c78:	4725                	li	a4,9
    80002c7a:	c098                	sw	a4,0(s1)
    80002c7c:	0407e793          	ori	a5,a5,64
    80002c80:	00f41823          	sh	a5,16(s0)
    80002c84:	557d                	li	a0,-1
    80002c86:	a8ad                	j	80002d00 <__swsetup_r+0xb6>
    80002c88:	8b91                	andi	a5,a5,4
    80002c8a:	c795                	beqz	a5,80002cb6 <__swsetup_r+0x6c>
    80002c8c:	702c                	ld	a1,96(s0)
    80002c8e:	c991                	beqz	a1,80002ca2 <__swsetup_r+0x58>
    80002c90:	07c40793          	addi	a5,s0,124
    80002c94:	00f58563          	beq	a1,a5,80002c9e <__swsetup_r+0x54>
    80002c98:	8526                	mv	a0,s1
    80002c9a:	b24ff0ef          	jal	80001fbe <_free_r>
    80002c9e:	06043023          	sd	zero,96(s0)
    80002ca2:	01045783          	lhu	a5,16(s0)
    80002ca6:	00042423          	sw	zero,8(s0)
    80002caa:	fdb7f793          	andi	a5,a5,-37
    80002cae:	00f41823          	sh	a5,16(s0)
    80002cb2:	6c1c                	ld	a5,24(s0)
    80002cb4:	e01c                	sd	a5,0(s0)
    80002cb6:	01045783          	lhu	a5,16(s0)
    80002cba:	0087e793          	ori	a5,a5,8
    80002cbe:	00f41823          	sh	a5,16(s0)
    80002cc2:	6c1c                	ld	a5,24(s0)
    80002cc4:	ef89                	bnez	a5,80002cde <__swsetup_r+0x94>
    80002cc6:	01045783          	lhu	a5,16(s0)
    80002cca:	20000713          	li	a4,512
    80002cce:	2807f793          	andi	a5,a5,640
    80002cd2:	00e78663          	beq	a5,a4,80002cde <__swsetup_r+0x94>
    80002cd6:	85a2                	mv	a1,s0
    80002cd8:	8526                	mv	a0,s1
    80002cda:	300000ef          	jal	80002fda <__smakebuf_r>
    80002cde:	01041783          	lh	a5,16(s0)
    80002ce2:	0017f713          	andi	a4,a5,1
    80002ce6:	c315                	beqz	a4,80002d0a <__swsetup_r+0xc0>
    80002ce8:	5018                	lw	a4,32(s0)
    80002cea:	00042623          	sw	zero,12(s0)
    80002cee:	40e0073b          	negw	a4,a4
    80002cf2:	d418                	sw	a4,40(s0)
    80002cf4:	6c18                	ld	a4,24(s0)
    80002cf6:	4501                	li	a0,0
    80002cf8:	e701                	bnez	a4,80002d00 <__swsetup_r+0xb6>
    80002cfa:	0807f713          	andi	a4,a5,128
    80002cfe:	ff3d                	bnez	a4,80002c7c <__swsetup_r+0x32>
    80002d00:	60e2                	ld	ra,24(sp)
    80002d02:	6442                	ld	s0,16(sp)
    80002d04:	64a2                	ld	s1,8(sp)
    80002d06:	6105                	addi	sp,sp,32
    80002d08:	8082                	ret
    80002d0a:	0027f713          	andi	a4,a5,2
    80002d0e:	4681                	li	a3,0
    80002d10:	e311                	bnez	a4,80002d14 <__swsetup_r+0xca>
    80002d12:	5014                	lw	a3,32(s0)
    80002d14:	c454                	sw	a3,12(s0)
    80002d16:	bff9                	j	80002cf4 <__swsetup_r+0xaa>

0000000080002d18 <memchr>:
    80002d18:	0ff5f593          	zext.b	a1,a1
    80002d1c:	962a                	add	a2,a2,a0
    80002d1e:	00c51463          	bne	a0,a2,80002d26 <memchr+0xe>
    80002d22:	4501                	li	a0,0
    80002d24:	8082                	ret
    80002d26:	00054783          	lbu	a5,0(a0)
    80002d2a:	feb78de3          	beq	a5,a1,80002d24 <memchr+0xc>
    80002d2e:	0505                	addi	a0,a0,1
    80002d30:	b7fd                	j	80002d1e <memchr+0x6>

0000000080002d32 <_init_signal_r>:
    80002d32:	793c                	ld	a5,112(a0)
    80002d34:	eb95                	bnez	a5,80002d68 <_init_signal_r+0x36>
    80002d36:	1141                	addi	sp,sp,-16
    80002d38:	10000593          	li	a1,256
    80002d3c:	e022                	sd	s0,0(sp)
    80002d3e:	e406                	sd	ra,8(sp)
    80002d40:	842a                	mv	s0,a0
    80002d42:	b87fe0ef          	jal	800018c8 <_malloc_r>
    80002d46:	87aa                	mv	a5,a0
    80002d48:	f828                	sd	a0,112(s0)
    80002d4a:	557d                	li	a0,-1
    80002d4c:	cb91                	beqz	a5,80002d60 <_init_signal_r+0x2e>
    80002d4e:	853e                	mv	a0,a5
    80002d50:	10078793          	addi	a5,a5,256
    80002d54:	00053023          	sd	zero,0(a0)
    80002d58:	0521                	addi	a0,a0,8
    80002d5a:	fef51de3          	bne	a0,a5,80002d54 <_init_signal_r+0x22>
    80002d5e:	4501                	li	a0,0
    80002d60:	60a2                	ld	ra,8(sp)
    80002d62:	6402                	ld	s0,0(sp)
    80002d64:	0141                	addi	sp,sp,16
    80002d66:	8082                	ret
    80002d68:	4501                	li	a0,0
    80002d6a:	8082                	ret

0000000080002d6c <_signal_r>:
    80002d6c:	1101                	addi	sp,sp,-32
    80002d6e:	e426                	sd	s1,8(sp)
    80002d70:	ec06                	sd	ra,24(sp)
    80002d72:	e822                	sd	s0,16(sp)
    80002d74:	e04a                	sd	s2,0(sp)
    80002d76:	47fd                	li	a5,31
    80002d78:	84aa                	mv	s1,a0
    80002d7a:	00b7f663          	bgeu	a5,a1,80002d86 <_signal_r+0x1a>
    80002d7e:	47d9                	li	a5,22
    80002d80:	c11c                	sw	a5,0(a0)
    80002d82:	557d                	li	a0,-1
    80002d84:	a819                	j	80002d9a <_signal_r+0x2e>
    80002d86:	793c                	ld	a5,112(a0)
    80002d88:	842e                	mv	s0,a1
    80002d8a:	8932                	mv	s2,a2
    80002d8c:	cf89                	beqz	a5,80002da6 <_signal_r+0x3a>
    80002d8e:	78bc                	ld	a5,112(s1)
    80002d90:	040e                	slli	s0,s0,0x3
    80002d92:	97a2                	add	a5,a5,s0
    80002d94:	6388                	ld	a0,0(a5)
    80002d96:	0127b023          	sd	s2,0(a5)
    80002d9a:	60e2                	ld	ra,24(sp)
    80002d9c:	6442                	ld	s0,16(sp)
    80002d9e:	64a2                	ld	s1,8(sp)
    80002da0:	6902                	ld	s2,0(sp)
    80002da2:	6105                	addi	sp,sp,32
    80002da4:	8082                	ret
    80002da6:	f8dff0ef          	jal	80002d32 <_init_signal_r>
    80002daa:	d175                	beqz	a0,80002d8e <_signal_r+0x22>
    80002dac:	bfd9                	j	80002d82 <_signal_r+0x16>

0000000080002dae <_raise_r>:
    80002dae:	1101                	addi	sp,sp,-32
    80002db0:	e822                	sd	s0,16(sp)
    80002db2:	ec06                	sd	ra,24(sp)
    80002db4:	47fd                	li	a5,31
    80002db6:	842a                	mv	s0,a0
    80002db8:	00b7f963          	bgeu	a5,a1,80002dca <_raise_r+0x1c>
    80002dbc:	47d9                	li	a5,22
    80002dbe:	c11c                	sw	a5,0(a0)
    80002dc0:	557d                	li	a0,-1
    80002dc2:	60e2                	ld	ra,24(sp)
    80002dc4:	6442                	ld	s0,16(sp)
    80002dc6:	6105                	addi	sp,sp,32
    80002dc8:	8082                	ret
    80002dca:	793c                	ld	a5,112(a0)
    80002dcc:	862e                	mv	a2,a1
    80002dce:	c791                	beqz	a5,80002dda <_raise_r+0x2c>
    80002dd0:	00359713          	slli	a4,a1,0x3
    80002dd4:	97ba                	add	a5,a5,a4
    80002dd6:	6398                	ld	a4,0(a5)
    80002dd8:	ef01                	bnez	a4,80002df0 <_raise_r+0x42>
    80002dda:	8522                	mv	a0,s0
    80002ddc:	e432                	sd	a2,8(sp)
    80002dde:	0e2000ef          	jal	80002ec0 <_getpid_r>
    80002de2:	85aa                	mv	a1,a0
    80002de4:	8522                	mv	a0,s0
    80002de6:	6442                	ld	s0,16(sp)
    80002de8:	6622                	ld	a2,8(sp)
    80002dea:	60e2                	ld	ra,24(sp)
    80002dec:	6105                	addi	sp,sp,32
    80002dee:	a065                	j	80002e96 <_kill_r>
    80002df0:	4685                	li	a3,1
    80002df2:	00d70d63          	beq	a4,a3,80002e0c <_raise_r+0x5e>
    80002df6:	56fd                	li	a3,-1
    80002df8:	00d71663          	bne	a4,a3,80002e04 <_raise_r+0x56>
    80002dfc:	47d9                	li	a5,22
    80002dfe:	c11c                	sw	a5,0(a0)
    80002e00:	4505                	li	a0,1
    80002e02:	b7c1                	j	80002dc2 <_raise_r+0x14>
    80002e04:	0007b023          	sd	zero,0(a5)
    80002e08:	852e                	mv	a0,a1
    80002e0a:	9702                	jalr	a4
    80002e0c:	4501                	li	a0,0
    80002e0e:	bf55                	j	80002dc2 <_raise_r+0x14>

0000000080002e10 <__sigtramp_r>:
    80002e10:	47fd                	li	a5,31
    80002e12:	00b7f463          	bgeu	a5,a1,80002e1a <__sigtramp_r+0xa>
    80002e16:	557d                	li	a0,-1
    80002e18:	8082                	ret
    80002e1a:	793c                	ld	a5,112(a0)
    80002e1c:	1101                	addi	sp,sp,-32
    80002e1e:	e822                	sd	s0,16(sp)
    80002e20:	e426                	sd	s1,8(sp)
    80002e22:	ec06                	sd	ra,24(sp)
    80002e24:	84aa                	mv	s1,a0
    80002e26:	842e                	mv	s0,a1
    80002e28:	c795                	beqz	a5,80002e54 <__sigtramp_r+0x44>
    80002e2a:	78b8                	ld	a4,112(s1)
    80002e2c:	00341793          	slli	a5,s0,0x3
    80002e30:	4505                	li	a0,1
    80002e32:	973e                	add	a4,a4,a5
    80002e34:	631c                	ld	a5,0(a4)
    80002e36:	c39d                	beqz	a5,80002e5c <__sigtramp_r+0x4c>
    80002e38:	56fd                	li	a3,-1
    80002e3a:	4509                	li	a0,2
    80002e3c:	02d78063          	beq	a5,a3,80002e5c <__sigtramp_r+0x4c>
    80002e40:	4685                	li	a3,1
    80002e42:	450d                	li	a0,3
    80002e44:	00d78c63          	beq	a5,a3,80002e5c <__sigtramp_r+0x4c>
    80002e48:	8522                	mv	a0,s0
    80002e4a:	00073023          	sd	zero,0(a4)
    80002e4e:	9782                	jalr	a5
    80002e50:	4501                	li	a0,0
    80002e52:	a029                	j	80002e5c <__sigtramp_r+0x4c>
    80002e54:	edfff0ef          	jal	80002d32 <_init_signal_r>
    80002e58:	d969                	beqz	a0,80002e2a <__sigtramp_r+0x1a>
    80002e5a:	557d                	li	a0,-1
    80002e5c:	60e2                	ld	ra,24(sp)
    80002e5e:	6442                	ld	s0,16(sp)
    80002e60:	64a2                	ld	s1,8(sp)
    80002e62:	6105                	addi	sp,sp,32
    80002e64:	8082                	ret

0000000080002e66 <raise>:
    80002e66:	85aa                	mv	a1,a0
    80002e68:	00001517          	auipc	a0,0x1
    80002e6c:	cd053503          	ld	a0,-816(a0) # 80003b38 <_impure_ptr>
    80002e70:	bf3d                	j	80002dae <_raise_r>

0000000080002e72 <signal>:
    80002e72:	862e                	mv	a2,a1
    80002e74:	85aa                	mv	a1,a0
    80002e76:	00001517          	auipc	a0,0x1
    80002e7a:	cc253503          	ld	a0,-830(a0) # 80003b38 <_impure_ptr>
    80002e7e:	b5fd                	j	80002d6c <_signal_r>

0000000080002e80 <_init_signal>:
    80002e80:	00001517          	auipc	a0,0x1
    80002e84:	cb853503          	ld	a0,-840(a0) # 80003b38 <_impure_ptr>
    80002e88:	b56d                	j	80002d32 <_init_signal_r>

0000000080002e8a <__sigtramp>:
    80002e8a:	85aa                	mv	a1,a0
    80002e8c:	00001517          	auipc	a0,0x1
    80002e90:	cac53503          	ld	a0,-852(a0) # 80003b38 <_impure_ptr>
    80002e94:	bfb5                	j	80002e10 <__sigtramp_r>

0000000080002e96 <_kill_r>:
    80002e96:	1141                	addi	sp,sp,-16
    80002e98:	e022                	sd	s0,0(sp)
    80002e9a:	842a                	mv	s0,a0
    80002e9c:	852e                	mv	a0,a1
    80002e9e:	85b2                	mv	a1,a2
    80002ea0:	8601a423          	sw	zero,-1944(gp) # 80003ba0 <errno>
    80002ea4:	e406                	sd	ra,8(sp)
    80002ea6:	292000ef          	jal	80003138 <_kill>
    80002eaa:	57fd                	li	a5,-1
    80002eac:	00f51663          	bne	a0,a5,80002eb8 <_kill_r+0x22>
    80002eb0:	8681a783          	lw	a5,-1944(gp) # 80003ba0 <errno>
    80002eb4:	c391                	beqz	a5,80002eb8 <_kill_r+0x22>
    80002eb6:	c01c                	sw	a5,0(s0)
    80002eb8:	60a2                	ld	ra,8(sp)
    80002eba:	6402                	ld	s0,0(sp)
    80002ebc:	0141                	addi	sp,sp,16
    80002ebe:	8082                	ret

0000000080002ec0 <_getpid_r>:
    80002ec0:	a4b5                	j	8000312c <_getpid>

0000000080002ec2 <memmove>:
    80002ec2:	c215                	beqz	a2,80002ee6 <memmove+0x24>
    80002ec4:	832a                	mv	t1,a0
    80002ec6:	4685                	li	a3,1
    80002ec8:	00b56763          	bltu	a0,a1,80002ed6 <memmove+0x14>
    80002ecc:	56fd                	li	a3,-1
    80002ece:	fff60713          	addi	a4,a2,-1
    80002ed2:	933a                	add	t1,t1,a4
    80002ed4:	95ba                	add	a1,a1,a4
    80002ed6:	00058383          	lb	t2,0(a1)
    80002eda:	00730023          	sb	t2,0(t1)
    80002ede:	167d                	addi	a2,a2,-1
    80002ee0:	9336                	add	t1,t1,a3
    80002ee2:	95b6                	add	a1,a1,a3
    80002ee4:	fa6d                	bnez	a2,80002ed6 <memmove+0x14>
    80002ee6:	8082                	ret

0000000080002ee8 <memcpy>:
    80002ee8:	832a                	mv	t1,a0
    80002eea:	ca09                	beqz	a2,80002efc <memcpy+0x14>
    80002eec:	00058383          	lb	t2,0(a1)
    80002ef0:	00730023          	sb	t2,0(t1)
    80002ef4:	167d                	addi	a2,a2,-1
    80002ef6:	0305                	addi	t1,t1,1
    80002ef8:	0585                	addi	a1,a1,1
    80002efa:	fa6d                	bnez	a2,80002eec <memcpy+0x4>
    80002efc:	8082                	ret

0000000080002efe <_realloc_r>:
    80002efe:	7179                	addi	sp,sp,-48
    80002f00:	f022                	sd	s0,32(sp)
    80002f02:	f406                	sd	ra,40(sp)
    80002f04:	ec26                	sd	s1,24(sp)
    80002f06:	e84a                	sd	s2,16(sp)
    80002f08:	e44e                	sd	s3,8(sp)
    80002f0a:	e052                	sd	s4,0(sp)
    80002f0c:	8432                	mv	s0,a2
    80002f0e:	e999                	bnez	a1,80002f24 <_realloc_r+0x26>
    80002f10:	7402                	ld	s0,32(sp)
    80002f12:	70a2                	ld	ra,40(sp)
    80002f14:	64e2                	ld	s1,24(sp)
    80002f16:	6942                	ld	s2,16(sp)
    80002f18:	69a2                	ld	s3,8(sp)
    80002f1a:	6a02                	ld	s4,0(sp)
    80002f1c:	85b2                	mv	a1,a2
    80002f1e:	6145                	addi	sp,sp,48
    80002f20:	9a9fe06f          	j	800018c8 <_malloc_r>
    80002f24:	ee09                	bnez	a2,80002f3e <_realloc_r+0x40>
    80002f26:	898ff0ef          	jal	80001fbe <_free_r>
    80002f2a:	4481                	li	s1,0
    80002f2c:	70a2                	ld	ra,40(sp)
    80002f2e:	7402                	ld	s0,32(sp)
    80002f30:	6942                	ld	s2,16(sp)
    80002f32:	69a2                	ld	s3,8(sp)
    80002f34:	6a02                	ld	s4,0(sp)
    80002f36:	8526                	mv	a0,s1
    80002f38:	64e2                	ld	s1,24(sp)
    80002f3a:	6145                	addi	sp,sp,48
    80002f3c:	8082                	ret
    80002f3e:	8a2a                	mv	s4,a0
    80002f40:	84ae                	mv	s1,a1
    80002f42:	188000ef          	jal	800030ca <_malloc_usable_size_r>
    80002f46:	892a                	mv	s2,a0
    80002f48:	00856663          	bltu	a0,s0,80002f54 <_realloc_r+0x56>
    80002f4c:	00155793          	srli	a5,a0,0x1
    80002f50:	fc87eee3          	bltu	a5,s0,80002f2c <_realloc_r+0x2e>
    80002f54:	85a2                	mv	a1,s0
    80002f56:	8552                	mv	a0,s4
    80002f58:	971fe0ef          	jal	800018c8 <_malloc_r>
    80002f5c:	89aa                	mv	s3,a0
    80002f5e:	e119                	bnez	a0,80002f64 <_realloc_r+0x66>
    80002f60:	84ce                	mv	s1,s3
    80002f62:	b7e9                	j	80002f2c <_realloc_r+0x2e>
    80002f64:	8622                	mv	a2,s0
    80002f66:	00897363          	bgeu	s2,s0,80002f6c <_realloc_r+0x6e>
    80002f6a:	864a                	mv	a2,s2
    80002f6c:	85a6                	mv	a1,s1
    80002f6e:	854e                	mv	a0,s3
    80002f70:	f79ff0ef          	jal	80002ee8 <memcpy>
    80002f74:	85a6                	mv	a1,s1
    80002f76:	8552                	mv	a0,s4
    80002f78:	846ff0ef          	jal	80001fbe <_free_r>
    80002f7c:	b7d5                	j	80002f60 <_realloc_r+0x62>

0000000080002f7e <__swhatbuf_r>:
    80002f7e:	7175                	addi	sp,sp,-144
    80002f80:	e122                	sd	s0,128(sp)
    80002f82:	842e                	mv	s0,a1
    80002f84:	01259583          	lh	a1,18(a1)
    80002f88:	fca6                	sd	s1,120(sp)
    80002f8a:	f8ca                	sd	s2,112(sp)
    80002f8c:	e506                	sd	ra,136(sp)
    80002f8e:	84b2                	mv	s1,a2
    80002f90:	8936                	mv	s2,a3
    80002f92:	0205d363          	bgez	a1,80002fb8 <__swhatbuf_r+0x3a>
    80002f96:	01045783          	lhu	a5,16(s0)
    80002f9a:	0807f793          	andi	a5,a5,128
    80002f9e:	eb95                	bnez	a5,80002fd2 <__swhatbuf_r+0x54>
    80002fa0:	40000713          	li	a4,1024
    80002fa4:	60aa                	ld	ra,136(sp)
    80002fa6:	640a                	ld	s0,128(sp)
    80002fa8:	00f92023          	sw	a5,0(s2)
    80002fac:	e098                	sd	a4,0(s1)
    80002fae:	7946                	ld	s2,112(sp)
    80002fb0:	74e6                	ld	s1,120(sp)
    80002fb2:	4501                	li	a0,0
    80002fb4:	6149                	addi	sp,sp,144
    80002fb6:	8082                	ret
    80002fb8:	0030                	addi	a2,sp,8
    80002fba:	0be000ef          	jal	80003078 <_fstat_r>
    80002fbe:	fc054ce3          	bltz	a0,80002f96 <__swhatbuf_r+0x18>
    80002fc2:	47b2                	lw	a5,12(sp)
    80002fc4:	673d                	lui	a4,0xf
    80002fc6:	8ff9                	and	a5,a5,a4
    80002fc8:	6709                	lui	a4,0x2
    80002fca:	8f99                	sub	a5,a5,a4
    80002fcc:	0017b793          	seqz	a5,a5
    80002fd0:	bfc1                	j	80002fa0 <__swhatbuf_r+0x22>
    80002fd2:	4781                	li	a5,0
    80002fd4:	04000713          	li	a4,64
    80002fd8:	b7f1                	j	80002fa4 <__swhatbuf_r+0x26>

0000000080002fda <__smakebuf_r>:
    80002fda:	0105d783          	lhu	a5,16(a1)
    80002fde:	7139                	addi	sp,sp,-64
    80002fe0:	f822                	sd	s0,48(sp)
    80002fe2:	fc06                	sd	ra,56(sp)
    80002fe4:	f426                	sd	s1,40(sp)
    80002fe6:	f04a                	sd	s2,32(sp)
    80002fe8:	ec4e                	sd	s3,24(sp)
    80002fea:	8b89                	andi	a5,a5,2
    80002fec:	842e                	mv	s0,a1
    80002fee:	cf91                	beqz	a5,8000300a <__smakebuf_r+0x30>
    80002ff0:	07f40793          	addi	a5,s0,127
    80002ff4:	e01c                	sd	a5,0(s0)
    80002ff6:	ec1c                	sd	a5,24(s0)
    80002ff8:	4785                	li	a5,1
    80002ffa:	d01c                	sw	a5,32(s0)
    80002ffc:	70e2                	ld	ra,56(sp)
    80002ffe:	7442                	ld	s0,48(sp)
    80003000:	74a2                	ld	s1,40(sp)
    80003002:	7902                	ld	s2,32(sp)
    80003004:	69e2                	ld	s3,24(sp)
    80003006:	6121                	addi	sp,sp,64
    80003008:	8082                	ret
    8000300a:	0054                	addi	a3,sp,4
    8000300c:	0030                	addi	a2,sp,8
    8000300e:	84aa                	mv	s1,a0
    80003010:	f6fff0ef          	jal	80002f7e <__swhatbuf_r>
    80003014:	69a2                	ld	s3,8(sp)
    80003016:	892a                	mv	s2,a0
    80003018:	8526                	mv	a0,s1
    8000301a:	85ce                	mv	a1,s3
    8000301c:	8adfe0ef          	jal	800018c8 <_malloc_r>
    80003020:	ed01                	bnez	a0,80003038 <__smakebuf_r+0x5e>
    80003022:	01041783          	lh	a5,16(s0)
    80003026:	2007f713          	andi	a4,a5,512
    8000302a:	fb69                	bnez	a4,80002ffc <__smakebuf_r+0x22>
    8000302c:	9bf1                	andi	a5,a5,-4
    8000302e:	0027e793          	ori	a5,a5,2
    80003032:	00f41823          	sh	a5,16(s0)
    80003036:	bf6d                	j	80002ff0 <__smakebuf_r+0x16>
    80003038:	01045783          	lhu	a5,16(s0)
    8000303c:	e008                	sd	a0,0(s0)
    8000303e:	ec08                	sd	a0,24(s0)
    80003040:	0807e793          	ori	a5,a5,128
    80003044:	00f41823          	sh	a5,16(s0)
    80003048:	4792                	lw	a5,4(sp)
    8000304a:	03342023          	sw	s3,32(s0)
    8000304e:	cf91                	beqz	a5,8000306a <__smakebuf_r+0x90>
    80003050:	01241583          	lh	a1,18(s0)
    80003054:	8526                	mv	a0,s1
    80003056:	04c000ef          	jal	800030a2 <_isatty_r>
    8000305a:	c901                	beqz	a0,8000306a <__smakebuf_r+0x90>
    8000305c:	01045783          	lhu	a5,16(s0)
    80003060:	9bf1                	andi	a5,a5,-4
    80003062:	0017e793          	ori	a5,a5,1
    80003066:	00f41823          	sh	a5,16(s0)
    8000306a:	01045783          	lhu	a5,16(s0)
    8000306e:	0127e533          	or	a0,a5,s2
    80003072:	00a41823          	sh	a0,16(s0)
    80003076:	b759                	j	80002ffc <__smakebuf_r+0x22>

0000000080003078 <_fstat_r>:
    80003078:	1141                	addi	sp,sp,-16
    8000307a:	e022                	sd	s0,0(sp)
    8000307c:	842a                	mv	s0,a0
    8000307e:	852e                	mv	a0,a1
    80003080:	85b2                	mv	a1,a2
    80003082:	8601a423          	sw	zero,-1944(gp) # 80003ba0 <errno>
    80003086:	e406                	sd	ra,8(sp)
    80003088:	090000ef          	jal	80003118 <_fstat>
    8000308c:	57fd                	li	a5,-1
    8000308e:	00f51663          	bne	a0,a5,8000309a <_fstat_r+0x22>
    80003092:	8681a783          	lw	a5,-1944(gp) # 80003ba0 <errno>
    80003096:	c391                	beqz	a5,8000309a <_fstat_r+0x22>
    80003098:	c01c                	sw	a5,0(s0)
    8000309a:	60a2                	ld	ra,8(sp)
    8000309c:	6402                	ld	s0,0(sp)
    8000309e:	0141                	addi	sp,sp,16
    800030a0:	8082                	ret

00000000800030a2 <_isatty_r>:
    800030a2:	1141                	addi	sp,sp,-16
    800030a4:	e022                	sd	s0,0(sp)
    800030a6:	842a                	mv	s0,a0
    800030a8:	852e                	mv	a0,a1
    800030aa:	8601a423          	sw	zero,-1944(gp) # 80003ba0 <errno>
    800030ae:	e406                	sd	ra,8(sp)
    800030b0:	080000ef          	jal	80003130 <_isatty>
    800030b4:	57fd                	li	a5,-1
    800030b6:	00f51663          	bne	a0,a5,800030c2 <_isatty_r+0x20>
    800030ba:	8681a783          	lw	a5,-1944(gp) # 80003ba0 <errno>
    800030be:	c391                	beqz	a5,800030c2 <_isatty_r+0x20>
    800030c0:	c01c                	sw	a5,0(s0)
    800030c2:	60a2                	ld	ra,8(sp)
    800030c4:	6402                	ld	s0,0(sp)
    800030c6:	0141                	addi	sp,sp,16
    800030c8:	8082                	ret

00000000800030ca <_malloc_usable_size_r>:
    800030ca:	ff85b503          	ld	a0,-8(a1)
    800030ce:	0005079b          	sext.w	a5,a0
    800030d2:	1561                	addi	a0,a0,-8
    800030d4:	0007d663          	bgez	a5,800030e0 <_malloc_usable_size_r+0x16>
    800030d8:	95aa                	add	a1,a1,a0
    800030da:	6188                	ld	a0,0(a1)
    800030dc:	17e1                	addi	a5,a5,-8
    800030de:	953e                	add	a0,a0,a5
    800030e0:	8082                	ret

00000000800030e2 <_close>:
#include <errno.h>
#include "syscall.h"

int _close(int file)
{
    800030e2:	1141                	addi	sp,sp,-16
    800030e4:	e406                	sd	ra,8(sp)
    errno = EBADF;
    800030e6:	15c000ef          	jal	80003242 <__errno>
    return -1;
}
    800030ea:	60a2                	ld	ra,8(sp)
    errno = EBADF;
    800030ec:	47a5                	li	a5,9
    800030ee:	c11c                	sw	a5,0(a0)
}
    800030f0:	557d                	li	a0,-1
    800030f2:	0141                	addi	sp,sp,16
    800030f4:	8082                	ret

00000000800030f6 <_exit>:
#include "syscall.h"
#include "htif.h"

void __attribute__ ((noreturn)) _exit(int code)
{
    uint64_t cmd = HTIF_TOHOST(0, 0, (code << 1) | 0x1);
    800030f6:	0015179b          	slliw	a5,a0,0x1
    800030fa:	0017e793          	ori	a5,a5,1
    800030fe:	2781                	sext.w	a5,a5
    80003100:	07c2                	slli	a5,a5,0x10
    80003102:	83c1                	srli	a5,a5,0x10
    80003104:	00001717          	auipc	a4,0x1
    80003108:	97c70713          	addi	a4,a4,-1668 # 80003a80 <tohost>
    for (;;) {
        fromhost = 0;
    8000310c:	00001697          	auipc	a3,0x1
    80003110:	9606be23          	sd	zero,-1668(a3) # 80003a88 <fromhost>
        tohost = cmd;
    80003114:	e31c                	sd	a5,0(a4)
    for (;;) {
    80003116:	bfdd                	j	8000310c <_exit+0x16>

0000000080003118 <_fstat>:
#include <errno.h>
#include <sys/stat.h>
#include "syscall.h"

int _fstat(int file, struct stat *st)
{
    80003118:	1141                	addi	sp,sp,-16
    8000311a:	e406                	sd	ra,8(sp)
    errno = EBADF;
    8000311c:	126000ef          	jal	80003242 <__errno>
    return -1;
}
    80003120:	60a2                	ld	ra,8(sp)
    errno = EBADF;
    80003122:	47a5                	li	a5,9
    80003124:	c11c                	sw	a5,0(a0)
}
    80003126:	557d                	li	a0,-1
    80003128:	0141                	addi	sp,sp,16
    8000312a:	8082                	ret

000000008000312c <_getpid>:
#include "syscall.h"

int _getpid(void)
{
    return 1;
}
    8000312c:	4505                	li	a0,1
    8000312e:	8082                	ret

0000000080003130 <_isatty>:
#include <unistd.h>
#include "syscall.h"

int _isatty(int file)
{
    return (file == STDOUT_FILENO || file == STDERR_FILENO);
    80003130:	357d                	addiw	a0,a0,-1
}
    80003132:	00253513          	sltiu	a0,a0,2
    80003136:	8082                	ret

0000000080003138 <_kill>:
#include <errno.h>
#include "syscall.h"

int _kill(int pid, int sig)
{
    80003138:	1141                	addi	sp,sp,-16
    8000313a:	e406                	sd	ra,8(sp)
    errno = EINVAL;
    8000313c:	106000ef          	jal	80003242 <__errno>
    return -1;
}
    80003140:	60a2                	ld	ra,8(sp)
    errno = EINVAL;
    80003142:	47d9                	li	a5,22
    80003144:	c11c                	sw	a5,0(a0)
}
    80003146:	557d                	li	a0,-1
    80003148:	0141                	addi	sp,sp,16
    8000314a:	8082                	ret

000000008000314c <_lseek>:
#include <errno.h>
#include <sys/types.h>
#include "syscall.h"

off_t _lseek(int file, off_t ptr, int dir)
{
    8000314c:	1141                	addi	sp,sp,-16
    8000314e:	e406                	sd	ra,8(sp)
    errno = EBADF;
    80003150:	0f2000ef          	jal	80003242 <__errno>
    return -1;
}
    80003154:	60a2                	ld	ra,8(sp)
    errno = EBADF;
    80003156:	47a5                	li	a5,9
    80003158:	c11c                	sw	a5,0(a0)
}
    8000315a:	557d                	li	a0,-1
    8000315c:	0141                	addi	sp,sp,16
    8000315e:	8082                	ret

0000000080003160 <_read>:
#include <errno.h>
#include <sys/types.h>
#include "syscall.h"

ssize_t _read(int file, void *ptr, size_t len)
{
    80003160:	1141                	addi	sp,sp,-16
    80003162:	e406                	sd	ra,8(sp)
    errno = ENOSYS;
    80003164:	0de000ef          	jal	80003242 <__errno>
    return -1;
}
    80003168:	60a2                	ld	ra,8(sp)
    errno = ENOSYS;
    8000316a:	05800793          	li	a5,88
    8000316e:	c11c                	sw	a5,0(a0)
}
    80003170:	557d                	li	a0,-1
    80003172:	0141                	addi	sp,sp,16
    80003174:	8082                	ret

0000000080003176 <_sbrk>:
{
    extern char __heap_end[];
    char *newbrk;
    char *oldbrk;

    oldbrk = curbrk;
    80003176:	00001717          	auipc	a4,0x1
    8000317a:	9ca70713          	addi	a4,a4,-1590 # 80003b40 <curbrk>
    8000317e:	631c                	ld	a5,0(a4)
    newbrk = oldbrk + incr;
    if (unlikely((newbrk < _end) || (newbrk >= __heap_end))) {
    80003180:	00003697          	auipc	a3,0x3
    80003184:	f8068693          	addi	a3,a3,-128 # 80006100 <_end>
    newbrk = oldbrk + incr;
    80003188:	953e                	add	a0,a0,a5
    if (unlikely((newbrk < _end) || (newbrk >= __heap_end))) {
    8000318a:	00d56b63          	bltu	a0,a3,800031a0 <_sbrk+0x2a>
    8000318e:	00024697          	auipc	a3,0x24
    80003192:	e7268693          	addi	a3,a3,-398 # 80027000 <__heap_end>
    80003196:	00d57563          	bgeu	a0,a3,800031a0 <_sbrk+0x2a>
        errno = ENOMEM;
        return (void *)(-1);
    }

    curbrk = newbrk;
    8000319a:	e308                	sd	a0,0(a4)
    return oldbrk;
}
    8000319c:	853e                	mv	a0,a5
    8000319e:	8082                	ret
{
    800031a0:	1141                	addi	sp,sp,-16
    800031a2:	e406                	sd	ra,8(sp)
        errno = ENOMEM;
    800031a4:	09e000ef          	jal	80003242 <__errno>
}
    800031a8:	60a2                	ld	ra,8(sp)
        errno = ENOMEM;
    800031aa:	47b1                	li	a5,12
    800031ac:	c11c                	sw	a5,0(a0)
        return (void *)(-1);
    800031ae:	57fd                	li	a5,-1
}
    800031b0:	853e                	mv	a0,a5
    800031b2:	0141                	addi	sp,sp,16
    800031b4:	8082                	ret

00000000800031b6 <_write>:
#include <sys/types.h>
#include "syscall.h"

ssize_t _write(int fd, const void *ptr, size_t len)
{
    return SYSCALL3(SYS_write, fd, (uintptr_t)ptr, len);
    800031b6:	04000693          	li	a3,64
    800031ba:	a80d                	j	800031ec <htif_syscall>

00000000800031bc <__init_tls>:
#include <string.h>

void __init_tls(void)
{
    800031bc:	1141                	addi	sp,sp,-16
    extern char __tdata_start[];
    extern char __tbss_offset[];
    extern char __tdata_size[];
    extern char __tbss_size[];

    memcpy(__thread_self, __tdata_start, (size_t)__tdata_size);
    800031be:	00000613          	li	a2,0
    800031c2:	00000597          	auipc	a1,0x0
    800031c6:	26458593          	addi	a1,a1,612 # 80003426 <__tbss_end>
    800031ca:	8512                	mv	a0,tp
{
    800031cc:	e022                	sd	s0,0(sp)
    800031ce:	e406                	sd	ra,8(sp)
    memcpy(__thread_self, __tdata_start, (size_t)__tdata_size);
    800031d0:	8412                	mv	s0,tp
    800031d2:	d17ff0ef          	jal	80002ee8 <memcpy>
    memset(__thread_self + (size_t)__tbss_offset, 0, (size_t)__tbss_size);
    800031d6:	00000513          	li	a0,0
    800031da:	9522                	add	a0,a0,s0
}
    800031dc:	6402                	ld	s0,0(sp)
    800031de:	60a2                	ld	ra,8(sp)
    memset(__thread_self + (size_t)__tbss_offset, 0, (size_t)__tbss_size);
    800031e0:	00000613          	li	a2,0
    800031e4:	4581                	li	a1,0
}
    800031e6:	0141                	addi	sp,sp,16
    memset(__thread_self + (size_t)__tbss_offset, 0, (size_t)__tbss_size);
    800031e8:	db7fe06f          	j	80001f9e <memset>

00000000800031ec <htif_syscall>:
volatile uint64_t fromhost __attribute__ ((section (".htif")));

static spinlock_t htif_lock = SPINLOCK_INIT;

long htif_syscall(uint64_t a0, uint64_t a1, uint64_t a2, unsigned long n)
{
    800031ec:	7139                	addi	sp,sp,-64
    volatile uint64_t buf[8];
    uint64_t sc;

    buf[0] = n;
    800031ee:	e036                	sd	a3,0(sp)
    buf[1] = a0;
    800031f0:	e42a                	sd	a0,8(sp)
    buf[2] = a1;
    buf[3] = a2;

    sc = HTIF_TOHOST(0, 0, (uintptr_t)&buf);
    800031f2:	fff007b7          	lui	a5,0xfff00
    buf[2] = a1;
    800031f6:	e82e                	sd	a1,16(sp)
    sc = HTIF_TOHOST(0, 0, (uintptr_t)&buf);
    800031f8:	83c1                	srli	a5,a5,0x10
    buf[3] = a2;
    800031fa:	ec32                	sd	a2,24(sp)
    sc = HTIF_TOHOST(0, 0, (uintptr_t)&buf);
    800031fc:	860a                	mv	a2,sp
    800031fe:	8e7d                	and	a2,a2,a5
    spin_lock(&htif_lock);
    80003200:	87018713          	addi	a4,gp,-1936 # 80003ba8 <htif_lock>

static inline long atomic_swap_acquire(atomic_t *p, atomic_t v)
{
    long n;
#ifdef __riscv_atomic
    __asm__ __volatile__ (
    80003204:	56fd                	li	a3,-1
    return *((volatile const atomic_t *)p);
    80003206:	431c                	lw	a5,0(a4)

static inline void spin_lock(spinlock_t *lock)
{
    do {
#ifdef __riscv_atomic
        while (atomic_load(&lock->lock));
    80003208:	fffd                	bnez	a5,80003206 <htif_syscall+0x1a>
    __asm__ __volatile__ (
    8000320a:	0cd727af          	amoswap.w.aq	a5,a3,(a4)
#endif
    } while (atomic_swap_acquire(&lock->lock, -1));
    8000320e:	ffe5                	bnez	a5,80003206 <htif_syscall+0x1a>
static inline void wmb(void) { fence(w, w); }
    80003210:	0110000f          	fence	w,w
    wmb();
    tohost = sc;
    80003214:	00001697          	auipc	a3,0x1
    80003218:	86c68693          	addi	a3,a3,-1940 # 80003a80 <tohost>
    8000321c:	e290                	sd	a2,0(a3)
    while (fromhost == 0);
    8000321e:	669c                	ld	a5,8(a3)
    80003220:	dffd                	beqz	a5,8000321e <htif_syscall+0x32>
    fromhost = 0;
    80003222:	00001797          	auipc	a5,0x1
    80003226:	8607b323          	sd	zero,-1946(a5) # 80003a88 <fromhost>
}

static inline void atomic_clear_release(atomic_t *p)
{
#ifdef __riscv_atomic
    __asm__ __volatile__ (
    8000322a:	0a07202f          	amoswap.w.rl	zero,zero,(a4)
static inline void rmb(void) { fence(r, r); }
    8000322e:	0220000f          	fence	r,r
    spin_unlock(&htif_lock);

    rmb();
    return buf[0];
    80003232:	6502                	ld	a0,0(sp)
}
    80003234:	6121                	addi	sp,sp,64
    80003236:	8082                	ret

0000000080003238 <atexit>:
    80003238:	85aa                	mv	a1,a0
    8000323a:	4681                	li	a3,0
    8000323c:	4601                	li	a2,0
    8000323e:	4501                	li	a0,0
    80003240:	a045                	j	800032e0 <__register_exitproc>

0000000080003242 <__errno>:
    80003242:	00001517          	auipc	a0,0x1
    80003246:	8f653503          	ld	a0,-1802(a0) # 80003b38 <_impure_ptr>
    8000324a:	8082                	ret

000000008000324c <__libc_init_array>:
    8000324c:	1101                	addi	sp,sp,-32
    8000324e:	e822                	sd	s0,16(sp)
    80003250:	e426                	sd	s1,8(sp)
    80003252:	00001417          	auipc	s0,0x1
    80003256:	82640413          	addi	s0,s0,-2010 # 80003a78 <__fini_array_end>
    8000325a:	00001497          	auipc	s1,0x1
    8000325e:	81e48493          	addi	s1,s1,-2018 # 80003a78 <__fini_array_end>
    80003262:	8c81                	sub	s1,s1,s0
    80003264:	e04a                	sd	s2,0(sp)
    80003266:	ec06                	sd	ra,24(sp)
    80003268:	848d                	srai	s1,s1,0x3
    8000326a:	4901                	li	s2,0
    8000326c:	02991563          	bne	s2,s1,80003296 <__libc_init_array+0x4a>
    80003270:	00001417          	auipc	s0,0x1
    80003274:	80840413          	addi	s0,s0,-2040 # 80003a78 <__fini_array_end>
    80003278:	00001497          	auipc	s1,0x1
    8000327c:	80048493          	addi	s1,s1,-2048 # 80003a78 <__fini_array_end>
    80003280:	8c81                	sub	s1,s1,s0
    80003282:	848d                	srai	s1,s1,0x3
    80003284:	4901                	li	s2,0
    80003286:	00991d63          	bne	s2,s1,800032a0 <__libc_init_array+0x54>
    8000328a:	60e2                	ld	ra,24(sp)
    8000328c:	6442                	ld	s0,16(sp)
    8000328e:	64a2                	ld	s1,8(sp)
    80003290:	6902                	ld	s2,0(sp)
    80003292:	6105                	addi	sp,sp,32
    80003294:	8082                	ret
    80003296:	601c                	ld	a5,0(s0)
    80003298:	0905                	addi	s2,s2,1
    8000329a:	0421                	addi	s0,s0,8
    8000329c:	9782                	jalr	a5
    8000329e:	b7f9                	j	8000326c <__libc_init_array+0x20>
    800032a0:	601c                	ld	a5,0(s0)
    800032a2:	0905                	addi	s2,s2,1
    800032a4:	0421                	addi	s0,s0,8
    800032a6:	9782                	jalr	a5
    800032a8:	bff9                	j	80003286 <__libc_init_array+0x3a>

00000000800032aa <__libc_fini_array>:
    800032aa:	1101                	addi	sp,sp,-32
    800032ac:	e822                	sd	s0,16(sp)
    800032ae:	e426                	sd	s1,8(sp)
    800032b0:	00000417          	auipc	s0,0x0
    800032b4:	7c840413          	addi	s0,s0,1992 # 80003a78 <__fini_array_end>
    800032b8:	00000497          	auipc	s1,0x0
    800032bc:	7c048493          	addi	s1,s1,1984 # 80003a78 <__fini_array_end>
    800032c0:	8c05                	sub	s0,s0,s1
    800032c2:	ec06                	sd	ra,24(sp)
    800032c4:	840d                	srai	s0,s0,0x3
    800032c6:	e411                	bnez	s0,800032d2 <__libc_fini_array+0x28>
    800032c8:	60e2                	ld	ra,24(sp)
    800032ca:	6442                	ld	s0,16(sp)
    800032cc:	64a2                	ld	s1,8(sp)
    800032ce:	6105                	addi	sp,sp,32
    800032d0:	8082                	ret
    800032d2:	147d                	addi	s0,s0,-1
    800032d4:	00341793          	slli	a5,s0,0x3
    800032d8:	97a6                	add	a5,a5,s1
    800032da:	639c                	ld	a5,0(a5)
    800032dc:	9782                	jalr	a5
    800032de:	b7e5                	j	800032c6 <__libc_fini_array+0x1c>

00000000800032e0 <__register_exitproc>:
    800032e0:	88aa                	mv	a7,a0
    800032e2:	88018513          	addi	a0,gp,-1920 # 80003bb8 <__atexit>
    800032e6:	6118                	ld	a4,0(a0)
    800032e8:	e305                	bnez	a4,80003308 <__register_exitproc+0x28>
    800032ea:	00003797          	auipc	a5,0x3
    800032ee:	cfe78793          	addi	a5,a5,-770 # 80005fe8 <__atexit0>
    800032f2:	e11c                	sd	a5,0(a0)
    800032f4:	00000713          	li	a4,0
    800032f8:	c701                	beqz	a4,80003300 <__register_exitproc+0x20>
    800032fa:	6318                	ld	a4,0(a4)
    800032fc:	10e7b823          	sd	a4,272(a5)
    80003300:	00003717          	auipc	a4,0x3
    80003304:	ce870713          	addi	a4,a4,-792 # 80005fe8 <__atexit0>
    80003308:	471c                	lw	a5,8(a4)
    8000330a:	487d                	li	a6,31
    8000330c:	557d                	li	a0,-1
    8000330e:	04f84763          	blt	a6,a5,8000335c <__register_exitproc+0x7c>
    80003312:	02088d63          	beqz	a7,8000334c <__register_exitproc+0x6c>
    80003316:	11073803          	ld	a6,272(a4)
    8000331a:	04080163          	beqz	a6,8000335c <__register_exitproc+0x7c>
    8000331e:	00379513          	slli	a0,a5,0x3
    80003322:	9542                	add	a0,a0,a6
    80003324:	e110                	sd	a2,0(a0)
    80003326:	20082303          	lw	t1,512(a6)
    8000332a:	4605                	li	a2,1
    8000332c:	00f6163b          	sllw	a2,a2,a5
    80003330:	00c36333          	or	t1,t1,a2
    80003334:	20682023          	sw	t1,512(a6)
    80003338:	10d53023          	sd	a3,256(a0)
    8000333c:	4689                	li	a3,2
    8000333e:	00d89763          	bne	a7,a3,8000334c <__register_exitproc+0x6c>
    80003342:	20482683          	lw	a3,516(a6)
    80003346:	8ed1                	or	a3,a3,a2
    80003348:	20d82223          	sw	a3,516(a6)
    8000334c:	0017869b          	addiw	a3,a5,1
    80003350:	0789                	addi	a5,a5,2
    80003352:	078e                	slli	a5,a5,0x3
    80003354:	c714                	sw	a3,8(a4)
    80003356:	973e                	add	a4,a4,a5
    80003358:	e30c                	sd	a1,0(a4)
    8000335a:	4501                	li	a0,0
    8000335c:	8082                	ret

000000008000335e <__call_exitprocs>:
    8000335e:	711d                	addi	sp,sp,-96
    80003360:	f852                	sd	s4,48(sp)
    80003362:	f456                	sd	s5,40(sp)
    80003364:	f05a                	sd	s6,32(sp)
    80003366:	ec5e                	sd	s7,24(sp)
    80003368:	ec86                	sd	ra,88(sp)
    8000336a:	e8a2                	sd	s0,80(sp)
    8000336c:	e4a6                	sd	s1,72(sp)
    8000336e:	e0ca                	sd	s2,64(sp)
    80003370:	fc4e                	sd	s3,56(sp)
    80003372:	e862                	sd	s8,16(sp)
    80003374:	e466                	sd	s9,8(sp)
    80003376:	8aaa                	mv	s5,a0
    80003378:	8a2e                	mv	s4,a1
    8000337a:	88018b13          	addi	s6,gp,-1920 # 80003bb8 <__atexit>
    8000337e:	4b85                	li	s7,1
    80003380:	000b3483          	ld	s1,0(s6)
    80003384:	cc81                	beqz	s1,8000339c <__call_exitprocs+0x3e>
    80003386:	4480                	lw	s0,8(s1)
    80003388:	1104b983          	ld	s3,272(s1)
    8000338c:	fff4091b          	addiw	s2,s0,-1
    80003390:	040e                	slli	s0,s0,0x3
    80003392:	00898cb3          	add	s9,s3,s0
    80003396:	9426                	add	s0,s0,s1
    80003398:	00095f63          	bgez	s2,800033b6 <__call_exitprocs+0x58>
    8000339c:	60e6                	ld	ra,88(sp)
    8000339e:	6446                	ld	s0,80(sp)
    800033a0:	64a6                	ld	s1,72(sp)
    800033a2:	6906                	ld	s2,64(sp)
    800033a4:	79e2                	ld	s3,56(sp)
    800033a6:	7a42                	ld	s4,48(sp)
    800033a8:	7aa2                	ld	s5,40(sp)
    800033aa:	7b02                	ld	s6,32(sp)
    800033ac:	6be2                	ld	s7,24(sp)
    800033ae:	6c42                	ld	s8,16(sp)
    800033b0:	6ca2                	ld	s9,8(sp)
    800033b2:	6125                	addi	sp,sp,96
    800033b4:	8082                	ret
    800033b6:	000a0c63          	beqz	s4,800033ce <__call_exitprocs+0x70>
    800033ba:	00099663          	bnez	s3,800033c6 <__call_exitprocs+0x68>
    800033be:	397d                	addiw	s2,s2,-1
    800033c0:	1ce1                	addi	s9,s9,-8
    800033c2:	1461                	addi	s0,s0,-8
    800033c4:	bfd1                	j	80003398 <__call_exitprocs+0x3a>
    800033c6:	0f8cb783          	ld	a5,248(s9)
    800033ca:	ff479ae3          	bne	a5,s4,800033be <__call_exitprocs+0x60>
    800033ce:	449c                	lw	a5,8(s1)
    800033d0:	6418                	ld	a4,8(s0)
    800033d2:	37fd                	addiw	a5,a5,-1
    800033d4:	03279963          	bne	a5,s2,80003406 <__call_exitprocs+0xa8>
    800033d8:	0124a423          	sw	s2,8(s1)
    800033dc:	d36d                	beqz	a4,800033be <__call_exitprocs+0x60>
    800033de:	0084ac03          	lw	s8,8(s1)
    800033e2:	00098963          	beqz	s3,800033f4 <__call_exitprocs+0x96>
    800033e6:	2009a783          	lw	a5,512(s3)
    800033ea:	012b96bb          	sllw	a3,s7,s2
    800033ee:	8ff5                	and	a5,a5,a3
    800033f0:	2781                	sext.w	a5,a5
    800033f2:	ef89                	bnez	a5,8000340c <__call_exitprocs+0xae>
    800033f4:	9702                	jalr	a4
    800033f6:	4498                	lw	a4,8(s1)
    800033f8:	000b3783          	ld	a5,0(s6)
    800033fc:	f98712e3          	bne	a4,s8,80003380 <__call_exitprocs+0x22>
    80003400:	faf48fe3          	beq	s1,a5,800033be <__call_exitprocs+0x60>
    80003404:	bfb5                	j	80003380 <__call_exitprocs+0x22>
    80003406:	00043423          	sd	zero,8(s0)
    8000340a:	bfc9                	j	800033dc <__call_exitprocs+0x7e>
    8000340c:	2049a783          	lw	a5,516(s3)
    80003410:	ff8cb583          	ld	a1,-8(s9)
    80003414:	8ff5                	and	a5,a5,a3
    80003416:	2781                	sext.w	a5,a5
    80003418:	e781                	bnez	a5,80003420 <__call_exitprocs+0xc2>
    8000341a:	8556                	mv	a0,s5
    8000341c:	9702                	jalr	a4
    8000341e:	bfe1                	j	800033f6 <__call_exitprocs+0x98>
    80003420:	852e                	mv	a0,a1
    80003422:	9702                	jalr	a4
    80003424:	bfc9                	j	800033f6 <__call_exitprocs+0x98>
