
/home/wtl/Voyager/tapeout-Voyager/software/embench/build_meek/matmult-int.riscv:     file format elf64-littleriscv


Disassembly of section .text:

0000000080000000 <_start>:
    .global _start
    .type _start, @function
_start:
    .cfi_startproc

    li x1, 0
    80000000:	4081                	li	ra,0
    li x2, 0
    80000002:	4101                	li	sp,0
    li x3, 0
    80000004:	4181                	li	gp,0
    li x4, 0
    80000006:	4201                	li	tp,0
    li x5, 0
    80000008:	4281                	li	t0,0
    li x6, 0
    8000000a:	4301                	li	t1,0
    li x7, 0
    8000000c:	4381                	li	t2,0
    li x8, 0
    8000000e:	4401                	li	s0,0
    li x9, 0
    80000010:	4481                	li	s1,0
    li x10, 0
    80000012:	4501                	li	a0,0
    li x11, 0
    80000014:	4581                	li	a1,0
    li x12, 0
    80000016:	4601                	li	a2,0
    li x13, 0
    80000018:	4681                	li	a3,0
    li x14, 0
    8000001a:	4701                	li	a4,0
    li x15, 0
    8000001c:	4781                	li	a5,0
    li x16, 0
    8000001e:	4801                	li	a6,0
    li x17, 0
    80000020:	4881                	li	a7,0
    li x18, 0
    80000022:	4901                	li	s2,0
    li x19, 0
    80000024:	4981                	li	s3,0
    li x20, 0
    80000026:	4a01                	li	s4,0
    li x21, 0
    80000028:	4a81                	li	s5,0
    li x22, 0
    8000002a:	4b01                	li	s6,0
    li x23, 0
    8000002c:	4b81                	li	s7,0
    li x24, 0
    8000002e:	4c01                	li	s8,0
    li x25, 0
    80000030:	4c81                	li	s9,0
    li x26, 0
    80000032:	4d01                	li	s10,0
    li x27, 0
    80000034:	4d81                	li	s11,0
    li x28, 0
    80000036:	4e01                	li	t3,0
    li x29, 0
    80000038:	4e81                	li	t4,0
    li x30, 0
    8000003a:	4f01                	li	t5,0
    li x31, 0
    8000003c:	4f81                	li	t6,0

    li t0, (MSTATUS_FS | MSTATUS_XS | MSTATUS_VS)
    8000003e:	62f9                	lui	t0,0x1e
    80000040:	6002829b          	addiw	t0,t0,1536 # 1e600 <__stack_size+0x16600>
    csrs mstatus, t0
    80000044:	3002a073          	csrs	mstatus,t0

#ifdef __riscv_flen
    /* Initialize FPU if present */
    la t0, 1f
    80000048:	00000297          	auipc	t0,0x0
    8000004c:	09028293          	addi	t0,t0,144 # 800000d8 <_start+0xd8>
    csrw mtvec, t0
    80000050:	30529073          	csrw	mtvec,t0

    fscsr zero
    80000054:	00301073          	fscsr	zero
    fmv.s.x f0,  zero
    80000058:	f0000053          	fmv.w.x	ft0,zero
    fmv.s.x f1,  zero
    8000005c:	f00000d3          	fmv.w.x	ft1,zero
    fmv.s.x f2,  zero
    80000060:	f0000153          	fmv.w.x	ft2,zero
    fmv.s.x f3,  zero
    80000064:	f00001d3          	fmv.w.x	ft3,zero
    fmv.s.x f4,  zero
    80000068:	f0000253          	fmv.w.x	ft4,zero
    fmv.s.x f5,  zero
    8000006c:	f00002d3          	fmv.w.x	ft5,zero
    fmv.s.x f6,  zero
    80000070:	f0000353          	fmv.w.x	ft6,zero
    fmv.s.x f7,  zero
    80000074:	f00003d3          	fmv.w.x	ft7,zero
    fmv.s.x f8,  zero
    80000078:	f0000453          	fmv.w.x	fs0,zero
    fmv.s.x f9,  zero
    8000007c:	f00004d3          	fmv.w.x	fs1,zero
    fmv.s.x f10, zero
    80000080:	f0000553          	fmv.w.x	fa0,zero
    fmv.s.x f11, zero
    80000084:	f00005d3          	fmv.w.x	fa1,zero
    fmv.s.x f12, zero
    80000088:	f0000653          	fmv.w.x	fa2,zero
    fmv.s.x f13, zero
    8000008c:	f00006d3          	fmv.w.x	fa3,zero
    fmv.s.x f14, zero
    80000090:	f0000753          	fmv.w.x	fa4,zero
    fmv.s.x f15, zero
    80000094:	f00007d3          	fmv.w.x	fa5,zero
    fmv.s.x f16, zero
    80000098:	f0000853          	fmv.w.x	fa6,zero
    fmv.s.x f17, zero
    8000009c:	f00008d3          	fmv.w.x	fa7,zero
    fmv.s.x f18, zero
    800000a0:	f0000953          	fmv.w.x	fs2,zero
    fmv.s.x f19, zero
    800000a4:	f00009d3          	fmv.w.x	fs3,zero
    fmv.s.x f20, zero
    800000a8:	f0000a53          	fmv.w.x	fs4,zero
    fmv.s.x f21, zero
    800000ac:	f0000ad3          	fmv.w.x	fs5,zero
    fmv.s.x f22, zero
    800000b0:	f0000b53          	fmv.w.x	fs6,zero
    fmv.s.x f23, zero
    800000b4:	f0000bd3          	fmv.w.x	fs7,zero
    fmv.s.x f24, zero
    800000b8:	f0000c53          	fmv.w.x	fs8,zero
    fmv.s.x f25, zero
    800000bc:	f0000cd3          	fmv.w.x	fs9,zero
    fmv.s.x f26, zero
    800000c0:	f0000d53          	fmv.w.x	fs10,zero
    fmv.s.x f27, zero
    800000c4:	f0000dd3          	fmv.w.x	fs11,zero
    fmv.s.x f28, zero
    800000c8:	f0000e53          	fmv.w.x	ft8,zero
    fmv.s.x f29, zero
    800000cc:	f0000ed3          	fmv.w.x	ft9,zero
    fmv.s.x f30, zero
    800000d0:	f0000f53          	fmv.w.x	ft10,zero
    fmv.s.x f31, zero
    800000d4:	f0000fd3          	fmv.w.x	ft11,zero

    /* Initialize global pointer; disable relaxation to avoid relaxing
       the address calculation to "addi gp, gp, 0" */
    .option push
    .option norelax
    la gp, __global_pointer$
    800000d8:	00004197          	auipc	gp,0x4
    800000dc:	3e018193          	addi	gp,gp,992 # 800044b8 <__global_pointer$>
    .option pop

    /* Initialize thread pointer */
    csrr s0, mhartid
    800000e0:	f1402473          	csrr	s0,mhartid
    lui t0, %hi(__stack_shift)
    addi t0, t0, %lo(__stack_shift)
    800000e4:	00f00293          	li	t0,15
    la tp, __stack_start
    800000e8:	00028217          	auipc	tp,0x28
    800000ec:	f1820213          	addi	tp,tp,-232 # 80028000 <__heap_end>
    sll t0, s0, t0
    800000f0:	005412b3          	sll	t0,s0,t0
    add tp, tp, t0
    800000f4:	9216                	add	tp,tp,t0

    /* Initialize stack pointer */
    lui t0, %hi(__stack_size)
    800000f6:	62a1                	lui	t0,0x8
    addi t0, t0, %lo(__stack_size)
    800000f8:	00028293          	mv	t0,t0
    add sp, tp, t0
    800000fc:	00520133          	add	sp,tp,t0

    /* Initialize trap vector */
    la t0, trap_entry
    80000100:	00000297          	auipc	t0,0x0
    80000104:	04828293          	addi	t0,t0,72 # 80000148 <trap_entry>
    csrw mtvec, t0
    80000108:	30529073          	csrw	mtvec,t0

    /* Initialize TLS */
    call __init_tls
    8000010c:	1a9020ef          	jal	80002ab4 <__init_tls>

    /* Skip global initialization if not the designated boot hart */
    la t0, __boot_hart
    80000110:	00000293          	li	t0,0
    bne s0, t0, _start_secondary
    80000114:	00540463          	beq	s0,t0,8000011c <_start+0x11c>
    80000118:	0fe0006f          	j	80000216 <_start_secondary>

    /* Zero BSS segment */
    la t0, __bss_start
    8000011c:	82018293          	addi	t0,gp,-2016 # 80003cd8 <uart_lock>
    la t1, __bss_end
    80000120:	00008317          	auipc	t1,0x8
    80000124:	de030313          	addi	t1,t1,-544 # 80007f00 <_end>
    bgeu t0, t1, 2f
    80000128:	0062f763          	bgeu	t0,t1,80000136 <_start+0x136>
1:
    SREG zero, (t0)
    8000012c:	0002b023          	sd	zero,0(t0)
    addi t0, t0, REGBYTES
    80000130:	02a1                	addi	t0,t0,8
    bltu t0, t1, 1b
    80000132:	fe62ede3          	bltu	t0,t1,8000012c <_start+0x12c>
2:

    /* Call global constructors */
    la a0, __libc_fini_array
    80000136:	00003517          	auipc	a0,0x3
    8000013a:	a6c50513          	addi	a0,a0,-1428 # 80002ba2 <__libc_fini_array>
    call atexit
    8000013e:	1f3020ef          	jal	80002b30 <atexit>
    call __libc_init_array
    80000142:	203020ef          	jal	80002b44 <__libc_init_array>

    /* Call main function */
    tail _start_main
    80000146:	a075                	j	800001f2 <_start_main>

0000000080000148 <trap_entry>:
    .cfi_endproc


    .align 2
trap_entry:
    csrw mscratch, sp
    80000148:	34011073          	csrw	mscratch,sp
    addi sp, sp, -(32*REGBYTES)
    8000014c:	7111                	addi	sp,sp,-256

    /* Save trap frame */
    SREG x1, 1*REGBYTES(sp)
    8000014e:	e406                	sd	ra,8(sp)
    csrr x1, mscratch
    80000150:	340020f3          	csrr	ra,mscratch
    SREG x1, 2*REGBYTES(sp)
    80000154:	e806                	sd	ra,16(sp)
    SREG x3, 3*REGBYTES(sp)
    80000156:	ec0e                	sd	gp,24(sp)
    SREG x4, 4*REGBYTES(sp)
    80000158:	f012                	sd	tp,32(sp)
    SREG x5, 5*REGBYTES(sp)
    8000015a:	f416                	sd	t0,40(sp)
    SREG x6, 6*REGBYTES(sp)
    8000015c:	f81a                	sd	t1,48(sp)
    SREG x7, 7*REGBYTES(sp)
    8000015e:	fc1e                	sd	t2,56(sp)
    SREG x8, 8*REGBYTES(sp)
    80000160:	e0a2                	sd	s0,64(sp)
    SREG x9, 9*REGBYTES(sp)
    80000162:	e4a6                	sd	s1,72(sp)
    SREG x10, 10*REGBYTES(sp)
    80000164:	e8aa                	sd	a0,80(sp)
    SREG x11, 11*REGBYTES(sp)
    80000166:	ecae                	sd	a1,88(sp)
    SREG x12, 12*REGBYTES(sp)
    80000168:	f0b2                	sd	a2,96(sp)
    SREG x13, 13*REGBYTES(sp)
    8000016a:	f4b6                	sd	a3,104(sp)
    SREG x14, 14*REGBYTES(sp)
    8000016c:	f8ba                	sd	a4,112(sp)
    SREG x15, 15*REGBYTES(sp)
    8000016e:	fcbe                	sd	a5,120(sp)
    SREG x16, 16*REGBYTES(sp)
    80000170:	e142                	sd	a6,128(sp)
    SREG x17, 17*REGBYTES(sp)
    80000172:	e546                	sd	a7,136(sp)
    SREG x18, 18*REGBYTES(sp)
    80000174:	e94a                	sd	s2,144(sp)
    SREG x19, 19*REGBYTES(sp)
    80000176:	ed4e                	sd	s3,152(sp)
    SREG x20, 20*REGBYTES(sp)
    80000178:	f152                	sd	s4,160(sp)
    SREG x21, 21*REGBYTES(sp)
    8000017a:	f556                	sd	s5,168(sp)
    SREG x22, 22*REGBYTES(sp)
    8000017c:	f95a                	sd	s6,176(sp)
    SREG x23, 23*REGBYTES(sp)
    8000017e:	fd5e                	sd	s7,184(sp)
    SREG x24, 24*REGBYTES(sp)
    80000180:	e1e2                	sd	s8,192(sp)
    SREG x25, 25*REGBYTES(sp)
    80000182:	e5e6                	sd	s9,200(sp)
    SREG x26, 26*REGBYTES(sp)
    80000184:	e9ea                	sd	s10,208(sp)
    SREG x27, 27*REGBYTES(sp)
    80000186:	edee                	sd	s11,216(sp)
    SREG x28, 28*REGBYTES(sp)
    80000188:	f1f2                	sd	t3,224(sp)
    SREG x29, 29*REGBYTES(sp)
    8000018a:	f5f6                	sd	t4,232(sp)
    SREG x30, 30*REGBYTES(sp)
    8000018c:	f9fa                	sd	t5,240(sp)
    SREG x31, 31*REGBYTES(sp)
    8000018e:	fdfe                	sd	t6,248(sp)

    /* Invoke higher-level trap handler */
    csrr a0, mepc
    80000190:	34102573          	csrr	a0,mepc
    csrr a1, mcause
    80000194:	342025f3          	csrr	a1,mcause
    csrr a2, mtval
    80000198:	34302673          	csrr	a2,mtval
    mv a3, sp
    8000019c:	868a                	mv	a3,sp
    call handle_trap
    8000019e:	14a000ef          	jal	800002e8 <handle_trap>
    csrw mepc, a0
    800001a2:	34151073          	csrw	mepc,a0

    /* Remain in M-mode after return */
    li t0, MSTATUS_MPP
    800001a6:	6289                	lui	t0,0x2
    800001a8:	8002829b          	addiw	t0,t0,-2048 # 1800 <__stack_align+0x17f0>
    csrs mstatus, t0
    800001ac:	3002a073          	csrs	mstatus,t0

    LREG x1, 1*REGBYTES(sp)
    800001b0:	60a2                	ld	ra,8(sp)
    LREG x3, 3*REGBYTES(sp)
    800001b2:	61e2                	ld	gp,24(sp)
    LREG x4, 4*REGBYTES(sp)
    800001b4:	7202                	ld	tp,32(sp)
    LREG x5, 5*REGBYTES(sp)
    800001b6:	72a2                	ld	t0,40(sp)
    LREG x6, 6*REGBYTES(sp)
    800001b8:	7342                	ld	t1,48(sp)
    LREG x7, 7*REGBYTES(sp)
    800001ba:	73e2                	ld	t2,56(sp)
    LREG x8, 8*REGBYTES(sp)
    800001bc:	6406                	ld	s0,64(sp)
    LREG x9, 9*REGBYTES(sp)
    800001be:	64a6                	ld	s1,72(sp)
    LREG x10, 10*REGBYTES(sp)
    800001c0:	6546                	ld	a0,80(sp)
    LREG x11, 11*REGBYTES(sp)
    800001c2:	65e6                	ld	a1,88(sp)
    LREG x12, 12*REGBYTES(sp)
    800001c4:	7606                	ld	a2,96(sp)
    LREG x13, 13*REGBYTES(sp)
    800001c6:	76a6                	ld	a3,104(sp)
    LREG x14, 14*REGBYTES(sp)
    800001c8:	7746                	ld	a4,112(sp)
    LREG x15, 15*REGBYTES(sp)
    800001ca:	77e6                	ld	a5,120(sp)
    LREG x16, 16*REGBYTES(sp)
    800001cc:	680a                	ld	a6,128(sp)
    LREG x17, 17*REGBYTES(sp)
    800001ce:	68aa                	ld	a7,136(sp)
    LREG x18, 18*REGBYTES(sp)
    800001d0:	694a                	ld	s2,144(sp)
    LREG x19, 19*REGBYTES(sp)
    800001d2:	69ea                	ld	s3,152(sp)
    LREG x20, 20*REGBYTES(sp)
    800001d4:	7a0a                	ld	s4,160(sp)
    LREG x21, 21*REGBYTES(sp)
    800001d6:	7aaa                	ld	s5,168(sp)
    LREG x22, 22*REGBYTES(sp)
    800001d8:	7b4a                	ld	s6,176(sp)
    LREG x23, 23*REGBYTES(sp)
    800001da:	7bea                	ld	s7,184(sp)
    LREG x24, 24*REGBYTES(sp)
    800001dc:	6c0e                	ld	s8,192(sp)
    LREG x25, 25*REGBYTES(sp)
    800001de:	6cae                	ld	s9,200(sp)
    LREG x26, 26*REGBYTES(sp)
    800001e0:	6d4e                	ld	s10,208(sp)
    LREG x27, 27*REGBYTES(sp)
    800001e2:	6dee                	ld	s11,216(sp)
    LREG x28, 28*REGBYTES(sp)
    800001e4:	7e0e                	ld	t3,224(sp)
    LREG x29, 29*REGBYTES(sp)
    800001e6:	7eae                	ld	t4,232(sp)
    LREG x30, 30*REGBYTES(sp)
    800001e8:	7f4e                	ld	t5,240(sp)
    LREG x31, 31*REGBYTES(sp)
    800001ea:	7fee                	ld	t6,248(sp)
    /* Restore sp last */
    LREG x2, 2*REGBYTES(sp)
    800001ec:	6142                	ld	sp,16(sp)

    mret
    800001ee:	30200073          	mret

00000000800001f2 <_start_main>:
    .endm

    .global _start_main
    .type _start_main, @function
_start_main:
    BARRIER_PASS __boot_sync
    800001f2:	52fd                	li	t0,-1
    800001f4:	0110000f          	fence	w,w
    800001f8:	00008317          	auipc	t1,0x8
    800001fc:	be532423          	sw	t0,-1048(t1) # 80007de0 <__boot_sync>
    ENTER main
    80000200:	4505                	li	a0,1
    80000202:	00004597          	auipc	a1,0x4
    80000206:	9b658593          	addi	a1,a1,-1610 # 80003bb8 <argv>
    8000020a:	8101b603          	ld	a2,-2032(gp) # 80003cc8 <environ>
    8000020e:	02e000ef          	jal	8000023c <main>
    80000212:	7150006f          	j	80001126 <exit>

0000000080000216 <_start_secondary>:

    .global _start_secondary
    .type _start_secondary, @function
_start_secondary:
    /* Synchronize secondary harts */
    BARRIER_WAIT __boot_sync
    80000216:	00008317          	auipc	t1,0x8
    8000021a:	bca32283          	lw	t0,-1078(t1) # 80007de0 <__boot_sync>
    8000021e:	fe028ee3          	beqz	t0,8000021a <_start_secondary+0x4>
    80000222:	0220000f          	fence	r,r
    ENTER __main
    80000226:	4505                	li	a0,1
    80000228:	00004597          	auipc	a1,0x4
    8000022c:	99058593          	addi	a1,a1,-1648 # 80003bb8 <argv>
    80000230:	8101b603          	ld	a2,-2032(gp) # 80003cc8 <environ>
    80000234:	710000ef          	jal	80000944 <__main>
    80000238:	6ef0006f          	j	80001126 <exit>

000000008000023c <main>:
    8000023c:	fe010113          	addi	sp,sp,-32
    80000240:	00113c23          	sd	ra,24(sp)
    80000244:	15d000ef          	jal	80000ba0 <initialise_board>
    80000248:	55d000ef          	jal	80000fa4 <initialise_benchmark>
    8000024c:	00100513          	li	a0,1
    80000250:	549000ef          	jal	80000f98 <warm_caches>
    80000254:	2d0000ef          	jal	80000524 <rStartup>
    80000258:	151000ef          	jal	80000ba8 <start_trigger>
    8000025c:	541000ef          	jal	80000f9c <benchmark>
    80000260:	00a12623          	sw	a0,12(sp)
    80000264:	14d000ef          	jal	80000bb0 <stop_trigger>
    80000268:	698000ef          	jal	80000900 <rCleanup>
    8000026c:	00c12503          	lw	a0,12(sp)
    80000270:	5d5000ef          	jal	80001044 <verify_benchmark>
    80000274:	01813083          	ld	ra,24(sp)
    80000278:	00153513          	seqz	a0,a0
    8000027c:	02010113          	addi	sp,sp,32
    80000280:	00008067          	ret

0000000080000284 <mtimecmp_cfg>:
    80000284:	f1402873          	csrr	a6,mhartid
    80000288:	004017b7          	lui	a5,0x401
    8000028c:	80078793          	addi	a5,a5,-2048 # 400800 <__heap_size+0x3e0800>
    80000290:	00f80833          	add	a6,a6,a5
    80000294:	0200c6b7          	lui	a3,0x200c
    80000298:	0200c537          	lui	a0,0x200c
    8000029c:	00381813          	slli	a6,a6,0x3
    800002a0:	ffc68693          	addi	a3,a3,-4 # 200bffc <__heap_size+0x1febffc>
    800002a4:	ff850513          	addi	a0,a0,-8 # 200bff8 <__heap_size+0x1febff8>
    800002a8:	0006a703          	lw	a4,0(a3)
    800002ac:	00052783          	lw	a5,0(a0)
    800002b0:	0006a583          	lw	a1,0(a3)
    800002b4:	0007061b          	sext.w	a2,a4
    800002b8:	0007879b          	sext.w	a5,a5
    800002bc:	feb716e3          	bne	a4,a1,800002a8 <mtimecmp_cfg+0x24>
    800002c0:	02079793          	slli	a5,a5,0x20
    800002c4:	0207d793          	srli	a5,a5,0x20
    800002c8:	02061613          	slli	a2,a2,0x20
    800002cc:	00f66633          	or	a2,a2,a5
    800002d0:	02060613          	addi	a2,a2,32
    800002d4:	0006079b          	sext.w	a5,a2
    800002d8:	00f82023          	sw	a5,0(a6)
    800002dc:	42065613          	srai	a2,a2,0x20
    800002e0:	00c82223          	sw	a2,4(a6)
    800002e4:	00008067          	ret

00000000800002e8 <handle_trap>:
    800002e8:	f14027f3          	csrr	a5,mhartid
    800002ec:	0805dc63          	bgez	a1,80000384 <handle_trap+0x9c>
    800002f0:	34402773          	csrr	a4,mip
    800002f4:	00877713          	andi	a4,a4,8
    800002f8:	00070c63          	beqz	a4,80000310 <handle_trap+0x28>
    800002fc:	00800737          	lui	a4,0x800
    80000300:	00e787b3          	add	a5,a5,a4
    80000304:	00279793          	slli	a5,a5,0x2
    80000308:	0007a023          	sw	zero,0(a5)
    8000030c:	00008067          	ret
    80000310:	34402773          	csrr	a4,mip
    80000314:	08077713          	andi	a4,a4,128
    80000318:	06070a63          	beqz	a4,8000038c <handle_trap+0xa4>
    8000031c:	06079e63          	bnez	a5,80000398 <handle_trap+0xb0>
    80000320:	8881a783          	lw	a5,-1912(gp) # 80003d40 <timer_flags>
    80000324:	88818713          	addi	a4,gp,-1912 # 80003d40 <timer_flags>
    80000328:	0017879b          	addiw	a5,a5,1
    8000032c:	00f72023          	sw	a5,0(a4) # 800000 <__heap_size+0x7e0000>
    80000330:	00072683          	lw	a3,0(a4)
    80000334:	03100793          	li	a5,49
    80000338:	0cd7ce63          	blt	a5,a3,80000414 <handle_trap+0x12c>
    8000033c:	0200c6b7          	lui	a3,0x200c
    80000340:	0200c837          	lui	a6,0x200c
    80000344:	ffc68693          	addi	a3,a3,-4 # 200bffc <__heap_size+0x1febffc>
    80000348:	ff880813          	addi	a6,a6,-8 # 200bff8 <__heap_size+0x1febff8>
    8000034c:	0006a703          	lw	a4,0(a3)
    80000350:	00082783          	lw	a5,0(a6)
    80000354:	0006a603          	lw	a2,0(a3)
    80000358:	0007059b          	sext.w	a1,a4
    8000035c:	0007879b          	sext.w	a5,a5
    80000360:	fec716e3          	bne	a4,a2,8000034c <handle_trap+0x64>
    80000364:	02079793          	slli	a5,a5,0x20
    80000368:	02059593          	slli	a1,a1,0x20
    8000036c:	0207d793          	srli	a5,a5,0x20
    80000370:	00f5e7b3          	or	a5,a1,a5
    80000374:	02078793          	addi	a5,a5,32
    80000378:	02004737          	lui	a4,0x2004
    8000037c:	00f73023          	sd	a5,0(a4) # 2004000 <__heap_size+0x1fe4000>
    80000380:	00008067          	ret
    80000384:	00b00793          	li	a5,11
    80000388:	00f58463          	beq	a1,a5,80000390 <handle_trap+0xa8>
    8000038c:	00008067          	ret
    80000390:	00450513          	addi	a0,a0,4
    80000394:	00008067          	ret
    80000398:	00100713          	li	a4,1
    8000039c:	08e78e63          	beq	a5,a4,80000438 <handle_trap+0x150>
    800003a0:	00200713          	li	a4,2
    800003a4:	0ee78c63          	beq	a5,a4,8000049c <handle_trap+0x1b4>
    800003a8:	00300713          	li	a4,3
    800003ac:	fee790e3          	bne	a5,a4,8000038c <handle_trap+0xa4>
    800003b0:	8941a783          	lw	a5,-1900(gp) # 80003d4c <timer_flags+0xc>
    800003b4:	88818713          	addi	a4,gp,-1912 # 80003d40 <timer_flags>
    800003b8:	0017879b          	addiw	a5,a5,1
    800003bc:	00f72623          	sw	a5,12(a4)
    800003c0:	00c72683          	lw	a3,12(a4)
    800003c4:	03100793          	li	a5,49
    800003c8:	14d7c863          	blt	a5,a3,80000518 <handle_trap+0x230>
    800003cc:	0200c6b7          	lui	a3,0x200c
    800003d0:	0200c837          	lui	a6,0x200c
    800003d4:	ffc68693          	addi	a3,a3,-4 # 200bffc <__heap_size+0x1febffc>
    800003d8:	ff880813          	addi	a6,a6,-8 # 200bff8 <__heap_size+0x1febff8>
    800003dc:	0006a703          	lw	a4,0(a3)
    800003e0:	00082783          	lw	a5,0(a6)
    800003e4:	0006a603          	lw	a2,0(a3)
    800003e8:	0007059b          	sext.w	a1,a4
    800003ec:	0007879b          	sext.w	a5,a5
    800003f0:	fec716e3          	bne	a4,a2,800003dc <handle_trap+0xf4>
    800003f4:	02079793          	slli	a5,a5,0x20
    800003f8:	02059593          	slli	a1,a1,0x20
    800003fc:	0207d793          	srli	a5,a5,0x20
    80000400:	00f5e7b3          	or	a5,a1,a5
    80000404:	02004737          	lui	a4,0x2004
    80000408:	02078793          	addi	a5,a5,32
    8000040c:	00f73c23          	sd	a5,24(a4) # 2004018 <__heap_size+0x1fe4018>
    80000410:	00008067          	ret
    80000414:	00072703          	lw	a4,0(a4)
    80000418:	f6e7dae3          	bge	a5,a4,8000038c <handle_trap+0xa4>
    8000041c:	304027f3          	csrr	a5,mie
    80000420:	f7f7f793          	andi	a5,a5,-129
    80000424:	30479073          	csrw	mie,a5
    80000428:	300027f3          	csrr	a5,mstatus
    8000042c:	ff77f793          	andi	a5,a5,-9
    80000430:	30079073          	csrw	mstatus,a5
    80000434:	00008067          	ret
    80000438:	88c1a783          	lw	a5,-1908(gp) # 80003d44 <timer_flags+0x4>
    8000043c:	88818713          	addi	a4,gp,-1912 # 80003d40 <timer_flags>
    80000440:	0017879b          	addiw	a5,a5,1
    80000444:	00f72223          	sw	a5,4(a4)
    80000448:	00472683          	lw	a3,4(a4)
    8000044c:	03100793          	li	a5,49
    80000450:	0ad7c863          	blt	a5,a3,80000500 <handle_trap+0x218>
    80000454:	0200c6b7          	lui	a3,0x200c
    80000458:	0200c837          	lui	a6,0x200c
    8000045c:	ffc68693          	addi	a3,a3,-4 # 200bffc <__heap_size+0x1febffc>
    80000460:	ff880813          	addi	a6,a6,-8 # 200bff8 <__heap_size+0x1febff8>
    80000464:	0006a703          	lw	a4,0(a3)
    80000468:	00082783          	lw	a5,0(a6)
    8000046c:	0006a603          	lw	a2,0(a3)
    80000470:	0007059b          	sext.w	a1,a4
    80000474:	0007879b          	sext.w	a5,a5
    80000478:	fec716e3          	bne	a4,a2,80000464 <handle_trap+0x17c>
    8000047c:	02079793          	slli	a5,a5,0x20
    80000480:	02059593          	slli	a1,a1,0x20
    80000484:	0207d793          	srli	a5,a5,0x20
    80000488:	00f5e7b3          	or	a5,a1,a5
    8000048c:	02004737          	lui	a4,0x2004
    80000490:	02078793          	addi	a5,a5,32
    80000494:	00f73423          	sd	a5,8(a4) # 2004008 <__heap_size+0x1fe4008>
    80000498:	00008067          	ret
    8000049c:	8901a783          	lw	a5,-1904(gp) # 80003d48 <timer_flags+0x8>
    800004a0:	88818713          	addi	a4,gp,-1912 # 80003d40 <timer_flags>
    800004a4:	0017879b          	addiw	a5,a5,1
    800004a8:	00f72423          	sw	a5,8(a4)
    800004ac:	00872683          	lw	a3,8(a4)
    800004b0:	03100793          	li	a5,49
    800004b4:	04d7cc63          	blt	a5,a3,8000050c <handle_trap+0x224>
    800004b8:	0200c6b7          	lui	a3,0x200c
    800004bc:	0200c837          	lui	a6,0x200c
    800004c0:	ffc68693          	addi	a3,a3,-4 # 200bffc <__heap_size+0x1febffc>
    800004c4:	ff880813          	addi	a6,a6,-8 # 200bff8 <__heap_size+0x1febff8>
    800004c8:	0006a703          	lw	a4,0(a3)
    800004cc:	00082783          	lw	a5,0(a6)
    800004d0:	0006a603          	lw	a2,0(a3)
    800004d4:	0007059b          	sext.w	a1,a4
    800004d8:	0007879b          	sext.w	a5,a5
    800004dc:	fec716e3          	bne	a4,a2,800004c8 <handle_trap+0x1e0>
    800004e0:	02079793          	slli	a5,a5,0x20
    800004e4:	02059593          	slli	a1,a1,0x20
    800004e8:	0207d793          	srli	a5,a5,0x20
    800004ec:	00f5e7b3          	or	a5,a1,a5
    800004f0:	02004737          	lui	a4,0x2004
    800004f4:	02078793          	addi	a5,a5,32
    800004f8:	00f73823          	sd	a5,16(a4) # 2004010 <__heap_size+0x1fe4010>
    800004fc:	00008067          	ret
    80000500:	00472703          	lw	a4,4(a4)
    80000504:	e8e7d4e3          	bge	a5,a4,8000038c <handle_trap+0xa4>
    80000508:	f15ff06f          	j	8000041c <handle_trap+0x134>
    8000050c:	00872703          	lw	a4,8(a4)
    80000510:	e6e7dee3          	bge	a5,a4,8000038c <handle_trap+0xa4>
    80000514:	f09ff06f          	j	8000041c <handle_trap+0x134>
    80000518:	00c72703          	lw	a4,12(a4)
    8000051c:	e6e7d8e3          	bge	a5,a4,8000038c <handle_trap+0xa4>
    80000520:	efdff06f          	j	8000041c <handle_trap+0x134>

0000000080000524 <rStartup>:
    80000524:	ff010113          	addi	sp,sp,-16
    80000528:	00113423          	sd	ra,8(sp)
    8000052c:	00813023          	sd	s0,0(sp)
    80000530:	00400593          	li	a1,4
    80000534:	3805a02b          	.word	0x3805a02b
    80000538:	006405b7          	lui	a1,0x640
    8000053c:	01258593          	addi	a1,a1,18 # 640012 <__heap_size+0x620012>
    80000540:	00200613          	li	a2,2
    80000544:	0cc5b02b          	.word	0x0cc5b02b
    80000548:	106405b7          	lui	a1,0x10640
    8000054c:	01258593          	addi	a1,a1,18 # 10640012 <__heap_size+0x10620012>
    80000550:	0cc5b02b          	.word	0x0cc5b02b
    80000554:	206405b7          	lui	a1,0x20640
    80000558:	01258593          	addi	a1,a1,18 # 20640012 <__heap_size+0x20620012>
    8000055c:	0cc5b02b          	.word	0x0cc5b02b
    80000560:	306405b7          	lui	a1,0x30640
    80000564:	01258593          	addi	a1,a1,18 # 30640012 <__heap_size+0x30620012>
    80000568:	0cc5b02b          	.word	0x0cc5b02b
    8000056c:	406405b7          	lui	a1,0x40640
    80000570:	01258593          	addi	a1,a1,18 # 40640012 <__heap_size+0x40620012>
    80000574:	0cc5b02b          	.word	0x0cc5b02b
    80000578:	506405b7          	lui	a1,0x50640
    8000057c:	01258593          	addi	a1,a1,18 # 50640012 <__heap_size+0x50620012>
    80000580:	0cc5b02b          	.word	0x0cc5b02b
    80000584:	606405b7          	lui	a1,0x60640
    80000588:	01258593          	addi	a1,a1,18 # 60640012 <__heap_size+0x60620012>
    8000058c:	0cc5b02b          	.word	0x0cc5b02b
    80000590:	20e405b7          	lui	a1,0x20e40
    80000594:	01258593          	addi	a1,a1,18 # 20e40012 <__heap_size+0x20e20012>
    80000598:	0cc5b02b          	.word	0x0cc5b02b
    8000059c:	30e405b7          	lui	a1,0x30e40
    800005a0:	01258593          	addi	a1,a1,18 # 30e40012 <__heap_size+0x30e20012>
    800005a4:	0cc5b02b          	.word	0x0cc5b02b
    800005a8:	40e405b7          	lui	a1,0x40e40
    800005ac:	01258593          	addi	a1,a1,18 # 40e40012 <__heap_size+0x40e20012>
    800005b0:	0cc5b02b          	.word	0x0cc5b02b
    800005b4:	02001737          	lui	a4,0x2001
    800005b8:	00671713          	slli	a4,a4,0x6
    800005bc:	00100693          	li	a3,1
    800005c0:	200007b7          	lui	a5,0x20000
    800005c4:	01270713          	addi	a4,a4,18 # 2001012 <__heap_size+0x1fe1012>
    800005c8:	10000537          	lui	a0,0x10000
    800005cc:	01f69693          	slli	a3,a3,0x1f
    800005d0:	00e7e5b3          	or	a1,a5,a4
    800005d4:	00200613          	li	a2,2
    800005d8:	0cc5b02b          	.word	0x0cc5b02b
    800005dc:	00a787b3          	add	a5,a5,a0
    800005e0:	fed798e3          	bne	a5,a3,800005d0 <rStartup+0xac>
    800005e4:	02011737          	lui	a4,0x2011
    800005e8:	00671713          	slli	a4,a4,0x6
    800005ec:	00100693          	li	a3,1
    800005f0:	200007b7          	lui	a5,0x20000
    800005f4:	01270713          	addi	a4,a4,18 # 2011012 <__heap_size+0x1ff1012>
    800005f8:	10000537          	lui	a0,0x10000
    800005fc:	01f69693          	slli	a3,a3,0x1f
    80000600:	00e7e5b3          	or	a1,a5,a4
    80000604:	00200613          	li	a2,2
    80000608:	0cc5b02b          	.word	0x0cc5b02b
    8000060c:	00a787b3          	add	a5,a5,a0
    80000610:	fed798e3          	bne	a5,a3,80000600 <rStartup+0xdc>
    80000614:	046605b7          	lui	a1,0x4660
    80000618:	02258593          	addi	a1,a1,34 # 4660022 <__heap_size+0x4640022>
    8000061c:	0cc5b02b          	.word	0x0cc5b02b
    80000620:	146605b7          	lui	a1,0x14660
    80000624:	02258593          	addi	a1,a1,34 # 14660022 <__heap_size+0x14640022>
    80000628:	0cc5b02b          	.word	0x0cc5b02b
    8000062c:	246605b7          	lui	a1,0x24660
    80000630:	02258593          	addi	a1,a1,34 # 24660022 <__heap_size+0x24640022>
    80000634:	0cc5b02b          	.word	0x0cc5b02b
    80000638:	346605b7          	lui	a1,0x34660
    8000063c:	02258593          	addi	a1,a1,34 # 34660022 <__heap_size+0x34640022>
    80000640:	0cc5b02b          	.word	0x0cc5b02b
    80000644:	24e605b7          	lui	a1,0x24e60
    80000648:	02258593          	addi	a1,a1,34 # 24e60022 <__heap_size+0x24e40022>
    8000064c:	0cc5b02b          	.word	0x0cc5b02b
    80000650:	34e605b7          	lui	a1,0x34e60
    80000654:	02258593          	addi	a1,a1,34 # 34e60022 <__heap_size+0x34e40022>
    80000658:	0cc5b02b          	.word	0x0cc5b02b
    8000065c:	44e605b7          	lui	a1,0x44e60
    80000660:	02258593          	addi	a1,a1,34 # 44e60022 <__heap_size+0x44e40022>
    80000664:	0cc5b02b          	.word	0x0cc5b02b
    80000668:	04043737          	lui	a4,0x4043
    8000066c:	00571713          	slli	a4,a4,0x5
    80000670:	00100693          	li	a3,1
    80000674:	200007b7          	lui	a5,0x20000
    80000678:	02270713          	addi	a4,a4,34 # 4043022 <__heap_size+0x4023022>
    8000067c:	10000537          	lui	a0,0x10000
    80000680:	01f69693          	slli	a3,a3,0x1f
    80000684:	00e7e5b3          	or	a1,a5,a4
    80000688:	00200613          	li	a2,2
    8000068c:	0cc5b02b          	.word	0x0cc5b02b
    80000690:	00a787b3          	add	a5,a5,a0
    80000694:	fed798e3          	bne	a5,a3,80000684 <rStartup+0x160>
    80000698:	04063737          	lui	a4,0x4063
    8000069c:	00571713          	slli	a4,a4,0x5
    800006a0:	00100693          	li	a3,1
    800006a4:	200007b7          	lui	a5,0x20000
    800006a8:	02270713          	addi	a4,a4,34 # 4063022 <__heap_size+0x4043022>
    800006ac:	10000537          	lui	a0,0x10000
    800006b0:	01f69693          	slli	a3,a3,0x1f
    800006b4:	00e7e5b3          	or	a1,a5,a4
    800006b8:	00200613          	li	a2,2
    800006bc:	0cc5b02b          	.word	0x0cc5b02b
    800006c0:	00a787b3          	add	a5,a5,a0
    800006c4:	fed798e3          	bne	a5,a3,800006b4 <rStartup+0x190>
    800006c8:	1e6205b7          	lui	a1,0x1e620
    800006cc:	03258593          	addi	a1,a1,50 # 1e620032 <__heap_size+0x1e600032>
    800006d0:	0cc5b02b          	.word	0x0cc5b02b
    800006d4:	2e6205b7          	lui	a1,0x2e620
    800006d8:	03258593          	addi	a1,a1,50 # 2e620032 <__heap_size+0x2e600032>
    800006dc:	0cc5b02b          	.word	0x0cc5b02b
    800006e0:	3e6205b7          	lui	a1,0x3e620
    800006e4:	03258593          	addi	a1,a1,50 # 3e620032 <__heap_size+0x3e600032>
    800006e8:	0cc5b02b          	.word	0x0cc5b02b
    800006ec:	5e6205b7          	lui	a1,0x5e620
    800006f0:	03258593          	addi	a1,a1,50 # 5e620032 <__heap_size+0x5e600032>
    800006f4:	0cc5b02b          	.word	0x0cc5b02b
    800006f8:	6e6205b7          	lui	a1,0x6e620
    800006fc:	03258593          	addi	a1,a1,50 # 6e620032 <__heap_size+0x6e600032>
    80000700:	0cc5b02b          	.word	0x0cc5b02b
    80000704:	7e6205b7          	lui	a1,0x7e620
    80000708:	03258593          	addi	a1,a1,50 # 7e620032 <__heap_size+0x7e600032>
    8000070c:	0cc5b02b          	.word	0x0cc5b02b
    80000710:	25ea05b7          	lui	a1,0x25ea0
    80000714:	01258593          	addi	a1,a1,18 # 25ea0012 <__heap_size+0x25e80012>
    80000718:	0cc5b02b          	.word	0x0cc5b02b
    8000071c:	35ea05b7          	lui	a1,0x35ea0
    80000720:	01258593          	addi	a1,a1,18 # 35ea0012 <__heap_size+0x35e80012>
    80000724:	0cc5b02b          	.word	0x0cc5b02b
    80000728:	102205b7          	lui	a1,0x10220
    8000072c:	00458593          	addi	a1,a1,4 # 10220004 <__heap_size+0x10200004>
    80000730:	0cc5b02b          	.word	0x0cc5b02b
    80000734:	202405b7          	lui	a1,0x20240
    80000738:	01458593          	addi	a1,a1,20 # 20240014 <__heap_size+0x20220014>
    8000073c:	0cc5b02b          	.word	0x0cc5b02b
    80000740:	302605b7          	lui	a1,0x30260
    80000744:	02458593          	addi	a1,a1,36 # 30260024 <__heap_size+0x30240024>
    80000748:	0cc5b02b          	.word	0x0cc5b02b
    8000074c:	402805b7          	lui	a1,0x40280
    80000750:	03458593          	addi	a1,a1,52 # 40280034 <__heap_size+0x40260034>
    80000754:	0cc5b02b          	.word	0x0cc5b02b
    80000758:	00001f37          	lui	t5,0x1
    8000075c:	00001eb7          	lui	t4,0x1
    80000760:	00001e37          	lui	t3,0x1
    80000764:	00001337          	lui	t1,0x1
    80000768:	000018b7          	lui	a7,0x1
    8000076c:	00001837          	lui	a6,0x1
    80000770:	00001537          	lui	a0,0x1
    80000774:	08000693          	li	a3,128
    80000778:	00000713          	li	a4,0
    8000077c:	00100293          	li	t0,1
    80000780:	813f0f13          	addi	t5,t5,-2029 # 813 <__stack_align+0x803>
    80000784:	823e8e93          	addi	t4,t4,-2013 # 823 <__stack_align+0x813>
    80000788:	833e0e13          	addi	t3,t3,-1997 # 833 <__stack_align+0x823>
    8000078c:	87330313          	addi	t1,t1,-1933 # 873 <__stack_align+0x863>
    80000790:	c7388893          	addi	a7,a7,-909 # c73 <__stack_align+0xc63>
    80000794:	85380813          	addi	a6,a6,-1965 # 853 <__stack_align+0x843>
    80000798:	c5350513          	addi	a0,a0,-941 # c53 <__stack_align+0xc43>
    8000079c:	00400f93          	li	t6,4
    800007a0:	00e297bb          	sllw	a5,t0,a4
    800007a4:	01079793          	slli	a5,a5,0x10
    800007a8:	00d7e7b3          	or	a5,a5,a3
    800007ac:	01e7e5b3          	or	a1,a5,t5
    800007b0:	00200613          	li	a2,2
    800007b4:	0cc5b02b          	.word	0x0cc5b02b
    800007b8:	01d7e5b3          	or	a1,a5,t4
    800007bc:	0cc5b02b          	.word	0x0cc5b02b
    800007c0:	01c7e5b3          	or	a1,a5,t3
    800007c4:	0cc5b02b          	.word	0x0cc5b02b
    800007c8:	4137e593          	ori	a1,a5,1043
    800007cc:	0cc5b02b          	.word	0x0cc5b02b
    800007d0:	4237e593          	ori	a1,a5,1059
    800007d4:	0cc5b02b          	.word	0x0cc5b02b
    800007d8:	4337e593          	ori	a1,a5,1075
    800007dc:	0cc5b02b          	.word	0x0cc5b02b
    800007e0:	0067e5b3          	or	a1,a5,t1
    800007e4:	0cc5b02b          	.word	0x0cc5b02b
    800007e8:	4737e593          	ori	a1,a5,1139
    800007ec:	0cc5b02b          	.word	0x0cc5b02b
    800007f0:	0117e5b3          	or	a1,a5,a7
    800007f4:	0cc5b02b          	.word	0x0cc5b02b
    800007f8:	0107e5b3          	or	a1,a5,a6
    800007fc:	0cc5b02b          	.word	0x0cc5b02b
    80000800:	4537e593          	ori	a1,a5,1107
    80000804:	0cc5b02b          	.word	0x0cc5b02b
    80000808:	00a7e5b3          	or	a1,a5,a0
    8000080c:	0cc5b02b          	.word	0x0cc5b02b
    80000810:	0017071b          	addiw	a4,a4,1
    80000814:	08068693          	addi	a3,a3,128
    80000818:	f9f714e3          	bne	a4,t6,800007a0 <rStartup+0x27c>
    8000081c:	00500593          	li	a1,5
    80000820:	0cc5b02b          	.word	0x0cc5b02b
    80000824:	00f00593          	li	a1,15
    80000828:	fa05a02b          	.word	0xfa05a02b
    8000082c:	fc00452b          	.word	0xfc00452b
    80000830:	82018413          	addi	s0,gp,-2016 # 80003cd8 <uart_lock>
    80000834:	00050593          	mv	a1,a0
    80000838:	00100713          	li	a4,1
    8000083c:	0ce427af          	amoswap.w.aq	a5,a4,(s0)
    80000840:	0007879b          	sext.w	a5,a5
    80000844:	fe079ce3          	bnez	a5,8000083c <rStartup+0x318>
    80000848:	00002517          	auipc	a0,0x2
    8000084c:	4d850513          	addi	a0,a0,1240 # 80002d20 <__tbss_end+0x2>
    80000850:	58b000ef          	jal	800015da <iprintf>
    80000854:	0a04202f          	amoswap.w.rl	zero,zero,(s0)
    80000858:	304027f3          	csrr	a5,mie
    8000085c:	0087e793          	ori	a5,a5,8
    80000860:	30479073          	csrw	mie,a5
    80000864:	300027f3          	csrr	a5,mstatus
    80000868:	0087e793          	ori	a5,a5,8
    8000086c:	30079073          	csrw	mstatus,a5
    80000870:	f14027f3          	csrr	a5,mhartid
    80000874:	00800737          	lui	a4,0x800
    80000878:	00e787b3          	add	a5,a5,a4
    8000087c:	00279793          	slli	a5,a5,0x2
    80000880:	00100713          	li	a4,1
    80000884:	00e7a023          	sw	a4,0(a5) # 20000000 <__heap_size+0x1ffe0000>
    80000888:	3600452b          	.word	0x3600452b
    8000088c:	fe050ee3          	beqz	a0,80000888 <rStartup+0x364>
    80000890:	00100593          	li	a1,1
    80000894:	2c05a02b          	.word	0x2c05a02b
    80000898:	9edff0ef          	jal	80000284 <mtimecmp_cfg>
    8000089c:	304027f3          	csrr	a5,mie
    800008a0:	0807e793          	ori	a5,a5,128
    800008a4:	30479073          	csrw	mie,a5
    800008a8:	6200002b          	.word	0x6200002b
    800008ac:	00100593          	li	a1,1
    800008b0:	e005a02b          	.word	0xe005a02b
    800008b4:	00100713          	li	a4,1
    800008b8:	0ce427af          	amoswap.w.aq	a5,a4,(s0)
    800008bc:	0007879b          	sext.w	a5,a5
    800008c0:	fe079ce3          	bnez	a5,800008b8 <rStartup+0x394>
    800008c4:	000016b7          	lui	a3,0x1
    800008c8:	38868693          	addi	a3,a3,904 # 1388 <__stack_align+0x1378>
    800008cc:	00100613          	li	a2,1
    800008d0:	00000593          	li	a1,0
    800008d4:	00002517          	auipc	a0,0x2
    800008d8:	46c50513          	addi	a0,a0,1132 # 80002d40 <__tbss_end+0x22>
    800008dc:	4ff000ef          	jal	800015da <iprintf>
    800008e0:	00002517          	auipc	a0,0x2
    800008e4:	4a850513          	addi	a0,a0,1192 # 80002d88 <__tbss_end+0x6a>
    800008e8:	4f3000ef          	jal	800015da <iprintf>
    800008ec:	0a04202f          	amoswap.w.rl	zero,zero,(s0)
    800008f0:	00813083          	ld	ra,8(sp)
    800008f4:	00013403          	ld	s0,0(sp)
    800008f8:	01010113          	addi	sp,sp,16
    800008fc:	00008067          	ret

0000000080000900 <rCleanup>:
    80000900:	00200593          	li	a1,2
    80000904:	e005a02b          	.word	0xe005a02b
    80000908:	01a00793          	li	a5,26
    8000090c:	00000013          	nop
    80000910:	fff7879b          	addiw	a5,a5,-1
    80000914:	fe079ce3          	bnez	a5,8000090c <rCleanup+0xc>
    80000918:	6400002b          	.word	0x6400002b
    8000091c:	000207b7          	lui	a5,0x20
    80000920:	ffe78793          	addi	a5,a5,-2 # 1fffe <__stack_size+0x17ffe>
    80000924:	00000593          	li	a1,0
    80000928:	00000613          	li	a2,0
    8000092c:	0cc5f52b          	.word	0x0cc5f52b
    80000930:	fea7fae3          	bgeu	a5,a0,80000924 <rCleanup+0x24>
    80000934:	00200593          	li	a1,2
    80000938:	2c05a02b          	.word	0x2c05a02b
    8000093c:	6000002b          	.word	0x6000002b
    80000940:	00008067          	ret

0000000080000944 <__main>:
    80000944:	ff010113          	addi	sp,sp,-16
    80000948:	00113423          	sd	ra,8(sp)
    8000094c:	f14027f3          	csrr	a5,mhartid
    80000950:	00300713          	li	a4,3
    80000954:	0ae78e63          	beq	a5,a4,80000a10 <__main+0xcc>
    80000958:	0af76263          	bltu	a4,a5,800009fc <__main+0xb8>
    8000095c:	00100713          	li	a4,1
    80000960:	04e78a63          	beq	a5,a4,800009b4 <__main+0x70>
    80000964:	00200693          	li	a3,2
    80000968:	0ed79c63          	bne	a5,a3,80000a60 <__main+0x11c>
    8000096c:	304027f3          	csrr	a5,mie
    80000970:	0087e793          	ori	a5,a5,8
    80000974:	30479073          	csrw	mie,a5
    80000978:	300027f3          	csrr	a5,mstatus
    8000097c:	0087e793          	ori	a5,a5,8
    80000980:	30079073          	csrw	mstatus,a5
    80000984:	f14027f3          	csrr	a5,mhartid
    80000988:	008006b7          	lui	a3,0x800
    8000098c:	00d787b3          	add	a5,a5,a3
    80000990:	00279793          	slli	a5,a5,0x2
    80000994:	00e7a023          	sw	a4,0(a5)
    80000998:	8edff0ef          	jal	80000284 <mtimecmp_cfg>
    8000099c:	304027f3          	csrr	a5,mie
    800009a0:	0807e793          	ori	a5,a5,128
    800009a4:	30479073          	csrw	mie,a5
    800009a8:	00200513          	li	a0,2
    800009ac:	0b8000ef          	jal	80000a64 <checker>
    800009b0:	0000006f          	j	800009b0 <__main+0x6c>
    800009b4:	30402773          	csrr	a4,mie
    800009b8:	00876713          	ori	a4,a4,8
    800009bc:	30471073          	csrw	mie,a4
    800009c0:	30002773          	csrr	a4,mstatus
    800009c4:	00876713          	ori	a4,a4,8
    800009c8:	30071073          	csrw	mstatus,a4
    800009cc:	f1402773          	csrr	a4,mhartid
    800009d0:	008006b7          	lui	a3,0x800
    800009d4:	00d70733          	add	a4,a4,a3
    800009d8:	00271713          	slli	a4,a4,0x2
    800009dc:	00f72023          	sw	a5,0(a4) # 800000 <__heap_size+0x7e0000>
    800009e0:	8a5ff0ef          	jal	80000284 <mtimecmp_cfg>
    800009e4:	304027f3          	csrr	a5,mie
    800009e8:	0807e793          	ori	a5,a5,128
    800009ec:	30479073          	csrw	mie,a5
    800009f0:	00100513          	li	a0,1
    800009f4:	070000ef          	jal	80000a64 <checker>
    800009f8:	fb9ff06f          	j	800009b0 <__main+0x6c>
    800009fc:	00400713          	li	a4,4
    80000a00:	04e79e63          	bne	a5,a4,80000a5c <__main+0x118>
    80000a04:	00400513          	li	a0,4
    80000a08:	05c000ef          	jal	80000a64 <checker>
    80000a0c:	fa5ff06f          	j	800009b0 <__main+0x6c>
    80000a10:	304027f3          	csrr	a5,mie
    80000a14:	0087e793          	ori	a5,a5,8
    80000a18:	30479073          	csrw	mie,a5
    80000a1c:	300027f3          	csrr	a5,mstatus
    80000a20:	0087e793          	ori	a5,a5,8
    80000a24:	30079073          	csrw	mstatus,a5
    80000a28:	f14027f3          	csrr	a5,mhartid
    80000a2c:	00800737          	lui	a4,0x800
    80000a30:	00e787b3          	add	a5,a5,a4
    80000a34:	00279793          	slli	a5,a5,0x2
    80000a38:	00100713          	li	a4,1
    80000a3c:	00e7a023          	sw	a4,0(a5)
    80000a40:	845ff0ef          	jal	80000284 <mtimecmp_cfg>
    80000a44:	304027f3          	csrr	a5,mie
    80000a48:	0807e793          	ori	a5,a5,128
    80000a4c:	30479073          	csrw	mie,a5
    80000a50:	00300513          	li	a0,3
    80000a54:	010000ef          	jal	80000a64 <checker>
    80000a58:	f59ff06f          	j	800009b0 <__main+0x6c>
    80000a5c:	f55ff06f          	j	800009b0 <__main+0x6c>
    80000a60:	f51ff06f          	j	800009b0 <__main+0x6c>

0000000080000a64 <checker>:
    80000a64:	00100593          	li	a1,1
    80000a68:	0205a02b          	.word	0x0205a02b
    80000a6c:	2c05a02b          	.word	0x2c05a02b
    80000a70:	8000002b          	.word	0x8000002b
    80000a74:	a200002b          	.word	0xa200002b
    80000a78:	000015b7          	lui	a1,0x1
    80000a7c:	38858593          	addi	a1,a1,904 # 1388 <__stack_align+0x1378>
    80000a80:	f205a02b          	.word	0xf205a02b
    80000a84:	00100593          	li	a1,1
    80000a88:	ec05a02b          	.word	0xec05a02b
    80000a8c:	00000593          	li	a1,0
    80000a90:	ec05a02b          	.word	0xec05a02b
    80000a94:	02000593          	li	a1,32
    80000a98:	ec05a02b          	.word	0xec05a02b
    80000a9c:	00000593          	li	a1,0
    80000aa0:	ec05a02b          	.word	0xec05a02b
    80000aa4:	ea00002b          	.word	0xea00002b
    80000aa8:	e600002b          	.word	0xe600002b
    80000aac:	c800002b          	.word	0xc800002b
    80000ab0:	00200793          	li	a5,2
    80000ab4:	00800713          	li	a4,8
    80000ab8:	0100006f          	j	80000ac8 <checker+0x64>
    80000abc:	c200452b          	.word	0xc200452b
    80000ac0:	01857513          	andi	a0,a0,24
    80000ac4:	04e50a63          	beq	a0,a4,80000b18 <checker+0xb4>
    80000ac8:	0e00452b          	.word	0x0e00452b
    80000acc:	fef518e3          	bne	a0,a5,80000abc <checker+0x58>
    80000ad0:	04000593          	li	a1,64
    80000ad4:	ec05a02b          	.word	0xec05a02b
    80000ad8:	00000593          	li	a1,0
    80000adc:	ec05a02b          	.word	0xec05a02b
    80000ae0:	e400002b          	.word	0xe400002b
    80000ae4:	c000002b          	.word	0xc000002b
    80000ae8:	00000013          	nop
    80000aec:	00000013          	nop
    80000af0:	00000013          	nop
    80000af4:	00000013          	nop
    80000af8:	00000013          	nop
    80000afc:	00200793          	li	a5,2
    80000b00:	0e00452b          	.word	0x0e00452b
    80000b04:	fef51ee3          	bne	a0,a5,80000b00 <checker+0x9c>
    80000b08:	8600002b          	.word	0x8600002b
    80000b0c:	00200593          	li	a1,2
    80000b10:	2c05a02b          	.word	0x2c05a02b
    80000b14:	0000006f          	j	80000b14 <checker+0xb0>
    80000b18:	c000002b          	.word	0xc000002b
    80000b1c:	00001067          	.word	0x00001067
    80000b20:	fa9ff06f          	j	80000ac8 <checker+0x64>

0000000080000b24 <task_synthetic_malloc>:
    80000b24:	ff010113          	addi	sp,sp,-16
    80000b28:	00813023          	sd	s0,0(sp)
    80000b2c:	00050413          	mv	s0,a0
    80000b30:	08000513          	li	a0,128
    80000b34:	00113423          	sd	ra,8(sp)
    80000b38:	614000ef          	jal	8000114c <malloc>
    80000b3c:	04050863          	beqz	a0,80000b8c <task_synthetic_malloc+0x68>
    80000b40:	0004069b          	sext.w	a3,s0
    80000b44:	00050793          	mv	a5,a0
    80000b48:	08050613          	addi	a2,a0,128
    80000b4c:	00050713          	mv	a4,a0
    80000b50:	00d72023          	sw	a3,0(a4) # 800000 <__heap_size+0x7e0000>
    80000b54:	00470713          	addi	a4,a4,4
    80000b58:	0016869b          	addiw	a3,a3,1 # 800001 <__heap_size+0x7e0001>
    80000b5c:	fec71ae3          	bne	a4,a2,80000b50 <task_synthetic_malloc+0x2c>
    80000b60:	00000413          	li	s0,0
    80000b64:	0007a703          	lw	a4,0(a5)
    80000b68:	00478793          	addi	a5,a5,4
    80000b6c:	0087043b          	addw	s0,a4,s0
    80000b70:	fec79ae3          	bne	a5,a2,80000b64 <task_synthetic_malloc+0x40>
    80000b74:	5e4000ef          	jal	80001158 <free>
    80000b78:	00813083          	ld	ra,8(sp)
    80000b7c:	00040513          	mv	a0,s0
    80000b80:	00013403          	ld	s0,0(sp)
    80000b84:	01010113          	addi	sp,sp,16
    80000b88:	00008067          	ret
    80000b8c:	00002517          	auipc	a0,0x2
    80000b90:	22c50513          	addi	a0,a0,556 # 80002db8 <__tbss_end+0x9a>
    80000b94:	247000ef          	jal	800015da <iprintf>
    80000b98:	00000513          	li	a0,0
    80000b9c:	58a000ef          	jal	80001126 <exit>

0000000080000ba0 <initialise_board>:
    80000ba0:	00000513          	li	a0,0
    80000ba4:	00008067          	ret

0000000080000ba8 <start_trigger>:
    80000ba8:	00000513          	li	a0,0
    80000bac:	00008067          	ret

0000000080000bb0 <stop_trigger>:
    80000bb0:	00000513          	li	a0,0
    80000bb4:	00008067          	ret

0000000080000bb8 <rand_beebs>:
    80000bb8:	84018713          	addi	a4,gp,-1984 # 80003cf8 <seed>
    80000bbc:	00073503          	ld	a0,0(a4)
    80000bc0:	41c657b7          	lui	a5,0x41c65
    80000bc4:	e6d78793          	addi	a5,a5,-403 # 41c64e6d <__heap_size+0x41c44e6d>
    80000bc8:	02f50533          	mul	a0,a0,a5
    80000bcc:	000037b7          	lui	a5,0x3
    80000bd0:	03978793          	addi	a5,a5,57 # 3039 <__stack_align+0x3029>
    80000bd4:	00f50533          	add	a0,a0,a5
    80000bd8:	02151513          	slli	a0,a0,0x21
    80000bdc:	02155513          	srli	a0,a0,0x21
    80000be0:	00a73023          	sd	a0,0(a4)
    80000be4:	01055513          	srli	a0,a0,0x10
    80000be8:	00008067          	ret

0000000080000bec <srand_beebs>:
    80000bec:	02051513          	slli	a0,a0,0x20
    80000bf0:	02055513          	srli	a0,a0,0x20
    80000bf4:	84a1b023          	sd	a0,-1984(gp) # 80003cf8 <seed>
    80000bf8:	00008067          	ret

0000000080000bfc <init_heap_beebs>:
    80000bfc:	0075f793          	andi	a5,a1,7
    80000c00:	00079c63          	bnez	a5,80000c18 <init_heap_beebs+0x1c>
    80000c04:	00b505b3          	add	a1,a0,a1
    80000c08:	82a1bc23          	sd	a0,-1992(gp) # 80003cf0 <heap_ptr>
    80000c0c:	82b1b823          	sd	a1,-2000(gp) # 80003ce8 <heap_end>
    80000c10:	8201b423          	sd	zero,-2008(gp) # 80003ce0 <heap_requested>
    80000c14:	00008067          	ret
    80000c18:	ff010113          	addi	sp,sp,-16
    80000c1c:	00002697          	auipc	a3,0x2
    80000c20:	1bc68693          	addi	a3,a3,444 # 80002dd8 <__tbss_end+0xba>
    80000c24:	00002617          	auipc	a2,0x2
    80000c28:	2ac60613          	addi	a2,a2,684 # 80002ed0 <__func__.0>
    80000c2c:	04100593          	li	a1,65
    80000c30:	00002517          	auipc	a0,0x2
    80000c34:	1c850513          	addi	a0,a0,456 # 80002df8 <__tbss_end+0xda>
    80000c38:	00113423          	sd	ra,8(sp)
    80000c3c:	4a0000ef          	jal	800010dc <__assert_func>

0000000080000c40 <check_heap_beebs>:
    80000c40:	8281b783          	ld	a5,-2008(gp) # 80003ce0 <heap_requested>
    80000c44:	00f507b3          	add	a5,a0,a5
    80000c48:	8301b503          	ld	a0,-2000(gp) # 80003ce8 <heap_end>
    80000c4c:	00f53533          	sltu	a0,a0,a5
    80000c50:	00154513          	xori	a0,a0,1
    80000c54:	00008067          	ret

0000000080000c58 <malloc_beebs>:
    80000c58:	00050793          	mv	a5,a0
    80000c5c:	04050a63          	beqz	a0,80000cb0 <malloc_beebs+0x58>
    80000c60:	83818613          	addi	a2,gp,-1992 # 80003cf0 <heap_ptr>
    80000c64:	00063503          	ld	a0,0(a2)
    80000c68:	82818693          	addi	a3,gp,-2008 # 80003ce0 <heap_requested>
    80000c6c:	0006b583          	ld	a1,0(a3)
    80000c70:	00f50733          	add	a4,a0,a5
    80000c74:	00777813          	andi	a6,a4,7
    80000c78:	00b787b3          	add	a5,a5,a1
    80000c7c:	00081c63          	bnez	a6,80000c94 <malloc_beebs+0x3c>
    80000c80:	00f6b023          	sd	a5,0(a3)
    80000c84:	8301b783          	ld	a5,-2000(gp) # 80003ce8 <heap_end>
    80000c88:	02e7e463          	bltu	a5,a4,80000cb0 <malloc_beebs+0x58>
    80000c8c:	00e63023          	sd	a4,0(a2)
    80000c90:	00008067          	ret
    80000c94:	00800593          	li	a1,8
    80000c98:	410585b3          	sub	a1,a1,a6
    80000c9c:	00b787b3          	add	a5,a5,a1
    80000ca0:	00f6b023          	sd	a5,0(a3)
    80000ca4:	00b70733          	add	a4,a4,a1
    80000ca8:	8301b783          	ld	a5,-2000(gp) # 80003ce8 <heap_end>
    80000cac:	fee7f0e3          	bgeu	a5,a4,80000c8c <malloc_beebs+0x34>
    80000cb0:	00000513          	li	a0,0
    80000cb4:	00008067          	ret

0000000080000cb8 <calloc_beebs>:
    80000cb8:	02b50633          	mul	a2,a0,a1
    80000cbc:	06060a63          	beqz	a2,80000d30 <calloc_beebs+0x78>
    80000cc0:	83818513          	addi	a0,gp,-1992 # 80003cf0 <heap_ptr>
    80000cc4:	00053783          	ld	a5,0(a0)
    80000cc8:	82818593          	addi	a1,gp,-2008 # 80003ce0 <heap_requested>
    80000ccc:	0005b703          	ld	a4,0(a1)
    80000cd0:	00c786b3          	add	a3,a5,a2
    80000cd4:	0076f893          	andi	a7,a3,7
    80000cd8:	00e60733          	add	a4,a2,a4
    80000cdc:	02089c63          	bnez	a7,80000d14 <calloc_beebs+0x5c>
    80000ce0:	00e5b023          	sd	a4,0(a1)
    80000ce4:	8301b703          	ld	a4,-2000(gp) # 80003ce8 <heap_end>
    80000ce8:	04d76463          	bltu	a4,a3,80000d30 <calloc_beebs+0x78>
    80000cec:	00d53023          	sd	a3,0(a0)
    80000cf0:	04078263          	beqz	a5,80000d34 <calloc_beebs+0x7c>
    80000cf4:	ff010113          	addi	sp,sp,-16
    80000cf8:	00000593          	li	a1,0
    80000cfc:	00078513          	mv	a0,a5
    80000d00:	00113423          	sd	ra,8(sp)
    80000d04:	393000ef          	jal	80001896 <memset>
    80000d08:	00813083          	ld	ra,8(sp)
    80000d0c:	01010113          	addi	sp,sp,16
    80000d10:	00008067          	ret
    80000d14:	00800813          	li	a6,8
    80000d18:	41180833          	sub	a6,a6,a7
    80000d1c:	01070733          	add	a4,a4,a6
    80000d20:	00e5b023          	sd	a4,0(a1)
    80000d24:	010686b3          	add	a3,a3,a6
    80000d28:	8301b703          	ld	a4,-2000(gp) # 80003ce8 <heap_end>
    80000d2c:	fcd770e3          	bgeu	a4,a3,80000cec <calloc_beebs+0x34>
    80000d30:	00000793          	li	a5,0
    80000d34:	00078513          	mv	a0,a5
    80000d38:	00008067          	ret

0000000080000d3c <realloc_beebs>:
    80000d3c:	06050c63          	beqz	a0,80000db4 <realloc_beebs+0x78>
    80000d40:	fe010113          	addi	sp,sp,-32
    80000d44:	00813823          	sd	s0,16(sp)
    80000d48:	00050413          	mv	s0,a0
    80000d4c:	00058513          	mv	a0,a1
    80000d50:	00913423          	sd	s1,8(sp)
    80000d54:	00113c23          	sd	ra,24(sp)
    80000d58:	00058493          	mv	s1,a1
    80000d5c:	efdff0ef          	jal	80000c58 <malloc_beebs>
    80000d60:	02050e63          	beqz	a0,80000d9c <realloc_beebs+0x60>
    80000d64:	00040793          	mv	a5,s0
    80000d68:	00050713          	mv	a4,a0
    80000d6c:	00940633          	add	a2,s0,s1
    80000d70:	00048c63          	beqz	s1,80000d88 <realloc_beebs+0x4c>
    80000d74:	0007c683          	lbu	a3,0(a5)
    80000d78:	00178793          	addi	a5,a5,1
    80000d7c:	00170713          	addi	a4,a4,1
    80000d80:	fed70fa3          	sb	a3,-1(a4)
    80000d84:	fec798e3          	bne	a5,a2,80000d74 <realloc_beebs+0x38>
    80000d88:	01813083          	ld	ra,24(sp)
    80000d8c:	01013403          	ld	s0,16(sp)
    80000d90:	00813483          	ld	s1,8(sp)
    80000d94:	02010113          	addi	sp,sp,32
    80000d98:	00008067          	ret
    80000d9c:	01813083          	ld	ra,24(sp)
    80000da0:	01013403          	ld	s0,16(sp)
    80000da4:	00813483          	ld	s1,8(sp)
    80000da8:	00000513          	li	a0,0
    80000dac:	02010113          	addi	sp,sp,32
    80000db0:	00008067          	ret
    80000db4:	00000513          	li	a0,0
    80000db8:	00008067          	ret

0000000080000dbc <free_beebs>:
    80000dbc:	00008067          	ret

0000000080000dc0 <values_match>:
    80000dc0:	40b50533          	sub	a0,a0,a1
    80000dc4:	00153513          	seqz	a0,a0
    80000dc8:	00008067          	ret

0000000080000dcc <InitSeed>:
    80000dcc:	8401a423          	sw	zero,-1976(gp) # 80003d00 <Seed>
    80000dd0:	00008067          	ret

0000000080000dd4 <RandomInteger>:
    80000dd4:	84818693          	addi	a3,gp,-1976 # 80003d00 <Seed>
    80000dd8:	0006a703          	lw	a4,0(a3)
    80000ddc:	000027b7          	lui	a5,0x2
    80000de0:	f9f7879b          	addiw	a5,a5,-97 # 1f9f <__stack_align+0x1f8f>
    80000de4:	0057151b          	slliw	a0,a4,0x5
    80000de8:	00e5053b          	addw	a0,a0,a4
    80000dec:	0025151b          	slliw	a0,a0,0x2
    80000df0:	00e5053b          	addw	a0,a0,a4
    80000df4:	0515051b          	addiw	a0,a0,81
    80000df8:	02f5653b          	remw	a0,a0,a5
    80000dfc:	00a6a023          	sw	a0,0(a3)
    80000e00:	00008067          	ret

0000000080000e04 <Multiply>:
    80000e04:	00058f93          	mv	t6,a1
    80000e08:	0a050813          	addi	a6,a0,160
    80000e0c:	00060e93          	mv	t4,a2
    80000e10:	00000f13          	li	t5,0
    80000e14:	0a058e13          	addi	t3,a1,160
    80000e18:	01400293          	li	t0,20
    80000e1c:	000f8893          	mv	a7,t6
    80000e20:	000e8513          	mv	a0,t4
    80000e24:	f6080313          	addi	t1,a6,-160
    80000e28:	00053023          	sd	zero,0(a0)
    80000e2c:	00030793          	mv	a5,t1
    80000e30:	00088613          	mv	a2,a7
    80000e34:	00000693          	li	a3,0
    80000e38:	0007b703          	ld	a4,0(a5)
    80000e3c:	00063583          	ld	a1,0(a2)
    80000e40:	00878793          	addi	a5,a5,8
    80000e44:	0a060613          	addi	a2,a2,160
    80000e48:	02b70733          	mul	a4,a4,a1
    80000e4c:	00e686b3          	add	a3,a3,a4
    80000e50:	00d53023          	sd	a3,0(a0)
    80000e54:	ff0792e3          	bne	a5,a6,80000e38 <Multiply+0x34>
    80000e58:	00888893          	addi	a7,a7,8
    80000e5c:	00850513          	addi	a0,a0,8
    80000e60:	fdc894e3          	bne	a7,t3,80000e28 <Multiply+0x24>
    80000e64:	001f0f13          	addi	t5,t5,1
    80000e68:	0a078813          	addi	a6,a5,160
    80000e6c:	0a0e8e93          	addi	t4,t4,160
    80000e70:	fa5f16e3          	bne	t5,t0,80000e1c <Multiply+0x18>
    80000e74:	00008067          	ret

0000000080000e78 <Test>:
    80000e78:	f8dff06f          	j	80000e04 <Multiply>

0000000080000e7c <benchmark_body>:
    80000e7c:	10a05a63          	blez	a0,80000f90 <benchmark_body+0x114>
    80000e80:	fc010113          	addi	sp,sp,-64
    80000e84:	02813823          	sd	s0,48(sp)
    80000e88:	02913423          	sd	s1,40(sp)
    80000e8c:	03213023          	sd	s2,32(sp)
    80000e90:	01313c23          	sd	s3,24(sp)
    80000e94:	01413823          	sd	s4,16(sp)
    80000e98:	01513423          	sd	s5,8(sp)
    80000e9c:	01613023          	sd	s6,0(sp)
    80000ea0:	02113c23          	sd	ra,56(sp)
    80000ea4:	00050493          	mv	s1,a0
    80000ea8:	00000413          	li	s0,0
    80000eac:	00007997          	auipc	s3,0x7
    80000eb0:	d2498993          	addi	s3,s3,-732 # 80007bd0 <__sf>
    80000eb4:	00005917          	auipc	s2,0x5
    80000eb8:	41c90913          	addi	s2,s2,1052 # 800062d0 <ArrayA>
    80000ebc:	00003b17          	auipc	s6,0x3
    80000ec0:	e94b0b13          	addi	s6,s6,-364 # 80003d50 <ResultArray>
    80000ec4:	00004a97          	auipc	s5,0x4
    80000ec8:	b0ca8a93          	addi	s5,s5,-1268 # 800049d0 <ArrayB>
    80000ecc:	00005a17          	auipc	s4,0x5
    80000ed0:	404a0a13          	addi	s4,s4,1028 # 800062d0 <ArrayA>
    80000ed4:	00006797          	auipc	a5,0x6
    80000ed8:	07c78793          	addi	a5,a5,124 # 80006f50 <ArrayA_ref>
    80000edc:	00005717          	auipc	a4,0x5
    80000ee0:	3f470713          	addi	a4,a4,1012 # 800062d0 <ArrayA>
    80000ee4:	0007b503          	ld	a0,0(a5)
    80000ee8:	0087b583          	ld	a1,8(a5)
    80000eec:	0107b603          	ld	a2,16(a5)
    80000ef0:	0187b683          	ld	a3,24(a5)
    80000ef4:	00a73023          	sd	a0,0(a4)
    80000ef8:	00b73423          	sd	a1,8(a4)
    80000efc:	00c73823          	sd	a2,16(a4)
    80000f00:	00d73c23          	sd	a3,24(a4)
    80000f04:	02078793          	addi	a5,a5,32
    80000f08:	02070713          	addi	a4,a4,32
    80000f0c:	fd379ce3          	bne	a5,s3,80000ee4 <benchmark_body+0x68>
    80000f10:	00004797          	auipc	a5,0x4
    80000f14:	74078793          	addi	a5,a5,1856 # 80005650 <ArrayB_ref>
    80000f18:	00004717          	auipc	a4,0x4
    80000f1c:	ab870713          	addi	a4,a4,-1352 # 800049d0 <ArrayB>
    80000f20:	0007b503          	ld	a0,0(a5)
    80000f24:	0087b583          	ld	a1,8(a5)
    80000f28:	0107b603          	ld	a2,16(a5)
    80000f2c:	0187b683          	ld	a3,24(a5)
    80000f30:	00a73023          	sd	a0,0(a4)
    80000f34:	00b73423          	sd	a1,8(a4)
    80000f38:	00c73823          	sd	a2,16(a4)
    80000f3c:	00d73c23          	sd	a3,24(a4)
    80000f40:	02078793          	addi	a5,a5,32
    80000f44:	02070713          	addi	a4,a4,32
    80000f48:	fd279ce3          	bne	a5,s2,80000f20 <benchmark_body+0xa4>
    80000f4c:	000b0613          	mv	a2,s6
    80000f50:	000a8593          	mv	a1,s5
    80000f54:	000a0513          	mv	a0,s4
    80000f58:	0014041b          	addiw	s0,s0,1
    80000f5c:	ea9ff0ef          	jal	80000e04 <Multiply>
    80000f60:	f6849ae3          	bne	s1,s0,80000ed4 <benchmark_body+0x58>
    80000f64:	03813083          	ld	ra,56(sp)
    80000f68:	03013403          	ld	s0,48(sp)
    80000f6c:	02813483          	ld	s1,40(sp)
    80000f70:	02013903          	ld	s2,32(sp)
    80000f74:	01813983          	ld	s3,24(sp)
    80000f78:	01013a03          	ld	s4,16(sp)
    80000f7c:	00813a83          	ld	s5,8(sp)
    80000f80:	00013b03          	ld	s6,0(sp)
    80000f84:	00000513          	li	a0,0
    80000f88:	04010113          	addi	sp,sp,64
    80000f8c:	00008067          	ret
    80000f90:	00000513          	li	a0,0
    80000f94:	00008067          	ret

0000000080000f98 <warm_caches>:
    80000f98:	ee5ff06f          	j	80000e7c <benchmark_body>

0000000080000f9c <benchmark>:
    80000f9c:	02e00513          	li	a0,46
    80000fa0:	eddff06f          	j	80000e7c <benchmark_body>

0000000080000fa4 <initialise_benchmark>:
    80000fa4:	000025b7          	lui	a1,0x2
    80000fa8:	00006617          	auipc	a2,0x6
    80000fac:	04860613          	addi	a2,a2,72 # 80006ff0 <ArrayA_ref+0xa0>
    80000fb0:	00007517          	auipc	a0,0x7
    80000fb4:	cc050513          	addi	a0,a0,-832 # 80007c70 <__sf+0xa0>
    80000fb8:	00000713          	li	a4,0
    80000fbc:	f9f5859b          	addiw	a1,a1,-97 # 1f9f <__stack_align+0x1f8f>
    80000fc0:	f6060693          	addi	a3,a2,-160
    80000fc4:	0057179b          	slliw	a5,a4,0x5
    80000fc8:	00e787bb          	addw	a5,a5,a4
    80000fcc:	0027979b          	slliw	a5,a5,0x2
    80000fd0:	00e787bb          	addw	a5,a5,a4
    80000fd4:	0517879b          	addiw	a5,a5,81
    80000fd8:	02b7e73b          	remw	a4,a5,a1
    80000fdc:	00868693          	addi	a3,a3,8
    80000fe0:	fee6bc23          	sd	a4,-8(a3)
    80000fe4:	fed610e3          	bne	a2,a3,80000fc4 <initialise_benchmark+0x20>
    80000fe8:	0a060613          	addi	a2,a2,160
    80000fec:	fca61ae3          	bne	a2,a0,80000fc0 <initialise_benchmark+0x1c>
    80000ff0:	000025b7          	lui	a1,0x2
    80000ff4:	00004617          	auipc	a2,0x4
    80000ff8:	6fc60613          	addi	a2,a2,1788 # 800056f0 <ArrayB_ref+0xa0>
    80000ffc:	00005517          	auipc	a0,0x5
    80001000:	37450513          	addi	a0,a0,884 # 80006370 <ArrayA+0xa0>
    80001004:	f9f5859b          	addiw	a1,a1,-97 # 1f9f <__stack_align+0x1f8f>
    80001008:	f6060693          	addi	a3,a2,-160
    8000100c:	0057179b          	slliw	a5,a4,0x5
    80001010:	00e787bb          	addw	a5,a5,a4
    80001014:	0027979b          	slliw	a5,a5,0x2
    80001018:	00e787bb          	addw	a5,a5,a4
    8000101c:	0517879b          	addiw	a5,a5,81
    80001020:	02b7e73b          	remw	a4,a5,a1
    80001024:	00868693          	addi	a3,a3,8
    80001028:	fee6bc23          	sd	a4,-8(a3)
    8000102c:	00070793          	mv	a5,a4
    80001030:	fcc69ee3          	bne	a3,a2,8000100c <initialise_benchmark+0x68>
    80001034:	0a068613          	addi	a2,a3,160
    80001038:	fca618e3          	bne	a2,a0,80001008 <initialise_benchmark+0x64>
    8000103c:	84f1a423          	sw	a5,-1976(gp) # 80003d00 <Seed>
    80001040:	00008067          	ret

0000000080001044 <verify_benchmark>:
    80001044:	fffff7b7          	lui	a5,0xfffff
    80001048:	000016b7          	lui	a3,0x1
    8000104c:	81010113          	addi	sp,sp,-2032
    80001050:	38078793          	addi	a5,a5,896 # fffffffffffff380 <__heap_end+0xffffffff7ffd7380>
    80001054:	c8068693          	addi	a3,a3,-896 # c80 <__stack_align+0xc70>
    80001058:	00f686b3          	add	a3,a3,a5
    8000105c:	7e113423          	sd	ra,2024(sp)
    80001060:	b6010113          	addi	sp,sp,-1184
    80001064:	002687b3          	add	a5,a3,sp
    80001068:	00002717          	auipc	a4,0x2
    8000106c:	e7870713          	addi	a4,a4,-392 # 80002ee0 <__func__.0+0x10>
    80001070:	00003697          	auipc	a3,0x3
    80001074:	af068693          	addi	a3,a3,-1296 # 80003b60 <__func__.0+0xc90>
    80001078:	00073803          	ld	a6,0(a4)
    8000107c:	00873503          	ld	a0,8(a4)
    80001080:	01073583          	ld	a1,16(a4)
    80001084:	01873603          	ld	a2,24(a4)
    80001088:	0107b023          	sd	a6,0(a5)
    8000108c:	00a7b423          	sd	a0,8(a5)
    80001090:	00b7b823          	sd	a1,16(a5)
    80001094:	00c7bc23          	sd	a2,24(a5)
    80001098:	02070713          	addi	a4,a4,32
    8000109c:	02078793          	addi	a5,a5,32
    800010a0:	fcd71ce3          	bne	a4,a3,80001078 <verify_benchmark+0x34>
    800010a4:	fffff5b7          	lui	a1,0xfffff
    800010a8:	00001637          	lui	a2,0x1
    800010ac:	38058593          	addi	a1,a1,896 # fffffffffffff380 <__heap_end+0xffffffff7ffd7380>
    800010b0:	c8060613          	addi	a2,a2,-896 # c80 <__stack_align+0xc70>
    800010b4:	00b607b3          	add	a5,a2,a1
    800010b8:	002785b3          	add	a1,a5,sp
    800010bc:	00003517          	auipc	a0,0x3
    800010c0:	c9450513          	addi	a0,a0,-876 # 80003d50 <ResultArray>
    800010c4:	608000ef          	jal	800016cc <memcmp>
    800010c8:	4a010113          	addi	sp,sp,1184
    800010cc:	7e813083          	ld	ra,2024(sp)
    800010d0:	00153513          	seqz	a0,a0
    800010d4:	7f010113          	addi	sp,sp,2032
    800010d8:	00008067          	ret

00000000800010dc <__assert_func>:
    800010dc:	1141                	addi	sp,sp,-16
    800010de:	00003797          	auipc	a5,0x3
    800010e2:	bda7b783          	ld	a5,-1062(a5) # 80003cb8 <_impure_ptr>
    800010e6:	8832                	mv	a6,a2
    800010e8:	e406                	sd	ra,8(sp)
    800010ea:	88aa                	mv	a7,a0
    800010ec:	872e                	mv	a4,a1
    800010ee:	6f88                	ld	a0,24(a5)
    800010f0:	8636                	mv	a2,a3
    800010f2:	00002797          	auipc	a5,0x2
    800010f6:	d5678793          	addi	a5,a5,-682 # 80002e48 <__tbss_end+0x12a>
    800010fa:	00081763          	bnez	a6,80001108 <__assert_func+0x2c>
    800010fe:	00002797          	auipc	a5,0x2
    80001102:	db278793          	addi	a5,a5,-590 # 80002eb0 <__tbss_end+0x192>
    80001106:	883e                	mv	a6,a5
    80001108:	86c6                	mv	a3,a7
    8000110a:	00002597          	auipc	a1,0x2
    8000110e:	d4e58593          	addi	a1,a1,-690 # 80002e58 <__tbss_end+0x13a>
    80001112:	412000ef          	jal	80001524 <fiprintf>
    80001116:	790000ef          	jal	800018a6 <abort>

000000008000111a <__assert>:
    8000111a:	1141                	addi	sp,sp,-16
    8000111c:	86b2                	mv	a3,a2
    8000111e:	4601                	li	a2,0
    80001120:	e406                	sd	ra,8(sp)
    80001122:	fbbff0ef          	jal	800010dc <__assert_func>

0000000080001126 <exit>:
    80001126:	1141                	addi	sp,sp,-16
    80001128:	e022                	sd	s0,0(sp)
    8000112a:	e406                	sd	ra,8(sp)
    8000112c:	00002797          	auipc	a5,0x2
    80001130:	b2a78793          	addi	a5,a5,-1238 # 80002c56 <__call_exitprocs>
    80001134:	842a                	mv	s0,a0
    80001136:	c781                	beqz	a5,8000113e <exit+0x18>
    80001138:	4581                	li	a1,0
    8000113a:	31d010ef          	jal	80002c56 <__call_exitprocs>
    8000113e:	8601b783          	ld	a5,-1952(gp) # 80003d18 <__stdio_exit_handler>
    80001142:	c391                	beqz	a5,80001146 <exit+0x20>
    80001144:	9782                	jalr	a5
    80001146:	8522                	mv	a0,s0
    80001148:	0a7010ef          	jal	800029ee <_exit>

000000008000114c <malloc>:
    8000114c:	85aa                	mv	a1,a0
    8000114e:	00003517          	auipc	a0,0x3
    80001152:	b6a53503          	ld	a0,-1174(a0) # 80003cb8 <_impure_ptr>
    80001156:	a0ad                	j	800011c0 <_malloc_r>

0000000080001158 <free>:
    80001158:	85aa                	mv	a1,a0
    8000115a:	00003517          	auipc	a0,0x3
    8000115e:	b5e53503          	ld	a0,-1186(a0) # 80003cb8 <_impure_ptr>
    80001162:	7540006f          	j	800018b6 <_free_r>

0000000080001166 <sbrk_aligned>:
    80001166:	1101                	addi	sp,sp,-32
    80001168:	e04a                	sd	s2,0(sp)
    8000116a:	85018913          	addi	s2,gp,-1968 # 80003d08 <__malloc_sbrk_start>
    8000116e:	00093783          	ld	a5,0(s2)
    80001172:	e822                	sd	s0,16(sp)
    80001174:	e426                	sd	s1,8(sp)
    80001176:	ec06                	sd	ra,24(sp)
    80001178:	84aa                	mv	s1,a0
    8000117a:	842e                	mv	s0,a1
    8000117c:	e791                	bnez	a5,80001188 <sbrk_aligned+0x22>
    8000117e:	4581                	li	a1,0
    80001180:	6c2000ef          	jal	80001842 <_sbrk_r>
    80001184:	00a93023          	sd	a0,0(s2)
    80001188:	85a2                	mv	a1,s0
    8000118a:	8526                	mv	a0,s1
    8000118c:	6b6000ef          	jal	80001842 <_sbrk_r>
    80001190:	597d                	li	s2,-1
    80001192:	01251a63          	bne	a0,s2,800011a6 <sbrk_aligned+0x40>
    80001196:	547d                	li	s0,-1
    80001198:	60e2                	ld	ra,24(sp)
    8000119a:	8522                	mv	a0,s0
    8000119c:	6442                	ld	s0,16(sp)
    8000119e:	64a2                	ld	s1,8(sp)
    800011a0:	6902                	ld	s2,0(sp)
    800011a2:	6105                	addi	sp,sp,32
    800011a4:	8082                	ret
    800011a6:	00750413          	addi	s0,a0,7
    800011aa:	9861                	andi	s0,s0,-8
    800011ac:	fe8506e3          	beq	a0,s0,80001198 <sbrk_aligned+0x32>
    800011b0:	40a405b3          	sub	a1,s0,a0
    800011b4:	8526                	mv	a0,s1
    800011b6:	68c000ef          	jal	80001842 <_sbrk_r>
    800011ba:	fd251fe3          	bne	a0,s2,80001198 <sbrk_aligned+0x32>
    800011be:	bfe1                	j	80001196 <sbrk_aligned+0x30>

00000000800011c0 <_malloc_r>:
    800011c0:	00758793          	addi	a5,a1,7
    800011c4:	7179                	addi	sp,sp,-48
    800011c6:	9be1                	andi	a5,a5,-8
    800011c8:	ec26                	sd	s1,24(sp)
    800011ca:	e84a                	sd	s2,16(sp)
    800011cc:	f406                	sd	ra,40(sp)
    800011ce:	f022                	sd	s0,32(sp)
    800011d0:	e44e                	sd	s3,8(sp)
    800011d2:	e052                	sd	s4,0(sp)
    800011d4:	07a1                	addi	a5,a5,8
    800011d6:	4741                	li	a4,16
    800011d8:	892a                	mv	s2,a0
    800011da:	44c1                	li	s1,16
    800011dc:	00e7e363          	bltu	a5,a4,800011e2 <_malloc_r+0x22>
    800011e0:	84be                	mv	s1,a5
    800011e2:	80000737          	lui	a4,0x80000
    800011e6:	fff74713          	not	a4,a4
    800011ea:	00f76463          	bltu	a4,a5,800011f2 <_malloc_r+0x32>
    800011ee:	00b4fe63          	bgeu	s1,a1,8000120a <_malloc_r+0x4a>
    800011f2:	47b1                	li	a5,12
    800011f4:	00f92023          	sw	a5,0(s2)
    800011f8:	4501                	li	a0,0
    800011fa:	70a2                	ld	ra,40(sp)
    800011fc:	7402                	ld	s0,32(sp)
    800011fe:	64e2                	ld	s1,24(sp)
    80001200:	6942                	ld	s2,16(sp)
    80001202:	69a2                	ld	s3,8(sp)
    80001204:	6a02                	ld	s4,0(sp)
    80001206:	6145                	addi	sp,sp,48
    80001208:	8082                	ret
    8000120a:	854a                	mv	a0,s2
    8000120c:	0e4000ef          	jal	800012f0 <__malloc_lock>
    80001210:	85818993          	addi	s3,gp,-1960 # 80003d10 <__malloc_free_list>
    80001214:	0009b783          	ld	a5,0(s3)
    80001218:	843e                	mv	s0,a5
    8000121a:	ec21                	bnez	s0,80001272 <_malloc_r+0xb2>
    8000121c:	85a6                	mv	a1,s1
    8000121e:	854a                	mv	a0,s2
    80001220:	f47ff0ef          	jal	80001166 <sbrk_aligned>
    80001224:	57fd                	li	a5,-1
    80001226:	842a                	mv	s0,a0
    80001228:	0af51f63          	bne	a0,a5,800012e6 <_malloc_r+0x126>
    8000122c:	0009b403          	ld	s0,0(s3)
    80001230:	87a2                	mv	a5,s0
    80001232:	efd1                	bnez	a5,800012ce <_malloc_r+0x10e>
    80001234:	c055                	beqz	s0,800012d8 <_malloc_r+0x118>
    80001236:	00043a03          	ld	s4,0(s0)
    8000123a:	4581                	li	a1,0
    8000123c:	854a                	mv	a0,s2
    8000123e:	9a22                	add	s4,s4,s0
    80001240:	602000ef          	jal	80001842 <_sbrk_r>
    80001244:	08aa1a63          	bne	s4,a0,800012d8 <_malloc_r+0x118>
    80001248:	601c                	ld	a5,0(s0)
    8000124a:	854a                	mv	a0,s2
    8000124c:	8c9d                	sub	s1,s1,a5
    8000124e:	85a6                	mv	a1,s1
    80001250:	f17ff0ef          	jal	80001166 <sbrk_aligned>
    80001254:	57fd                	li	a5,-1
    80001256:	08f50163          	beq	a0,a5,800012d8 <_malloc_r+0x118>
    8000125a:	601c                	ld	a5,0(s0)
    8000125c:	97a6                	add	a5,a5,s1
    8000125e:	e01c                	sd	a5,0(s0)
    80001260:	0009b783          	ld	a5,0(s3)
    80001264:	c3d9                	beqz	a5,800012ea <_malloc_r+0x12a>
    80001266:	6798                	ld	a4,8(a5)
    80001268:	06871663          	bne	a4,s0,800012d4 <_malloc_r+0x114>
    8000126c:	0007b423          	sd	zero,8(a5)
    80001270:	a015                	j	80001294 <_malloc_r+0xd4>
    80001272:	6014                	ld	a3,0(s0)
    80001274:	9e85                	subw	a3,a3,s1
    80001276:	0406c963          	bltz	a3,800012c8 <_malloc_r+0x108>
    8000127a:	473d                	li	a4,15
    8000127c:	02d75e63          	bge	a4,a3,800012b8 <_malloc_r+0xf8>
    80001280:	e004                	sd	s1,0(s0)
    80001282:	00940733          	add	a4,s0,s1
    80001286:	02879763          	bne	a5,s0,800012b4 <_malloc_r+0xf4>
    8000128a:	00e9b023          	sd	a4,0(s3)
    8000128e:	641c                	ld	a5,8(s0)
    80001290:	e314                	sd	a3,0(a4)
    80001292:	e71c                	sd	a5,8(a4)
    80001294:	854a                	mv	a0,s2
    80001296:	05c000ef          	jal	800012f2 <__malloc_unlock>
    8000129a:	00f40513          	addi	a0,s0,15
    8000129e:	00840793          	addi	a5,s0,8
    800012a2:	9961                	andi	a0,a0,-8
    800012a4:	40f507bb          	subw	a5,a0,a5
    800012a8:	dba9                	beqz	a5,800011fa <_malloc_r+0x3a>
    800012aa:	943e                	add	s0,s0,a5
    800012ac:	40f007bb          	negw	a5,a5
    800012b0:	e01c                	sd	a5,0(s0)
    800012b2:	b7a1                	j	800011fa <_malloc_r+0x3a>
    800012b4:	e798                	sd	a4,8(a5)
    800012b6:	bfe1                	j	8000128e <_malloc_r+0xce>
    800012b8:	6418                	ld	a4,8(s0)
    800012ba:	00879563          	bne	a5,s0,800012c4 <_malloc_r+0x104>
    800012be:	00e9b023          	sd	a4,0(s3)
    800012c2:	bfc9                	j	80001294 <_malloc_r+0xd4>
    800012c4:	e798                	sd	a4,8(a5)
    800012c6:	b7f9                	j	80001294 <_malloc_r+0xd4>
    800012c8:	87a2                	mv	a5,s0
    800012ca:	6400                	ld	s0,8(s0)
    800012cc:	b7b9                	j	8000121a <_malloc_r+0x5a>
    800012ce:	843e                	mv	s0,a5
    800012d0:	679c                	ld	a5,8(a5)
    800012d2:	b785                	j	80001232 <_malloc_r+0x72>
    800012d4:	87ba                	mv	a5,a4
    800012d6:	b779                	j	80001264 <_malloc_r+0xa4>
    800012d8:	47b1                	li	a5,12
    800012da:	00f92023          	sw	a5,0(s2)
    800012de:	854a                	mv	a0,s2
    800012e0:	012000ef          	jal	800012f2 <__malloc_unlock>
    800012e4:	bf11                	j	800011f8 <_malloc_r+0x38>
    800012e6:	e104                	sd	s1,0(a0)
    800012e8:	b775                	j	80001294 <_malloc_r+0xd4>
    800012ea:	00003423          	sd	zero,8(zero) # 8 <__boot_hart+0x8>
    800012ee:	9002                	ebreak

00000000800012f0 <__malloc_lock>:
    800012f0:	8082                	ret

00000000800012f2 <__malloc_unlock>:
    800012f2:	8082                	ret

00000000800012f4 <__fp_lock>:
    800012f4:	4501                	li	a0,0
    800012f6:	8082                	ret

00000000800012f8 <std>:
    800012f8:	1141                	addi	sp,sp,-16
    800012fa:	e022                	sd	s0,0(sp)
    800012fc:	e406                	sd	ra,8(sp)
    800012fe:	842a                	mv	s0,a0
    80001300:	00b51823          	sh	a1,16(a0)
    80001304:	00c51923          	sh	a2,18(a0)
    80001308:	00053023          	sd	zero,0(a0)
    8000130c:	00053423          	sd	zero,8(a0)
    80001310:	0a052623          	sw	zero,172(a0)
    80001314:	00053c23          	sd	zero,24(a0)
    80001318:	02052023          	sw	zero,32(a0)
    8000131c:	02052423          	sw	zero,40(a0)
    80001320:	4621                	li	a2,8
    80001322:	4581                	li	a1,0
    80001324:	0a450513          	addi	a0,a0,164
    80001328:	56e000ef          	jal	80001896 <memset>
    8000132c:	00000797          	auipc	a5,0x0
    80001330:	2dc78793          	addi	a5,a5,732 # 80001608 <__sread>
    80001334:	e03c                	sd	a5,64(s0)
    80001336:	00000797          	auipc	a5,0x0
    8000133a:	30878793          	addi	a5,a5,776 # 8000163e <__swrite>
    8000133e:	e43c                	sd	a5,72(s0)
    80001340:	00000797          	auipc	a5,0x0
    80001344:	34e78793          	addi	a5,a5,846 # 8000168e <__sseek>
    80001348:	e83c                	sd	a5,80(s0)
    8000134a:	00000797          	auipc	a5,0x0
    8000134e:	37c78793          	addi	a5,a5,892 # 800016c6 <__sclose>
    80001352:	60a2                	ld	ra,8(sp)
    80001354:	fc00                	sd	s0,56(s0)
    80001356:	ec3c                	sd	a5,88(s0)
    80001358:	6402                	ld	s0,0(sp)
    8000135a:	0141                	addi	sp,sp,16
    8000135c:	8082                	ret

000000008000135e <stdio_exit_handler>:
    8000135e:	00003617          	auipc	a2,0x3
    80001362:	8b260613          	addi	a2,a2,-1870 # 80003c10 <__sglue>
    80001366:	00001597          	auipc	a1,0x1
    8000136a:	dfa58593          	addi	a1,a1,-518 # 80002160 <_fflush_r>
    8000136e:	00003517          	auipc	a0,0x3
    80001372:	8ba50513          	addi	a0,a0,-1862 # 80003c28 <_impure_data>
    80001376:	aae1                	j	8000154e <_fwalk_sglue>

0000000080001378 <cleanup_stdio>:
    80001378:	650c                	ld	a1,8(a0)
    8000137a:	1141                	addi	sp,sp,-16
    8000137c:	e022                	sd	s0,0(sp)
    8000137e:	e406                	sd	ra,8(sp)
    80001380:	00007797          	auipc	a5,0x7
    80001384:	85078793          	addi	a5,a5,-1968 # 80007bd0 <__sf>
    80001388:	842a                	mv	s0,a0
    8000138a:	00f58463          	beq	a1,a5,80001392 <cleanup_stdio+0x1a>
    8000138e:	5d3000ef          	jal	80002160 <_fflush_r>
    80001392:	680c                	ld	a1,16(s0)
    80001394:	00007797          	auipc	a5,0x7
    80001398:	8ec78793          	addi	a5,a5,-1812 # 80007c80 <__sf+0xb0>
    8000139c:	00f58563          	beq	a1,a5,800013a6 <cleanup_stdio+0x2e>
    800013a0:	8522                	mv	a0,s0
    800013a2:	5bf000ef          	jal	80002160 <_fflush_r>
    800013a6:	6c0c                	ld	a1,24(s0)
    800013a8:	00007797          	auipc	a5,0x7
    800013ac:	98878793          	addi	a5,a5,-1656 # 80007d30 <__sf+0x160>
    800013b0:	00f58863          	beq	a1,a5,800013c0 <cleanup_stdio+0x48>
    800013b4:	8522                	mv	a0,s0
    800013b6:	6402                	ld	s0,0(sp)
    800013b8:	60a2                	ld	ra,8(sp)
    800013ba:	0141                	addi	sp,sp,16
    800013bc:	5a50006f          	j	80002160 <_fflush_r>
    800013c0:	60a2                	ld	ra,8(sp)
    800013c2:	6402                	ld	s0,0(sp)
    800013c4:	0141                	addi	sp,sp,16
    800013c6:	8082                	ret

00000000800013c8 <global_stdio_init.part.0>:
    800013c8:	1141                	addi	sp,sp,-16
    800013ca:	00000797          	auipc	a5,0x0
    800013ce:	f9478793          	addi	a5,a5,-108 # 8000135e <stdio_exit_handler>
    800013d2:	4601                	li	a2,0
    800013d4:	4591                	li	a1,4
    800013d6:	00006517          	auipc	a0,0x6
    800013da:	7fa50513          	addi	a0,a0,2042 # 80007bd0 <__sf>
    800013de:	e406                	sd	ra,8(sp)
    800013e0:	86f1b023          	sd	a5,-1952(gp) # 80003d18 <__stdio_exit_handler>
    800013e4:	f15ff0ef          	jal	800012f8 <std>
    800013e8:	4605                	li	a2,1
    800013ea:	45a5                	li	a1,9
    800013ec:	00007517          	auipc	a0,0x7
    800013f0:	89450513          	addi	a0,a0,-1900 # 80007c80 <__sf+0xb0>
    800013f4:	f05ff0ef          	jal	800012f8 <std>
    800013f8:	60a2                	ld	ra,8(sp)
    800013fa:	4609                	li	a2,2
    800013fc:	45c9                	li	a1,18
    800013fe:	00007517          	auipc	a0,0x7
    80001402:	93250513          	addi	a0,a0,-1742 # 80007d30 <__sf+0x160>
    80001406:	0141                	addi	sp,sp,16
    80001408:	bdc5                	j	800012f8 <std>

000000008000140a <__fp_unlock>:
    8000140a:	4501                	li	a0,0
    8000140c:	8082                	ret

000000008000140e <__sfp>:
    8000140e:	1101                	addi	sp,sp,-32
    80001410:	e04a                	sd	s2,0(sp)
    80001412:	ec06                	sd	ra,24(sp)
    80001414:	e822                	sd	s0,16(sp)
    80001416:	e426                	sd	s1,8(sp)
    80001418:	8601b783          	ld	a5,-1952(gp) # 80003d18 <__stdio_exit_handler>
    8000141c:	892a                	mv	s2,a0
    8000141e:	e399                	bnez	a5,80001424 <__sfp+0x16>
    80001420:	fa9ff0ef          	jal	800013c8 <global_stdio_init.part.0>
    80001424:	00002497          	auipc	s1,0x2
    80001428:	7ec48493          	addi	s1,s1,2028 # 80003c10 <__sglue>
    8000142c:	6880                	ld	s0,16(s1)
    8000142e:	449c                	lw	a5,8(s1)
    80001430:	37fd                	addiw	a5,a5,-1
    80001432:	0207d163          	bgez	a5,80001454 <__sfp+0x46>
    80001436:	609c                	ld	a5,0(s1)
    80001438:	e7c1                	bnez	a5,800014c0 <__sfp+0xb2>
    8000143a:	2d800593          	li	a1,728
    8000143e:	854a                	mv	a0,s2
    80001440:	d81ff0ef          	jal	800011c0 <_malloc_r>
    80001444:	842a                	mv	s0,a0
    80001446:	e12d                	bnez	a0,800014a8 <__sfp+0x9a>
    80001448:	0004b023          	sd	zero,0(s1)
    8000144c:	47b1                	li	a5,12
    8000144e:	00f92023          	sw	a5,0(s2)
    80001452:	a089                	j	80001494 <__sfp+0x86>
    80001454:	01041703          	lh	a4,16(s0)
    80001458:	e729                	bnez	a4,800014a2 <__sfp+0x94>
    8000145a:	77c1                	lui	a5,0xffff0
    8000145c:	0785                	addi	a5,a5,1 # ffffffffffff0001 <__heap_end+0xffffffff7ffc8001>
    8000145e:	0a042623          	sw	zero,172(s0)
    80001462:	00043023          	sd	zero,0(s0)
    80001466:	00043423          	sd	zero,8(s0)
    8000146a:	c81c                	sw	a5,16(s0)
    8000146c:	00043c23          	sd	zero,24(s0)
    80001470:	02042023          	sw	zero,32(s0)
    80001474:	02042423          	sw	zero,40(s0)
    80001478:	4621                	li	a2,8
    8000147a:	4581                	li	a1,0
    8000147c:	0a440513          	addi	a0,s0,164
    80001480:	416000ef          	jal	80001896 <memset>
    80001484:	06043023          	sd	zero,96(s0)
    80001488:	06042423          	sw	zero,104(s0)
    8000148c:	08043023          	sd	zero,128(s0)
    80001490:	08042423          	sw	zero,136(s0)
    80001494:	60e2                	ld	ra,24(sp)
    80001496:	8522                	mv	a0,s0
    80001498:	6442                	ld	s0,16(sp)
    8000149a:	64a2                	ld	s1,8(sp)
    8000149c:	6902                	ld	s2,0(sp)
    8000149e:	6105                	addi	sp,sp,32
    800014a0:	8082                	ret
    800014a2:	0b040413          	addi	s0,s0,176
    800014a6:	b769                	j	80001430 <__sfp+0x22>
    800014a8:	4791                	li	a5,4
    800014aa:	00053023          	sd	zero,0(a0)
    800014ae:	c51c                	sw	a5,8(a0)
    800014b0:	0561                	addi	a0,a0,24
    800014b2:	e808                	sd	a0,16(s0)
    800014b4:	2c000613          	li	a2,704
    800014b8:	4581                	li	a1,0
    800014ba:	3dc000ef          	jal	80001896 <memset>
    800014be:	e080                	sd	s0,0(s1)
    800014c0:	6084                	ld	s1,0(s1)
    800014c2:	b7ad                	j	8000142c <__sfp+0x1e>

00000000800014c4 <__sinit>:
    800014c4:	613c                	ld	a5,64(a0)
    800014c6:	eb91                	bnez	a5,800014da <__sinit+0x16>
    800014c8:	00000797          	auipc	a5,0x0
    800014cc:	eb078793          	addi	a5,a5,-336 # 80001378 <cleanup_stdio>
    800014d0:	e13c                	sd	a5,64(a0)
    800014d2:	8601b783          	ld	a5,-1952(gp) # 80003d18 <__stdio_exit_handler>
    800014d6:	e391                	bnez	a5,800014da <__sinit+0x16>
    800014d8:	bdc5                	j	800013c8 <global_stdio_init.part.0>
    800014da:	8082                	ret

00000000800014dc <__sfp_lock_acquire>:
    800014dc:	8082                	ret

00000000800014de <__sfp_lock_release>:
    800014de:	8082                	ret

00000000800014e0 <__fp_lock_all>:
    800014e0:	00002617          	auipc	a2,0x2
    800014e4:	73060613          	addi	a2,a2,1840 # 80003c10 <__sglue>
    800014e8:	00000597          	auipc	a1,0x0
    800014ec:	e0c58593          	addi	a1,a1,-500 # 800012f4 <__fp_lock>
    800014f0:	4501                	li	a0,0
    800014f2:	a8b1                	j	8000154e <_fwalk_sglue>

00000000800014f4 <__fp_unlock_all>:
    800014f4:	00002617          	auipc	a2,0x2
    800014f8:	71c60613          	addi	a2,a2,1820 # 80003c10 <__sglue>
    800014fc:	00000597          	auipc	a1,0x0
    80001500:	f0e58593          	addi	a1,a1,-242 # 8000140a <__fp_unlock>
    80001504:	4501                	li	a0,0
    80001506:	a0a1                	j	8000154e <_fwalk_sglue>

0000000080001508 <_fiprintf_r>:
    80001508:	715d                	addi	sp,sp,-80
    8000150a:	f436                	sd	a3,40(sp)
    8000150c:	1034                	addi	a3,sp,40
    8000150e:	ec06                	sd	ra,24(sp)
    80001510:	f83a                	sd	a4,48(sp)
    80001512:	fc3e                	sd	a5,56(sp)
    80001514:	e0c2                	sd	a6,64(sp)
    80001516:	e4c6                	sd	a7,72(sp)
    80001518:	e436                	sd	a3,8(sp)
    8000151a:	4d2000ef          	jal	800019ec <_vfiprintf_r>
    8000151e:	60e2                	ld	ra,24(sp)
    80001520:	6161                	addi	sp,sp,80
    80001522:	8082                	ret

0000000080001524 <fiprintf>:
    80001524:	715d                	addi	sp,sp,-80
    80001526:	f032                	sd	a2,32(sp)
    80001528:	f436                	sd	a3,40(sp)
    8000152a:	862e                	mv	a2,a1
    8000152c:	1014                	addi	a3,sp,32
    8000152e:	85aa                	mv	a1,a0
    80001530:	00002517          	auipc	a0,0x2
    80001534:	78853503          	ld	a0,1928(a0) # 80003cb8 <_impure_ptr>
    80001538:	ec06                	sd	ra,24(sp)
    8000153a:	f83a                	sd	a4,48(sp)
    8000153c:	fc3e                	sd	a5,56(sp)
    8000153e:	e0c2                	sd	a6,64(sp)
    80001540:	e4c6                	sd	a7,72(sp)
    80001542:	e436                	sd	a3,8(sp)
    80001544:	4a8000ef          	jal	800019ec <_vfiprintf_r>
    80001548:	60e2                	ld	ra,24(sp)
    8000154a:	6161                	addi	sp,sp,80
    8000154c:	8082                	ret

000000008000154e <_fwalk_sglue>:
    8000154e:	715d                	addi	sp,sp,-80
    80001550:	e0a2                	sd	s0,64(sp)
    80001552:	fc26                	sd	s1,56(sp)
    80001554:	f44e                	sd	s3,40(sp)
    80001556:	f052                	sd	s4,32(sp)
    80001558:	e85a                	sd	s6,16(sp)
    8000155a:	e45e                	sd	s7,8(sp)
    8000155c:	e486                	sd	ra,72(sp)
    8000155e:	f84a                	sd	s2,48(sp)
    80001560:	ec56                	sd	s5,24(sp)
    80001562:	89aa                	mv	s3,a0
    80001564:	8a2e                	mv	s4,a1
    80001566:	8432                	mv	s0,a2
    80001568:	4481                	li	s1,0
    8000156a:	4b05                	li	s6,1
    8000156c:	5bfd                	li	s7,-1
    8000156e:	01043903          	ld	s2,16(s0)
    80001572:	00842a83          	lw	s5,8(s0)
    80001576:	3afd                	addiw	s5,s5,-1
    80001578:	020ad063          	bgez	s5,80001598 <_fwalk_sglue+0x4a>
    8000157c:	6000                	ld	s0,0(s0)
    8000157e:	f865                	bnez	s0,8000156e <_fwalk_sglue+0x20>
    80001580:	60a6                	ld	ra,72(sp)
    80001582:	6406                	ld	s0,64(sp)
    80001584:	7942                	ld	s2,48(sp)
    80001586:	79a2                	ld	s3,40(sp)
    80001588:	7a02                	ld	s4,32(sp)
    8000158a:	6ae2                	ld	s5,24(sp)
    8000158c:	6b42                	ld	s6,16(sp)
    8000158e:	6ba2                	ld	s7,8(sp)
    80001590:	8526                	mv	a0,s1
    80001592:	74e2                	ld	s1,56(sp)
    80001594:	6161                	addi	sp,sp,80
    80001596:	8082                	ret
    80001598:	01095783          	lhu	a5,16(s2)
    8000159c:	00fb7b63          	bgeu	s6,a5,800015b2 <_fwalk_sglue+0x64>
    800015a0:	01291783          	lh	a5,18(s2)
    800015a4:	01778763          	beq	a5,s7,800015b2 <_fwalk_sglue+0x64>
    800015a8:	85ca                	mv	a1,s2
    800015aa:	854e                	mv	a0,s3
    800015ac:	9a02                	jalr	s4
    800015ae:	8cc9                	or	s1,s1,a0
    800015b0:	2481                	sext.w	s1,s1
    800015b2:	0b090913          	addi	s2,s2,176
    800015b6:	b7c1                	j	80001576 <_fwalk_sglue+0x28>

00000000800015b8 <_iprintf_r>:
    800015b8:	715d                	addi	sp,sp,-80
    800015ba:	f032                	sd	a2,32(sp)
    800015bc:	f436                	sd	a3,40(sp)
    800015be:	f83a                	sd	a4,48(sp)
    800015c0:	fc3e                	sd	a5,56(sp)
    800015c2:	e0c2                	sd	a6,64(sp)
    800015c4:	e4c6                	sd	a7,72(sp)
    800015c6:	862e                	mv	a2,a1
    800015c8:	690c                	ld	a1,16(a0)
    800015ca:	1014                	addi	a3,sp,32
    800015cc:	ec06                	sd	ra,24(sp)
    800015ce:	e436                	sd	a3,8(sp)
    800015d0:	41c000ef          	jal	800019ec <_vfiprintf_r>
    800015d4:	60e2                	ld	ra,24(sp)
    800015d6:	6161                	addi	sp,sp,80
    800015d8:	8082                	ret

00000000800015da <iprintf>:
    800015da:	711d                	addi	sp,sp,-96
    800015dc:	f832                	sd	a2,48(sp)
    800015de:	fc36                	sd	a3,56(sp)
    800015e0:	e4be                	sd	a5,72(sp)
    800015e2:	f42e                	sd	a1,40(sp)
    800015e4:	e0ba                	sd	a4,64(sp)
    800015e6:	e8c2                	sd	a6,80(sp)
    800015e8:	ecc6                	sd	a7,88(sp)
    800015ea:	00002797          	auipc	a5,0x2
    800015ee:	6ce7b783          	ld	a5,1742(a5) # 80003cb8 <_impure_ptr>
    800015f2:	6b8c                	ld	a1,16(a5)
    800015f4:	1034                	addi	a3,sp,40
    800015f6:	862a                	mv	a2,a0
    800015f8:	853e                	mv	a0,a5
    800015fa:	ec06                	sd	ra,24(sp)
    800015fc:	e436                	sd	a3,8(sp)
    800015fe:	3ee000ef          	jal	800019ec <_vfiprintf_r>
    80001602:	60e2                	ld	ra,24(sp)
    80001604:	6125                	addi	sp,sp,96
    80001606:	8082                	ret

0000000080001608 <__sread>:
    80001608:	1141                	addi	sp,sp,-16
    8000160a:	e022                	sd	s0,0(sp)
    8000160c:	842e                	mv	s0,a1
    8000160e:	01259583          	lh	a1,18(a1)
    80001612:	e406                	sd	ra,8(sp)
    80001614:	202000ef          	jal	80001816 <_read_r>
    80001618:	00054963          	bltz	a0,8000162a <__sread+0x22>
    8000161c:	6c5c                	ld	a5,152(s0)
    8000161e:	97aa                	add	a5,a5,a0
    80001620:	ec5c                	sd	a5,152(s0)
    80001622:	60a2                	ld	ra,8(sp)
    80001624:	6402                	ld	s0,0(sp)
    80001626:	0141                	addi	sp,sp,16
    80001628:	8082                	ret
    8000162a:	01045783          	lhu	a5,16(s0)
    8000162e:	777d                	lui	a4,0xfffff
    80001630:	177d                	addi	a4,a4,-1 # ffffffffffffefff <__heap_end+0xffffffff7ffd6fff>
    80001632:	8ff9                	and	a5,a5,a4
    80001634:	00f41823          	sh	a5,16(s0)
    80001638:	b7ed                	j	80001622 <__sread+0x1a>

000000008000163a <__seofread>:
    8000163a:	4501                	li	a0,0
    8000163c:	8082                	ret

000000008000163e <__swrite>:
    8000163e:	0105d783          	lhu	a5,16(a1)
    80001642:	7179                	addi	sp,sp,-48
    80001644:	f022                	sd	s0,32(sp)
    80001646:	ec26                	sd	s1,24(sp)
    80001648:	e84a                	sd	s2,16(sp)
    8000164a:	e44e                	sd	s3,8(sp)
    8000164c:	f406                	sd	ra,40(sp)
    8000164e:	1007f793          	andi	a5,a5,256
    80001652:	84aa                	mv	s1,a0
    80001654:	842e                	mv	s0,a1
    80001656:	8932                	mv	s2,a2
    80001658:	89b6                	mv	s3,a3
    8000165a:	c799                	beqz	a5,80001668 <__swrite+0x2a>
    8000165c:	01259583          	lh	a1,18(a1)
    80001660:	4689                	li	a3,2
    80001662:	4601                	li	a2,0
    80001664:	186000ef          	jal	800017ea <_lseek_r>
    80001668:	01045783          	lhu	a5,16(s0)
    8000166c:	777d                	lui	a4,0xfffff
    8000166e:	177d                	addi	a4,a4,-1 # ffffffffffffefff <__heap_end+0xffffffff7ffd6fff>
    80001670:	8ff9                	and	a5,a5,a4
    80001672:	01241583          	lh	a1,18(s0)
    80001676:	00f41823          	sh	a5,16(s0)
    8000167a:	7402                	ld	s0,32(sp)
    8000167c:	70a2                	ld	ra,40(sp)
    8000167e:	86ce                	mv	a3,s3
    80001680:	864a                	mv	a2,s2
    80001682:	69a2                	ld	s3,8(sp)
    80001684:	6942                	ld	s2,16(sp)
    80001686:	8526                	mv	a0,s1
    80001688:	64e2                	ld	s1,24(sp)
    8000168a:	6145                	addi	sp,sp,48
    8000168c:	aaf9                	j	8000186a <_write_r>

000000008000168e <__sseek>:
    8000168e:	1141                	addi	sp,sp,-16
    80001690:	e022                	sd	s0,0(sp)
    80001692:	842e                	mv	s0,a1
    80001694:	01259583          	lh	a1,18(a1)
    80001698:	e406                	sd	ra,8(sp)
    8000169a:	150000ef          	jal	800017ea <_lseek_r>
    8000169e:	577d                	li	a4,-1
    800016a0:	01045783          	lhu	a5,16(s0)
    800016a4:	00e51b63          	bne	a0,a4,800016ba <__sseek+0x2c>
    800016a8:	777d                	lui	a4,0xfffff
    800016aa:	177d                	addi	a4,a4,-1 # ffffffffffffefff <__heap_end+0xffffffff7ffd6fff>
    800016ac:	8ff9                	and	a5,a5,a4
    800016ae:	00f41823          	sh	a5,16(s0)
    800016b2:	60a2                	ld	ra,8(sp)
    800016b4:	6402                	ld	s0,0(sp)
    800016b6:	0141                	addi	sp,sp,16
    800016b8:	8082                	ret
    800016ba:	6705                	lui	a4,0x1
    800016bc:	8fd9                	or	a5,a5,a4
    800016be:	00f41823          	sh	a5,16(s0)
    800016c2:	ec48                	sd	a0,152(s0)
    800016c4:	b7fd                	j	800016b2 <__sseek+0x24>

00000000800016c6 <__sclose>:
    800016c6:	01259583          	lh	a1,18(a1)
    800016ca:	a025                	j	800016f2 <_close_r>

00000000800016cc <memcmp>:
    800016cc:	4701                	li	a4,0
    800016ce:	00e61463          	bne	a2,a4,800016d6 <memcmp+0xa>
    800016d2:	4501                	li	a0,0
    800016d4:	8082                	ret
    800016d6:	00e507b3          	add	a5,a0,a4
    800016da:	0705                	addi	a4,a4,1 # 1001 <__stack_align+0xff1>
    800016dc:	00e586b3          	add	a3,a1,a4
    800016e0:	0007c783          	lbu	a5,0(a5)
    800016e4:	fff6c683          	lbu	a3,-1(a3)
    800016e8:	fed783e3          	beq	a5,a3,800016ce <memcmp+0x2>
    800016ec:	40d7853b          	subw	a0,a5,a3
    800016f0:	8082                	ret

00000000800016f2 <_close_r>:
    800016f2:	1141                	addi	sp,sp,-16
    800016f4:	e022                	sd	s0,0(sp)
    800016f6:	842a                	mv	s0,a0
    800016f8:	852e                	mv	a0,a1
    800016fa:	8601a423          	sw	zero,-1944(gp) # 80003d20 <errno>
    800016fe:	e406                	sd	ra,8(sp)
    80001700:	2da010ef          	jal	800029da <_close>
    80001704:	57fd                	li	a5,-1
    80001706:	00f51663          	bne	a0,a5,80001712 <_close_r+0x20>
    8000170a:	8681a783          	lw	a5,-1944(gp) # 80003d20 <errno>
    8000170e:	c391                	beqz	a5,80001712 <_close_r+0x20>
    80001710:	c01c                	sw	a5,0(s0)
    80001712:	60a2                	ld	ra,8(sp)
    80001714:	6402                	ld	s0,0(sp)
    80001716:	0141                	addi	sp,sp,16
    80001718:	8082                	ret

000000008000171a <_reclaim_reent>:
    8000171a:	00002797          	auipc	a5,0x2
    8000171e:	59e7b783          	ld	a5,1438(a5) # 80003cb8 <_impure_ptr>
    80001722:	0ca78363          	beq	a5,a0,800017e8 <_reclaim_reent+0xce>
    80001726:	7d1c                	ld	a5,56(a0)
    80001728:	7179                	addi	sp,sp,-48
    8000172a:	f022                	sd	s0,32(sp)
    8000172c:	f406                	sd	ra,40(sp)
    8000172e:	ec26                	sd	s1,24(sp)
    80001730:	e84a                	sd	s2,16(sp)
    80001732:	e44e                	sd	s3,8(sp)
    80001734:	842a                	mv	s0,a0
    80001736:	cb8d                	beqz	a5,80001768 <_reclaim_reent+0x4e>
    80001738:	6f9c                	ld	a5,24(a5)
    8000173a:	c38d                	beqz	a5,8000175c <_reclaim_reent+0x42>
    8000173c:	4481                	li	s1,0
    8000173e:	20000913          	li	s2,512
    80001742:	7c1c                	ld	a5,56(s0)
    80001744:	6f9c                	ld	a5,24(a5)
    80001746:	97a6                	add	a5,a5,s1
    80001748:	638c                	ld	a1,0(a5)
    8000174a:	e1c9                	bnez	a1,800017cc <_reclaim_reent+0xb2>
    8000174c:	04a1                	addi	s1,s1,8
    8000174e:	ff249ae3          	bne	s1,s2,80001742 <_reclaim_reent+0x28>
    80001752:	7c1c                	ld	a5,56(s0)
    80001754:	8522                	mv	a0,s0
    80001756:	6f8c                	ld	a1,24(a5)
    80001758:	15e000ef          	jal	800018b6 <_free_r>
    8000175c:	7c1c                	ld	a5,56(s0)
    8000175e:	638c                	ld	a1,0(a5)
    80001760:	c581                	beqz	a1,80001768 <_reclaim_reent+0x4e>
    80001762:	8522                	mv	a0,s0
    80001764:	152000ef          	jal	800018b6 <_free_r>
    80001768:	740c                	ld	a1,40(s0)
    8000176a:	c581                	beqz	a1,80001772 <_reclaim_reent+0x58>
    8000176c:	8522                	mv	a0,s0
    8000176e:	148000ef          	jal	800018b6 <_free_r>
    80001772:	7c0c                	ld	a1,56(s0)
    80001774:	c581                	beqz	a1,8000177c <_reclaim_reent+0x62>
    80001776:	8522                	mv	a0,s0
    80001778:	13e000ef          	jal	800018b6 <_free_r>
    8000177c:	6c2c                	ld	a1,88(s0)
    8000177e:	c581                	beqz	a1,80001786 <_reclaim_reent+0x6c>
    80001780:	8522                	mv	a0,s0
    80001782:	134000ef          	jal	800018b6 <_free_r>
    80001786:	702c                	ld	a1,96(s0)
    80001788:	c581                	beqz	a1,80001790 <_reclaim_reent+0x76>
    8000178a:	8522                	mv	a0,s0
    8000178c:	12a000ef          	jal	800018b6 <_free_r>
    80001790:	742c                	ld	a1,104(s0)
    80001792:	c581                	beqz	a1,8000179a <_reclaim_reent+0x80>
    80001794:	8522                	mv	a0,s0
    80001796:	120000ef          	jal	800018b6 <_free_r>
    8000179a:	644c                	ld	a1,136(s0)
    8000179c:	c581                	beqz	a1,800017a4 <_reclaim_reent+0x8a>
    8000179e:	8522                	mv	a0,s0
    800017a0:	116000ef          	jal	800018b6 <_free_r>
    800017a4:	604c                	ld	a1,128(s0)
    800017a6:	c581                	beqz	a1,800017ae <_reclaim_reent+0x94>
    800017a8:	8522                	mv	a0,s0
    800017aa:	10c000ef          	jal	800018b6 <_free_r>
    800017ae:	682c                	ld	a1,80(s0)
    800017b0:	c581                	beqz	a1,800017b8 <_reclaim_reent+0x9e>
    800017b2:	8522                	mv	a0,s0
    800017b4:	102000ef          	jal	800018b6 <_free_r>
    800017b8:	603c                	ld	a5,64(s0)
    800017ba:	c385                	beqz	a5,800017da <_reclaim_reent+0xc0>
    800017bc:	8522                	mv	a0,s0
    800017be:	7402                	ld	s0,32(sp)
    800017c0:	70a2                	ld	ra,40(sp)
    800017c2:	64e2                	ld	s1,24(sp)
    800017c4:	6942                	ld	s2,16(sp)
    800017c6:	69a2                	ld	s3,8(sp)
    800017c8:	6145                	addi	sp,sp,48
    800017ca:	8782                	jr	a5
    800017cc:	0005b983          	ld	s3,0(a1)
    800017d0:	8522                	mv	a0,s0
    800017d2:	0e4000ef          	jal	800018b6 <_free_r>
    800017d6:	85ce                	mv	a1,s3
    800017d8:	bf8d                	j	8000174a <_reclaim_reent+0x30>
    800017da:	70a2                	ld	ra,40(sp)
    800017dc:	7402                	ld	s0,32(sp)
    800017de:	64e2                	ld	s1,24(sp)
    800017e0:	6942                	ld	s2,16(sp)
    800017e2:	69a2                	ld	s3,8(sp)
    800017e4:	6145                	addi	sp,sp,48
    800017e6:	8082                	ret
    800017e8:	8082                	ret

00000000800017ea <_lseek_r>:
    800017ea:	1141                	addi	sp,sp,-16
    800017ec:	e022                	sd	s0,0(sp)
    800017ee:	842a                	mv	s0,a0
    800017f0:	852e                	mv	a0,a1
    800017f2:	85b2                	mv	a1,a2
    800017f4:	8636                	mv	a2,a3
    800017f6:	8601a423          	sw	zero,-1944(gp) # 80003d20 <errno>
    800017fa:	e406                	sd	ra,8(sp)
    800017fc:	248010ef          	jal	80002a44 <_lseek>
    80001800:	57fd                	li	a5,-1
    80001802:	00f51663          	bne	a0,a5,8000180e <_lseek_r+0x24>
    80001806:	8681a783          	lw	a5,-1944(gp) # 80003d20 <errno>
    8000180a:	c391                	beqz	a5,8000180e <_lseek_r+0x24>
    8000180c:	c01c                	sw	a5,0(s0)
    8000180e:	60a2                	ld	ra,8(sp)
    80001810:	6402                	ld	s0,0(sp)
    80001812:	0141                	addi	sp,sp,16
    80001814:	8082                	ret

0000000080001816 <_read_r>:
    80001816:	1141                	addi	sp,sp,-16
    80001818:	e022                	sd	s0,0(sp)
    8000181a:	842a                	mv	s0,a0
    8000181c:	852e                	mv	a0,a1
    8000181e:	85b2                	mv	a1,a2
    80001820:	8636                	mv	a2,a3
    80001822:	8601a423          	sw	zero,-1944(gp) # 80003d20 <errno>
    80001826:	e406                	sd	ra,8(sp)
    80001828:	230010ef          	jal	80002a58 <_read>
    8000182c:	57fd                	li	a5,-1
    8000182e:	00f51663          	bne	a0,a5,8000183a <_read_r+0x24>
    80001832:	8681a783          	lw	a5,-1944(gp) # 80003d20 <errno>
    80001836:	c391                	beqz	a5,8000183a <_read_r+0x24>
    80001838:	c01c                	sw	a5,0(s0)
    8000183a:	60a2                	ld	ra,8(sp)
    8000183c:	6402                	ld	s0,0(sp)
    8000183e:	0141                	addi	sp,sp,16
    80001840:	8082                	ret

0000000080001842 <_sbrk_r>:
    80001842:	1141                	addi	sp,sp,-16
    80001844:	e022                	sd	s0,0(sp)
    80001846:	842a                	mv	s0,a0
    80001848:	852e                	mv	a0,a1
    8000184a:	8601a423          	sw	zero,-1944(gp) # 80003d20 <errno>
    8000184e:	e406                	sd	ra,8(sp)
    80001850:	21e010ef          	jal	80002a6e <_sbrk>
    80001854:	57fd                	li	a5,-1
    80001856:	00f51663          	bne	a0,a5,80001862 <_sbrk_r+0x20>
    8000185a:	8681a783          	lw	a5,-1944(gp) # 80003d20 <errno>
    8000185e:	c391                	beqz	a5,80001862 <_sbrk_r+0x20>
    80001860:	c01c                	sw	a5,0(s0)
    80001862:	60a2                	ld	ra,8(sp)
    80001864:	6402                	ld	s0,0(sp)
    80001866:	0141                	addi	sp,sp,16
    80001868:	8082                	ret

000000008000186a <_write_r>:
    8000186a:	1141                	addi	sp,sp,-16
    8000186c:	e022                	sd	s0,0(sp)
    8000186e:	842a                	mv	s0,a0
    80001870:	852e                	mv	a0,a1
    80001872:	85b2                	mv	a1,a2
    80001874:	8636                	mv	a2,a3
    80001876:	8601a423          	sw	zero,-1944(gp) # 80003d20 <errno>
    8000187a:	e406                	sd	ra,8(sp)
    8000187c:	232010ef          	jal	80002aae <_write>
    80001880:	57fd                	li	a5,-1
    80001882:	00f51663          	bne	a0,a5,8000188e <_write_r+0x24>
    80001886:	8681a783          	lw	a5,-1944(gp) # 80003d20 <errno>
    8000188a:	c391                	beqz	a5,8000188e <_write_r+0x24>
    8000188c:	c01c                	sw	a5,0(s0)
    8000188e:	60a2                	ld	ra,8(sp)
    80001890:	6402                	ld	s0,0(sp)
    80001892:	0141                	addi	sp,sp,16
    80001894:	8082                	ret

0000000080001896 <memset>:
    80001896:	832a                	mv	t1,a0
    80001898:	c611                	beqz	a2,800018a4 <memset+0xe>
    8000189a:	00b30023          	sb	a1,0(t1)
    8000189e:	167d                	addi	a2,a2,-1
    800018a0:	0305                	addi	t1,t1,1
    800018a2:	fe65                	bnez	a2,8000189a <memset+0x4>
    800018a4:	8082                	ret

00000000800018a6 <abort>:
    800018a6:	1141                	addi	sp,sp,-16
    800018a8:	4519                	li	a0,6
    800018aa:	e406                	sd	ra,8(sp)
    800018ac:	6b3000ef          	jal	8000275e <raise>
    800018b0:	4505                	li	a0,1
    800018b2:	13c010ef          	jal	800029ee <_exit>

00000000800018b6 <_free_r>:
    800018b6:	c1c5                	beqz	a1,80001956 <_free_r+0xa0>
    800018b8:	ff85b783          	ld	a5,-8(a1)
    800018bc:	1101                	addi	sp,sp,-32
    800018be:	e822                	sd	s0,16(sp)
    800018c0:	ec06                	sd	ra,24(sp)
    800018c2:	ff858413          	addi	s0,a1,-8
    800018c6:	0007d363          	bgez	a5,800018cc <_free_r+0x16>
    800018ca:	943e                	add	s0,s0,a5
    800018cc:	e42a                	sd	a0,8(sp)
    800018ce:	a23ff0ef          	jal	800012f0 <__malloc_lock>
    800018d2:	85818713          	addi	a4,gp,-1960 # 80003d10 <__malloc_free_list>
    800018d6:	631c                	ld	a5,0(a4)
    800018d8:	6522                	ld	a0,8(sp)
    800018da:	eb89                	bnez	a5,800018ec <_free_r+0x36>
    800018dc:	00043423          	sd	zero,8(s0)
    800018e0:	e300                	sd	s0,0(a4)
    800018e2:	6442                	ld	s0,16(sp)
    800018e4:	60e2                	ld	ra,24(sp)
    800018e6:	6105                	addi	sp,sp,32
    800018e8:	a0bff06f          	j	800012f2 <__malloc_unlock>
    800018ec:	00f47d63          	bgeu	s0,a5,80001906 <_free_r+0x50>
    800018f0:	6010                	ld	a2,0(s0)
    800018f2:	00c406b3          	add	a3,s0,a2
    800018f6:	00d79663          	bne	a5,a3,80001902 <_free_r+0x4c>
    800018fa:	6394                	ld	a3,0(a5)
    800018fc:	679c                	ld	a5,8(a5)
    800018fe:	96b2                	add	a3,a3,a2
    80001900:	e014                	sd	a3,0(s0)
    80001902:	e41c                	sd	a5,8(s0)
    80001904:	bff1                	j	800018e0 <_free_r+0x2a>
    80001906:	873e                	mv	a4,a5
    80001908:	679c                	ld	a5,8(a5)
    8000190a:	c399                	beqz	a5,80001910 <_free_r+0x5a>
    8000190c:	fef47de3          	bgeu	s0,a5,80001906 <_free_r+0x50>
    80001910:	6314                	ld	a3,0(a4)
    80001912:	00d70633          	add	a2,a4,a3
    80001916:	00861f63          	bne	a2,s0,80001934 <_free_r+0x7e>
    8000191a:	6010                	ld	a2,0(s0)
    8000191c:	96b2                	add	a3,a3,a2
    8000191e:	e314                	sd	a3,0(a4)
    80001920:	00d70633          	add	a2,a4,a3
    80001924:	fac79fe3          	bne	a5,a2,800018e2 <_free_r+0x2c>
    80001928:	6390                	ld	a2,0(a5)
    8000192a:	679c                	ld	a5,8(a5)
    8000192c:	96b2                	add	a3,a3,a2
    8000192e:	e314                	sd	a3,0(a4)
    80001930:	e71c                	sd	a5,8(a4)
    80001932:	bf45                	j	800018e2 <_free_r+0x2c>
    80001934:	00c47563          	bgeu	s0,a2,8000193e <_free_r+0x88>
    80001938:	47b1                	li	a5,12
    8000193a:	c11c                	sw	a5,0(a0)
    8000193c:	b75d                	j	800018e2 <_free_r+0x2c>
    8000193e:	6010                	ld	a2,0(s0)
    80001940:	00c406b3          	add	a3,s0,a2
    80001944:	00d79663          	bne	a5,a3,80001950 <_free_r+0x9a>
    80001948:	6394                	ld	a3,0(a5)
    8000194a:	679c                	ld	a5,8(a5)
    8000194c:	96b2                	add	a3,a3,a2
    8000194e:	e014                	sd	a3,0(s0)
    80001950:	e41c                	sd	a5,8(s0)
    80001952:	e700                	sd	s0,8(a4)
    80001954:	b779                	j	800018e2 <_free_r+0x2c>
    80001956:	8082                	ret

0000000080001958 <__sfputc_r>:
    80001958:	465c                	lw	a5,12(a2)
    8000195a:	fff7871b          	addiw	a4,a5,-1
    8000195e:	c658                	sw	a4,12(a2)
    80001960:	00075a63          	bgez	a4,80001974 <__sfputc_r+0x1c>
    80001964:	561c                	lw	a5,40(a2)
    80001966:	00f74563          	blt	a4,a5,80001970 <__sfputc_r+0x18>
    8000196a:	47a9                	li	a5,10
    8000196c:	00f59463          	bne	a1,a5,80001974 <__sfputc_r+0x1c>
    80001970:	3290006f          	j	80002498 <__swbuf_r>
    80001974:	621c                	ld	a5,0(a2)
    80001976:	852e                	mv	a0,a1
    80001978:	00178713          	addi	a4,a5,1
    8000197c:	e218                	sd	a4,0(a2)
    8000197e:	00b78023          	sb	a1,0(a5)
    80001982:	8082                	ret

0000000080001984 <__sfputs_r>:
    80001984:	7179                	addi	sp,sp,-48
    80001986:	f022                	sd	s0,32(sp)
    80001988:	ec26                	sd	s1,24(sp)
    8000198a:	e84a                	sd	s2,16(sp)
    8000198c:	e44e                	sd	s3,8(sp)
    8000198e:	e052                	sd	s4,0(sp)
    80001990:	f406                	sd	ra,40(sp)
    80001992:	892a                	mv	s2,a0
    80001994:	89ae                	mv	s3,a1
    80001996:	8432                	mv	s0,a2
    80001998:	00d604b3          	add	s1,a2,a3
    8000199c:	5a7d                	li	s4,-1
    8000199e:	00941463          	bne	s0,s1,800019a6 <__sfputs_r+0x22>
    800019a2:	4501                	li	a0,0
    800019a4:	a811                	j	800019b8 <__sfputs_r+0x34>
    800019a6:	00044583          	lbu	a1,0(s0)
    800019aa:	864e                	mv	a2,s3
    800019ac:	854a                	mv	a0,s2
    800019ae:	fabff0ef          	jal	80001958 <__sfputc_r>
    800019b2:	0405                	addi	s0,s0,1
    800019b4:	ff4515e3          	bne	a0,s4,8000199e <__sfputs_r+0x1a>
    800019b8:	70a2                	ld	ra,40(sp)
    800019ba:	7402                	ld	s0,32(sp)
    800019bc:	64e2                	ld	s1,24(sp)
    800019be:	6942                	ld	s2,16(sp)
    800019c0:	69a2                	ld	s3,8(sp)
    800019c2:	6a02                	ld	s4,0(sp)
    800019c4:	6145                	addi	sp,sp,48
    800019c6:	8082                	ret

00000000800019c8 <__sprint_r>:
    800019c8:	6a1c                	ld	a5,16(a2)
    800019ca:	1141                	addi	sp,sp,-16
    800019cc:	e022                	sd	s0,0(sp)
    800019ce:	e406                	sd	ra,8(sp)
    800019d0:	8432                	mv	s0,a2
    800019d2:	cb99                	beqz	a5,800019e8 <__sprint_r+0x20>
    800019d4:	7ee000ef          	jal	800021c2 <__sfvwrite_r>
    800019d8:	00043823          	sd	zero,16(s0)
    800019dc:	60a2                	ld	ra,8(sp)
    800019de:	00042423          	sw	zero,8(s0)
    800019e2:	6402                	ld	s0,0(sp)
    800019e4:	0141                	addi	sp,sp,16
    800019e6:	8082                	ret
    800019e8:	4501                	li	a0,0
    800019ea:	bfcd                	j	800019dc <__sprint_r+0x14>

00000000800019ec <_vfiprintf_r>:
    800019ec:	7155                	addi	sp,sp,-208
    800019ee:	e1a2                	sd	s0,192(sp)
    800019f0:	fd26                	sd	s1,184(sp)
    800019f2:	f94a                	sd	s2,176(sp)
    800019f4:	f54e                	sd	s3,168(sp)
    800019f6:	f152                	sd	s4,160(sp)
    800019f8:	e586                	sd	ra,200(sp)
    800019fa:	ed56                	sd	s5,152(sp)
    800019fc:	e95a                	sd	s6,144(sp)
    800019fe:	e55e                	sd	s7,136(sp)
    80001a00:	e162                	sd	s8,128(sp)
    80001a02:	fce6                	sd	s9,120(sp)
    80001a04:	f8ea                	sd	s10,112(sp)
    80001a06:	8a2a                	mv	s4,a0
    80001a08:	892e                	mv	s2,a1
    80001a0a:	84b2                	mv	s1,a2
    80001a0c:	8436                	mv	s0,a3
    80001a0e:	4981                	li	s3,0
    80001a10:	c509                	beqz	a0,80001a1a <_vfiprintf_r+0x2e>
    80001a12:	613c                	ld	a5,64(a0)
    80001a14:	e399                	bnez	a5,80001a1a <_vfiprintf_r+0x2e>
    80001a16:	aafff0ef          	jal	800014c4 <__sinit>
    80001a1a:	01095783          	lhu	a5,16(s2)
    80001a1e:	8ba1                	andi	a5,a5,8
    80001a20:	cbe1                	beqz	a5,80001af0 <_vfiprintf_r+0x104>
    80001a22:	01893783          	ld	a5,24(s2)
    80001a26:	c7e9                	beqz	a5,80001af0 <_vfiprintf_r+0x104>
    80001a28:	02000793          	li	a5,32
    80001a2c:	02f104a3          	sb	a5,41(sp)
    80001a30:	5afd                	li	s5,-1
    80001a32:	03000793          	li	a5,48
    80001a36:	d202                	sw	zero,36(sp)
    80001a38:	02f10523          	sb	a5,42(sp)
    80001a3c:	e422                	sd	s0,8(sp)
    80001a3e:	02500b93          	li	s7,37
    80001a42:	020a9c13          	slli	s8,s5,0x20
    80001a46:	00001b17          	auipc	s6,0x1
    80001a4a:	442b0b13          	addi	s6,s6,1090 # 80002e88 <__tbss_end+0x16a>
    80001a4e:	4c85                	li	s9,1
    80001a50:	8426                	mv	s0,s1
    80001a52:	00044783          	lbu	a5,0(s0)
    80001a56:	c399                	beqz	a5,80001a5c <_vfiprintf_r+0x70>
    80001a58:	0d779063          	bne	a5,s7,80001b18 <_vfiprintf_r+0x12c>
    80001a5c:	40940d3b          	subw	s10,s0,s1
    80001a60:	000d0e63          	beqz	s10,80001a7c <_vfiprintf_r+0x90>
    80001a64:	86ea                	mv	a3,s10
    80001a66:	8626                	mv	a2,s1
    80001a68:	85ca                	mv	a1,s2
    80001a6a:	8552                	mv	a0,s4
    80001a6c:	f19ff0ef          	jal	80001984 <__sfputs_r>
    80001a70:	1d550963          	beq	a0,s5,80001c42 <_vfiprintf_r+0x256>
    80001a74:	5792                	lw	a5,36(sp)
    80001a76:	01a787bb          	addw	a5,a5,s10
    80001a7a:	d23e                	sw	a5,36(sp)
    80001a7c:	00044783          	lbu	a5,0(s0)
    80001a80:	1c078163          	beqz	a5,80001c42 <_vfiprintf_r+0x256>
    80001a84:	00140493          	addi	s1,s0,1
    80001a88:	e862                	sd	s8,16(sp)
    80001a8a:	ec02                	sd	zero,24(sp)
    80001a8c:	040109a3          	sb	zero,83(sp)
    80001a90:	d482                	sw	zero,104(sp)
    80001a92:	0004c583          	lbu	a1,0(s1)
    80001a96:	4615                	li	a2,5
    80001a98:	855a                	mv	a0,s6
    80001a9a:	377000ef          	jal	80002610 <memchr>
    80001a9e:	47c2                	lw	a5,16(sp)
    80001aa0:	00148413          	addi	s0,s1,1
    80001aa4:	ed25                	bnez	a0,80001b1c <_vfiprintf_r+0x130>
    80001aa6:	0107f713          	andi	a4,a5,16
    80001aaa:	c709                	beqz	a4,80001ab4 <_vfiprintf_r+0xc8>
    80001aac:	02000713          	li	a4,32
    80001ab0:	04e109a3          	sb	a4,83(sp)
    80001ab4:	0087f713          	andi	a4,a5,8
    80001ab8:	c709                	beqz	a4,80001ac2 <_vfiprintf_r+0xd6>
    80001aba:	02b00713          	li	a4,43
    80001abe:	04e109a3          	sb	a4,83(sp)
    80001ac2:	0004c683          	lbu	a3,0(s1)
    80001ac6:	02a00713          	li	a4,42
    80001aca:	06e68163          	beq	a3,a4,80001b2c <_vfiprintf_r+0x140>
    80001ace:	47f2                	lw	a5,28(sp)
    80001ad0:	8426                	mv	s0,s1
    80001ad2:	4681                	li	a3,0
    80001ad4:	4625                	li	a2,9
    80001ad6:	4829                	li	a6,10
    80001ad8:	00044703          	lbu	a4,0(s0)
    80001adc:	00140513          	addi	a0,s0,1
    80001ae0:	fd07059b          	addiw	a1,a4,-48
    80001ae4:	872e                	mv	a4,a1
    80001ae6:	08b67a63          	bgeu	a2,a1,80001b7a <_vfiprintf_r+0x18e>
    80001aea:	caa9                	beqz	a3,80001b3c <_vfiprintf_r+0x150>
    80001aec:	ce3e                	sw	a5,28(sp)
    80001aee:	a0b9                	j	80001b3c <_vfiprintf_r+0x150>
    80001af0:	85ca                	mv	a1,s2
    80001af2:	8552                	mv	a0,s4
    80001af4:	24f000ef          	jal	80002542 <__swsetup_r>
    80001af8:	d905                	beqz	a0,80001a28 <_vfiprintf_r+0x3c>
    80001afa:	557d                	li	a0,-1
    80001afc:	60ae                	ld	ra,200(sp)
    80001afe:	640e                	ld	s0,192(sp)
    80001b00:	74ea                	ld	s1,184(sp)
    80001b02:	794a                	ld	s2,176(sp)
    80001b04:	79aa                	ld	s3,168(sp)
    80001b06:	7a0a                	ld	s4,160(sp)
    80001b08:	6aea                	ld	s5,152(sp)
    80001b0a:	6b4a                	ld	s6,144(sp)
    80001b0c:	6baa                	ld	s7,136(sp)
    80001b0e:	6c0a                	ld	s8,128(sp)
    80001b10:	7ce6                	ld	s9,120(sp)
    80001b12:	7d46                	ld	s10,112(sp)
    80001b14:	6169                	addi	sp,sp,208
    80001b16:	8082                	ret
    80001b18:	0405                	addi	s0,s0,1
    80001b1a:	bf25                	j	80001a52 <_vfiprintf_r+0x66>
    80001b1c:	41650533          	sub	a0,a0,s6
    80001b20:	00ac953b          	sllw	a0,s9,a0
    80001b24:	8fc9                	or	a5,a5,a0
    80001b26:	c83e                	sw	a5,16(sp)
    80001b28:	84a2                	mv	s1,s0
    80001b2a:	b7a5                	j	80001a92 <_vfiprintf_r+0xa6>
    80001b2c:	6722                	ld	a4,8(sp)
    80001b2e:	00870693          	addi	a3,a4,8
    80001b32:	4318                	lw	a4,0(a4)
    80001b34:	e436                	sd	a3,8(sp)
    80001b36:	02074b63          	bltz	a4,80001b6c <_vfiprintf_r+0x180>
    80001b3a:	ce3a                	sw	a4,28(sp)
    80001b3c:	00044703          	lbu	a4,0(s0)
    80001b40:	02e00793          	li	a5,46
    80001b44:	06f71163          	bne	a4,a5,80001ba6 <_vfiprintf_r+0x1ba>
    80001b48:	00144703          	lbu	a4,1(s0)
    80001b4c:	02a00793          	li	a5,42
    80001b50:	02f71b63          	bne	a4,a5,80001b86 <_vfiprintf_r+0x19a>
    80001b54:	67a2                	ld	a5,8(sp)
    80001b56:	0409                	addi	s0,s0,2
    80001b58:	00878713          	addi	a4,a5,8
    80001b5c:	e43a                	sd	a4,8(sp)
    80001b5e:	4398                	lw	a4,0(a5)
    80001b60:	87ba                	mv	a5,a4
    80001b62:	00075363          	bgez	a4,80001b68 <_vfiprintf_r+0x17c>
    80001b66:	57fd                	li	a5,-1
    80001b68:	ca3e                	sw	a5,20(sp)
    80001b6a:	a835                	j	80001ba6 <_vfiprintf_r+0x1ba>
    80001b6c:	40e0073b          	negw	a4,a4
    80001b70:	0027e793          	ori	a5,a5,2
    80001b74:	ce3a                	sw	a4,28(sp)
    80001b76:	c83e                	sw	a5,16(sp)
    80001b78:	b7d1                	j	80001b3c <_vfiprintf_r+0x150>
    80001b7a:	02f807bb          	mulw	a5,a6,a5
    80001b7e:	842a                	mv	s0,a0
    80001b80:	4685                	li	a3,1
    80001b82:	9fb9                	addw	a5,a5,a4
    80001b84:	bf91                	j	80001ad8 <_vfiprintf_r+0xec>
    80001b86:	0405                	addi	s0,s0,1
    80001b88:	ca02                	sw	zero,20(sp)
    80001b8a:	4681                	li	a3,0
    80001b8c:	4781                	li	a5,0
    80001b8e:	4625                	li	a2,9
    80001b90:	4829                	li	a6,10
    80001b92:	00044703          	lbu	a4,0(s0)
    80001b96:	00140513          	addi	a0,s0,1
    80001b9a:	fd07059b          	addiw	a1,a4,-48
    80001b9e:	872e                	mv	a4,a1
    80001ba0:	06b67c63          	bgeu	a2,a1,80001c18 <_vfiprintf_r+0x22c>
    80001ba4:	f2f1                	bnez	a3,80001b68 <_vfiprintf_r+0x17c>
    80001ba6:	00044583          	lbu	a1,0(s0)
    80001baa:	460d                	li	a2,3
    80001bac:	00001517          	auipc	a0,0x1
    80001bb0:	2e450513          	addi	a0,a0,740 # 80002e90 <__tbss_end+0x172>
    80001bb4:	25d000ef          	jal	80002610 <memchr>
    80001bb8:	cd11                	beqz	a0,80001bd4 <_vfiprintf_r+0x1e8>
    80001bba:	00001797          	auipc	a5,0x1
    80001bbe:	2d678793          	addi	a5,a5,726 # 80002e90 <__tbss_end+0x172>
    80001bc2:	8d1d                	sub	a0,a0,a5
    80001bc4:	47c2                	lw	a5,16(sp)
    80001bc6:	04000713          	li	a4,64
    80001bca:	00a7173b          	sllw	a4,a4,a0
    80001bce:	8fd9                	or	a5,a5,a4
    80001bd0:	0405                	addi	s0,s0,1
    80001bd2:	c83e                	sw	a5,16(sp)
    80001bd4:	00044583          	lbu	a1,0(s0)
    80001bd8:	4619                	li	a2,6
    80001bda:	00001517          	auipc	a0,0x1
    80001bde:	2be50513          	addi	a0,a0,702 # 80002e98 <__tbss_end+0x17a>
    80001be2:	00140493          	addi	s1,s0,1
    80001be6:	02b10423          	sb	a1,40(sp)
    80001bea:	227000ef          	jal	80002610 <memchr>
    80001bee:	c135                	beqz	a0,80001c52 <_vfiprintf_r+0x266>
    80001bf0:	00000793          	li	a5,0
    80001bf4:	eb85                	bnez	a5,80001c24 <_vfiprintf_r+0x238>
    80001bf6:	4742                	lw	a4,16(sp)
    80001bf8:	67a2                	ld	a5,8(sp)
    80001bfa:	10077713          	andi	a4,a4,256
    80001bfe:	00878693          	addi	a3,a5,8
    80001c02:	c709                	beqz	a4,80001c0c <_vfiprintf_r+0x220>
    80001c04:	07bd                	addi	a5,a5,15
    80001c06:	9bc1                	andi	a5,a5,-16
    80001c08:	01078693          	addi	a3,a5,16
    80001c0c:	e436                	sd	a3,8(sp)
    80001c0e:	5792                	lw	a5,36(sp)
    80001c10:	013787bb          	addw	a5,a5,s3
    80001c14:	d23e                	sw	a5,36(sp)
    80001c16:	bd2d                	j	80001a50 <_vfiprintf_r+0x64>
    80001c18:	02f807bb          	mulw	a5,a6,a5
    80001c1c:	842a                	mv	s0,a0
    80001c1e:	4685                	li	a3,1
    80001c20:	9fb9                	addw	a5,a5,a4
    80001c22:	bf85                	j	80001b92 <_vfiprintf_r+0x1a6>
    80001c24:	0038                	addi	a4,sp,8
    80001c26:	00000697          	auipc	a3,0x0
    80001c2a:	d5e68693          	addi	a3,a3,-674 # 80001984 <__sfputs_r>
    80001c2e:	864a                	mv	a2,s2
    80001c30:	080c                	addi	a1,sp,16
    80001c32:	8552                	mv	a0,s4
    80001c34:	00000097          	auipc	ra,0x0
    80001c38:	000000e7          	jalr	zero # 0 <__boot_hart>
    80001c3c:	89aa                	mv	s3,a0
    80001c3e:	fd5518e3          	bne	a0,s5,80001c0e <_vfiprintf_r+0x222>
    80001c42:	01095783          	lhu	a5,16(s2)
    80001c46:	0407f793          	andi	a5,a5,64
    80001c4a:	ea0798e3          	bnez	a5,80001afa <_vfiprintf_r+0x10e>
    80001c4e:	5512                	lw	a0,36(sp)
    80001c50:	b575                	j	80001afc <_vfiprintf_r+0x110>
    80001c52:	0038                	addi	a4,sp,8
    80001c54:	00000697          	auipc	a3,0x0
    80001c58:	d3068693          	addi	a3,a3,-720 # 80001984 <__sfputs_r>
    80001c5c:	864a                	mv	a2,s2
    80001c5e:	080c                	addi	a1,sp,16
    80001c60:	8552                	mv	a0,s4
    80001c62:	134000ef          	jal	80001d96 <_printf_i>
    80001c66:	bfd9                	j	80001c3c <_vfiprintf_r+0x250>

0000000080001c68 <vfiprintf>:
    80001c68:	86b2                	mv	a3,a2
    80001c6a:	862e                	mv	a2,a1
    80001c6c:	85aa                	mv	a1,a0
    80001c6e:	00002517          	auipc	a0,0x2
    80001c72:	04a53503          	ld	a0,74(a0) # 80003cb8 <_impure_ptr>
    80001c76:	bb9d                	j	800019ec <_vfiprintf_r>

0000000080001c78 <_printf_common>:
    80001c78:	715d                	addi	sp,sp,-80
    80001c7a:	f052                	sd	s4,32(sp)
    80001c7c:	ec56                	sd	s5,24(sp)
    80001c7e:	8a36                	mv	s4,a3
    80001c80:	8aba                	mv	s5,a4
    80001c82:	4994                	lw	a3,16(a1)
    80001c84:	4598                	lw	a4,8(a1)
    80001c86:	e0a2                	sd	s0,64(sp)
    80001c88:	f84a                	sd	s2,48(sp)
    80001c8a:	f44e                	sd	s3,40(sp)
    80001c8c:	e486                	sd	ra,72(sp)
    80001c8e:	fc26                	sd	s1,56(sp)
    80001c90:	e85a                	sd	s6,16(sp)
    80001c92:	e45e                	sd	s7,8(sp)
    80001c94:	89aa                	mv	s3,a0
    80001c96:	842e                	mv	s0,a1
    80001c98:	8932                	mv	s2,a2
    80001c9a:	87ba                	mv	a5,a4
    80001c9c:	00e6c363          	blt	a3,a4,80001ca2 <_printf_common+0x2a>
    80001ca0:	87b6                	mv	a5,a3
    80001ca2:	00f92023          	sw	a5,0(s2)
    80001ca6:	04344703          	lbu	a4,67(s0)
    80001caa:	c701                	beqz	a4,80001cb2 <_printf_common+0x3a>
    80001cac:	2785                	addiw	a5,a5,1
    80001cae:	00f92023          	sw	a5,0(s2)
    80001cb2:	401c                	lw	a5,0(s0)
    80001cb4:	0207f793          	andi	a5,a5,32
    80001cb8:	c791                	beqz	a5,80001cc4 <_printf_common+0x4c>
    80001cba:	00092783          	lw	a5,0(s2)
    80001cbe:	2789                	addiw	a5,a5,2
    80001cc0:	00f92023          	sw	a5,0(s2)
    80001cc4:	4004                	lw	s1,0(s0)
    80001cc6:	8899                	andi	s1,s1,6
    80001cc8:	e891                	bnez	s1,80001cdc <_printf_common+0x64>
    80001cca:	01940b13          	addi	s6,s0,25
    80001cce:	5bfd                	li	s7,-1
    80001cd0:	445c                	lw	a5,12(s0)
    80001cd2:	00092703          	lw	a4,0(s2)
    80001cd6:	9f99                	subw	a5,a5,a4
    80001cd8:	06f4c063          	blt	s1,a5,80001d38 <_printf_common+0xc0>
    80001cdc:	04344783          	lbu	a5,67(s0)
    80001ce0:	00f03633          	snez	a2,a5
    80001ce4:	00f036b3          	snez	a3,a5
    80001ce8:	401c                	lw	a5,0(s0)
    80001cea:	0207f793          	andi	a5,a5,32
    80001cee:	ebb5                	bnez	a5,80001d62 <_printf_common+0xea>
    80001cf0:	04340613          	addi	a2,s0,67
    80001cf4:	85d2                	mv	a1,s4
    80001cf6:	854e                	mv	a0,s3
    80001cf8:	9a82                	jalr	s5
    80001cfa:	57fd                	li	a5,-1
    80001cfc:	04f50563          	beq	a0,a5,80001d46 <_printf_common+0xce>
    80001d00:	401c                	lw	a5,0(s0)
    80001d02:	4711                	li	a4,4
    80001d04:	4481                	li	s1,0
    80001d06:	8b99                	andi	a5,a5,6
    80001d08:	00e79b63          	bne	a5,a4,80001d1e <_printf_common+0xa6>
    80001d0c:	00092783          	lw	a5,0(s2)
    80001d10:	4444                	lw	s1,12(s0)
    80001d12:	9c9d                	subw	s1,s1,a5
    80001d14:	02049793          	slli	a5,s1,0x20
    80001d18:	0007d363          	bgez	a5,80001d1e <_printf_common+0xa6>
    80001d1c:	4481                	li	s1,0
    80001d1e:	441c                	lw	a5,8(s0)
    80001d20:	4818                	lw	a4,16(s0)
    80001d22:	00f75463          	bge	a4,a5,80001d2a <_printf_common+0xb2>
    80001d26:	9f99                	subw	a5,a5,a4
    80001d28:	9cbd                	addw	s1,s1,a5
    80001d2a:	4901                	li	s2,0
    80001d2c:	0469                	addi	s0,s0,26
    80001d2e:	5b7d                	li	s6,-1
    80001d30:	05249a63          	bne	s1,s2,80001d84 <_printf_common+0x10c>
    80001d34:	4501                	li	a0,0
    80001d36:	a809                	j	80001d48 <_printf_common+0xd0>
    80001d38:	4685                	li	a3,1
    80001d3a:	865a                	mv	a2,s6
    80001d3c:	85d2                	mv	a1,s4
    80001d3e:	854e                	mv	a0,s3
    80001d40:	9a82                	jalr	s5
    80001d42:	01751e63          	bne	a0,s7,80001d5e <_printf_common+0xe6>
    80001d46:	557d                	li	a0,-1
    80001d48:	60a6                	ld	ra,72(sp)
    80001d4a:	6406                	ld	s0,64(sp)
    80001d4c:	74e2                	ld	s1,56(sp)
    80001d4e:	7942                	ld	s2,48(sp)
    80001d50:	79a2                	ld	s3,40(sp)
    80001d52:	7a02                	ld	s4,32(sp)
    80001d54:	6ae2                	ld	s5,24(sp)
    80001d56:	6b42                	ld	s6,16(sp)
    80001d58:	6ba2                	ld	s7,8(sp)
    80001d5a:	6161                	addi	sp,sp,80
    80001d5c:	8082                	ret
    80001d5e:	2485                	addiw	s1,s1,1
    80001d60:	bf85                	j	80001cd0 <_printf_common+0x58>
    80001d62:	00d407b3          	add	a5,s0,a3
    80001d66:	03000693          	li	a3,48
    80001d6a:	04d781a3          	sb	a3,67(a5)
    80001d6e:	0016071b          	addiw	a4,a2,1
    80001d72:	0026069b          	addiw	a3,a2,2
    80001d76:	04544603          	lbu	a2,69(s0)
    80001d7a:	00e407b3          	add	a5,s0,a4
    80001d7e:	04c781a3          	sb	a2,67(a5)
    80001d82:	b7bd                	j	80001cf0 <_printf_common+0x78>
    80001d84:	4685                	li	a3,1
    80001d86:	8622                	mv	a2,s0
    80001d88:	85d2                	mv	a1,s4
    80001d8a:	854e                	mv	a0,s3
    80001d8c:	9a82                	jalr	s5
    80001d8e:	fb650ce3          	beq	a0,s6,80001d46 <_printf_common+0xce>
    80001d92:	2905                	addiw	s2,s2,1
    80001d94:	bf71                	j	80001d30 <_printf_common+0xb8>

0000000080001d96 <_printf_i>:
    80001d96:	715d                	addi	sp,sp,-80
    80001d98:	e0a2                	sd	s0,64(sp)
    80001d9a:	f84a                	sd	s2,48(sp)
    80001d9c:	f44e                	sd	s3,40(sp)
    80001d9e:	f052                	sd	s4,32(sp)
    80001da0:	e486                	sd	ra,72(sp)
    80001da2:	fc26                	sd	s1,56(sp)
    80001da4:	ec56                	sd	s5,24(sp)
    80001da6:	e85a                	sd	s6,16(sp)
    80001da8:	0185c803          	lbu	a6,24(a1)
    80001dac:	07800793          	li	a5,120
    80001db0:	892a                	mv	s2,a0
    80001db2:	842e                	mv	s0,a1
    80001db4:	89b2                	mv	s3,a2
    80001db6:	8a36                	mv	s4,a3
    80001db8:	0307e263          	bltu	a5,a6,80001ddc <_printf_i+0x46>
    80001dbc:	06200793          	li	a5,98
    80001dc0:	04358693          	addi	a3,a1,67
    80001dc4:	0307e163          	bltu	a5,a6,80001de6 <_printf_i+0x50>
    80001dc8:	1c080663          	beqz	a6,80001f94 <_printf_i+0x1fe>
    80001dcc:	05800793          	li	a5,88
    80001dd0:	00001617          	auipc	a2,0x1
    80001dd4:	0d060613          	addi	a2,a2,208 # 80002ea0 <__tbss_end+0x182>
    80001dd8:	14f80a63          	beq	a6,a5,80001f2c <_printf_i+0x196>
    80001ddc:	04240493          	addi	s1,s0,66
    80001de0:	05040123          	sb	a6,66(s0)
    80001de4:	a815                	j	80001e18 <_printf_i+0x82>
    80001de6:	f9d8079b          	addiw	a5,a6,-99
    80001dea:	0ff7f793          	zext.b	a5,a5
    80001dee:	4655                	li	a2,21
    80001df0:	fef666e3          	bltu	a2,a5,80001ddc <_printf_i+0x46>
    80001df4:	00002617          	auipc	a2,0x2
    80001df8:	d6c60613          	addi	a2,a2,-660 # 80003b60 <__func__.0+0xc90>
    80001dfc:	078a                	slli	a5,a5,0x2
    80001dfe:	97b2                	add	a5,a5,a2
    80001e00:	439c                	lw	a5,0(a5)
    80001e02:	97b2                	add	a5,a5,a2
    80001e04:	8782                	jr	a5
    80001e06:	631c                	ld	a5,0(a4)
    80001e08:	04258493          	addi	s1,a1,66
    80001e0c:	00878693          	addi	a3,a5,8
    80001e10:	439c                	lw	a5,0(a5)
    80001e12:	e314                	sd	a3,0(a4)
    80001e14:	04f58123          	sb	a5,66(a1)
    80001e18:	4785                	li	a5,1
    80001e1a:	aa4d                	j	80001fcc <_printf_i+0x236>
    80001e1c:	419c                	lw	a5,0(a1)
    80001e1e:	6308                	ld	a0,0(a4)
    80001e20:	0807f613          	andi	a2,a5,128
    80001e24:	00850593          	addi	a1,a0,8
    80001e28:	c20d                	beqz	a2,80001e4a <_printf_i+0xb4>
    80001e2a:	611c                	ld	a5,0(a0)
    80001e2c:	e30c                	sd	a1,0(a4)
    80001e2e:	0007d863          	bgez	a5,80001e3e <_printf_i+0xa8>
    80001e32:	02d00713          	li	a4,45
    80001e36:	40f007b3          	neg	a5,a5
    80001e3a:	04e401a3          	sb	a4,67(s0)
    80001e3e:	00001617          	auipc	a2,0x1
    80001e42:	06260613          	addi	a2,a2,98 # 80002ea0 <__tbss_end+0x182>
    80001e46:	4829                	li	a6,10
    80001e48:	a83d                	j	80001e86 <_printf_i+0xf0>
    80001e4a:	0407f613          	andi	a2,a5,64
    80001e4e:	411c                	lw	a5,0(a0)
    80001e50:	e30c                	sd	a1,0(a4)
    80001e52:	de71                	beqz	a2,80001e2e <_printf_i+0x98>
    80001e54:	0107979b          	slliw	a5,a5,0x10
    80001e58:	4107d79b          	sraiw	a5,a5,0x10
    80001e5c:	bfc9                	j	80001e2e <_printf_i+0x98>
    80001e5e:	4190                	lw	a2,0(a1)
    80001e60:	631c                	ld	a5,0(a4)
    80001e62:	08067513          	andi	a0,a2,128
    80001e66:	00878593          	addi	a1,a5,8
    80001e6a:	cd41                	beqz	a0,80001f02 <_printf_i+0x16c>
    80001e6c:	639c                	ld	a5,0(a5)
    80001e6e:	e30c                	sd	a1,0(a4)
    80001e70:	06f00713          	li	a4,111
    80001e74:	00001617          	auipc	a2,0x1
    80001e78:	02c60613          	addi	a2,a2,44 # 80002ea0 <__tbss_end+0x182>
    80001e7c:	0ee81e63          	bne	a6,a4,80001f78 <_printf_i+0x1e2>
    80001e80:	4821                	li	a6,8
    80001e82:	040401a3          	sb	zero,67(s0)
    80001e86:	4058                	lw	a4,4(s0)
    80001e88:	c418                	sw	a4,8(s0)
    80001e8a:	00074563          	bltz	a4,80001e94 <_printf_i+0xfe>
    80001e8e:	400c                	lw	a1,0(s0)
    80001e90:	99ed                	andi	a1,a1,-5
    80001e92:	c00c                	sw	a1,0(s0)
    80001e94:	e399                	bnez	a5,80001e9a <_printf_i+0x104>
    80001e96:	84b6                	mv	s1,a3
    80001e98:	cf19                	beqz	a4,80001eb6 <_printf_i+0x120>
    80001e9a:	84b6                	mv	s1,a3
    80001e9c:	0307f733          	remu	a4,a5,a6
    80001ea0:	14fd                	addi	s1,s1,-1
    80001ea2:	9732                	add	a4,a4,a2
    80001ea4:	00074703          	lbu	a4,0(a4)
    80001ea8:	00e48023          	sb	a4,0(s1)
    80001eac:	873e                	mv	a4,a5
    80001eae:	0307d7b3          	divu	a5,a5,a6
    80001eb2:	ff0775e3          	bgeu	a4,a6,80001e9c <_printf_i+0x106>
    80001eb6:	47a1                	li	a5,8
    80001eb8:	00f81e63          	bne	a6,a5,80001ed4 <_printf_i+0x13e>
    80001ebc:	401c                	lw	a5,0(s0)
    80001ebe:	8b85                	andi	a5,a5,1
    80001ec0:	cb91                	beqz	a5,80001ed4 <_printf_i+0x13e>
    80001ec2:	4058                	lw	a4,4(s0)
    80001ec4:	481c                	lw	a5,16(s0)
    80001ec6:	00e7c763          	blt	a5,a4,80001ed4 <_printf_i+0x13e>
    80001eca:	03000793          	li	a5,48
    80001ece:	fef48fa3          	sb	a5,-1(s1)
    80001ed2:	14fd                	addi	s1,s1,-1
    80001ed4:	8e85                	sub	a3,a3,s1
    80001ed6:	c814                	sw	a3,16(s0)
    80001ed8:	8752                	mv	a4,s4
    80001eda:	86ce                	mv	a3,s3
    80001edc:	0070                	addi	a2,sp,12
    80001ede:	85a2                	mv	a1,s0
    80001ee0:	854a                	mv	a0,s2
    80001ee2:	d97ff0ef          	jal	80001c78 <_printf_common>
    80001ee6:	5afd                	li	s5,-1
    80001ee8:	0f551663          	bne	a0,s5,80001fd4 <_printf_i+0x23e>
    80001eec:	557d                	li	a0,-1
    80001eee:	60a6                	ld	ra,72(sp)
    80001ef0:	6406                	ld	s0,64(sp)
    80001ef2:	74e2                	ld	s1,56(sp)
    80001ef4:	7942                	ld	s2,48(sp)
    80001ef6:	79a2                	ld	s3,40(sp)
    80001ef8:	7a02                	ld	s4,32(sp)
    80001efa:	6ae2                	ld	s5,24(sp)
    80001efc:	6b42                	ld	s6,16(sp)
    80001efe:	6161                	addi	sp,sp,80
    80001f00:	8082                	ret
    80001f02:	439c                	lw	a5,0(a5)
    80001f04:	04067613          	andi	a2,a2,64
    80001f08:	e30c                	sd	a1,0(a4)
    80001f0a:	c601                	beqz	a2,80001f12 <_printf_i+0x17c>
    80001f0c:	17c2                	slli	a5,a5,0x30
    80001f0e:	93c1                	srli	a5,a5,0x30
    80001f10:	b785                	j	80001e70 <_printf_i+0xda>
    80001f12:	1782                	slli	a5,a5,0x20
    80001f14:	9381                	srli	a5,a5,0x20
    80001f16:	bfa9                	j	80001e70 <_printf_i+0xda>
    80001f18:	419c                	lw	a5,0(a1)
    80001f1a:	0a07e793          	ori	a5,a5,160
    80001f1e:	c19c                	sw	a5,0(a1)
    80001f20:	07800813          	li	a6,120
    80001f24:	00001617          	auipc	a2,0x1
    80001f28:	f9460613          	addi	a2,a2,-108 # 80002eb8 <__tbss_end+0x19a>
    80001f2c:	050402a3          	sb	a6,69(s0)
    80001f30:	400c                	lw	a1,0(s0)
    80001f32:	631c                	ld	a5,0(a4)
    80001f34:	0805f813          	andi	a6,a1,128
    80001f38:	00878513          	addi	a0,a5,8
    80001f3c:	00080d63          	beqz	a6,80001f56 <_printf_i+0x1c0>
    80001f40:	639c                	ld	a5,0(a5)
    80001f42:	e308                	sd	a0,0(a4)
    80001f44:	0015f713          	andi	a4,a1,1
    80001f48:	c701                	beqz	a4,80001f50 <_printf_i+0x1ba>
    80001f4a:	0205e593          	ori	a1,a1,32
    80001f4e:	c00c                	sw	a1,0(s0)
    80001f50:	cf99                	beqz	a5,80001f6e <_printf_i+0x1d8>
    80001f52:	4841                	li	a6,16
    80001f54:	b73d                	j	80001e82 <_printf_i+0xec>
    80001f56:	439c                	lw	a5,0(a5)
    80001f58:	0405f813          	andi	a6,a1,64
    80001f5c:	e308                	sd	a0,0(a4)
    80001f5e:	00080563          	beqz	a6,80001f68 <_printf_i+0x1d2>
    80001f62:	17c2                	slli	a5,a5,0x30
    80001f64:	93c1                	srli	a5,a5,0x30
    80001f66:	bff9                	j	80001f44 <_printf_i+0x1ae>
    80001f68:	1782                	slli	a5,a5,0x20
    80001f6a:	9381                	srli	a5,a5,0x20
    80001f6c:	bfe1                	j	80001f44 <_printf_i+0x1ae>
    80001f6e:	4018                	lw	a4,0(s0)
    80001f70:	fdf77713          	andi	a4,a4,-33
    80001f74:	c018                	sw	a4,0(s0)
    80001f76:	bff1                	j	80001f52 <_printf_i+0x1bc>
    80001f78:	4829                	li	a6,10
    80001f7a:	b721                	j	80001e82 <_printf_i+0xec>
    80001f7c:	4190                	lw	a2,0(a1)
    80001f7e:	631c                	ld	a5,0(a4)
    80001f80:	49cc                	lw	a1,20(a1)
    80001f82:	08067813          	andi	a6,a2,128
    80001f86:	00878513          	addi	a0,a5,8
    80001f8a:	00080963          	beqz	a6,80001f9c <_printf_i+0x206>
    80001f8e:	e308                	sd	a0,0(a4)
    80001f90:	639c                	ld	a5,0(a5)
    80001f92:	e38c                	sd	a1,0(a5)
    80001f94:	00042823          	sw	zero,16(s0)
    80001f98:	84b6                	mv	s1,a3
    80001f9a:	bf3d                	j	80001ed8 <_printf_i+0x142>
    80001f9c:	e308                	sd	a0,0(a4)
    80001f9e:	04067613          	andi	a2,a2,64
    80001fa2:	639c                	ld	a5,0(a5)
    80001fa4:	c601                	beqz	a2,80001fac <_printf_i+0x216>
    80001fa6:	00b79023          	sh	a1,0(a5)
    80001faa:	b7ed                	j	80001f94 <_printf_i+0x1fe>
    80001fac:	c38c                	sw	a1,0(a5)
    80001fae:	b7dd                	j	80001f94 <_printf_i+0x1fe>
    80001fb0:	631c                	ld	a5,0(a4)
    80001fb2:	41d0                	lw	a2,4(a1)
    80001fb4:	4581                	li	a1,0
    80001fb6:	00878693          	addi	a3,a5,8
    80001fba:	e314                	sd	a3,0(a4)
    80001fbc:	6384                	ld	s1,0(a5)
    80001fbe:	8526                	mv	a0,s1
    80001fc0:	650000ef          	jal	80002610 <memchr>
    80001fc4:	c119                	beqz	a0,80001fca <_printf_i+0x234>
    80001fc6:	8d05                	sub	a0,a0,s1
    80001fc8:	c048                	sw	a0,4(s0)
    80001fca:	405c                	lw	a5,4(s0)
    80001fcc:	c81c                	sw	a5,16(s0)
    80001fce:	040401a3          	sb	zero,67(s0)
    80001fd2:	b719                	j	80001ed8 <_printf_i+0x142>
    80001fd4:	4814                	lw	a3,16(s0)
    80001fd6:	8626                	mv	a2,s1
    80001fd8:	85ce                	mv	a1,s3
    80001fda:	854a                	mv	a0,s2
    80001fdc:	9a02                	jalr	s4
    80001fde:	f15507e3          	beq	a0,s5,80001eec <_printf_i+0x156>
    80001fe2:	401c                	lw	a5,0(s0)
    80001fe4:	8b89                	andi	a5,a5,2
    80001fe6:	eb85                	bnez	a5,80002016 <_printf_i+0x280>
    80001fe8:	4458                	lw	a4,12(s0)
    80001fea:	47b2                	lw	a5,12(sp)
    80001fec:	0007051b          	sext.w	a0,a4
    80001ff0:	eef75fe3          	bge	a4,a5,80001eee <_printf_i+0x158>
    80001ff4:	0007851b          	sext.w	a0,a5
    80001ff8:	bddd                	j	80001eee <_printf_i+0x158>
    80001ffa:	4685                	li	a3,1
    80001ffc:	8656                	mv	a2,s5
    80001ffe:	85ce                	mv	a1,s3
    80002000:	854a                	mv	a0,s2
    80002002:	9a02                	jalr	s4
    80002004:	ef6504e3          	beq	a0,s6,80001eec <_printf_i+0x156>
    80002008:	2485                	addiw	s1,s1,1
    8000200a:	445c                	lw	a5,12(s0)
    8000200c:	4732                	lw	a4,12(sp)
    8000200e:	9f99                	subw	a5,a5,a4
    80002010:	fef4c5e3          	blt	s1,a5,80001ffa <_printf_i+0x264>
    80002014:	bfd1                	j	80001fe8 <_printf_i+0x252>
    80002016:	4481                	li	s1,0
    80002018:	01940a93          	addi	s5,s0,25
    8000201c:	5b7d                	li	s6,-1
    8000201e:	b7f5                	j	8000200a <_printf_i+0x274>

0000000080002020 <__sflush_r>:
    80002020:	01059783          	lh	a5,16(a1)
    80002024:	7179                	addi	sp,sp,-48
    80002026:	f022                	sd	s0,32(sp)
    80002028:	ec26                	sd	s1,24(sp)
    8000202a:	f406                	sd	ra,40(sp)
    8000202c:	e84a                	sd	s2,16(sp)
    8000202e:	e44e                	sd	s3,8(sp)
    80002030:	0087f713          	andi	a4,a5,8
    80002034:	84aa                	mv	s1,a0
    80002036:	842e                	mv	s0,a1
    80002038:	eb69                	bnez	a4,8000210a <__sflush_r+0xea>
    8000203a:	4598                	lw	a4,8(a1)
    8000203c:	00e04563          	bgtz	a4,80002046 <__sflush_r+0x26>
    80002040:	5db8                	lw	a4,120(a1)
    80002042:	0ae05b63          	blez	a4,800020f8 <__sflush_r+0xd8>
    80002046:	6838                	ld	a4,80(s0)
    80002048:	cb45                	beqz	a4,800020f8 <__sflush_r+0xd8>
    8000204a:	0004a903          	lw	s2,0(s1)
    8000204e:	03379693          	slli	a3,a5,0x33
    80002052:	0004a023          	sw	zero,0(s1)
    80002056:	7c0c                	ld	a1,56(s0)
    80002058:	0606de63          	bgez	a3,800020d4 <__sflush_r+0xb4>
    8000205c:	6c50                	ld	a2,152(s0)
    8000205e:	01045783          	lhu	a5,16(s0)
    80002062:	8b91                	andi	a5,a5,4
    80002064:	c799                	beqz	a5,80002072 <__sflush_r+0x52>
    80002066:	441c                	lw	a5,8(s0)
    80002068:	8e1d                	sub	a2,a2,a5
    8000206a:	703c                	ld	a5,96(s0)
    8000206c:	c399                	beqz	a5,80002072 <__sflush_r+0x52>
    8000206e:	5c3c                	lw	a5,120(s0)
    80002070:	8e1d                	sub	a2,a2,a5
    80002072:	683c                	ld	a5,80(s0)
    80002074:	7c0c                	ld	a1,56(s0)
    80002076:	4681                	li	a3,0
    80002078:	8526                	mv	a0,s1
    8000207a:	9782                	jalr	a5
    8000207c:	577d                	li	a4,-1
    8000207e:	01045783          	lhu	a5,16(s0)
    80002082:	00e51d63          	bne	a0,a4,8000209c <__sflush_r+0x7c>
    80002086:	4094                	lw	a3,0(s1)
    80002088:	4775                	li	a4,29
    8000208a:	06d76963          	bltu	a4,a3,800020fc <__sflush_r+0xdc>
    8000208e:	20400737          	lui	a4,0x20400
    80002092:	0705                	addi	a4,a4,1 # 20400001 <__heap_size+0x203e0001>
    80002094:	00d75733          	srl	a4,a4,a3
    80002098:	8b05                	andi	a4,a4,1
    8000209a:	c32d                	beqz	a4,800020fc <__sflush_r+0xdc>
    8000209c:	6c18                	ld	a4,24(s0)
    8000209e:	00042423          	sw	zero,8(s0)
    800020a2:	e018                	sd	a4,0(s0)
    800020a4:	03379713          	slli	a4,a5,0x33
    800020a8:	00075863          	bgez	a4,800020b8 <__sflush_r+0x98>
    800020ac:	57fd                	li	a5,-1
    800020ae:	00f51463          	bne	a0,a5,800020b6 <__sflush_r+0x96>
    800020b2:	409c                	lw	a5,0(s1)
    800020b4:	e391                	bnez	a5,800020b8 <__sflush_r+0x98>
    800020b6:	ec48                	sd	a0,152(s0)
    800020b8:	702c                	ld	a1,96(s0)
    800020ba:	0124a023          	sw	s2,0(s1)
    800020be:	cd8d                	beqz	a1,800020f8 <__sflush_r+0xd8>
    800020c0:	07c40793          	addi	a5,s0,124
    800020c4:	00f58563          	beq	a1,a5,800020ce <__sflush_r+0xae>
    800020c8:	8526                	mv	a0,s1
    800020ca:	fecff0ef          	jal	800018b6 <_free_r>
    800020ce:	06043023          	sd	zero,96(s0)
    800020d2:	a01d                	j	800020f8 <__sflush_r+0xd8>
    800020d4:	4601                	li	a2,0
    800020d6:	4685                	li	a3,1
    800020d8:	8526                	mv	a0,s1
    800020da:	9702                	jalr	a4
    800020dc:	57fd                	li	a5,-1
    800020de:	862a                	mv	a2,a0
    800020e0:	f6f51fe3          	bne	a0,a5,8000205e <__sflush_r+0x3e>
    800020e4:	409c                	lw	a5,0(s1)
    800020e6:	dfa5                	beqz	a5,8000205e <__sflush_r+0x3e>
    800020e8:	4775                	li	a4,29
    800020ea:	00e78563          	beq	a5,a4,800020f4 <__sflush_r+0xd4>
    800020ee:	4759                	li	a4,22
    800020f0:	04e79663          	bne	a5,a4,8000213c <__sflush_r+0x11c>
    800020f4:	0124a023          	sw	s2,0(s1)
    800020f8:	4501                	li	a0,0
    800020fa:	a881                	j	8000214a <__sflush_r+0x12a>
    800020fc:	0407e793          	ori	a5,a5,64
    80002100:	0107979b          	slliw	a5,a5,0x10
    80002104:	4107d79b          	sraiw	a5,a5,0x10
    80002108:	a835                	j	80002144 <__sflush_r+0x124>
    8000210a:	0185b983          	ld	s3,24(a1)
    8000210e:	fe0985e3          	beqz	s3,800020f8 <__sflush_r+0xd8>
    80002112:	0005b903          	ld	s2,0(a1)
    80002116:	8b8d                	andi	a5,a5,3
    80002118:	0135b023          	sd	s3,0(a1)
    8000211c:	4139093b          	subw	s2,s2,s3
    80002120:	4701                	li	a4,0
    80002122:	e391                	bnez	a5,80002126 <__sflush_r+0x106>
    80002124:	5198                	lw	a4,32(a1)
    80002126:	c458                	sw	a4,12(s0)
    80002128:	fd2058e3          	blez	s2,800020f8 <__sflush_r+0xd8>
    8000212c:	643c                	ld	a5,72(s0)
    8000212e:	7c0c                	ld	a1,56(s0)
    80002130:	86ca                	mv	a3,s2
    80002132:	864e                	mv	a2,s3
    80002134:	8526                	mv	a0,s1
    80002136:	9782                	jalr	a5
    80002138:	02a04063          	bgtz	a0,80002158 <__sflush_r+0x138>
    8000213c:	01041783          	lh	a5,16(s0)
    80002140:	0407e793          	ori	a5,a5,64
    80002144:	00f41823          	sh	a5,16(s0)
    80002148:	557d                	li	a0,-1
    8000214a:	70a2                	ld	ra,40(sp)
    8000214c:	7402                	ld	s0,32(sp)
    8000214e:	64e2                	ld	s1,24(sp)
    80002150:	6942                	ld	s2,16(sp)
    80002152:	69a2                	ld	s3,8(sp)
    80002154:	6145                	addi	sp,sp,48
    80002156:	8082                	ret
    80002158:	99aa                	add	s3,s3,a0
    8000215a:	40a9093b          	subw	s2,s2,a0
    8000215e:	b7e9                	j	80002128 <__sflush_r+0x108>

0000000080002160 <_fflush_r>:
    80002160:	6d9c                	ld	a5,24(a1)
    80002162:	cb8d                	beqz	a5,80002194 <_fflush_r+0x34>
    80002164:	1101                	addi	sp,sp,-32
    80002166:	e822                	sd	s0,16(sp)
    80002168:	ec06                	sd	ra,24(sp)
    8000216a:	842a                	mv	s0,a0
    8000216c:	c519                	beqz	a0,8000217a <_fflush_r+0x1a>
    8000216e:	613c                	ld	a5,64(a0)
    80002170:	e789                	bnez	a5,8000217a <_fflush_r+0x1a>
    80002172:	e42e                	sd	a1,8(sp)
    80002174:	b50ff0ef          	jal	800014c4 <__sinit>
    80002178:	65a2                	ld	a1,8(sp)
    8000217a:	01059783          	lh	a5,16(a1)
    8000217e:	c791                	beqz	a5,8000218a <_fflush_r+0x2a>
    80002180:	8522                	mv	a0,s0
    80002182:	6442                	ld	s0,16(sp)
    80002184:	60e2                	ld	ra,24(sp)
    80002186:	6105                	addi	sp,sp,32
    80002188:	bd61                	j	80002020 <__sflush_r>
    8000218a:	60e2                	ld	ra,24(sp)
    8000218c:	6442                	ld	s0,16(sp)
    8000218e:	4501                	li	a0,0
    80002190:	6105                	addi	sp,sp,32
    80002192:	8082                	ret
    80002194:	4501                	li	a0,0
    80002196:	8082                	ret

0000000080002198 <fflush>:
    80002198:	85aa                	mv	a1,a0
    8000219a:	ed19                	bnez	a0,800021b8 <fflush+0x20>
    8000219c:	00002617          	auipc	a2,0x2
    800021a0:	a7460613          	addi	a2,a2,-1420 # 80003c10 <__sglue>
    800021a4:	00000597          	auipc	a1,0x0
    800021a8:	fbc58593          	addi	a1,a1,-68 # 80002160 <_fflush_r>
    800021ac:	00002517          	auipc	a0,0x2
    800021b0:	a7c50513          	addi	a0,a0,-1412 # 80003c28 <_impure_data>
    800021b4:	b9aff06f          	j	8000154e <_fwalk_sglue>
    800021b8:	00002517          	auipc	a0,0x2
    800021bc:	b0053503          	ld	a0,-1280(a0) # 80003cb8 <_impure_ptr>
    800021c0:	b745                	j	80002160 <_fflush_r>

00000000800021c2 <__sfvwrite_r>:
    800021c2:	6a1c                	ld	a5,16(a2)
    800021c4:	e399                	bnez	a5,800021ca <__sfvwrite_r+0x8>
    800021c6:	4501                	li	a0,0
    800021c8:	8082                	ret
    800021ca:	0105d783          	lhu	a5,16(a1)
    800021ce:	7159                	addi	sp,sp,-112
    800021d0:	f0a2                	sd	s0,96(sp)
    800021d2:	e8ca                	sd	s2,80(sp)
    800021d4:	e0d2                	sd	s4,64(sp)
    800021d6:	f486                	sd	ra,104(sp)
    800021d8:	eca6                	sd	s1,88(sp)
    800021da:	e4ce                	sd	s3,72(sp)
    800021dc:	fc56                	sd	s5,56(sp)
    800021de:	f85a                	sd	s6,48(sp)
    800021e0:	f45e                	sd	s7,40(sp)
    800021e2:	f062                	sd	s8,32(sp)
    800021e4:	ec66                	sd	s9,24(sp)
    800021e6:	e86a                	sd	s10,16(sp)
    800021e8:	e46e                	sd	s11,8(sp)
    800021ea:	8ba1                	andi	a5,a5,8
    800021ec:	892a                	mv	s2,a0
    800021ee:	842e                	mv	s0,a1
    800021f0:	8a32                	mv	s4,a2
    800021f2:	cfc1                	beqz	a5,8000228a <__sfvwrite_r+0xc8>
    800021f4:	6d9c                	ld	a5,24(a1)
    800021f6:	cbd1                	beqz	a5,8000228a <__sfvwrite_r+0xc8>
    800021f8:	01041783          	lh	a5,16(s0)
    800021fc:	000a3983          	ld	s3,0(s4)
    80002200:	0027f713          	andi	a4,a5,2
    80002204:	e765                	bnez	a4,800022ec <__sfvwrite_r+0x12a>
    80002206:	8b85                	andi	a5,a5,1
    80002208:	4a81                	li	s5,0
    8000220a:	16078063          	beqz	a5,8000236a <__sfvwrite_r+0x1a8>
    8000220e:	4501                	li	a0,0
    80002210:	4b81                	li	s7,0
    80002212:	4b01                	li	s6,0
    80002214:	240b0063          	beqz	s6,80002454 <__sfvwrite_r+0x292>
    80002218:	e919                	bnez	a0,8000222e <__sfvwrite_r+0x6c>
    8000221a:	865a                	mv	a2,s6
    8000221c:	45a9                	li	a1,10
    8000221e:	855e                	mv	a0,s7
    80002220:	3f0000ef          	jal	80002610 <memchr>
    80002224:	22050f63          	beqz	a0,80002462 <__sfvwrite_r+0x2a0>
    80002228:	0505                	addi	a0,a0,1
    8000222a:	41750abb          	subw	s5,a0,s7
    8000222e:	8c56                	mv	s8,s5
    80002230:	015b7363          	bgeu	s6,s5,80002236 <__sfvwrite_r+0x74>
    80002234:	8c5a                	mv	s8,s6
    80002236:	6008                	ld	a0,0(s0)
    80002238:	6c1c                	ld	a5,24(s0)
    8000223a:	4444                	lw	s1,12(s0)
    8000223c:	5014                	lw	a3,32(s0)
    8000223e:	22a7f563          	bgeu	a5,a0,80002468 <__sfvwrite_r+0x2a6>
    80002242:	9cb5                	addw	s1,s1,a3
    80002244:	2384d263          	bge	s1,s8,80002468 <__sfvwrite_r+0x2a6>
    80002248:	85de                	mv	a1,s7
    8000224a:	8626                	mv	a2,s1
    8000224c:	56e000ef          	jal	800027ba <memmove>
    80002250:	601c                	ld	a5,0(s0)
    80002252:	85a2                	mv	a1,s0
    80002254:	854a                	mv	a0,s2
    80002256:	97a6                	add	a5,a5,s1
    80002258:	e01c                	sd	a5,0(s0)
    8000225a:	f07ff0ef          	jal	80002160 <_fflush_r>
    8000225e:	0e051f63          	bnez	a0,8000235c <__sfvwrite_r+0x19a>
    80002262:	409a8abb          	subw	s5,s5,s1
    80002266:	4505                	li	a0,1
    80002268:	000a9763          	bnez	s5,80002276 <__sfvwrite_r+0xb4>
    8000226c:	85a2                	mv	a1,s0
    8000226e:	854a                	mv	a0,s2
    80002270:	ef1ff0ef          	jal	80002160 <_fflush_r>
    80002274:	e565                	bnez	a0,8000235c <__sfvwrite_r+0x19a>
    80002276:	010a3783          	ld	a5,16(s4)
    8000227a:	9ba6                	add	s7,s7,s1
    8000227c:	409b0b33          	sub	s6,s6,s1
    80002280:	8f85                	sub	a5,a5,s1
    80002282:	00fa3823          	sd	a5,16(s4)
    80002286:	f7d9                	bnez	a5,80002214 <__sfvwrite_r+0x52>
    80002288:	a091                	j	800022cc <__sfvwrite_r+0x10a>
    8000228a:	85a2                	mv	a1,s0
    8000228c:	854a                	mv	a0,s2
    8000228e:	2b4000ef          	jal	80002542 <__swsetup_r>
    80002292:	d13d                	beqz	a0,800021f8 <__sfvwrite_r+0x36>
    80002294:	557d                	li	a0,-1
    80002296:	a825                	j	800022ce <__sfvwrite_r+0x10c>
    80002298:	0009ba83          	ld	s5,0(s3)
    8000229c:	0089b483          	ld	s1,8(s3)
    800022a0:	09c1                	addi	s3,s3,16
    800022a2:	643c                	ld	a5,72(s0)
    800022a4:	7c0c                	ld	a1,56(s0)
    800022a6:	d8ed                	beqz	s1,80002298 <__sfvwrite_r+0xd6>
    800022a8:	86a6                	mv	a3,s1
    800022aa:	009b7363          	bgeu	s6,s1,800022b0 <__sfvwrite_r+0xee>
    800022ae:	86da                	mv	a3,s6
    800022b0:	2681                	sext.w	a3,a3
    800022b2:	8656                	mv	a2,s5
    800022b4:	854a                	mv	a0,s2
    800022b6:	9782                	jalr	a5
    800022b8:	0aa05263          	blez	a0,8000235c <__sfvwrite_r+0x19a>
    800022bc:	010a3783          	ld	a5,16(s4)
    800022c0:	9aaa                	add	s5,s5,a0
    800022c2:	8c89                	sub	s1,s1,a0
    800022c4:	8f89                	sub	a5,a5,a0
    800022c6:	00fa3823          	sd	a5,16(s4)
    800022ca:	ffe1                	bnez	a5,800022a2 <__sfvwrite_r+0xe0>
    800022cc:	4501                	li	a0,0
    800022ce:	70a6                	ld	ra,104(sp)
    800022d0:	7406                	ld	s0,96(sp)
    800022d2:	64e6                	ld	s1,88(sp)
    800022d4:	6946                	ld	s2,80(sp)
    800022d6:	69a6                	ld	s3,72(sp)
    800022d8:	6a06                	ld	s4,64(sp)
    800022da:	7ae2                	ld	s5,56(sp)
    800022dc:	7b42                	ld	s6,48(sp)
    800022de:	7ba2                	ld	s7,40(sp)
    800022e0:	7c02                	ld	s8,32(sp)
    800022e2:	6ce2                	ld	s9,24(sp)
    800022e4:	6d42                	ld	s10,16(sp)
    800022e6:	6da2                	ld	s11,8(sp)
    800022e8:	6165                	addi	sp,sp,112
    800022ea:	8082                	ret
    800022ec:	80000b37          	lui	s6,0x80000
    800022f0:	4a81                	li	s5,0
    800022f2:	4481                	li	s1,0
    800022f4:	c00b4b13          	xori	s6,s6,-1024
    800022f8:	b76d                	j	800022a2 <__sfvwrite_r+0xe0>
    800022fa:	0009ba83          	ld	s5,0(s3)
    800022fe:	0089bc83          	ld	s9,8(s3)
    80002302:	09c1                	addi	s3,s3,16
    80002304:	4444                	lw	s1,12(s0)
    80002306:	01041783          	lh	a5,16(s0)
    8000230a:	6008                	ld	a0,0(s0)
    8000230c:	8d26                	mv	s10,s1
    8000230e:	fe0c86e3          	beqz	s9,800022fa <__sfvwrite_r+0x138>
    80002312:	2007f713          	andi	a4,a5,512
    80002316:	c37d                	beqz	a4,800023fc <__sfvwrite_r+0x23a>
    80002318:	089ce763          	bltu	s9,s1,800023a6 <__sfvwrite_r+0x1e4>
    8000231c:	4807f713          	andi	a4,a5,1152
    80002320:	c359                	beqz	a4,800023a6 <__sfvwrite_r+0x1e4>
    80002322:	5004                	lw	s1,32(s0)
    80002324:	6c0c                	ld	a1,24(s0)
    80002326:	029b84bb          	mulw	s1,s7,s1
    8000232a:	8d0d                	sub	a0,a0,a1
    8000232c:	00050d9b          	sext.w	s11,a0
    80002330:	001d8713          	addi	a4,s11,1
    80002334:	9766                	add	a4,a4,s9
    80002336:	0384c4bb          	divw	s1,s1,s8
    8000233a:	00e4f563          	bgeu	s1,a4,80002344 <__sfvwrite_r+0x182>
    8000233e:	2505                	addiw	a0,a0,1
    80002340:	019504bb          	addw	s1,a0,s9
    80002344:	4007f793          	andi	a5,a5,1024
    80002348:	cbc9                	beqz	a5,800023da <__sfvwrite_r+0x218>
    8000234a:	85a6                	mv	a1,s1
    8000234c:	854a                	mv	a0,s2
    8000234e:	e73fe0ef          	jal	800011c0 <_malloc_r>
    80002352:	8d2a                	mv	s10,a0
    80002354:	e11d                	bnez	a0,8000237a <__sfvwrite_r+0x1b8>
    80002356:	47b1                	li	a5,12
    80002358:	00f92023          	sw	a5,0(s2)
    8000235c:	01045783          	lhu	a5,16(s0)
    80002360:	0407e793          	ori	a5,a5,64
    80002364:	00f41823          	sh	a5,16(s0)
    80002368:	b735                	j	80002294 <__sfvwrite_r+0xd2>
    8000236a:	80000b37          	lui	s6,0x80000
    8000236e:	4c81                	li	s9,0
    80002370:	fffb4b13          	not	s6,s6
    80002374:	4b8d                	li	s7,3
    80002376:	4c09                	li	s8,2
    80002378:	b771                	j	80002304 <__sfvwrite_r+0x142>
    8000237a:	6c0c                	ld	a1,24(s0)
    8000237c:	866e                	mv	a2,s11
    8000237e:	462000ef          	jal	800027e0 <memcpy>
    80002382:	01045783          	lhu	a5,16(s0)
    80002386:	b7f7f793          	andi	a5,a5,-1153
    8000238a:	0807e793          	ori	a5,a5,128
    8000238e:	00f41823          	sh	a5,16(s0)
    80002392:	01a43c23          	sd	s10,24(s0)
    80002396:	d004                	sw	s1,32(s0)
    80002398:	9d6e                	add	s10,s10,s11
    8000239a:	41b484bb          	subw	s1,s1,s11
    8000239e:	01a43023          	sd	s10,0(s0)
    800023a2:	c444                	sw	s1,12(s0)
    800023a4:	8d66                	mv	s10,s9
    800023a6:	84e6                	mv	s1,s9
    800023a8:	01acf363          	bgeu	s9,s10,800023ae <__sfvwrite_r+0x1ec>
    800023ac:	8d66                	mv	s10,s9
    800023ae:	6008                	ld	a0,0(s0)
    800023b0:	866a                	mv	a2,s10
    800023b2:	85d6                	mv	a1,s5
    800023b4:	406000ef          	jal	800027ba <memmove>
    800023b8:	445c                	lw	a5,12(s0)
    800023ba:	41a787bb          	subw	a5,a5,s10
    800023be:	c45c                	sw	a5,12(s0)
    800023c0:	601c                	ld	a5,0(s0)
    800023c2:	97ea                	add	a5,a5,s10
    800023c4:	e01c                	sd	a5,0(s0)
    800023c6:	010a3783          	ld	a5,16(s4)
    800023ca:	9aa6                	add	s5,s5,s1
    800023cc:	409c8cb3          	sub	s9,s9,s1
    800023d0:	8f85                	sub	a5,a5,s1
    800023d2:	00fa3823          	sd	a5,16(s4)
    800023d6:	f79d                	bnez	a5,80002304 <__sfvwrite_r+0x142>
    800023d8:	bdd5                	j	800022cc <__sfvwrite_r+0x10a>
    800023da:	8626                	mv	a2,s1
    800023dc:	854a                	mv	a0,s2
    800023de:	418000ef          	jal	800027f6 <_realloc_r>
    800023e2:	8d2a                	mv	s10,a0
    800023e4:	f55d                	bnez	a0,80002392 <__sfvwrite_r+0x1d0>
    800023e6:	6c0c                	ld	a1,24(s0)
    800023e8:	854a                	mv	a0,s2
    800023ea:	cccff0ef          	jal	800018b6 <_free_r>
    800023ee:	01045783          	lhu	a5,16(s0)
    800023f2:	f7f7f793          	andi	a5,a5,-129
    800023f6:	00f41823          	sh	a5,16(s0)
    800023fa:	bfb1                	j	80002356 <__sfvwrite_r+0x194>
    800023fc:	6c1c                	ld	a5,24(s0)
    800023fe:	00a7e563          	bltu	a5,a0,80002408 <__sfvwrite_r+0x246>
    80002402:	5014                	lw	a3,32(s0)
    80002404:	02dcf763          	bgeu	s9,a3,80002432 <__sfvwrite_r+0x270>
    80002408:	009cf363          	bgeu	s9,s1,8000240e <__sfvwrite_r+0x24c>
    8000240c:	84e6                	mv	s1,s9
    8000240e:	8626                	mv	a2,s1
    80002410:	85d6                	mv	a1,s5
    80002412:	3a8000ef          	jal	800027ba <memmove>
    80002416:	445c                	lw	a5,12(s0)
    80002418:	4097873b          	subw	a4,a5,s1
    8000241c:	601c                	ld	a5,0(s0)
    8000241e:	c458                	sw	a4,12(s0)
    80002420:	97a6                	add	a5,a5,s1
    80002422:	e01c                	sd	a5,0(s0)
    80002424:	f34d                	bnez	a4,800023c6 <__sfvwrite_r+0x204>
    80002426:	85a2                	mv	a1,s0
    80002428:	854a                	mv	a0,s2
    8000242a:	d37ff0ef          	jal	80002160 <_fflush_r>
    8000242e:	dd41                	beqz	a0,800023c6 <__sfvwrite_r+0x204>
    80002430:	b735                	j	8000235c <__sfvwrite_r+0x19a>
    80002432:	87e6                	mv	a5,s9
    80002434:	019b7363          	bgeu	s6,s9,8000243a <__sfvwrite_r+0x278>
    80002438:	87da                	mv	a5,s6
    8000243a:	02d7c7bb          	divw	a5,a5,a3
    8000243e:	6438                	ld	a4,72(s0)
    80002440:	7c0c                	ld	a1,56(s0)
    80002442:	8656                	mv	a2,s5
    80002444:	854a                	mv	a0,s2
    80002446:	02d786bb          	mulw	a3,a5,a3
    8000244a:	9702                	jalr	a4
    8000244c:	84aa                	mv	s1,a0
    8000244e:	f6a04ce3          	bgtz	a0,800023c6 <__sfvwrite_r+0x204>
    80002452:	b729                	j	8000235c <__sfvwrite_r+0x19a>
    80002454:	0009bb83          	ld	s7,0(s3)
    80002458:	0089bb03          	ld	s6,8(s3)
    8000245c:	4501                	li	a0,0
    8000245e:	09c1                	addi	s3,s3,16
    80002460:	bb55                	j	80002214 <__sfvwrite_r+0x52>
    80002462:	001b0a9b          	addiw	s5,s6,1 # ffffffff80000001 <__heap_end+0xfffffffefffd8001>
    80002466:	b3e1                	j	8000222e <__sfvwrite_r+0x6c>
    80002468:	00dc4b63          	blt	s8,a3,8000247e <__sfvwrite_r+0x2bc>
    8000246c:	643c                	ld	a5,72(s0)
    8000246e:	7c0c                	ld	a1,56(s0)
    80002470:	865e                	mv	a2,s7
    80002472:	854a                	mv	a0,s2
    80002474:	9782                	jalr	a5
    80002476:	84aa                	mv	s1,a0
    80002478:	dea045e3          	bgtz	a0,80002262 <__sfvwrite_r+0xa0>
    8000247c:	b5c5                	j	8000235c <__sfvwrite_r+0x19a>
    8000247e:	8662                	mv	a2,s8
    80002480:	85de                	mv	a1,s7
    80002482:	338000ef          	jal	800027ba <memmove>
    80002486:	445c                	lw	a5,12(s0)
    80002488:	84e2                	mv	s1,s8
    8000248a:	418787bb          	subw	a5,a5,s8
    8000248e:	c45c                	sw	a5,12(s0)
    80002490:	601c                	ld	a5,0(s0)
    80002492:	97e2                	add	a5,a5,s8
    80002494:	e01c                	sd	a5,0(s0)
    80002496:	b3f1                	j	80002262 <__sfvwrite_r+0xa0>

0000000080002498 <__swbuf_r>:
    80002498:	7179                	addi	sp,sp,-48
    8000249a:	f022                	sd	s0,32(sp)
    8000249c:	ec26                	sd	s1,24(sp)
    8000249e:	e84a                	sd	s2,16(sp)
    800024a0:	f406                	sd	ra,40(sp)
    800024a2:	e44e                	sd	s3,8(sp)
    800024a4:	892a                	mv	s2,a0
    800024a6:	84ae                	mv	s1,a1
    800024a8:	8432                	mv	s0,a2
    800024aa:	c509                	beqz	a0,800024b4 <__swbuf_r+0x1c>
    800024ac:	613c                	ld	a5,64(a0)
    800024ae:	e399                	bnez	a5,800024b4 <__swbuf_r+0x1c>
    800024b0:	814ff0ef          	jal	800014c4 <__sinit>
    800024b4:	541c                	lw	a5,40(s0)
    800024b6:	c45c                	sw	a5,12(s0)
    800024b8:	01045783          	lhu	a5,16(s0)
    800024bc:	8ba1                	andi	a5,a5,8
    800024be:	c399                	beqz	a5,800024c4 <__swbuf_r+0x2c>
    800024c0:	6c1c                	ld	a5,24(s0)
    800024c2:	ef99                	bnez	a5,800024e0 <__swbuf_r+0x48>
    800024c4:	85a2                	mv	a1,s0
    800024c6:	854a                	mv	a0,s2
    800024c8:	07a000ef          	jal	80002542 <__swsetup_r>
    800024cc:	c911                	beqz	a0,800024e0 <__swbuf_r+0x48>
    800024ce:	54fd                	li	s1,-1
    800024d0:	70a2                	ld	ra,40(sp)
    800024d2:	7402                	ld	s0,32(sp)
    800024d4:	6942                	ld	s2,16(sp)
    800024d6:	69a2                	ld	s3,8(sp)
    800024d8:	8526                	mv	a0,s1
    800024da:	64e2                	ld	s1,24(sp)
    800024dc:	6145                	addi	sp,sp,48
    800024de:	8082                	ret
    800024e0:	601c                	ld	a5,0(s0)
    800024e2:	6c18                	ld	a4,24(s0)
    800024e4:	0ff4f993          	zext.b	s3,s1
    800024e8:	84ce                	mv	s1,s3
    800024ea:	40e7853b          	subw	a0,a5,a4
    800024ee:	501c                	lw	a5,32(s0)
    800024f0:	00f54763          	blt	a0,a5,800024fe <__swbuf_r+0x66>
    800024f4:	85a2                	mv	a1,s0
    800024f6:	854a                	mv	a0,s2
    800024f8:	c69ff0ef          	jal	80002160 <_fflush_r>
    800024fc:	f969                	bnez	a0,800024ce <__swbuf_r+0x36>
    800024fe:	445c                	lw	a5,12(s0)
    80002500:	37fd                	addiw	a5,a5,-1
    80002502:	c45c                	sw	a5,12(s0)
    80002504:	601c                	ld	a5,0(s0)
    80002506:	00178713          	addi	a4,a5,1
    8000250a:	e018                	sd	a4,0(s0)
    8000250c:	01378023          	sb	s3,0(a5)
    80002510:	5018                	lw	a4,32(s0)
    80002512:	0015079b          	addiw	a5,a0,1
    80002516:	00f70963          	beq	a4,a5,80002528 <__swbuf_r+0x90>
    8000251a:	01045783          	lhu	a5,16(s0)
    8000251e:	8b85                	andi	a5,a5,1
    80002520:	dbc5                	beqz	a5,800024d0 <__swbuf_r+0x38>
    80002522:	47a9                	li	a5,10
    80002524:	faf496e3          	bne	s1,a5,800024d0 <__swbuf_r+0x38>
    80002528:	85a2                	mv	a1,s0
    8000252a:	854a                	mv	a0,s2
    8000252c:	c35ff0ef          	jal	80002160 <_fflush_r>
    80002530:	d145                	beqz	a0,800024d0 <__swbuf_r+0x38>
    80002532:	bf71                	j	800024ce <__swbuf_r+0x36>

0000000080002534 <__swbuf>:
    80002534:	862e                	mv	a2,a1
    80002536:	85aa                	mv	a1,a0
    80002538:	00001517          	auipc	a0,0x1
    8000253c:	78053503          	ld	a0,1920(a0) # 80003cb8 <_impure_ptr>
    80002540:	bfa1                	j	80002498 <__swbuf_r>

0000000080002542 <__swsetup_r>:
    80002542:	1101                	addi	sp,sp,-32
    80002544:	e822                	sd	s0,16(sp)
    80002546:	e426                	sd	s1,8(sp)
    80002548:	ec06                	sd	ra,24(sp)
    8000254a:	84aa                	mv	s1,a0
    8000254c:	00001517          	auipc	a0,0x1
    80002550:	76c53503          	ld	a0,1900(a0) # 80003cb8 <_impure_ptr>
    80002554:	842e                	mv	s0,a1
    80002556:	c509                	beqz	a0,80002560 <__swsetup_r+0x1e>
    80002558:	613c                	ld	a5,64(a0)
    8000255a:	e399                	bnez	a5,80002560 <__swsetup_r+0x1e>
    8000255c:	f69fe0ef          	jal	800014c4 <__sinit>
    80002560:	01041783          	lh	a5,16(s0)
    80002564:	0087f713          	andi	a4,a5,8
    80002568:	eb29                	bnez	a4,800025ba <__swsetup_r+0x78>
    8000256a:	0107f713          	andi	a4,a5,16
    8000256e:	eb09                	bnez	a4,80002580 <__swsetup_r+0x3e>
    80002570:	4725                	li	a4,9
    80002572:	c098                	sw	a4,0(s1)
    80002574:	0407e793          	ori	a5,a5,64
    80002578:	00f41823          	sh	a5,16(s0)
    8000257c:	557d                	li	a0,-1
    8000257e:	a8ad                	j	800025f8 <__swsetup_r+0xb6>
    80002580:	8b91                	andi	a5,a5,4
    80002582:	c795                	beqz	a5,800025ae <__swsetup_r+0x6c>
    80002584:	702c                	ld	a1,96(s0)
    80002586:	c991                	beqz	a1,8000259a <__swsetup_r+0x58>
    80002588:	07c40793          	addi	a5,s0,124
    8000258c:	00f58563          	beq	a1,a5,80002596 <__swsetup_r+0x54>
    80002590:	8526                	mv	a0,s1
    80002592:	b24ff0ef          	jal	800018b6 <_free_r>
    80002596:	06043023          	sd	zero,96(s0)
    8000259a:	01045783          	lhu	a5,16(s0)
    8000259e:	00042423          	sw	zero,8(s0)
    800025a2:	fdb7f793          	andi	a5,a5,-37
    800025a6:	00f41823          	sh	a5,16(s0)
    800025aa:	6c1c                	ld	a5,24(s0)
    800025ac:	e01c                	sd	a5,0(s0)
    800025ae:	01045783          	lhu	a5,16(s0)
    800025b2:	0087e793          	ori	a5,a5,8
    800025b6:	00f41823          	sh	a5,16(s0)
    800025ba:	6c1c                	ld	a5,24(s0)
    800025bc:	ef89                	bnez	a5,800025d6 <__swsetup_r+0x94>
    800025be:	01045783          	lhu	a5,16(s0)
    800025c2:	20000713          	li	a4,512
    800025c6:	2807f793          	andi	a5,a5,640
    800025ca:	00e78663          	beq	a5,a4,800025d6 <__swsetup_r+0x94>
    800025ce:	85a2                	mv	a1,s0
    800025d0:	8526                	mv	a0,s1
    800025d2:	300000ef          	jal	800028d2 <__smakebuf_r>
    800025d6:	01041783          	lh	a5,16(s0)
    800025da:	0017f713          	andi	a4,a5,1
    800025de:	c315                	beqz	a4,80002602 <__swsetup_r+0xc0>
    800025e0:	5018                	lw	a4,32(s0)
    800025e2:	00042623          	sw	zero,12(s0)
    800025e6:	40e0073b          	negw	a4,a4
    800025ea:	d418                	sw	a4,40(s0)
    800025ec:	6c18                	ld	a4,24(s0)
    800025ee:	4501                	li	a0,0
    800025f0:	e701                	bnez	a4,800025f8 <__swsetup_r+0xb6>
    800025f2:	0807f713          	andi	a4,a5,128
    800025f6:	ff3d                	bnez	a4,80002574 <__swsetup_r+0x32>
    800025f8:	60e2                	ld	ra,24(sp)
    800025fa:	6442                	ld	s0,16(sp)
    800025fc:	64a2                	ld	s1,8(sp)
    800025fe:	6105                	addi	sp,sp,32
    80002600:	8082                	ret
    80002602:	0027f713          	andi	a4,a5,2
    80002606:	4681                	li	a3,0
    80002608:	e311                	bnez	a4,8000260c <__swsetup_r+0xca>
    8000260a:	5014                	lw	a3,32(s0)
    8000260c:	c454                	sw	a3,12(s0)
    8000260e:	bff9                	j	800025ec <__swsetup_r+0xaa>

0000000080002610 <memchr>:
    80002610:	0ff5f593          	zext.b	a1,a1
    80002614:	962a                	add	a2,a2,a0
    80002616:	00c51463          	bne	a0,a2,8000261e <memchr+0xe>
    8000261a:	4501                	li	a0,0
    8000261c:	8082                	ret
    8000261e:	00054783          	lbu	a5,0(a0)
    80002622:	feb78de3          	beq	a5,a1,8000261c <memchr+0xc>
    80002626:	0505                	addi	a0,a0,1
    80002628:	b7fd                	j	80002616 <memchr+0x6>

000000008000262a <_init_signal_r>:
    8000262a:	793c                	ld	a5,112(a0)
    8000262c:	eb95                	bnez	a5,80002660 <_init_signal_r+0x36>
    8000262e:	1141                	addi	sp,sp,-16
    80002630:	10000593          	li	a1,256
    80002634:	e022                	sd	s0,0(sp)
    80002636:	e406                	sd	ra,8(sp)
    80002638:	842a                	mv	s0,a0
    8000263a:	b87fe0ef          	jal	800011c0 <_malloc_r>
    8000263e:	87aa                	mv	a5,a0
    80002640:	f828                	sd	a0,112(s0)
    80002642:	557d                	li	a0,-1
    80002644:	cb91                	beqz	a5,80002658 <_init_signal_r+0x2e>
    80002646:	853e                	mv	a0,a5
    80002648:	10078793          	addi	a5,a5,256
    8000264c:	00053023          	sd	zero,0(a0)
    80002650:	0521                	addi	a0,a0,8
    80002652:	fef51de3          	bne	a0,a5,8000264c <_init_signal_r+0x22>
    80002656:	4501                	li	a0,0
    80002658:	60a2                	ld	ra,8(sp)
    8000265a:	6402                	ld	s0,0(sp)
    8000265c:	0141                	addi	sp,sp,16
    8000265e:	8082                	ret
    80002660:	4501                	li	a0,0
    80002662:	8082                	ret

0000000080002664 <_signal_r>:
    80002664:	1101                	addi	sp,sp,-32
    80002666:	e426                	sd	s1,8(sp)
    80002668:	ec06                	sd	ra,24(sp)
    8000266a:	e822                	sd	s0,16(sp)
    8000266c:	e04a                	sd	s2,0(sp)
    8000266e:	47fd                	li	a5,31
    80002670:	84aa                	mv	s1,a0
    80002672:	00b7f663          	bgeu	a5,a1,8000267e <_signal_r+0x1a>
    80002676:	47d9                	li	a5,22
    80002678:	c11c                	sw	a5,0(a0)
    8000267a:	557d                	li	a0,-1
    8000267c:	a819                	j	80002692 <_signal_r+0x2e>
    8000267e:	793c                	ld	a5,112(a0)
    80002680:	842e                	mv	s0,a1
    80002682:	8932                	mv	s2,a2
    80002684:	cf89                	beqz	a5,8000269e <_signal_r+0x3a>
    80002686:	78bc                	ld	a5,112(s1)
    80002688:	040e                	slli	s0,s0,0x3
    8000268a:	97a2                	add	a5,a5,s0
    8000268c:	6388                	ld	a0,0(a5)
    8000268e:	0127b023          	sd	s2,0(a5)
    80002692:	60e2                	ld	ra,24(sp)
    80002694:	6442                	ld	s0,16(sp)
    80002696:	64a2                	ld	s1,8(sp)
    80002698:	6902                	ld	s2,0(sp)
    8000269a:	6105                	addi	sp,sp,32
    8000269c:	8082                	ret
    8000269e:	f8dff0ef          	jal	8000262a <_init_signal_r>
    800026a2:	d175                	beqz	a0,80002686 <_signal_r+0x22>
    800026a4:	bfd9                	j	8000267a <_signal_r+0x16>

00000000800026a6 <_raise_r>:
    800026a6:	1101                	addi	sp,sp,-32
    800026a8:	e822                	sd	s0,16(sp)
    800026aa:	ec06                	sd	ra,24(sp)
    800026ac:	47fd                	li	a5,31
    800026ae:	842a                	mv	s0,a0
    800026b0:	00b7f963          	bgeu	a5,a1,800026c2 <_raise_r+0x1c>
    800026b4:	47d9                	li	a5,22
    800026b6:	c11c                	sw	a5,0(a0)
    800026b8:	557d                	li	a0,-1
    800026ba:	60e2                	ld	ra,24(sp)
    800026bc:	6442                	ld	s0,16(sp)
    800026be:	6105                	addi	sp,sp,32
    800026c0:	8082                	ret
    800026c2:	793c                	ld	a5,112(a0)
    800026c4:	862e                	mv	a2,a1
    800026c6:	c791                	beqz	a5,800026d2 <_raise_r+0x2c>
    800026c8:	00359713          	slli	a4,a1,0x3
    800026cc:	97ba                	add	a5,a5,a4
    800026ce:	6398                	ld	a4,0(a5)
    800026d0:	ef01                	bnez	a4,800026e8 <_raise_r+0x42>
    800026d2:	8522                	mv	a0,s0
    800026d4:	e432                	sd	a2,8(sp)
    800026d6:	0e2000ef          	jal	800027b8 <_getpid_r>
    800026da:	85aa                	mv	a1,a0
    800026dc:	8522                	mv	a0,s0
    800026de:	6442                	ld	s0,16(sp)
    800026e0:	6622                	ld	a2,8(sp)
    800026e2:	60e2                	ld	ra,24(sp)
    800026e4:	6105                	addi	sp,sp,32
    800026e6:	a065                	j	8000278e <_kill_r>
    800026e8:	4685                	li	a3,1
    800026ea:	00d70d63          	beq	a4,a3,80002704 <_raise_r+0x5e>
    800026ee:	56fd                	li	a3,-1
    800026f0:	00d71663          	bne	a4,a3,800026fc <_raise_r+0x56>
    800026f4:	47d9                	li	a5,22
    800026f6:	c11c                	sw	a5,0(a0)
    800026f8:	4505                	li	a0,1
    800026fa:	b7c1                	j	800026ba <_raise_r+0x14>
    800026fc:	0007b023          	sd	zero,0(a5)
    80002700:	852e                	mv	a0,a1
    80002702:	9702                	jalr	a4
    80002704:	4501                	li	a0,0
    80002706:	bf55                	j	800026ba <_raise_r+0x14>

0000000080002708 <__sigtramp_r>:
    80002708:	47fd                	li	a5,31
    8000270a:	00b7f463          	bgeu	a5,a1,80002712 <__sigtramp_r+0xa>
    8000270e:	557d                	li	a0,-1
    80002710:	8082                	ret
    80002712:	793c                	ld	a5,112(a0)
    80002714:	1101                	addi	sp,sp,-32
    80002716:	e822                	sd	s0,16(sp)
    80002718:	e426                	sd	s1,8(sp)
    8000271a:	ec06                	sd	ra,24(sp)
    8000271c:	84aa                	mv	s1,a0
    8000271e:	842e                	mv	s0,a1
    80002720:	c795                	beqz	a5,8000274c <__sigtramp_r+0x44>
    80002722:	78b8                	ld	a4,112(s1)
    80002724:	00341793          	slli	a5,s0,0x3
    80002728:	4505                	li	a0,1
    8000272a:	973e                	add	a4,a4,a5
    8000272c:	631c                	ld	a5,0(a4)
    8000272e:	c39d                	beqz	a5,80002754 <__sigtramp_r+0x4c>
    80002730:	56fd                	li	a3,-1
    80002732:	4509                	li	a0,2
    80002734:	02d78063          	beq	a5,a3,80002754 <__sigtramp_r+0x4c>
    80002738:	4685                	li	a3,1
    8000273a:	450d                	li	a0,3
    8000273c:	00d78c63          	beq	a5,a3,80002754 <__sigtramp_r+0x4c>
    80002740:	8522                	mv	a0,s0
    80002742:	00073023          	sd	zero,0(a4)
    80002746:	9782                	jalr	a5
    80002748:	4501                	li	a0,0
    8000274a:	a029                	j	80002754 <__sigtramp_r+0x4c>
    8000274c:	edfff0ef          	jal	8000262a <_init_signal_r>
    80002750:	d969                	beqz	a0,80002722 <__sigtramp_r+0x1a>
    80002752:	557d                	li	a0,-1
    80002754:	60e2                	ld	ra,24(sp)
    80002756:	6442                	ld	s0,16(sp)
    80002758:	64a2                	ld	s1,8(sp)
    8000275a:	6105                	addi	sp,sp,32
    8000275c:	8082                	ret

000000008000275e <raise>:
    8000275e:	85aa                	mv	a1,a0
    80002760:	00001517          	auipc	a0,0x1
    80002764:	55853503          	ld	a0,1368(a0) # 80003cb8 <_impure_ptr>
    80002768:	bf3d                	j	800026a6 <_raise_r>

000000008000276a <signal>:
    8000276a:	862e                	mv	a2,a1
    8000276c:	85aa                	mv	a1,a0
    8000276e:	00001517          	auipc	a0,0x1
    80002772:	54a53503          	ld	a0,1354(a0) # 80003cb8 <_impure_ptr>
    80002776:	b5fd                	j	80002664 <_signal_r>

0000000080002778 <_init_signal>:
    80002778:	00001517          	auipc	a0,0x1
    8000277c:	54053503          	ld	a0,1344(a0) # 80003cb8 <_impure_ptr>
    80002780:	b56d                	j	8000262a <_init_signal_r>

0000000080002782 <__sigtramp>:
    80002782:	85aa                	mv	a1,a0
    80002784:	00001517          	auipc	a0,0x1
    80002788:	53453503          	ld	a0,1332(a0) # 80003cb8 <_impure_ptr>
    8000278c:	bfb5                	j	80002708 <__sigtramp_r>

000000008000278e <_kill_r>:
    8000278e:	1141                	addi	sp,sp,-16
    80002790:	e022                	sd	s0,0(sp)
    80002792:	842a                	mv	s0,a0
    80002794:	852e                	mv	a0,a1
    80002796:	85b2                	mv	a1,a2
    80002798:	8601a423          	sw	zero,-1944(gp) # 80003d20 <errno>
    8000279c:	e406                	sd	ra,8(sp)
    8000279e:	292000ef          	jal	80002a30 <_kill>
    800027a2:	57fd                	li	a5,-1
    800027a4:	00f51663          	bne	a0,a5,800027b0 <_kill_r+0x22>
    800027a8:	8681a783          	lw	a5,-1944(gp) # 80003d20 <errno>
    800027ac:	c391                	beqz	a5,800027b0 <_kill_r+0x22>
    800027ae:	c01c                	sw	a5,0(s0)
    800027b0:	60a2                	ld	ra,8(sp)
    800027b2:	6402                	ld	s0,0(sp)
    800027b4:	0141                	addi	sp,sp,16
    800027b6:	8082                	ret

00000000800027b8 <_getpid_r>:
    800027b8:	a4b5                	j	80002a24 <_getpid>

00000000800027ba <memmove>:
    800027ba:	c215                	beqz	a2,800027de <memmove+0x24>
    800027bc:	832a                	mv	t1,a0
    800027be:	4685                	li	a3,1
    800027c0:	00b56763          	bltu	a0,a1,800027ce <memmove+0x14>
    800027c4:	56fd                	li	a3,-1
    800027c6:	fff60713          	addi	a4,a2,-1
    800027ca:	933a                	add	t1,t1,a4
    800027cc:	95ba                	add	a1,a1,a4
    800027ce:	00058383          	lb	t2,0(a1)
    800027d2:	00730023          	sb	t2,0(t1)
    800027d6:	167d                	addi	a2,a2,-1
    800027d8:	9336                	add	t1,t1,a3
    800027da:	95b6                	add	a1,a1,a3
    800027dc:	fa6d                	bnez	a2,800027ce <memmove+0x14>
    800027de:	8082                	ret

00000000800027e0 <memcpy>:
    800027e0:	832a                	mv	t1,a0
    800027e2:	ca09                	beqz	a2,800027f4 <memcpy+0x14>
    800027e4:	00058383          	lb	t2,0(a1)
    800027e8:	00730023          	sb	t2,0(t1)
    800027ec:	167d                	addi	a2,a2,-1
    800027ee:	0305                	addi	t1,t1,1
    800027f0:	0585                	addi	a1,a1,1
    800027f2:	fa6d                	bnez	a2,800027e4 <memcpy+0x4>
    800027f4:	8082                	ret

00000000800027f6 <_realloc_r>:
    800027f6:	7179                	addi	sp,sp,-48
    800027f8:	f022                	sd	s0,32(sp)
    800027fa:	f406                	sd	ra,40(sp)
    800027fc:	ec26                	sd	s1,24(sp)
    800027fe:	e84a                	sd	s2,16(sp)
    80002800:	e44e                	sd	s3,8(sp)
    80002802:	e052                	sd	s4,0(sp)
    80002804:	8432                	mv	s0,a2
    80002806:	e999                	bnez	a1,8000281c <_realloc_r+0x26>
    80002808:	7402                	ld	s0,32(sp)
    8000280a:	70a2                	ld	ra,40(sp)
    8000280c:	64e2                	ld	s1,24(sp)
    8000280e:	6942                	ld	s2,16(sp)
    80002810:	69a2                	ld	s3,8(sp)
    80002812:	6a02                	ld	s4,0(sp)
    80002814:	85b2                	mv	a1,a2
    80002816:	6145                	addi	sp,sp,48
    80002818:	9a9fe06f          	j	800011c0 <_malloc_r>
    8000281c:	ee09                	bnez	a2,80002836 <_realloc_r+0x40>
    8000281e:	898ff0ef          	jal	800018b6 <_free_r>
    80002822:	4481                	li	s1,0
    80002824:	70a2                	ld	ra,40(sp)
    80002826:	7402                	ld	s0,32(sp)
    80002828:	6942                	ld	s2,16(sp)
    8000282a:	69a2                	ld	s3,8(sp)
    8000282c:	6a02                	ld	s4,0(sp)
    8000282e:	8526                	mv	a0,s1
    80002830:	64e2                	ld	s1,24(sp)
    80002832:	6145                	addi	sp,sp,48
    80002834:	8082                	ret
    80002836:	8a2a                	mv	s4,a0
    80002838:	84ae                	mv	s1,a1
    8000283a:	188000ef          	jal	800029c2 <_malloc_usable_size_r>
    8000283e:	892a                	mv	s2,a0
    80002840:	00856663          	bltu	a0,s0,8000284c <_realloc_r+0x56>
    80002844:	00155793          	srli	a5,a0,0x1
    80002848:	fc87eee3          	bltu	a5,s0,80002824 <_realloc_r+0x2e>
    8000284c:	85a2                	mv	a1,s0
    8000284e:	8552                	mv	a0,s4
    80002850:	971fe0ef          	jal	800011c0 <_malloc_r>
    80002854:	89aa                	mv	s3,a0
    80002856:	e119                	bnez	a0,8000285c <_realloc_r+0x66>
    80002858:	84ce                	mv	s1,s3
    8000285a:	b7e9                	j	80002824 <_realloc_r+0x2e>
    8000285c:	8622                	mv	a2,s0
    8000285e:	00897363          	bgeu	s2,s0,80002864 <_realloc_r+0x6e>
    80002862:	864a                	mv	a2,s2
    80002864:	85a6                	mv	a1,s1
    80002866:	854e                	mv	a0,s3
    80002868:	f79ff0ef          	jal	800027e0 <memcpy>
    8000286c:	85a6                	mv	a1,s1
    8000286e:	8552                	mv	a0,s4
    80002870:	846ff0ef          	jal	800018b6 <_free_r>
    80002874:	b7d5                	j	80002858 <_realloc_r+0x62>

0000000080002876 <__swhatbuf_r>:
    80002876:	7175                	addi	sp,sp,-144
    80002878:	e122                	sd	s0,128(sp)
    8000287a:	842e                	mv	s0,a1
    8000287c:	01259583          	lh	a1,18(a1)
    80002880:	fca6                	sd	s1,120(sp)
    80002882:	f8ca                	sd	s2,112(sp)
    80002884:	e506                	sd	ra,136(sp)
    80002886:	84b2                	mv	s1,a2
    80002888:	8936                	mv	s2,a3
    8000288a:	0205d363          	bgez	a1,800028b0 <__swhatbuf_r+0x3a>
    8000288e:	01045783          	lhu	a5,16(s0)
    80002892:	0807f793          	andi	a5,a5,128
    80002896:	eb95                	bnez	a5,800028ca <__swhatbuf_r+0x54>
    80002898:	40000713          	li	a4,1024
    8000289c:	60aa                	ld	ra,136(sp)
    8000289e:	640a                	ld	s0,128(sp)
    800028a0:	00f92023          	sw	a5,0(s2)
    800028a4:	e098                	sd	a4,0(s1)
    800028a6:	7946                	ld	s2,112(sp)
    800028a8:	74e6                	ld	s1,120(sp)
    800028aa:	4501                	li	a0,0
    800028ac:	6149                	addi	sp,sp,144
    800028ae:	8082                	ret
    800028b0:	0030                	addi	a2,sp,8
    800028b2:	0be000ef          	jal	80002970 <_fstat_r>
    800028b6:	fc054ce3          	bltz	a0,8000288e <__swhatbuf_r+0x18>
    800028ba:	47b2                	lw	a5,12(sp)
    800028bc:	673d                	lui	a4,0xf
    800028be:	8ff9                	and	a5,a5,a4
    800028c0:	6709                	lui	a4,0x2
    800028c2:	8f99                	sub	a5,a5,a4
    800028c4:	0017b793          	seqz	a5,a5
    800028c8:	bfc1                	j	80002898 <__swhatbuf_r+0x22>
    800028ca:	4781                	li	a5,0
    800028cc:	04000713          	li	a4,64
    800028d0:	b7f1                	j	8000289c <__swhatbuf_r+0x26>

00000000800028d2 <__smakebuf_r>:
    800028d2:	0105d783          	lhu	a5,16(a1)
    800028d6:	7139                	addi	sp,sp,-64
    800028d8:	f822                	sd	s0,48(sp)
    800028da:	fc06                	sd	ra,56(sp)
    800028dc:	f426                	sd	s1,40(sp)
    800028de:	f04a                	sd	s2,32(sp)
    800028e0:	ec4e                	sd	s3,24(sp)
    800028e2:	8b89                	andi	a5,a5,2
    800028e4:	842e                	mv	s0,a1
    800028e6:	cf91                	beqz	a5,80002902 <__smakebuf_r+0x30>
    800028e8:	07f40793          	addi	a5,s0,127
    800028ec:	e01c                	sd	a5,0(s0)
    800028ee:	ec1c                	sd	a5,24(s0)
    800028f0:	4785                	li	a5,1
    800028f2:	d01c                	sw	a5,32(s0)
    800028f4:	70e2                	ld	ra,56(sp)
    800028f6:	7442                	ld	s0,48(sp)
    800028f8:	74a2                	ld	s1,40(sp)
    800028fa:	7902                	ld	s2,32(sp)
    800028fc:	69e2                	ld	s3,24(sp)
    800028fe:	6121                	addi	sp,sp,64
    80002900:	8082                	ret
    80002902:	0054                	addi	a3,sp,4
    80002904:	0030                	addi	a2,sp,8
    80002906:	84aa                	mv	s1,a0
    80002908:	f6fff0ef          	jal	80002876 <__swhatbuf_r>
    8000290c:	69a2                	ld	s3,8(sp)
    8000290e:	892a                	mv	s2,a0
    80002910:	8526                	mv	a0,s1
    80002912:	85ce                	mv	a1,s3
    80002914:	8adfe0ef          	jal	800011c0 <_malloc_r>
    80002918:	ed01                	bnez	a0,80002930 <__smakebuf_r+0x5e>
    8000291a:	01041783          	lh	a5,16(s0)
    8000291e:	2007f713          	andi	a4,a5,512
    80002922:	fb69                	bnez	a4,800028f4 <__smakebuf_r+0x22>
    80002924:	9bf1                	andi	a5,a5,-4
    80002926:	0027e793          	ori	a5,a5,2
    8000292a:	00f41823          	sh	a5,16(s0)
    8000292e:	bf6d                	j	800028e8 <__smakebuf_r+0x16>
    80002930:	01045783          	lhu	a5,16(s0)
    80002934:	e008                	sd	a0,0(s0)
    80002936:	ec08                	sd	a0,24(s0)
    80002938:	0807e793          	ori	a5,a5,128
    8000293c:	00f41823          	sh	a5,16(s0)
    80002940:	4792                	lw	a5,4(sp)
    80002942:	03342023          	sw	s3,32(s0)
    80002946:	cf91                	beqz	a5,80002962 <__smakebuf_r+0x90>
    80002948:	01241583          	lh	a1,18(s0)
    8000294c:	8526                	mv	a0,s1
    8000294e:	04c000ef          	jal	8000299a <_isatty_r>
    80002952:	c901                	beqz	a0,80002962 <__smakebuf_r+0x90>
    80002954:	01045783          	lhu	a5,16(s0)
    80002958:	9bf1                	andi	a5,a5,-4
    8000295a:	0017e793          	ori	a5,a5,1
    8000295e:	00f41823          	sh	a5,16(s0)
    80002962:	01045783          	lhu	a5,16(s0)
    80002966:	0127e533          	or	a0,a5,s2
    8000296a:	00a41823          	sh	a0,16(s0)
    8000296e:	b759                	j	800028f4 <__smakebuf_r+0x22>

0000000080002970 <_fstat_r>:
    80002970:	1141                	addi	sp,sp,-16
    80002972:	e022                	sd	s0,0(sp)
    80002974:	842a                	mv	s0,a0
    80002976:	852e                	mv	a0,a1
    80002978:	85b2                	mv	a1,a2
    8000297a:	8601a423          	sw	zero,-1944(gp) # 80003d20 <errno>
    8000297e:	e406                	sd	ra,8(sp)
    80002980:	090000ef          	jal	80002a10 <_fstat>
    80002984:	57fd                	li	a5,-1
    80002986:	00f51663          	bne	a0,a5,80002992 <_fstat_r+0x22>
    8000298a:	8681a783          	lw	a5,-1944(gp) # 80003d20 <errno>
    8000298e:	c391                	beqz	a5,80002992 <_fstat_r+0x22>
    80002990:	c01c                	sw	a5,0(s0)
    80002992:	60a2                	ld	ra,8(sp)
    80002994:	6402                	ld	s0,0(sp)
    80002996:	0141                	addi	sp,sp,16
    80002998:	8082                	ret

000000008000299a <_isatty_r>:
    8000299a:	1141                	addi	sp,sp,-16
    8000299c:	e022                	sd	s0,0(sp)
    8000299e:	842a                	mv	s0,a0
    800029a0:	852e                	mv	a0,a1
    800029a2:	8601a423          	sw	zero,-1944(gp) # 80003d20 <errno>
    800029a6:	e406                	sd	ra,8(sp)
    800029a8:	080000ef          	jal	80002a28 <_isatty>
    800029ac:	57fd                	li	a5,-1
    800029ae:	00f51663          	bne	a0,a5,800029ba <_isatty_r+0x20>
    800029b2:	8681a783          	lw	a5,-1944(gp) # 80003d20 <errno>
    800029b6:	c391                	beqz	a5,800029ba <_isatty_r+0x20>
    800029b8:	c01c                	sw	a5,0(s0)
    800029ba:	60a2                	ld	ra,8(sp)
    800029bc:	6402                	ld	s0,0(sp)
    800029be:	0141                	addi	sp,sp,16
    800029c0:	8082                	ret

00000000800029c2 <_malloc_usable_size_r>:
    800029c2:	ff85b503          	ld	a0,-8(a1)
    800029c6:	0005079b          	sext.w	a5,a0
    800029ca:	1561                	addi	a0,a0,-8
    800029cc:	0007d663          	bgez	a5,800029d8 <_malloc_usable_size_r+0x16>
    800029d0:	95aa                	add	a1,a1,a0
    800029d2:	6188                	ld	a0,0(a1)
    800029d4:	17e1                	addi	a5,a5,-8
    800029d6:	953e                	add	a0,a0,a5
    800029d8:	8082                	ret

00000000800029da <_close>:
#include <errno.h>
#include "syscall.h"

int _close(int file)
{
    800029da:	1141                	addi	sp,sp,-16
    800029dc:	e406                	sd	ra,8(sp)
    errno = EBADF;
    800029de:	15c000ef          	jal	80002b3a <__errno>
    return -1;
}
    800029e2:	60a2                	ld	ra,8(sp)
    errno = EBADF;
    800029e4:	47a5                	li	a5,9
    800029e6:	c11c                	sw	a5,0(a0)
}
    800029e8:	557d                	li	a0,-1
    800029ea:	0141                	addi	sp,sp,16
    800029ec:	8082                	ret

00000000800029ee <_exit>:
#include "syscall.h"
#include "htif.h"

void __attribute__ ((noreturn)) _exit(int code)
{
    uint64_t cmd = HTIF_TOHOST(0, 0, (code << 1) | 0x1);
    800029ee:	0015179b          	slliw	a5,a0,0x1
    800029f2:	0017e793          	ori	a5,a5,1
    800029f6:	2781                	sext.w	a5,a5
    800029f8:	07c2                	slli	a5,a5,0x10
    800029fa:	83c1                	srli	a5,a5,0x10
    800029fc:	00001717          	auipc	a4,0x1
    80002a00:	20470713          	addi	a4,a4,516 # 80003c00 <tohost>
    for (;;) {
        fromhost = 0;
    80002a04:	00001697          	auipc	a3,0x1
    80002a08:	2006b223          	sd	zero,516(a3) # 80003c08 <fromhost>
        tohost = cmd;
    80002a0c:	e31c                	sd	a5,0(a4)
    for (;;) {
    80002a0e:	bfdd                	j	80002a04 <_exit+0x16>

0000000080002a10 <_fstat>:
#include <errno.h>
#include <sys/stat.h>
#include "syscall.h"

int _fstat(int file, struct stat *st)
{
    80002a10:	1141                	addi	sp,sp,-16
    80002a12:	e406                	sd	ra,8(sp)
    errno = EBADF;
    80002a14:	126000ef          	jal	80002b3a <__errno>
    return -1;
}
    80002a18:	60a2                	ld	ra,8(sp)
    errno = EBADF;
    80002a1a:	47a5                	li	a5,9
    80002a1c:	c11c                	sw	a5,0(a0)
}
    80002a1e:	557d                	li	a0,-1
    80002a20:	0141                	addi	sp,sp,16
    80002a22:	8082                	ret

0000000080002a24 <_getpid>:
#include "syscall.h"

int _getpid(void)
{
    return 1;
}
    80002a24:	4505                	li	a0,1
    80002a26:	8082                	ret

0000000080002a28 <_isatty>:
#include <unistd.h>
#include "syscall.h"

int _isatty(int file)
{
    return (file == STDOUT_FILENO || file == STDERR_FILENO);
    80002a28:	357d                	addiw	a0,a0,-1
}
    80002a2a:	00253513          	sltiu	a0,a0,2
    80002a2e:	8082                	ret

0000000080002a30 <_kill>:
#include <errno.h>
#include "syscall.h"

int _kill(int pid, int sig)
{
    80002a30:	1141                	addi	sp,sp,-16
    80002a32:	e406                	sd	ra,8(sp)
    errno = EINVAL;
    80002a34:	106000ef          	jal	80002b3a <__errno>
    return -1;
}
    80002a38:	60a2                	ld	ra,8(sp)
    errno = EINVAL;
    80002a3a:	47d9                	li	a5,22
    80002a3c:	c11c                	sw	a5,0(a0)
}
    80002a3e:	557d                	li	a0,-1
    80002a40:	0141                	addi	sp,sp,16
    80002a42:	8082                	ret

0000000080002a44 <_lseek>:
#include <errno.h>
#include <sys/types.h>
#include "syscall.h"

off_t _lseek(int file, off_t ptr, int dir)
{
    80002a44:	1141                	addi	sp,sp,-16
    80002a46:	e406                	sd	ra,8(sp)
    errno = EBADF;
    80002a48:	0f2000ef          	jal	80002b3a <__errno>
    return -1;
}
    80002a4c:	60a2                	ld	ra,8(sp)
    errno = EBADF;
    80002a4e:	47a5                	li	a5,9
    80002a50:	c11c                	sw	a5,0(a0)
}
    80002a52:	557d                	li	a0,-1
    80002a54:	0141                	addi	sp,sp,16
    80002a56:	8082                	ret

0000000080002a58 <_read>:
#include <errno.h>
#include <sys/types.h>
#include "syscall.h"

ssize_t _read(int file, void *ptr, size_t len)
{
    80002a58:	1141                	addi	sp,sp,-16
    80002a5a:	e406                	sd	ra,8(sp)
    errno = ENOSYS;
    80002a5c:	0de000ef          	jal	80002b3a <__errno>
    return -1;
}
    80002a60:	60a2                	ld	ra,8(sp)
    errno = ENOSYS;
    80002a62:	05800793          	li	a5,88
    80002a66:	c11c                	sw	a5,0(a0)
}
    80002a68:	557d                	li	a0,-1
    80002a6a:	0141                	addi	sp,sp,16
    80002a6c:	8082                	ret

0000000080002a6e <_sbrk>:
{
    extern char __heap_end[];
    char *newbrk;
    char *oldbrk;

    oldbrk = curbrk;
    80002a6e:	00001717          	auipc	a4,0x1
    80002a72:	25270713          	addi	a4,a4,594 # 80003cc0 <curbrk>
    80002a76:	631c                	ld	a5,0(a4)
    newbrk = oldbrk + incr;
    if (unlikely((newbrk < _end) || (newbrk >= __heap_end))) {
    80002a78:	00005697          	auipc	a3,0x5
    80002a7c:	48868693          	addi	a3,a3,1160 # 80007f00 <_end>
    newbrk = oldbrk + incr;
    80002a80:	953e                	add	a0,a0,a5
    if (unlikely((newbrk < _end) || (newbrk >= __heap_end))) {
    80002a82:	00d56b63          	bltu	a0,a3,80002a98 <_sbrk+0x2a>
    80002a86:	00025697          	auipc	a3,0x25
    80002a8a:	57a68693          	addi	a3,a3,1402 # 80028000 <__heap_end>
    80002a8e:	00d57563          	bgeu	a0,a3,80002a98 <_sbrk+0x2a>
        errno = ENOMEM;
        return (void *)(-1);
    }

    curbrk = newbrk;
    80002a92:	e308                	sd	a0,0(a4)
    return oldbrk;
}
    80002a94:	853e                	mv	a0,a5
    80002a96:	8082                	ret
{
    80002a98:	1141                	addi	sp,sp,-16
    80002a9a:	e406                	sd	ra,8(sp)
        errno = ENOMEM;
    80002a9c:	09e000ef          	jal	80002b3a <__errno>
}
    80002aa0:	60a2                	ld	ra,8(sp)
        errno = ENOMEM;
    80002aa2:	47b1                	li	a5,12
    80002aa4:	c11c                	sw	a5,0(a0)
        return (void *)(-1);
    80002aa6:	57fd                	li	a5,-1
}
    80002aa8:	853e                	mv	a0,a5
    80002aaa:	0141                	addi	sp,sp,16
    80002aac:	8082                	ret

0000000080002aae <_write>:
#include <sys/types.h>
#include "syscall.h"

ssize_t _write(int fd, const void *ptr, size_t len)
{
    return SYSCALL3(SYS_write, fd, (uintptr_t)ptr, len);
    80002aae:	04000693          	li	a3,64
    80002ab2:	a80d                	j	80002ae4 <htif_syscall>

0000000080002ab4 <__init_tls>:
#include <string.h>

void __init_tls(void)
{
    80002ab4:	1141                	addi	sp,sp,-16
    extern char __tdata_start[];
    extern char __tbss_offset[];
    extern char __tdata_size[];
    extern char __tbss_size[];

    memcpy(__thread_self, __tdata_start, (size_t)__tdata_size);
    80002ab6:	00000613          	li	a2,0
    80002aba:	00000597          	auipc	a1,0x0
    80002abe:	26458593          	addi	a1,a1,612 # 80002d1e <__tbss_end>
    80002ac2:	8512                	mv	a0,tp
{
    80002ac4:	e022                	sd	s0,0(sp)
    80002ac6:	e406                	sd	ra,8(sp)
    memcpy(__thread_self, __tdata_start, (size_t)__tdata_size);
    80002ac8:	8412                	mv	s0,tp
    80002aca:	d17ff0ef          	jal	800027e0 <memcpy>
    memset(__thread_self + (size_t)__tbss_offset, 0, (size_t)__tbss_size);
    80002ace:	00000513          	li	a0,0
    80002ad2:	9522                	add	a0,a0,s0
}
    80002ad4:	6402                	ld	s0,0(sp)
    80002ad6:	60a2                	ld	ra,8(sp)
    memset(__thread_self + (size_t)__tbss_offset, 0, (size_t)__tbss_size);
    80002ad8:	00000613          	li	a2,0
    80002adc:	4581                	li	a1,0
}
    80002ade:	0141                	addi	sp,sp,16
    memset(__thread_self + (size_t)__tbss_offset, 0, (size_t)__tbss_size);
    80002ae0:	db7fe06f          	j	80001896 <memset>

0000000080002ae4 <htif_syscall>:
volatile uint64_t fromhost __attribute__ ((section (".htif")));

static spinlock_t htif_lock = SPINLOCK_INIT;

long htif_syscall(uint64_t a0, uint64_t a1, uint64_t a2, unsigned long n)
{
    80002ae4:	7139                	addi	sp,sp,-64
    volatile uint64_t buf[8];
    uint64_t sc;

    buf[0] = n;
    80002ae6:	e036                	sd	a3,0(sp)
    buf[1] = a0;
    80002ae8:	e42a                	sd	a0,8(sp)
    buf[2] = a1;
    buf[3] = a2;

    sc = HTIF_TOHOST(0, 0, (uintptr_t)&buf);
    80002aea:	fff007b7          	lui	a5,0xfff00
    buf[2] = a1;
    80002aee:	e82e                	sd	a1,16(sp)
    sc = HTIF_TOHOST(0, 0, (uintptr_t)&buf);
    80002af0:	83c1                	srli	a5,a5,0x10
    buf[3] = a2;
    80002af2:	ec32                	sd	a2,24(sp)
    sc = HTIF_TOHOST(0, 0, (uintptr_t)&buf);
    80002af4:	860a                	mv	a2,sp
    80002af6:	8e7d                	and	a2,a2,a5
    spin_lock(&htif_lock);
    80002af8:	87018713          	addi	a4,gp,-1936 # 80003d28 <htif_lock>

static inline long atomic_swap_acquire(atomic_t *p, atomic_t v)
{
    long n;
#ifdef __riscv_atomic
    __asm__ __volatile__ (
    80002afc:	56fd                	li	a3,-1
    return *((volatile const atomic_t *)p);
    80002afe:	431c                	lw	a5,0(a4)

static inline void spin_lock(spinlock_t *lock)
{
    do {
#ifdef __riscv_atomic
        while (atomic_load(&lock->lock));
    80002b00:	fffd                	bnez	a5,80002afe <htif_syscall+0x1a>
    __asm__ __volatile__ (
    80002b02:	0cd727af          	amoswap.w.aq	a5,a3,(a4)
#endif
    } while (atomic_swap_acquire(&lock->lock, -1));
    80002b06:	ffe5                	bnez	a5,80002afe <htif_syscall+0x1a>
static inline void wmb(void) { fence(w, w); }
    80002b08:	0110000f          	fence	w,w
    wmb();
    tohost = sc;
    80002b0c:	00001697          	auipc	a3,0x1
    80002b10:	0f468693          	addi	a3,a3,244 # 80003c00 <tohost>
    80002b14:	e290                	sd	a2,0(a3)
    while (fromhost == 0);
    80002b16:	669c                	ld	a5,8(a3)
    80002b18:	dffd                	beqz	a5,80002b16 <htif_syscall+0x32>
    fromhost = 0;
    80002b1a:	00001797          	auipc	a5,0x1
    80002b1e:	0e07b723          	sd	zero,238(a5) # 80003c08 <fromhost>
}

static inline void atomic_clear_release(atomic_t *p)
{
#ifdef __riscv_atomic
    __asm__ __volatile__ (
    80002b22:	0a07202f          	amoswap.w.rl	zero,zero,(a4)
static inline void rmb(void) { fence(r, r); }
    80002b26:	0220000f          	fence	r,r
    spin_unlock(&htif_lock);

    rmb();
    return buf[0];
    80002b2a:	6502                	ld	a0,0(sp)
}
    80002b2c:	6121                	addi	sp,sp,64
    80002b2e:	8082                	ret

0000000080002b30 <atexit>:
    80002b30:	85aa                	mv	a1,a0
    80002b32:	4681                	li	a3,0
    80002b34:	4601                	li	a2,0
    80002b36:	4501                	li	a0,0
    80002b38:	a045                	j	80002bd8 <__register_exitproc>

0000000080002b3a <__errno>:
    80002b3a:	00001517          	auipc	a0,0x1
    80002b3e:	17e53503          	ld	a0,382(a0) # 80003cb8 <_impure_ptr>
    80002b42:	8082                	ret

0000000080002b44 <__libc_init_array>:
    80002b44:	1101                	addi	sp,sp,-32
    80002b46:	e822                	sd	s0,16(sp)
    80002b48:	e426                	sd	s1,8(sp)
    80002b4a:	00001417          	auipc	s0,0x1
    80002b4e:	0b640413          	addi	s0,s0,182 # 80003c00 <tohost>
    80002b52:	00001497          	auipc	s1,0x1
    80002b56:	0ae48493          	addi	s1,s1,174 # 80003c00 <tohost>
    80002b5a:	8c81                	sub	s1,s1,s0
    80002b5c:	e04a                	sd	s2,0(sp)
    80002b5e:	ec06                	sd	ra,24(sp)
    80002b60:	848d                	srai	s1,s1,0x3
    80002b62:	4901                	li	s2,0
    80002b64:	02991563          	bne	s2,s1,80002b8e <__libc_init_array+0x4a>
    80002b68:	00001417          	auipc	s0,0x1
    80002b6c:	09840413          	addi	s0,s0,152 # 80003c00 <tohost>
    80002b70:	00001497          	auipc	s1,0x1
    80002b74:	09048493          	addi	s1,s1,144 # 80003c00 <tohost>
    80002b78:	8c81                	sub	s1,s1,s0
    80002b7a:	848d                	srai	s1,s1,0x3
    80002b7c:	4901                	li	s2,0
    80002b7e:	00991d63          	bne	s2,s1,80002b98 <__libc_init_array+0x54>
    80002b82:	60e2                	ld	ra,24(sp)
    80002b84:	6442                	ld	s0,16(sp)
    80002b86:	64a2                	ld	s1,8(sp)
    80002b88:	6902                	ld	s2,0(sp)
    80002b8a:	6105                	addi	sp,sp,32
    80002b8c:	8082                	ret
    80002b8e:	601c                	ld	a5,0(s0)
    80002b90:	0905                	addi	s2,s2,1
    80002b92:	0421                	addi	s0,s0,8
    80002b94:	9782                	jalr	a5
    80002b96:	b7f9                	j	80002b64 <__libc_init_array+0x20>
    80002b98:	601c                	ld	a5,0(s0)
    80002b9a:	0905                	addi	s2,s2,1
    80002b9c:	0421                	addi	s0,s0,8
    80002b9e:	9782                	jalr	a5
    80002ba0:	bff9                	j	80002b7e <__libc_init_array+0x3a>

0000000080002ba2 <__libc_fini_array>:
    80002ba2:	1101                	addi	sp,sp,-32
    80002ba4:	e822                	sd	s0,16(sp)
    80002ba6:	e426                	sd	s1,8(sp)
    80002ba8:	00001417          	auipc	s0,0x1
    80002bac:	05840413          	addi	s0,s0,88 # 80003c00 <tohost>
    80002bb0:	00001497          	auipc	s1,0x1
    80002bb4:	05048493          	addi	s1,s1,80 # 80003c00 <tohost>
    80002bb8:	8c05                	sub	s0,s0,s1
    80002bba:	ec06                	sd	ra,24(sp)
    80002bbc:	840d                	srai	s0,s0,0x3
    80002bbe:	e411                	bnez	s0,80002bca <__libc_fini_array+0x28>
    80002bc0:	60e2                	ld	ra,24(sp)
    80002bc2:	6442                	ld	s0,16(sp)
    80002bc4:	64a2                	ld	s1,8(sp)
    80002bc6:	6105                	addi	sp,sp,32
    80002bc8:	8082                	ret
    80002bca:	147d                	addi	s0,s0,-1
    80002bcc:	00341793          	slli	a5,s0,0x3
    80002bd0:	97a6                	add	a5,a5,s1
    80002bd2:	639c                	ld	a5,0(a5)
    80002bd4:	9782                	jalr	a5
    80002bd6:	b7e5                	j	80002bbe <__libc_fini_array+0x1c>

0000000080002bd8 <__register_exitproc>:
    80002bd8:	88aa                	mv	a7,a0
    80002bda:	88018513          	addi	a0,gp,-1920 # 80003d38 <__atexit>
    80002bde:	6118                	ld	a4,0(a0)
    80002be0:	e305                	bnez	a4,80002c00 <__register_exitproc+0x28>
    80002be2:	00005797          	auipc	a5,0x5
    80002be6:	20678793          	addi	a5,a5,518 # 80007de8 <__atexit0>
    80002bea:	e11c                	sd	a5,0(a0)
    80002bec:	00000713          	li	a4,0
    80002bf0:	c701                	beqz	a4,80002bf8 <__register_exitproc+0x20>
    80002bf2:	6318                	ld	a4,0(a4)
    80002bf4:	10e7b823          	sd	a4,272(a5)
    80002bf8:	00005717          	auipc	a4,0x5
    80002bfc:	1f070713          	addi	a4,a4,496 # 80007de8 <__atexit0>
    80002c00:	471c                	lw	a5,8(a4)
    80002c02:	487d                	li	a6,31
    80002c04:	557d                	li	a0,-1
    80002c06:	04f84763          	blt	a6,a5,80002c54 <__register_exitproc+0x7c>
    80002c0a:	02088d63          	beqz	a7,80002c44 <__register_exitproc+0x6c>
    80002c0e:	11073803          	ld	a6,272(a4)
    80002c12:	04080163          	beqz	a6,80002c54 <__register_exitproc+0x7c>
    80002c16:	00379513          	slli	a0,a5,0x3
    80002c1a:	9542                	add	a0,a0,a6
    80002c1c:	e110                	sd	a2,0(a0)
    80002c1e:	20082303          	lw	t1,512(a6)
    80002c22:	4605                	li	a2,1
    80002c24:	00f6163b          	sllw	a2,a2,a5
    80002c28:	00c36333          	or	t1,t1,a2
    80002c2c:	20682023          	sw	t1,512(a6)
    80002c30:	10d53023          	sd	a3,256(a0)
    80002c34:	4689                	li	a3,2
    80002c36:	00d89763          	bne	a7,a3,80002c44 <__register_exitproc+0x6c>
    80002c3a:	20482683          	lw	a3,516(a6)
    80002c3e:	8ed1                	or	a3,a3,a2
    80002c40:	20d82223          	sw	a3,516(a6)
    80002c44:	0017869b          	addiw	a3,a5,1
    80002c48:	0789                	addi	a5,a5,2
    80002c4a:	078e                	slli	a5,a5,0x3
    80002c4c:	c714                	sw	a3,8(a4)
    80002c4e:	973e                	add	a4,a4,a5
    80002c50:	e30c                	sd	a1,0(a4)
    80002c52:	4501                	li	a0,0
    80002c54:	8082                	ret

0000000080002c56 <__call_exitprocs>:
    80002c56:	711d                	addi	sp,sp,-96
    80002c58:	f852                	sd	s4,48(sp)
    80002c5a:	f456                	sd	s5,40(sp)
    80002c5c:	f05a                	sd	s6,32(sp)
    80002c5e:	ec5e                	sd	s7,24(sp)
    80002c60:	ec86                	sd	ra,88(sp)
    80002c62:	e8a2                	sd	s0,80(sp)
    80002c64:	e4a6                	sd	s1,72(sp)
    80002c66:	e0ca                	sd	s2,64(sp)
    80002c68:	fc4e                	sd	s3,56(sp)
    80002c6a:	e862                	sd	s8,16(sp)
    80002c6c:	e466                	sd	s9,8(sp)
    80002c6e:	8aaa                	mv	s5,a0
    80002c70:	8a2e                	mv	s4,a1
    80002c72:	88018b13          	addi	s6,gp,-1920 # 80003d38 <__atexit>
    80002c76:	4b85                	li	s7,1
    80002c78:	000b3483          	ld	s1,0(s6)
    80002c7c:	cc81                	beqz	s1,80002c94 <__call_exitprocs+0x3e>
    80002c7e:	4480                	lw	s0,8(s1)
    80002c80:	1104b983          	ld	s3,272(s1)
    80002c84:	fff4091b          	addiw	s2,s0,-1
    80002c88:	040e                	slli	s0,s0,0x3
    80002c8a:	00898cb3          	add	s9,s3,s0
    80002c8e:	9426                	add	s0,s0,s1
    80002c90:	00095f63          	bgez	s2,80002cae <__call_exitprocs+0x58>
    80002c94:	60e6                	ld	ra,88(sp)
    80002c96:	6446                	ld	s0,80(sp)
    80002c98:	64a6                	ld	s1,72(sp)
    80002c9a:	6906                	ld	s2,64(sp)
    80002c9c:	79e2                	ld	s3,56(sp)
    80002c9e:	7a42                	ld	s4,48(sp)
    80002ca0:	7aa2                	ld	s5,40(sp)
    80002ca2:	7b02                	ld	s6,32(sp)
    80002ca4:	6be2                	ld	s7,24(sp)
    80002ca6:	6c42                	ld	s8,16(sp)
    80002ca8:	6ca2                	ld	s9,8(sp)
    80002caa:	6125                	addi	sp,sp,96
    80002cac:	8082                	ret
    80002cae:	000a0c63          	beqz	s4,80002cc6 <__call_exitprocs+0x70>
    80002cb2:	00099663          	bnez	s3,80002cbe <__call_exitprocs+0x68>
    80002cb6:	397d                	addiw	s2,s2,-1
    80002cb8:	1ce1                	addi	s9,s9,-8
    80002cba:	1461                	addi	s0,s0,-8
    80002cbc:	bfd1                	j	80002c90 <__call_exitprocs+0x3a>
    80002cbe:	0f8cb783          	ld	a5,248(s9)
    80002cc2:	ff479ae3          	bne	a5,s4,80002cb6 <__call_exitprocs+0x60>
    80002cc6:	449c                	lw	a5,8(s1)
    80002cc8:	6418                	ld	a4,8(s0)
    80002cca:	37fd                	addiw	a5,a5,-1
    80002ccc:	03279963          	bne	a5,s2,80002cfe <__call_exitprocs+0xa8>
    80002cd0:	0124a423          	sw	s2,8(s1)
    80002cd4:	d36d                	beqz	a4,80002cb6 <__call_exitprocs+0x60>
    80002cd6:	0084ac03          	lw	s8,8(s1)
    80002cda:	00098963          	beqz	s3,80002cec <__call_exitprocs+0x96>
    80002cde:	2009a783          	lw	a5,512(s3)
    80002ce2:	012b96bb          	sllw	a3,s7,s2
    80002ce6:	8ff5                	and	a5,a5,a3
    80002ce8:	2781                	sext.w	a5,a5
    80002cea:	ef89                	bnez	a5,80002d04 <__call_exitprocs+0xae>
    80002cec:	9702                	jalr	a4
    80002cee:	4498                	lw	a4,8(s1)
    80002cf0:	000b3783          	ld	a5,0(s6)
    80002cf4:	f98712e3          	bne	a4,s8,80002c78 <__call_exitprocs+0x22>
    80002cf8:	faf48fe3          	beq	s1,a5,80002cb6 <__call_exitprocs+0x60>
    80002cfc:	bfb5                	j	80002c78 <__call_exitprocs+0x22>
    80002cfe:	00043423          	sd	zero,8(s0)
    80002d02:	bfc9                	j	80002cd4 <__call_exitprocs+0x7e>
    80002d04:	2049a783          	lw	a5,516(s3)
    80002d08:	ff8cb583          	ld	a1,-8(s9)
    80002d0c:	8ff5                	and	a5,a5,a3
    80002d0e:	2781                	sext.w	a5,a5
    80002d10:	e781                	bnez	a5,80002d18 <__call_exitprocs+0xc2>
    80002d12:	8556                	mv	a0,s5
    80002d14:	9702                	jalr	a4
    80002d16:	bfe1                	j	80002cee <__call_exitprocs+0x98>
    80002d18:	852e                	mv	a0,a1
    80002d1a:	9702                	jalr	a4
    80002d1c:	bfc9                	j	80002cee <__call_exitprocs+0x98>
