
/home/wtl/Voyager/tapeout-Voyager/software/embench/build_meek/minver.riscv:     file format elf64-littleriscv


Disassembly of section .text:

0000000080000000 <_start>:
    .global _start
    .type _start, @function
_start:
    .cfi_startproc

    li x1, 0
    80000000:	4081                	li	ra,0
    li x2, 0
    80000002:	4101                	li	sp,0
    li x3, 0
    80000004:	4181                	li	gp,0
    li x4, 0
    80000006:	4201                	li	tp,0
    li x5, 0
    80000008:	4281                	li	t0,0
    li x6, 0
    8000000a:	4301                	li	t1,0
    li x7, 0
    8000000c:	4381                	li	t2,0
    li x8, 0
    8000000e:	4401                	li	s0,0
    li x9, 0
    80000010:	4481                	li	s1,0
    li x10, 0
    80000012:	4501                	li	a0,0
    li x11, 0
    80000014:	4581                	li	a1,0
    li x12, 0
    80000016:	4601                	li	a2,0
    li x13, 0
    80000018:	4681                	li	a3,0
    li x14, 0
    8000001a:	4701                	li	a4,0
    li x15, 0
    8000001c:	4781                	li	a5,0
    li x16, 0
    8000001e:	4801                	li	a6,0
    li x17, 0
    80000020:	4881                	li	a7,0
    li x18, 0
    80000022:	4901                	li	s2,0
    li x19, 0
    80000024:	4981                	li	s3,0
    li x20, 0
    80000026:	4a01                	li	s4,0
    li x21, 0
    80000028:	4a81                	li	s5,0
    li x22, 0
    8000002a:	4b01                	li	s6,0
    li x23, 0
    8000002c:	4b81                	li	s7,0
    li x24, 0
    8000002e:	4c01                	li	s8,0
    li x25, 0
    80000030:	4c81                	li	s9,0
    li x26, 0
    80000032:	4d01                	li	s10,0
    li x27, 0
    80000034:	4d81                	li	s11,0
    li x28, 0
    80000036:	4e01                	li	t3,0
    li x29, 0
    80000038:	4e81                	li	t4,0
    li x30, 0
    8000003a:	4f01                	li	t5,0
    li x31, 0
    8000003c:	4f81                	li	t6,0

    li t0, (MSTATUS_FS | MSTATUS_XS | MSTATUS_VS)
    8000003e:	62f9                	lui	t0,0x1e
    80000040:	6002829b          	addiw	t0,t0,1536 # 1e600 <__stack_size+0x16600>
    csrs mstatus, t0
    80000044:	3002a073          	csrs	mstatus,t0

#ifdef __riscv_flen
    /* Initialize FPU if present */
    la t0, 1f
    80000048:	00000297          	auipc	t0,0x0
    8000004c:	09028293          	addi	t0,t0,144 # 800000d8 <_start+0xd8>
    csrw mtvec, t0
    80000050:	30529073          	csrw	mtvec,t0

    fscsr zero
    80000054:	00301073          	fscsr	zero
    fmv.s.x f0,  zero
    80000058:	f0000053          	fmv.w.x	ft0,zero
    fmv.s.x f1,  zero
    8000005c:	f00000d3          	fmv.w.x	ft1,zero
    fmv.s.x f2,  zero
    80000060:	f0000153          	fmv.w.x	ft2,zero
    fmv.s.x f3,  zero
    80000064:	f00001d3          	fmv.w.x	ft3,zero
    fmv.s.x f4,  zero
    80000068:	f0000253          	fmv.w.x	ft4,zero
    fmv.s.x f5,  zero
    8000006c:	f00002d3          	fmv.w.x	ft5,zero
    fmv.s.x f6,  zero
    80000070:	f0000353          	fmv.w.x	ft6,zero
    fmv.s.x f7,  zero
    80000074:	f00003d3          	fmv.w.x	ft7,zero
    fmv.s.x f8,  zero
    80000078:	f0000453          	fmv.w.x	fs0,zero
    fmv.s.x f9,  zero
    8000007c:	f00004d3          	fmv.w.x	fs1,zero
    fmv.s.x f10, zero
    80000080:	f0000553          	fmv.w.x	fa0,zero
    fmv.s.x f11, zero
    80000084:	f00005d3          	fmv.w.x	fa1,zero
    fmv.s.x f12, zero
    80000088:	f0000653          	fmv.w.x	fa2,zero
    fmv.s.x f13, zero
    8000008c:	f00006d3          	fmv.w.x	fa3,zero
    fmv.s.x f14, zero
    80000090:	f0000753          	fmv.w.x	fa4,zero
    fmv.s.x f15, zero
    80000094:	f00007d3          	fmv.w.x	fa5,zero
    fmv.s.x f16, zero
    80000098:	f0000853          	fmv.w.x	fa6,zero
    fmv.s.x f17, zero
    8000009c:	f00008d3          	fmv.w.x	fa7,zero
    fmv.s.x f18, zero
    800000a0:	f0000953          	fmv.w.x	fs2,zero
    fmv.s.x f19, zero
    800000a4:	f00009d3          	fmv.w.x	fs3,zero
    fmv.s.x f20, zero
    800000a8:	f0000a53          	fmv.w.x	fs4,zero
    fmv.s.x f21, zero
    800000ac:	f0000ad3          	fmv.w.x	fs5,zero
    fmv.s.x f22, zero
    800000b0:	f0000b53          	fmv.w.x	fs6,zero
    fmv.s.x f23, zero
    800000b4:	f0000bd3          	fmv.w.x	fs7,zero
    fmv.s.x f24, zero
    800000b8:	f0000c53          	fmv.w.x	fs8,zero
    fmv.s.x f25, zero
    800000bc:	f0000cd3          	fmv.w.x	fs9,zero
    fmv.s.x f26, zero
    800000c0:	f0000d53          	fmv.w.x	fs10,zero
    fmv.s.x f27, zero
    800000c4:	f0000dd3          	fmv.w.x	fs11,zero
    fmv.s.x f28, zero
    800000c8:	f0000e53          	fmv.w.x	ft8,zero
    fmv.s.x f29, zero
    800000cc:	f0000ed3          	fmv.w.x	ft9,zero
    fmv.s.x f30, zero
    800000d0:	f0000f53          	fmv.w.x	ft10,zero
    fmv.s.x f31, zero
    800000d4:	f0000fd3          	fmv.w.x	ft11,zero

    /* Initialize global pointer; disable relaxation to avoid relaxing
       the address calculation to "addi gp, gp, 0" */
    .option push
    .option norelax
    la gp, __global_pointer$
    800000d8:	00004197          	auipc	gp,0x4
    800000dc:	aa018193          	addi	gp,gp,-1376 # 80003b78 <__global_pointer$>
    .option pop

    /* Initialize thread pointer */
    csrr s0, mhartid
    800000e0:	f1402473          	csrr	s0,mhartid
    lui t0, %hi(__stack_shift)
    addi t0, t0, %lo(__stack_shift)
    800000e4:	00f00293          	li	t0,15
    la tp, __stack_start
    800000e8:	00024217          	auipc	tp,0x24
    800000ec:	f1820213          	addi	tp,tp,-232 # 80024000 <__heap_end>
    sll t0, s0, t0
    800000f0:	005412b3          	sll	t0,s0,t0
    add tp, tp, t0
    800000f4:	9216                	add	tp,tp,t0

    /* Initialize stack pointer */
    lui t0, %hi(__stack_size)
    800000f6:	62a1                	lui	t0,0x8
    addi t0, t0, %lo(__stack_size)
    800000f8:	00028293          	mv	t0,t0
    add sp, tp, t0
    800000fc:	00520133          	add	sp,tp,t0

    /* Initialize trap vector */
    la t0, trap_entry
    80000100:	00000297          	auipc	t0,0x0
    80000104:	04428293          	addi	t0,t0,68 # 80000144 <trap_entry>
    csrw mtvec, t0
    80000108:	30529073          	csrw	mtvec,t0

    /* Initialize TLS */
    call __init_tls
    8000010c:	447020ef          	jal	80002d52 <__init_tls>

    /* Skip global initialization if not the designated boot hart */
    la t0, __boot_hart
    80000110:	00000293          	li	t0,0
    bne s0, t0, _start_secondary
    80000114:	00540463          	beq	s0,t0,8000011c <_start+0x11c>
    80000118:	0f60006f          	j	8000020e <_start_secondary>

    /* Zero BSS segment */
    la t0, __bss_start
    8000011c:	83818293          	addi	t0,gp,-1992 # 800033b0 <uart_lock>
    la t1, __bss_end
    80000120:	c5818313          	addi	t1,gp,-936 # 800037d0 <_end>
    bgeu t0, t1, 2f
    80000124:	0062f763          	bgeu	t0,t1,80000132 <_start+0x132>
1:
    SREG zero, (t0)
    80000128:	0002b023          	sd	zero,0(t0)
    addi t0, t0, REGBYTES
    8000012c:	02a1                	addi	t0,t0,8
    bltu t0, t1, 1b
    8000012e:	fe62ede3          	bltu	t0,t1,80000128 <_start+0x128>
2:

    /* Call global constructors */
    la a0, __libc_fini_array
    80000132:	00003517          	auipc	a0,0x3
    80000136:	d0e50513          	addi	a0,a0,-754 # 80002e40 <__libc_fini_array>
    call atexit
    8000013a:	495020ef          	jal	80002dce <atexit>
    call __libc_init_array
    8000013e:	4a5020ef          	jal	80002de2 <__libc_init_array>

    /* Call main function */
    tail _start_main
    80000142:	a075                	j	800001ee <_start_main>

0000000080000144 <trap_entry>:
    .cfi_endproc


    .align 2
trap_entry:
    csrw mscratch, sp
    80000144:	34011073          	csrw	mscratch,sp
    addi sp, sp, -(32*REGBYTES)
    80000148:	7111                	addi	sp,sp,-256

    /* Save trap frame */
    SREG x1, 1*REGBYTES(sp)
    8000014a:	e406                	sd	ra,8(sp)
    csrr x1, mscratch
    8000014c:	340020f3          	csrr	ra,mscratch
    SREG x1, 2*REGBYTES(sp)
    80000150:	e806                	sd	ra,16(sp)
    SREG x3, 3*REGBYTES(sp)
    80000152:	ec0e                	sd	gp,24(sp)
    SREG x4, 4*REGBYTES(sp)
    80000154:	f012                	sd	tp,32(sp)
    SREG x5, 5*REGBYTES(sp)
    80000156:	f416                	sd	t0,40(sp)
    SREG x6, 6*REGBYTES(sp)
    80000158:	f81a                	sd	t1,48(sp)
    SREG x7, 7*REGBYTES(sp)
    8000015a:	fc1e                	sd	t2,56(sp)
    SREG x8, 8*REGBYTES(sp)
    8000015c:	e0a2                	sd	s0,64(sp)
    SREG x9, 9*REGBYTES(sp)
    8000015e:	e4a6                	sd	s1,72(sp)
    SREG x10, 10*REGBYTES(sp)
    80000160:	e8aa                	sd	a0,80(sp)
    SREG x11, 11*REGBYTES(sp)
    80000162:	ecae                	sd	a1,88(sp)
    SREG x12, 12*REGBYTES(sp)
    80000164:	f0b2                	sd	a2,96(sp)
    SREG x13, 13*REGBYTES(sp)
    80000166:	f4b6                	sd	a3,104(sp)
    SREG x14, 14*REGBYTES(sp)
    80000168:	f8ba                	sd	a4,112(sp)
    SREG x15, 15*REGBYTES(sp)
    8000016a:	fcbe                	sd	a5,120(sp)
    SREG x16, 16*REGBYTES(sp)
    8000016c:	e142                	sd	a6,128(sp)
    SREG x17, 17*REGBYTES(sp)
    8000016e:	e546                	sd	a7,136(sp)
    SREG x18, 18*REGBYTES(sp)
    80000170:	e94a                	sd	s2,144(sp)
    SREG x19, 19*REGBYTES(sp)
    80000172:	ed4e                	sd	s3,152(sp)
    SREG x20, 20*REGBYTES(sp)
    80000174:	f152                	sd	s4,160(sp)
    SREG x21, 21*REGBYTES(sp)
    80000176:	f556                	sd	s5,168(sp)
    SREG x22, 22*REGBYTES(sp)
    80000178:	f95a                	sd	s6,176(sp)
    SREG x23, 23*REGBYTES(sp)
    8000017a:	fd5e                	sd	s7,184(sp)
    SREG x24, 24*REGBYTES(sp)
    8000017c:	e1e2                	sd	s8,192(sp)
    SREG x25, 25*REGBYTES(sp)
    8000017e:	e5e6                	sd	s9,200(sp)
    SREG x26, 26*REGBYTES(sp)
    80000180:	e9ea                	sd	s10,208(sp)
    SREG x27, 27*REGBYTES(sp)
    80000182:	edee                	sd	s11,216(sp)
    SREG x28, 28*REGBYTES(sp)
    80000184:	f1f2                	sd	t3,224(sp)
    SREG x29, 29*REGBYTES(sp)
    80000186:	f5f6                	sd	t4,232(sp)
    SREG x30, 30*REGBYTES(sp)
    80000188:	f9fa                	sd	t5,240(sp)
    SREG x31, 31*REGBYTES(sp)
    8000018a:	fdfe                	sd	t6,248(sp)

    /* Invoke higher-level trap handler */
    csrr a0, mepc
    8000018c:	34102573          	csrr	a0,mepc
    csrr a1, mcause
    80000190:	342025f3          	csrr	a1,mcause
    csrr a2, mtval
    80000194:	34302673          	csrr	a2,mtval
    mv a3, sp
    80000198:	868a                	mv	a3,sp
    call handle_trap
    8000019a:	142000ef          	jal	800002dc <handle_trap>
    csrw mepc, a0
    8000019e:	34151073          	csrw	mepc,a0

    /* Remain in M-mode after return */
    li t0, MSTATUS_MPP
    800001a2:	6289                	lui	t0,0x2
    800001a4:	8002829b          	addiw	t0,t0,-2048 # 1800 <__stack_align+0x17f0>
    csrs mstatus, t0
    800001a8:	3002a073          	csrs	mstatus,t0

    LREG x1, 1*REGBYTES(sp)
    800001ac:	60a2                	ld	ra,8(sp)
    LREG x3, 3*REGBYTES(sp)
    800001ae:	61e2                	ld	gp,24(sp)
    LREG x4, 4*REGBYTES(sp)
    800001b0:	7202                	ld	tp,32(sp)
    LREG x5, 5*REGBYTES(sp)
    800001b2:	72a2                	ld	t0,40(sp)
    LREG x6, 6*REGBYTES(sp)
    800001b4:	7342                	ld	t1,48(sp)
    LREG x7, 7*REGBYTES(sp)
    800001b6:	73e2                	ld	t2,56(sp)
    LREG x8, 8*REGBYTES(sp)
    800001b8:	6406                	ld	s0,64(sp)
    LREG x9, 9*REGBYTES(sp)
    800001ba:	64a6                	ld	s1,72(sp)
    LREG x10, 10*REGBYTES(sp)
    800001bc:	6546                	ld	a0,80(sp)
    LREG x11, 11*REGBYTES(sp)
    800001be:	65e6                	ld	a1,88(sp)
    LREG x12, 12*REGBYTES(sp)
    800001c0:	7606                	ld	a2,96(sp)
    LREG x13, 13*REGBYTES(sp)
    800001c2:	76a6                	ld	a3,104(sp)
    LREG x14, 14*REGBYTES(sp)
    800001c4:	7746                	ld	a4,112(sp)
    LREG x15, 15*REGBYTES(sp)
    800001c6:	77e6                	ld	a5,120(sp)
    LREG x16, 16*REGBYTES(sp)
    800001c8:	680a                	ld	a6,128(sp)
    LREG x17, 17*REGBYTES(sp)
    800001ca:	68aa                	ld	a7,136(sp)
    LREG x18, 18*REGBYTES(sp)
    800001cc:	694a                	ld	s2,144(sp)
    LREG x19, 19*REGBYTES(sp)
    800001ce:	69ea                	ld	s3,152(sp)
    LREG x20, 20*REGBYTES(sp)
    800001d0:	7a0a                	ld	s4,160(sp)
    LREG x21, 21*REGBYTES(sp)
    800001d2:	7aaa                	ld	s5,168(sp)
    LREG x22, 22*REGBYTES(sp)
    800001d4:	7b4a                	ld	s6,176(sp)
    LREG x23, 23*REGBYTES(sp)
    800001d6:	7bea                	ld	s7,184(sp)
    LREG x24, 24*REGBYTES(sp)
    800001d8:	6c0e                	ld	s8,192(sp)
    LREG x25, 25*REGBYTES(sp)
    800001da:	6cae                	ld	s9,200(sp)
    LREG x26, 26*REGBYTES(sp)
    800001dc:	6d4e                	ld	s10,208(sp)
    LREG x27, 27*REGBYTES(sp)
    800001de:	6dee                	ld	s11,216(sp)
    LREG x28, 28*REGBYTES(sp)
    800001e0:	7e0e                	ld	t3,224(sp)
    LREG x29, 29*REGBYTES(sp)
    800001e2:	7eae                	ld	t4,232(sp)
    LREG x30, 30*REGBYTES(sp)
    800001e4:	7f4e                	ld	t5,240(sp)
    LREG x31, 31*REGBYTES(sp)
    800001e6:	7fee                	ld	t6,248(sp)
    /* Restore sp last */
    LREG x2, 2*REGBYTES(sp)
    800001e8:	6142                	ld	sp,16(sp)

    mret
    800001ea:	30200073          	mret

00000000800001ee <_start_main>:
    .endm

    .global _start_main
    .type _start_main, @function
_start_main:
    BARRIER_PASS __boot_sync
    800001ee:	52fd                	li	t0,-1
    800001f0:	0110000f          	fence	w,w
    800001f4:	b251ac23          	sw	t0,-1224(gp) # 800036b0 <__boot_sync>
    ENTER main
    800001f8:	4505                	li	a0,1
    800001fa:	00003597          	auipc	a1,0x3
    800001fe:	07658593          	addi	a1,a1,118 # 80003270 <argv>
    80000202:	8101b603          	ld	a2,-2032(gp) # 80003388 <environ>
    80000206:	02a000ef          	jal	80000230 <main>
    8000020a:	1f40106f          	j	800013fe <exit>

000000008000020e <_start_secondary>:

    .global _start_secondary
    .type _start_secondary, @function
_start_secondary:
    /* Synchronize secondary harts */
    BARRIER_WAIT __boot_sync
    8000020e:	b381a283          	lw	t0,-1224(gp) # 800036b0 <__boot_sync>
    80000212:	fe028ee3          	beqz	t0,8000020e <_start_secondary>
    80000216:	0220000f          	fence	r,r
    ENTER __main
    8000021a:	4505                	li	a0,1
    8000021c:	00003597          	auipc	a1,0x3
    80000220:	05458593          	addi	a1,a1,84 # 80003270 <argv>
    80000224:	8101b603          	ld	a2,-2032(gp) # 80003388 <environ>
    80000228:	710000ef          	jal	80000938 <__main>
    8000022c:	1d20106f          	j	800013fe <exit>

0000000080000230 <main>:
    80000230:	fe010113          	addi	sp,sp,-32
    80000234:	00113c23          	sd	ra,24(sp)
    80000238:	15d000ef          	jal	80000b94 <initialise_board>
    8000023c:	168010ef          	jal	800013a4 <initialise_benchmark>
    80000240:	00100513          	li	a0,1
    80000244:	164010ef          	jal	800013a8 <warm_caches>
    80000248:	2d0000ef          	jal	80000518 <rStartup>
    8000024c:	151000ef          	jal	80000b9c <start_trigger>
    80000250:	15c010ef          	jal	800013ac <benchmark>
    80000254:	00a12623          	sw	a0,12(sp)
    80000258:	14d000ef          	jal	80000ba4 <stop_trigger>
    8000025c:	698000ef          	jal	800008f4 <rCleanup>
    80000260:	00c12503          	lw	a0,12(sp)
    80000264:	080010ef          	jal	800012e4 <verify_benchmark>
    80000268:	01813083          	ld	ra,24(sp)
    8000026c:	00153513          	seqz	a0,a0
    80000270:	02010113          	addi	sp,sp,32
    80000274:	00008067          	ret

0000000080000278 <mtimecmp_cfg>:
    80000278:	f1402873          	csrr	a6,mhartid
    8000027c:	004017b7          	lui	a5,0x401
    80000280:	80078793          	addi	a5,a5,-2048 # 400800 <__heap_size+0x3e0800>
    80000284:	00f80833          	add	a6,a6,a5
    80000288:	0200c6b7          	lui	a3,0x200c
    8000028c:	0200c537          	lui	a0,0x200c
    80000290:	00381813          	slli	a6,a6,0x3
    80000294:	ffc68693          	addi	a3,a3,-4 # 200bffc <__heap_size+0x1febffc>
    80000298:	ff850513          	addi	a0,a0,-8 # 200bff8 <__heap_size+0x1febff8>
    8000029c:	0006a703          	lw	a4,0(a3)
    800002a0:	00052783          	lw	a5,0(a0)
    800002a4:	0006a583          	lw	a1,0(a3)
    800002a8:	0007061b          	sext.w	a2,a4
    800002ac:	0007879b          	sext.w	a5,a5
    800002b0:	feb716e3          	bne	a4,a1,8000029c <mtimecmp_cfg+0x24>
    800002b4:	02079793          	slli	a5,a5,0x20
    800002b8:	0207d793          	srli	a5,a5,0x20
    800002bc:	02061613          	slli	a2,a2,0x20
    800002c0:	00f66633          	or	a2,a2,a5
    800002c4:	02060613          	addi	a2,a2,32
    800002c8:	0006079b          	sext.w	a5,a2
    800002cc:	00f82023          	sw	a5,0(a6)
    800002d0:	42065613          	srai	a2,a2,0x20
    800002d4:	00c82223          	sw	a2,4(a6)
    800002d8:	00008067          	ret

00000000800002dc <handle_trap>:
    800002dc:	f14027f3          	csrr	a5,mhartid
    800002e0:	0805dc63          	bgez	a1,80000378 <handle_trap+0x9c>
    800002e4:	34402773          	csrr	a4,mip
    800002e8:	00877713          	andi	a4,a4,8
    800002ec:	00070c63          	beqz	a4,80000304 <handle_trap+0x28>
    800002f0:	00800737          	lui	a4,0x800
    800002f4:	00e787b3          	add	a5,a5,a4
    800002f8:	00279793          	slli	a5,a5,0x2
    800002fc:	0007a023          	sw	zero,0(a5)
    80000300:	00008067          	ret
    80000304:	34402773          	csrr	a4,mip
    80000308:	08077713          	andi	a4,a4,128
    8000030c:	06070a63          	beqz	a4,80000380 <handle_trap+0xa4>
    80000310:	06079e63          	bnez	a5,8000038c <handle_trap+0xb0>
    80000314:	8a01a783          	lw	a5,-1888(gp) # 80003418 <timer_flags>
    80000318:	8a018713          	addi	a4,gp,-1888 # 80003418 <timer_flags>
    8000031c:	0017879b          	addiw	a5,a5,1
    80000320:	00f72023          	sw	a5,0(a4) # 800000 <__heap_size+0x7e0000>
    80000324:	00072683          	lw	a3,0(a4)
    80000328:	03100793          	li	a5,49
    8000032c:	0cd7ce63          	blt	a5,a3,80000408 <handle_trap+0x12c>
    80000330:	0200c6b7          	lui	a3,0x200c
    80000334:	0200c837          	lui	a6,0x200c
    80000338:	ffc68693          	addi	a3,a3,-4 # 200bffc <__heap_size+0x1febffc>
    8000033c:	ff880813          	addi	a6,a6,-8 # 200bff8 <__heap_size+0x1febff8>
    80000340:	0006a703          	lw	a4,0(a3)
    80000344:	00082783          	lw	a5,0(a6)
    80000348:	0006a603          	lw	a2,0(a3)
    8000034c:	0007059b          	sext.w	a1,a4
    80000350:	0007879b          	sext.w	a5,a5
    80000354:	fec716e3          	bne	a4,a2,80000340 <handle_trap+0x64>
    80000358:	02079793          	slli	a5,a5,0x20
    8000035c:	02059593          	slli	a1,a1,0x20
    80000360:	0207d793          	srli	a5,a5,0x20
    80000364:	00f5e7b3          	or	a5,a1,a5
    80000368:	02078793          	addi	a5,a5,32
    8000036c:	02004737          	lui	a4,0x2004
    80000370:	00f73023          	sd	a5,0(a4) # 2004000 <__heap_size+0x1fe4000>
    80000374:	00008067          	ret
    80000378:	00b00793          	li	a5,11
    8000037c:	00f58463          	beq	a1,a5,80000384 <handle_trap+0xa8>
    80000380:	00008067          	ret
    80000384:	00450513          	addi	a0,a0,4
    80000388:	00008067          	ret
    8000038c:	00100713          	li	a4,1
    80000390:	08e78e63          	beq	a5,a4,8000042c <handle_trap+0x150>
    80000394:	00200713          	li	a4,2
    80000398:	0ee78c63          	beq	a5,a4,80000490 <handle_trap+0x1b4>
    8000039c:	00300713          	li	a4,3
    800003a0:	fee790e3          	bne	a5,a4,80000380 <handle_trap+0xa4>
    800003a4:	8ac1a783          	lw	a5,-1876(gp) # 80003424 <timer_flags+0xc>
    800003a8:	8a018713          	addi	a4,gp,-1888 # 80003418 <timer_flags>
    800003ac:	0017879b          	addiw	a5,a5,1
    800003b0:	00f72623          	sw	a5,12(a4)
    800003b4:	00c72683          	lw	a3,12(a4)
    800003b8:	03100793          	li	a5,49
    800003bc:	14d7c863          	blt	a5,a3,8000050c <handle_trap+0x230>
    800003c0:	0200c6b7          	lui	a3,0x200c
    800003c4:	0200c837          	lui	a6,0x200c
    800003c8:	ffc68693          	addi	a3,a3,-4 # 200bffc <__heap_size+0x1febffc>
    800003cc:	ff880813          	addi	a6,a6,-8 # 200bff8 <__heap_size+0x1febff8>
    800003d0:	0006a703          	lw	a4,0(a3)
    800003d4:	00082783          	lw	a5,0(a6)
    800003d8:	0006a603          	lw	a2,0(a3)
    800003dc:	0007059b          	sext.w	a1,a4
    800003e0:	0007879b          	sext.w	a5,a5
    800003e4:	fec716e3          	bne	a4,a2,800003d0 <handle_trap+0xf4>
    800003e8:	02079793          	slli	a5,a5,0x20
    800003ec:	02059593          	slli	a1,a1,0x20
    800003f0:	0207d793          	srli	a5,a5,0x20
    800003f4:	00f5e7b3          	or	a5,a1,a5
    800003f8:	02004737          	lui	a4,0x2004
    800003fc:	02078793          	addi	a5,a5,32
    80000400:	00f73c23          	sd	a5,24(a4) # 2004018 <__heap_size+0x1fe4018>
    80000404:	00008067          	ret
    80000408:	00072703          	lw	a4,0(a4)
    8000040c:	f6e7dae3          	bge	a5,a4,80000380 <handle_trap+0xa4>
    80000410:	304027f3          	csrr	a5,mie
    80000414:	f7f7f793          	andi	a5,a5,-129
    80000418:	30479073          	csrw	mie,a5
    8000041c:	300027f3          	csrr	a5,mstatus
    80000420:	ff77f793          	andi	a5,a5,-9
    80000424:	30079073          	csrw	mstatus,a5
    80000428:	00008067          	ret
    8000042c:	8a41a783          	lw	a5,-1884(gp) # 8000341c <timer_flags+0x4>
    80000430:	8a018713          	addi	a4,gp,-1888 # 80003418 <timer_flags>
    80000434:	0017879b          	addiw	a5,a5,1
    80000438:	00f72223          	sw	a5,4(a4)
    8000043c:	00472683          	lw	a3,4(a4)
    80000440:	03100793          	li	a5,49
    80000444:	0ad7c863          	blt	a5,a3,800004f4 <handle_trap+0x218>
    80000448:	0200c6b7          	lui	a3,0x200c
    8000044c:	0200c837          	lui	a6,0x200c
    80000450:	ffc68693          	addi	a3,a3,-4 # 200bffc <__heap_size+0x1febffc>
    80000454:	ff880813          	addi	a6,a6,-8 # 200bff8 <__heap_size+0x1febff8>
    80000458:	0006a703          	lw	a4,0(a3)
    8000045c:	00082783          	lw	a5,0(a6)
    80000460:	0006a603          	lw	a2,0(a3)
    80000464:	0007059b          	sext.w	a1,a4
    80000468:	0007879b          	sext.w	a5,a5
    8000046c:	fec716e3          	bne	a4,a2,80000458 <handle_trap+0x17c>
    80000470:	02079793          	slli	a5,a5,0x20
    80000474:	02059593          	slli	a1,a1,0x20
    80000478:	0207d793          	srli	a5,a5,0x20
    8000047c:	00f5e7b3          	or	a5,a1,a5
    80000480:	02004737          	lui	a4,0x2004
    80000484:	02078793          	addi	a5,a5,32
    80000488:	00f73423          	sd	a5,8(a4) # 2004008 <__heap_size+0x1fe4008>
    8000048c:	00008067          	ret
    80000490:	8a81a783          	lw	a5,-1880(gp) # 80003420 <timer_flags+0x8>
    80000494:	8a018713          	addi	a4,gp,-1888 # 80003418 <timer_flags>
    80000498:	0017879b          	addiw	a5,a5,1
    8000049c:	00f72423          	sw	a5,8(a4)
    800004a0:	00872683          	lw	a3,8(a4)
    800004a4:	03100793          	li	a5,49
    800004a8:	04d7cc63          	blt	a5,a3,80000500 <handle_trap+0x224>
    800004ac:	0200c6b7          	lui	a3,0x200c
    800004b0:	0200c837          	lui	a6,0x200c
    800004b4:	ffc68693          	addi	a3,a3,-4 # 200bffc <__heap_size+0x1febffc>
    800004b8:	ff880813          	addi	a6,a6,-8 # 200bff8 <__heap_size+0x1febff8>
    800004bc:	0006a703          	lw	a4,0(a3)
    800004c0:	00082783          	lw	a5,0(a6)
    800004c4:	0006a603          	lw	a2,0(a3)
    800004c8:	0007059b          	sext.w	a1,a4
    800004cc:	0007879b          	sext.w	a5,a5
    800004d0:	fec716e3          	bne	a4,a2,800004bc <handle_trap+0x1e0>
    800004d4:	02079793          	slli	a5,a5,0x20
    800004d8:	02059593          	slli	a1,a1,0x20
    800004dc:	0207d793          	srli	a5,a5,0x20
    800004e0:	00f5e7b3          	or	a5,a1,a5
    800004e4:	02004737          	lui	a4,0x2004
    800004e8:	02078793          	addi	a5,a5,32
    800004ec:	00f73823          	sd	a5,16(a4) # 2004010 <__heap_size+0x1fe4010>
    800004f0:	00008067          	ret
    800004f4:	00472703          	lw	a4,4(a4)
    800004f8:	e8e7d4e3          	bge	a5,a4,80000380 <handle_trap+0xa4>
    800004fc:	f15ff06f          	j	80000410 <handle_trap+0x134>
    80000500:	00872703          	lw	a4,8(a4)
    80000504:	e6e7dee3          	bge	a5,a4,80000380 <handle_trap+0xa4>
    80000508:	f09ff06f          	j	80000410 <handle_trap+0x134>
    8000050c:	00c72703          	lw	a4,12(a4)
    80000510:	e6e7d8e3          	bge	a5,a4,80000380 <handle_trap+0xa4>
    80000514:	efdff06f          	j	80000410 <handle_trap+0x134>

0000000080000518 <rStartup>:
    80000518:	ff010113          	addi	sp,sp,-16
    8000051c:	00113423          	sd	ra,8(sp)
    80000520:	00813023          	sd	s0,0(sp)
    80000524:	00400593          	li	a1,4
    80000528:	3805a02b          	.word	0x3805a02b
    8000052c:	006405b7          	lui	a1,0x640
    80000530:	01258593          	addi	a1,a1,18 # 640012 <__heap_size+0x620012>
    80000534:	00200613          	li	a2,2
    80000538:	0cc5b02b          	.word	0x0cc5b02b
    8000053c:	106405b7          	lui	a1,0x10640
    80000540:	01258593          	addi	a1,a1,18 # 10640012 <__heap_size+0x10620012>
    80000544:	0cc5b02b          	.word	0x0cc5b02b
    80000548:	206405b7          	lui	a1,0x20640
    8000054c:	01258593          	addi	a1,a1,18 # 20640012 <__heap_size+0x20620012>
    80000550:	0cc5b02b          	.word	0x0cc5b02b
    80000554:	306405b7          	lui	a1,0x30640
    80000558:	01258593          	addi	a1,a1,18 # 30640012 <__heap_size+0x30620012>
    8000055c:	0cc5b02b          	.word	0x0cc5b02b
    80000560:	406405b7          	lui	a1,0x40640
    80000564:	01258593          	addi	a1,a1,18 # 40640012 <__heap_size+0x40620012>
    80000568:	0cc5b02b          	.word	0x0cc5b02b
    8000056c:	506405b7          	lui	a1,0x50640
    80000570:	01258593          	addi	a1,a1,18 # 50640012 <__heap_size+0x50620012>
    80000574:	0cc5b02b          	.word	0x0cc5b02b
    80000578:	606405b7          	lui	a1,0x60640
    8000057c:	01258593          	addi	a1,a1,18 # 60640012 <__heap_size+0x60620012>
    80000580:	0cc5b02b          	.word	0x0cc5b02b
    80000584:	20e405b7          	lui	a1,0x20e40
    80000588:	01258593          	addi	a1,a1,18 # 20e40012 <__heap_size+0x20e20012>
    8000058c:	0cc5b02b          	.word	0x0cc5b02b
    80000590:	30e405b7          	lui	a1,0x30e40
    80000594:	01258593          	addi	a1,a1,18 # 30e40012 <__heap_size+0x30e20012>
    80000598:	0cc5b02b          	.word	0x0cc5b02b
    8000059c:	40e405b7          	lui	a1,0x40e40
    800005a0:	01258593          	addi	a1,a1,18 # 40e40012 <__heap_size+0x40e20012>
    800005a4:	0cc5b02b          	.word	0x0cc5b02b
    800005a8:	02001737          	lui	a4,0x2001
    800005ac:	00671713          	slli	a4,a4,0x6
    800005b0:	00100693          	li	a3,1
    800005b4:	200007b7          	lui	a5,0x20000
    800005b8:	01270713          	addi	a4,a4,18 # 2001012 <__heap_size+0x1fe1012>
    800005bc:	10000537          	lui	a0,0x10000
    800005c0:	01f69693          	slli	a3,a3,0x1f
    800005c4:	00e7e5b3          	or	a1,a5,a4
    800005c8:	00200613          	li	a2,2
    800005cc:	0cc5b02b          	.word	0x0cc5b02b
    800005d0:	00a787b3          	add	a5,a5,a0
    800005d4:	fed798e3          	bne	a5,a3,800005c4 <rStartup+0xac>
    800005d8:	02011737          	lui	a4,0x2011
    800005dc:	00671713          	slli	a4,a4,0x6
    800005e0:	00100693          	li	a3,1
    800005e4:	200007b7          	lui	a5,0x20000
    800005e8:	01270713          	addi	a4,a4,18 # 2011012 <__heap_size+0x1ff1012>
    800005ec:	10000537          	lui	a0,0x10000
    800005f0:	01f69693          	slli	a3,a3,0x1f
    800005f4:	00e7e5b3          	or	a1,a5,a4
    800005f8:	00200613          	li	a2,2
    800005fc:	0cc5b02b          	.word	0x0cc5b02b
    80000600:	00a787b3          	add	a5,a5,a0
    80000604:	fed798e3          	bne	a5,a3,800005f4 <rStartup+0xdc>
    80000608:	046605b7          	lui	a1,0x4660
    8000060c:	02258593          	addi	a1,a1,34 # 4660022 <__heap_size+0x4640022>
    80000610:	0cc5b02b          	.word	0x0cc5b02b
    80000614:	146605b7          	lui	a1,0x14660
    80000618:	02258593          	addi	a1,a1,34 # 14660022 <__heap_size+0x14640022>
    8000061c:	0cc5b02b          	.word	0x0cc5b02b
    80000620:	246605b7          	lui	a1,0x24660
    80000624:	02258593          	addi	a1,a1,34 # 24660022 <__heap_size+0x24640022>
    80000628:	0cc5b02b          	.word	0x0cc5b02b
    8000062c:	346605b7          	lui	a1,0x34660
    80000630:	02258593          	addi	a1,a1,34 # 34660022 <__heap_size+0x34640022>
    80000634:	0cc5b02b          	.word	0x0cc5b02b
    80000638:	24e605b7          	lui	a1,0x24e60
    8000063c:	02258593          	addi	a1,a1,34 # 24e60022 <__heap_size+0x24e40022>
    80000640:	0cc5b02b          	.word	0x0cc5b02b
    80000644:	34e605b7          	lui	a1,0x34e60
    80000648:	02258593          	addi	a1,a1,34 # 34e60022 <__heap_size+0x34e40022>
    8000064c:	0cc5b02b          	.word	0x0cc5b02b
    80000650:	44e605b7          	lui	a1,0x44e60
    80000654:	02258593          	addi	a1,a1,34 # 44e60022 <__heap_size+0x44e40022>
    80000658:	0cc5b02b          	.word	0x0cc5b02b
    8000065c:	04043737          	lui	a4,0x4043
    80000660:	00571713          	slli	a4,a4,0x5
    80000664:	00100693          	li	a3,1
    80000668:	200007b7          	lui	a5,0x20000
    8000066c:	02270713          	addi	a4,a4,34 # 4043022 <__heap_size+0x4023022>
    80000670:	10000537          	lui	a0,0x10000
    80000674:	01f69693          	slli	a3,a3,0x1f
    80000678:	00e7e5b3          	or	a1,a5,a4
    8000067c:	00200613          	li	a2,2
    80000680:	0cc5b02b          	.word	0x0cc5b02b
    80000684:	00a787b3          	add	a5,a5,a0
    80000688:	fed798e3          	bne	a5,a3,80000678 <rStartup+0x160>
    8000068c:	04063737          	lui	a4,0x4063
    80000690:	00571713          	slli	a4,a4,0x5
    80000694:	00100693          	li	a3,1
    80000698:	200007b7          	lui	a5,0x20000
    8000069c:	02270713          	addi	a4,a4,34 # 4063022 <__heap_size+0x4043022>
    800006a0:	10000537          	lui	a0,0x10000
    800006a4:	01f69693          	slli	a3,a3,0x1f
    800006a8:	00e7e5b3          	or	a1,a5,a4
    800006ac:	00200613          	li	a2,2
    800006b0:	0cc5b02b          	.word	0x0cc5b02b
    800006b4:	00a787b3          	add	a5,a5,a0
    800006b8:	fed798e3          	bne	a5,a3,800006a8 <rStartup+0x190>
    800006bc:	1e6205b7          	lui	a1,0x1e620
    800006c0:	03258593          	addi	a1,a1,50 # 1e620032 <__heap_size+0x1e600032>
    800006c4:	0cc5b02b          	.word	0x0cc5b02b
    800006c8:	2e6205b7          	lui	a1,0x2e620
    800006cc:	03258593          	addi	a1,a1,50 # 2e620032 <__heap_size+0x2e600032>
    800006d0:	0cc5b02b          	.word	0x0cc5b02b
    800006d4:	3e6205b7          	lui	a1,0x3e620
    800006d8:	03258593          	addi	a1,a1,50 # 3e620032 <__heap_size+0x3e600032>
    800006dc:	0cc5b02b          	.word	0x0cc5b02b
    800006e0:	5e6205b7          	lui	a1,0x5e620
    800006e4:	03258593          	addi	a1,a1,50 # 5e620032 <__heap_size+0x5e600032>
    800006e8:	0cc5b02b          	.word	0x0cc5b02b
    800006ec:	6e6205b7          	lui	a1,0x6e620
    800006f0:	03258593          	addi	a1,a1,50 # 6e620032 <__heap_size+0x6e600032>
    800006f4:	0cc5b02b          	.word	0x0cc5b02b
    800006f8:	7e6205b7          	lui	a1,0x7e620
    800006fc:	03258593          	addi	a1,a1,50 # 7e620032 <__heap_size+0x7e600032>
    80000700:	0cc5b02b          	.word	0x0cc5b02b
    80000704:	25ea05b7          	lui	a1,0x25ea0
    80000708:	01258593          	addi	a1,a1,18 # 25ea0012 <__heap_size+0x25e80012>
    8000070c:	0cc5b02b          	.word	0x0cc5b02b
    80000710:	35ea05b7          	lui	a1,0x35ea0
    80000714:	01258593          	addi	a1,a1,18 # 35ea0012 <__heap_size+0x35e80012>
    80000718:	0cc5b02b          	.word	0x0cc5b02b
    8000071c:	102205b7          	lui	a1,0x10220
    80000720:	00458593          	addi	a1,a1,4 # 10220004 <__heap_size+0x10200004>
    80000724:	0cc5b02b          	.word	0x0cc5b02b
    80000728:	202405b7          	lui	a1,0x20240
    8000072c:	01458593          	addi	a1,a1,20 # 20240014 <__heap_size+0x20220014>
    80000730:	0cc5b02b          	.word	0x0cc5b02b
    80000734:	302605b7          	lui	a1,0x30260
    80000738:	02458593          	addi	a1,a1,36 # 30260024 <__heap_size+0x30240024>
    8000073c:	0cc5b02b          	.word	0x0cc5b02b
    80000740:	402805b7          	lui	a1,0x40280
    80000744:	03458593          	addi	a1,a1,52 # 40280034 <__heap_size+0x40260034>
    80000748:	0cc5b02b          	.word	0x0cc5b02b
    8000074c:	00001f37          	lui	t5,0x1
    80000750:	00001eb7          	lui	t4,0x1
    80000754:	00001e37          	lui	t3,0x1
    80000758:	00001337          	lui	t1,0x1
    8000075c:	000018b7          	lui	a7,0x1
    80000760:	00001837          	lui	a6,0x1
    80000764:	00001537          	lui	a0,0x1
    80000768:	08000693          	li	a3,128
    8000076c:	00000713          	li	a4,0
    80000770:	00100293          	li	t0,1
    80000774:	813f0f13          	addi	t5,t5,-2029 # 813 <__stack_align+0x803>
    80000778:	823e8e93          	addi	t4,t4,-2013 # 823 <__stack_align+0x813>
    8000077c:	833e0e13          	addi	t3,t3,-1997 # 833 <__stack_align+0x823>
    80000780:	87330313          	addi	t1,t1,-1933 # 873 <__stack_align+0x863>
    80000784:	c7388893          	addi	a7,a7,-909 # c73 <__stack_align+0xc63>
    80000788:	85380813          	addi	a6,a6,-1965 # 853 <__stack_align+0x843>
    8000078c:	c5350513          	addi	a0,a0,-941 # c53 <__stack_align+0xc43>
    80000790:	00400f93          	li	t6,4
    80000794:	00e297bb          	sllw	a5,t0,a4
    80000798:	01079793          	slli	a5,a5,0x10
    8000079c:	00d7e7b3          	or	a5,a5,a3
    800007a0:	01e7e5b3          	or	a1,a5,t5
    800007a4:	00200613          	li	a2,2
    800007a8:	0cc5b02b          	.word	0x0cc5b02b
    800007ac:	01d7e5b3          	or	a1,a5,t4
    800007b0:	0cc5b02b          	.word	0x0cc5b02b
    800007b4:	01c7e5b3          	or	a1,a5,t3
    800007b8:	0cc5b02b          	.word	0x0cc5b02b
    800007bc:	4137e593          	ori	a1,a5,1043
    800007c0:	0cc5b02b          	.word	0x0cc5b02b
    800007c4:	4237e593          	ori	a1,a5,1059
    800007c8:	0cc5b02b          	.word	0x0cc5b02b
    800007cc:	4337e593          	ori	a1,a5,1075
    800007d0:	0cc5b02b          	.word	0x0cc5b02b
    800007d4:	0067e5b3          	or	a1,a5,t1
    800007d8:	0cc5b02b          	.word	0x0cc5b02b
    800007dc:	4737e593          	ori	a1,a5,1139
    800007e0:	0cc5b02b          	.word	0x0cc5b02b
    800007e4:	0117e5b3          	or	a1,a5,a7
    800007e8:	0cc5b02b          	.word	0x0cc5b02b
    800007ec:	0107e5b3          	or	a1,a5,a6
    800007f0:	0cc5b02b          	.word	0x0cc5b02b
    800007f4:	4537e593          	ori	a1,a5,1107
    800007f8:	0cc5b02b          	.word	0x0cc5b02b
    800007fc:	00a7e5b3          	or	a1,a5,a0
    80000800:	0cc5b02b          	.word	0x0cc5b02b
    80000804:	0017071b          	addiw	a4,a4,1
    80000808:	08068693          	addi	a3,a3,128
    8000080c:	f9f714e3          	bne	a4,t6,80000794 <rStartup+0x27c>
    80000810:	00500593          	li	a1,5
    80000814:	0cc5b02b          	.word	0x0cc5b02b
    80000818:	00f00593          	li	a1,15
    8000081c:	fa05a02b          	.word	0xfa05a02b
    80000820:	fc00452b          	.word	0xfc00452b
    80000824:	83818413          	addi	s0,gp,-1992 # 800033b0 <uart_lock>
    80000828:	00050593          	mv	a1,a0
    8000082c:	00100713          	li	a4,1
    80000830:	0ce427af          	amoswap.w.aq	a5,a4,(s0)
    80000834:	0007879b          	sext.w	a5,a5
    80000838:	fe079ce3          	bnez	a5,80000830 <rStartup+0x318>
    8000083c:	00002517          	auipc	a0,0x2
    80000840:	77c50513          	addi	a0,a0,1916 # 80002fb8 <__tbss_end+0x4>
    80000844:	05e010ef          	jal	800018a2 <iprintf>
    80000848:	0a04202f          	amoswap.w.rl	zero,zero,(s0)
    8000084c:	304027f3          	csrr	a5,mie
    80000850:	0087e793          	ori	a5,a5,8
    80000854:	30479073          	csrw	mie,a5
    80000858:	300027f3          	csrr	a5,mstatus
    8000085c:	0087e793          	ori	a5,a5,8
    80000860:	30079073          	csrw	mstatus,a5
    80000864:	f14027f3          	csrr	a5,mhartid
    80000868:	00800737          	lui	a4,0x800
    8000086c:	00e787b3          	add	a5,a5,a4
    80000870:	00279793          	slli	a5,a5,0x2
    80000874:	00100713          	li	a4,1
    80000878:	00e7a023          	sw	a4,0(a5) # 20000000 <__heap_size+0x1ffe0000>
    8000087c:	3600452b          	.word	0x3600452b
    80000880:	fe050ee3          	beqz	a0,8000087c <rStartup+0x364>
    80000884:	00100593          	li	a1,1
    80000888:	2c05a02b          	.word	0x2c05a02b
    8000088c:	9edff0ef          	jal	80000278 <mtimecmp_cfg>
    80000890:	304027f3          	csrr	a5,mie
    80000894:	0807e793          	ori	a5,a5,128
    80000898:	30479073          	csrw	mie,a5
    8000089c:	6200002b          	.word	0x6200002b
    800008a0:	00100593          	li	a1,1
    800008a4:	e005a02b          	.word	0xe005a02b
    800008a8:	00100713          	li	a4,1
    800008ac:	0ce427af          	amoswap.w.aq	a5,a4,(s0)
    800008b0:	0007879b          	sext.w	a5,a5
    800008b4:	fe079ce3          	bnez	a5,800008ac <rStartup+0x394>
    800008b8:	000016b7          	lui	a3,0x1
    800008bc:	38868693          	addi	a3,a3,904 # 1388 <__stack_align+0x1378>
    800008c0:	00100613          	li	a2,1
    800008c4:	00000593          	li	a1,0
    800008c8:	00002517          	auipc	a0,0x2
    800008cc:	71050513          	addi	a0,a0,1808 # 80002fd8 <__tbss_end+0x24>
    800008d0:	7d3000ef          	jal	800018a2 <iprintf>
    800008d4:	00002517          	auipc	a0,0x2
    800008d8:	74c50513          	addi	a0,a0,1868 # 80003020 <__tbss_end+0x6c>
    800008dc:	7c7000ef          	jal	800018a2 <iprintf>
    800008e0:	0a04202f          	amoswap.w.rl	zero,zero,(s0)
    800008e4:	00813083          	ld	ra,8(sp)
    800008e8:	00013403          	ld	s0,0(sp)
    800008ec:	01010113          	addi	sp,sp,16
    800008f0:	00008067          	ret

00000000800008f4 <rCleanup>:
    800008f4:	00200593          	li	a1,2
    800008f8:	e005a02b          	.word	0xe005a02b
    800008fc:	01a00793          	li	a5,26
    80000900:	00000013          	nop
    80000904:	fff7879b          	addiw	a5,a5,-1
    80000908:	fe079ce3          	bnez	a5,80000900 <rCleanup+0xc>
    8000090c:	6400002b          	.word	0x6400002b
    80000910:	000207b7          	lui	a5,0x20
    80000914:	ffe78793          	addi	a5,a5,-2 # 1fffe <__stack_size+0x17ffe>
    80000918:	00000593          	li	a1,0
    8000091c:	00000613          	li	a2,0
    80000920:	0cc5f52b          	.word	0x0cc5f52b
    80000924:	fea7fae3          	bgeu	a5,a0,80000918 <rCleanup+0x24>
    80000928:	00200593          	li	a1,2
    8000092c:	2c05a02b          	.word	0x2c05a02b
    80000930:	6000002b          	.word	0x6000002b
    80000934:	00008067          	ret

0000000080000938 <__main>:
    80000938:	ff010113          	addi	sp,sp,-16
    8000093c:	00113423          	sd	ra,8(sp)
    80000940:	f14027f3          	csrr	a5,mhartid
    80000944:	00300713          	li	a4,3
    80000948:	0ae78e63          	beq	a5,a4,80000a04 <__main+0xcc>
    8000094c:	0af76263          	bltu	a4,a5,800009f0 <__main+0xb8>
    80000950:	00100713          	li	a4,1
    80000954:	04e78a63          	beq	a5,a4,800009a8 <__main+0x70>
    80000958:	00200693          	li	a3,2
    8000095c:	0ed79c63          	bne	a5,a3,80000a54 <__main+0x11c>
    80000960:	304027f3          	csrr	a5,mie
    80000964:	0087e793          	ori	a5,a5,8
    80000968:	30479073          	csrw	mie,a5
    8000096c:	300027f3          	csrr	a5,mstatus
    80000970:	0087e793          	ori	a5,a5,8
    80000974:	30079073          	csrw	mstatus,a5
    80000978:	f14027f3          	csrr	a5,mhartid
    8000097c:	008006b7          	lui	a3,0x800
    80000980:	00d787b3          	add	a5,a5,a3
    80000984:	00279793          	slli	a5,a5,0x2
    80000988:	00e7a023          	sw	a4,0(a5)
    8000098c:	8edff0ef          	jal	80000278 <mtimecmp_cfg>
    80000990:	304027f3          	csrr	a5,mie
    80000994:	0807e793          	ori	a5,a5,128
    80000998:	30479073          	csrw	mie,a5
    8000099c:	00200513          	li	a0,2
    800009a0:	0b8000ef          	jal	80000a58 <checker>
    800009a4:	0000006f          	j	800009a4 <__main+0x6c>
    800009a8:	30402773          	csrr	a4,mie
    800009ac:	00876713          	ori	a4,a4,8
    800009b0:	30471073          	csrw	mie,a4
    800009b4:	30002773          	csrr	a4,mstatus
    800009b8:	00876713          	ori	a4,a4,8
    800009bc:	30071073          	csrw	mstatus,a4
    800009c0:	f1402773          	csrr	a4,mhartid
    800009c4:	008006b7          	lui	a3,0x800
    800009c8:	00d70733          	add	a4,a4,a3
    800009cc:	00271713          	slli	a4,a4,0x2
    800009d0:	00f72023          	sw	a5,0(a4) # 800000 <__heap_size+0x7e0000>
    800009d4:	8a5ff0ef          	jal	80000278 <mtimecmp_cfg>
    800009d8:	304027f3          	csrr	a5,mie
    800009dc:	0807e793          	ori	a5,a5,128
    800009e0:	30479073          	csrw	mie,a5
    800009e4:	00100513          	li	a0,1
    800009e8:	070000ef          	jal	80000a58 <checker>
    800009ec:	fb9ff06f          	j	800009a4 <__main+0x6c>
    800009f0:	00400713          	li	a4,4
    800009f4:	04e79e63          	bne	a5,a4,80000a50 <__main+0x118>
    800009f8:	00400513          	li	a0,4
    800009fc:	05c000ef          	jal	80000a58 <checker>
    80000a00:	fa5ff06f          	j	800009a4 <__main+0x6c>
    80000a04:	304027f3          	csrr	a5,mie
    80000a08:	0087e793          	ori	a5,a5,8
    80000a0c:	30479073          	csrw	mie,a5
    80000a10:	300027f3          	csrr	a5,mstatus
    80000a14:	0087e793          	ori	a5,a5,8
    80000a18:	30079073          	csrw	mstatus,a5
    80000a1c:	f14027f3          	csrr	a5,mhartid
    80000a20:	00800737          	lui	a4,0x800
    80000a24:	00e787b3          	add	a5,a5,a4
    80000a28:	00279793          	slli	a5,a5,0x2
    80000a2c:	00100713          	li	a4,1
    80000a30:	00e7a023          	sw	a4,0(a5)
    80000a34:	845ff0ef          	jal	80000278 <mtimecmp_cfg>
    80000a38:	304027f3          	csrr	a5,mie
    80000a3c:	0807e793          	ori	a5,a5,128
    80000a40:	30479073          	csrw	mie,a5
    80000a44:	00300513          	li	a0,3
    80000a48:	010000ef          	jal	80000a58 <checker>
    80000a4c:	f59ff06f          	j	800009a4 <__main+0x6c>
    80000a50:	f55ff06f          	j	800009a4 <__main+0x6c>
    80000a54:	f51ff06f          	j	800009a4 <__main+0x6c>

0000000080000a58 <checker>:
    80000a58:	00100593          	li	a1,1
    80000a5c:	0205a02b          	.word	0x0205a02b
    80000a60:	2c05a02b          	.word	0x2c05a02b
    80000a64:	8000002b          	.word	0x8000002b
    80000a68:	a200002b          	.word	0xa200002b
    80000a6c:	000015b7          	lui	a1,0x1
    80000a70:	38858593          	addi	a1,a1,904 # 1388 <__stack_align+0x1378>
    80000a74:	f205a02b          	.word	0xf205a02b
    80000a78:	00100593          	li	a1,1
    80000a7c:	ec05a02b          	.word	0xec05a02b
    80000a80:	00000593          	li	a1,0
    80000a84:	ec05a02b          	.word	0xec05a02b
    80000a88:	02000593          	li	a1,32
    80000a8c:	ec05a02b          	.word	0xec05a02b
    80000a90:	00000593          	li	a1,0
    80000a94:	ec05a02b          	.word	0xec05a02b
    80000a98:	ea00002b          	.word	0xea00002b
    80000a9c:	e600002b          	.word	0xe600002b
    80000aa0:	c800002b          	.word	0xc800002b
    80000aa4:	00200793          	li	a5,2
    80000aa8:	00800713          	li	a4,8
    80000aac:	0100006f          	j	80000abc <checker+0x64>
    80000ab0:	c200452b          	.word	0xc200452b
    80000ab4:	01857513          	andi	a0,a0,24
    80000ab8:	04e50a63          	beq	a0,a4,80000b0c <checker+0xb4>
    80000abc:	0e00452b          	.word	0x0e00452b
    80000ac0:	fef518e3          	bne	a0,a5,80000ab0 <checker+0x58>
    80000ac4:	04000593          	li	a1,64
    80000ac8:	ec05a02b          	.word	0xec05a02b
    80000acc:	00000593          	li	a1,0
    80000ad0:	ec05a02b          	.word	0xec05a02b
    80000ad4:	e400002b          	.word	0xe400002b
    80000ad8:	c000002b          	.word	0xc000002b
    80000adc:	00000013          	nop
    80000ae0:	00000013          	nop
    80000ae4:	00000013          	nop
    80000ae8:	00000013          	nop
    80000aec:	00000013          	nop
    80000af0:	00200793          	li	a5,2
    80000af4:	0e00452b          	.word	0x0e00452b
    80000af8:	fef51ee3          	bne	a0,a5,80000af4 <checker+0x9c>
    80000afc:	8600002b          	.word	0x8600002b
    80000b00:	00200593          	li	a1,2
    80000b04:	2c05a02b          	.word	0x2c05a02b
    80000b08:	0000006f          	j	80000b08 <checker+0xb0>
    80000b0c:	c000002b          	.word	0xc000002b
    80000b10:	00001067          	.word	0x00001067
    80000b14:	fa9ff06f          	j	80000abc <checker+0x64>

0000000080000b18 <task_synthetic_malloc>:
    80000b18:	ff010113          	addi	sp,sp,-16
    80000b1c:	00813023          	sd	s0,0(sp)
    80000b20:	00050413          	mv	s0,a0
    80000b24:	08000513          	li	a0,128
    80000b28:	00113423          	sd	ra,8(sp)
    80000b2c:	0f9000ef          	jal	80001424 <malloc>
    80000b30:	04050863          	beqz	a0,80000b80 <task_synthetic_malloc+0x68>
    80000b34:	0004069b          	sext.w	a3,s0
    80000b38:	00050793          	mv	a5,a0
    80000b3c:	08050613          	addi	a2,a0,128
    80000b40:	00050713          	mv	a4,a0
    80000b44:	00d72023          	sw	a3,0(a4) # 800000 <__heap_size+0x7e0000>
    80000b48:	00470713          	addi	a4,a4,4
    80000b4c:	0016869b          	addiw	a3,a3,1 # 800001 <__heap_size+0x7e0001>
    80000b50:	fec71ae3          	bne	a4,a2,80000b44 <task_synthetic_malloc+0x2c>
    80000b54:	00000413          	li	s0,0
    80000b58:	0007a703          	lw	a4,0(a5)
    80000b5c:	00478793          	addi	a5,a5,4
    80000b60:	0087043b          	addw	s0,a4,s0
    80000b64:	fec79ae3          	bne	a5,a2,80000b58 <task_synthetic_malloc+0x40>
    80000b68:	0c9000ef          	jal	80001430 <free>
    80000b6c:	00813083          	ld	ra,8(sp)
    80000b70:	00040513          	mv	a0,s0
    80000b74:	00013403          	ld	s0,0(sp)
    80000b78:	01010113          	addi	sp,sp,16
    80000b7c:	00008067          	ret
    80000b80:	00002517          	auipc	a0,0x2
    80000b84:	4d050513          	addi	a0,a0,1232 # 80003050 <__tbss_end+0x9c>
    80000b88:	51b000ef          	jal	800018a2 <iprintf>
    80000b8c:	00000513          	li	a0,0
    80000b90:	06f000ef          	jal	800013fe <exit>

0000000080000b94 <initialise_board>:
    80000b94:	00000513          	li	a0,0
    80000b98:	00008067          	ret

0000000080000b9c <start_trigger>:
    80000b9c:	00000513          	li	a0,0
    80000ba0:	00008067          	ret

0000000080000ba4 <stop_trigger>:
    80000ba4:	00000513          	li	a0,0
    80000ba8:	00008067          	ret

0000000080000bac <rand_beebs>:
    80000bac:	85818713          	addi	a4,gp,-1960 # 800033d0 <seed>
    80000bb0:	00073503          	ld	a0,0(a4)
    80000bb4:	41c657b7          	lui	a5,0x41c65
    80000bb8:	e6d78793          	addi	a5,a5,-403 # 41c64e6d <__heap_size+0x41c44e6d>
    80000bbc:	02f50533          	mul	a0,a0,a5
    80000bc0:	000037b7          	lui	a5,0x3
    80000bc4:	03978793          	addi	a5,a5,57 # 3039 <__stack_align+0x3029>
    80000bc8:	00f50533          	add	a0,a0,a5
    80000bcc:	02151513          	slli	a0,a0,0x21
    80000bd0:	02155513          	srli	a0,a0,0x21
    80000bd4:	00a73023          	sd	a0,0(a4)
    80000bd8:	01055513          	srli	a0,a0,0x10
    80000bdc:	00008067          	ret

0000000080000be0 <srand_beebs>:
    80000be0:	02051513          	slli	a0,a0,0x20
    80000be4:	02055513          	srli	a0,a0,0x20
    80000be8:	84a1bc23          	sd	a0,-1960(gp) # 800033d0 <seed>
    80000bec:	00008067          	ret

0000000080000bf0 <init_heap_beebs>:
    80000bf0:	0075f793          	andi	a5,a1,7
    80000bf4:	00079c63          	bnez	a5,80000c0c <init_heap_beebs+0x1c>
    80000bf8:	00b505b3          	add	a1,a0,a1
    80000bfc:	84a1b823          	sd	a0,-1968(gp) # 800033c8 <heap_ptr>
    80000c00:	84b1b423          	sd	a1,-1976(gp) # 800033c0 <heap_end>
    80000c04:	8401b023          	sd	zero,-1984(gp) # 800033b8 <heap_requested>
    80000c08:	00008067          	ret
    80000c0c:	ff010113          	addi	sp,sp,-16
    80000c10:	00002697          	auipc	a3,0x2
    80000c14:	46068693          	addi	a3,a3,1120 # 80003070 <__tbss_end+0xbc>
    80000c18:	00002617          	auipc	a2,0x2
    80000c1c:	55060613          	addi	a2,a2,1360 # 80003168 <__func__.0>
    80000c20:	04100593          	li	a1,65
    80000c24:	00002517          	auipc	a0,0x2
    80000c28:	46c50513          	addi	a0,a0,1132 # 80003090 <__tbss_end+0xdc>
    80000c2c:	00113423          	sd	ra,8(sp)
    80000c30:	784000ef          	jal	800013b4 <__assert_func>

0000000080000c34 <check_heap_beebs>:
    80000c34:	8401b783          	ld	a5,-1984(gp) # 800033b8 <heap_requested>
    80000c38:	00f507b3          	add	a5,a0,a5
    80000c3c:	8481b503          	ld	a0,-1976(gp) # 800033c0 <heap_end>
    80000c40:	00f53533          	sltu	a0,a0,a5
    80000c44:	00154513          	xori	a0,a0,1
    80000c48:	00008067          	ret

0000000080000c4c <malloc_beebs>:
    80000c4c:	00050793          	mv	a5,a0
    80000c50:	04050a63          	beqz	a0,80000ca4 <malloc_beebs+0x58>
    80000c54:	85018613          	addi	a2,gp,-1968 # 800033c8 <heap_ptr>
    80000c58:	00063503          	ld	a0,0(a2)
    80000c5c:	84018693          	addi	a3,gp,-1984 # 800033b8 <heap_requested>
    80000c60:	0006b583          	ld	a1,0(a3)
    80000c64:	00f50733          	add	a4,a0,a5
    80000c68:	00777813          	andi	a6,a4,7
    80000c6c:	00b787b3          	add	a5,a5,a1
    80000c70:	00081c63          	bnez	a6,80000c88 <malloc_beebs+0x3c>
    80000c74:	00f6b023          	sd	a5,0(a3)
    80000c78:	8481b783          	ld	a5,-1976(gp) # 800033c0 <heap_end>
    80000c7c:	02e7e463          	bltu	a5,a4,80000ca4 <malloc_beebs+0x58>
    80000c80:	00e63023          	sd	a4,0(a2)
    80000c84:	00008067          	ret
    80000c88:	00800593          	li	a1,8
    80000c8c:	410585b3          	sub	a1,a1,a6
    80000c90:	00b787b3          	add	a5,a5,a1
    80000c94:	00f6b023          	sd	a5,0(a3)
    80000c98:	00b70733          	add	a4,a4,a1
    80000c9c:	8481b783          	ld	a5,-1976(gp) # 800033c0 <heap_end>
    80000ca0:	fee7f0e3          	bgeu	a5,a4,80000c80 <malloc_beebs+0x34>
    80000ca4:	00000513          	li	a0,0
    80000ca8:	00008067          	ret

0000000080000cac <calloc_beebs>:
    80000cac:	02b50633          	mul	a2,a0,a1
    80000cb0:	06060a63          	beqz	a2,80000d24 <calloc_beebs+0x78>
    80000cb4:	85018513          	addi	a0,gp,-1968 # 800033c8 <heap_ptr>
    80000cb8:	00053783          	ld	a5,0(a0)
    80000cbc:	84018593          	addi	a1,gp,-1984 # 800033b8 <heap_requested>
    80000cc0:	0005b703          	ld	a4,0(a1)
    80000cc4:	00c786b3          	add	a3,a5,a2
    80000cc8:	0076f893          	andi	a7,a3,7
    80000ccc:	00e60733          	add	a4,a2,a4
    80000cd0:	02089c63          	bnez	a7,80000d08 <calloc_beebs+0x5c>
    80000cd4:	00e5b023          	sd	a4,0(a1)
    80000cd8:	8481b703          	ld	a4,-1976(gp) # 800033c0 <heap_end>
    80000cdc:	04d76463          	bltu	a4,a3,80000d24 <calloc_beebs+0x78>
    80000ce0:	00d53023          	sd	a3,0(a0)
    80000ce4:	04078263          	beqz	a5,80000d28 <calloc_beebs+0x7c>
    80000ce8:	ff010113          	addi	sp,sp,-16
    80000cec:	00000593          	li	a1,0
    80000cf0:	00078513          	mv	a0,a5
    80000cf4:	00113423          	sd	ra,8(sp)
    80000cf8:	641000ef          	jal	80001b38 <memset>
    80000cfc:	00813083          	ld	ra,8(sp)
    80000d00:	01010113          	addi	sp,sp,16
    80000d04:	00008067          	ret
    80000d08:	00800813          	li	a6,8
    80000d0c:	41180833          	sub	a6,a6,a7
    80000d10:	01070733          	add	a4,a4,a6
    80000d14:	00e5b023          	sd	a4,0(a1)
    80000d18:	010686b3          	add	a3,a3,a6
    80000d1c:	8481b703          	ld	a4,-1976(gp) # 800033c0 <heap_end>
    80000d20:	fcd770e3          	bgeu	a4,a3,80000ce0 <calloc_beebs+0x34>
    80000d24:	00000793          	li	a5,0
    80000d28:	00078513          	mv	a0,a5
    80000d2c:	00008067          	ret

0000000080000d30 <realloc_beebs>:
    80000d30:	06050c63          	beqz	a0,80000da8 <realloc_beebs+0x78>
    80000d34:	fe010113          	addi	sp,sp,-32
    80000d38:	00813823          	sd	s0,16(sp)
    80000d3c:	00050413          	mv	s0,a0
    80000d40:	00058513          	mv	a0,a1
    80000d44:	00913423          	sd	s1,8(sp)
    80000d48:	00113c23          	sd	ra,24(sp)
    80000d4c:	00058493          	mv	s1,a1
    80000d50:	efdff0ef          	jal	80000c4c <malloc_beebs>
    80000d54:	02050e63          	beqz	a0,80000d90 <realloc_beebs+0x60>
    80000d58:	00040793          	mv	a5,s0
    80000d5c:	00050713          	mv	a4,a0
    80000d60:	00940633          	add	a2,s0,s1
    80000d64:	00048c63          	beqz	s1,80000d7c <realloc_beebs+0x4c>
    80000d68:	0007c683          	lbu	a3,0(a5)
    80000d6c:	00178793          	addi	a5,a5,1
    80000d70:	00170713          	addi	a4,a4,1
    80000d74:	fed70fa3          	sb	a3,-1(a4)
    80000d78:	fec798e3          	bne	a5,a2,80000d68 <realloc_beebs+0x38>
    80000d7c:	01813083          	ld	ra,24(sp)
    80000d80:	01013403          	ld	s0,16(sp)
    80000d84:	00813483          	ld	s1,8(sp)
    80000d88:	02010113          	addi	sp,sp,32
    80000d8c:	00008067          	ret
    80000d90:	01813083          	ld	ra,24(sp)
    80000d94:	01013403          	ld	s0,16(sp)
    80000d98:	00813483          	ld	s1,8(sp)
    80000d9c:	00000513          	li	a0,0
    80000da0:	02010113          	addi	sp,sp,32
    80000da4:	00008067          	ret
    80000da8:	00000513          	li	a0,0
    80000dac:	00008067          	ret

0000000080000db0 <free_beebs>:
    80000db0:	00008067          	ret

0000000080000db4 <minver.part.0>:
    80000db4:	22a05a63          	blez	a0,80000fe8 <minver.part.0+0x234>
    80000db8:	81010113          	addi	sp,sp,-2032
    80000dbc:	00010893          	mv	a7,sp
    80000dc0:	7e813423          	sd	s0,2024(sp)
    80000dc4:	7e913023          	sd	s1,2016(sp)
    80000dc8:	7d213c23          	sd	s2,2008(sp)
    80000dcc:	00088713          	mv	a4,a7
    80000dd0:	00000793          	li	a5,0
    80000dd4:	00f72023          	sw	a5,0(a4)
    80000dd8:	0017879b          	addiw	a5,a5,1
    80000ddc:	00470713          	addi	a4,a4,4
    80000de0:	fea79ae3          	bne	a5,a0,80000dd4 <minver.part.0+0x20>
    80000de4:	f00007d3          	fmv.w.x	fa5,zero
    80000de8:	00002797          	auipc	a5,0x2
    80000dec:	5c07a087          	flw	ft1,1472(a5) # 800033a8 <__atexit_dummy+0x18>
    80000df0:	20108053          	fmv.s	ft0,ft1
    80000df4:	20f78653          	fmv.s	fa2,fa5
    80000df8:	8b018813          	addi	a6,gp,-1872 # 80003428 <a>
    80000dfc:	00088293          	mv	t0,a7
    80000e00:	00080f93          	mv	t6,a6
    80000e04:	00080393          	mv	t2,a6
    80000e08:	00080f13          	mv	t5,a6
    80000e0c:	00000e93          	li	t4,0
    80000e10:	00000e13          	li	t3,0
    80000e14:	00000693          	li	a3,0
    80000e18:	02a6de63          	bge	a3,a0,80000e54 <minver.part.0+0xa0>
    80000e1c:	f0000753          	fmv.w.x	fa4,zero
    80000e20:	000f0713          	mv	a4,t5
    80000e24:	00068793          	mv	a5,a3
    80000e28:	00072787          	flw	fa5,0(a4)
    80000e2c:	00c70713          	addi	a4,a4,12
    80000e30:	a0f60653          	fle.s	a2,fa2,fa5
    80000e34:	00061463          	bnez	a2,80000e3c <minver.part.0+0x88>
    80000e38:	20f797d3          	fneg.s	fa5,fa5
    80000e3c:	a0f71653          	flt.s	a2,fa4,fa5
    80000e40:	00060663          	beqz	a2,80000e4c <minver.part.0+0x98>
    80000e44:	20f78753          	fmv.s	fa4,fa5
    80000e48:	00078e13          	mv	t3,a5
    80000e4c:	0017879b          	addiw	a5,a5,1
    80000e50:	fcf51ce3          	bne	a0,a5,80000e28 <minver.part.0+0x74>
    80000e54:	001e1793          	slli	a5,t3,0x1
    80000e58:	01c78733          	add	a4,a5,t3
    80000e5c:	00d70733          	add	a4,a4,a3
    80000e60:	00271713          	slli	a4,a4,0x2
    80000e64:	00e80733          	add	a4,a6,a4
    80000e68:	00072687          	flw	fa3,0(a4)
    80000e6c:	a0d60753          	fle.s	a4,fa2,fa3
    80000e70:	20d68753          	fmv.s	fa4,fa3
    80000e74:	00071463          	bnez	a4,80000e7c <minver.part.0+0xc8>
    80000e78:	20d69753          	fneg.s	fa4,fa3
    80000e7c:	a0a70753          	fle.s	a4,fa4,fa0
    80000e80:	14071663          	bnez	a4,80000fcc <minver.part.0+0x218>
    80000e84:	0fc69863          	bne	a3,t3,80000f74 <minver.part.0+0x1c0>
    80000e88:	10d07053          	fmul.s	ft0,ft0,fa3
    80000e8c:	000f8793          	mv	a5,t6
    80000e90:	00000613          	li	a2,0
    80000e94:	0007a707          	flw	fa4,0(a5)
    80000e98:	00478793          	addi	a5,a5,4
    80000e9c:	00060713          	mv	a4,a2
    80000ea0:	18d77753          	fdiv.s	fa4,fa4,fa3
    80000ea4:	0016061b          	addiw	a2,a2,1
    80000ea8:	fee7ae27          	fsw	fa4,-4(a5)
    80000eac:	fec514e3          	bne	a0,a2,80000e94 <minver.part.0+0xe0>
    80000eb0:	00080913          	mv	s2,a6
    80000eb4:	00038613          	mv	a2,t2
    80000eb8:	00000313          	li	t1,0
    80000ebc:	00000793          	li	a5,0
    80000ec0:	00f68863          	beq	a3,a5,80000ed0 <minver.part.0+0x11c>
    80000ec4:	00062787          	flw	fa5,0(a2)
    80000ec8:	a0c7a5d3          	feq.s	a1,fa5,fa2
    80000ecc:	04058663          	beqz	a1,80000f18 <minver.part.0+0x164>
    80000ed0:	0017859b          	addiw	a1,a5,1
    80000ed4:	00c60613          	addi	a2,a2,12
    80000ed8:	00c90913          	addi	s2,s2,12
    80000edc:	ff430313          	addi	t1,t1,-12
    80000ee0:	00f70663          	beq	a4,a5,80000eec <minver.part.0+0x138>
    80000ee4:	00058793          	mv	a5,a1
    80000ee8:	fd9ff06f          	j	80000ec0 <minver.part.0+0x10c>
    80000eec:	18d0f6d3          	fdiv.s	fa3,ft1,fa3
    80000ef0:	010f0f13          	addi	t5,t5,16
    80000ef4:	0016879b          	addiw	a5,a3,1
    80000ef8:	00438393          	addi	t2,t2,4
    80000efc:	00ce8e93          	addi	t4,t4,12
    80000f00:	00cf8f93          	addi	t6,t6,12
    80000f04:	00428293          	addi	t0,t0,4
    80000f08:	fedf2827          	fsw	fa3,-16(t5)
    80000f0c:	0ee68863          	beq	a3,a4,80000ffc <minver.part.0+0x248>
    80000f10:	00078693          	mv	a3,a5
    80000f14:	f05ff06f          	j	80000e18 <minver.part.0+0x64>
    80000f18:	00090593          	mv	a1,s2
    80000f1c:	00b304b3          	add	s1,t1,a1
    80000f20:	00000413          	li	s0,0
    80000f24:	01d484b3          	add	s1,s1,t4
    80000f28:	00868a63          	beq	a3,s0,80000f3c <minver.part.0+0x188>
    80000f2c:	0005a587          	flw	fa1,0(a1)
    80000f30:	0004a707          	flw	fa4,0(s1)
    80000f34:	58e7f74b          	fnmsub.s	fa4,fa5,fa4,fa1
    80000f38:	00e5a027          	fsw	fa4,0(a1)
    80000f3c:	0014049b          	addiw	s1,s0,1
    80000f40:	00458593          	addi	a1,a1,4
    80000f44:	02870063          	beq	a4,s0,80000f64 <minver.part.0+0x1b0>
    80000f48:	00048413          	mv	s0,s1
    80000f4c:	00b304b3          	add	s1,t1,a1
    80000f50:	01d484b3          	add	s1,s1,t4
    80000f54:	fc869ce3          	bne	a3,s0,80000f2c <minver.part.0+0x178>
    80000f58:	0014049b          	addiw	s1,s0,1
    80000f5c:	00458593          	addi	a1,a1,4
    80000f60:	fe8714e3          	bne	a4,s0,80000f48 <minver.part.0+0x194>
    80000f64:	20f79753          	fneg.s	fa4,fa5
    80000f68:	18d77753          	fdiv.s	fa4,fa4,fa3
    80000f6c:	00e62027          	fsw	fa4,0(a2)
    80000f70:	f61ff06f          	j	80000ed0 <minver.part.0+0x11c>
    80000f74:	002e1713          	slli	a4,t3,0x2
    80000f78:	7d070713          	addi	a4,a4,2000
    80000f7c:	00270733          	add	a4,a4,sp
    80000f80:	83072583          	lw	a1,-2000(a4)
    80000f84:	0002a603          	lw	a2,0(t0)
    80000f88:	01c787b3          	add	a5,a5,t3
    80000f8c:	20f79053          	fneg.s	ft0,fa5
    80000f90:	00b2a023          	sw	a1,0(t0)
    80000f94:	00279793          	slli	a5,a5,0x2
    80000f98:	82c72823          	sw	a2,-2000(a4)
    80000f9c:	00f807b3          	add	a5,a6,a5
    80000fa0:	000f8713          	mv	a4,t6
    80000fa4:	00000613          	li	a2,0
    80000fa8:	0007a707          	flw	fa4,0(a5)
    80000fac:	00072787          	flw	fa5,0(a4)
    80000fb0:	0016061b          	addiw	a2,a2,1
    80000fb4:	00e72027          	fsw	fa4,0(a4)
    80000fb8:	00f7a027          	fsw	fa5,0(a5)
    80000fbc:	00470713          	addi	a4,a4,4
    80000fc0:	00478793          	addi	a5,a5,4
    80000fc4:	fec512e3          	bne	a0,a2,80000fa8 <minver.part.0+0x1f4>
    80000fc8:	ec5ff06f          	j	80000e8c <minver.part.0+0xd8>
    80000fcc:	7e813403          	ld	s0,2024(sp)
    80000fd0:	8601a027          	fsw	ft0,-1952(gp) # 800033d8 <det>
    80000fd4:	7e013483          	ld	s1,2016(sp)
    80000fd8:	7d813903          	ld	s2,2008(sp)
    80000fdc:	00100513          	li	a0,1
    80000fe0:	7f010113          	addi	sp,sp,2032
    80000fe4:	00008067          	ret
    80000fe8:	00002797          	auipc	a5,0x2
    80000fec:	3c07a007          	flw	ft0,960(a5) # 800033a8 <__atexit_dummy+0x18>
    80000ff0:	00000513          	li	a0,0
    80000ff4:	8601a027          	fsw	ft0,-1952(gp) # 800033d8 <det>
    80000ff8:	00008067          	ret
    80000ffc:	0008a503          	lw	a0,0(a7)
    80001000:	00000313          	li	t1,0
    80001004:	06650263          	beq	a0,t1,80001068 <minver.part.0+0x2b4>
    80001008:	00251593          	slli	a1,a0,0x2
    8000100c:	7d058793          	addi	a5,a1,2000
    80001010:	00050693          	mv	a3,a0
    80001014:	002785b3          	add	a1,a5,sp
    80001018:	00451613          	slli	a2,a0,0x4
    8000101c:	00151793          	slli	a5,a0,0x1
    80001020:	00d787b3          	add	a5,a5,a3
    80001024:	8305a503          	lw	a0,-2000(a1)
    80001028:	00c80633          	add	a2,a6,a2
    8000102c:	006787b3          	add	a5,a5,t1
    80001030:	00062787          	flw	fa5,0(a2)
    80001034:	82d5a823          	sw	a3,-2000(a1)
    80001038:	00279793          	slli	a5,a5,0x2
    8000103c:	00a8a023          	sw	a0,0(a7)
    80001040:	00000693          	li	a3,0
    80001044:	00f807b3          	add	a5,a6,a5
    80001048:	20f78753          	fmv.s	fa4,fa5
    8000104c:	0007a787          	flw	fa5,0(a5)
    80001050:	00068593          	mv	a1,a3
    80001054:	00e7a027          	fsw	fa4,0(a5)
    80001058:	00f62027          	fsw	fa5,0(a2)
    8000105c:	0016869b          	addiw	a3,a3,1
    80001060:	feb714e3          	bne	a4,a1,80001048 <minver.part.0+0x294>
    80001064:	fa6512e3          	bne	a0,t1,80001008 <minver.part.0+0x254>
    80001068:	0013079b          	addiw	a5,t1,1
    8000106c:	00488893          	addi	a7,a7,4
    80001070:	00670863          	beq	a4,t1,80001080 <minver.part.0+0x2cc>
    80001074:	0008a503          	lw	a0,0(a7)
    80001078:	00078313          	mv	t1,a5
    8000107c:	f89ff06f          	j	80001004 <minver.part.0+0x250>
    80001080:	7e813403          	ld	s0,2024(sp)
    80001084:	8601a027          	fsw	ft0,-1952(gp) # 800033d8 <det>
    80001088:	7e013483          	ld	s1,2016(sp)
    8000108c:	7d813903          	ld	s2,2008(sp)
    80001090:	00000513          	li	a0,0
    80001094:	7f010113          	addi	sp,sp,2032
    80001098:	00008067          	ret

000000008000109c <benchmark_body>:
    8000109c:	18a05263          	blez	a0,80001220 <benchmark_body+0x184>
    800010a0:	f9010113          	addi	sp,sp,-112
    800010a4:	00813427          	fsd	fs0,8(sp)
    800010a8:	f0000453          	fmv.w.x	fs0,zero
    800010ac:	00002797          	auipc	a5,0x2
    800010b0:	0cc78793          	addi	a5,a5,204 # 80003178 <a_ref>
    800010b4:	06813023          	sd	s0,96(sp)
    800010b8:	8b018413          	addi	s0,gp,-1872 # 80003428 <a>
    800010bc:	04913c23          	sd	s1,88(sp)
    800010c0:	05213823          	sd	s2,80(sp)
    800010c4:	05313423          	sd	s3,72(sp)
    800010c8:	05413023          	sd	s4,64(sp)
    800010cc:	03513c23          	sd	s5,56(sp)
    800010d0:	0207aa03          	lw	s4,32(a5)
    800010d4:	0187ba83          	ld	s5,24(a5)
    800010d8:	03613823          	sd	s6,48(sp)
    800010dc:	03713423          	sd	s7,40(sp)
    800010e0:	03813023          	sd	s8,32(sp)
    800010e4:	01913c23          	sd	s9,24(sp)
    800010e8:	0107bc03          	ld	s8,16(a5)
    800010ec:	0087bc83          	ld	s9,8(a5)
    800010f0:	01a13823          	sd	s10,16(sp)
    800010f4:	00913027          	fsd	fs1,0(sp)
    800010f8:	0007bd03          	ld	s10,0(a5)
    800010fc:	06113423          	sd	ra,104(sp)
    80001100:	00050b13          	mv	s6,a0
    80001104:	00000993          	li	s3,0
    80001108:	00002797          	auipc	a5,0x2
    8000110c:	2a47a487          	flw	fs1,676(a5) # 800033ac <__atexit_dummy+0x1c>
    80001110:	8d418913          	addi	s2,gp,-1836 # 8000344c <a+0x24>
    80001114:	00002497          	auipc	s1,0x2
    80001118:	09848493          	addi	s1,s1,152 # 800031ac <b+0xc>
    8000111c:	00040b93          	mv	s7,s0
    80001120:	20948553          	fmv.s	fa0,fs1
    80001124:	00300513          	li	a0,3
    80001128:	01a43023          	sd	s10,0(s0)
    8000112c:	01943423          	sd	s9,8(s0)
    80001130:	01843823          	sd	s8,16(s0)
    80001134:	01543c23          	sd	s5,24(s0)
    80001138:	03442023          	sw	s4,32(s0)
    8000113c:	c79ff0ef          	jal	80000db4 <minver.part.0>
    80001140:	00843603          	ld	a2,8(s0)
    80001144:	01043683          	ld	a3,16(s0)
    80001148:	00043583          	ld	a1,0(s0)
    8000114c:	01843703          	ld	a4,24(s0)
    80001150:	02042783          	lw	a5,32(s0)
    80001154:	02c43823          	sd	a2,48(s0)
    80001158:	02d43c23          	sd	a3,56(s0)
    8000115c:	02b43423          	sd	a1,40(s0)
    80001160:	04e43023          	sd	a4,64(s0)
    80001164:	04f42423          	sw	a5,72(s0)
    80001168:	01a43023          	sd	s10,0(s0)
    8000116c:	01943423          	sd	s9,8(s0)
    80001170:	01843823          	sd	s8,16(s0)
    80001174:	01543c23          	sd	s5,24(s0)
    80001178:	03442023          	sw	s4,32(s0)
    8000117c:	90018613          	addi	a2,gp,-1792 # 80003478 <c>
    80001180:	000b8413          	mv	s0,s7
    80001184:	8b018693          	addi	a3,gp,-1872 # 80003428 <a>
    80001188:	0006a507          	flw	fa0,0(a3)
    8000118c:	0046a587          	flw	fa1,4(a3)
    80001190:	0086a607          	flw	fa2,8(a3)
    80001194:	00002797          	auipc	a5,0x2
    80001198:	00c78793          	addi	a5,a5,12 # 800031a0 <b>
    8000119c:	00060713          	mv	a4,a2
    800011a0:	0007a687          	flw	fa3,0(a5)
    800011a4:	00c7a707          	flw	fa4,12(a5)
    800011a8:	0187a787          	flw	fa5,24(a5)
    800011ac:	40d576c3          	fmadd.s	fa3,fa0,fa3,fs0
    800011b0:	00470713          	addi	a4,a4,4
    800011b4:	00478793          	addi	a5,a5,4
    800011b8:	68e5f743          	fmadd.s	fa4,fa1,fa4,fa3
    800011bc:	70f677c3          	fmadd.s	fa5,fa2,fa5,fa4
    800011c0:	fef72e27          	fsw	fa5,-4(a4)
    800011c4:	fc979ee3          	bne	a5,s1,800011a0 <benchmark_body+0x104>
    800011c8:	00c68693          	addi	a3,a3,12
    800011cc:	00c60613          	addi	a2,a2,12
    800011d0:	fb269ce3          	bne	a3,s2,80001188 <benchmark_body+0xec>
    800011d4:	0019899b          	addiw	s3,s3,1
    800011d8:	f53b14e3          	bne	s6,s3,80001120 <benchmark_body+0x84>
    800011dc:	06813083          	ld	ra,104(sp)
    800011e0:	06013403          	ld	s0,96(sp)
    800011e4:	05813483          	ld	s1,88(sp)
    800011e8:	05013903          	ld	s2,80(sp)
    800011ec:	04813983          	ld	s3,72(sp)
    800011f0:	04013a03          	ld	s4,64(sp)
    800011f4:	03813a83          	ld	s5,56(sp)
    800011f8:	03013b03          	ld	s6,48(sp)
    800011fc:	02813b83          	ld	s7,40(sp)
    80001200:	02013c03          	ld	s8,32(sp)
    80001204:	01813c83          	ld	s9,24(sp)
    80001208:	01013d03          	ld	s10,16(sp)
    8000120c:	00813407          	fld	fs0,8(sp)
    80001210:	00013487          	fld	fs1,0(sp)
    80001214:	00000513          	li	a0,0
    80001218:	07010113          	addi	sp,sp,112
    8000121c:	00008067          	ret
    80001220:	00000513          	li	a0,0
    80001224:	00008067          	ret

0000000080001228 <mmul>:
    80001228:	00050e13          	mv	t3,a0
    8000122c:	3e700513          	li	a0,999
    80001230:	09c05463          	blez	t3,800012b8 <mmul+0x90>
    80001234:	08c05263          	blez	a2,800012b8 <mmul+0x90>
    80001238:	08d05263          	blez	a3,800012bc <mmul+0x94>
    8000123c:	06b61c63          	bne	a2,a1,800012b4 <mmul+0x8c>
    80001240:	00002f17          	auipc	t5,0x2
    80001244:	f60f0f13          	addi	t5,t5,-160 # 800031a0 <b>
    80001248:	00269693          	slli	a3,a3,0x2
    8000124c:	8b018313          	addi	t1,gp,-1872 # 80003428 <a>
    80001250:	90018e93          	addi	t4,gp,-1792 # 80003478 <c>
    80001254:	01e688b3          	add	a7,a3,t5
    80001258:	00000513          	li	a0,0
    8000125c:	000f0593          	mv	a1,t5
    80001260:	000e8813          	mv	a6,t4
    80001264:	f00007d3          	fmv.w.x	fa5,zero
    80001268:	00058693          	mv	a3,a1
    8000126c:	00030713          	mv	a4,t1
    80001270:	00000793          	li	a5,0
    80001274:	00072687          	flw	fa3,0(a4)
    80001278:	0006a707          	flw	fa4,0(a3)
    8000127c:	0017879b          	addiw	a5,a5,1
    80001280:	00470713          	addi	a4,a4,4
    80001284:	78e6f7c3          	fmadd.s	fa5,fa3,fa4,fa5
    80001288:	00c68693          	addi	a3,a3,12
    8000128c:	fef614e3          	bne	a2,a5,80001274 <mmul+0x4c>
    80001290:	00f82027          	fsw	fa5,0(a6)
    80001294:	00458593          	addi	a1,a1,4
    80001298:	00480813          	addi	a6,a6,4
    8000129c:	fd1594e3          	bne	a1,a7,80001264 <mmul+0x3c>
    800012a0:	0015051b          	addiw	a0,a0,1
    800012a4:	00c30313          	addi	t1,t1,12
    800012a8:	00ce8e93          	addi	t4,t4,12
    800012ac:	faae18e3          	bne	t3,a0,8000125c <mmul+0x34>
    800012b0:	00000513          	li	a0,0
    800012b4:	00008067          	ret
    800012b8:	00008067          	ret
    800012bc:	00008067          	ret

00000000800012c0 <minver>:
    800012c0:	ffe5079b          	addiw	a5,a0,-2
    800012c4:	1f200713          	li	a4,498
    800012c8:	00f76a63          	bltu	a4,a5,800012dc <minver+0x1c>
    800012cc:	f0000753          	fmv.w.x	fa4,zero
    800012d0:	a0e507d3          	fle.s	a5,fa0,fa4
    800012d4:	00079463          	bnez	a5,800012dc <minver+0x1c>
    800012d8:	addff06f          	j	80000db4 <minver.part.0>
    800012dc:	3e700513          	li	a0,999
    800012e0:	00008067          	ret

00000000800012e4 <verify_benchmark>:
    800012e4:	00000813          	li	a6,0
    800012e8:	90018e93          	addi	t4,gp,-1792 # 80003478 <c>
    800012ec:	00002e17          	auipc	t3,0x2
    800012f0:	edce0e13          	addi	t3,t3,-292 # 800031c8 <c_exp.1>
    800012f4:	00002797          	auipc	a5,0x2
    800012f8:	0a47b707          	fld	fa4,164(a5) # 80003398 <__atexit_dummy+0x8>
    800012fc:	8d818313          	addi	t1,gp,-1832 # 80003450 <d>
    80001300:	00002897          	auipc	a7,0x2
    80001304:	ef088893          	addi	a7,a7,-272 # 800031f0 <d_exp.0>
    80001308:	00300f13          	li	t5,3
    8000130c:	02400f93          	li	t6,36
    80001310:	00080793          	mv	a5,a6
    80001314:	00000713          	li	a4,0
    80001318:	00fe06b3          	add	a3,t3,a5
    8000131c:	00fe8633          	add	a2,t4,a5
    80001320:	0006a687          	flw	fa3,0(a3)
    80001324:	00062787          	flw	fa5,0(a2)
    80001328:	00f30533          	add	a0,t1,a5
    8000132c:	00f885b3          	add	a1,a7,a5
    80001330:	08d7f7d3          	fsub.s	fa5,fa5,fa3
    80001334:	0017071b          	addiw	a4,a4,1
    80001338:	00478793          	addi	a5,a5,4
    8000133c:	20f7a7d3          	fabs.s	fa5,fa5
    80001340:	420787d3          	fcvt.d.s	fa5,fa5
    80001344:	a2e796d3          	flt.d	a3,fa5,fa4
    80001348:	04068a63          	beqz	a3,8000139c <verify_benchmark+0xb8>
    8000134c:	00052787          	flw	fa5,0(a0)
    80001350:	0005a687          	flw	fa3,0(a1)
    80001354:	08d7f7d3          	fsub.s	fa5,fa5,fa3
    80001358:	20f7a7d3          	fabs.s	fa5,fa5
    8000135c:	420787d3          	fcvt.d.s	fa5,fa5
    80001360:	a2e796d3          	flt.d	a3,fa5,fa4
    80001364:	02068c63          	beqz	a3,8000139c <verify_benchmark+0xb8>
    80001368:	fbe718e3          	bne	a4,t5,80001318 <verify_benchmark+0x34>
    8000136c:	00c80813          	addi	a6,a6,12
    80001370:	fbf810e3          	bne	a6,t6,80001310 <verify_benchmark+0x2c>
    80001374:	8601a787          	flw	fa5,-1952(gp) # 800033d8 <det>
    80001378:	420787d3          	fcvt.d.s	fa5,fa5
    8000137c:	00002797          	auipc	a5,0x2
    80001380:	0247b687          	fld	fa3,36(a5) # 800033a0 <__atexit_dummy+0x10>
    80001384:	02d7f7d3          	fadd.d	fa5,fa5,fa3
    80001388:	4017f7d3          	fcvt.s.d	fa5,fa5
    8000138c:	20f7a7d3          	fabs.s	fa5,fa5
    80001390:	420787d3          	fcvt.d.s	fa5,fa5
    80001394:	a2e79553          	flt.d	a0,fa5,fa4
    80001398:	00008067          	ret
    8000139c:	00000513          	li	a0,0
    800013a0:	00008067          	ret

00000000800013a4 <initialise_benchmark>:
    800013a4:	00008067          	ret

00000000800013a8 <warm_caches>:
    800013a8:	cf5ff06f          	j	8000109c <benchmark_body>

00000000800013ac <benchmark>:
    800013ac:	22b00513          	li	a0,555
    800013b0:	cedff06f          	j	8000109c <benchmark_body>

00000000800013b4 <__assert_func>:
    800013b4:	1141                	addi	sp,sp,-16
    800013b6:	00002797          	auipc	a5,0x2
    800013ba:	fc27b783          	ld	a5,-62(a5) # 80003378 <_impure_ptr>
    800013be:	8832                	mv	a6,a2
    800013c0:	e406                	sd	ra,8(sp)
    800013c2:	88aa                	mv	a7,a0
    800013c4:	872e                	mv	a4,a1
    800013c6:	6f88                	ld	a0,24(a5)
    800013c8:	8636                	mv	a2,a3
    800013ca:	00002797          	auipc	a5,0x2
    800013ce:	d1678793          	addi	a5,a5,-746 # 800030e0 <__tbss_end+0x12c>
    800013d2:	00081763          	bnez	a6,800013e0 <__assert_func+0x2c>
    800013d6:	00002797          	auipc	a5,0x2
    800013da:	d7278793          	addi	a5,a5,-654 # 80003148 <__tbss_end+0x194>
    800013de:	883e                	mv	a6,a5
    800013e0:	86c6                	mv	a3,a7
    800013e2:	00002597          	auipc	a1,0x2
    800013e6:	d0e58593          	addi	a1,a1,-754 # 800030f0 <__tbss_end+0x13c>
    800013ea:	402000ef          	jal	800017ec <fiprintf>
    800013ee:	75a000ef          	jal	80001b48 <abort>

00000000800013f2 <__assert>:
    800013f2:	1141                	addi	sp,sp,-16
    800013f4:	86b2                	mv	a3,a2
    800013f6:	4601                	li	a2,0
    800013f8:	e406                	sd	ra,8(sp)
    800013fa:	fbbff0ef          	jal	800013b4 <__assert_func>

00000000800013fe <exit>:
    800013fe:	1141                	addi	sp,sp,-16
    80001400:	e022                	sd	s0,0(sp)
    80001402:	e406                	sd	ra,8(sp)
    80001404:	00002797          	auipc	a5,0x2
    80001408:	ae878793          	addi	a5,a5,-1304 # 80002eec <__call_exitprocs>
    8000140c:	842a                	mv	s0,a0
    8000140e:	c781                	beqz	a5,80001416 <exit+0x18>
    80001410:	4581                	li	a1,0
    80001412:	2db010ef          	jal	80002eec <__call_exitprocs>
    80001416:	8781b783          	ld	a5,-1928(gp) # 800033f0 <__stdio_exit_handler>
    8000141a:	c391                	beqz	a5,8000141e <exit+0x20>
    8000141c:	9782                	jalr	a5
    8000141e:	8522                	mv	a0,s0
    80001420:	071010ef          	jal	80002c90 <_exit>

0000000080001424 <malloc>:
    80001424:	85aa                	mv	a1,a0
    80001426:	00002517          	auipc	a0,0x2
    8000142a:	f5253503          	ld	a0,-174(a0) # 80003378 <_impure_ptr>
    8000142e:	a0ad                	j	80001498 <_malloc_r>

0000000080001430 <free>:
    80001430:	85aa                	mv	a1,a0
    80001432:	00002517          	auipc	a0,0x2
    80001436:	f4653503          	ld	a0,-186(a0) # 80003378 <_impure_ptr>
    8000143a:	71e0006f          	j	80001b58 <_free_r>

000000008000143e <sbrk_aligned>:
    8000143e:	1101                	addi	sp,sp,-32
    80001440:	e04a                	sd	s2,0(sp)
    80001442:	86818913          	addi	s2,gp,-1944 # 800033e0 <__malloc_sbrk_start>
    80001446:	00093783          	ld	a5,0(s2)
    8000144a:	e822                	sd	s0,16(sp)
    8000144c:	e426                	sd	s1,8(sp)
    8000144e:	ec06                	sd	ra,24(sp)
    80001450:	84aa                	mv	s1,a0
    80001452:	842e                	mv	s0,a1
    80001454:	e791                	bnez	a5,80001460 <sbrk_aligned+0x22>
    80001456:	4581                	li	a1,0
    80001458:	68c000ef          	jal	80001ae4 <_sbrk_r>
    8000145c:	00a93023          	sd	a0,0(s2)
    80001460:	85a2                	mv	a1,s0
    80001462:	8526                	mv	a0,s1
    80001464:	680000ef          	jal	80001ae4 <_sbrk_r>
    80001468:	597d                	li	s2,-1
    8000146a:	01251a63          	bne	a0,s2,8000147e <sbrk_aligned+0x40>
    8000146e:	547d                	li	s0,-1
    80001470:	60e2                	ld	ra,24(sp)
    80001472:	8522                	mv	a0,s0
    80001474:	6442                	ld	s0,16(sp)
    80001476:	64a2                	ld	s1,8(sp)
    80001478:	6902                	ld	s2,0(sp)
    8000147a:	6105                	addi	sp,sp,32
    8000147c:	8082                	ret
    8000147e:	00750413          	addi	s0,a0,7
    80001482:	9861                	andi	s0,s0,-8
    80001484:	fe8506e3          	beq	a0,s0,80001470 <sbrk_aligned+0x32>
    80001488:	40a405b3          	sub	a1,s0,a0
    8000148c:	8526                	mv	a0,s1
    8000148e:	656000ef          	jal	80001ae4 <_sbrk_r>
    80001492:	fd251fe3          	bne	a0,s2,80001470 <sbrk_aligned+0x32>
    80001496:	bfe1                	j	8000146e <sbrk_aligned+0x30>

0000000080001498 <_malloc_r>:
    80001498:	00758793          	addi	a5,a1,7
    8000149c:	7179                	addi	sp,sp,-48
    8000149e:	9be1                	andi	a5,a5,-8
    800014a0:	ec26                	sd	s1,24(sp)
    800014a2:	e84a                	sd	s2,16(sp)
    800014a4:	f406                	sd	ra,40(sp)
    800014a6:	f022                	sd	s0,32(sp)
    800014a8:	e44e                	sd	s3,8(sp)
    800014aa:	e052                	sd	s4,0(sp)
    800014ac:	07a1                	addi	a5,a5,8
    800014ae:	4741                	li	a4,16
    800014b0:	892a                	mv	s2,a0
    800014b2:	44c1                	li	s1,16
    800014b4:	00e7e363          	bltu	a5,a4,800014ba <_malloc_r+0x22>
    800014b8:	84be                	mv	s1,a5
    800014ba:	80000737          	lui	a4,0x80000
    800014be:	fff74713          	not	a4,a4
    800014c2:	00f76463          	bltu	a4,a5,800014ca <_malloc_r+0x32>
    800014c6:	00b4fe63          	bgeu	s1,a1,800014e2 <_malloc_r+0x4a>
    800014ca:	47b1                	li	a5,12
    800014cc:	00f92023          	sw	a5,0(s2)
    800014d0:	4501                	li	a0,0
    800014d2:	70a2                	ld	ra,40(sp)
    800014d4:	7402                	ld	s0,32(sp)
    800014d6:	64e2                	ld	s1,24(sp)
    800014d8:	6942                	ld	s2,16(sp)
    800014da:	69a2                	ld	s3,8(sp)
    800014dc:	6a02                	ld	s4,0(sp)
    800014de:	6145                	addi	sp,sp,48
    800014e0:	8082                	ret
    800014e2:	854a                	mv	a0,s2
    800014e4:	0e4000ef          	jal	800015c8 <__malloc_lock>
    800014e8:	87018993          	addi	s3,gp,-1936 # 800033e8 <__malloc_free_list>
    800014ec:	0009b783          	ld	a5,0(s3)
    800014f0:	843e                	mv	s0,a5
    800014f2:	ec21                	bnez	s0,8000154a <_malloc_r+0xb2>
    800014f4:	85a6                	mv	a1,s1
    800014f6:	854a                	mv	a0,s2
    800014f8:	f47ff0ef          	jal	8000143e <sbrk_aligned>
    800014fc:	57fd                	li	a5,-1
    800014fe:	842a                	mv	s0,a0
    80001500:	0af51f63          	bne	a0,a5,800015be <_malloc_r+0x126>
    80001504:	0009b403          	ld	s0,0(s3)
    80001508:	87a2                	mv	a5,s0
    8000150a:	efd1                	bnez	a5,800015a6 <_malloc_r+0x10e>
    8000150c:	c055                	beqz	s0,800015b0 <_malloc_r+0x118>
    8000150e:	00043a03          	ld	s4,0(s0)
    80001512:	4581                	li	a1,0
    80001514:	854a                	mv	a0,s2
    80001516:	9a22                	add	s4,s4,s0
    80001518:	5cc000ef          	jal	80001ae4 <_sbrk_r>
    8000151c:	08aa1a63          	bne	s4,a0,800015b0 <_malloc_r+0x118>
    80001520:	601c                	ld	a5,0(s0)
    80001522:	854a                	mv	a0,s2
    80001524:	8c9d                	sub	s1,s1,a5
    80001526:	85a6                	mv	a1,s1
    80001528:	f17ff0ef          	jal	8000143e <sbrk_aligned>
    8000152c:	57fd                	li	a5,-1
    8000152e:	08f50163          	beq	a0,a5,800015b0 <_malloc_r+0x118>
    80001532:	601c                	ld	a5,0(s0)
    80001534:	97a6                	add	a5,a5,s1
    80001536:	e01c                	sd	a5,0(s0)
    80001538:	0009b783          	ld	a5,0(s3)
    8000153c:	c3d9                	beqz	a5,800015c2 <_malloc_r+0x12a>
    8000153e:	6798                	ld	a4,8(a5)
    80001540:	06871663          	bne	a4,s0,800015ac <_malloc_r+0x114>
    80001544:	0007b423          	sd	zero,8(a5)
    80001548:	a015                	j	8000156c <_malloc_r+0xd4>
    8000154a:	6014                	ld	a3,0(s0)
    8000154c:	9e85                	subw	a3,a3,s1
    8000154e:	0406c963          	bltz	a3,800015a0 <_malloc_r+0x108>
    80001552:	473d                	li	a4,15
    80001554:	02d75e63          	bge	a4,a3,80001590 <_malloc_r+0xf8>
    80001558:	e004                	sd	s1,0(s0)
    8000155a:	00940733          	add	a4,s0,s1
    8000155e:	02879763          	bne	a5,s0,8000158c <_malloc_r+0xf4>
    80001562:	00e9b023          	sd	a4,0(s3)
    80001566:	641c                	ld	a5,8(s0)
    80001568:	e314                	sd	a3,0(a4)
    8000156a:	e71c                	sd	a5,8(a4)
    8000156c:	854a                	mv	a0,s2
    8000156e:	05c000ef          	jal	800015ca <__malloc_unlock>
    80001572:	00f40513          	addi	a0,s0,15
    80001576:	00840793          	addi	a5,s0,8
    8000157a:	9961                	andi	a0,a0,-8
    8000157c:	40f507bb          	subw	a5,a0,a5
    80001580:	dba9                	beqz	a5,800014d2 <_malloc_r+0x3a>
    80001582:	943e                	add	s0,s0,a5
    80001584:	40f007bb          	negw	a5,a5
    80001588:	e01c                	sd	a5,0(s0)
    8000158a:	b7a1                	j	800014d2 <_malloc_r+0x3a>
    8000158c:	e798                	sd	a4,8(a5)
    8000158e:	bfe1                	j	80001566 <_malloc_r+0xce>
    80001590:	6418                	ld	a4,8(s0)
    80001592:	00879563          	bne	a5,s0,8000159c <_malloc_r+0x104>
    80001596:	00e9b023          	sd	a4,0(s3)
    8000159a:	bfc9                	j	8000156c <_malloc_r+0xd4>
    8000159c:	e798                	sd	a4,8(a5)
    8000159e:	b7f9                	j	8000156c <_malloc_r+0xd4>
    800015a0:	87a2                	mv	a5,s0
    800015a2:	6400                	ld	s0,8(s0)
    800015a4:	b7b9                	j	800014f2 <_malloc_r+0x5a>
    800015a6:	843e                	mv	s0,a5
    800015a8:	679c                	ld	a5,8(a5)
    800015aa:	b785                	j	8000150a <_malloc_r+0x72>
    800015ac:	87ba                	mv	a5,a4
    800015ae:	b779                	j	8000153c <_malloc_r+0xa4>
    800015b0:	47b1                	li	a5,12
    800015b2:	00f92023          	sw	a5,0(s2)
    800015b6:	854a                	mv	a0,s2
    800015b8:	012000ef          	jal	800015ca <__malloc_unlock>
    800015bc:	bf11                	j	800014d0 <_malloc_r+0x38>
    800015be:	e104                	sd	s1,0(a0)
    800015c0:	b775                	j	8000156c <_malloc_r+0xd4>
    800015c2:	00003423          	sd	zero,8(zero) # 8 <__boot_hart+0x8>
    800015c6:	9002                	ebreak

00000000800015c8 <__malloc_lock>:
    800015c8:	8082                	ret

00000000800015ca <__malloc_unlock>:
    800015ca:	8082                	ret

00000000800015cc <__fp_lock>:
    800015cc:	4501                	li	a0,0
    800015ce:	8082                	ret

00000000800015d0 <std>:
    800015d0:	1141                	addi	sp,sp,-16
    800015d2:	e022                	sd	s0,0(sp)
    800015d4:	e406                	sd	ra,8(sp)
    800015d6:	842a                	mv	s0,a0
    800015d8:	00b51823          	sh	a1,16(a0)
    800015dc:	00c51923          	sh	a2,18(a0)
    800015e0:	00053023          	sd	zero,0(a0)
    800015e4:	00053423          	sd	zero,8(a0)
    800015e8:	0a052623          	sw	zero,172(a0)
    800015ec:	00053c23          	sd	zero,24(a0)
    800015f0:	02052023          	sw	zero,32(a0)
    800015f4:	02052423          	sw	zero,40(a0)
    800015f8:	4621                	li	a2,8
    800015fa:	4581                	li	a1,0
    800015fc:	0a450513          	addi	a0,a0,164
    80001600:	538000ef          	jal	80001b38 <memset>
    80001604:	00000797          	auipc	a5,0x0
    80001608:	2cc78793          	addi	a5,a5,716 # 800018d0 <__sread>
    8000160c:	e03c                	sd	a5,64(s0)
    8000160e:	00000797          	auipc	a5,0x0
    80001612:	2f878793          	addi	a5,a5,760 # 80001906 <__swrite>
    80001616:	e43c                	sd	a5,72(s0)
    80001618:	00000797          	auipc	a5,0x0
    8000161c:	33e78793          	addi	a5,a5,830 # 80001956 <__sseek>
    80001620:	e83c                	sd	a5,80(s0)
    80001622:	00000797          	auipc	a5,0x0
    80001626:	36c78793          	addi	a5,a5,876 # 8000198e <__sclose>
    8000162a:	60a2                	ld	ra,8(sp)
    8000162c:	fc00                	sd	s0,56(s0)
    8000162e:	ec3c                	sd	a5,88(s0)
    80001630:	6402                	ld	s0,0(sp)
    80001632:	0141                	addi	sp,sp,16
    80001634:	8082                	ret

0000000080001636 <stdio_exit_handler>:
    80001636:	00002617          	auipc	a2,0x2
    8000163a:	c9a60613          	addi	a2,a2,-870 # 800032d0 <__sglue>
    8000163e:	00001597          	auipc	a1,0x1
    80001642:	dc458593          	addi	a1,a1,-572 # 80002402 <_fflush_r>
    80001646:	00002517          	auipc	a0,0x2
    8000164a:	ca250513          	addi	a0,a0,-862 # 800032e8 <_impure_data>
    8000164e:	a2e1                	j	80001816 <_fwalk_sglue>

0000000080001650 <cleanup_stdio>:
    80001650:	650c                	ld	a1,8(a0)
    80001652:	1141                	addi	sp,sp,-16
    80001654:	e022                	sd	s0,0(sp)
    80001656:	e406                	sd	ra,8(sp)
    80001658:	00002797          	auipc	a5,0x2
    8000165c:	e4878793          	addi	a5,a5,-440 # 800034a0 <__sf>
    80001660:	842a                	mv	s0,a0
    80001662:	00f58463          	beq	a1,a5,8000166a <cleanup_stdio+0x1a>
    80001666:	59d000ef          	jal	80002402 <_fflush_r>
    8000166a:	680c                	ld	a1,16(s0)
    8000166c:	9d818793          	addi	a5,gp,-1576 # 80003550 <__sf+0xb0>
    80001670:	00f58563          	beq	a1,a5,8000167a <cleanup_stdio+0x2a>
    80001674:	8522                	mv	a0,s0
    80001676:	58d000ef          	jal	80002402 <_fflush_r>
    8000167a:	6c0c                	ld	a1,24(s0)
    8000167c:	a8818793          	addi	a5,gp,-1400 # 80003600 <__sf+0x160>
    80001680:	00f58863          	beq	a1,a5,80001690 <cleanup_stdio+0x40>
    80001684:	8522                	mv	a0,s0
    80001686:	6402                	ld	s0,0(sp)
    80001688:	60a2                	ld	ra,8(sp)
    8000168a:	0141                	addi	sp,sp,16
    8000168c:	5770006f          	j	80002402 <_fflush_r>
    80001690:	60a2                	ld	ra,8(sp)
    80001692:	6402                	ld	s0,0(sp)
    80001694:	0141                	addi	sp,sp,16
    80001696:	8082                	ret

0000000080001698 <global_stdio_init.part.0>:
    80001698:	1141                	addi	sp,sp,-16
    8000169a:	00000797          	auipc	a5,0x0
    8000169e:	f9c78793          	addi	a5,a5,-100 # 80001636 <stdio_exit_handler>
    800016a2:	4601                	li	a2,0
    800016a4:	4591                	li	a1,4
    800016a6:	00002517          	auipc	a0,0x2
    800016aa:	dfa50513          	addi	a0,a0,-518 # 800034a0 <__sf>
    800016ae:	e406                	sd	ra,8(sp)
    800016b0:	86f1bc23          	sd	a5,-1928(gp) # 800033f0 <__stdio_exit_handler>
    800016b4:	f1dff0ef          	jal	800015d0 <std>
    800016b8:	4605                	li	a2,1
    800016ba:	45a5                	li	a1,9
    800016bc:	9d818513          	addi	a0,gp,-1576 # 80003550 <__sf+0xb0>
    800016c0:	f11ff0ef          	jal	800015d0 <std>
    800016c4:	60a2                	ld	ra,8(sp)
    800016c6:	4609                	li	a2,2
    800016c8:	45c9                	li	a1,18
    800016ca:	a8818513          	addi	a0,gp,-1400 # 80003600 <__sf+0x160>
    800016ce:	0141                	addi	sp,sp,16
    800016d0:	b701                	j	800015d0 <std>

00000000800016d2 <__fp_unlock>:
    800016d2:	4501                	li	a0,0
    800016d4:	8082                	ret

00000000800016d6 <__sfp>:
    800016d6:	1101                	addi	sp,sp,-32
    800016d8:	e04a                	sd	s2,0(sp)
    800016da:	ec06                	sd	ra,24(sp)
    800016dc:	e822                	sd	s0,16(sp)
    800016de:	e426                	sd	s1,8(sp)
    800016e0:	8781b783          	ld	a5,-1928(gp) # 800033f0 <__stdio_exit_handler>
    800016e4:	892a                	mv	s2,a0
    800016e6:	e399                	bnez	a5,800016ec <__sfp+0x16>
    800016e8:	fb1ff0ef          	jal	80001698 <global_stdio_init.part.0>
    800016ec:	00002497          	auipc	s1,0x2
    800016f0:	be448493          	addi	s1,s1,-1052 # 800032d0 <__sglue>
    800016f4:	6880                	ld	s0,16(s1)
    800016f6:	449c                	lw	a5,8(s1)
    800016f8:	37fd                	addiw	a5,a5,-1
    800016fa:	0207d163          	bgez	a5,8000171c <__sfp+0x46>
    800016fe:	609c                	ld	a5,0(s1)
    80001700:	e7c1                	bnez	a5,80001788 <__sfp+0xb2>
    80001702:	2d800593          	li	a1,728
    80001706:	854a                	mv	a0,s2
    80001708:	d91ff0ef          	jal	80001498 <_malloc_r>
    8000170c:	842a                	mv	s0,a0
    8000170e:	e12d                	bnez	a0,80001770 <__sfp+0x9a>
    80001710:	0004b023          	sd	zero,0(s1)
    80001714:	47b1                	li	a5,12
    80001716:	00f92023          	sw	a5,0(s2)
    8000171a:	a089                	j	8000175c <__sfp+0x86>
    8000171c:	01041703          	lh	a4,16(s0)
    80001720:	e729                	bnez	a4,8000176a <__sfp+0x94>
    80001722:	77c1                	lui	a5,0xffff0
    80001724:	0785                	addi	a5,a5,1 # ffffffffffff0001 <__heap_end+0xffffffff7ffcc001>
    80001726:	0a042623          	sw	zero,172(s0)
    8000172a:	00043023          	sd	zero,0(s0)
    8000172e:	00043423          	sd	zero,8(s0)
    80001732:	c81c                	sw	a5,16(s0)
    80001734:	00043c23          	sd	zero,24(s0)
    80001738:	02042023          	sw	zero,32(s0)
    8000173c:	02042423          	sw	zero,40(s0)
    80001740:	4621                	li	a2,8
    80001742:	4581                	li	a1,0
    80001744:	0a440513          	addi	a0,s0,164
    80001748:	3f0000ef          	jal	80001b38 <memset>
    8000174c:	06043023          	sd	zero,96(s0)
    80001750:	06042423          	sw	zero,104(s0)
    80001754:	08043023          	sd	zero,128(s0)
    80001758:	08042423          	sw	zero,136(s0)
    8000175c:	60e2                	ld	ra,24(sp)
    8000175e:	8522                	mv	a0,s0
    80001760:	6442                	ld	s0,16(sp)
    80001762:	64a2                	ld	s1,8(sp)
    80001764:	6902                	ld	s2,0(sp)
    80001766:	6105                	addi	sp,sp,32
    80001768:	8082                	ret
    8000176a:	0b040413          	addi	s0,s0,176
    8000176e:	b769                	j	800016f8 <__sfp+0x22>
    80001770:	4791                	li	a5,4
    80001772:	00053023          	sd	zero,0(a0)
    80001776:	c51c                	sw	a5,8(a0)
    80001778:	0561                	addi	a0,a0,24
    8000177a:	e808                	sd	a0,16(s0)
    8000177c:	2c000613          	li	a2,704
    80001780:	4581                	li	a1,0
    80001782:	3b6000ef          	jal	80001b38 <memset>
    80001786:	e080                	sd	s0,0(s1)
    80001788:	6084                	ld	s1,0(s1)
    8000178a:	b7ad                	j	800016f4 <__sfp+0x1e>

000000008000178c <__sinit>:
    8000178c:	613c                	ld	a5,64(a0)
    8000178e:	eb91                	bnez	a5,800017a2 <__sinit+0x16>
    80001790:	00000797          	auipc	a5,0x0
    80001794:	ec078793          	addi	a5,a5,-320 # 80001650 <cleanup_stdio>
    80001798:	e13c                	sd	a5,64(a0)
    8000179a:	8781b783          	ld	a5,-1928(gp) # 800033f0 <__stdio_exit_handler>
    8000179e:	e391                	bnez	a5,800017a2 <__sinit+0x16>
    800017a0:	bde5                	j	80001698 <global_stdio_init.part.0>
    800017a2:	8082                	ret

00000000800017a4 <__sfp_lock_acquire>:
    800017a4:	8082                	ret

00000000800017a6 <__sfp_lock_release>:
    800017a6:	8082                	ret

00000000800017a8 <__fp_lock_all>:
    800017a8:	00002617          	auipc	a2,0x2
    800017ac:	b2860613          	addi	a2,a2,-1240 # 800032d0 <__sglue>
    800017b0:	00000597          	auipc	a1,0x0
    800017b4:	e1c58593          	addi	a1,a1,-484 # 800015cc <__fp_lock>
    800017b8:	4501                	li	a0,0
    800017ba:	a8b1                	j	80001816 <_fwalk_sglue>

00000000800017bc <__fp_unlock_all>:
    800017bc:	00002617          	auipc	a2,0x2
    800017c0:	b1460613          	addi	a2,a2,-1260 # 800032d0 <__sglue>
    800017c4:	00000597          	auipc	a1,0x0
    800017c8:	f0e58593          	addi	a1,a1,-242 # 800016d2 <__fp_unlock>
    800017cc:	4501                	li	a0,0
    800017ce:	a0a1                	j	80001816 <_fwalk_sglue>

00000000800017d0 <_fiprintf_r>:
    800017d0:	715d                	addi	sp,sp,-80
    800017d2:	f436                	sd	a3,40(sp)
    800017d4:	1034                	addi	a3,sp,40
    800017d6:	ec06                	sd	ra,24(sp)
    800017d8:	f83a                	sd	a4,48(sp)
    800017da:	fc3e                	sd	a5,56(sp)
    800017dc:	e0c2                	sd	a6,64(sp)
    800017de:	e4c6                	sd	a7,72(sp)
    800017e0:	e436                	sd	a3,8(sp)
    800017e2:	4ac000ef          	jal	80001c8e <_vfiprintf_r>
    800017e6:	60e2                	ld	ra,24(sp)
    800017e8:	6161                	addi	sp,sp,80
    800017ea:	8082                	ret

00000000800017ec <fiprintf>:
    800017ec:	715d                	addi	sp,sp,-80
    800017ee:	f032                	sd	a2,32(sp)
    800017f0:	f436                	sd	a3,40(sp)
    800017f2:	862e                	mv	a2,a1
    800017f4:	1014                	addi	a3,sp,32
    800017f6:	85aa                	mv	a1,a0
    800017f8:	00002517          	auipc	a0,0x2
    800017fc:	b8053503          	ld	a0,-1152(a0) # 80003378 <_impure_ptr>
    80001800:	ec06                	sd	ra,24(sp)
    80001802:	f83a                	sd	a4,48(sp)
    80001804:	fc3e                	sd	a5,56(sp)
    80001806:	e0c2                	sd	a6,64(sp)
    80001808:	e4c6                	sd	a7,72(sp)
    8000180a:	e436                	sd	a3,8(sp)
    8000180c:	482000ef          	jal	80001c8e <_vfiprintf_r>
    80001810:	60e2                	ld	ra,24(sp)
    80001812:	6161                	addi	sp,sp,80
    80001814:	8082                	ret

0000000080001816 <_fwalk_sglue>:
    80001816:	715d                	addi	sp,sp,-80
    80001818:	e0a2                	sd	s0,64(sp)
    8000181a:	fc26                	sd	s1,56(sp)
    8000181c:	f44e                	sd	s3,40(sp)
    8000181e:	f052                	sd	s4,32(sp)
    80001820:	e85a                	sd	s6,16(sp)
    80001822:	e45e                	sd	s7,8(sp)
    80001824:	e486                	sd	ra,72(sp)
    80001826:	f84a                	sd	s2,48(sp)
    80001828:	ec56                	sd	s5,24(sp)
    8000182a:	89aa                	mv	s3,a0
    8000182c:	8a2e                	mv	s4,a1
    8000182e:	8432                	mv	s0,a2
    80001830:	4481                	li	s1,0
    80001832:	4b05                	li	s6,1
    80001834:	5bfd                	li	s7,-1
    80001836:	01043903          	ld	s2,16(s0)
    8000183a:	00842a83          	lw	s5,8(s0)
    8000183e:	3afd                	addiw	s5,s5,-1
    80001840:	020ad063          	bgez	s5,80001860 <_fwalk_sglue+0x4a>
    80001844:	6000                	ld	s0,0(s0)
    80001846:	f865                	bnez	s0,80001836 <_fwalk_sglue+0x20>
    80001848:	60a6                	ld	ra,72(sp)
    8000184a:	6406                	ld	s0,64(sp)
    8000184c:	7942                	ld	s2,48(sp)
    8000184e:	79a2                	ld	s3,40(sp)
    80001850:	7a02                	ld	s4,32(sp)
    80001852:	6ae2                	ld	s5,24(sp)
    80001854:	6b42                	ld	s6,16(sp)
    80001856:	6ba2                	ld	s7,8(sp)
    80001858:	8526                	mv	a0,s1
    8000185a:	74e2                	ld	s1,56(sp)
    8000185c:	6161                	addi	sp,sp,80
    8000185e:	8082                	ret
    80001860:	01095783          	lhu	a5,16(s2)
    80001864:	00fb7b63          	bgeu	s6,a5,8000187a <_fwalk_sglue+0x64>
    80001868:	01291783          	lh	a5,18(s2)
    8000186c:	01778763          	beq	a5,s7,8000187a <_fwalk_sglue+0x64>
    80001870:	85ca                	mv	a1,s2
    80001872:	854e                	mv	a0,s3
    80001874:	9a02                	jalr	s4
    80001876:	8cc9                	or	s1,s1,a0
    80001878:	2481                	sext.w	s1,s1
    8000187a:	0b090913          	addi	s2,s2,176
    8000187e:	b7c1                	j	8000183e <_fwalk_sglue+0x28>

0000000080001880 <_iprintf_r>:
    80001880:	715d                	addi	sp,sp,-80
    80001882:	f032                	sd	a2,32(sp)
    80001884:	f436                	sd	a3,40(sp)
    80001886:	f83a                	sd	a4,48(sp)
    80001888:	fc3e                	sd	a5,56(sp)
    8000188a:	e0c2                	sd	a6,64(sp)
    8000188c:	e4c6                	sd	a7,72(sp)
    8000188e:	862e                	mv	a2,a1
    80001890:	690c                	ld	a1,16(a0)
    80001892:	1014                	addi	a3,sp,32
    80001894:	ec06                	sd	ra,24(sp)
    80001896:	e436                	sd	a3,8(sp)
    80001898:	3f6000ef          	jal	80001c8e <_vfiprintf_r>
    8000189c:	60e2                	ld	ra,24(sp)
    8000189e:	6161                	addi	sp,sp,80
    800018a0:	8082                	ret

00000000800018a2 <iprintf>:
    800018a2:	711d                	addi	sp,sp,-96
    800018a4:	f832                	sd	a2,48(sp)
    800018a6:	fc36                	sd	a3,56(sp)
    800018a8:	e4be                	sd	a5,72(sp)
    800018aa:	f42e                	sd	a1,40(sp)
    800018ac:	e0ba                	sd	a4,64(sp)
    800018ae:	e8c2                	sd	a6,80(sp)
    800018b0:	ecc6                	sd	a7,88(sp)
    800018b2:	00002797          	auipc	a5,0x2
    800018b6:	ac67b783          	ld	a5,-1338(a5) # 80003378 <_impure_ptr>
    800018ba:	6b8c                	ld	a1,16(a5)
    800018bc:	1034                	addi	a3,sp,40
    800018be:	862a                	mv	a2,a0
    800018c0:	853e                	mv	a0,a5
    800018c2:	ec06                	sd	ra,24(sp)
    800018c4:	e436                	sd	a3,8(sp)
    800018c6:	3c8000ef          	jal	80001c8e <_vfiprintf_r>
    800018ca:	60e2                	ld	ra,24(sp)
    800018cc:	6125                	addi	sp,sp,96
    800018ce:	8082                	ret

00000000800018d0 <__sread>:
    800018d0:	1141                	addi	sp,sp,-16
    800018d2:	e022                	sd	s0,0(sp)
    800018d4:	842e                	mv	s0,a1
    800018d6:	01259583          	lh	a1,18(a1)
    800018da:	e406                	sd	ra,8(sp)
    800018dc:	1dc000ef          	jal	80001ab8 <_read_r>
    800018e0:	00054963          	bltz	a0,800018f2 <__sread+0x22>
    800018e4:	6c5c                	ld	a5,152(s0)
    800018e6:	97aa                	add	a5,a5,a0
    800018e8:	ec5c                	sd	a5,152(s0)
    800018ea:	60a2                	ld	ra,8(sp)
    800018ec:	6402                	ld	s0,0(sp)
    800018ee:	0141                	addi	sp,sp,16
    800018f0:	8082                	ret
    800018f2:	01045783          	lhu	a5,16(s0)
    800018f6:	777d                	lui	a4,0xfffff
    800018f8:	177d                	addi	a4,a4,-1 # ffffffffffffefff <__heap_end+0xffffffff7ffdafff>
    800018fa:	8ff9                	and	a5,a5,a4
    800018fc:	00f41823          	sh	a5,16(s0)
    80001900:	b7ed                	j	800018ea <__sread+0x1a>

0000000080001902 <__seofread>:
    80001902:	4501                	li	a0,0
    80001904:	8082                	ret

0000000080001906 <__swrite>:
    80001906:	0105d783          	lhu	a5,16(a1)
    8000190a:	7179                	addi	sp,sp,-48
    8000190c:	f022                	sd	s0,32(sp)
    8000190e:	ec26                	sd	s1,24(sp)
    80001910:	e84a                	sd	s2,16(sp)
    80001912:	e44e                	sd	s3,8(sp)
    80001914:	f406                	sd	ra,40(sp)
    80001916:	1007f793          	andi	a5,a5,256
    8000191a:	84aa                	mv	s1,a0
    8000191c:	842e                	mv	s0,a1
    8000191e:	8932                	mv	s2,a2
    80001920:	89b6                	mv	s3,a3
    80001922:	c799                	beqz	a5,80001930 <__swrite+0x2a>
    80001924:	01259583          	lh	a1,18(a1)
    80001928:	4689                	li	a3,2
    8000192a:	4601                	li	a2,0
    8000192c:	160000ef          	jal	80001a8c <_lseek_r>
    80001930:	01045783          	lhu	a5,16(s0)
    80001934:	777d                	lui	a4,0xfffff
    80001936:	177d                	addi	a4,a4,-1 # ffffffffffffefff <__heap_end+0xffffffff7ffdafff>
    80001938:	8ff9                	and	a5,a5,a4
    8000193a:	01241583          	lh	a1,18(s0)
    8000193e:	00f41823          	sh	a5,16(s0)
    80001942:	7402                	ld	s0,32(sp)
    80001944:	70a2                	ld	ra,40(sp)
    80001946:	86ce                	mv	a3,s3
    80001948:	864a                	mv	a2,s2
    8000194a:	69a2                	ld	s3,8(sp)
    8000194c:	6942                	ld	s2,16(sp)
    8000194e:	8526                	mv	a0,s1
    80001950:	64e2                	ld	s1,24(sp)
    80001952:	6145                	addi	sp,sp,48
    80001954:	aa65                	j	80001b0c <_write_r>

0000000080001956 <__sseek>:
    80001956:	1141                	addi	sp,sp,-16
    80001958:	e022                	sd	s0,0(sp)
    8000195a:	842e                	mv	s0,a1
    8000195c:	01259583          	lh	a1,18(a1)
    80001960:	e406                	sd	ra,8(sp)
    80001962:	12a000ef          	jal	80001a8c <_lseek_r>
    80001966:	577d                	li	a4,-1
    80001968:	01045783          	lhu	a5,16(s0)
    8000196c:	00e51b63          	bne	a0,a4,80001982 <__sseek+0x2c>
    80001970:	777d                	lui	a4,0xfffff
    80001972:	177d                	addi	a4,a4,-1 # ffffffffffffefff <__heap_end+0xffffffff7ffdafff>
    80001974:	8ff9                	and	a5,a5,a4
    80001976:	00f41823          	sh	a5,16(s0)
    8000197a:	60a2                	ld	ra,8(sp)
    8000197c:	6402                	ld	s0,0(sp)
    8000197e:	0141                	addi	sp,sp,16
    80001980:	8082                	ret
    80001982:	6705                	lui	a4,0x1
    80001984:	8fd9                	or	a5,a5,a4
    80001986:	00f41823          	sh	a5,16(s0)
    8000198a:	ec48                	sd	a0,152(s0)
    8000198c:	b7fd                	j	8000197a <__sseek+0x24>

000000008000198e <__sclose>:
    8000198e:	01259583          	lh	a1,18(a1)
    80001992:	a009                	j	80001994 <_close_r>

0000000080001994 <_close_r>:
    80001994:	1141                	addi	sp,sp,-16
    80001996:	e022                	sd	s0,0(sp)
    80001998:	842a                	mv	s0,a0
    8000199a:	852e                	mv	a0,a1
    8000199c:	8801a023          	sw	zero,-1920(gp) # 800033f8 <errno>
    800019a0:	e406                	sd	ra,8(sp)
    800019a2:	2da010ef          	jal	80002c7c <_close>
    800019a6:	57fd                	li	a5,-1
    800019a8:	00f51663          	bne	a0,a5,800019b4 <_close_r+0x20>
    800019ac:	8801a783          	lw	a5,-1920(gp) # 800033f8 <errno>
    800019b0:	c391                	beqz	a5,800019b4 <_close_r+0x20>
    800019b2:	c01c                	sw	a5,0(s0)
    800019b4:	60a2                	ld	ra,8(sp)
    800019b6:	6402                	ld	s0,0(sp)
    800019b8:	0141                	addi	sp,sp,16
    800019ba:	8082                	ret

00000000800019bc <_reclaim_reent>:
    800019bc:	00002797          	auipc	a5,0x2
    800019c0:	9bc7b783          	ld	a5,-1604(a5) # 80003378 <_impure_ptr>
    800019c4:	0ca78363          	beq	a5,a0,80001a8a <_reclaim_reent+0xce>
    800019c8:	7d1c                	ld	a5,56(a0)
    800019ca:	7179                	addi	sp,sp,-48
    800019cc:	f022                	sd	s0,32(sp)
    800019ce:	f406                	sd	ra,40(sp)
    800019d0:	ec26                	sd	s1,24(sp)
    800019d2:	e84a                	sd	s2,16(sp)
    800019d4:	e44e                	sd	s3,8(sp)
    800019d6:	842a                	mv	s0,a0
    800019d8:	cb8d                	beqz	a5,80001a0a <_reclaim_reent+0x4e>
    800019da:	6f9c                	ld	a5,24(a5)
    800019dc:	c38d                	beqz	a5,800019fe <_reclaim_reent+0x42>
    800019de:	4481                	li	s1,0
    800019e0:	20000913          	li	s2,512
    800019e4:	7c1c                	ld	a5,56(s0)
    800019e6:	6f9c                	ld	a5,24(a5)
    800019e8:	97a6                	add	a5,a5,s1
    800019ea:	638c                	ld	a1,0(a5)
    800019ec:	e1c9                	bnez	a1,80001a6e <_reclaim_reent+0xb2>
    800019ee:	04a1                	addi	s1,s1,8
    800019f0:	ff249ae3          	bne	s1,s2,800019e4 <_reclaim_reent+0x28>
    800019f4:	7c1c                	ld	a5,56(s0)
    800019f6:	8522                	mv	a0,s0
    800019f8:	6f8c                	ld	a1,24(a5)
    800019fa:	15e000ef          	jal	80001b58 <_free_r>
    800019fe:	7c1c                	ld	a5,56(s0)
    80001a00:	638c                	ld	a1,0(a5)
    80001a02:	c581                	beqz	a1,80001a0a <_reclaim_reent+0x4e>
    80001a04:	8522                	mv	a0,s0
    80001a06:	152000ef          	jal	80001b58 <_free_r>
    80001a0a:	740c                	ld	a1,40(s0)
    80001a0c:	c581                	beqz	a1,80001a14 <_reclaim_reent+0x58>
    80001a0e:	8522                	mv	a0,s0
    80001a10:	148000ef          	jal	80001b58 <_free_r>
    80001a14:	7c0c                	ld	a1,56(s0)
    80001a16:	c581                	beqz	a1,80001a1e <_reclaim_reent+0x62>
    80001a18:	8522                	mv	a0,s0
    80001a1a:	13e000ef          	jal	80001b58 <_free_r>
    80001a1e:	6c2c                	ld	a1,88(s0)
    80001a20:	c581                	beqz	a1,80001a28 <_reclaim_reent+0x6c>
    80001a22:	8522                	mv	a0,s0
    80001a24:	134000ef          	jal	80001b58 <_free_r>
    80001a28:	702c                	ld	a1,96(s0)
    80001a2a:	c581                	beqz	a1,80001a32 <_reclaim_reent+0x76>
    80001a2c:	8522                	mv	a0,s0
    80001a2e:	12a000ef          	jal	80001b58 <_free_r>
    80001a32:	742c                	ld	a1,104(s0)
    80001a34:	c581                	beqz	a1,80001a3c <_reclaim_reent+0x80>
    80001a36:	8522                	mv	a0,s0
    80001a38:	120000ef          	jal	80001b58 <_free_r>
    80001a3c:	644c                	ld	a1,136(s0)
    80001a3e:	c581                	beqz	a1,80001a46 <_reclaim_reent+0x8a>
    80001a40:	8522                	mv	a0,s0
    80001a42:	116000ef          	jal	80001b58 <_free_r>
    80001a46:	604c                	ld	a1,128(s0)
    80001a48:	c581                	beqz	a1,80001a50 <_reclaim_reent+0x94>
    80001a4a:	8522                	mv	a0,s0
    80001a4c:	10c000ef          	jal	80001b58 <_free_r>
    80001a50:	682c                	ld	a1,80(s0)
    80001a52:	c581                	beqz	a1,80001a5a <_reclaim_reent+0x9e>
    80001a54:	8522                	mv	a0,s0
    80001a56:	102000ef          	jal	80001b58 <_free_r>
    80001a5a:	603c                	ld	a5,64(s0)
    80001a5c:	c385                	beqz	a5,80001a7c <_reclaim_reent+0xc0>
    80001a5e:	8522                	mv	a0,s0
    80001a60:	7402                	ld	s0,32(sp)
    80001a62:	70a2                	ld	ra,40(sp)
    80001a64:	64e2                	ld	s1,24(sp)
    80001a66:	6942                	ld	s2,16(sp)
    80001a68:	69a2                	ld	s3,8(sp)
    80001a6a:	6145                	addi	sp,sp,48
    80001a6c:	8782                	jr	a5
    80001a6e:	0005b983          	ld	s3,0(a1)
    80001a72:	8522                	mv	a0,s0
    80001a74:	0e4000ef          	jal	80001b58 <_free_r>
    80001a78:	85ce                	mv	a1,s3
    80001a7a:	bf8d                	j	800019ec <_reclaim_reent+0x30>
    80001a7c:	70a2                	ld	ra,40(sp)
    80001a7e:	7402                	ld	s0,32(sp)
    80001a80:	64e2                	ld	s1,24(sp)
    80001a82:	6942                	ld	s2,16(sp)
    80001a84:	69a2                	ld	s3,8(sp)
    80001a86:	6145                	addi	sp,sp,48
    80001a88:	8082                	ret
    80001a8a:	8082                	ret

0000000080001a8c <_lseek_r>:
    80001a8c:	1141                	addi	sp,sp,-16
    80001a8e:	e022                	sd	s0,0(sp)
    80001a90:	842a                	mv	s0,a0
    80001a92:	852e                	mv	a0,a1
    80001a94:	85b2                	mv	a1,a2
    80001a96:	8636                	mv	a2,a3
    80001a98:	8801a023          	sw	zero,-1920(gp) # 800033f8 <errno>
    80001a9c:	e406                	sd	ra,8(sp)
    80001a9e:	248010ef          	jal	80002ce6 <_lseek>
    80001aa2:	57fd                	li	a5,-1
    80001aa4:	00f51663          	bne	a0,a5,80001ab0 <_lseek_r+0x24>
    80001aa8:	8801a783          	lw	a5,-1920(gp) # 800033f8 <errno>
    80001aac:	c391                	beqz	a5,80001ab0 <_lseek_r+0x24>
    80001aae:	c01c                	sw	a5,0(s0)
    80001ab0:	60a2                	ld	ra,8(sp)
    80001ab2:	6402                	ld	s0,0(sp)
    80001ab4:	0141                	addi	sp,sp,16
    80001ab6:	8082                	ret

0000000080001ab8 <_read_r>:
    80001ab8:	1141                	addi	sp,sp,-16
    80001aba:	e022                	sd	s0,0(sp)
    80001abc:	842a                	mv	s0,a0
    80001abe:	852e                	mv	a0,a1
    80001ac0:	85b2                	mv	a1,a2
    80001ac2:	8636                	mv	a2,a3
    80001ac4:	8801a023          	sw	zero,-1920(gp) # 800033f8 <errno>
    80001ac8:	e406                	sd	ra,8(sp)
    80001aca:	230010ef          	jal	80002cfa <_read>
    80001ace:	57fd                	li	a5,-1
    80001ad0:	00f51663          	bne	a0,a5,80001adc <_read_r+0x24>
    80001ad4:	8801a783          	lw	a5,-1920(gp) # 800033f8 <errno>
    80001ad8:	c391                	beqz	a5,80001adc <_read_r+0x24>
    80001ada:	c01c                	sw	a5,0(s0)
    80001adc:	60a2                	ld	ra,8(sp)
    80001ade:	6402                	ld	s0,0(sp)
    80001ae0:	0141                	addi	sp,sp,16
    80001ae2:	8082                	ret

0000000080001ae4 <_sbrk_r>:
    80001ae4:	1141                	addi	sp,sp,-16
    80001ae6:	e022                	sd	s0,0(sp)
    80001ae8:	842a                	mv	s0,a0
    80001aea:	852e                	mv	a0,a1
    80001aec:	8801a023          	sw	zero,-1920(gp) # 800033f8 <errno>
    80001af0:	e406                	sd	ra,8(sp)
    80001af2:	21e010ef          	jal	80002d10 <_sbrk>
    80001af6:	57fd                	li	a5,-1
    80001af8:	00f51663          	bne	a0,a5,80001b04 <_sbrk_r+0x20>
    80001afc:	8801a783          	lw	a5,-1920(gp) # 800033f8 <errno>
    80001b00:	c391                	beqz	a5,80001b04 <_sbrk_r+0x20>
    80001b02:	c01c                	sw	a5,0(s0)
    80001b04:	60a2                	ld	ra,8(sp)
    80001b06:	6402                	ld	s0,0(sp)
    80001b08:	0141                	addi	sp,sp,16
    80001b0a:	8082                	ret

0000000080001b0c <_write_r>:
    80001b0c:	1141                	addi	sp,sp,-16
    80001b0e:	e022                	sd	s0,0(sp)
    80001b10:	842a                	mv	s0,a0
    80001b12:	852e                	mv	a0,a1
    80001b14:	85b2                	mv	a1,a2
    80001b16:	8636                	mv	a2,a3
    80001b18:	8801a023          	sw	zero,-1920(gp) # 800033f8 <errno>
    80001b1c:	e406                	sd	ra,8(sp)
    80001b1e:	22e010ef          	jal	80002d4c <_write>
    80001b22:	57fd                	li	a5,-1
    80001b24:	00f51663          	bne	a0,a5,80001b30 <_write_r+0x24>
    80001b28:	8801a783          	lw	a5,-1920(gp) # 800033f8 <errno>
    80001b2c:	c391                	beqz	a5,80001b30 <_write_r+0x24>
    80001b2e:	c01c                	sw	a5,0(s0)
    80001b30:	60a2                	ld	ra,8(sp)
    80001b32:	6402                	ld	s0,0(sp)
    80001b34:	0141                	addi	sp,sp,16
    80001b36:	8082                	ret

0000000080001b38 <memset>:
    80001b38:	832a                	mv	t1,a0
    80001b3a:	c611                	beqz	a2,80001b46 <memset+0xe>
    80001b3c:	00b30023          	sb	a1,0(t1)
    80001b40:	167d                	addi	a2,a2,-1
    80001b42:	0305                	addi	t1,t1,1
    80001b44:	fe65                	bnez	a2,80001b3c <memset+0x4>
    80001b46:	8082                	ret

0000000080001b48 <abort>:
    80001b48:	1141                	addi	sp,sp,-16
    80001b4a:	4519                	li	a0,6
    80001b4c:	e406                	sd	ra,8(sp)
    80001b4e:	6b3000ef          	jal	80002a00 <raise>
    80001b52:	4505                	li	a0,1
    80001b54:	13c010ef          	jal	80002c90 <_exit>

0000000080001b58 <_free_r>:
    80001b58:	c1c5                	beqz	a1,80001bf8 <_free_r+0xa0>
    80001b5a:	ff85b783          	ld	a5,-8(a1)
    80001b5e:	1101                	addi	sp,sp,-32
    80001b60:	e822                	sd	s0,16(sp)
    80001b62:	ec06                	sd	ra,24(sp)
    80001b64:	ff858413          	addi	s0,a1,-8
    80001b68:	0007d363          	bgez	a5,80001b6e <_free_r+0x16>
    80001b6c:	943e                	add	s0,s0,a5
    80001b6e:	e42a                	sd	a0,8(sp)
    80001b70:	a59ff0ef          	jal	800015c8 <__malloc_lock>
    80001b74:	87018713          	addi	a4,gp,-1936 # 800033e8 <__malloc_free_list>
    80001b78:	631c                	ld	a5,0(a4)
    80001b7a:	6522                	ld	a0,8(sp)
    80001b7c:	eb89                	bnez	a5,80001b8e <_free_r+0x36>
    80001b7e:	00043423          	sd	zero,8(s0)
    80001b82:	e300                	sd	s0,0(a4)
    80001b84:	6442                	ld	s0,16(sp)
    80001b86:	60e2                	ld	ra,24(sp)
    80001b88:	6105                	addi	sp,sp,32
    80001b8a:	a41ff06f          	j	800015ca <__malloc_unlock>
    80001b8e:	00f47d63          	bgeu	s0,a5,80001ba8 <_free_r+0x50>
    80001b92:	6010                	ld	a2,0(s0)
    80001b94:	00c406b3          	add	a3,s0,a2
    80001b98:	00d79663          	bne	a5,a3,80001ba4 <_free_r+0x4c>
    80001b9c:	6394                	ld	a3,0(a5)
    80001b9e:	679c                	ld	a5,8(a5)
    80001ba0:	96b2                	add	a3,a3,a2
    80001ba2:	e014                	sd	a3,0(s0)
    80001ba4:	e41c                	sd	a5,8(s0)
    80001ba6:	bff1                	j	80001b82 <_free_r+0x2a>
    80001ba8:	873e                	mv	a4,a5
    80001baa:	679c                	ld	a5,8(a5)
    80001bac:	c399                	beqz	a5,80001bb2 <_free_r+0x5a>
    80001bae:	fef47de3          	bgeu	s0,a5,80001ba8 <_free_r+0x50>
    80001bb2:	6314                	ld	a3,0(a4)
    80001bb4:	00d70633          	add	a2,a4,a3
    80001bb8:	00861f63          	bne	a2,s0,80001bd6 <_free_r+0x7e>
    80001bbc:	6010                	ld	a2,0(s0)
    80001bbe:	96b2                	add	a3,a3,a2
    80001bc0:	e314                	sd	a3,0(a4)
    80001bc2:	00d70633          	add	a2,a4,a3
    80001bc6:	fac79fe3          	bne	a5,a2,80001b84 <_free_r+0x2c>
    80001bca:	6390                	ld	a2,0(a5)
    80001bcc:	679c                	ld	a5,8(a5)
    80001bce:	96b2                	add	a3,a3,a2
    80001bd0:	e314                	sd	a3,0(a4)
    80001bd2:	e71c                	sd	a5,8(a4)
    80001bd4:	bf45                	j	80001b84 <_free_r+0x2c>
    80001bd6:	00c47563          	bgeu	s0,a2,80001be0 <_free_r+0x88>
    80001bda:	47b1                	li	a5,12
    80001bdc:	c11c                	sw	a5,0(a0)
    80001bde:	b75d                	j	80001b84 <_free_r+0x2c>
    80001be0:	6010                	ld	a2,0(s0)
    80001be2:	00c406b3          	add	a3,s0,a2
    80001be6:	00d79663          	bne	a5,a3,80001bf2 <_free_r+0x9a>
    80001bea:	6394                	ld	a3,0(a5)
    80001bec:	679c                	ld	a5,8(a5)
    80001bee:	96b2                	add	a3,a3,a2
    80001bf0:	e014                	sd	a3,0(s0)
    80001bf2:	e41c                	sd	a5,8(s0)
    80001bf4:	e700                	sd	s0,8(a4)
    80001bf6:	b779                	j	80001b84 <_free_r+0x2c>
    80001bf8:	8082                	ret

0000000080001bfa <__sfputc_r>:
    80001bfa:	465c                	lw	a5,12(a2)
    80001bfc:	fff7871b          	addiw	a4,a5,-1
    80001c00:	c658                	sw	a4,12(a2)
    80001c02:	00075a63          	bgez	a4,80001c16 <__sfputc_r+0x1c>
    80001c06:	561c                	lw	a5,40(a2)
    80001c08:	00f74563          	blt	a4,a5,80001c12 <__sfputc_r+0x18>
    80001c0c:	47a9                	li	a5,10
    80001c0e:	00f59463          	bne	a1,a5,80001c16 <__sfputc_r+0x1c>
    80001c12:	3290006f          	j	8000273a <__swbuf_r>
    80001c16:	621c                	ld	a5,0(a2)
    80001c18:	852e                	mv	a0,a1
    80001c1a:	00178713          	addi	a4,a5,1
    80001c1e:	e218                	sd	a4,0(a2)
    80001c20:	00b78023          	sb	a1,0(a5)
    80001c24:	8082                	ret

0000000080001c26 <__sfputs_r>:
    80001c26:	7179                	addi	sp,sp,-48
    80001c28:	f022                	sd	s0,32(sp)
    80001c2a:	ec26                	sd	s1,24(sp)
    80001c2c:	e84a                	sd	s2,16(sp)
    80001c2e:	e44e                	sd	s3,8(sp)
    80001c30:	e052                	sd	s4,0(sp)
    80001c32:	f406                	sd	ra,40(sp)
    80001c34:	892a                	mv	s2,a0
    80001c36:	89ae                	mv	s3,a1
    80001c38:	8432                	mv	s0,a2
    80001c3a:	00d604b3          	add	s1,a2,a3
    80001c3e:	5a7d                	li	s4,-1
    80001c40:	00941463          	bne	s0,s1,80001c48 <__sfputs_r+0x22>
    80001c44:	4501                	li	a0,0
    80001c46:	a811                	j	80001c5a <__sfputs_r+0x34>
    80001c48:	00044583          	lbu	a1,0(s0)
    80001c4c:	864e                	mv	a2,s3
    80001c4e:	854a                	mv	a0,s2
    80001c50:	fabff0ef          	jal	80001bfa <__sfputc_r>
    80001c54:	0405                	addi	s0,s0,1
    80001c56:	ff4515e3          	bne	a0,s4,80001c40 <__sfputs_r+0x1a>
    80001c5a:	70a2                	ld	ra,40(sp)
    80001c5c:	7402                	ld	s0,32(sp)
    80001c5e:	64e2                	ld	s1,24(sp)
    80001c60:	6942                	ld	s2,16(sp)
    80001c62:	69a2                	ld	s3,8(sp)
    80001c64:	6a02                	ld	s4,0(sp)
    80001c66:	6145                	addi	sp,sp,48
    80001c68:	8082                	ret

0000000080001c6a <__sprint_r>:
    80001c6a:	6a1c                	ld	a5,16(a2)
    80001c6c:	1141                	addi	sp,sp,-16
    80001c6e:	e022                	sd	s0,0(sp)
    80001c70:	e406                	sd	ra,8(sp)
    80001c72:	8432                	mv	s0,a2
    80001c74:	cb99                	beqz	a5,80001c8a <__sprint_r+0x20>
    80001c76:	7ee000ef          	jal	80002464 <__sfvwrite_r>
    80001c7a:	00043823          	sd	zero,16(s0)
    80001c7e:	60a2                	ld	ra,8(sp)
    80001c80:	00042423          	sw	zero,8(s0)
    80001c84:	6402                	ld	s0,0(sp)
    80001c86:	0141                	addi	sp,sp,16
    80001c88:	8082                	ret
    80001c8a:	4501                	li	a0,0
    80001c8c:	bfcd                	j	80001c7e <__sprint_r+0x14>

0000000080001c8e <_vfiprintf_r>:
    80001c8e:	7155                	addi	sp,sp,-208
    80001c90:	e1a2                	sd	s0,192(sp)
    80001c92:	fd26                	sd	s1,184(sp)
    80001c94:	f94a                	sd	s2,176(sp)
    80001c96:	f54e                	sd	s3,168(sp)
    80001c98:	f152                	sd	s4,160(sp)
    80001c9a:	e586                	sd	ra,200(sp)
    80001c9c:	ed56                	sd	s5,152(sp)
    80001c9e:	e95a                	sd	s6,144(sp)
    80001ca0:	e55e                	sd	s7,136(sp)
    80001ca2:	e162                	sd	s8,128(sp)
    80001ca4:	fce6                	sd	s9,120(sp)
    80001ca6:	f8ea                	sd	s10,112(sp)
    80001ca8:	8a2a                	mv	s4,a0
    80001caa:	892e                	mv	s2,a1
    80001cac:	84b2                	mv	s1,a2
    80001cae:	8436                	mv	s0,a3
    80001cb0:	4981                	li	s3,0
    80001cb2:	c509                	beqz	a0,80001cbc <_vfiprintf_r+0x2e>
    80001cb4:	613c                	ld	a5,64(a0)
    80001cb6:	e399                	bnez	a5,80001cbc <_vfiprintf_r+0x2e>
    80001cb8:	ad5ff0ef          	jal	8000178c <__sinit>
    80001cbc:	01095783          	lhu	a5,16(s2)
    80001cc0:	8ba1                	andi	a5,a5,8
    80001cc2:	cbe1                	beqz	a5,80001d92 <_vfiprintf_r+0x104>
    80001cc4:	01893783          	ld	a5,24(s2)
    80001cc8:	c7e9                	beqz	a5,80001d92 <_vfiprintf_r+0x104>
    80001cca:	02000793          	li	a5,32
    80001cce:	02f104a3          	sb	a5,41(sp)
    80001cd2:	5afd                	li	s5,-1
    80001cd4:	03000793          	li	a5,48
    80001cd8:	d202                	sw	zero,36(sp)
    80001cda:	02f10523          	sb	a5,42(sp)
    80001cde:	e422                	sd	s0,8(sp)
    80001ce0:	02500b93          	li	s7,37
    80001ce4:	020a9c13          	slli	s8,s5,0x20
    80001ce8:	00001b17          	auipc	s6,0x1
    80001cec:	438b0b13          	addi	s6,s6,1080 # 80003120 <__tbss_end+0x16c>
    80001cf0:	4c85                	li	s9,1
    80001cf2:	8426                	mv	s0,s1
    80001cf4:	00044783          	lbu	a5,0(s0)
    80001cf8:	c399                	beqz	a5,80001cfe <_vfiprintf_r+0x70>
    80001cfa:	0d779063          	bne	a5,s7,80001dba <_vfiprintf_r+0x12c>
    80001cfe:	40940d3b          	subw	s10,s0,s1
    80001d02:	000d0e63          	beqz	s10,80001d1e <_vfiprintf_r+0x90>
    80001d06:	86ea                	mv	a3,s10
    80001d08:	8626                	mv	a2,s1
    80001d0a:	85ca                	mv	a1,s2
    80001d0c:	8552                	mv	a0,s4
    80001d0e:	f19ff0ef          	jal	80001c26 <__sfputs_r>
    80001d12:	1d550963          	beq	a0,s5,80001ee4 <_vfiprintf_r+0x256>
    80001d16:	5792                	lw	a5,36(sp)
    80001d18:	01a787bb          	addw	a5,a5,s10
    80001d1c:	d23e                	sw	a5,36(sp)
    80001d1e:	00044783          	lbu	a5,0(s0)
    80001d22:	1c078163          	beqz	a5,80001ee4 <_vfiprintf_r+0x256>
    80001d26:	00140493          	addi	s1,s0,1
    80001d2a:	e862                	sd	s8,16(sp)
    80001d2c:	ec02                	sd	zero,24(sp)
    80001d2e:	040109a3          	sb	zero,83(sp)
    80001d32:	d482                	sw	zero,104(sp)
    80001d34:	0004c583          	lbu	a1,0(s1)
    80001d38:	4615                	li	a2,5
    80001d3a:	855a                	mv	a0,s6
    80001d3c:	377000ef          	jal	800028b2 <memchr>
    80001d40:	47c2                	lw	a5,16(sp)
    80001d42:	00148413          	addi	s0,s1,1
    80001d46:	ed25                	bnez	a0,80001dbe <_vfiprintf_r+0x130>
    80001d48:	0107f713          	andi	a4,a5,16
    80001d4c:	c709                	beqz	a4,80001d56 <_vfiprintf_r+0xc8>
    80001d4e:	02000713          	li	a4,32
    80001d52:	04e109a3          	sb	a4,83(sp)
    80001d56:	0087f713          	andi	a4,a5,8
    80001d5a:	c709                	beqz	a4,80001d64 <_vfiprintf_r+0xd6>
    80001d5c:	02b00713          	li	a4,43
    80001d60:	04e109a3          	sb	a4,83(sp)
    80001d64:	0004c683          	lbu	a3,0(s1)
    80001d68:	02a00713          	li	a4,42
    80001d6c:	06e68163          	beq	a3,a4,80001dce <_vfiprintf_r+0x140>
    80001d70:	47f2                	lw	a5,28(sp)
    80001d72:	8426                	mv	s0,s1
    80001d74:	4681                	li	a3,0
    80001d76:	4625                	li	a2,9
    80001d78:	4829                	li	a6,10
    80001d7a:	00044703          	lbu	a4,0(s0)
    80001d7e:	00140513          	addi	a0,s0,1
    80001d82:	fd07059b          	addiw	a1,a4,-48 # fd0 <__stack_align+0xfc0>
    80001d86:	872e                	mv	a4,a1
    80001d88:	08b67a63          	bgeu	a2,a1,80001e1c <_vfiprintf_r+0x18e>
    80001d8c:	caa9                	beqz	a3,80001dde <_vfiprintf_r+0x150>
    80001d8e:	ce3e                	sw	a5,28(sp)
    80001d90:	a0b9                	j	80001dde <_vfiprintf_r+0x150>
    80001d92:	85ca                	mv	a1,s2
    80001d94:	8552                	mv	a0,s4
    80001d96:	24f000ef          	jal	800027e4 <__swsetup_r>
    80001d9a:	d905                	beqz	a0,80001cca <_vfiprintf_r+0x3c>
    80001d9c:	557d                	li	a0,-1
    80001d9e:	60ae                	ld	ra,200(sp)
    80001da0:	640e                	ld	s0,192(sp)
    80001da2:	74ea                	ld	s1,184(sp)
    80001da4:	794a                	ld	s2,176(sp)
    80001da6:	79aa                	ld	s3,168(sp)
    80001da8:	7a0a                	ld	s4,160(sp)
    80001daa:	6aea                	ld	s5,152(sp)
    80001dac:	6b4a                	ld	s6,144(sp)
    80001dae:	6baa                	ld	s7,136(sp)
    80001db0:	6c0a                	ld	s8,128(sp)
    80001db2:	7ce6                	ld	s9,120(sp)
    80001db4:	7d46                	ld	s10,112(sp)
    80001db6:	6169                	addi	sp,sp,208
    80001db8:	8082                	ret
    80001dba:	0405                	addi	s0,s0,1
    80001dbc:	bf25                	j	80001cf4 <_vfiprintf_r+0x66>
    80001dbe:	41650533          	sub	a0,a0,s6
    80001dc2:	00ac953b          	sllw	a0,s9,a0
    80001dc6:	8fc9                	or	a5,a5,a0
    80001dc8:	c83e                	sw	a5,16(sp)
    80001dca:	84a2                	mv	s1,s0
    80001dcc:	b7a5                	j	80001d34 <_vfiprintf_r+0xa6>
    80001dce:	6722                	ld	a4,8(sp)
    80001dd0:	00870693          	addi	a3,a4,8
    80001dd4:	4318                	lw	a4,0(a4)
    80001dd6:	e436                	sd	a3,8(sp)
    80001dd8:	02074b63          	bltz	a4,80001e0e <_vfiprintf_r+0x180>
    80001ddc:	ce3a                	sw	a4,28(sp)
    80001dde:	00044703          	lbu	a4,0(s0)
    80001de2:	02e00793          	li	a5,46
    80001de6:	06f71163          	bne	a4,a5,80001e48 <_vfiprintf_r+0x1ba>
    80001dea:	00144703          	lbu	a4,1(s0)
    80001dee:	02a00793          	li	a5,42
    80001df2:	02f71b63          	bne	a4,a5,80001e28 <_vfiprintf_r+0x19a>
    80001df6:	67a2                	ld	a5,8(sp)
    80001df8:	0409                	addi	s0,s0,2
    80001dfa:	00878713          	addi	a4,a5,8
    80001dfe:	e43a                	sd	a4,8(sp)
    80001e00:	4398                	lw	a4,0(a5)
    80001e02:	87ba                	mv	a5,a4
    80001e04:	00075363          	bgez	a4,80001e0a <_vfiprintf_r+0x17c>
    80001e08:	57fd                	li	a5,-1
    80001e0a:	ca3e                	sw	a5,20(sp)
    80001e0c:	a835                	j	80001e48 <_vfiprintf_r+0x1ba>
    80001e0e:	40e0073b          	negw	a4,a4
    80001e12:	0027e793          	ori	a5,a5,2
    80001e16:	ce3a                	sw	a4,28(sp)
    80001e18:	c83e                	sw	a5,16(sp)
    80001e1a:	b7d1                	j	80001dde <_vfiprintf_r+0x150>
    80001e1c:	02f807bb          	mulw	a5,a6,a5
    80001e20:	842a                	mv	s0,a0
    80001e22:	4685                	li	a3,1
    80001e24:	9fb9                	addw	a5,a5,a4
    80001e26:	bf91                	j	80001d7a <_vfiprintf_r+0xec>
    80001e28:	0405                	addi	s0,s0,1
    80001e2a:	ca02                	sw	zero,20(sp)
    80001e2c:	4681                	li	a3,0
    80001e2e:	4781                	li	a5,0
    80001e30:	4625                	li	a2,9
    80001e32:	4829                	li	a6,10
    80001e34:	00044703          	lbu	a4,0(s0)
    80001e38:	00140513          	addi	a0,s0,1
    80001e3c:	fd07059b          	addiw	a1,a4,-48
    80001e40:	872e                	mv	a4,a1
    80001e42:	06b67c63          	bgeu	a2,a1,80001eba <_vfiprintf_r+0x22c>
    80001e46:	f2f1                	bnez	a3,80001e0a <_vfiprintf_r+0x17c>
    80001e48:	00044583          	lbu	a1,0(s0)
    80001e4c:	460d                	li	a2,3
    80001e4e:	00001517          	auipc	a0,0x1
    80001e52:	2da50513          	addi	a0,a0,730 # 80003128 <__tbss_end+0x174>
    80001e56:	25d000ef          	jal	800028b2 <memchr>
    80001e5a:	cd11                	beqz	a0,80001e76 <_vfiprintf_r+0x1e8>
    80001e5c:	00001797          	auipc	a5,0x1
    80001e60:	2cc78793          	addi	a5,a5,716 # 80003128 <__tbss_end+0x174>
    80001e64:	8d1d                	sub	a0,a0,a5
    80001e66:	47c2                	lw	a5,16(sp)
    80001e68:	04000713          	li	a4,64
    80001e6c:	00a7173b          	sllw	a4,a4,a0
    80001e70:	8fd9                	or	a5,a5,a4
    80001e72:	0405                	addi	s0,s0,1
    80001e74:	c83e                	sw	a5,16(sp)
    80001e76:	00044583          	lbu	a1,0(s0)
    80001e7a:	4619                	li	a2,6
    80001e7c:	00001517          	auipc	a0,0x1
    80001e80:	2b450513          	addi	a0,a0,692 # 80003130 <__tbss_end+0x17c>
    80001e84:	00140493          	addi	s1,s0,1
    80001e88:	02b10423          	sb	a1,40(sp)
    80001e8c:	227000ef          	jal	800028b2 <memchr>
    80001e90:	c135                	beqz	a0,80001ef4 <_vfiprintf_r+0x266>
    80001e92:	00000793          	li	a5,0
    80001e96:	eb85                	bnez	a5,80001ec6 <_vfiprintf_r+0x238>
    80001e98:	4742                	lw	a4,16(sp)
    80001e9a:	67a2                	ld	a5,8(sp)
    80001e9c:	10077713          	andi	a4,a4,256
    80001ea0:	00878693          	addi	a3,a5,8
    80001ea4:	c709                	beqz	a4,80001eae <_vfiprintf_r+0x220>
    80001ea6:	07bd                	addi	a5,a5,15
    80001ea8:	9bc1                	andi	a5,a5,-16
    80001eaa:	01078693          	addi	a3,a5,16
    80001eae:	e436                	sd	a3,8(sp)
    80001eb0:	5792                	lw	a5,36(sp)
    80001eb2:	013787bb          	addw	a5,a5,s3
    80001eb6:	d23e                	sw	a5,36(sp)
    80001eb8:	bd2d                	j	80001cf2 <_vfiprintf_r+0x64>
    80001eba:	02f807bb          	mulw	a5,a6,a5
    80001ebe:	842a                	mv	s0,a0
    80001ec0:	4685                	li	a3,1
    80001ec2:	9fb9                	addw	a5,a5,a4
    80001ec4:	bf85                	j	80001e34 <_vfiprintf_r+0x1a6>
    80001ec6:	0038                	addi	a4,sp,8
    80001ec8:	00000697          	auipc	a3,0x0
    80001ecc:	d5e68693          	addi	a3,a3,-674 # 80001c26 <__sfputs_r>
    80001ed0:	864a                	mv	a2,s2
    80001ed2:	080c                	addi	a1,sp,16
    80001ed4:	8552                	mv	a0,s4
    80001ed6:	00000097          	auipc	ra,0x0
    80001eda:	000000e7          	jalr	zero # 0 <__boot_hart>
    80001ede:	89aa                	mv	s3,a0
    80001ee0:	fd5518e3          	bne	a0,s5,80001eb0 <_vfiprintf_r+0x222>
    80001ee4:	01095783          	lhu	a5,16(s2)
    80001ee8:	0407f793          	andi	a5,a5,64
    80001eec:	ea0798e3          	bnez	a5,80001d9c <_vfiprintf_r+0x10e>
    80001ef0:	5512                	lw	a0,36(sp)
    80001ef2:	b575                	j	80001d9e <_vfiprintf_r+0x110>
    80001ef4:	0038                	addi	a4,sp,8
    80001ef6:	00000697          	auipc	a3,0x0
    80001efa:	d3068693          	addi	a3,a3,-720 # 80001c26 <__sfputs_r>
    80001efe:	864a                	mv	a2,s2
    80001f00:	080c                	addi	a1,sp,16
    80001f02:	8552                	mv	a0,s4
    80001f04:	134000ef          	jal	80002038 <_printf_i>
    80001f08:	bfd9                	j	80001ede <_vfiprintf_r+0x250>

0000000080001f0a <vfiprintf>:
    80001f0a:	86b2                	mv	a3,a2
    80001f0c:	862e                	mv	a2,a1
    80001f0e:	85aa                	mv	a1,a0
    80001f10:	00001517          	auipc	a0,0x1
    80001f14:	46853503          	ld	a0,1128(a0) # 80003378 <_impure_ptr>
    80001f18:	bb9d                	j	80001c8e <_vfiprintf_r>

0000000080001f1a <_printf_common>:
    80001f1a:	715d                	addi	sp,sp,-80
    80001f1c:	f052                	sd	s4,32(sp)
    80001f1e:	ec56                	sd	s5,24(sp)
    80001f20:	8a36                	mv	s4,a3
    80001f22:	8aba                	mv	s5,a4
    80001f24:	4994                	lw	a3,16(a1)
    80001f26:	4598                	lw	a4,8(a1)
    80001f28:	e0a2                	sd	s0,64(sp)
    80001f2a:	f84a                	sd	s2,48(sp)
    80001f2c:	f44e                	sd	s3,40(sp)
    80001f2e:	e486                	sd	ra,72(sp)
    80001f30:	fc26                	sd	s1,56(sp)
    80001f32:	e85a                	sd	s6,16(sp)
    80001f34:	e45e                	sd	s7,8(sp)
    80001f36:	89aa                	mv	s3,a0
    80001f38:	842e                	mv	s0,a1
    80001f3a:	8932                	mv	s2,a2
    80001f3c:	87ba                	mv	a5,a4
    80001f3e:	00e6c363          	blt	a3,a4,80001f44 <_printf_common+0x2a>
    80001f42:	87b6                	mv	a5,a3
    80001f44:	00f92023          	sw	a5,0(s2)
    80001f48:	04344703          	lbu	a4,67(s0)
    80001f4c:	c701                	beqz	a4,80001f54 <_printf_common+0x3a>
    80001f4e:	2785                	addiw	a5,a5,1
    80001f50:	00f92023          	sw	a5,0(s2)
    80001f54:	401c                	lw	a5,0(s0)
    80001f56:	0207f793          	andi	a5,a5,32
    80001f5a:	c791                	beqz	a5,80001f66 <_printf_common+0x4c>
    80001f5c:	00092783          	lw	a5,0(s2)
    80001f60:	2789                	addiw	a5,a5,2
    80001f62:	00f92023          	sw	a5,0(s2)
    80001f66:	4004                	lw	s1,0(s0)
    80001f68:	8899                	andi	s1,s1,6
    80001f6a:	e891                	bnez	s1,80001f7e <_printf_common+0x64>
    80001f6c:	01940b13          	addi	s6,s0,25
    80001f70:	5bfd                	li	s7,-1
    80001f72:	445c                	lw	a5,12(s0)
    80001f74:	00092703          	lw	a4,0(s2)
    80001f78:	9f99                	subw	a5,a5,a4
    80001f7a:	06f4c063          	blt	s1,a5,80001fda <_printf_common+0xc0>
    80001f7e:	04344783          	lbu	a5,67(s0)
    80001f82:	00f03633          	snez	a2,a5
    80001f86:	00f036b3          	snez	a3,a5
    80001f8a:	401c                	lw	a5,0(s0)
    80001f8c:	0207f793          	andi	a5,a5,32
    80001f90:	ebb5                	bnez	a5,80002004 <_printf_common+0xea>
    80001f92:	04340613          	addi	a2,s0,67
    80001f96:	85d2                	mv	a1,s4
    80001f98:	854e                	mv	a0,s3
    80001f9a:	9a82                	jalr	s5
    80001f9c:	57fd                	li	a5,-1
    80001f9e:	04f50563          	beq	a0,a5,80001fe8 <_printf_common+0xce>
    80001fa2:	401c                	lw	a5,0(s0)
    80001fa4:	4711                	li	a4,4
    80001fa6:	4481                	li	s1,0
    80001fa8:	8b99                	andi	a5,a5,6
    80001faa:	00e79b63          	bne	a5,a4,80001fc0 <_printf_common+0xa6>
    80001fae:	00092783          	lw	a5,0(s2)
    80001fb2:	4444                	lw	s1,12(s0)
    80001fb4:	9c9d                	subw	s1,s1,a5
    80001fb6:	02049793          	slli	a5,s1,0x20
    80001fba:	0007d363          	bgez	a5,80001fc0 <_printf_common+0xa6>
    80001fbe:	4481                	li	s1,0
    80001fc0:	441c                	lw	a5,8(s0)
    80001fc2:	4818                	lw	a4,16(s0)
    80001fc4:	00f75463          	bge	a4,a5,80001fcc <_printf_common+0xb2>
    80001fc8:	9f99                	subw	a5,a5,a4
    80001fca:	9cbd                	addw	s1,s1,a5
    80001fcc:	4901                	li	s2,0
    80001fce:	0469                	addi	s0,s0,26
    80001fd0:	5b7d                	li	s6,-1
    80001fd2:	05249a63          	bne	s1,s2,80002026 <_printf_common+0x10c>
    80001fd6:	4501                	li	a0,0
    80001fd8:	a809                	j	80001fea <_printf_common+0xd0>
    80001fda:	4685                	li	a3,1
    80001fdc:	865a                	mv	a2,s6
    80001fde:	85d2                	mv	a1,s4
    80001fe0:	854e                	mv	a0,s3
    80001fe2:	9a82                	jalr	s5
    80001fe4:	01751e63          	bne	a0,s7,80002000 <_printf_common+0xe6>
    80001fe8:	557d                	li	a0,-1
    80001fea:	60a6                	ld	ra,72(sp)
    80001fec:	6406                	ld	s0,64(sp)
    80001fee:	74e2                	ld	s1,56(sp)
    80001ff0:	7942                	ld	s2,48(sp)
    80001ff2:	79a2                	ld	s3,40(sp)
    80001ff4:	7a02                	ld	s4,32(sp)
    80001ff6:	6ae2                	ld	s5,24(sp)
    80001ff8:	6b42                	ld	s6,16(sp)
    80001ffa:	6ba2                	ld	s7,8(sp)
    80001ffc:	6161                	addi	sp,sp,80
    80001ffe:	8082                	ret
    80002000:	2485                	addiw	s1,s1,1
    80002002:	bf85                	j	80001f72 <_printf_common+0x58>
    80002004:	00d407b3          	add	a5,s0,a3
    80002008:	03000693          	li	a3,48
    8000200c:	04d781a3          	sb	a3,67(a5)
    80002010:	0016071b          	addiw	a4,a2,1
    80002014:	0026069b          	addiw	a3,a2,2
    80002018:	04544603          	lbu	a2,69(s0)
    8000201c:	00e407b3          	add	a5,s0,a4
    80002020:	04c781a3          	sb	a2,67(a5)
    80002024:	b7bd                	j	80001f92 <_printf_common+0x78>
    80002026:	4685                	li	a3,1
    80002028:	8622                	mv	a2,s0
    8000202a:	85d2                	mv	a1,s4
    8000202c:	854e                	mv	a0,s3
    8000202e:	9a82                	jalr	s5
    80002030:	fb650ce3          	beq	a0,s6,80001fe8 <_printf_common+0xce>
    80002034:	2905                	addiw	s2,s2,1
    80002036:	bf71                	j	80001fd2 <_printf_common+0xb8>

0000000080002038 <_printf_i>:
    80002038:	715d                	addi	sp,sp,-80
    8000203a:	e0a2                	sd	s0,64(sp)
    8000203c:	f84a                	sd	s2,48(sp)
    8000203e:	f44e                	sd	s3,40(sp)
    80002040:	f052                	sd	s4,32(sp)
    80002042:	e486                	sd	ra,72(sp)
    80002044:	fc26                	sd	s1,56(sp)
    80002046:	ec56                	sd	s5,24(sp)
    80002048:	e85a                	sd	s6,16(sp)
    8000204a:	0185c803          	lbu	a6,24(a1)
    8000204e:	07800793          	li	a5,120
    80002052:	892a                	mv	s2,a0
    80002054:	842e                	mv	s0,a1
    80002056:	89b2                	mv	s3,a2
    80002058:	8a36                	mv	s4,a3
    8000205a:	0307e263          	bltu	a5,a6,8000207e <_printf_i+0x46>
    8000205e:	06200793          	li	a5,98
    80002062:	04358693          	addi	a3,a1,67
    80002066:	0307e163          	bltu	a5,a6,80002088 <_printf_i+0x50>
    8000206a:	1c080663          	beqz	a6,80002236 <_printf_i+0x1fe>
    8000206e:	05800793          	li	a5,88
    80002072:	00001617          	auipc	a2,0x1
    80002076:	0c660613          	addi	a2,a2,198 # 80003138 <__tbss_end+0x184>
    8000207a:	14f80a63          	beq	a6,a5,800021ce <_printf_i+0x196>
    8000207e:	04240493          	addi	s1,s0,66
    80002082:	05040123          	sb	a6,66(s0)
    80002086:	a815                	j	800020ba <_printf_i+0x82>
    80002088:	f9d8079b          	addiw	a5,a6,-99
    8000208c:	0ff7f793          	zext.b	a5,a5
    80002090:	4655                	li	a2,21
    80002092:	fef666e3          	bltu	a2,a5,8000207e <_printf_i+0x46>
    80002096:	00001617          	auipc	a2,0x1
    8000209a:	17e60613          	addi	a2,a2,382 # 80003214 <d_exp.0+0x24>
    8000209e:	078a                	slli	a5,a5,0x2
    800020a0:	97b2                	add	a5,a5,a2
    800020a2:	439c                	lw	a5,0(a5)
    800020a4:	97b2                	add	a5,a5,a2
    800020a6:	8782                	jr	a5
    800020a8:	631c                	ld	a5,0(a4)
    800020aa:	04258493          	addi	s1,a1,66
    800020ae:	00878693          	addi	a3,a5,8
    800020b2:	439c                	lw	a5,0(a5)
    800020b4:	e314                	sd	a3,0(a4)
    800020b6:	04f58123          	sb	a5,66(a1)
    800020ba:	4785                	li	a5,1
    800020bc:	aa4d                	j	8000226e <_printf_i+0x236>
    800020be:	419c                	lw	a5,0(a1)
    800020c0:	6308                	ld	a0,0(a4)
    800020c2:	0807f613          	andi	a2,a5,128
    800020c6:	00850593          	addi	a1,a0,8
    800020ca:	c20d                	beqz	a2,800020ec <_printf_i+0xb4>
    800020cc:	611c                	ld	a5,0(a0)
    800020ce:	e30c                	sd	a1,0(a4)
    800020d0:	0007d863          	bgez	a5,800020e0 <_printf_i+0xa8>
    800020d4:	02d00713          	li	a4,45
    800020d8:	40f007b3          	neg	a5,a5
    800020dc:	04e401a3          	sb	a4,67(s0)
    800020e0:	00001617          	auipc	a2,0x1
    800020e4:	05860613          	addi	a2,a2,88 # 80003138 <__tbss_end+0x184>
    800020e8:	4829                	li	a6,10
    800020ea:	a83d                	j	80002128 <_printf_i+0xf0>
    800020ec:	0407f613          	andi	a2,a5,64
    800020f0:	411c                	lw	a5,0(a0)
    800020f2:	e30c                	sd	a1,0(a4)
    800020f4:	de71                	beqz	a2,800020d0 <_printf_i+0x98>
    800020f6:	0107979b          	slliw	a5,a5,0x10
    800020fa:	4107d79b          	sraiw	a5,a5,0x10
    800020fe:	bfc9                	j	800020d0 <_printf_i+0x98>
    80002100:	4190                	lw	a2,0(a1)
    80002102:	631c                	ld	a5,0(a4)
    80002104:	08067513          	andi	a0,a2,128
    80002108:	00878593          	addi	a1,a5,8
    8000210c:	cd41                	beqz	a0,800021a4 <_printf_i+0x16c>
    8000210e:	639c                	ld	a5,0(a5)
    80002110:	e30c                	sd	a1,0(a4)
    80002112:	06f00713          	li	a4,111
    80002116:	00001617          	auipc	a2,0x1
    8000211a:	02260613          	addi	a2,a2,34 # 80003138 <__tbss_end+0x184>
    8000211e:	0ee81e63          	bne	a6,a4,8000221a <_printf_i+0x1e2>
    80002122:	4821                	li	a6,8
    80002124:	040401a3          	sb	zero,67(s0)
    80002128:	4058                	lw	a4,4(s0)
    8000212a:	c418                	sw	a4,8(s0)
    8000212c:	00074563          	bltz	a4,80002136 <_printf_i+0xfe>
    80002130:	400c                	lw	a1,0(s0)
    80002132:	99ed                	andi	a1,a1,-5
    80002134:	c00c                	sw	a1,0(s0)
    80002136:	e399                	bnez	a5,8000213c <_printf_i+0x104>
    80002138:	84b6                	mv	s1,a3
    8000213a:	cf19                	beqz	a4,80002158 <_printf_i+0x120>
    8000213c:	84b6                	mv	s1,a3
    8000213e:	0307f733          	remu	a4,a5,a6
    80002142:	14fd                	addi	s1,s1,-1
    80002144:	9732                	add	a4,a4,a2
    80002146:	00074703          	lbu	a4,0(a4)
    8000214a:	00e48023          	sb	a4,0(s1)
    8000214e:	873e                	mv	a4,a5
    80002150:	0307d7b3          	divu	a5,a5,a6
    80002154:	ff0775e3          	bgeu	a4,a6,8000213e <_printf_i+0x106>
    80002158:	47a1                	li	a5,8
    8000215a:	00f81e63          	bne	a6,a5,80002176 <_printf_i+0x13e>
    8000215e:	401c                	lw	a5,0(s0)
    80002160:	8b85                	andi	a5,a5,1
    80002162:	cb91                	beqz	a5,80002176 <_printf_i+0x13e>
    80002164:	4058                	lw	a4,4(s0)
    80002166:	481c                	lw	a5,16(s0)
    80002168:	00e7c763          	blt	a5,a4,80002176 <_printf_i+0x13e>
    8000216c:	03000793          	li	a5,48
    80002170:	fef48fa3          	sb	a5,-1(s1)
    80002174:	14fd                	addi	s1,s1,-1
    80002176:	8e85                	sub	a3,a3,s1
    80002178:	c814                	sw	a3,16(s0)
    8000217a:	8752                	mv	a4,s4
    8000217c:	86ce                	mv	a3,s3
    8000217e:	0070                	addi	a2,sp,12
    80002180:	85a2                	mv	a1,s0
    80002182:	854a                	mv	a0,s2
    80002184:	d97ff0ef          	jal	80001f1a <_printf_common>
    80002188:	5afd                	li	s5,-1
    8000218a:	0f551663          	bne	a0,s5,80002276 <_printf_i+0x23e>
    8000218e:	557d                	li	a0,-1
    80002190:	60a6                	ld	ra,72(sp)
    80002192:	6406                	ld	s0,64(sp)
    80002194:	74e2                	ld	s1,56(sp)
    80002196:	7942                	ld	s2,48(sp)
    80002198:	79a2                	ld	s3,40(sp)
    8000219a:	7a02                	ld	s4,32(sp)
    8000219c:	6ae2                	ld	s5,24(sp)
    8000219e:	6b42                	ld	s6,16(sp)
    800021a0:	6161                	addi	sp,sp,80
    800021a2:	8082                	ret
    800021a4:	439c                	lw	a5,0(a5)
    800021a6:	04067613          	andi	a2,a2,64
    800021aa:	e30c                	sd	a1,0(a4)
    800021ac:	c601                	beqz	a2,800021b4 <_printf_i+0x17c>
    800021ae:	17c2                	slli	a5,a5,0x30
    800021b0:	93c1                	srli	a5,a5,0x30
    800021b2:	b785                	j	80002112 <_printf_i+0xda>
    800021b4:	1782                	slli	a5,a5,0x20
    800021b6:	9381                	srli	a5,a5,0x20
    800021b8:	bfa9                	j	80002112 <_printf_i+0xda>
    800021ba:	419c                	lw	a5,0(a1)
    800021bc:	0a07e793          	ori	a5,a5,160
    800021c0:	c19c                	sw	a5,0(a1)
    800021c2:	07800813          	li	a6,120
    800021c6:	00001617          	auipc	a2,0x1
    800021ca:	f8a60613          	addi	a2,a2,-118 # 80003150 <__tbss_end+0x19c>
    800021ce:	050402a3          	sb	a6,69(s0)
    800021d2:	400c                	lw	a1,0(s0)
    800021d4:	631c                	ld	a5,0(a4)
    800021d6:	0805f813          	andi	a6,a1,128
    800021da:	00878513          	addi	a0,a5,8
    800021de:	00080d63          	beqz	a6,800021f8 <_printf_i+0x1c0>
    800021e2:	639c                	ld	a5,0(a5)
    800021e4:	e308                	sd	a0,0(a4)
    800021e6:	0015f713          	andi	a4,a1,1
    800021ea:	c701                	beqz	a4,800021f2 <_printf_i+0x1ba>
    800021ec:	0205e593          	ori	a1,a1,32
    800021f0:	c00c                	sw	a1,0(s0)
    800021f2:	cf99                	beqz	a5,80002210 <_printf_i+0x1d8>
    800021f4:	4841                	li	a6,16
    800021f6:	b73d                	j	80002124 <_printf_i+0xec>
    800021f8:	439c                	lw	a5,0(a5)
    800021fa:	0405f813          	andi	a6,a1,64
    800021fe:	e308                	sd	a0,0(a4)
    80002200:	00080563          	beqz	a6,8000220a <_printf_i+0x1d2>
    80002204:	17c2                	slli	a5,a5,0x30
    80002206:	93c1                	srli	a5,a5,0x30
    80002208:	bff9                	j	800021e6 <_printf_i+0x1ae>
    8000220a:	1782                	slli	a5,a5,0x20
    8000220c:	9381                	srli	a5,a5,0x20
    8000220e:	bfe1                	j	800021e6 <_printf_i+0x1ae>
    80002210:	4018                	lw	a4,0(s0)
    80002212:	fdf77713          	andi	a4,a4,-33
    80002216:	c018                	sw	a4,0(s0)
    80002218:	bff1                	j	800021f4 <_printf_i+0x1bc>
    8000221a:	4829                	li	a6,10
    8000221c:	b721                	j	80002124 <_printf_i+0xec>
    8000221e:	4190                	lw	a2,0(a1)
    80002220:	631c                	ld	a5,0(a4)
    80002222:	49cc                	lw	a1,20(a1)
    80002224:	08067813          	andi	a6,a2,128
    80002228:	00878513          	addi	a0,a5,8
    8000222c:	00080963          	beqz	a6,8000223e <_printf_i+0x206>
    80002230:	e308                	sd	a0,0(a4)
    80002232:	639c                	ld	a5,0(a5)
    80002234:	e38c                	sd	a1,0(a5)
    80002236:	00042823          	sw	zero,16(s0)
    8000223a:	84b6                	mv	s1,a3
    8000223c:	bf3d                	j	8000217a <_printf_i+0x142>
    8000223e:	e308                	sd	a0,0(a4)
    80002240:	04067613          	andi	a2,a2,64
    80002244:	639c                	ld	a5,0(a5)
    80002246:	c601                	beqz	a2,8000224e <_printf_i+0x216>
    80002248:	00b79023          	sh	a1,0(a5)
    8000224c:	b7ed                	j	80002236 <_printf_i+0x1fe>
    8000224e:	c38c                	sw	a1,0(a5)
    80002250:	b7dd                	j	80002236 <_printf_i+0x1fe>
    80002252:	631c                	ld	a5,0(a4)
    80002254:	41d0                	lw	a2,4(a1)
    80002256:	4581                	li	a1,0
    80002258:	00878693          	addi	a3,a5,8
    8000225c:	e314                	sd	a3,0(a4)
    8000225e:	6384                	ld	s1,0(a5)
    80002260:	8526                	mv	a0,s1
    80002262:	650000ef          	jal	800028b2 <memchr>
    80002266:	c119                	beqz	a0,8000226c <_printf_i+0x234>
    80002268:	8d05                	sub	a0,a0,s1
    8000226a:	c048                	sw	a0,4(s0)
    8000226c:	405c                	lw	a5,4(s0)
    8000226e:	c81c                	sw	a5,16(s0)
    80002270:	040401a3          	sb	zero,67(s0)
    80002274:	b719                	j	8000217a <_printf_i+0x142>
    80002276:	4814                	lw	a3,16(s0)
    80002278:	8626                	mv	a2,s1
    8000227a:	85ce                	mv	a1,s3
    8000227c:	854a                	mv	a0,s2
    8000227e:	9a02                	jalr	s4
    80002280:	f15507e3          	beq	a0,s5,8000218e <_printf_i+0x156>
    80002284:	401c                	lw	a5,0(s0)
    80002286:	8b89                	andi	a5,a5,2
    80002288:	eb85                	bnez	a5,800022b8 <_printf_i+0x280>
    8000228a:	4458                	lw	a4,12(s0)
    8000228c:	47b2                	lw	a5,12(sp)
    8000228e:	0007051b          	sext.w	a0,a4
    80002292:	eef75fe3          	bge	a4,a5,80002190 <_printf_i+0x158>
    80002296:	0007851b          	sext.w	a0,a5
    8000229a:	bddd                	j	80002190 <_printf_i+0x158>
    8000229c:	4685                	li	a3,1
    8000229e:	8656                	mv	a2,s5
    800022a0:	85ce                	mv	a1,s3
    800022a2:	854a                	mv	a0,s2
    800022a4:	9a02                	jalr	s4
    800022a6:	ef6504e3          	beq	a0,s6,8000218e <_printf_i+0x156>
    800022aa:	2485                	addiw	s1,s1,1
    800022ac:	445c                	lw	a5,12(s0)
    800022ae:	4732                	lw	a4,12(sp)
    800022b0:	9f99                	subw	a5,a5,a4
    800022b2:	fef4c5e3          	blt	s1,a5,8000229c <_printf_i+0x264>
    800022b6:	bfd1                	j	8000228a <_printf_i+0x252>
    800022b8:	4481                	li	s1,0
    800022ba:	01940a93          	addi	s5,s0,25
    800022be:	5b7d                	li	s6,-1
    800022c0:	b7f5                	j	800022ac <_printf_i+0x274>

00000000800022c2 <__sflush_r>:
    800022c2:	01059783          	lh	a5,16(a1)
    800022c6:	7179                	addi	sp,sp,-48
    800022c8:	f022                	sd	s0,32(sp)
    800022ca:	ec26                	sd	s1,24(sp)
    800022cc:	f406                	sd	ra,40(sp)
    800022ce:	e84a                	sd	s2,16(sp)
    800022d0:	e44e                	sd	s3,8(sp)
    800022d2:	0087f713          	andi	a4,a5,8
    800022d6:	84aa                	mv	s1,a0
    800022d8:	842e                	mv	s0,a1
    800022da:	eb69                	bnez	a4,800023ac <__sflush_r+0xea>
    800022dc:	4598                	lw	a4,8(a1)
    800022de:	00e04563          	bgtz	a4,800022e8 <__sflush_r+0x26>
    800022e2:	5db8                	lw	a4,120(a1)
    800022e4:	0ae05b63          	blez	a4,8000239a <__sflush_r+0xd8>
    800022e8:	6838                	ld	a4,80(s0)
    800022ea:	cb45                	beqz	a4,8000239a <__sflush_r+0xd8>
    800022ec:	0004a903          	lw	s2,0(s1)
    800022f0:	03379693          	slli	a3,a5,0x33
    800022f4:	0004a023          	sw	zero,0(s1)
    800022f8:	7c0c                	ld	a1,56(s0)
    800022fa:	0606de63          	bgez	a3,80002376 <__sflush_r+0xb4>
    800022fe:	6c50                	ld	a2,152(s0)
    80002300:	01045783          	lhu	a5,16(s0)
    80002304:	8b91                	andi	a5,a5,4
    80002306:	c799                	beqz	a5,80002314 <__sflush_r+0x52>
    80002308:	441c                	lw	a5,8(s0)
    8000230a:	8e1d                	sub	a2,a2,a5
    8000230c:	703c                	ld	a5,96(s0)
    8000230e:	c399                	beqz	a5,80002314 <__sflush_r+0x52>
    80002310:	5c3c                	lw	a5,120(s0)
    80002312:	8e1d                	sub	a2,a2,a5
    80002314:	683c                	ld	a5,80(s0)
    80002316:	7c0c                	ld	a1,56(s0)
    80002318:	4681                	li	a3,0
    8000231a:	8526                	mv	a0,s1
    8000231c:	9782                	jalr	a5
    8000231e:	577d                	li	a4,-1
    80002320:	01045783          	lhu	a5,16(s0)
    80002324:	00e51d63          	bne	a0,a4,8000233e <__sflush_r+0x7c>
    80002328:	4094                	lw	a3,0(s1)
    8000232a:	4775                	li	a4,29
    8000232c:	06d76963          	bltu	a4,a3,8000239e <__sflush_r+0xdc>
    80002330:	20400737          	lui	a4,0x20400
    80002334:	0705                	addi	a4,a4,1 # 20400001 <__heap_size+0x203e0001>
    80002336:	00d75733          	srl	a4,a4,a3
    8000233a:	8b05                	andi	a4,a4,1
    8000233c:	c32d                	beqz	a4,8000239e <__sflush_r+0xdc>
    8000233e:	6c18                	ld	a4,24(s0)
    80002340:	00042423          	sw	zero,8(s0)
    80002344:	e018                	sd	a4,0(s0)
    80002346:	03379713          	slli	a4,a5,0x33
    8000234a:	00075863          	bgez	a4,8000235a <__sflush_r+0x98>
    8000234e:	57fd                	li	a5,-1
    80002350:	00f51463          	bne	a0,a5,80002358 <__sflush_r+0x96>
    80002354:	409c                	lw	a5,0(s1)
    80002356:	e391                	bnez	a5,8000235a <__sflush_r+0x98>
    80002358:	ec48                	sd	a0,152(s0)
    8000235a:	702c                	ld	a1,96(s0)
    8000235c:	0124a023          	sw	s2,0(s1)
    80002360:	cd8d                	beqz	a1,8000239a <__sflush_r+0xd8>
    80002362:	07c40793          	addi	a5,s0,124
    80002366:	00f58563          	beq	a1,a5,80002370 <__sflush_r+0xae>
    8000236a:	8526                	mv	a0,s1
    8000236c:	fecff0ef          	jal	80001b58 <_free_r>
    80002370:	06043023          	sd	zero,96(s0)
    80002374:	a01d                	j	8000239a <__sflush_r+0xd8>
    80002376:	4601                	li	a2,0
    80002378:	4685                	li	a3,1
    8000237a:	8526                	mv	a0,s1
    8000237c:	9702                	jalr	a4
    8000237e:	57fd                	li	a5,-1
    80002380:	862a                	mv	a2,a0
    80002382:	f6f51fe3          	bne	a0,a5,80002300 <__sflush_r+0x3e>
    80002386:	409c                	lw	a5,0(s1)
    80002388:	dfa5                	beqz	a5,80002300 <__sflush_r+0x3e>
    8000238a:	4775                	li	a4,29
    8000238c:	00e78563          	beq	a5,a4,80002396 <__sflush_r+0xd4>
    80002390:	4759                	li	a4,22
    80002392:	04e79663          	bne	a5,a4,800023de <__sflush_r+0x11c>
    80002396:	0124a023          	sw	s2,0(s1)
    8000239a:	4501                	li	a0,0
    8000239c:	a881                	j	800023ec <__sflush_r+0x12a>
    8000239e:	0407e793          	ori	a5,a5,64
    800023a2:	0107979b          	slliw	a5,a5,0x10
    800023a6:	4107d79b          	sraiw	a5,a5,0x10
    800023aa:	a835                	j	800023e6 <__sflush_r+0x124>
    800023ac:	0185b983          	ld	s3,24(a1)
    800023b0:	fe0985e3          	beqz	s3,8000239a <__sflush_r+0xd8>
    800023b4:	0005b903          	ld	s2,0(a1)
    800023b8:	8b8d                	andi	a5,a5,3
    800023ba:	0135b023          	sd	s3,0(a1)
    800023be:	4139093b          	subw	s2,s2,s3
    800023c2:	4701                	li	a4,0
    800023c4:	e391                	bnez	a5,800023c8 <__sflush_r+0x106>
    800023c6:	5198                	lw	a4,32(a1)
    800023c8:	c458                	sw	a4,12(s0)
    800023ca:	fd2058e3          	blez	s2,8000239a <__sflush_r+0xd8>
    800023ce:	643c                	ld	a5,72(s0)
    800023d0:	7c0c                	ld	a1,56(s0)
    800023d2:	86ca                	mv	a3,s2
    800023d4:	864e                	mv	a2,s3
    800023d6:	8526                	mv	a0,s1
    800023d8:	9782                	jalr	a5
    800023da:	02a04063          	bgtz	a0,800023fa <__sflush_r+0x138>
    800023de:	01041783          	lh	a5,16(s0)
    800023e2:	0407e793          	ori	a5,a5,64
    800023e6:	00f41823          	sh	a5,16(s0)
    800023ea:	557d                	li	a0,-1
    800023ec:	70a2                	ld	ra,40(sp)
    800023ee:	7402                	ld	s0,32(sp)
    800023f0:	64e2                	ld	s1,24(sp)
    800023f2:	6942                	ld	s2,16(sp)
    800023f4:	69a2                	ld	s3,8(sp)
    800023f6:	6145                	addi	sp,sp,48
    800023f8:	8082                	ret
    800023fa:	99aa                	add	s3,s3,a0
    800023fc:	40a9093b          	subw	s2,s2,a0
    80002400:	b7e9                	j	800023ca <__sflush_r+0x108>

0000000080002402 <_fflush_r>:
    80002402:	6d9c                	ld	a5,24(a1)
    80002404:	cb8d                	beqz	a5,80002436 <_fflush_r+0x34>
    80002406:	1101                	addi	sp,sp,-32
    80002408:	e822                	sd	s0,16(sp)
    8000240a:	ec06                	sd	ra,24(sp)
    8000240c:	842a                	mv	s0,a0
    8000240e:	c519                	beqz	a0,8000241c <_fflush_r+0x1a>
    80002410:	613c                	ld	a5,64(a0)
    80002412:	e789                	bnez	a5,8000241c <_fflush_r+0x1a>
    80002414:	e42e                	sd	a1,8(sp)
    80002416:	b76ff0ef          	jal	8000178c <__sinit>
    8000241a:	65a2                	ld	a1,8(sp)
    8000241c:	01059783          	lh	a5,16(a1)
    80002420:	c791                	beqz	a5,8000242c <_fflush_r+0x2a>
    80002422:	8522                	mv	a0,s0
    80002424:	6442                	ld	s0,16(sp)
    80002426:	60e2                	ld	ra,24(sp)
    80002428:	6105                	addi	sp,sp,32
    8000242a:	bd61                	j	800022c2 <__sflush_r>
    8000242c:	60e2                	ld	ra,24(sp)
    8000242e:	6442                	ld	s0,16(sp)
    80002430:	4501                	li	a0,0
    80002432:	6105                	addi	sp,sp,32
    80002434:	8082                	ret
    80002436:	4501                	li	a0,0
    80002438:	8082                	ret

000000008000243a <fflush>:
    8000243a:	85aa                	mv	a1,a0
    8000243c:	ed19                	bnez	a0,8000245a <fflush+0x20>
    8000243e:	00001617          	auipc	a2,0x1
    80002442:	e9260613          	addi	a2,a2,-366 # 800032d0 <__sglue>
    80002446:	00000597          	auipc	a1,0x0
    8000244a:	fbc58593          	addi	a1,a1,-68 # 80002402 <_fflush_r>
    8000244e:	00001517          	auipc	a0,0x1
    80002452:	e9a50513          	addi	a0,a0,-358 # 800032e8 <_impure_data>
    80002456:	bc0ff06f          	j	80001816 <_fwalk_sglue>
    8000245a:	00001517          	auipc	a0,0x1
    8000245e:	f1e53503          	ld	a0,-226(a0) # 80003378 <_impure_ptr>
    80002462:	b745                	j	80002402 <_fflush_r>

0000000080002464 <__sfvwrite_r>:
    80002464:	6a1c                	ld	a5,16(a2)
    80002466:	e399                	bnez	a5,8000246c <__sfvwrite_r+0x8>
    80002468:	4501                	li	a0,0
    8000246a:	8082                	ret
    8000246c:	0105d783          	lhu	a5,16(a1)
    80002470:	7159                	addi	sp,sp,-112
    80002472:	f0a2                	sd	s0,96(sp)
    80002474:	e8ca                	sd	s2,80(sp)
    80002476:	e0d2                	sd	s4,64(sp)
    80002478:	f486                	sd	ra,104(sp)
    8000247a:	eca6                	sd	s1,88(sp)
    8000247c:	e4ce                	sd	s3,72(sp)
    8000247e:	fc56                	sd	s5,56(sp)
    80002480:	f85a                	sd	s6,48(sp)
    80002482:	f45e                	sd	s7,40(sp)
    80002484:	f062                	sd	s8,32(sp)
    80002486:	ec66                	sd	s9,24(sp)
    80002488:	e86a                	sd	s10,16(sp)
    8000248a:	e46e                	sd	s11,8(sp)
    8000248c:	8ba1                	andi	a5,a5,8
    8000248e:	892a                	mv	s2,a0
    80002490:	842e                	mv	s0,a1
    80002492:	8a32                	mv	s4,a2
    80002494:	cfc1                	beqz	a5,8000252c <__sfvwrite_r+0xc8>
    80002496:	6d9c                	ld	a5,24(a1)
    80002498:	cbd1                	beqz	a5,8000252c <__sfvwrite_r+0xc8>
    8000249a:	01041783          	lh	a5,16(s0)
    8000249e:	000a3983          	ld	s3,0(s4)
    800024a2:	0027f713          	andi	a4,a5,2
    800024a6:	e765                	bnez	a4,8000258e <__sfvwrite_r+0x12a>
    800024a8:	8b85                	andi	a5,a5,1
    800024aa:	4a81                	li	s5,0
    800024ac:	16078063          	beqz	a5,8000260c <__sfvwrite_r+0x1a8>
    800024b0:	4501                	li	a0,0
    800024b2:	4b81                	li	s7,0
    800024b4:	4b01                	li	s6,0
    800024b6:	240b0063          	beqz	s6,800026f6 <__sfvwrite_r+0x292>
    800024ba:	e919                	bnez	a0,800024d0 <__sfvwrite_r+0x6c>
    800024bc:	865a                	mv	a2,s6
    800024be:	45a9                	li	a1,10
    800024c0:	855e                	mv	a0,s7
    800024c2:	3f0000ef          	jal	800028b2 <memchr>
    800024c6:	22050f63          	beqz	a0,80002704 <__sfvwrite_r+0x2a0>
    800024ca:	0505                	addi	a0,a0,1
    800024cc:	41750abb          	subw	s5,a0,s7
    800024d0:	8c56                	mv	s8,s5
    800024d2:	015b7363          	bgeu	s6,s5,800024d8 <__sfvwrite_r+0x74>
    800024d6:	8c5a                	mv	s8,s6
    800024d8:	6008                	ld	a0,0(s0)
    800024da:	6c1c                	ld	a5,24(s0)
    800024dc:	4444                	lw	s1,12(s0)
    800024de:	5014                	lw	a3,32(s0)
    800024e0:	22a7f563          	bgeu	a5,a0,8000270a <__sfvwrite_r+0x2a6>
    800024e4:	9cb5                	addw	s1,s1,a3
    800024e6:	2384d263          	bge	s1,s8,8000270a <__sfvwrite_r+0x2a6>
    800024ea:	85de                	mv	a1,s7
    800024ec:	8626                	mv	a2,s1
    800024ee:	56e000ef          	jal	80002a5c <memmove>
    800024f2:	601c                	ld	a5,0(s0)
    800024f4:	85a2                	mv	a1,s0
    800024f6:	854a                	mv	a0,s2
    800024f8:	97a6                	add	a5,a5,s1
    800024fa:	e01c                	sd	a5,0(s0)
    800024fc:	f07ff0ef          	jal	80002402 <_fflush_r>
    80002500:	0e051f63          	bnez	a0,800025fe <__sfvwrite_r+0x19a>
    80002504:	409a8abb          	subw	s5,s5,s1
    80002508:	4505                	li	a0,1
    8000250a:	000a9763          	bnez	s5,80002518 <__sfvwrite_r+0xb4>
    8000250e:	85a2                	mv	a1,s0
    80002510:	854a                	mv	a0,s2
    80002512:	ef1ff0ef          	jal	80002402 <_fflush_r>
    80002516:	e565                	bnez	a0,800025fe <__sfvwrite_r+0x19a>
    80002518:	010a3783          	ld	a5,16(s4)
    8000251c:	9ba6                	add	s7,s7,s1
    8000251e:	409b0b33          	sub	s6,s6,s1
    80002522:	8f85                	sub	a5,a5,s1
    80002524:	00fa3823          	sd	a5,16(s4)
    80002528:	f7d9                	bnez	a5,800024b6 <__sfvwrite_r+0x52>
    8000252a:	a091                	j	8000256e <__sfvwrite_r+0x10a>
    8000252c:	85a2                	mv	a1,s0
    8000252e:	854a                	mv	a0,s2
    80002530:	2b4000ef          	jal	800027e4 <__swsetup_r>
    80002534:	d13d                	beqz	a0,8000249a <__sfvwrite_r+0x36>
    80002536:	557d                	li	a0,-1
    80002538:	a825                	j	80002570 <__sfvwrite_r+0x10c>
    8000253a:	0009ba83          	ld	s5,0(s3)
    8000253e:	0089b483          	ld	s1,8(s3)
    80002542:	09c1                	addi	s3,s3,16
    80002544:	643c                	ld	a5,72(s0)
    80002546:	7c0c                	ld	a1,56(s0)
    80002548:	d8ed                	beqz	s1,8000253a <__sfvwrite_r+0xd6>
    8000254a:	86a6                	mv	a3,s1
    8000254c:	009b7363          	bgeu	s6,s1,80002552 <__sfvwrite_r+0xee>
    80002550:	86da                	mv	a3,s6
    80002552:	2681                	sext.w	a3,a3
    80002554:	8656                	mv	a2,s5
    80002556:	854a                	mv	a0,s2
    80002558:	9782                	jalr	a5
    8000255a:	0aa05263          	blez	a0,800025fe <__sfvwrite_r+0x19a>
    8000255e:	010a3783          	ld	a5,16(s4)
    80002562:	9aaa                	add	s5,s5,a0
    80002564:	8c89                	sub	s1,s1,a0
    80002566:	8f89                	sub	a5,a5,a0
    80002568:	00fa3823          	sd	a5,16(s4)
    8000256c:	ffe1                	bnez	a5,80002544 <__sfvwrite_r+0xe0>
    8000256e:	4501                	li	a0,0
    80002570:	70a6                	ld	ra,104(sp)
    80002572:	7406                	ld	s0,96(sp)
    80002574:	64e6                	ld	s1,88(sp)
    80002576:	6946                	ld	s2,80(sp)
    80002578:	69a6                	ld	s3,72(sp)
    8000257a:	6a06                	ld	s4,64(sp)
    8000257c:	7ae2                	ld	s5,56(sp)
    8000257e:	7b42                	ld	s6,48(sp)
    80002580:	7ba2                	ld	s7,40(sp)
    80002582:	7c02                	ld	s8,32(sp)
    80002584:	6ce2                	ld	s9,24(sp)
    80002586:	6d42                	ld	s10,16(sp)
    80002588:	6da2                	ld	s11,8(sp)
    8000258a:	6165                	addi	sp,sp,112
    8000258c:	8082                	ret
    8000258e:	80000b37          	lui	s6,0x80000
    80002592:	4a81                	li	s5,0
    80002594:	4481                	li	s1,0
    80002596:	c00b4b13          	xori	s6,s6,-1024
    8000259a:	b76d                	j	80002544 <__sfvwrite_r+0xe0>
    8000259c:	0009ba83          	ld	s5,0(s3)
    800025a0:	0089bc83          	ld	s9,8(s3)
    800025a4:	09c1                	addi	s3,s3,16
    800025a6:	4444                	lw	s1,12(s0)
    800025a8:	01041783          	lh	a5,16(s0)
    800025ac:	6008                	ld	a0,0(s0)
    800025ae:	8d26                	mv	s10,s1
    800025b0:	fe0c86e3          	beqz	s9,8000259c <__sfvwrite_r+0x138>
    800025b4:	2007f713          	andi	a4,a5,512
    800025b8:	c37d                	beqz	a4,8000269e <__sfvwrite_r+0x23a>
    800025ba:	089ce763          	bltu	s9,s1,80002648 <__sfvwrite_r+0x1e4>
    800025be:	4807f713          	andi	a4,a5,1152
    800025c2:	c359                	beqz	a4,80002648 <__sfvwrite_r+0x1e4>
    800025c4:	5004                	lw	s1,32(s0)
    800025c6:	6c0c                	ld	a1,24(s0)
    800025c8:	029b84bb          	mulw	s1,s7,s1
    800025cc:	8d0d                	sub	a0,a0,a1
    800025ce:	00050d9b          	sext.w	s11,a0
    800025d2:	001d8713          	addi	a4,s11,1
    800025d6:	9766                	add	a4,a4,s9
    800025d8:	0384c4bb          	divw	s1,s1,s8
    800025dc:	00e4f563          	bgeu	s1,a4,800025e6 <__sfvwrite_r+0x182>
    800025e0:	2505                	addiw	a0,a0,1
    800025e2:	019504bb          	addw	s1,a0,s9
    800025e6:	4007f793          	andi	a5,a5,1024
    800025ea:	cbc9                	beqz	a5,8000267c <__sfvwrite_r+0x218>
    800025ec:	85a6                	mv	a1,s1
    800025ee:	854a                	mv	a0,s2
    800025f0:	ea9fe0ef          	jal	80001498 <_malloc_r>
    800025f4:	8d2a                	mv	s10,a0
    800025f6:	e11d                	bnez	a0,8000261c <__sfvwrite_r+0x1b8>
    800025f8:	47b1                	li	a5,12
    800025fa:	00f92023          	sw	a5,0(s2)
    800025fe:	01045783          	lhu	a5,16(s0)
    80002602:	0407e793          	ori	a5,a5,64
    80002606:	00f41823          	sh	a5,16(s0)
    8000260a:	b735                	j	80002536 <__sfvwrite_r+0xd2>
    8000260c:	80000b37          	lui	s6,0x80000
    80002610:	4c81                	li	s9,0
    80002612:	fffb4b13          	not	s6,s6
    80002616:	4b8d                	li	s7,3
    80002618:	4c09                	li	s8,2
    8000261a:	b771                	j	800025a6 <__sfvwrite_r+0x142>
    8000261c:	6c0c                	ld	a1,24(s0)
    8000261e:	866e                	mv	a2,s11
    80002620:	462000ef          	jal	80002a82 <memcpy>
    80002624:	01045783          	lhu	a5,16(s0)
    80002628:	b7f7f793          	andi	a5,a5,-1153
    8000262c:	0807e793          	ori	a5,a5,128
    80002630:	00f41823          	sh	a5,16(s0)
    80002634:	01a43c23          	sd	s10,24(s0)
    80002638:	d004                	sw	s1,32(s0)
    8000263a:	9d6e                	add	s10,s10,s11
    8000263c:	41b484bb          	subw	s1,s1,s11
    80002640:	01a43023          	sd	s10,0(s0)
    80002644:	c444                	sw	s1,12(s0)
    80002646:	8d66                	mv	s10,s9
    80002648:	84e6                	mv	s1,s9
    8000264a:	01acf363          	bgeu	s9,s10,80002650 <__sfvwrite_r+0x1ec>
    8000264e:	8d66                	mv	s10,s9
    80002650:	6008                	ld	a0,0(s0)
    80002652:	866a                	mv	a2,s10
    80002654:	85d6                	mv	a1,s5
    80002656:	406000ef          	jal	80002a5c <memmove>
    8000265a:	445c                	lw	a5,12(s0)
    8000265c:	41a787bb          	subw	a5,a5,s10
    80002660:	c45c                	sw	a5,12(s0)
    80002662:	601c                	ld	a5,0(s0)
    80002664:	97ea                	add	a5,a5,s10
    80002666:	e01c                	sd	a5,0(s0)
    80002668:	010a3783          	ld	a5,16(s4)
    8000266c:	9aa6                	add	s5,s5,s1
    8000266e:	409c8cb3          	sub	s9,s9,s1
    80002672:	8f85                	sub	a5,a5,s1
    80002674:	00fa3823          	sd	a5,16(s4)
    80002678:	f79d                	bnez	a5,800025a6 <__sfvwrite_r+0x142>
    8000267a:	bdd5                	j	8000256e <__sfvwrite_r+0x10a>
    8000267c:	8626                	mv	a2,s1
    8000267e:	854a                	mv	a0,s2
    80002680:	418000ef          	jal	80002a98 <_realloc_r>
    80002684:	8d2a                	mv	s10,a0
    80002686:	f55d                	bnez	a0,80002634 <__sfvwrite_r+0x1d0>
    80002688:	6c0c                	ld	a1,24(s0)
    8000268a:	854a                	mv	a0,s2
    8000268c:	cccff0ef          	jal	80001b58 <_free_r>
    80002690:	01045783          	lhu	a5,16(s0)
    80002694:	f7f7f793          	andi	a5,a5,-129
    80002698:	00f41823          	sh	a5,16(s0)
    8000269c:	bfb1                	j	800025f8 <__sfvwrite_r+0x194>
    8000269e:	6c1c                	ld	a5,24(s0)
    800026a0:	00a7e563          	bltu	a5,a0,800026aa <__sfvwrite_r+0x246>
    800026a4:	5014                	lw	a3,32(s0)
    800026a6:	02dcf763          	bgeu	s9,a3,800026d4 <__sfvwrite_r+0x270>
    800026aa:	009cf363          	bgeu	s9,s1,800026b0 <__sfvwrite_r+0x24c>
    800026ae:	84e6                	mv	s1,s9
    800026b0:	8626                	mv	a2,s1
    800026b2:	85d6                	mv	a1,s5
    800026b4:	3a8000ef          	jal	80002a5c <memmove>
    800026b8:	445c                	lw	a5,12(s0)
    800026ba:	4097873b          	subw	a4,a5,s1
    800026be:	601c                	ld	a5,0(s0)
    800026c0:	c458                	sw	a4,12(s0)
    800026c2:	97a6                	add	a5,a5,s1
    800026c4:	e01c                	sd	a5,0(s0)
    800026c6:	f34d                	bnez	a4,80002668 <__sfvwrite_r+0x204>
    800026c8:	85a2                	mv	a1,s0
    800026ca:	854a                	mv	a0,s2
    800026cc:	d37ff0ef          	jal	80002402 <_fflush_r>
    800026d0:	dd41                	beqz	a0,80002668 <__sfvwrite_r+0x204>
    800026d2:	b735                	j	800025fe <__sfvwrite_r+0x19a>
    800026d4:	87e6                	mv	a5,s9
    800026d6:	019b7363          	bgeu	s6,s9,800026dc <__sfvwrite_r+0x278>
    800026da:	87da                	mv	a5,s6
    800026dc:	02d7c7bb          	divw	a5,a5,a3
    800026e0:	6438                	ld	a4,72(s0)
    800026e2:	7c0c                	ld	a1,56(s0)
    800026e4:	8656                	mv	a2,s5
    800026e6:	854a                	mv	a0,s2
    800026e8:	02d786bb          	mulw	a3,a5,a3
    800026ec:	9702                	jalr	a4
    800026ee:	84aa                	mv	s1,a0
    800026f0:	f6a04ce3          	bgtz	a0,80002668 <__sfvwrite_r+0x204>
    800026f4:	b729                	j	800025fe <__sfvwrite_r+0x19a>
    800026f6:	0009bb83          	ld	s7,0(s3)
    800026fa:	0089bb03          	ld	s6,8(s3)
    800026fe:	4501                	li	a0,0
    80002700:	09c1                	addi	s3,s3,16
    80002702:	bb55                	j	800024b6 <__sfvwrite_r+0x52>
    80002704:	001b0a9b          	addiw	s5,s6,1 # ffffffff80000001 <__heap_end+0xfffffffefffdc001>
    80002708:	b3e1                	j	800024d0 <__sfvwrite_r+0x6c>
    8000270a:	00dc4b63          	blt	s8,a3,80002720 <__sfvwrite_r+0x2bc>
    8000270e:	643c                	ld	a5,72(s0)
    80002710:	7c0c                	ld	a1,56(s0)
    80002712:	865e                	mv	a2,s7
    80002714:	854a                	mv	a0,s2
    80002716:	9782                	jalr	a5
    80002718:	84aa                	mv	s1,a0
    8000271a:	dea045e3          	bgtz	a0,80002504 <__sfvwrite_r+0xa0>
    8000271e:	b5c5                	j	800025fe <__sfvwrite_r+0x19a>
    80002720:	8662                	mv	a2,s8
    80002722:	85de                	mv	a1,s7
    80002724:	338000ef          	jal	80002a5c <memmove>
    80002728:	445c                	lw	a5,12(s0)
    8000272a:	84e2                	mv	s1,s8
    8000272c:	418787bb          	subw	a5,a5,s8
    80002730:	c45c                	sw	a5,12(s0)
    80002732:	601c                	ld	a5,0(s0)
    80002734:	97e2                	add	a5,a5,s8
    80002736:	e01c                	sd	a5,0(s0)
    80002738:	b3f1                	j	80002504 <__sfvwrite_r+0xa0>

000000008000273a <__swbuf_r>:
    8000273a:	7179                	addi	sp,sp,-48
    8000273c:	f022                	sd	s0,32(sp)
    8000273e:	ec26                	sd	s1,24(sp)
    80002740:	e84a                	sd	s2,16(sp)
    80002742:	f406                	sd	ra,40(sp)
    80002744:	e44e                	sd	s3,8(sp)
    80002746:	892a                	mv	s2,a0
    80002748:	84ae                	mv	s1,a1
    8000274a:	8432                	mv	s0,a2
    8000274c:	c509                	beqz	a0,80002756 <__swbuf_r+0x1c>
    8000274e:	613c                	ld	a5,64(a0)
    80002750:	e399                	bnez	a5,80002756 <__swbuf_r+0x1c>
    80002752:	83aff0ef          	jal	8000178c <__sinit>
    80002756:	541c                	lw	a5,40(s0)
    80002758:	c45c                	sw	a5,12(s0)
    8000275a:	01045783          	lhu	a5,16(s0)
    8000275e:	8ba1                	andi	a5,a5,8
    80002760:	c399                	beqz	a5,80002766 <__swbuf_r+0x2c>
    80002762:	6c1c                	ld	a5,24(s0)
    80002764:	ef99                	bnez	a5,80002782 <__swbuf_r+0x48>
    80002766:	85a2                	mv	a1,s0
    80002768:	854a                	mv	a0,s2
    8000276a:	07a000ef          	jal	800027e4 <__swsetup_r>
    8000276e:	c911                	beqz	a0,80002782 <__swbuf_r+0x48>
    80002770:	54fd                	li	s1,-1
    80002772:	70a2                	ld	ra,40(sp)
    80002774:	7402                	ld	s0,32(sp)
    80002776:	6942                	ld	s2,16(sp)
    80002778:	69a2                	ld	s3,8(sp)
    8000277a:	8526                	mv	a0,s1
    8000277c:	64e2                	ld	s1,24(sp)
    8000277e:	6145                	addi	sp,sp,48
    80002780:	8082                	ret
    80002782:	601c                	ld	a5,0(s0)
    80002784:	6c18                	ld	a4,24(s0)
    80002786:	0ff4f993          	zext.b	s3,s1
    8000278a:	84ce                	mv	s1,s3
    8000278c:	40e7853b          	subw	a0,a5,a4
    80002790:	501c                	lw	a5,32(s0)
    80002792:	00f54763          	blt	a0,a5,800027a0 <__swbuf_r+0x66>
    80002796:	85a2                	mv	a1,s0
    80002798:	854a                	mv	a0,s2
    8000279a:	c69ff0ef          	jal	80002402 <_fflush_r>
    8000279e:	f969                	bnez	a0,80002770 <__swbuf_r+0x36>
    800027a0:	445c                	lw	a5,12(s0)
    800027a2:	37fd                	addiw	a5,a5,-1
    800027a4:	c45c                	sw	a5,12(s0)
    800027a6:	601c                	ld	a5,0(s0)
    800027a8:	00178713          	addi	a4,a5,1
    800027ac:	e018                	sd	a4,0(s0)
    800027ae:	01378023          	sb	s3,0(a5)
    800027b2:	5018                	lw	a4,32(s0)
    800027b4:	0015079b          	addiw	a5,a0,1
    800027b8:	00f70963          	beq	a4,a5,800027ca <__swbuf_r+0x90>
    800027bc:	01045783          	lhu	a5,16(s0)
    800027c0:	8b85                	andi	a5,a5,1
    800027c2:	dbc5                	beqz	a5,80002772 <__swbuf_r+0x38>
    800027c4:	47a9                	li	a5,10
    800027c6:	faf496e3          	bne	s1,a5,80002772 <__swbuf_r+0x38>
    800027ca:	85a2                	mv	a1,s0
    800027cc:	854a                	mv	a0,s2
    800027ce:	c35ff0ef          	jal	80002402 <_fflush_r>
    800027d2:	d145                	beqz	a0,80002772 <__swbuf_r+0x38>
    800027d4:	bf71                	j	80002770 <__swbuf_r+0x36>

00000000800027d6 <__swbuf>:
    800027d6:	862e                	mv	a2,a1
    800027d8:	85aa                	mv	a1,a0
    800027da:	00001517          	auipc	a0,0x1
    800027de:	b9e53503          	ld	a0,-1122(a0) # 80003378 <_impure_ptr>
    800027e2:	bfa1                	j	8000273a <__swbuf_r>

00000000800027e4 <__swsetup_r>:
    800027e4:	1101                	addi	sp,sp,-32
    800027e6:	e822                	sd	s0,16(sp)
    800027e8:	e426                	sd	s1,8(sp)
    800027ea:	ec06                	sd	ra,24(sp)
    800027ec:	84aa                	mv	s1,a0
    800027ee:	00001517          	auipc	a0,0x1
    800027f2:	b8a53503          	ld	a0,-1142(a0) # 80003378 <_impure_ptr>
    800027f6:	842e                	mv	s0,a1
    800027f8:	c509                	beqz	a0,80002802 <__swsetup_r+0x1e>
    800027fa:	613c                	ld	a5,64(a0)
    800027fc:	e399                	bnez	a5,80002802 <__swsetup_r+0x1e>
    800027fe:	f8ffe0ef          	jal	8000178c <__sinit>
    80002802:	01041783          	lh	a5,16(s0)
    80002806:	0087f713          	andi	a4,a5,8
    8000280a:	eb29                	bnez	a4,8000285c <__swsetup_r+0x78>
    8000280c:	0107f713          	andi	a4,a5,16
    80002810:	eb09                	bnez	a4,80002822 <__swsetup_r+0x3e>
    80002812:	4725                	li	a4,9
    80002814:	c098                	sw	a4,0(s1)
    80002816:	0407e793          	ori	a5,a5,64
    8000281a:	00f41823          	sh	a5,16(s0)
    8000281e:	557d                	li	a0,-1
    80002820:	a8ad                	j	8000289a <__swsetup_r+0xb6>
    80002822:	8b91                	andi	a5,a5,4
    80002824:	c795                	beqz	a5,80002850 <__swsetup_r+0x6c>
    80002826:	702c                	ld	a1,96(s0)
    80002828:	c991                	beqz	a1,8000283c <__swsetup_r+0x58>
    8000282a:	07c40793          	addi	a5,s0,124
    8000282e:	00f58563          	beq	a1,a5,80002838 <__swsetup_r+0x54>
    80002832:	8526                	mv	a0,s1
    80002834:	b24ff0ef          	jal	80001b58 <_free_r>
    80002838:	06043023          	sd	zero,96(s0)
    8000283c:	01045783          	lhu	a5,16(s0)
    80002840:	00042423          	sw	zero,8(s0)
    80002844:	fdb7f793          	andi	a5,a5,-37
    80002848:	00f41823          	sh	a5,16(s0)
    8000284c:	6c1c                	ld	a5,24(s0)
    8000284e:	e01c                	sd	a5,0(s0)
    80002850:	01045783          	lhu	a5,16(s0)
    80002854:	0087e793          	ori	a5,a5,8
    80002858:	00f41823          	sh	a5,16(s0)
    8000285c:	6c1c                	ld	a5,24(s0)
    8000285e:	ef89                	bnez	a5,80002878 <__swsetup_r+0x94>
    80002860:	01045783          	lhu	a5,16(s0)
    80002864:	20000713          	li	a4,512
    80002868:	2807f793          	andi	a5,a5,640
    8000286c:	00e78663          	beq	a5,a4,80002878 <__swsetup_r+0x94>
    80002870:	85a2                	mv	a1,s0
    80002872:	8526                	mv	a0,s1
    80002874:	300000ef          	jal	80002b74 <__smakebuf_r>
    80002878:	01041783          	lh	a5,16(s0)
    8000287c:	0017f713          	andi	a4,a5,1
    80002880:	c315                	beqz	a4,800028a4 <__swsetup_r+0xc0>
    80002882:	5018                	lw	a4,32(s0)
    80002884:	00042623          	sw	zero,12(s0)
    80002888:	40e0073b          	negw	a4,a4
    8000288c:	d418                	sw	a4,40(s0)
    8000288e:	6c18                	ld	a4,24(s0)
    80002890:	4501                	li	a0,0
    80002892:	e701                	bnez	a4,8000289a <__swsetup_r+0xb6>
    80002894:	0807f713          	andi	a4,a5,128
    80002898:	ff3d                	bnez	a4,80002816 <__swsetup_r+0x32>
    8000289a:	60e2                	ld	ra,24(sp)
    8000289c:	6442                	ld	s0,16(sp)
    8000289e:	64a2                	ld	s1,8(sp)
    800028a0:	6105                	addi	sp,sp,32
    800028a2:	8082                	ret
    800028a4:	0027f713          	andi	a4,a5,2
    800028a8:	4681                	li	a3,0
    800028aa:	e311                	bnez	a4,800028ae <__swsetup_r+0xca>
    800028ac:	5014                	lw	a3,32(s0)
    800028ae:	c454                	sw	a3,12(s0)
    800028b0:	bff9                	j	8000288e <__swsetup_r+0xaa>

00000000800028b2 <memchr>:
    800028b2:	0ff5f593          	zext.b	a1,a1
    800028b6:	962a                	add	a2,a2,a0
    800028b8:	00c51463          	bne	a0,a2,800028c0 <memchr+0xe>
    800028bc:	4501                	li	a0,0
    800028be:	8082                	ret
    800028c0:	00054783          	lbu	a5,0(a0)
    800028c4:	feb78de3          	beq	a5,a1,800028be <memchr+0xc>
    800028c8:	0505                	addi	a0,a0,1
    800028ca:	b7fd                	j	800028b8 <memchr+0x6>

00000000800028cc <_init_signal_r>:
    800028cc:	793c                	ld	a5,112(a0)
    800028ce:	eb95                	bnez	a5,80002902 <_init_signal_r+0x36>
    800028d0:	1141                	addi	sp,sp,-16
    800028d2:	10000593          	li	a1,256
    800028d6:	e022                	sd	s0,0(sp)
    800028d8:	e406                	sd	ra,8(sp)
    800028da:	842a                	mv	s0,a0
    800028dc:	bbdfe0ef          	jal	80001498 <_malloc_r>
    800028e0:	87aa                	mv	a5,a0
    800028e2:	f828                	sd	a0,112(s0)
    800028e4:	557d                	li	a0,-1
    800028e6:	cb91                	beqz	a5,800028fa <_init_signal_r+0x2e>
    800028e8:	853e                	mv	a0,a5
    800028ea:	10078793          	addi	a5,a5,256
    800028ee:	00053023          	sd	zero,0(a0)
    800028f2:	0521                	addi	a0,a0,8
    800028f4:	fef51de3          	bne	a0,a5,800028ee <_init_signal_r+0x22>
    800028f8:	4501                	li	a0,0
    800028fa:	60a2                	ld	ra,8(sp)
    800028fc:	6402                	ld	s0,0(sp)
    800028fe:	0141                	addi	sp,sp,16
    80002900:	8082                	ret
    80002902:	4501                	li	a0,0
    80002904:	8082                	ret

0000000080002906 <_signal_r>:
    80002906:	1101                	addi	sp,sp,-32
    80002908:	e426                	sd	s1,8(sp)
    8000290a:	ec06                	sd	ra,24(sp)
    8000290c:	e822                	sd	s0,16(sp)
    8000290e:	e04a                	sd	s2,0(sp)
    80002910:	47fd                	li	a5,31
    80002912:	84aa                	mv	s1,a0
    80002914:	00b7f663          	bgeu	a5,a1,80002920 <_signal_r+0x1a>
    80002918:	47d9                	li	a5,22
    8000291a:	c11c                	sw	a5,0(a0)
    8000291c:	557d                	li	a0,-1
    8000291e:	a819                	j	80002934 <_signal_r+0x2e>
    80002920:	793c                	ld	a5,112(a0)
    80002922:	842e                	mv	s0,a1
    80002924:	8932                	mv	s2,a2
    80002926:	cf89                	beqz	a5,80002940 <_signal_r+0x3a>
    80002928:	78bc                	ld	a5,112(s1)
    8000292a:	040e                	slli	s0,s0,0x3
    8000292c:	97a2                	add	a5,a5,s0
    8000292e:	6388                	ld	a0,0(a5)
    80002930:	0127b023          	sd	s2,0(a5)
    80002934:	60e2                	ld	ra,24(sp)
    80002936:	6442                	ld	s0,16(sp)
    80002938:	64a2                	ld	s1,8(sp)
    8000293a:	6902                	ld	s2,0(sp)
    8000293c:	6105                	addi	sp,sp,32
    8000293e:	8082                	ret
    80002940:	f8dff0ef          	jal	800028cc <_init_signal_r>
    80002944:	d175                	beqz	a0,80002928 <_signal_r+0x22>
    80002946:	bfd9                	j	8000291c <_signal_r+0x16>

0000000080002948 <_raise_r>:
    80002948:	1101                	addi	sp,sp,-32
    8000294a:	e822                	sd	s0,16(sp)
    8000294c:	ec06                	sd	ra,24(sp)
    8000294e:	47fd                	li	a5,31
    80002950:	842a                	mv	s0,a0
    80002952:	00b7f963          	bgeu	a5,a1,80002964 <_raise_r+0x1c>
    80002956:	47d9                	li	a5,22
    80002958:	c11c                	sw	a5,0(a0)
    8000295a:	557d                	li	a0,-1
    8000295c:	60e2                	ld	ra,24(sp)
    8000295e:	6442                	ld	s0,16(sp)
    80002960:	6105                	addi	sp,sp,32
    80002962:	8082                	ret
    80002964:	793c                	ld	a5,112(a0)
    80002966:	862e                	mv	a2,a1
    80002968:	c791                	beqz	a5,80002974 <_raise_r+0x2c>
    8000296a:	00359713          	slli	a4,a1,0x3
    8000296e:	97ba                	add	a5,a5,a4
    80002970:	6398                	ld	a4,0(a5)
    80002972:	ef01                	bnez	a4,8000298a <_raise_r+0x42>
    80002974:	8522                	mv	a0,s0
    80002976:	e432                	sd	a2,8(sp)
    80002978:	0e2000ef          	jal	80002a5a <_getpid_r>
    8000297c:	85aa                	mv	a1,a0
    8000297e:	8522                	mv	a0,s0
    80002980:	6442                	ld	s0,16(sp)
    80002982:	6622                	ld	a2,8(sp)
    80002984:	60e2                	ld	ra,24(sp)
    80002986:	6105                	addi	sp,sp,32
    80002988:	a065                	j	80002a30 <_kill_r>
    8000298a:	4685                	li	a3,1
    8000298c:	00d70d63          	beq	a4,a3,800029a6 <_raise_r+0x5e>
    80002990:	56fd                	li	a3,-1
    80002992:	00d71663          	bne	a4,a3,8000299e <_raise_r+0x56>
    80002996:	47d9                	li	a5,22
    80002998:	c11c                	sw	a5,0(a0)
    8000299a:	4505                	li	a0,1
    8000299c:	b7c1                	j	8000295c <_raise_r+0x14>
    8000299e:	0007b023          	sd	zero,0(a5)
    800029a2:	852e                	mv	a0,a1
    800029a4:	9702                	jalr	a4
    800029a6:	4501                	li	a0,0
    800029a8:	bf55                	j	8000295c <_raise_r+0x14>

00000000800029aa <__sigtramp_r>:
    800029aa:	47fd                	li	a5,31
    800029ac:	00b7f463          	bgeu	a5,a1,800029b4 <__sigtramp_r+0xa>
    800029b0:	557d                	li	a0,-1
    800029b2:	8082                	ret
    800029b4:	793c                	ld	a5,112(a0)
    800029b6:	1101                	addi	sp,sp,-32
    800029b8:	e822                	sd	s0,16(sp)
    800029ba:	e426                	sd	s1,8(sp)
    800029bc:	ec06                	sd	ra,24(sp)
    800029be:	84aa                	mv	s1,a0
    800029c0:	842e                	mv	s0,a1
    800029c2:	c795                	beqz	a5,800029ee <__sigtramp_r+0x44>
    800029c4:	78b8                	ld	a4,112(s1)
    800029c6:	00341793          	slli	a5,s0,0x3
    800029ca:	4505                	li	a0,1
    800029cc:	973e                	add	a4,a4,a5
    800029ce:	631c                	ld	a5,0(a4)
    800029d0:	c39d                	beqz	a5,800029f6 <__sigtramp_r+0x4c>
    800029d2:	56fd                	li	a3,-1
    800029d4:	4509                	li	a0,2
    800029d6:	02d78063          	beq	a5,a3,800029f6 <__sigtramp_r+0x4c>
    800029da:	4685                	li	a3,1
    800029dc:	450d                	li	a0,3
    800029de:	00d78c63          	beq	a5,a3,800029f6 <__sigtramp_r+0x4c>
    800029e2:	8522                	mv	a0,s0
    800029e4:	00073023          	sd	zero,0(a4)
    800029e8:	9782                	jalr	a5
    800029ea:	4501                	li	a0,0
    800029ec:	a029                	j	800029f6 <__sigtramp_r+0x4c>
    800029ee:	edfff0ef          	jal	800028cc <_init_signal_r>
    800029f2:	d969                	beqz	a0,800029c4 <__sigtramp_r+0x1a>
    800029f4:	557d                	li	a0,-1
    800029f6:	60e2                	ld	ra,24(sp)
    800029f8:	6442                	ld	s0,16(sp)
    800029fa:	64a2                	ld	s1,8(sp)
    800029fc:	6105                	addi	sp,sp,32
    800029fe:	8082                	ret

0000000080002a00 <raise>:
    80002a00:	85aa                	mv	a1,a0
    80002a02:	00001517          	auipc	a0,0x1
    80002a06:	97653503          	ld	a0,-1674(a0) # 80003378 <_impure_ptr>
    80002a0a:	bf3d                	j	80002948 <_raise_r>

0000000080002a0c <signal>:
    80002a0c:	862e                	mv	a2,a1
    80002a0e:	85aa                	mv	a1,a0
    80002a10:	00001517          	auipc	a0,0x1
    80002a14:	96853503          	ld	a0,-1688(a0) # 80003378 <_impure_ptr>
    80002a18:	b5fd                	j	80002906 <_signal_r>

0000000080002a1a <_init_signal>:
    80002a1a:	00001517          	auipc	a0,0x1
    80002a1e:	95e53503          	ld	a0,-1698(a0) # 80003378 <_impure_ptr>
    80002a22:	b56d                	j	800028cc <_init_signal_r>

0000000080002a24 <__sigtramp>:
    80002a24:	85aa                	mv	a1,a0
    80002a26:	00001517          	auipc	a0,0x1
    80002a2a:	95253503          	ld	a0,-1710(a0) # 80003378 <_impure_ptr>
    80002a2e:	bfb5                	j	800029aa <__sigtramp_r>

0000000080002a30 <_kill_r>:
    80002a30:	1141                	addi	sp,sp,-16
    80002a32:	e022                	sd	s0,0(sp)
    80002a34:	842a                	mv	s0,a0
    80002a36:	852e                	mv	a0,a1
    80002a38:	85b2                	mv	a1,a2
    80002a3a:	8801a023          	sw	zero,-1920(gp) # 800033f8 <errno>
    80002a3e:	e406                	sd	ra,8(sp)
    80002a40:	292000ef          	jal	80002cd2 <_kill>
    80002a44:	57fd                	li	a5,-1
    80002a46:	00f51663          	bne	a0,a5,80002a52 <_kill_r+0x22>
    80002a4a:	8801a783          	lw	a5,-1920(gp) # 800033f8 <errno>
    80002a4e:	c391                	beqz	a5,80002a52 <_kill_r+0x22>
    80002a50:	c01c                	sw	a5,0(s0)
    80002a52:	60a2                	ld	ra,8(sp)
    80002a54:	6402                	ld	s0,0(sp)
    80002a56:	0141                	addi	sp,sp,16
    80002a58:	8082                	ret

0000000080002a5a <_getpid_r>:
    80002a5a:	a4b5                	j	80002cc6 <_getpid>

0000000080002a5c <memmove>:
    80002a5c:	c215                	beqz	a2,80002a80 <memmove+0x24>
    80002a5e:	832a                	mv	t1,a0
    80002a60:	4685                	li	a3,1
    80002a62:	00b56763          	bltu	a0,a1,80002a70 <memmove+0x14>
    80002a66:	56fd                	li	a3,-1
    80002a68:	fff60713          	addi	a4,a2,-1
    80002a6c:	933a                	add	t1,t1,a4
    80002a6e:	95ba                	add	a1,a1,a4
    80002a70:	00058383          	lb	t2,0(a1)
    80002a74:	00730023          	sb	t2,0(t1)
    80002a78:	167d                	addi	a2,a2,-1
    80002a7a:	9336                	add	t1,t1,a3
    80002a7c:	95b6                	add	a1,a1,a3
    80002a7e:	fa6d                	bnez	a2,80002a70 <memmove+0x14>
    80002a80:	8082                	ret

0000000080002a82 <memcpy>:
    80002a82:	832a                	mv	t1,a0
    80002a84:	ca09                	beqz	a2,80002a96 <memcpy+0x14>
    80002a86:	00058383          	lb	t2,0(a1)
    80002a8a:	00730023          	sb	t2,0(t1)
    80002a8e:	167d                	addi	a2,a2,-1
    80002a90:	0305                	addi	t1,t1,1
    80002a92:	0585                	addi	a1,a1,1
    80002a94:	fa6d                	bnez	a2,80002a86 <memcpy+0x4>
    80002a96:	8082                	ret

0000000080002a98 <_realloc_r>:
    80002a98:	7179                	addi	sp,sp,-48
    80002a9a:	f022                	sd	s0,32(sp)
    80002a9c:	f406                	sd	ra,40(sp)
    80002a9e:	ec26                	sd	s1,24(sp)
    80002aa0:	e84a                	sd	s2,16(sp)
    80002aa2:	e44e                	sd	s3,8(sp)
    80002aa4:	e052                	sd	s4,0(sp)
    80002aa6:	8432                	mv	s0,a2
    80002aa8:	e999                	bnez	a1,80002abe <_realloc_r+0x26>
    80002aaa:	7402                	ld	s0,32(sp)
    80002aac:	70a2                	ld	ra,40(sp)
    80002aae:	64e2                	ld	s1,24(sp)
    80002ab0:	6942                	ld	s2,16(sp)
    80002ab2:	69a2                	ld	s3,8(sp)
    80002ab4:	6a02                	ld	s4,0(sp)
    80002ab6:	85b2                	mv	a1,a2
    80002ab8:	6145                	addi	sp,sp,48
    80002aba:	9dffe06f          	j	80001498 <_malloc_r>
    80002abe:	ee09                	bnez	a2,80002ad8 <_realloc_r+0x40>
    80002ac0:	898ff0ef          	jal	80001b58 <_free_r>
    80002ac4:	4481                	li	s1,0
    80002ac6:	70a2                	ld	ra,40(sp)
    80002ac8:	7402                	ld	s0,32(sp)
    80002aca:	6942                	ld	s2,16(sp)
    80002acc:	69a2                	ld	s3,8(sp)
    80002ace:	6a02                	ld	s4,0(sp)
    80002ad0:	8526                	mv	a0,s1
    80002ad2:	64e2                	ld	s1,24(sp)
    80002ad4:	6145                	addi	sp,sp,48
    80002ad6:	8082                	ret
    80002ad8:	8a2a                	mv	s4,a0
    80002ada:	84ae                	mv	s1,a1
    80002adc:	188000ef          	jal	80002c64 <_malloc_usable_size_r>
    80002ae0:	892a                	mv	s2,a0
    80002ae2:	00856663          	bltu	a0,s0,80002aee <_realloc_r+0x56>
    80002ae6:	00155793          	srli	a5,a0,0x1
    80002aea:	fc87eee3          	bltu	a5,s0,80002ac6 <_realloc_r+0x2e>
    80002aee:	85a2                	mv	a1,s0
    80002af0:	8552                	mv	a0,s4
    80002af2:	9a7fe0ef          	jal	80001498 <_malloc_r>
    80002af6:	89aa                	mv	s3,a0
    80002af8:	e119                	bnez	a0,80002afe <_realloc_r+0x66>
    80002afa:	84ce                	mv	s1,s3
    80002afc:	b7e9                	j	80002ac6 <_realloc_r+0x2e>
    80002afe:	8622                	mv	a2,s0
    80002b00:	00897363          	bgeu	s2,s0,80002b06 <_realloc_r+0x6e>
    80002b04:	864a                	mv	a2,s2
    80002b06:	85a6                	mv	a1,s1
    80002b08:	854e                	mv	a0,s3
    80002b0a:	f79ff0ef          	jal	80002a82 <memcpy>
    80002b0e:	85a6                	mv	a1,s1
    80002b10:	8552                	mv	a0,s4
    80002b12:	846ff0ef          	jal	80001b58 <_free_r>
    80002b16:	b7d5                	j	80002afa <_realloc_r+0x62>

0000000080002b18 <__swhatbuf_r>:
    80002b18:	7175                	addi	sp,sp,-144
    80002b1a:	e122                	sd	s0,128(sp)
    80002b1c:	842e                	mv	s0,a1
    80002b1e:	01259583          	lh	a1,18(a1)
    80002b22:	fca6                	sd	s1,120(sp)
    80002b24:	f8ca                	sd	s2,112(sp)
    80002b26:	e506                	sd	ra,136(sp)
    80002b28:	84b2                	mv	s1,a2
    80002b2a:	8936                	mv	s2,a3
    80002b2c:	0205d363          	bgez	a1,80002b52 <__swhatbuf_r+0x3a>
    80002b30:	01045783          	lhu	a5,16(s0)
    80002b34:	0807f793          	andi	a5,a5,128
    80002b38:	eb95                	bnez	a5,80002b6c <__swhatbuf_r+0x54>
    80002b3a:	40000713          	li	a4,1024
    80002b3e:	60aa                	ld	ra,136(sp)
    80002b40:	640a                	ld	s0,128(sp)
    80002b42:	00f92023          	sw	a5,0(s2)
    80002b46:	e098                	sd	a4,0(s1)
    80002b48:	7946                	ld	s2,112(sp)
    80002b4a:	74e6                	ld	s1,120(sp)
    80002b4c:	4501                	li	a0,0
    80002b4e:	6149                	addi	sp,sp,144
    80002b50:	8082                	ret
    80002b52:	0030                	addi	a2,sp,8
    80002b54:	0be000ef          	jal	80002c12 <_fstat_r>
    80002b58:	fc054ce3          	bltz	a0,80002b30 <__swhatbuf_r+0x18>
    80002b5c:	47b2                	lw	a5,12(sp)
    80002b5e:	673d                	lui	a4,0xf
    80002b60:	8ff9                	and	a5,a5,a4
    80002b62:	6709                	lui	a4,0x2
    80002b64:	8f99                	sub	a5,a5,a4
    80002b66:	0017b793          	seqz	a5,a5
    80002b6a:	bfc1                	j	80002b3a <__swhatbuf_r+0x22>
    80002b6c:	4781                	li	a5,0
    80002b6e:	04000713          	li	a4,64
    80002b72:	b7f1                	j	80002b3e <__swhatbuf_r+0x26>

0000000080002b74 <__smakebuf_r>:
    80002b74:	0105d783          	lhu	a5,16(a1)
    80002b78:	7139                	addi	sp,sp,-64
    80002b7a:	f822                	sd	s0,48(sp)
    80002b7c:	fc06                	sd	ra,56(sp)
    80002b7e:	f426                	sd	s1,40(sp)
    80002b80:	f04a                	sd	s2,32(sp)
    80002b82:	ec4e                	sd	s3,24(sp)
    80002b84:	8b89                	andi	a5,a5,2
    80002b86:	842e                	mv	s0,a1
    80002b88:	cf91                	beqz	a5,80002ba4 <__smakebuf_r+0x30>
    80002b8a:	07f40793          	addi	a5,s0,127
    80002b8e:	e01c                	sd	a5,0(s0)
    80002b90:	ec1c                	sd	a5,24(s0)
    80002b92:	4785                	li	a5,1
    80002b94:	d01c                	sw	a5,32(s0)
    80002b96:	70e2                	ld	ra,56(sp)
    80002b98:	7442                	ld	s0,48(sp)
    80002b9a:	74a2                	ld	s1,40(sp)
    80002b9c:	7902                	ld	s2,32(sp)
    80002b9e:	69e2                	ld	s3,24(sp)
    80002ba0:	6121                	addi	sp,sp,64
    80002ba2:	8082                	ret
    80002ba4:	0054                	addi	a3,sp,4
    80002ba6:	0030                	addi	a2,sp,8
    80002ba8:	84aa                	mv	s1,a0
    80002baa:	f6fff0ef          	jal	80002b18 <__swhatbuf_r>
    80002bae:	69a2                	ld	s3,8(sp)
    80002bb0:	892a                	mv	s2,a0
    80002bb2:	8526                	mv	a0,s1
    80002bb4:	85ce                	mv	a1,s3
    80002bb6:	8e3fe0ef          	jal	80001498 <_malloc_r>
    80002bba:	ed01                	bnez	a0,80002bd2 <__smakebuf_r+0x5e>
    80002bbc:	01041783          	lh	a5,16(s0)
    80002bc0:	2007f713          	andi	a4,a5,512
    80002bc4:	fb69                	bnez	a4,80002b96 <__smakebuf_r+0x22>
    80002bc6:	9bf1                	andi	a5,a5,-4
    80002bc8:	0027e793          	ori	a5,a5,2
    80002bcc:	00f41823          	sh	a5,16(s0)
    80002bd0:	bf6d                	j	80002b8a <__smakebuf_r+0x16>
    80002bd2:	01045783          	lhu	a5,16(s0)
    80002bd6:	e008                	sd	a0,0(s0)
    80002bd8:	ec08                	sd	a0,24(s0)
    80002bda:	0807e793          	ori	a5,a5,128
    80002bde:	00f41823          	sh	a5,16(s0)
    80002be2:	4792                	lw	a5,4(sp)
    80002be4:	03342023          	sw	s3,32(s0)
    80002be8:	cf91                	beqz	a5,80002c04 <__smakebuf_r+0x90>
    80002bea:	01241583          	lh	a1,18(s0)
    80002bee:	8526                	mv	a0,s1
    80002bf0:	04c000ef          	jal	80002c3c <_isatty_r>
    80002bf4:	c901                	beqz	a0,80002c04 <__smakebuf_r+0x90>
    80002bf6:	01045783          	lhu	a5,16(s0)
    80002bfa:	9bf1                	andi	a5,a5,-4
    80002bfc:	0017e793          	ori	a5,a5,1
    80002c00:	00f41823          	sh	a5,16(s0)
    80002c04:	01045783          	lhu	a5,16(s0)
    80002c08:	0127e533          	or	a0,a5,s2
    80002c0c:	00a41823          	sh	a0,16(s0)
    80002c10:	b759                	j	80002b96 <__smakebuf_r+0x22>

0000000080002c12 <_fstat_r>:
    80002c12:	1141                	addi	sp,sp,-16
    80002c14:	e022                	sd	s0,0(sp)
    80002c16:	842a                	mv	s0,a0
    80002c18:	852e                	mv	a0,a1
    80002c1a:	85b2                	mv	a1,a2
    80002c1c:	8801a023          	sw	zero,-1920(gp) # 800033f8 <errno>
    80002c20:	e406                	sd	ra,8(sp)
    80002c22:	090000ef          	jal	80002cb2 <_fstat>
    80002c26:	57fd                	li	a5,-1
    80002c28:	00f51663          	bne	a0,a5,80002c34 <_fstat_r+0x22>
    80002c2c:	8801a783          	lw	a5,-1920(gp) # 800033f8 <errno>
    80002c30:	c391                	beqz	a5,80002c34 <_fstat_r+0x22>
    80002c32:	c01c                	sw	a5,0(s0)
    80002c34:	60a2                	ld	ra,8(sp)
    80002c36:	6402                	ld	s0,0(sp)
    80002c38:	0141                	addi	sp,sp,16
    80002c3a:	8082                	ret

0000000080002c3c <_isatty_r>:
    80002c3c:	1141                	addi	sp,sp,-16
    80002c3e:	e022                	sd	s0,0(sp)
    80002c40:	842a                	mv	s0,a0
    80002c42:	852e                	mv	a0,a1
    80002c44:	8801a023          	sw	zero,-1920(gp) # 800033f8 <errno>
    80002c48:	e406                	sd	ra,8(sp)
    80002c4a:	080000ef          	jal	80002cca <_isatty>
    80002c4e:	57fd                	li	a5,-1
    80002c50:	00f51663          	bne	a0,a5,80002c5c <_isatty_r+0x20>
    80002c54:	8801a783          	lw	a5,-1920(gp) # 800033f8 <errno>
    80002c58:	c391                	beqz	a5,80002c5c <_isatty_r+0x20>
    80002c5a:	c01c                	sw	a5,0(s0)
    80002c5c:	60a2                	ld	ra,8(sp)
    80002c5e:	6402                	ld	s0,0(sp)
    80002c60:	0141                	addi	sp,sp,16
    80002c62:	8082                	ret

0000000080002c64 <_malloc_usable_size_r>:
    80002c64:	ff85b503          	ld	a0,-8(a1)
    80002c68:	0005079b          	sext.w	a5,a0
    80002c6c:	1561                	addi	a0,a0,-8
    80002c6e:	0007d663          	bgez	a5,80002c7a <_malloc_usable_size_r+0x16>
    80002c72:	95aa                	add	a1,a1,a0
    80002c74:	6188                	ld	a0,0(a1)
    80002c76:	17e1                	addi	a5,a5,-8
    80002c78:	953e                	add	a0,a0,a5
    80002c7a:	8082                	ret

0000000080002c7c <_close>:
#include <errno.h>
#include "syscall.h"

int _close(int file)
{
    80002c7c:	1141                	addi	sp,sp,-16
    80002c7e:	e406                	sd	ra,8(sp)
    errno = EBADF;
    80002c80:	158000ef          	jal	80002dd8 <__errno>
    return -1;
}
    80002c84:	60a2                	ld	ra,8(sp)
    errno = EBADF;
    80002c86:	47a5                	li	a5,9
    80002c88:	c11c                	sw	a5,0(a0)
}
    80002c8a:	557d                	li	a0,-1
    80002c8c:	0141                	addi	sp,sp,16
    80002c8e:	8082                	ret

0000000080002c90 <_exit>:
#include "syscall.h"
#include "htif.h"

void __attribute__ ((noreturn)) _exit(int code)
{
    uint64_t cmd = HTIF_TOHOST(0, 0, (code << 1) | 0x1);
    80002c90:	0015179b          	slliw	a5,a0,0x1
    80002c94:	0017e793          	ori	a5,a5,1
    80002c98:	2781                	sext.w	a5,a5
    80002c9a:	07c2                	slli	a5,a5,0x10
    80002c9c:	83c1                	srli	a5,a5,0x10
    80002c9e:	00000717          	auipc	a4,0x0
    80002ca2:	62270713          	addi	a4,a4,1570 # 800032c0 <tohost>
    for (;;) {
        fromhost = 0;
    80002ca6:	00000697          	auipc	a3,0x0
    80002caa:	6206b123          	sd	zero,1570(a3) # 800032c8 <fromhost>
        tohost = cmd;
    80002cae:	e31c                	sd	a5,0(a4)
    for (;;) {
    80002cb0:	bfdd                	j	80002ca6 <_exit+0x16>

0000000080002cb2 <_fstat>:
#include <errno.h>
#include <sys/stat.h>
#include "syscall.h"

int _fstat(int file, struct stat *st)
{
    80002cb2:	1141                	addi	sp,sp,-16
    80002cb4:	e406                	sd	ra,8(sp)
    errno = EBADF;
    80002cb6:	122000ef          	jal	80002dd8 <__errno>
    return -1;
}
    80002cba:	60a2                	ld	ra,8(sp)
    errno = EBADF;
    80002cbc:	47a5                	li	a5,9
    80002cbe:	c11c                	sw	a5,0(a0)
}
    80002cc0:	557d                	li	a0,-1
    80002cc2:	0141                	addi	sp,sp,16
    80002cc4:	8082                	ret

0000000080002cc6 <_getpid>:
#include "syscall.h"

int _getpid(void)
{
    return 1;
}
    80002cc6:	4505                	li	a0,1
    80002cc8:	8082                	ret

0000000080002cca <_isatty>:
#include <unistd.h>
#include "syscall.h"

int _isatty(int file)
{
    return (file == STDOUT_FILENO || file == STDERR_FILENO);
    80002cca:	357d                	addiw	a0,a0,-1
}
    80002ccc:	00253513          	sltiu	a0,a0,2
    80002cd0:	8082                	ret

0000000080002cd2 <_kill>:
#include <errno.h>
#include "syscall.h"

int _kill(int pid, int sig)
{
    80002cd2:	1141                	addi	sp,sp,-16
    80002cd4:	e406                	sd	ra,8(sp)
    errno = EINVAL;
    80002cd6:	102000ef          	jal	80002dd8 <__errno>
    return -1;
}
    80002cda:	60a2                	ld	ra,8(sp)
    errno = EINVAL;
    80002cdc:	47d9                	li	a5,22
    80002cde:	c11c                	sw	a5,0(a0)
}
    80002ce0:	557d                	li	a0,-1
    80002ce2:	0141                	addi	sp,sp,16
    80002ce4:	8082                	ret

0000000080002ce6 <_lseek>:
#include <errno.h>
#include <sys/types.h>
#include "syscall.h"

off_t _lseek(int file, off_t ptr, int dir)
{
    80002ce6:	1141                	addi	sp,sp,-16
    80002ce8:	e406                	sd	ra,8(sp)
    errno = EBADF;
    80002cea:	0ee000ef          	jal	80002dd8 <__errno>
    return -1;
}
    80002cee:	60a2                	ld	ra,8(sp)
    errno = EBADF;
    80002cf0:	47a5                	li	a5,9
    80002cf2:	c11c                	sw	a5,0(a0)
}
    80002cf4:	557d                	li	a0,-1
    80002cf6:	0141                	addi	sp,sp,16
    80002cf8:	8082                	ret

0000000080002cfa <_read>:
#include <errno.h>
#include <sys/types.h>
#include "syscall.h"

ssize_t _read(int file, void *ptr, size_t len)
{
    80002cfa:	1141                	addi	sp,sp,-16
    80002cfc:	e406                	sd	ra,8(sp)
    errno = ENOSYS;
    80002cfe:	0da000ef          	jal	80002dd8 <__errno>
    return -1;
}
    80002d02:	60a2                	ld	ra,8(sp)
    errno = ENOSYS;
    80002d04:	05800793          	li	a5,88
    80002d08:	c11c                	sw	a5,0(a0)
}
    80002d0a:	557d                	li	a0,-1
    80002d0c:	0141                	addi	sp,sp,16
    80002d0e:	8082                	ret

0000000080002d10 <_sbrk>:
{
    extern char __heap_end[];
    char *newbrk;
    char *oldbrk;

    oldbrk = curbrk;
    80002d10:	00000717          	auipc	a4,0x0
    80002d14:	67070713          	addi	a4,a4,1648 # 80003380 <curbrk>
    80002d18:	631c                	ld	a5,0(a4)
    newbrk = oldbrk + incr;
    if (unlikely((newbrk < _end) || (newbrk >= __heap_end))) {
    80002d1a:	c5818693          	addi	a3,gp,-936 # 800037d0 <_end>
    newbrk = oldbrk + incr;
    80002d1e:	953e                	add	a0,a0,a5
    if (unlikely((newbrk < _end) || (newbrk >= __heap_end))) {
    80002d20:	00d56b63          	bltu	a0,a3,80002d36 <_sbrk+0x26>
    80002d24:	00021697          	auipc	a3,0x21
    80002d28:	2dc68693          	addi	a3,a3,732 # 80024000 <__heap_end>
    80002d2c:	00d57563          	bgeu	a0,a3,80002d36 <_sbrk+0x26>
        errno = ENOMEM;
        return (void *)(-1);
    }

    curbrk = newbrk;
    80002d30:	e308                	sd	a0,0(a4)
    return oldbrk;
}
    80002d32:	853e                	mv	a0,a5
    80002d34:	8082                	ret
{
    80002d36:	1141                	addi	sp,sp,-16
    80002d38:	e406                	sd	ra,8(sp)
        errno = ENOMEM;
    80002d3a:	09e000ef          	jal	80002dd8 <__errno>
}
    80002d3e:	60a2                	ld	ra,8(sp)
        errno = ENOMEM;
    80002d40:	47b1                	li	a5,12
    80002d42:	c11c                	sw	a5,0(a0)
        return (void *)(-1);
    80002d44:	57fd                	li	a5,-1
}
    80002d46:	853e                	mv	a0,a5
    80002d48:	0141                	addi	sp,sp,16
    80002d4a:	8082                	ret

0000000080002d4c <_write>:
#include <sys/types.h>
#include "syscall.h"

ssize_t _write(int fd, const void *ptr, size_t len)
{
    return SYSCALL3(SYS_write, fd, (uintptr_t)ptr, len);
    80002d4c:	04000693          	li	a3,64
    80002d50:	a80d                	j	80002d82 <htif_syscall>

0000000080002d52 <__init_tls>:
#include <string.h>

void __init_tls(void)
{
    80002d52:	1141                	addi	sp,sp,-16
    extern char __tdata_start[];
    extern char __tbss_offset[];
    extern char __tdata_size[];
    extern char __tbss_size[];

    memcpy(__thread_self, __tdata_start, (size_t)__tdata_size);
    80002d54:	00000613          	li	a2,0
    80002d58:	00000597          	auipc	a1,0x0
    80002d5c:	25c58593          	addi	a1,a1,604 # 80002fb4 <__tbss_end>
    80002d60:	8512                	mv	a0,tp
{
    80002d62:	e022                	sd	s0,0(sp)
    80002d64:	e406                	sd	ra,8(sp)
    memcpy(__thread_self, __tdata_start, (size_t)__tdata_size);
    80002d66:	8412                	mv	s0,tp
    80002d68:	d1bff0ef          	jal	80002a82 <memcpy>
    memset(__thread_self + (size_t)__tbss_offset, 0, (size_t)__tbss_size);
    80002d6c:	00000513          	li	a0,0
    80002d70:	9522                	add	a0,a0,s0
}
    80002d72:	6402                	ld	s0,0(sp)
    80002d74:	60a2                	ld	ra,8(sp)
    memset(__thread_self + (size_t)__tbss_offset, 0, (size_t)__tbss_size);
    80002d76:	00000613          	li	a2,0
    80002d7a:	4581                	li	a1,0
}
    80002d7c:	0141                	addi	sp,sp,16
    memset(__thread_self + (size_t)__tbss_offset, 0, (size_t)__tbss_size);
    80002d7e:	dbbfe06f          	j	80001b38 <memset>

0000000080002d82 <htif_syscall>:
volatile uint64_t fromhost __attribute__ ((section (".htif")));

static spinlock_t htif_lock = SPINLOCK_INIT;

long htif_syscall(uint64_t a0, uint64_t a1, uint64_t a2, unsigned long n)
{
    80002d82:	7139                	addi	sp,sp,-64
    volatile uint64_t buf[8];
    uint64_t sc;

    buf[0] = n;
    80002d84:	e036                	sd	a3,0(sp)
    buf[1] = a0;
    80002d86:	e42a                	sd	a0,8(sp)
    buf[2] = a1;
    buf[3] = a2;

    sc = HTIF_TOHOST(0, 0, (uintptr_t)&buf);
    80002d88:	fff007b7          	lui	a5,0xfff00
    buf[2] = a1;
    80002d8c:	e82e                	sd	a1,16(sp)
    sc = HTIF_TOHOST(0, 0, (uintptr_t)&buf);
    80002d8e:	83c1                	srli	a5,a5,0x10
    buf[3] = a2;
    80002d90:	ec32                	sd	a2,24(sp)
    sc = HTIF_TOHOST(0, 0, (uintptr_t)&buf);
    80002d92:	860a                	mv	a2,sp
    80002d94:	8e7d                	and	a2,a2,a5
    spin_lock(&htif_lock);
    80002d96:	88818713          	addi	a4,gp,-1912 # 80003400 <htif_lock>

static inline long atomic_swap_acquire(atomic_t *p, atomic_t v)
{
    long n;
#ifdef __riscv_atomic
    __asm__ __volatile__ (
    80002d9a:	56fd                	li	a3,-1
    return *((volatile const atomic_t *)p);
    80002d9c:	431c                	lw	a5,0(a4)

static inline void spin_lock(spinlock_t *lock)
{
    do {
#ifdef __riscv_atomic
        while (atomic_load(&lock->lock));
    80002d9e:	fffd                	bnez	a5,80002d9c <htif_syscall+0x1a>
    __asm__ __volatile__ (
    80002da0:	0cd727af          	amoswap.w.aq	a5,a3,(a4)
#endif
    } while (atomic_swap_acquire(&lock->lock, -1));
    80002da4:	ffe5                	bnez	a5,80002d9c <htif_syscall+0x1a>
static inline void wmb(void) { fence(w, w); }
    80002da6:	0110000f          	fence	w,w
    wmb();
    tohost = sc;
    80002daa:	00000697          	auipc	a3,0x0
    80002dae:	51668693          	addi	a3,a3,1302 # 800032c0 <tohost>
    80002db2:	e290                	sd	a2,0(a3)
    while (fromhost == 0);
    80002db4:	669c                	ld	a5,8(a3)
    80002db6:	dffd                	beqz	a5,80002db4 <htif_syscall+0x32>
    fromhost = 0;
    80002db8:	00000797          	auipc	a5,0x0
    80002dbc:	5007b823          	sd	zero,1296(a5) # 800032c8 <fromhost>
}

static inline void atomic_clear_release(atomic_t *p)
{
#ifdef __riscv_atomic
    __asm__ __volatile__ (
    80002dc0:	0a07202f          	amoswap.w.rl	zero,zero,(a4)
static inline void rmb(void) { fence(r, r); }
    80002dc4:	0220000f          	fence	r,r
    spin_unlock(&htif_lock);

    rmb();
    return buf[0];
    80002dc8:	6502                	ld	a0,0(sp)
}
    80002dca:	6121                	addi	sp,sp,64
    80002dcc:	8082                	ret

0000000080002dce <atexit>:
    80002dce:	85aa                	mv	a1,a0
    80002dd0:	4681                	li	a3,0
    80002dd2:	4601                	li	a2,0
    80002dd4:	4501                	li	a0,0
    80002dd6:	a045                	j	80002e76 <__register_exitproc>

0000000080002dd8 <__errno>:
    80002dd8:	00000517          	auipc	a0,0x0
    80002ddc:	5a053503          	ld	a0,1440(a0) # 80003378 <_impure_ptr>
    80002de0:	8082                	ret

0000000080002de2 <__libc_init_array>:
    80002de2:	1101                	addi	sp,sp,-32
    80002de4:	e822                	sd	s0,16(sp)
    80002de6:	e426                	sd	s1,8(sp)
    80002de8:	00000417          	auipc	s0,0x0
    80002dec:	4d040413          	addi	s0,s0,1232 # 800032b8 <__fini_array_end>
    80002df0:	00000497          	auipc	s1,0x0
    80002df4:	4c848493          	addi	s1,s1,1224 # 800032b8 <__fini_array_end>
    80002df8:	8c81                	sub	s1,s1,s0
    80002dfa:	e04a                	sd	s2,0(sp)
    80002dfc:	ec06                	sd	ra,24(sp)
    80002dfe:	848d                	srai	s1,s1,0x3
    80002e00:	4901                	li	s2,0
    80002e02:	02991563          	bne	s2,s1,80002e2c <__libc_init_array+0x4a>
    80002e06:	00000417          	auipc	s0,0x0
    80002e0a:	4b240413          	addi	s0,s0,1202 # 800032b8 <__fini_array_end>
    80002e0e:	00000497          	auipc	s1,0x0
    80002e12:	4aa48493          	addi	s1,s1,1194 # 800032b8 <__fini_array_end>
    80002e16:	8c81                	sub	s1,s1,s0
    80002e18:	848d                	srai	s1,s1,0x3
    80002e1a:	4901                	li	s2,0
    80002e1c:	00991d63          	bne	s2,s1,80002e36 <__libc_init_array+0x54>
    80002e20:	60e2                	ld	ra,24(sp)
    80002e22:	6442                	ld	s0,16(sp)
    80002e24:	64a2                	ld	s1,8(sp)
    80002e26:	6902                	ld	s2,0(sp)
    80002e28:	6105                	addi	sp,sp,32
    80002e2a:	8082                	ret
    80002e2c:	601c                	ld	a5,0(s0)
    80002e2e:	0905                	addi	s2,s2,1
    80002e30:	0421                	addi	s0,s0,8
    80002e32:	9782                	jalr	a5
    80002e34:	b7f9                	j	80002e02 <__libc_init_array+0x20>
    80002e36:	601c                	ld	a5,0(s0)
    80002e38:	0905                	addi	s2,s2,1
    80002e3a:	0421                	addi	s0,s0,8
    80002e3c:	9782                	jalr	a5
    80002e3e:	bff9                	j	80002e1c <__libc_init_array+0x3a>

0000000080002e40 <__libc_fini_array>:
    80002e40:	1101                	addi	sp,sp,-32
    80002e42:	e822                	sd	s0,16(sp)
    80002e44:	e426                	sd	s1,8(sp)
    80002e46:	00000417          	auipc	s0,0x0
    80002e4a:	47240413          	addi	s0,s0,1138 # 800032b8 <__fini_array_end>
    80002e4e:	00000497          	auipc	s1,0x0
    80002e52:	46a48493          	addi	s1,s1,1130 # 800032b8 <__fini_array_end>
    80002e56:	8c05                	sub	s0,s0,s1
    80002e58:	ec06                	sd	ra,24(sp)
    80002e5a:	840d                	srai	s0,s0,0x3
    80002e5c:	e411                	bnez	s0,80002e68 <__libc_fini_array+0x28>
    80002e5e:	60e2                	ld	ra,24(sp)
    80002e60:	6442                	ld	s0,16(sp)
    80002e62:	64a2                	ld	s1,8(sp)
    80002e64:	6105                	addi	sp,sp,32
    80002e66:	8082                	ret
    80002e68:	147d                	addi	s0,s0,-1
    80002e6a:	00341793          	slli	a5,s0,0x3
    80002e6e:	97a6                	add	a5,a5,s1
    80002e70:	639c                	ld	a5,0(a5)
    80002e72:	9782                	jalr	a5
    80002e74:	b7e5                	j	80002e5c <__libc_fini_array+0x1c>

0000000080002e76 <__register_exitproc>:
    80002e76:	88aa                	mv	a7,a0
    80002e78:	89818513          	addi	a0,gp,-1896 # 80003410 <__atexit>
    80002e7c:	6118                	ld	a4,0(a0)
    80002e7e:	ef01                	bnez	a4,80002e96 <__register_exitproc+0x20>
    80002e80:	b4018793          	addi	a5,gp,-1216 # 800036b8 <__atexit0>
    80002e84:	e11c                	sd	a5,0(a0)
    80002e86:	00000713          	li	a4,0
    80002e8a:	c701                	beqz	a4,80002e92 <__register_exitproc+0x1c>
    80002e8c:	6318                	ld	a4,0(a4)
    80002e8e:	10e7b823          	sd	a4,272(a5)
    80002e92:	b4018713          	addi	a4,gp,-1216 # 800036b8 <__atexit0>
    80002e96:	471c                	lw	a5,8(a4)
    80002e98:	487d                	li	a6,31
    80002e9a:	557d                	li	a0,-1
    80002e9c:	04f84763          	blt	a6,a5,80002eea <__register_exitproc+0x74>
    80002ea0:	02088d63          	beqz	a7,80002eda <__register_exitproc+0x64>
    80002ea4:	11073803          	ld	a6,272(a4)
    80002ea8:	04080163          	beqz	a6,80002eea <__register_exitproc+0x74>
    80002eac:	00379513          	slli	a0,a5,0x3
    80002eb0:	9542                	add	a0,a0,a6
    80002eb2:	e110                	sd	a2,0(a0)
    80002eb4:	20082303          	lw	t1,512(a6)
    80002eb8:	4605                	li	a2,1
    80002eba:	00f6163b          	sllw	a2,a2,a5
    80002ebe:	00c36333          	or	t1,t1,a2
    80002ec2:	20682023          	sw	t1,512(a6)
    80002ec6:	10d53023          	sd	a3,256(a0)
    80002eca:	4689                	li	a3,2
    80002ecc:	00d89763          	bne	a7,a3,80002eda <__register_exitproc+0x64>
    80002ed0:	20482683          	lw	a3,516(a6)
    80002ed4:	8ed1                	or	a3,a3,a2
    80002ed6:	20d82223          	sw	a3,516(a6)
    80002eda:	0017869b          	addiw	a3,a5,1
    80002ede:	0789                	addi	a5,a5,2
    80002ee0:	078e                	slli	a5,a5,0x3
    80002ee2:	c714                	sw	a3,8(a4)
    80002ee4:	973e                	add	a4,a4,a5
    80002ee6:	e30c                	sd	a1,0(a4)
    80002ee8:	4501                	li	a0,0
    80002eea:	8082                	ret

0000000080002eec <__call_exitprocs>:
    80002eec:	711d                	addi	sp,sp,-96
    80002eee:	f852                	sd	s4,48(sp)
    80002ef0:	f456                	sd	s5,40(sp)
    80002ef2:	f05a                	sd	s6,32(sp)
    80002ef4:	ec5e                	sd	s7,24(sp)
    80002ef6:	ec86                	sd	ra,88(sp)
    80002ef8:	e8a2                	sd	s0,80(sp)
    80002efa:	e4a6                	sd	s1,72(sp)
    80002efc:	e0ca                	sd	s2,64(sp)
    80002efe:	fc4e                	sd	s3,56(sp)
    80002f00:	e862                	sd	s8,16(sp)
    80002f02:	e466                	sd	s9,8(sp)
    80002f04:	8aaa                	mv	s5,a0
    80002f06:	8a2e                	mv	s4,a1
    80002f08:	89818b13          	addi	s6,gp,-1896 # 80003410 <__atexit>
    80002f0c:	4b85                	li	s7,1
    80002f0e:	000b3483          	ld	s1,0(s6)
    80002f12:	cc81                	beqz	s1,80002f2a <__call_exitprocs+0x3e>
    80002f14:	4480                	lw	s0,8(s1)
    80002f16:	1104b983          	ld	s3,272(s1)
    80002f1a:	fff4091b          	addiw	s2,s0,-1
    80002f1e:	040e                	slli	s0,s0,0x3
    80002f20:	00898cb3          	add	s9,s3,s0
    80002f24:	9426                	add	s0,s0,s1
    80002f26:	00095f63          	bgez	s2,80002f44 <__call_exitprocs+0x58>
    80002f2a:	60e6                	ld	ra,88(sp)
    80002f2c:	6446                	ld	s0,80(sp)
    80002f2e:	64a6                	ld	s1,72(sp)
    80002f30:	6906                	ld	s2,64(sp)
    80002f32:	79e2                	ld	s3,56(sp)
    80002f34:	7a42                	ld	s4,48(sp)
    80002f36:	7aa2                	ld	s5,40(sp)
    80002f38:	7b02                	ld	s6,32(sp)
    80002f3a:	6be2                	ld	s7,24(sp)
    80002f3c:	6c42                	ld	s8,16(sp)
    80002f3e:	6ca2                	ld	s9,8(sp)
    80002f40:	6125                	addi	sp,sp,96
    80002f42:	8082                	ret
    80002f44:	000a0c63          	beqz	s4,80002f5c <__call_exitprocs+0x70>
    80002f48:	00099663          	bnez	s3,80002f54 <__call_exitprocs+0x68>
    80002f4c:	397d                	addiw	s2,s2,-1
    80002f4e:	1ce1                	addi	s9,s9,-8
    80002f50:	1461                	addi	s0,s0,-8
    80002f52:	bfd1                	j	80002f26 <__call_exitprocs+0x3a>
    80002f54:	0f8cb783          	ld	a5,248(s9)
    80002f58:	ff479ae3          	bne	a5,s4,80002f4c <__call_exitprocs+0x60>
    80002f5c:	449c                	lw	a5,8(s1)
    80002f5e:	6418                	ld	a4,8(s0)
    80002f60:	37fd                	addiw	a5,a5,-1
    80002f62:	03279963          	bne	a5,s2,80002f94 <__call_exitprocs+0xa8>
    80002f66:	0124a423          	sw	s2,8(s1)
    80002f6a:	d36d                	beqz	a4,80002f4c <__call_exitprocs+0x60>
    80002f6c:	0084ac03          	lw	s8,8(s1)
    80002f70:	00098963          	beqz	s3,80002f82 <__call_exitprocs+0x96>
    80002f74:	2009a783          	lw	a5,512(s3)
    80002f78:	012b96bb          	sllw	a3,s7,s2
    80002f7c:	8ff5                	and	a5,a5,a3
    80002f7e:	2781                	sext.w	a5,a5
    80002f80:	ef89                	bnez	a5,80002f9a <__call_exitprocs+0xae>
    80002f82:	9702                	jalr	a4
    80002f84:	4498                	lw	a4,8(s1)
    80002f86:	000b3783          	ld	a5,0(s6)
    80002f8a:	f98712e3          	bne	a4,s8,80002f0e <__call_exitprocs+0x22>
    80002f8e:	faf48fe3          	beq	s1,a5,80002f4c <__call_exitprocs+0x60>
    80002f92:	bfb5                	j	80002f0e <__call_exitprocs+0x22>
    80002f94:	00043423          	sd	zero,8(s0)
    80002f98:	bfc9                	j	80002f6a <__call_exitprocs+0x7e>
    80002f9a:	2049a783          	lw	a5,516(s3)
    80002f9e:	ff8cb583          	ld	a1,-8(s9)
    80002fa2:	8ff5                	and	a5,a5,a3
    80002fa4:	2781                	sext.w	a5,a5
    80002fa6:	e781                	bnez	a5,80002fae <__call_exitprocs+0xc2>
    80002fa8:	8556                	mv	a0,s5
    80002faa:	9702                	jalr	a4
    80002fac:	bfe1                	j	80002f84 <__call_exitprocs+0x98>
    80002fae:	852e                	mv	a0,a1
    80002fb0:	9702                	jalr	a4
    80002fb2:	bfc9                	j	80002f84 <__call_exitprocs+0x98>
