
/home/wtl/Voyager/tapeout-Voyager/software/embench/build_meek/nbody.riscv:     file format elf64-littleriscv


Disassembly of section .text:

0000000080000000 <_start>:
    .global _start
    .type _start, @function
_start:
    .cfi_startproc

    li x1, 0
    80000000:	4081                	li	ra,0
    li x2, 0
    80000002:	4101                	li	sp,0
    li x3, 0
    80000004:	4181                	li	gp,0
    li x4, 0
    80000006:	4201                	li	tp,0
    li x5, 0
    80000008:	4281                	li	t0,0
    li x6, 0
    8000000a:	4301                	li	t1,0
    li x7, 0
    8000000c:	4381                	li	t2,0
    li x8, 0
    8000000e:	4401                	li	s0,0
    li x9, 0
    80000010:	4481                	li	s1,0
    li x10, 0
    80000012:	4501                	li	a0,0
    li x11, 0
    80000014:	4581                	li	a1,0
    li x12, 0
    80000016:	4601                	li	a2,0
    li x13, 0
    80000018:	4681                	li	a3,0
    li x14, 0
    8000001a:	4701                	li	a4,0
    li x15, 0
    8000001c:	4781                	li	a5,0
    li x16, 0
    8000001e:	4801                	li	a6,0
    li x17, 0
    80000020:	4881                	li	a7,0
    li x18, 0
    80000022:	4901                	li	s2,0
    li x19, 0
    80000024:	4981                	li	s3,0
    li x20, 0
    80000026:	4a01                	li	s4,0
    li x21, 0
    80000028:	4a81                	li	s5,0
    li x22, 0
    8000002a:	4b01                	li	s6,0
    li x23, 0
    8000002c:	4b81                	li	s7,0
    li x24, 0
    8000002e:	4c01                	li	s8,0
    li x25, 0
    80000030:	4c81                	li	s9,0
    li x26, 0
    80000032:	4d01                	li	s10,0
    li x27, 0
    80000034:	4d81                	li	s11,0
    li x28, 0
    80000036:	4e01                	li	t3,0
    li x29, 0
    80000038:	4e81                	li	t4,0
    li x30, 0
    8000003a:	4f01                	li	t5,0
    li x31, 0
    8000003c:	4f81                	li	t6,0

    li t0, (MSTATUS_FS | MSTATUS_XS | MSTATUS_VS)
    8000003e:	62f9                	lui	t0,0x1e
    80000040:	6002829b          	addiw	t0,t0,1536 # 1e600 <__stack_size+0x16600>
    csrs mstatus, t0
    80000044:	3002a073          	csrs	mstatus,t0

#ifdef __riscv_flen
    /* Initialize FPU if present */
    la t0, 1f
    80000048:	00000297          	auipc	t0,0x0
    8000004c:	09028293          	addi	t0,t0,144 # 800000d8 <_start+0xd8>
    csrw mtvec, t0
    80000050:	30529073          	csrw	mtvec,t0

    fscsr zero
    80000054:	00301073          	fscsr	zero
    fmv.s.x f0,  zero
    80000058:	f0000053          	fmv.w.x	ft0,zero
    fmv.s.x f1,  zero
    8000005c:	f00000d3          	fmv.w.x	ft1,zero
    fmv.s.x f2,  zero
    80000060:	f0000153          	fmv.w.x	ft2,zero
    fmv.s.x f3,  zero
    80000064:	f00001d3          	fmv.w.x	ft3,zero
    fmv.s.x f4,  zero
    80000068:	f0000253          	fmv.w.x	ft4,zero
    fmv.s.x f5,  zero
    8000006c:	f00002d3          	fmv.w.x	ft5,zero
    fmv.s.x f6,  zero
    80000070:	f0000353          	fmv.w.x	ft6,zero
    fmv.s.x f7,  zero
    80000074:	f00003d3          	fmv.w.x	ft7,zero
    fmv.s.x f8,  zero
    80000078:	f0000453          	fmv.w.x	fs0,zero
    fmv.s.x f9,  zero
    8000007c:	f00004d3          	fmv.w.x	fs1,zero
    fmv.s.x f10, zero
    80000080:	f0000553          	fmv.w.x	fa0,zero
    fmv.s.x f11, zero
    80000084:	f00005d3          	fmv.w.x	fa1,zero
    fmv.s.x f12, zero
    80000088:	f0000653          	fmv.w.x	fa2,zero
    fmv.s.x f13, zero
    8000008c:	f00006d3          	fmv.w.x	fa3,zero
    fmv.s.x f14, zero
    80000090:	f0000753          	fmv.w.x	fa4,zero
    fmv.s.x f15, zero
    80000094:	f00007d3          	fmv.w.x	fa5,zero
    fmv.s.x f16, zero
    80000098:	f0000853          	fmv.w.x	fa6,zero
    fmv.s.x f17, zero
    8000009c:	f00008d3          	fmv.w.x	fa7,zero
    fmv.s.x f18, zero
    800000a0:	f0000953          	fmv.w.x	fs2,zero
    fmv.s.x f19, zero
    800000a4:	f00009d3          	fmv.w.x	fs3,zero
    fmv.s.x f20, zero
    800000a8:	f0000a53          	fmv.w.x	fs4,zero
    fmv.s.x f21, zero
    800000ac:	f0000ad3          	fmv.w.x	fs5,zero
    fmv.s.x f22, zero
    800000b0:	f0000b53          	fmv.w.x	fs6,zero
    fmv.s.x f23, zero
    800000b4:	f0000bd3          	fmv.w.x	fs7,zero
    fmv.s.x f24, zero
    800000b8:	f0000c53          	fmv.w.x	fs8,zero
    fmv.s.x f25, zero
    800000bc:	f0000cd3          	fmv.w.x	fs9,zero
    fmv.s.x f26, zero
    800000c0:	f0000d53          	fmv.w.x	fs10,zero
    fmv.s.x f27, zero
    800000c4:	f0000dd3          	fmv.w.x	fs11,zero
    fmv.s.x f28, zero
    800000c8:	f0000e53          	fmv.w.x	ft8,zero
    fmv.s.x f29, zero
    800000cc:	f0000ed3          	fmv.w.x	ft9,zero
    fmv.s.x f30, zero
    800000d0:	f0000f53          	fmv.w.x	ft10,zero
    fmv.s.x f31, zero
    800000d4:	f0000fd3          	fmv.w.x	ft11,zero

    /* Initialize global pointer; disable relaxation to avoid relaxing
       the address calculation to "addi gp, gp, 0" */
    .option push
    .option norelax
    la gp, __global_pointer$
    800000d8:	00004197          	auipc	gp,0x4
    800000dc:	9a018193          	addi	gp,gp,-1632 # 80003a78 <__global_pointer$>
    .option pop

    /* Initialize thread pointer */
    csrr s0, mhartid
    800000e0:	f1402473          	csrr	s0,mhartid
    lui t0, %hi(__stack_shift)
    addi t0, t0, %lo(__stack_shift)
    800000e4:	00f00293          	li	t0,15
    la tp, __stack_start
    800000e8:	00024217          	auipc	tp,0x24
    800000ec:	f1820213          	addi	tp,tp,-232 # 80024000 <__heap_end>
    sll t0, s0, t0
    800000f0:	005412b3          	sll	t0,s0,t0
    add tp, tp, t0
    800000f4:	9216                	add	tp,tp,t0

    /* Initialize stack pointer */
    lui t0, %hi(__stack_size)
    800000f6:	62a1                	lui	t0,0x8
    addi t0, t0, %lo(__stack_size)
    800000f8:	00028293          	mv	t0,t0
    add sp, tp, t0
    800000fc:	00520133          	add	sp,tp,t0

    /* Initialize trap vector */
    la t0, trap_entry
    80000100:	00000297          	auipc	t0,0x0
    80000104:	04428293          	addi	t0,t0,68 # 80000144 <trap_entry>
    csrw mtvec, t0
    80000108:	30529073          	csrw	mtvec,t0

    /* Initialize TLS */
    call __init_tls
    8000010c:	137020ef          	jal	80002a42 <__init_tls>

    /* Skip global initialization if not the designated boot hart */
    la t0, __boot_hart
    80000110:	00000293          	li	t0,0
    bne s0, t0, _start_secondary
    80000114:	00540463          	beq	s0,t0,8000011c <_start+0x11c>
    80000118:	0f60006f          	j	8000020e <_start_secondary>

    /* Zero BSS segment */
    la t0, __bss_start
    8000011c:	84018293          	addi	t0,gp,-1984 # 800032b8 <uart_lock>
    la t1, __bss_end
    80000120:	be018313          	addi	t1,gp,-1056 # 80003658 <_end>
    bgeu t0, t1, 2f
    80000124:	0062f763          	bgeu	t0,t1,80000132 <_start+0x132>
1:
    SREG zero, (t0)
    80000128:	0002b023          	sd	zero,0(t0)
    addi t0, t0, REGBYTES
    8000012c:	02a1                	addi	t0,t0,8
    bltu t0, t1, 1b
    8000012e:	fe62ede3          	bltu	t0,t1,80000128 <_start+0x128>
2:

    /* Call global constructors */
    la a0, __libc_fini_array
    80000132:	00003517          	auipc	a0,0x3
    80000136:	9fe50513          	addi	a0,a0,-1538 # 80002b30 <__libc_fini_array>
    call atexit
    8000013a:	185020ef          	jal	80002abe <atexit>
    call __libc_init_array
    8000013e:	195020ef          	jal	80002ad2 <__libc_init_array>

    /* Call main function */
    tail _start_main
    80000142:	a075                	j	800001ee <_start_main>

0000000080000144 <trap_entry>:
    .cfi_endproc


    .align 2
trap_entry:
    csrw mscratch, sp
    80000144:	34011073          	csrw	mscratch,sp
    addi sp, sp, -(32*REGBYTES)
    80000148:	7111                	addi	sp,sp,-256

    /* Save trap frame */
    SREG x1, 1*REGBYTES(sp)
    8000014a:	e406                	sd	ra,8(sp)
    csrr x1, mscratch
    8000014c:	340020f3          	csrr	ra,mscratch
    SREG x1, 2*REGBYTES(sp)
    80000150:	e806                	sd	ra,16(sp)
    SREG x3, 3*REGBYTES(sp)
    80000152:	ec0e                	sd	gp,24(sp)
    SREG x4, 4*REGBYTES(sp)
    80000154:	f012                	sd	tp,32(sp)
    SREG x5, 5*REGBYTES(sp)
    80000156:	f416                	sd	t0,40(sp)
    SREG x6, 6*REGBYTES(sp)
    80000158:	f81a                	sd	t1,48(sp)
    SREG x7, 7*REGBYTES(sp)
    8000015a:	fc1e                	sd	t2,56(sp)
    SREG x8, 8*REGBYTES(sp)
    8000015c:	e0a2                	sd	s0,64(sp)
    SREG x9, 9*REGBYTES(sp)
    8000015e:	e4a6                	sd	s1,72(sp)
    SREG x10, 10*REGBYTES(sp)
    80000160:	e8aa                	sd	a0,80(sp)
    SREG x11, 11*REGBYTES(sp)
    80000162:	ecae                	sd	a1,88(sp)
    SREG x12, 12*REGBYTES(sp)
    80000164:	f0b2                	sd	a2,96(sp)
    SREG x13, 13*REGBYTES(sp)
    80000166:	f4b6                	sd	a3,104(sp)
    SREG x14, 14*REGBYTES(sp)
    80000168:	f8ba                	sd	a4,112(sp)
    SREG x15, 15*REGBYTES(sp)
    8000016a:	fcbe                	sd	a5,120(sp)
    SREG x16, 16*REGBYTES(sp)
    8000016c:	e142                	sd	a6,128(sp)
    SREG x17, 17*REGBYTES(sp)
    8000016e:	e546                	sd	a7,136(sp)
    SREG x18, 18*REGBYTES(sp)
    80000170:	e94a                	sd	s2,144(sp)
    SREG x19, 19*REGBYTES(sp)
    80000172:	ed4e                	sd	s3,152(sp)
    SREG x20, 20*REGBYTES(sp)
    80000174:	f152                	sd	s4,160(sp)
    SREG x21, 21*REGBYTES(sp)
    80000176:	f556                	sd	s5,168(sp)
    SREG x22, 22*REGBYTES(sp)
    80000178:	f95a                	sd	s6,176(sp)
    SREG x23, 23*REGBYTES(sp)
    8000017a:	fd5e                	sd	s7,184(sp)
    SREG x24, 24*REGBYTES(sp)
    8000017c:	e1e2                	sd	s8,192(sp)
    SREG x25, 25*REGBYTES(sp)
    8000017e:	e5e6                	sd	s9,200(sp)
    SREG x26, 26*REGBYTES(sp)
    80000180:	e9ea                	sd	s10,208(sp)
    SREG x27, 27*REGBYTES(sp)
    80000182:	edee                	sd	s11,216(sp)
    SREG x28, 28*REGBYTES(sp)
    80000184:	f1f2                	sd	t3,224(sp)
    SREG x29, 29*REGBYTES(sp)
    80000186:	f5f6                	sd	t4,232(sp)
    SREG x30, 30*REGBYTES(sp)
    80000188:	f9fa                	sd	t5,240(sp)
    SREG x31, 31*REGBYTES(sp)
    8000018a:	fdfe                	sd	t6,248(sp)

    /* Invoke higher-level trap handler */
    csrr a0, mepc
    8000018c:	34102573          	csrr	a0,mepc
    csrr a1, mcause
    80000190:	342025f3          	csrr	a1,mcause
    csrr a2, mtval
    80000194:	34302673          	csrr	a2,mtval
    mv a3, sp
    80000198:	868a                	mv	a3,sp
    call handle_trap
    8000019a:	142000ef          	jal	800002dc <handle_trap>
    csrw mepc, a0
    8000019e:	34151073          	csrw	mepc,a0

    /* Remain in M-mode after return */
    li t0, MSTATUS_MPP
    800001a2:	6289                	lui	t0,0x2
    800001a4:	8002829b          	addiw	t0,t0,-2048 # 1800 <__stack_align+0x17f0>
    csrs mstatus, t0
    800001a8:	3002a073          	csrs	mstatus,t0

    LREG x1, 1*REGBYTES(sp)
    800001ac:	60a2                	ld	ra,8(sp)
    LREG x3, 3*REGBYTES(sp)
    800001ae:	61e2                	ld	gp,24(sp)
    LREG x4, 4*REGBYTES(sp)
    800001b0:	7202                	ld	tp,32(sp)
    LREG x5, 5*REGBYTES(sp)
    800001b2:	72a2                	ld	t0,40(sp)
    LREG x6, 6*REGBYTES(sp)
    800001b4:	7342                	ld	t1,48(sp)
    LREG x7, 7*REGBYTES(sp)
    800001b6:	73e2                	ld	t2,56(sp)
    LREG x8, 8*REGBYTES(sp)
    800001b8:	6406                	ld	s0,64(sp)
    LREG x9, 9*REGBYTES(sp)
    800001ba:	64a6                	ld	s1,72(sp)
    LREG x10, 10*REGBYTES(sp)
    800001bc:	6546                	ld	a0,80(sp)
    LREG x11, 11*REGBYTES(sp)
    800001be:	65e6                	ld	a1,88(sp)
    LREG x12, 12*REGBYTES(sp)
    800001c0:	7606                	ld	a2,96(sp)
    LREG x13, 13*REGBYTES(sp)
    800001c2:	76a6                	ld	a3,104(sp)
    LREG x14, 14*REGBYTES(sp)
    800001c4:	7746                	ld	a4,112(sp)
    LREG x15, 15*REGBYTES(sp)
    800001c6:	77e6                	ld	a5,120(sp)
    LREG x16, 16*REGBYTES(sp)
    800001c8:	680a                	ld	a6,128(sp)
    LREG x17, 17*REGBYTES(sp)
    800001ca:	68aa                	ld	a7,136(sp)
    LREG x18, 18*REGBYTES(sp)
    800001cc:	694a                	ld	s2,144(sp)
    LREG x19, 19*REGBYTES(sp)
    800001ce:	69ea                	ld	s3,152(sp)
    LREG x20, 20*REGBYTES(sp)
    800001d0:	7a0a                	ld	s4,160(sp)
    LREG x21, 21*REGBYTES(sp)
    800001d2:	7aaa                	ld	s5,168(sp)
    LREG x22, 22*REGBYTES(sp)
    800001d4:	7b4a                	ld	s6,176(sp)
    LREG x23, 23*REGBYTES(sp)
    800001d6:	7bea                	ld	s7,184(sp)
    LREG x24, 24*REGBYTES(sp)
    800001d8:	6c0e                	ld	s8,192(sp)
    LREG x25, 25*REGBYTES(sp)
    800001da:	6cae                	ld	s9,200(sp)
    LREG x26, 26*REGBYTES(sp)
    800001dc:	6d4e                	ld	s10,208(sp)
    LREG x27, 27*REGBYTES(sp)
    800001de:	6dee                	ld	s11,216(sp)
    LREG x28, 28*REGBYTES(sp)
    800001e0:	7e0e                	ld	t3,224(sp)
    LREG x29, 29*REGBYTES(sp)
    800001e2:	7eae                	ld	t4,232(sp)
    LREG x30, 30*REGBYTES(sp)
    800001e4:	7f4e                	ld	t5,240(sp)
    LREG x31, 31*REGBYTES(sp)
    800001e6:	7fee                	ld	t6,248(sp)
    /* Restore sp last */
    LREG x2, 2*REGBYTES(sp)
    800001e8:	6142                	ld	sp,16(sp)

    mret
    800001ea:	30200073          	mret

00000000800001ee <_start_main>:
    .endm

    .global _start_main
    .type _start_main, @function
_start_main:
    BARRIER_PASS __boot_sync
    800001ee:	52fd                	li	t0,-1
    800001f0:	0110000f          	fence	w,w
    800001f4:	ac51a023          	sw	t0,-1344(gp) # 80003538 <__boot_sync>
    ENTER main
    800001f8:	4505                	li	a0,1
    800001fa:	00003597          	auipc	a1,0x3
    800001fe:	e0658593          	addi	a1,a1,-506 # 80003000 <argv>
    80000202:	8101b603          	ld	a2,-2032(gp) # 80003288 <environ>
    80000206:	02a000ef          	jal	80000230 <main>
    8000020a:	6dd0006f          	j	800010e6 <exit>

000000008000020e <_start_secondary>:

    .global _start_secondary
    .type _start_secondary, @function
_start_secondary:
    /* Synchronize secondary harts */
    BARRIER_WAIT __boot_sync
    8000020e:	ac01a283          	lw	t0,-1344(gp) # 80003538 <__boot_sync>
    80000212:	fe028ee3          	beqz	t0,8000020e <_start_secondary>
    80000216:	0220000f          	fence	r,r
    ENTER __main
    8000021a:	4505                	li	a0,1
    8000021c:	00003597          	auipc	a1,0x3
    80000220:	de458593          	addi	a1,a1,-540 # 80003000 <argv>
    80000224:	8101b603          	ld	a2,-2032(gp) # 80003288 <environ>
    80000228:	710000ef          	jal	80000938 <__main>
    8000022c:	6bb0006f          	j	800010e6 <exit>

0000000080000230 <main>:
    80000230:	fe010113          	addi	sp,sp,-32
    80000234:	00113c23          	sd	ra,24(sp)
    80000238:	15d000ef          	jal	80000b94 <initialise_board>
    8000023c:	5a9000ef          	jal	80000fe4 <initialise_benchmark>
    80000240:	00100513          	li	a0,1
    80000244:	5a5000ef          	jal	80000fe8 <warm_caches>
    80000248:	2d0000ef          	jal	80000518 <rStartup>
    8000024c:	151000ef          	jal	80000b9c <start_trigger>
    80000250:	59d000ef          	jal	80000fec <benchmark>
    80000254:	00a12623          	sw	a0,12(sp)
    80000258:	14d000ef          	jal	80000ba4 <stop_trigger>
    8000025c:	698000ef          	jal	800008f4 <rCleanup>
    80000260:	00c12503          	lw	a0,12(sp)
    80000264:	591000ef          	jal	80000ff4 <verify_benchmark>
    80000268:	01813083          	ld	ra,24(sp)
    8000026c:	00153513          	seqz	a0,a0
    80000270:	02010113          	addi	sp,sp,32
    80000274:	00008067          	ret

0000000080000278 <mtimecmp_cfg>:
    80000278:	f1402873          	csrr	a6,mhartid
    8000027c:	004017b7          	lui	a5,0x401
    80000280:	80078793          	addi	a5,a5,-2048 # 400800 <__heap_size+0x3e0800>
    80000284:	00f80833          	add	a6,a6,a5
    80000288:	0200c6b7          	lui	a3,0x200c
    8000028c:	0200c537          	lui	a0,0x200c
    80000290:	00381813          	slli	a6,a6,0x3
    80000294:	ffc68693          	addi	a3,a3,-4 # 200bffc <__heap_size+0x1febffc>
    80000298:	ff850513          	addi	a0,a0,-8 # 200bff8 <__heap_size+0x1febff8>
    8000029c:	0006a703          	lw	a4,0(a3)
    800002a0:	00052783          	lw	a5,0(a0)
    800002a4:	0006a583          	lw	a1,0(a3)
    800002a8:	0007061b          	sext.w	a2,a4
    800002ac:	0007879b          	sext.w	a5,a5
    800002b0:	feb716e3          	bne	a4,a1,8000029c <mtimecmp_cfg+0x24>
    800002b4:	02079793          	slli	a5,a5,0x20
    800002b8:	0207d793          	srli	a5,a5,0x20
    800002bc:	02061613          	slli	a2,a2,0x20
    800002c0:	00f66633          	or	a2,a2,a5
    800002c4:	02060613          	addi	a2,a2,32
    800002c8:	0006079b          	sext.w	a5,a2
    800002cc:	00f82023          	sw	a5,0(a6)
    800002d0:	42065613          	srai	a2,a2,0x20
    800002d4:	00c82223          	sw	a2,4(a6)
    800002d8:	00008067          	ret

00000000800002dc <handle_trap>:
    800002dc:	f14027f3          	csrr	a5,mhartid
    800002e0:	0805dc63          	bgez	a1,80000378 <handle_trap+0x9c>
    800002e4:	34402773          	csrr	a4,mip
    800002e8:	00877713          	andi	a4,a4,8
    800002ec:	00070c63          	beqz	a4,80000304 <handle_trap+0x28>
    800002f0:	00800737          	lui	a4,0x800
    800002f4:	00e787b3          	add	a5,a5,a4
    800002f8:	00279793          	slli	a5,a5,0x2
    800002fc:	0007a023          	sw	zero,0(a5)
    80000300:	00008067          	ret
    80000304:	34402773          	csrr	a4,mip
    80000308:	08077713          	andi	a4,a4,128
    8000030c:	06070a63          	beqz	a4,80000380 <handle_trap+0xa4>
    80000310:	06079e63          	bnez	a5,8000038c <handle_trap+0xb0>
    80000314:	8a01a783          	lw	a5,-1888(gp) # 80003318 <timer_flags>
    80000318:	8a018713          	addi	a4,gp,-1888 # 80003318 <timer_flags>
    8000031c:	0017879b          	addiw	a5,a5,1
    80000320:	00f72023          	sw	a5,0(a4) # 800000 <__heap_size+0x7e0000>
    80000324:	00072683          	lw	a3,0(a4)
    80000328:	03100793          	li	a5,49
    8000032c:	0cd7ce63          	blt	a5,a3,80000408 <handle_trap+0x12c>
    80000330:	0200c6b7          	lui	a3,0x200c
    80000334:	0200c837          	lui	a6,0x200c
    80000338:	ffc68693          	addi	a3,a3,-4 # 200bffc <__heap_size+0x1febffc>
    8000033c:	ff880813          	addi	a6,a6,-8 # 200bff8 <__heap_size+0x1febff8>
    80000340:	0006a703          	lw	a4,0(a3)
    80000344:	00082783          	lw	a5,0(a6)
    80000348:	0006a603          	lw	a2,0(a3)
    8000034c:	0007059b          	sext.w	a1,a4
    80000350:	0007879b          	sext.w	a5,a5
    80000354:	fec716e3          	bne	a4,a2,80000340 <handle_trap+0x64>
    80000358:	02079793          	slli	a5,a5,0x20
    8000035c:	02059593          	slli	a1,a1,0x20
    80000360:	0207d793          	srli	a5,a5,0x20
    80000364:	00f5e7b3          	or	a5,a1,a5
    80000368:	02078793          	addi	a5,a5,32
    8000036c:	02004737          	lui	a4,0x2004
    80000370:	00f73023          	sd	a5,0(a4) # 2004000 <__heap_size+0x1fe4000>
    80000374:	00008067          	ret
    80000378:	00b00793          	li	a5,11
    8000037c:	00f58463          	beq	a1,a5,80000384 <handle_trap+0xa8>
    80000380:	00008067          	ret
    80000384:	00450513          	addi	a0,a0,4
    80000388:	00008067          	ret
    8000038c:	00100713          	li	a4,1
    80000390:	08e78e63          	beq	a5,a4,8000042c <handle_trap+0x150>
    80000394:	00200713          	li	a4,2
    80000398:	0ee78c63          	beq	a5,a4,80000490 <handle_trap+0x1b4>
    8000039c:	00300713          	li	a4,3
    800003a0:	fee790e3          	bne	a5,a4,80000380 <handle_trap+0xa4>
    800003a4:	8ac1a783          	lw	a5,-1876(gp) # 80003324 <timer_flags+0xc>
    800003a8:	8a018713          	addi	a4,gp,-1888 # 80003318 <timer_flags>
    800003ac:	0017879b          	addiw	a5,a5,1
    800003b0:	00f72623          	sw	a5,12(a4)
    800003b4:	00c72683          	lw	a3,12(a4)
    800003b8:	03100793          	li	a5,49
    800003bc:	14d7c863          	blt	a5,a3,8000050c <handle_trap+0x230>
    800003c0:	0200c6b7          	lui	a3,0x200c
    800003c4:	0200c837          	lui	a6,0x200c
    800003c8:	ffc68693          	addi	a3,a3,-4 # 200bffc <__heap_size+0x1febffc>
    800003cc:	ff880813          	addi	a6,a6,-8 # 200bff8 <__heap_size+0x1febff8>
    800003d0:	0006a703          	lw	a4,0(a3)
    800003d4:	00082783          	lw	a5,0(a6)
    800003d8:	0006a603          	lw	a2,0(a3)
    800003dc:	0007059b          	sext.w	a1,a4
    800003e0:	0007879b          	sext.w	a5,a5
    800003e4:	fec716e3          	bne	a4,a2,800003d0 <handle_trap+0xf4>
    800003e8:	02079793          	slli	a5,a5,0x20
    800003ec:	02059593          	slli	a1,a1,0x20
    800003f0:	0207d793          	srli	a5,a5,0x20
    800003f4:	00f5e7b3          	or	a5,a1,a5
    800003f8:	02004737          	lui	a4,0x2004
    800003fc:	02078793          	addi	a5,a5,32
    80000400:	00f73c23          	sd	a5,24(a4) # 2004018 <__heap_size+0x1fe4018>
    80000404:	00008067          	ret
    80000408:	00072703          	lw	a4,0(a4)
    8000040c:	f6e7dae3          	bge	a5,a4,80000380 <handle_trap+0xa4>
    80000410:	304027f3          	csrr	a5,mie
    80000414:	f7f7f793          	andi	a5,a5,-129
    80000418:	30479073          	csrw	mie,a5
    8000041c:	300027f3          	csrr	a5,mstatus
    80000420:	ff77f793          	andi	a5,a5,-9
    80000424:	30079073          	csrw	mstatus,a5
    80000428:	00008067          	ret
    8000042c:	8a41a783          	lw	a5,-1884(gp) # 8000331c <timer_flags+0x4>
    80000430:	8a018713          	addi	a4,gp,-1888 # 80003318 <timer_flags>
    80000434:	0017879b          	addiw	a5,a5,1
    80000438:	00f72223          	sw	a5,4(a4)
    8000043c:	00472683          	lw	a3,4(a4)
    80000440:	03100793          	li	a5,49
    80000444:	0ad7c863          	blt	a5,a3,800004f4 <handle_trap+0x218>
    80000448:	0200c6b7          	lui	a3,0x200c
    8000044c:	0200c837          	lui	a6,0x200c
    80000450:	ffc68693          	addi	a3,a3,-4 # 200bffc <__heap_size+0x1febffc>
    80000454:	ff880813          	addi	a6,a6,-8 # 200bff8 <__heap_size+0x1febff8>
    80000458:	0006a703          	lw	a4,0(a3)
    8000045c:	00082783          	lw	a5,0(a6)
    80000460:	0006a603          	lw	a2,0(a3)
    80000464:	0007059b          	sext.w	a1,a4
    80000468:	0007879b          	sext.w	a5,a5
    8000046c:	fec716e3          	bne	a4,a2,80000458 <handle_trap+0x17c>
    80000470:	02079793          	slli	a5,a5,0x20
    80000474:	02059593          	slli	a1,a1,0x20
    80000478:	0207d793          	srli	a5,a5,0x20
    8000047c:	00f5e7b3          	or	a5,a1,a5
    80000480:	02004737          	lui	a4,0x2004
    80000484:	02078793          	addi	a5,a5,32
    80000488:	00f73423          	sd	a5,8(a4) # 2004008 <__heap_size+0x1fe4008>
    8000048c:	00008067          	ret
    80000490:	8a81a783          	lw	a5,-1880(gp) # 80003320 <timer_flags+0x8>
    80000494:	8a018713          	addi	a4,gp,-1888 # 80003318 <timer_flags>
    80000498:	0017879b          	addiw	a5,a5,1
    8000049c:	00f72423          	sw	a5,8(a4)
    800004a0:	00872683          	lw	a3,8(a4)
    800004a4:	03100793          	li	a5,49
    800004a8:	04d7cc63          	blt	a5,a3,80000500 <handle_trap+0x224>
    800004ac:	0200c6b7          	lui	a3,0x200c
    800004b0:	0200c837          	lui	a6,0x200c
    800004b4:	ffc68693          	addi	a3,a3,-4 # 200bffc <__heap_size+0x1febffc>
    800004b8:	ff880813          	addi	a6,a6,-8 # 200bff8 <__heap_size+0x1febff8>
    800004bc:	0006a703          	lw	a4,0(a3)
    800004c0:	00082783          	lw	a5,0(a6)
    800004c4:	0006a603          	lw	a2,0(a3)
    800004c8:	0007059b          	sext.w	a1,a4
    800004cc:	0007879b          	sext.w	a5,a5
    800004d0:	fec716e3          	bne	a4,a2,800004bc <handle_trap+0x1e0>
    800004d4:	02079793          	slli	a5,a5,0x20
    800004d8:	02059593          	slli	a1,a1,0x20
    800004dc:	0207d793          	srli	a5,a5,0x20
    800004e0:	00f5e7b3          	or	a5,a1,a5
    800004e4:	02004737          	lui	a4,0x2004
    800004e8:	02078793          	addi	a5,a5,32
    800004ec:	00f73823          	sd	a5,16(a4) # 2004010 <__heap_size+0x1fe4010>
    800004f0:	00008067          	ret
    800004f4:	00472703          	lw	a4,4(a4)
    800004f8:	e8e7d4e3          	bge	a5,a4,80000380 <handle_trap+0xa4>
    800004fc:	f15ff06f          	j	80000410 <handle_trap+0x134>
    80000500:	00872703          	lw	a4,8(a4)
    80000504:	e6e7dee3          	bge	a5,a4,80000380 <handle_trap+0xa4>
    80000508:	f09ff06f          	j	80000410 <handle_trap+0x134>
    8000050c:	00c72703          	lw	a4,12(a4)
    80000510:	e6e7d8e3          	bge	a5,a4,80000380 <handle_trap+0xa4>
    80000514:	efdff06f          	j	80000410 <handle_trap+0x134>

0000000080000518 <rStartup>:
    80000518:	ff010113          	addi	sp,sp,-16
    8000051c:	00113423          	sd	ra,8(sp)
    80000520:	00813023          	sd	s0,0(sp)
    80000524:	00400593          	li	a1,4
    80000528:	3805a02b          	.word	0x3805a02b
    8000052c:	006405b7          	lui	a1,0x640
    80000530:	01258593          	addi	a1,a1,18 # 640012 <__heap_size+0x620012>
    80000534:	00200613          	li	a2,2
    80000538:	0cc5b02b          	.word	0x0cc5b02b
    8000053c:	106405b7          	lui	a1,0x10640
    80000540:	01258593          	addi	a1,a1,18 # 10640012 <__heap_size+0x10620012>
    80000544:	0cc5b02b          	.word	0x0cc5b02b
    80000548:	206405b7          	lui	a1,0x20640
    8000054c:	01258593          	addi	a1,a1,18 # 20640012 <__heap_size+0x20620012>
    80000550:	0cc5b02b          	.word	0x0cc5b02b
    80000554:	306405b7          	lui	a1,0x30640
    80000558:	01258593          	addi	a1,a1,18 # 30640012 <__heap_size+0x30620012>
    8000055c:	0cc5b02b          	.word	0x0cc5b02b
    80000560:	406405b7          	lui	a1,0x40640
    80000564:	01258593          	addi	a1,a1,18 # 40640012 <__heap_size+0x40620012>
    80000568:	0cc5b02b          	.word	0x0cc5b02b
    8000056c:	506405b7          	lui	a1,0x50640
    80000570:	01258593          	addi	a1,a1,18 # 50640012 <__heap_size+0x50620012>
    80000574:	0cc5b02b          	.word	0x0cc5b02b
    80000578:	606405b7          	lui	a1,0x60640
    8000057c:	01258593          	addi	a1,a1,18 # 60640012 <__heap_size+0x60620012>
    80000580:	0cc5b02b          	.word	0x0cc5b02b
    80000584:	20e405b7          	lui	a1,0x20e40
    80000588:	01258593          	addi	a1,a1,18 # 20e40012 <__heap_size+0x20e20012>
    8000058c:	0cc5b02b          	.word	0x0cc5b02b
    80000590:	30e405b7          	lui	a1,0x30e40
    80000594:	01258593          	addi	a1,a1,18 # 30e40012 <__heap_size+0x30e20012>
    80000598:	0cc5b02b          	.word	0x0cc5b02b
    8000059c:	40e405b7          	lui	a1,0x40e40
    800005a0:	01258593          	addi	a1,a1,18 # 40e40012 <__heap_size+0x40e20012>
    800005a4:	0cc5b02b          	.word	0x0cc5b02b
    800005a8:	02001737          	lui	a4,0x2001
    800005ac:	00671713          	slli	a4,a4,0x6
    800005b0:	00100693          	li	a3,1
    800005b4:	200007b7          	lui	a5,0x20000
    800005b8:	01270713          	addi	a4,a4,18 # 2001012 <__heap_size+0x1fe1012>
    800005bc:	10000537          	lui	a0,0x10000
    800005c0:	01f69693          	slli	a3,a3,0x1f
    800005c4:	00e7e5b3          	or	a1,a5,a4
    800005c8:	00200613          	li	a2,2
    800005cc:	0cc5b02b          	.word	0x0cc5b02b
    800005d0:	00a787b3          	add	a5,a5,a0
    800005d4:	fed798e3          	bne	a5,a3,800005c4 <rStartup+0xac>
    800005d8:	02011737          	lui	a4,0x2011
    800005dc:	00671713          	slli	a4,a4,0x6
    800005e0:	00100693          	li	a3,1
    800005e4:	200007b7          	lui	a5,0x20000
    800005e8:	01270713          	addi	a4,a4,18 # 2011012 <__heap_size+0x1ff1012>
    800005ec:	10000537          	lui	a0,0x10000
    800005f0:	01f69693          	slli	a3,a3,0x1f
    800005f4:	00e7e5b3          	or	a1,a5,a4
    800005f8:	00200613          	li	a2,2
    800005fc:	0cc5b02b          	.word	0x0cc5b02b
    80000600:	00a787b3          	add	a5,a5,a0
    80000604:	fed798e3          	bne	a5,a3,800005f4 <rStartup+0xdc>
    80000608:	046605b7          	lui	a1,0x4660
    8000060c:	02258593          	addi	a1,a1,34 # 4660022 <__heap_size+0x4640022>
    80000610:	0cc5b02b          	.word	0x0cc5b02b
    80000614:	146605b7          	lui	a1,0x14660
    80000618:	02258593          	addi	a1,a1,34 # 14660022 <__heap_size+0x14640022>
    8000061c:	0cc5b02b          	.word	0x0cc5b02b
    80000620:	246605b7          	lui	a1,0x24660
    80000624:	02258593          	addi	a1,a1,34 # 24660022 <__heap_size+0x24640022>
    80000628:	0cc5b02b          	.word	0x0cc5b02b
    8000062c:	346605b7          	lui	a1,0x34660
    80000630:	02258593          	addi	a1,a1,34 # 34660022 <__heap_size+0x34640022>
    80000634:	0cc5b02b          	.word	0x0cc5b02b
    80000638:	24e605b7          	lui	a1,0x24e60
    8000063c:	02258593          	addi	a1,a1,34 # 24e60022 <__heap_size+0x24e40022>
    80000640:	0cc5b02b          	.word	0x0cc5b02b
    80000644:	34e605b7          	lui	a1,0x34e60
    80000648:	02258593          	addi	a1,a1,34 # 34e60022 <__heap_size+0x34e40022>
    8000064c:	0cc5b02b          	.word	0x0cc5b02b
    80000650:	44e605b7          	lui	a1,0x44e60
    80000654:	02258593          	addi	a1,a1,34 # 44e60022 <__heap_size+0x44e40022>
    80000658:	0cc5b02b          	.word	0x0cc5b02b
    8000065c:	04043737          	lui	a4,0x4043
    80000660:	00571713          	slli	a4,a4,0x5
    80000664:	00100693          	li	a3,1
    80000668:	200007b7          	lui	a5,0x20000
    8000066c:	02270713          	addi	a4,a4,34 # 4043022 <__heap_size+0x4023022>
    80000670:	10000537          	lui	a0,0x10000
    80000674:	01f69693          	slli	a3,a3,0x1f
    80000678:	00e7e5b3          	or	a1,a5,a4
    8000067c:	00200613          	li	a2,2
    80000680:	0cc5b02b          	.word	0x0cc5b02b
    80000684:	00a787b3          	add	a5,a5,a0
    80000688:	fed798e3          	bne	a5,a3,80000678 <rStartup+0x160>
    8000068c:	04063737          	lui	a4,0x4063
    80000690:	00571713          	slli	a4,a4,0x5
    80000694:	00100693          	li	a3,1
    80000698:	200007b7          	lui	a5,0x20000
    8000069c:	02270713          	addi	a4,a4,34 # 4063022 <__heap_size+0x4043022>
    800006a0:	10000537          	lui	a0,0x10000
    800006a4:	01f69693          	slli	a3,a3,0x1f
    800006a8:	00e7e5b3          	or	a1,a5,a4
    800006ac:	00200613          	li	a2,2
    800006b0:	0cc5b02b          	.word	0x0cc5b02b
    800006b4:	00a787b3          	add	a5,a5,a0
    800006b8:	fed798e3          	bne	a5,a3,800006a8 <rStartup+0x190>
    800006bc:	1e6205b7          	lui	a1,0x1e620
    800006c0:	03258593          	addi	a1,a1,50 # 1e620032 <__heap_size+0x1e600032>
    800006c4:	0cc5b02b          	.word	0x0cc5b02b
    800006c8:	2e6205b7          	lui	a1,0x2e620
    800006cc:	03258593          	addi	a1,a1,50 # 2e620032 <__heap_size+0x2e600032>
    800006d0:	0cc5b02b          	.word	0x0cc5b02b
    800006d4:	3e6205b7          	lui	a1,0x3e620
    800006d8:	03258593          	addi	a1,a1,50 # 3e620032 <__heap_size+0x3e600032>
    800006dc:	0cc5b02b          	.word	0x0cc5b02b
    800006e0:	5e6205b7          	lui	a1,0x5e620
    800006e4:	03258593          	addi	a1,a1,50 # 5e620032 <__heap_size+0x5e600032>
    800006e8:	0cc5b02b          	.word	0x0cc5b02b
    800006ec:	6e6205b7          	lui	a1,0x6e620
    800006f0:	03258593          	addi	a1,a1,50 # 6e620032 <__heap_size+0x6e600032>
    800006f4:	0cc5b02b          	.word	0x0cc5b02b
    800006f8:	7e6205b7          	lui	a1,0x7e620
    800006fc:	03258593          	addi	a1,a1,50 # 7e620032 <__heap_size+0x7e600032>
    80000700:	0cc5b02b          	.word	0x0cc5b02b
    80000704:	25ea05b7          	lui	a1,0x25ea0
    80000708:	01258593          	addi	a1,a1,18 # 25ea0012 <__heap_size+0x25e80012>
    8000070c:	0cc5b02b          	.word	0x0cc5b02b
    80000710:	35ea05b7          	lui	a1,0x35ea0
    80000714:	01258593          	addi	a1,a1,18 # 35ea0012 <__heap_size+0x35e80012>
    80000718:	0cc5b02b          	.word	0x0cc5b02b
    8000071c:	102205b7          	lui	a1,0x10220
    80000720:	00458593          	addi	a1,a1,4 # 10220004 <__heap_size+0x10200004>
    80000724:	0cc5b02b          	.word	0x0cc5b02b
    80000728:	202405b7          	lui	a1,0x20240
    8000072c:	01458593          	addi	a1,a1,20 # 20240014 <__heap_size+0x20220014>
    80000730:	0cc5b02b          	.word	0x0cc5b02b
    80000734:	302605b7          	lui	a1,0x30260
    80000738:	02458593          	addi	a1,a1,36 # 30260024 <__heap_size+0x30240024>
    8000073c:	0cc5b02b          	.word	0x0cc5b02b
    80000740:	402805b7          	lui	a1,0x40280
    80000744:	03458593          	addi	a1,a1,52 # 40280034 <__heap_size+0x40260034>
    80000748:	0cc5b02b          	.word	0x0cc5b02b
    8000074c:	00001f37          	lui	t5,0x1
    80000750:	00001eb7          	lui	t4,0x1
    80000754:	00001e37          	lui	t3,0x1
    80000758:	00001337          	lui	t1,0x1
    8000075c:	000018b7          	lui	a7,0x1
    80000760:	00001837          	lui	a6,0x1
    80000764:	00001537          	lui	a0,0x1
    80000768:	08000693          	li	a3,128
    8000076c:	00000713          	li	a4,0
    80000770:	00100293          	li	t0,1
    80000774:	813f0f13          	addi	t5,t5,-2029 # 813 <__stack_align+0x803>
    80000778:	823e8e93          	addi	t4,t4,-2013 # 823 <__stack_align+0x813>
    8000077c:	833e0e13          	addi	t3,t3,-1997 # 833 <__stack_align+0x823>
    80000780:	87330313          	addi	t1,t1,-1933 # 873 <__stack_align+0x863>
    80000784:	c7388893          	addi	a7,a7,-909 # c73 <__stack_align+0xc63>
    80000788:	85380813          	addi	a6,a6,-1965 # 853 <__stack_align+0x843>
    8000078c:	c5350513          	addi	a0,a0,-941 # c53 <__stack_align+0xc43>
    80000790:	00400f93          	li	t6,4
    80000794:	00e297bb          	sllw	a5,t0,a4
    80000798:	01079793          	slli	a5,a5,0x10
    8000079c:	00d7e7b3          	or	a5,a5,a3
    800007a0:	01e7e5b3          	or	a1,a5,t5
    800007a4:	00200613          	li	a2,2
    800007a8:	0cc5b02b          	.word	0x0cc5b02b
    800007ac:	01d7e5b3          	or	a1,a5,t4
    800007b0:	0cc5b02b          	.word	0x0cc5b02b
    800007b4:	01c7e5b3          	or	a1,a5,t3
    800007b8:	0cc5b02b          	.word	0x0cc5b02b
    800007bc:	4137e593          	ori	a1,a5,1043
    800007c0:	0cc5b02b          	.word	0x0cc5b02b
    800007c4:	4237e593          	ori	a1,a5,1059
    800007c8:	0cc5b02b          	.word	0x0cc5b02b
    800007cc:	4337e593          	ori	a1,a5,1075
    800007d0:	0cc5b02b          	.word	0x0cc5b02b
    800007d4:	0067e5b3          	or	a1,a5,t1
    800007d8:	0cc5b02b          	.word	0x0cc5b02b
    800007dc:	4737e593          	ori	a1,a5,1139
    800007e0:	0cc5b02b          	.word	0x0cc5b02b
    800007e4:	0117e5b3          	or	a1,a5,a7
    800007e8:	0cc5b02b          	.word	0x0cc5b02b
    800007ec:	0107e5b3          	or	a1,a5,a6
    800007f0:	0cc5b02b          	.word	0x0cc5b02b
    800007f4:	4537e593          	ori	a1,a5,1107
    800007f8:	0cc5b02b          	.word	0x0cc5b02b
    800007fc:	00a7e5b3          	or	a1,a5,a0
    80000800:	0cc5b02b          	.word	0x0cc5b02b
    80000804:	0017071b          	addiw	a4,a4,1
    80000808:	08068693          	addi	a3,a3,128
    8000080c:	f9f714e3          	bne	a4,t6,80000794 <rStartup+0x27c>
    80000810:	00500593          	li	a1,5
    80000814:	0cc5b02b          	.word	0x0cc5b02b
    80000818:	00f00593          	li	a1,15
    8000081c:	fa05a02b          	.word	0xfa05a02b
    80000820:	fc00452b          	.word	0xfc00452b
    80000824:	84018413          	addi	s0,gp,-1984 # 800032b8 <uart_lock>
    80000828:	00050593          	mv	a1,a0
    8000082c:	00100713          	li	a4,1
    80000830:	0ce427af          	amoswap.w.aq	a5,a4,(s0)
    80000834:	0007879b          	sext.w	a5,a5
    80000838:	fe079ce3          	bnez	a5,80000830 <rStartup+0x318>
    8000083c:	00002517          	auipc	a0,0x2
    80000840:	46c50513          	addi	a0,a0,1132 # 80002ca8 <__tbss_end+0x4>
    80000844:	54f000ef          	jal	80001592 <iprintf>
    80000848:	0a04202f          	amoswap.w.rl	zero,zero,(s0)
    8000084c:	304027f3          	csrr	a5,mie
    80000850:	0087e793          	ori	a5,a5,8
    80000854:	30479073          	csrw	mie,a5
    80000858:	300027f3          	csrr	a5,mstatus
    8000085c:	0087e793          	ori	a5,a5,8
    80000860:	30079073          	csrw	mstatus,a5
    80000864:	f14027f3          	csrr	a5,mhartid
    80000868:	00800737          	lui	a4,0x800
    8000086c:	00e787b3          	add	a5,a5,a4
    80000870:	00279793          	slli	a5,a5,0x2
    80000874:	00100713          	li	a4,1
    80000878:	00e7a023          	sw	a4,0(a5) # 20000000 <__heap_size+0x1ffe0000>
    8000087c:	3600452b          	.word	0x3600452b
    80000880:	fe050ee3          	beqz	a0,8000087c <rStartup+0x364>
    80000884:	00100593          	li	a1,1
    80000888:	2c05a02b          	.word	0x2c05a02b
    8000088c:	9edff0ef          	jal	80000278 <mtimecmp_cfg>
    80000890:	304027f3          	csrr	a5,mie
    80000894:	0807e793          	ori	a5,a5,128
    80000898:	30479073          	csrw	mie,a5
    8000089c:	6200002b          	.word	0x6200002b
    800008a0:	00100593          	li	a1,1
    800008a4:	e005a02b          	.word	0xe005a02b
    800008a8:	00100713          	li	a4,1
    800008ac:	0ce427af          	amoswap.w.aq	a5,a4,(s0)
    800008b0:	0007879b          	sext.w	a5,a5
    800008b4:	fe079ce3          	bnez	a5,800008ac <rStartup+0x394>
    800008b8:	000016b7          	lui	a3,0x1
    800008bc:	38868693          	addi	a3,a3,904 # 1388 <__stack_align+0x1378>
    800008c0:	00100613          	li	a2,1
    800008c4:	00000593          	li	a1,0
    800008c8:	00002517          	auipc	a0,0x2
    800008cc:	40050513          	addi	a0,a0,1024 # 80002cc8 <__tbss_end+0x24>
    800008d0:	4c3000ef          	jal	80001592 <iprintf>
    800008d4:	00002517          	auipc	a0,0x2
    800008d8:	43c50513          	addi	a0,a0,1084 # 80002d10 <__tbss_end+0x6c>
    800008dc:	4b7000ef          	jal	80001592 <iprintf>
    800008e0:	0a04202f          	amoswap.w.rl	zero,zero,(s0)
    800008e4:	00813083          	ld	ra,8(sp)
    800008e8:	00013403          	ld	s0,0(sp)
    800008ec:	01010113          	addi	sp,sp,16
    800008f0:	00008067          	ret

00000000800008f4 <rCleanup>:
    800008f4:	00200593          	li	a1,2
    800008f8:	e005a02b          	.word	0xe005a02b
    800008fc:	01a00793          	li	a5,26
    80000900:	00000013          	nop
    80000904:	fff7879b          	addiw	a5,a5,-1
    80000908:	fe079ce3          	bnez	a5,80000900 <rCleanup+0xc>
    8000090c:	6400002b          	.word	0x6400002b
    80000910:	000207b7          	lui	a5,0x20
    80000914:	ffe78793          	addi	a5,a5,-2 # 1fffe <__stack_size+0x17ffe>
    80000918:	00000593          	li	a1,0
    8000091c:	00000613          	li	a2,0
    80000920:	0cc5f52b          	.word	0x0cc5f52b
    80000924:	fea7fae3          	bgeu	a5,a0,80000918 <rCleanup+0x24>
    80000928:	00200593          	li	a1,2
    8000092c:	2c05a02b          	.word	0x2c05a02b
    80000930:	6000002b          	.word	0x6000002b
    80000934:	00008067          	ret

0000000080000938 <__main>:
    80000938:	ff010113          	addi	sp,sp,-16
    8000093c:	00113423          	sd	ra,8(sp)
    80000940:	f14027f3          	csrr	a5,mhartid
    80000944:	00300713          	li	a4,3
    80000948:	0ae78e63          	beq	a5,a4,80000a04 <__main+0xcc>
    8000094c:	0af76263          	bltu	a4,a5,800009f0 <__main+0xb8>
    80000950:	00100713          	li	a4,1
    80000954:	04e78a63          	beq	a5,a4,800009a8 <__main+0x70>
    80000958:	00200693          	li	a3,2
    8000095c:	0ed79c63          	bne	a5,a3,80000a54 <__main+0x11c>
    80000960:	304027f3          	csrr	a5,mie
    80000964:	0087e793          	ori	a5,a5,8
    80000968:	30479073          	csrw	mie,a5
    8000096c:	300027f3          	csrr	a5,mstatus
    80000970:	0087e793          	ori	a5,a5,8
    80000974:	30079073          	csrw	mstatus,a5
    80000978:	f14027f3          	csrr	a5,mhartid
    8000097c:	008006b7          	lui	a3,0x800
    80000980:	00d787b3          	add	a5,a5,a3
    80000984:	00279793          	slli	a5,a5,0x2
    80000988:	00e7a023          	sw	a4,0(a5)
    8000098c:	8edff0ef          	jal	80000278 <mtimecmp_cfg>
    80000990:	304027f3          	csrr	a5,mie
    80000994:	0807e793          	ori	a5,a5,128
    80000998:	30479073          	csrw	mie,a5
    8000099c:	00200513          	li	a0,2
    800009a0:	0b8000ef          	jal	80000a58 <checker>
    800009a4:	0000006f          	j	800009a4 <__main+0x6c>
    800009a8:	30402773          	csrr	a4,mie
    800009ac:	00876713          	ori	a4,a4,8
    800009b0:	30471073          	csrw	mie,a4
    800009b4:	30002773          	csrr	a4,mstatus
    800009b8:	00876713          	ori	a4,a4,8
    800009bc:	30071073          	csrw	mstatus,a4
    800009c0:	f1402773          	csrr	a4,mhartid
    800009c4:	008006b7          	lui	a3,0x800
    800009c8:	00d70733          	add	a4,a4,a3
    800009cc:	00271713          	slli	a4,a4,0x2
    800009d0:	00f72023          	sw	a5,0(a4) # 800000 <__heap_size+0x7e0000>
    800009d4:	8a5ff0ef          	jal	80000278 <mtimecmp_cfg>
    800009d8:	304027f3          	csrr	a5,mie
    800009dc:	0807e793          	ori	a5,a5,128
    800009e0:	30479073          	csrw	mie,a5
    800009e4:	00100513          	li	a0,1
    800009e8:	070000ef          	jal	80000a58 <checker>
    800009ec:	fb9ff06f          	j	800009a4 <__main+0x6c>
    800009f0:	00400713          	li	a4,4
    800009f4:	04e79e63          	bne	a5,a4,80000a50 <__main+0x118>
    800009f8:	00400513          	li	a0,4
    800009fc:	05c000ef          	jal	80000a58 <checker>
    80000a00:	fa5ff06f          	j	800009a4 <__main+0x6c>
    80000a04:	304027f3          	csrr	a5,mie
    80000a08:	0087e793          	ori	a5,a5,8
    80000a0c:	30479073          	csrw	mie,a5
    80000a10:	300027f3          	csrr	a5,mstatus
    80000a14:	0087e793          	ori	a5,a5,8
    80000a18:	30079073          	csrw	mstatus,a5
    80000a1c:	f14027f3          	csrr	a5,mhartid
    80000a20:	00800737          	lui	a4,0x800
    80000a24:	00e787b3          	add	a5,a5,a4
    80000a28:	00279793          	slli	a5,a5,0x2
    80000a2c:	00100713          	li	a4,1
    80000a30:	00e7a023          	sw	a4,0(a5)
    80000a34:	845ff0ef          	jal	80000278 <mtimecmp_cfg>
    80000a38:	304027f3          	csrr	a5,mie
    80000a3c:	0807e793          	ori	a5,a5,128
    80000a40:	30479073          	csrw	mie,a5
    80000a44:	00300513          	li	a0,3
    80000a48:	010000ef          	jal	80000a58 <checker>
    80000a4c:	f59ff06f          	j	800009a4 <__main+0x6c>
    80000a50:	f55ff06f          	j	800009a4 <__main+0x6c>
    80000a54:	f51ff06f          	j	800009a4 <__main+0x6c>

0000000080000a58 <checker>:
    80000a58:	00100593          	li	a1,1
    80000a5c:	0205a02b          	.word	0x0205a02b
    80000a60:	2c05a02b          	.word	0x2c05a02b
    80000a64:	8000002b          	.word	0x8000002b
    80000a68:	a200002b          	.word	0xa200002b
    80000a6c:	000015b7          	lui	a1,0x1
    80000a70:	38858593          	addi	a1,a1,904 # 1388 <__stack_align+0x1378>
    80000a74:	f205a02b          	.word	0xf205a02b
    80000a78:	00100593          	li	a1,1
    80000a7c:	ec05a02b          	.word	0xec05a02b
    80000a80:	00000593          	li	a1,0
    80000a84:	ec05a02b          	.word	0xec05a02b
    80000a88:	02000593          	li	a1,32
    80000a8c:	ec05a02b          	.word	0xec05a02b
    80000a90:	00000593          	li	a1,0
    80000a94:	ec05a02b          	.word	0xec05a02b
    80000a98:	ea00002b          	.word	0xea00002b
    80000a9c:	e600002b          	.word	0xe600002b
    80000aa0:	c800002b          	.word	0xc800002b
    80000aa4:	00200793          	li	a5,2
    80000aa8:	00800713          	li	a4,8
    80000aac:	0100006f          	j	80000abc <checker+0x64>
    80000ab0:	c200452b          	.word	0xc200452b
    80000ab4:	01857513          	andi	a0,a0,24
    80000ab8:	04e50a63          	beq	a0,a4,80000b0c <checker+0xb4>
    80000abc:	0e00452b          	.word	0x0e00452b
    80000ac0:	fef518e3          	bne	a0,a5,80000ab0 <checker+0x58>
    80000ac4:	04000593          	li	a1,64
    80000ac8:	ec05a02b          	.word	0xec05a02b
    80000acc:	00000593          	li	a1,0
    80000ad0:	ec05a02b          	.word	0xec05a02b
    80000ad4:	e400002b          	.word	0xe400002b
    80000ad8:	c000002b          	.word	0xc000002b
    80000adc:	00000013          	nop
    80000ae0:	00000013          	nop
    80000ae4:	00000013          	nop
    80000ae8:	00000013          	nop
    80000aec:	00000013          	nop
    80000af0:	00200793          	li	a5,2
    80000af4:	0e00452b          	.word	0x0e00452b
    80000af8:	fef51ee3          	bne	a0,a5,80000af4 <checker+0x9c>
    80000afc:	8600002b          	.word	0x8600002b
    80000b00:	00200593          	li	a1,2
    80000b04:	2c05a02b          	.word	0x2c05a02b
    80000b08:	0000006f          	j	80000b08 <checker+0xb0>
    80000b0c:	c000002b          	.word	0xc000002b
    80000b10:	00001067          	.word	0x00001067
    80000b14:	fa9ff06f          	j	80000abc <checker+0x64>

0000000080000b18 <task_synthetic_malloc>:
    80000b18:	ff010113          	addi	sp,sp,-16
    80000b1c:	00813023          	sd	s0,0(sp)
    80000b20:	00050413          	mv	s0,a0
    80000b24:	08000513          	li	a0,128
    80000b28:	00113423          	sd	ra,8(sp)
    80000b2c:	5e0000ef          	jal	8000110c <malloc>
    80000b30:	04050863          	beqz	a0,80000b80 <task_synthetic_malloc+0x68>
    80000b34:	0004069b          	sext.w	a3,s0
    80000b38:	00050793          	mv	a5,a0
    80000b3c:	08050613          	addi	a2,a0,128
    80000b40:	00050713          	mv	a4,a0
    80000b44:	00d72023          	sw	a3,0(a4) # 800000 <__heap_size+0x7e0000>
    80000b48:	00470713          	addi	a4,a4,4
    80000b4c:	0016869b          	addiw	a3,a3,1 # 800001 <__heap_size+0x7e0001>
    80000b50:	fec71ae3          	bne	a4,a2,80000b44 <task_synthetic_malloc+0x2c>
    80000b54:	00000413          	li	s0,0
    80000b58:	0007a703          	lw	a4,0(a5)
    80000b5c:	00478793          	addi	a5,a5,4
    80000b60:	0087043b          	addw	s0,a4,s0
    80000b64:	fec79ae3          	bne	a5,a2,80000b58 <task_synthetic_malloc+0x40>
    80000b68:	5b0000ef          	jal	80001118 <free>
    80000b6c:	00813083          	ld	ra,8(sp)
    80000b70:	00040513          	mv	a0,s0
    80000b74:	00013403          	ld	s0,0(sp)
    80000b78:	01010113          	addi	sp,sp,16
    80000b7c:	00008067          	ret
    80000b80:	00002517          	auipc	a0,0x2
    80000b84:	1c050513          	addi	a0,a0,448 # 80002d40 <__tbss_end+0x9c>
    80000b88:	20b000ef          	jal	80001592 <iprintf>
    80000b8c:	00000513          	li	a0,0
    80000b90:	556000ef          	jal	800010e6 <exit>

0000000080000b94 <initialise_board>:
    80000b94:	00000513          	li	a0,0
    80000b98:	00008067          	ret

0000000080000b9c <start_trigger>:
    80000b9c:	00000513          	li	a0,0
    80000ba0:	00008067          	ret

0000000080000ba4 <stop_trigger>:
    80000ba4:	00000513          	li	a0,0
    80000ba8:	00008067          	ret

0000000080000bac <rand_beebs>:
    80000bac:	86018713          	addi	a4,gp,-1952 # 800032d8 <seed>
    80000bb0:	00073503          	ld	a0,0(a4)
    80000bb4:	41c657b7          	lui	a5,0x41c65
    80000bb8:	e6d78793          	addi	a5,a5,-403 # 41c64e6d <__heap_size+0x41c44e6d>
    80000bbc:	02f50533          	mul	a0,a0,a5
    80000bc0:	000037b7          	lui	a5,0x3
    80000bc4:	03978793          	addi	a5,a5,57 # 3039 <__stack_align+0x3029>
    80000bc8:	00f50533          	add	a0,a0,a5
    80000bcc:	02151513          	slli	a0,a0,0x21
    80000bd0:	02155513          	srli	a0,a0,0x21
    80000bd4:	00a73023          	sd	a0,0(a4)
    80000bd8:	01055513          	srli	a0,a0,0x10
    80000bdc:	00008067          	ret

0000000080000be0 <srand_beebs>:
    80000be0:	02051513          	slli	a0,a0,0x20
    80000be4:	02055513          	srli	a0,a0,0x20
    80000be8:	86a1b023          	sd	a0,-1952(gp) # 800032d8 <seed>
    80000bec:	00008067          	ret

0000000080000bf0 <init_heap_beebs>:
    80000bf0:	0075f793          	andi	a5,a1,7
    80000bf4:	00079c63          	bnez	a5,80000c0c <init_heap_beebs+0x1c>
    80000bf8:	00b505b3          	add	a1,a0,a1
    80000bfc:	84a1bc23          	sd	a0,-1960(gp) # 800032d0 <heap_ptr>
    80000c00:	84b1b823          	sd	a1,-1968(gp) # 800032c8 <heap_end>
    80000c04:	8401b423          	sd	zero,-1976(gp) # 800032c0 <heap_requested>
    80000c08:	00008067          	ret
    80000c0c:	ff010113          	addi	sp,sp,-16
    80000c10:	00002697          	auipc	a3,0x2
    80000c14:	15068693          	addi	a3,a3,336 # 80002d60 <__tbss_end+0xbc>
    80000c18:	00002617          	auipc	a2,0x2
    80000c1c:	24060613          	addi	a2,a2,576 # 80002e58 <__func__.0>
    80000c20:	04100593          	li	a1,65
    80000c24:	00002517          	auipc	a0,0x2
    80000c28:	15c50513          	addi	a0,a0,348 # 80002d80 <__tbss_end+0xdc>
    80000c2c:	00113423          	sd	ra,8(sp)
    80000c30:	46c000ef          	jal	8000109c <__assert_func>

0000000080000c34 <check_heap_beebs>:
    80000c34:	8481b783          	ld	a5,-1976(gp) # 800032c0 <heap_requested>
    80000c38:	00f507b3          	add	a5,a0,a5
    80000c3c:	8501b503          	ld	a0,-1968(gp) # 800032c8 <heap_end>
    80000c40:	00f53533          	sltu	a0,a0,a5
    80000c44:	00154513          	xori	a0,a0,1
    80000c48:	00008067          	ret

0000000080000c4c <malloc_beebs>:
    80000c4c:	00050793          	mv	a5,a0
    80000c50:	04050a63          	beqz	a0,80000ca4 <malloc_beebs+0x58>
    80000c54:	85818613          	addi	a2,gp,-1960 # 800032d0 <heap_ptr>
    80000c58:	00063503          	ld	a0,0(a2)
    80000c5c:	84818693          	addi	a3,gp,-1976 # 800032c0 <heap_requested>
    80000c60:	0006b583          	ld	a1,0(a3)
    80000c64:	00f50733          	add	a4,a0,a5
    80000c68:	00777813          	andi	a6,a4,7
    80000c6c:	00b787b3          	add	a5,a5,a1
    80000c70:	00081c63          	bnez	a6,80000c88 <malloc_beebs+0x3c>
    80000c74:	00f6b023          	sd	a5,0(a3)
    80000c78:	8501b783          	ld	a5,-1968(gp) # 800032c8 <heap_end>
    80000c7c:	02e7e463          	bltu	a5,a4,80000ca4 <malloc_beebs+0x58>
    80000c80:	00e63023          	sd	a4,0(a2)
    80000c84:	00008067          	ret
    80000c88:	00800593          	li	a1,8
    80000c8c:	410585b3          	sub	a1,a1,a6
    80000c90:	00b787b3          	add	a5,a5,a1
    80000c94:	00f6b023          	sd	a5,0(a3)
    80000c98:	00b70733          	add	a4,a4,a1
    80000c9c:	8501b783          	ld	a5,-1968(gp) # 800032c8 <heap_end>
    80000ca0:	fee7f0e3          	bgeu	a5,a4,80000c80 <malloc_beebs+0x34>
    80000ca4:	00000513          	li	a0,0
    80000ca8:	00008067          	ret

0000000080000cac <calloc_beebs>:
    80000cac:	02b50633          	mul	a2,a0,a1
    80000cb0:	06060a63          	beqz	a2,80000d24 <calloc_beebs+0x78>
    80000cb4:	85818513          	addi	a0,gp,-1960 # 800032d0 <heap_ptr>
    80000cb8:	00053783          	ld	a5,0(a0)
    80000cbc:	84818593          	addi	a1,gp,-1976 # 800032c0 <heap_requested>
    80000cc0:	0005b703          	ld	a4,0(a1)
    80000cc4:	00c786b3          	add	a3,a5,a2
    80000cc8:	0076f893          	andi	a7,a3,7
    80000ccc:	00e60733          	add	a4,a2,a4
    80000cd0:	02089c63          	bnez	a7,80000d08 <calloc_beebs+0x5c>
    80000cd4:	00e5b023          	sd	a4,0(a1)
    80000cd8:	8501b703          	ld	a4,-1968(gp) # 800032c8 <heap_end>
    80000cdc:	04d76463          	bltu	a4,a3,80000d24 <calloc_beebs+0x78>
    80000ce0:	00d53023          	sd	a3,0(a0)
    80000ce4:	04078263          	beqz	a5,80000d28 <calloc_beebs+0x7c>
    80000ce8:	ff010113          	addi	sp,sp,-16
    80000cec:	00000593          	li	a1,0
    80000cf0:	00078513          	mv	a0,a5
    80000cf4:	00113423          	sd	ra,8(sp)
    80000cf8:	331000ef          	jal	80001828 <memset>
    80000cfc:	00813083          	ld	ra,8(sp)
    80000d00:	01010113          	addi	sp,sp,16
    80000d04:	00008067          	ret
    80000d08:	00800813          	li	a6,8
    80000d0c:	41180833          	sub	a6,a6,a7
    80000d10:	01070733          	add	a4,a4,a6
    80000d14:	00e5b023          	sd	a4,0(a1)
    80000d18:	010686b3          	add	a3,a3,a6
    80000d1c:	8501b703          	ld	a4,-1968(gp) # 800032c8 <heap_end>
    80000d20:	fcd770e3          	bgeu	a4,a3,80000ce0 <calloc_beebs+0x34>
    80000d24:	00000793          	li	a5,0
    80000d28:	00078513          	mv	a0,a5
    80000d2c:	00008067          	ret

0000000080000d30 <realloc_beebs>:
    80000d30:	06050c63          	beqz	a0,80000da8 <realloc_beebs+0x78>
    80000d34:	fe010113          	addi	sp,sp,-32
    80000d38:	00813823          	sd	s0,16(sp)
    80000d3c:	00050413          	mv	s0,a0
    80000d40:	00058513          	mv	a0,a1
    80000d44:	00913423          	sd	s1,8(sp)
    80000d48:	00113c23          	sd	ra,24(sp)
    80000d4c:	00058493          	mv	s1,a1
    80000d50:	efdff0ef          	jal	80000c4c <malloc_beebs>
    80000d54:	02050e63          	beqz	a0,80000d90 <realloc_beebs+0x60>
    80000d58:	00040793          	mv	a5,s0
    80000d5c:	00050713          	mv	a4,a0
    80000d60:	00940633          	add	a2,s0,s1
    80000d64:	00048c63          	beqz	s1,80000d7c <realloc_beebs+0x4c>
    80000d68:	0007c683          	lbu	a3,0(a5)
    80000d6c:	00178793          	addi	a5,a5,1
    80000d70:	00170713          	addi	a4,a4,1
    80000d74:	fed70fa3          	sb	a3,-1(a4)
    80000d78:	fec798e3          	bne	a5,a2,80000d68 <realloc_beebs+0x38>
    80000d7c:	01813083          	ld	ra,24(sp)
    80000d80:	01013403          	ld	s0,16(sp)
    80000d84:	00813483          	ld	s1,8(sp)
    80000d88:	02010113          	addi	sp,sp,32
    80000d8c:	00008067          	ret
    80000d90:	01813083          	ld	ra,24(sp)
    80000d94:	01013403          	ld	s0,16(sp)
    80000d98:	00813483          	ld	s1,8(sp)
    80000d9c:	00000513          	li	a0,0
    80000da0:	02010113          	addi	sp,sp,32
    80000da4:	00008067          	ret
    80000da8:	00000513          	li	a0,0
    80000dac:	00008067          	ret

0000000080000db0 <free_beebs>:
    80000db0:	00008067          	ret

0000000080000db4 <offset_momentum>:
    80000db4:	04058e63          	beqz	a1,80000e10 <offset_momentum+0x5c>
    80000db8:	02059793          	slli	a5,a1,0x20
    80000dbc:	02050813          	addi	a6,a0,32
    80000dc0:	01a7d593          	srli	a1,a5,0x1a
    80000dc4:	00b805b3          	add	a1,a6,a1
    80000dc8:	00080693          	mv	a3,a6
    80000dcc:	00002797          	auipc	a5,0x2
    80000dd0:	4cc7b607          	fld	fa2,1228(a5) # 80003298 <__atexit_dummy+0x8>
    80000dd4:	03850613          	addi	a2,a0,56
    80000dd8:	0186b687          	fld	fa3,24(a3)
    80000ddc:	00068713          	mv	a4,a3
    80000de0:	00080793          	mv	a5,a6
    80000de4:	00073787          	fld	fa5,0(a4)
    80000de8:	0007b707          	fld	fa4,0(a5)
    80000dec:	00878793          	addi	a5,a5,8
    80000df0:	12f6f7d3          	fmul.d	fa5,fa3,fa5
    80000df4:	00870713          	addi	a4,a4,8
    80000df8:	1ac7f7d3          	fdiv.d	fa5,fa5,fa2
    80000dfc:	0af777d3          	fsub.d	fa5,fa4,fa5
    80000e00:	fef7bc27          	fsd	fa5,-8(a5)
    80000e04:	fef610e3          	bne	a2,a5,80000de4 <offset_momentum+0x30>
    80000e08:	04068693          	addi	a3,a3,64
    80000e0c:	fcb696e3          	bne	a3,a1,80000dd8 <offset_momentum+0x24>
    80000e10:	00008067          	ret

0000000080000e14 <bodies_energy>:
    80000e14:	0c058663          	beqz	a1,80000ee0 <bodies_energy+0xcc>
    80000e18:	02853687          	fld	fa3,40(a0)
    80000e1c:	02053707          	fld	fa4,32(a0)
    80000e20:	03053787          	fld	fa5,48(a0)
    80000e24:	12d6f6d3          	fmul.d	fa3,fa3,fa3
    80000e28:	03853587          	fld	fa1,56(a0)
    80000e2c:	00002797          	auipc	a5,0x2
    80000e30:	4747b187          	fld	ft3,1140(a5) # 800032a0 <__atexit_dummy+0x10>
    80000e34:	00100613          	li	a2,1
    80000e38:	04050693          	addi	a3,a0,64
    80000e3c:	6ae77743          	fmadd.d	fa4,fa4,fa4,fa3
    80000e40:	72f7f7c3          	fmadd.d	fa5,fa5,fa5,fa4
    80000e44:	12b7f553          	fmul.d	fa0,fa5,fa1
    80000e48:	f20007d3          	fmv.d.x	fa5,zero
    80000e4c:	7a357543          	fmadd.d	fa0,fa0,ft3,fa5
    80000e50:	08c58a63          	beq	a1,a2,80000ee4 <bodies_energy+0xd0>
    80000e54:	fc06b107          	fld	ft2,-64(a3)
    80000e58:	fc86b087          	fld	ft1,-56(a3)
    80000e5c:	fd06b007          	fld	ft0,-48(a3)
    80000e60:	00068793          	mv	a5,a3
    80000e64:	00060713          	mv	a4,a2
    80000e68:	0087b687          	fld	fa3,8(a5)
    80000e6c:	0007b707          	fld	fa4,0(a5)
    80000e70:	0107b787          	fld	fa5,16(a5)
    80000e74:	0ad0f6d3          	fsub.d	fa3,ft1,fa3
    80000e78:	0ae17753          	fsub.d	fa4,ft2,fa4
    80000e7c:	0af077d3          	fsub.d	fa5,ft0,fa5
    80000e80:	0387b607          	fld	fa2,56(a5)
    80000e84:	0017071b          	addiw	a4,a4,1
    80000e88:	04078793          	addi	a5,a5,64
    80000e8c:	12c5f653          	fmul.d	fa2,fa1,fa2
    80000e90:	12d6f6d3          	fmul.d	fa3,fa3,fa3
    80000e94:	6ae77743          	fmadd.d	fa4,fa4,fa4,fa3
    80000e98:	72f7f7c3          	fmadd.d	fa5,fa5,fa5,fa4
    80000e9c:	5a07f7d3          	fsqrt.d	fa5,fa5
    80000ea0:	1af677d3          	fdiv.d	fa5,fa2,fa5
    80000ea4:	0af57553          	fsub.d	fa0,fa0,fa5
    80000ea8:	fcb760e3          	bltu	a4,a1,80000e68 <bodies_energy+0x54>
    80000eac:	0286b687          	fld	fa3,40(a3)
    80000eb0:	0206b707          	fld	fa4,32(a3)
    80000eb4:	0306b787          	fld	fa5,48(a3)
    80000eb8:	12d6f6d3          	fmul.d	fa3,fa3,fa3
    80000ebc:	0386b587          	fld	fa1,56(a3)
    80000ec0:	0016061b          	addiw	a2,a2,1
    80000ec4:	04068693          	addi	a3,a3,64
    80000ec8:	6ae77743          	fmadd.d	fa4,fa4,fa4,fa3
    80000ecc:	72f7f7c3          	fmadd.d	fa5,fa5,fa5,fa4
    80000ed0:	12f5f7d3          	fmul.d	fa5,fa1,fa5
    80000ed4:	5237f543          	fmadd.d	fa0,fa5,ft3,fa0
    80000ed8:	f6c59ee3          	bne	a1,a2,80000e54 <bodies_energy+0x40>
    80000edc:	00008067          	ret
    80000ee0:	f2000553          	fmv.d.x	fa0,zero
    80000ee4:	00008067          	ret

0000000080000ee8 <benchmark_body>:
    80000ee8:	0ea05a63          	blez	a0,80000fdc <benchmark_body+0xf4>
    80000eec:	fc010113          	addi	sp,sp,-64
    80000ef0:	02813823          	sd	s0,48(sp)
    80000ef4:	02913423          	sd	s1,40(sp)
    80000ef8:	03213023          	sd	s2,32(sp)
    80000efc:	01313c23          	sd	s3,24(sp)
    80000f00:	01413823          	sd	s4,16(sp)
    80000f04:	00813427          	fsd	fs0,8(sp)
    80000f08:	02113c23          	sd	ra,56(sp)
    80000f0c:	00050a13          	mv	s4,a0
    80000f10:	00000993          	li	s3,0
    80000f14:	00002797          	auipc	a5,0x2
    80000f18:	3847b407          	fld	fs0,900(a5) # 80003298 <__atexit_dummy+0x8>
    80000f1c:	00002417          	auipc	s0,0x2
    80000f20:	18c40413          	addi	s0,s0,396 # 800030a8 <solar_bodies+0x18>
    80000f24:	00002497          	auipc	s1,0x2
    80000f28:	16c48493          	addi	s1,s1,364 # 80003090 <solar_bodies>
    80000f2c:	00002917          	auipc	s2,0x2
    80000f30:	2c490913          	addi	s2,s2,708 # 800031f0 <_impure_data+0x8>
    80000f34:	00002697          	auipc	a3,0x2
    80000f38:	17c68693          	addi	a3,a3,380 # 800030b0 <solar_bodies+0x20>
    80000f3c:	0186b687          	fld	fa3,24(a3)
    80000f40:	00068713          	mv	a4,a3
    80000f44:	00048793          	mv	a5,s1
    80000f48:	00073787          	fld	fa5,0(a4)
    80000f4c:	0207b707          	fld	fa4,32(a5)
    80000f50:	00878793          	addi	a5,a5,8
    80000f54:	12f6f7d3          	fmul.d	fa5,fa3,fa5
    80000f58:	00870713          	addi	a4,a4,8
    80000f5c:	1a87f7d3          	fdiv.d	fa5,fa5,fs0
    80000f60:	0af777d3          	fsub.d	fa5,fa4,fa5
    80000f64:	00f7bc27          	fsd	fa5,24(a5)
    80000f68:	fe8790e3          	bne	a5,s0,80000f48 <benchmark_body+0x60>
    80000f6c:	04068693          	addi	a3,a3,64
    80000f70:	fcd916e3          	bne	s2,a3,80000f3c <benchmark_body+0x54>
    80000f74:	00500593          	li	a1,5
    80000f78:	00048513          	mv	a0,s1
    80000f7c:	e99ff0ef          	jal	80000e14 <bodies_energy>
    80000f80:	f20007d3          	fmv.d.x	fa5,zero
    80000f84:	06400793          	li	a5,100
    80000f88:	fff7879b          	addiw	a5,a5,-1
    80000f8c:	02a7f7d3          	fadd.d	fa5,fa5,fa0
    80000f90:	fe079ce3          	bnez	a5,80000f88 <benchmark_body+0xa0>
    80000f94:	0019899b          	addiw	s3,s3,1
    80000f98:	f93a1ee3          	bne	s4,s3,80000f34 <benchmark_body+0x4c>
    80000f9c:	00002797          	auipc	a5,0x2
    80000fa0:	30c7b707          	fld	fa4,780(a5) # 800032a8 <__atexit_dummy+0x18>
    80000fa4:	02e7f7d3          	fadd.d	fa5,fa5,fa4
    80000fa8:	03813083          	ld	ra,56(sp)
    80000fac:	03013403          	ld	s0,48(sp)
    80000fb0:	00002797          	auipc	a5,0x2
    80000fb4:	3007b707          	fld	fa4,768(a5) # 800032b0 <__atexit_dummy+0x20>
    80000fb8:	02813483          	ld	s1,40(sp)
    80000fbc:	02013903          	ld	s2,32(sp)
    80000fc0:	01813983          	ld	s3,24(sp)
    80000fc4:	22f7a7d3          	fabs.d	fa5,fa5
    80000fc8:	01013a03          	ld	s4,16(sp)
    80000fcc:	00813407          	fld	fs0,8(sp)
    80000fd0:	a2e79553          	flt.d	a0,fa5,fa4
    80000fd4:	04010113          	addi	sp,sp,64
    80000fd8:	00008067          	ret
    80000fdc:	00000513          	li	a0,0
    80000fe0:	00008067          	ret

0000000080000fe4 <initialise_benchmark>:
    80000fe4:	00008067          	ret

0000000080000fe8 <warm_caches>:
    80000fe8:	f01ff06f          	j	80000ee8 <benchmark_body>

0000000080000fec <benchmark>:
    80000fec:	00100513          	li	a0,1
    80000ff0:	ef9ff06f          	j	80000ee8 <benchmark_body>

0000000080000ff4 <verify_benchmark>:
    80000ff4:	0a050063          	beqz	a0,80001094 <verify_benchmark+0xa0>
    80000ff8:	00002597          	auipc	a1,0x2
    80000ffc:	09858593          	addi	a1,a1,152 # 80003090 <solar_bodies>
    80001000:	00002517          	auipc	a0,0x2
    80001004:	e6850513          	addi	a0,a0,-408 # 80002e68 <expected.0>
    80001008:	00002897          	auipc	a7,0x2
    8000100c:	1c888893          	addi	a7,a7,456 # 800031d0 <__sglue>
    80001010:	00002797          	auipc	a5,0x2
    80001014:	2a07b707          	fld	fa4,672(a5) # 800032b0 <__atexit_dummy+0x20>
    80001018:	00300813          	li	a6,3
    8000101c:	00050713          	mv	a4,a0
    80001020:	00058793          	mv	a5,a1
    80001024:	00000693          	li	a3,0
    80001028:	0007b787          	fld	fa5,0(a5)
    8000102c:	00073687          	fld	fa3,0(a4)
    80001030:	0016869b          	addiw	a3,a3,1
    80001034:	0ad7f7d3          	fsub.d	fa5,fa5,fa3
    80001038:	22f7a7d3          	fabs.d	fa5,fa5
    8000103c:	a2e79653          	flt.d	a2,fa5,fa4
    80001040:	04060a63          	beqz	a2,80001094 <verify_benchmark+0xa0>
    80001044:	0207b787          	fld	fa5,32(a5)
    80001048:	02073687          	fld	fa3,32(a4)
    8000104c:	00878793          	addi	a5,a5,8
    80001050:	00870713          	addi	a4,a4,8
    80001054:	0ad7f7d3          	fsub.d	fa5,fa5,fa3
    80001058:	22f7a7d3          	fabs.d	fa5,fa5
    8000105c:	a2e79653          	flt.d	a2,fa5,fa4
    80001060:	02060a63          	beqz	a2,80001094 <verify_benchmark+0xa0>
    80001064:	fd0692e3          	bne	a3,a6,80001028 <verify_benchmark+0x34>
    80001068:	0385b787          	fld	fa5,56(a1)
    8000106c:	03853687          	fld	fa3,56(a0)
    80001070:	0ad7f7d3          	fsub.d	fa5,fa5,fa3
    80001074:	22f7a7d3          	fabs.d	fa5,fa5
    80001078:	a2e797d3          	flt.d	a5,fa5,fa4
    8000107c:	00078c63          	beqz	a5,80001094 <verify_benchmark+0xa0>
    80001080:	04058593          	addi	a1,a1,64
    80001084:	04050513          	addi	a0,a0,64
    80001088:	f9159ae3          	bne	a1,a7,8000101c <verify_benchmark+0x28>
    8000108c:	00100513          	li	a0,1
    80001090:	00008067          	ret
    80001094:	00000513          	li	a0,0
    80001098:	00008067          	ret

000000008000109c <__assert_func>:
    8000109c:	1141                	addi	sp,sp,-16
    8000109e:	00002797          	auipc	a5,0x2
    800010a2:	1da7b783          	ld	a5,474(a5) # 80003278 <_impure_ptr>
    800010a6:	8832                	mv	a6,a2
    800010a8:	e406                	sd	ra,8(sp)
    800010aa:	88aa                	mv	a7,a0
    800010ac:	872e                	mv	a4,a1
    800010ae:	6f88                	ld	a0,24(a5)
    800010b0:	8636                	mv	a2,a3
    800010b2:	00002797          	auipc	a5,0x2
    800010b6:	d1e78793          	addi	a5,a5,-738 # 80002dd0 <__tbss_end+0x12c>
    800010ba:	00081763          	bnez	a6,800010c8 <__assert_func+0x2c>
    800010be:	00002797          	auipc	a5,0x2
    800010c2:	d7a78793          	addi	a5,a5,-646 # 80002e38 <__tbss_end+0x194>
    800010c6:	883e                	mv	a6,a5
    800010c8:	86c6                	mv	a3,a7
    800010ca:	00002597          	auipc	a1,0x2
    800010ce:	d1658593          	addi	a1,a1,-746 # 80002de0 <__tbss_end+0x13c>
    800010d2:	40a000ef          	jal	800014dc <fiprintf>
    800010d6:	762000ef          	jal	80001838 <abort>

00000000800010da <__assert>:
    800010da:	1141                	addi	sp,sp,-16
    800010dc:	86b2                	mv	a3,a2
    800010de:	4601                	li	a2,0
    800010e0:	e406                	sd	ra,8(sp)
    800010e2:	fbbff0ef          	jal	8000109c <__assert_func>

00000000800010e6 <exit>:
    800010e6:	1141                	addi	sp,sp,-16
    800010e8:	e022                	sd	s0,0(sp)
    800010ea:	e406                	sd	ra,8(sp)
    800010ec:	00002797          	auipc	a5,0x2
    800010f0:	af078793          	addi	a5,a5,-1296 # 80002bdc <__call_exitprocs>
    800010f4:	842a                	mv	s0,a0
    800010f6:	c781                	beqz	a5,800010fe <exit+0x18>
    800010f8:	4581                	li	a1,0
    800010fa:	2e3010ef          	jal	80002bdc <__call_exitprocs>
    800010fe:	8781b783          	ld	a5,-1928(gp) # 800032f0 <__stdio_exit_handler>
    80001102:	c391                	beqz	a5,80001106 <exit+0x20>
    80001104:	9782                	jalr	a5
    80001106:	8522                	mv	a0,s0
    80001108:	079010ef          	jal	80002980 <_exit>

000000008000110c <malloc>:
    8000110c:	85aa                	mv	a1,a0
    8000110e:	00002517          	auipc	a0,0x2
    80001112:	16a53503          	ld	a0,362(a0) # 80003278 <_impure_ptr>
    80001116:	a0ad                	j	80001180 <_malloc_r>

0000000080001118 <free>:
    80001118:	85aa                	mv	a1,a0
    8000111a:	00002517          	auipc	a0,0x2
    8000111e:	15e53503          	ld	a0,350(a0) # 80003278 <_impure_ptr>
    80001122:	7260006f          	j	80001848 <_free_r>

0000000080001126 <sbrk_aligned>:
    80001126:	1101                	addi	sp,sp,-32
    80001128:	e04a                	sd	s2,0(sp)
    8000112a:	86818913          	addi	s2,gp,-1944 # 800032e0 <__malloc_sbrk_start>
    8000112e:	00093783          	ld	a5,0(s2)
    80001132:	e822                	sd	s0,16(sp)
    80001134:	e426                	sd	s1,8(sp)
    80001136:	ec06                	sd	ra,24(sp)
    80001138:	84aa                	mv	s1,a0
    8000113a:	842e                	mv	s0,a1
    8000113c:	e791                	bnez	a5,80001148 <sbrk_aligned+0x22>
    8000113e:	4581                	li	a1,0
    80001140:	694000ef          	jal	800017d4 <_sbrk_r>
    80001144:	00a93023          	sd	a0,0(s2)
    80001148:	85a2                	mv	a1,s0
    8000114a:	8526                	mv	a0,s1
    8000114c:	688000ef          	jal	800017d4 <_sbrk_r>
    80001150:	597d                	li	s2,-1
    80001152:	01251a63          	bne	a0,s2,80001166 <sbrk_aligned+0x40>
    80001156:	547d                	li	s0,-1
    80001158:	60e2                	ld	ra,24(sp)
    8000115a:	8522                	mv	a0,s0
    8000115c:	6442                	ld	s0,16(sp)
    8000115e:	64a2                	ld	s1,8(sp)
    80001160:	6902                	ld	s2,0(sp)
    80001162:	6105                	addi	sp,sp,32
    80001164:	8082                	ret
    80001166:	00750413          	addi	s0,a0,7
    8000116a:	9861                	andi	s0,s0,-8
    8000116c:	fe8506e3          	beq	a0,s0,80001158 <sbrk_aligned+0x32>
    80001170:	40a405b3          	sub	a1,s0,a0
    80001174:	8526                	mv	a0,s1
    80001176:	65e000ef          	jal	800017d4 <_sbrk_r>
    8000117a:	fd251fe3          	bne	a0,s2,80001158 <sbrk_aligned+0x32>
    8000117e:	bfe1                	j	80001156 <sbrk_aligned+0x30>

0000000080001180 <_malloc_r>:
    80001180:	00758793          	addi	a5,a1,7
    80001184:	7179                	addi	sp,sp,-48
    80001186:	9be1                	andi	a5,a5,-8
    80001188:	ec26                	sd	s1,24(sp)
    8000118a:	e84a                	sd	s2,16(sp)
    8000118c:	f406                	sd	ra,40(sp)
    8000118e:	f022                	sd	s0,32(sp)
    80001190:	e44e                	sd	s3,8(sp)
    80001192:	e052                	sd	s4,0(sp)
    80001194:	07a1                	addi	a5,a5,8
    80001196:	4741                	li	a4,16
    80001198:	892a                	mv	s2,a0
    8000119a:	44c1                	li	s1,16
    8000119c:	00e7e363          	bltu	a5,a4,800011a2 <_malloc_r+0x22>
    800011a0:	84be                	mv	s1,a5
    800011a2:	80000737          	lui	a4,0x80000
    800011a6:	fff74713          	not	a4,a4
    800011aa:	00f76463          	bltu	a4,a5,800011b2 <_malloc_r+0x32>
    800011ae:	00b4fe63          	bgeu	s1,a1,800011ca <_malloc_r+0x4a>
    800011b2:	47b1                	li	a5,12
    800011b4:	00f92023          	sw	a5,0(s2)
    800011b8:	4501                	li	a0,0
    800011ba:	70a2                	ld	ra,40(sp)
    800011bc:	7402                	ld	s0,32(sp)
    800011be:	64e2                	ld	s1,24(sp)
    800011c0:	6942                	ld	s2,16(sp)
    800011c2:	69a2                	ld	s3,8(sp)
    800011c4:	6a02                	ld	s4,0(sp)
    800011c6:	6145                	addi	sp,sp,48
    800011c8:	8082                	ret
    800011ca:	854a                	mv	a0,s2
    800011cc:	0e4000ef          	jal	800012b0 <__malloc_lock>
    800011d0:	87018993          	addi	s3,gp,-1936 # 800032e8 <__malloc_free_list>
    800011d4:	0009b783          	ld	a5,0(s3)
    800011d8:	843e                	mv	s0,a5
    800011da:	ec21                	bnez	s0,80001232 <_malloc_r+0xb2>
    800011dc:	85a6                	mv	a1,s1
    800011de:	854a                	mv	a0,s2
    800011e0:	f47ff0ef          	jal	80001126 <sbrk_aligned>
    800011e4:	57fd                	li	a5,-1
    800011e6:	842a                	mv	s0,a0
    800011e8:	0af51f63          	bne	a0,a5,800012a6 <_malloc_r+0x126>
    800011ec:	0009b403          	ld	s0,0(s3)
    800011f0:	87a2                	mv	a5,s0
    800011f2:	efd1                	bnez	a5,8000128e <_malloc_r+0x10e>
    800011f4:	c055                	beqz	s0,80001298 <_malloc_r+0x118>
    800011f6:	00043a03          	ld	s4,0(s0)
    800011fa:	4581                	li	a1,0
    800011fc:	854a                	mv	a0,s2
    800011fe:	9a22                	add	s4,s4,s0
    80001200:	5d4000ef          	jal	800017d4 <_sbrk_r>
    80001204:	08aa1a63          	bne	s4,a0,80001298 <_malloc_r+0x118>
    80001208:	601c                	ld	a5,0(s0)
    8000120a:	854a                	mv	a0,s2
    8000120c:	8c9d                	sub	s1,s1,a5
    8000120e:	85a6                	mv	a1,s1
    80001210:	f17ff0ef          	jal	80001126 <sbrk_aligned>
    80001214:	57fd                	li	a5,-1
    80001216:	08f50163          	beq	a0,a5,80001298 <_malloc_r+0x118>
    8000121a:	601c                	ld	a5,0(s0)
    8000121c:	97a6                	add	a5,a5,s1
    8000121e:	e01c                	sd	a5,0(s0)
    80001220:	0009b783          	ld	a5,0(s3)
    80001224:	c3d9                	beqz	a5,800012aa <_malloc_r+0x12a>
    80001226:	6798                	ld	a4,8(a5)
    80001228:	06871663          	bne	a4,s0,80001294 <_malloc_r+0x114>
    8000122c:	0007b423          	sd	zero,8(a5)
    80001230:	a015                	j	80001254 <_malloc_r+0xd4>
    80001232:	6014                	ld	a3,0(s0)
    80001234:	9e85                	subw	a3,a3,s1
    80001236:	0406c963          	bltz	a3,80001288 <_malloc_r+0x108>
    8000123a:	473d                	li	a4,15
    8000123c:	02d75e63          	bge	a4,a3,80001278 <_malloc_r+0xf8>
    80001240:	e004                	sd	s1,0(s0)
    80001242:	00940733          	add	a4,s0,s1
    80001246:	02879763          	bne	a5,s0,80001274 <_malloc_r+0xf4>
    8000124a:	00e9b023          	sd	a4,0(s3)
    8000124e:	641c                	ld	a5,8(s0)
    80001250:	e314                	sd	a3,0(a4)
    80001252:	e71c                	sd	a5,8(a4)
    80001254:	854a                	mv	a0,s2
    80001256:	05c000ef          	jal	800012b2 <__malloc_unlock>
    8000125a:	00f40513          	addi	a0,s0,15
    8000125e:	00840793          	addi	a5,s0,8
    80001262:	9961                	andi	a0,a0,-8
    80001264:	40f507bb          	subw	a5,a0,a5
    80001268:	dba9                	beqz	a5,800011ba <_malloc_r+0x3a>
    8000126a:	943e                	add	s0,s0,a5
    8000126c:	40f007bb          	negw	a5,a5
    80001270:	e01c                	sd	a5,0(s0)
    80001272:	b7a1                	j	800011ba <_malloc_r+0x3a>
    80001274:	e798                	sd	a4,8(a5)
    80001276:	bfe1                	j	8000124e <_malloc_r+0xce>
    80001278:	6418                	ld	a4,8(s0)
    8000127a:	00879563          	bne	a5,s0,80001284 <_malloc_r+0x104>
    8000127e:	00e9b023          	sd	a4,0(s3)
    80001282:	bfc9                	j	80001254 <_malloc_r+0xd4>
    80001284:	e798                	sd	a4,8(a5)
    80001286:	b7f9                	j	80001254 <_malloc_r+0xd4>
    80001288:	87a2                	mv	a5,s0
    8000128a:	6400                	ld	s0,8(s0)
    8000128c:	b7b9                	j	800011da <_malloc_r+0x5a>
    8000128e:	843e                	mv	s0,a5
    80001290:	679c                	ld	a5,8(a5)
    80001292:	b785                	j	800011f2 <_malloc_r+0x72>
    80001294:	87ba                	mv	a5,a4
    80001296:	b779                	j	80001224 <_malloc_r+0xa4>
    80001298:	47b1                	li	a5,12
    8000129a:	00f92023          	sw	a5,0(s2)
    8000129e:	854a                	mv	a0,s2
    800012a0:	012000ef          	jal	800012b2 <__malloc_unlock>
    800012a4:	bf11                	j	800011b8 <_malloc_r+0x38>
    800012a6:	e104                	sd	s1,0(a0)
    800012a8:	b775                	j	80001254 <_malloc_r+0xd4>
    800012aa:	00003423          	sd	zero,8(zero) # 8 <__boot_hart+0x8>
    800012ae:	9002                	ebreak

00000000800012b0 <__malloc_lock>:
    800012b0:	8082                	ret

00000000800012b2 <__malloc_unlock>:
    800012b2:	8082                	ret

00000000800012b4 <__fp_lock>:
    800012b4:	4501                	li	a0,0
    800012b6:	8082                	ret

00000000800012b8 <std>:
    800012b8:	1141                	addi	sp,sp,-16
    800012ba:	e022                	sd	s0,0(sp)
    800012bc:	e406                	sd	ra,8(sp)
    800012be:	842a                	mv	s0,a0
    800012c0:	00b51823          	sh	a1,16(a0)
    800012c4:	00c51923          	sh	a2,18(a0)
    800012c8:	00053023          	sd	zero,0(a0)
    800012cc:	00053423          	sd	zero,8(a0)
    800012d0:	0a052623          	sw	zero,172(a0)
    800012d4:	00053c23          	sd	zero,24(a0)
    800012d8:	02052023          	sw	zero,32(a0)
    800012dc:	02052423          	sw	zero,40(a0)
    800012e0:	4621                	li	a2,8
    800012e2:	4581                	li	a1,0
    800012e4:	0a450513          	addi	a0,a0,164
    800012e8:	540000ef          	jal	80001828 <memset>
    800012ec:	00000797          	auipc	a5,0x0
    800012f0:	2d478793          	addi	a5,a5,724 # 800015c0 <__sread>
    800012f4:	e03c                	sd	a5,64(s0)
    800012f6:	00000797          	auipc	a5,0x0
    800012fa:	30078793          	addi	a5,a5,768 # 800015f6 <__swrite>
    800012fe:	e43c                	sd	a5,72(s0)
    80001300:	00000797          	auipc	a5,0x0
    80001304:	34678793          	addi	a5,a5,838 # 80001646 <__sseek>
    80001308:	e83c                	sd	a5,80(s0)
    8000130a:	00000797          	auipc	a5,0x0
    8000130e:	37478793          	addi	a5,a5,884 # 8000167e <__sclose>
    80001312:	60a2                	ld	ra,8(sp)
    80001314:	fc00                	sd	s0,56(s0)
    80001316:	ec3c                	sd	a5,88(s0)
    80001318:	6402                	ld	s0,0(sp)
    8000131a:	0141                	addi	sp,sp,16
    8000131c:	8082                	ret

000000008000131e <stdio_exit_handler>:
    8000131e:	00002617          	auipc	a2,0x2
    80001322:	eb260613          	addi	a2,a2,-334 # 800031d0 <__sglue>
    80001326:	00001597          	auipc	a1,0x1
    8000132a:	dcc58593          	addi	a1,a1,-564 # 800020f2 <_fflush_r>
    8000132e:	00002517          	auipc	a0,0x2
    80001332:	eba50513          	addi	a0,a0,-326 # 800031e8 <_impure_data>
    80001336:	aac1                	j	80001506 <_fwalk_sglue>

0000000080001338 <cleanup_stdio>:
    80001338:	650c                	ld	a1,8(a0)
    8000133a:	1141                	addi	sp,sp,-16
    8000133c:	e022                	sd	s0,0(sp)
    8000133e:	e406                	sd	ra,8(sp)
    80001340:	00002797          	auipc	a5,0x2
    80001344:	fe878793          	addi	a5,a5,-24 # 80003328 <__sf>
    80001348:	842a                	mv	s0,a0
    8000134a:	00f58463          	beq	a1,a5,80001352 <cleanup_stdio+0x1a>
    8000134e:	5a5000ef          	jal	800020f2 <_fflush_r>
    80001352:	680c                	ld	a1,16(s0)
    80001354:	00002797          	auipc	a5,0x2
    80001358:	08478793          	addi	a5,a5,132 # 800033d8 <__sf+0xb0>
    8000135c:	00f58563          	beq	a1,a5,80001366 <cleanup_stdio+0x2e>
    80001360:	8522                	mv	a0,s0
    80001362:	591000ef          	jal	800020f2 <_fflush_r>
    80001366:	6c0c                	ld	a1,24(s0)
    80001368:	a1018793          	addi	a5,gp,-1520 # 80003488 <__sf+0x160>
    8000136c:	00f58863          	beq	a1,a5,8000137c <cleanup_stdio+0x44>
    80001370:	8522                	mv	a0,s0
    80001372:	6402                	ld	s0,0(sp)
    80001374:	60a2                	ld	ra,8(sp)
    80001376:	0141                	addi	sp,sp,16
    80001378:	57b0006f          	j	800020f2 <_fflush_r>
    8000137c:	60a2                	ld	ra,8(sp)
    8000137e:	6402                	ld	s0,0(sp)
    80001380:	0141                	addi	sp,sp,16
    80001382:	8082                	ret

0000000080001384 <global_stdio_init.part.0>:
    80001384:	1141                	addi	sp,sp,-16
    80001386:	00000797          	auipc	a5,0x0
    8000138a:	f9878793          	addi	a5,a5,-104 # 8000131e <stdio_exit_handler>
    8000138e:	4601                	li	a2,0
    80001390:	4591                	li	a1,4
    80001392:	00002517          	auipc	a0,0x2
    80001396:	f9650513          	addi	a0,a0,-106 # 80003328 <__sf>
    8000139a:	e406                	sd	ra,8(sp)
    8000139c:	86f1bc23          	sd	a5,-1928(gp) # 800032f0 <__stdio_exit_handler>
    800013a0:	f19ff0ef          	jal	800012b8 <std>
    800013a4:	4605                	li	a2,1
    800013a6:	45a5                	li	a1,9
    800013a8:	00002517          	auipc	a0,0x2
    800013ac:	03050513          	addi	a0,a0,48 # 800033d8 <__sf+0xb0>
    800013b0:	f09ff0ef          	jal	800012b8 <std>
    800013b4:	60a2                	ld	ra,8(sp)
    800013b6:	4609                	li	a2,2
    800013b8:	45c9                	li	a1,18
    800013ba:	a1018513          	addi	a0,gp,-1520 # 80003488 <__sf+0x160>
    800013be:	0141                	addi	sp,sp,16
    800013c0:	bde5                	j	800012b8 <std>

00000000800013c2 <__fp_unlock>:
    800013c2:	4501                	li	a0,0
    800013c4:	8082                	ret

00000000800013c6 <__sfp>:
    800013c6:	1101                	addi	sp,sp,-32
    800013c8:	e04a                	sd	s2,0(sp)
    800013ca:	ec06                	sd	ra,24(sp)
    800013cc:	e822                	sd	s0,16(sp)
    800013ce:	e426                	sd	s1,8(sp)
    800013d0:	8781b783          	ld	a5,-1928(gp) # 800032f0 <__stdio_exit_handler>
    800013d4:	892a                	mv	s2,a0
    800013d6:	e399                	bnez	a5,800013dc <__sfp+0x16>
    800013d8:	fadff0ef          	jal	80001384 <global_stdio_init.part.0>
    800013dc:	00002497          	auipc	s1,0x2
    800013e0:	df448493          	addi	s1,s1,-524 # 800031d0 <__sglue>
    800013e4:	6880                	ld	s0,16(s1)
    800013e6:	449c                	lw	a5,8(s1)
    800013e8:	37fd                	addiw	a5,a5,-1
    800013ea:	0207d163          	bgez	a5,8000140c <__sfp+0x46>
    800013ee:	609c                	ld	a5,0(s1)
    800013f0:	e7c1                	bnez	a5,80001478 <__sfp+0xb2>
    800013f2:	2d800593          	li	a1,728
    800013f6:	854a                	mv	a0,s2
    800013f8:	d89ff0ef          	jal	80001180 <_malloc_r>
    800013fc:	842a                	mv	s0,a0
    800013fe:	e12d                	bnez	a0,80001460 <__sfp+0x9a>
    80001400:	0004b023          	sd	zero,0(s1)
    80001404:	47b1                	li	a5,12
    80001406:	00f92023          	sw	a5,0(s2)
    8000140a:	a089                	j	8000144c <__sfp+0x86>
    8000140c:	01041703          	lh	a4,16(s0)
    80001410:	e729                	bnez	a4,8000145a <__sfp+0x94>
    80001412:	77c1                	lui	a5,0xffff0
    80001414:	0785                	addi	a5,a5,1 # ffffffffffff0001 <__heap_end+0xffffffff7ffcc001>
    80001416:	0a042623          	sw	zero,172(s0)
    8000141a:	00043023          	sd	zero,0(s0)
    8000141e:	00043423          	sd	zero,8(s0)
    80001422:	c81c                	sw	a5,16(s0)
    80001424:	00043c23          	sd	zero,24(s0)
    80001428:	02042023          	sw	zero,32(s0)
    8000142c:	02042423          	sw	zero,40(s0)
    80001430:	4621                	li	a2,8
    80001432:	4581                	li	a1,0
    80001434:	0a440513          	addi	a0,s0,164
    80001438:	3f0000ef          	jal	80001828 <memset>
    8000143c:	06043023          	sd	zero,96(s0)
    80001440:	06042423          	sw	zero,104(s0)
    80001444:	08043023          	sd	zero,128(s0)
    80001448:	08042423          	sw	zero,136(s0)
    8000144c:	60e2                	ld	ra,24(sp)
    8000144e:	8522                	mv	a0,s0
    80001450:	6442                	ld	s0,16(sp)
    80001452:	64a2                	ld	s1,8(sp)
    80001454:	6902                	ld	s2,0(sp)
    80001456:	6105                	addi	sp,sp,32
    80001458:	8082                	ret
    8000145a:	0b040413          	addi	s0,s0,176
    8000145e:	b769                	j	800013e8 <__sfp+0x22>
    80001460:	4791                	li	a5,4
    80001462:	00053023          	sd	zero,0(a0)
    80001466:	c51c                	sw	a5,8(a0)
    80001468:	0561                	addi	a0,a0,24
    8000146a:	e808                	sd	a0,16(s0)
    8000146c:	2c000613          	li	a2,704
    80001470:	4581                	li	a1,0
    80001472:	3b6000ef          	jal	80001828 <memset>
    80001476:	e080                	sd	s0,0(s1)
    80001478:	6084                	ld	s1,0(s1)
    8000147a:	b7ad                	j	800013e4 <__sfp+0x1e>

000000008000147c <__sinit>:
    8000147c:	613c                	ld	a5,64(a0)
    8000147e:	eb91                	bnez	a5,80001492 <__sinit+0x16>
    80001480:	00000797          	auipc	a5,0x0
    80001484:	eb878793          	addi	a5,a5,-328 # 80001338 <cleanup_stdio>
    80001488:	e13c                	sd	a5,64(a0)
    8000148a:	8781b783          	ld	a5,-1928(gp) # 800032f0 <__stdio_exit_handler>
    8000148e:	e391                	bnez	a5,80001492 <__sinit+0x16>
    80001490:	bdd5                	j	80001384 <global_stdio_init.part.0>
    80001492:	8082                	ret

0000000080001494 <__sfp_lock_acquire>:
    80001494:	8082                	ret

0000000080001496 <__sfp_lock_release>:
    80001496:	8082                	ret

0000000080001498 <__fp_lock_all>:
    80001498:	00002617          	auipc	a2,0x2
    8000149c:	d3860613          	addi	a2,a2,-712 # 800031d0 <__sglue>
    800014a0:	00000597          	auipc	a1,0x0
    800014a4:	e1458593          	addi	a1,a1,-492 # 800012b4 <__fp_lock>
    800014a8:	4501                	li	a0,0
    800014aa:	a8b1                	j	80001506 <_fwalk_sglue>

00000000800014ac <__fp_unlock_all>:
    800014ac:	00002617          	auipc	a2,0x2
    800014b0:	d2460613          	addi	a2,a2,-732 # 800031d0 <__sglue>
    800014b4:	00000597          	auipc	a1,0x0
    800014b8:	f0e58593          	addi	a1,a1,-242 # 800013c2 <__fp_unlock>
    800014bc:	4501                	li	a0,0
    800014be:	a0a1                	j	80001506 <_fwalk_sglue>

00000000800014c0 <_fiprintf_r>:
    800014c0:	715d                	addi	sp,sp,-80
    800014c2:	f436                	sd	a3,40(sp)
    800014c4:	1034                	addi	a3,sp,40
    800014c6:	ec06                	sd	ra,24(sp)
    800014c8:	f83a                	sd	a4,48(sp)
    800014ca:	fc3e                	sd	a5,56(sp)
    800014cc:	e0c2                	sd	a6,64(sp)
    800014ce:	e4c6                	sd	a7,72(sp)
    800014d0:	e436                	sd	a3,8(sp)
    800014d2:	4ac000ef          	jal	8000197e <_vfiprintf_r>
    800014d6:	60e2                	ld	ra,24(sp)
    800014d8:	6161                	addi	sp,sp,80
    800014da:	8082                	ret

00000000800014dc <fiprintf>:
    800014dc:	715d                	addi	sp,sp,-80
    800014de:	f032                	sd	a2,32(sp)
    800014e0:	f436                	sd	a3,40(sp)
    800014e2:	862e                	mv	a2,a1
    800014e4:	1014                	addi	a3,sp,32
    800014e6:	85aa                	mv	a1,a0
    800014e8:	00002517          	auipc	a0,0x2
    800014ec:	d9053503          	ld	a0,-624(a0) # 80003278 <_impure_ptr>
    800014f0:	ec06                	sd	ra,24(sp)
    800014f2:	f83a                	sd	a4,48(sp)
    800014f4:	fc3e                	sd	a5,56(sp)
    800014f6:	e0c2                	sd	a6,64(sp)
    800014f8:	e4c6                	sd	a7,72(sp)
    800014fa:	e436                	sd	a3,8(sp)
    800014fc:	482000ef          	jal	8000197e <_vfiprintf_r>
    80001500:	60e2                	ld	ra,24(sp)
    80001502:	6161                	addi	sp,sp,80
    80001504:	8082                	ret

0000000080001506 <_fwalk_sglue>:
    80001506:	715d                	addi	sp,sp,-80
    80001508:	e0a2                	sd	s0,64(sp)
    8000150a:	fc26                	sd	s1,56(sp)
    8000150c:	f44e                	sd	s3,40(sp)
    8000150e:	f052                	sd	s4,32(sp)
    80001510:	e85a                	sd	s6,16(sp)
    80001512:	e45e                	sd	s7,8(sp)
    80001514:	e486                	sd	ra,72(sp)
    80001516:	f84a                	sd	s2,48(sp)
    80001518:	ec56                	sd	s5,24(sp)
    8000151a:	89aa                	mv	s3,a0
    8000151c:	8a2e                	mv	s4,a1
    8000151e:	8432                	mv	s0,a2
    80001520:	4481                	li	s1,0
    80001522:	4b05                	li	s6,1
    80001524:	5bfd                	li	s7,-1
    80001526:	01043903          	ld	s2,16(s0)
    8000152a:	00842a83          	lw	s5,8(s0)
    8000152e:	3afd                	addiw	s5,s5,-1
    80001530:	020ad063          	bgez	s5,80001550 <_fwalk_sglue+0x4a>
    80001534:	6000                	ld	s0,0(s0)
    80001536:	f865                	bnez	s0,80001526 <_fwalk_sglue+0x20>
    80001538:	60a6                	ld	ra,72(sp)
    8000153a:	6406                	ld	s0,64(sp)
    8000153c:	7942                	ld	s2,48(sp)
    8000153e:	79a2                	ld	s3,40(sp)
    80001540:	7a02                	ld	s4,32(sp)
    80001542:	6ae2                	ld	s5,24(sp)
    80001544:	6b42                	ld	s6,16(sp)
    80001546:	6ba2                	ld	s7,8(sp)
    80001548:	8526                	mv	a0,s1
    8000154a:	74e2                	ld	s1,56(sp)
    8000154c:	6161                	addi	sp,sp,80
    8000154e:	8082                	ret
    80001550:	01095783          	lhu	a5,16(s2)
    80001554:	00fb7b63          	bgeu	s6,a5,8000156a <_fwalk_sglue+0x64>
    80001558:	01291783          	lh	a5,18(s2)
    8000155c:	01778763          	beq	a5,s7,8000156a <_fwalk_sglue+0x64>
    80001560:	85ca                	mv	a1,s2
    80001562:	854e                	mv	a0,s3
    80001564:	9a02                	jalr	s4
    80001566:	8cc9                	or	s1,s1,a0
    80001568:	2481                	sext.w	s1,s1
    8000156a:	0b090913          	addi	s2,s2,176
    8000156e:	b7c1                	j	8000152e <_fwalk_sglue+0x28>

0000000080001570 <_iprintf_r>:
    80001570:	715d                	addi	sp,sp,-80
    80001572:	f032                	sd	a2,32(sp)
    80001574:	f436                	sd	a3,40(sp)
    80001576:	f83a                	sd	a4,48(sp)
    80001578:	fc3e                	sd	a5,56(sp)
    8000157a:	e0c2                	sd	a6,64(sp)
    8000157c:	e4c6                	sd	a7,72(sp)
    8000157e:	862e                	mv	a2,a1
    80001580:	690c                	ld	a1,16(a0)
    80001582:	1014                	addi	a3,sp,32
    80001584:	ec06                	sd	ra,24(sp)
    80001586:	e436                	sd	a3,8(sp)
    80001588:	3f6000ef          	jal	8000197e <_vfiprintf_r>
    8000158c:	60e2                	ld	ra,24(sp)
    8000158e:	6161                	addi	sp,sp,80
    80001590:	8082                	ret

0000000080001592 <iprintf>:
    80001592:	711d                	addi	sp,sp,-96
    80001594:	f832                	sd	a2,48(sp)
    80001596:	fc36                	sd	a3,56(sp)
    80001598:	e4be                	sd	a5,72(sp)
    8000159a:	f42e                	sd	a1,40(sp)
    8000159c:	e0ba                	sd	a4,64(sp)
    8000159e:	e8c2                	sd	a6,80(sp)
    800015a0:	ecc6                	sd	a7,88(sp)
    800015a2:	00002797          	auipc	a5,0x2
    800015a6:	cd67b783          	ld	a5,-810(a5) # 80003278 <_impure_ptr>
    800015aa:	6b8c                	ld	a1,16(a5)
    800015ac:	1034                	addi	a3,sp,40
    800015ae:	862a                	mv	a2,a0
    800015b0:	853e                	mv	a0,a5
    800015b2:	ec06                	sd	ra,24(sp)
    800015b4:	e436                	sd	a3,8(sp)
    800015b6:	3c8000ef          	jal	8000197e <_vfiprintf_r>
    800015ba:	60e2                	ld	ra,24(sp)
    800015bc:	6125                	addi	sp,sp,96
    800015be:	8082                	ret

00000000800015c0 <__sread>:
    800015c0:	1141                	addi	sp,sp,-16
    800015c2:	e022                	sd	s0,0(sp)
    800015c4:	842e                	mv	s0,a1
    800015c6:	01259583          	lh	a1,18(a1)
    800015ca:	e406                	sd	ra,8(sp)
    800015cc:	1dc000ef          	jal	800017a8 <_read_r>
    800015d0:	00054963          	bltz	a0,800015e2 <__sread+0x22>
    800015d4:	6c5c                	ld	a5,152(s0)
    800015d6:	97aa                	add	a5,a5,a0
    800015d8:	ec5c                	sd	a5,152(s0)
    800015da:	60a2                	ld	ra,8(sp)
    800015dc:	6402                	ld	s0,0(sp)
    800015de:	0141                	addi	sp,sp,16
    800015e0:	8082                	ret
    800015e2:	01045783          	lhu	a5,16(s0)
    800015e6:	777d                	lui	a4,0xfffff
    800015e8:	177d                	addi	a4,a4,-1 # ffffffffffffefff <__heap_end+0xffffffff7ffdafff>
    800015ea:	8ff9                	and	a5,a5,a4
    800015ec:	00f41823          	sh	a5,16(s0)
    800015f0:	b7ed                	j	800015da <__sread+0x1a>

00000000800015f2 <__seofread>:
    800015f2:	4501                	li	a0,0
    800015f4:	8082                	ret

00000000800015f6 <__swrite>:
    800015f6:	0105d783          	lhu	a5,16(a1)
    800015fa:	7179                	addi	sp,sp,-48
    800015fc:	f022                	sd	s0,32(sp)
    800015fe:	ec26                	sd	s1,24(sp)
    80001600:	e84a                	sd	s2,16(sp)
    80001602:	e44e                	sd	s3,8(sp)
    80001604:	f406                	sd	ra,40(sp)
    80001606:	1007f793          	andi	a5,a5,256
    8000160a:	84aa                	mv	s1,a0
    8000160c:	842e                	mv	s0,a1
    8000160e:	8932                	mv	s2,a2
    80001610:	89b6                	mv	s3,a3
    80001612:	c799                	beqz	a5,80001620 <__swrite+0x2a>
    80001614:	01259583          	lh	a1,18(a1)
    80001618:	4689                	li	a3,2
    8000161a:	4601                	li	a2,0
    8000161c:	160000ef          	jal	8000177c <_lseek_r>
    80001620:	01045783          	lhu	a5,16(s0)
    80001624:	777d                	lui	a4,0xfffff
    80001626:	177d                	addi	a4,a4,-1 # ffffffffffffefff <__heap_end+0xffffffff7ffdafff>
    80001628:	8ff9                	and	a5,a5,a4
    8000162a:	01241583          	lh	a1,18(s0)
    8000162e:	00f41823          	sh	a5,16(s0)
    80001632:	7402                	ld	s0,32(sp)
    80001634:	70a2                	ld	ra,40(sp)
    80001636:	86ce                	mv	a3,s3
    80001638:	864a                	mv	a2,s2
    8000163a:	69a2                	ld	s3,8(sp)
    8000163c:	6942                	ld	s2,16(sp)
    8000163e:	8526                	mv	a0,s1
    80001640:	64e2                	ld	s1,24(sp)
    80001642:	6145                	addi	sp,sp,48
    80001644:	aa65                	j	800017fc <_write_r>

0000000080001646 <__sseek>:
    80001646:	1141                	addi	sp,sp,-16
    80001648:	e022                	sd	s0,0(sp)
    8000164a:	842e                	mv	s0,a1
    8000164c:	01259583          	lh	a1,18(a1)
    80001650:	e406                	sd	ra,8(sp)
    80001652:	12a000ef          	jal	8000177c <_lseek_r>
    80001656:	577d                	li	a4,-1
    80001658:	01045783          	lhu	a5,16(s0)
    8000165c:	00e51b63          	bne	a0,a4,80001672 <__sseek+0x2c>
    80001660:	777d                	lui	a4,0xfffff
    80001662:	177d                	addi	a4,a4,-1 # ffffffffffffefff <__heap_end+0xffffffff7ffdafff>
    80001664:	8ff9                	and	a5,a5,a4
    80001666:	00f41823          	sh	a5,16(s0)
    8000166a:	60a2                	ld	ra,8(sp)
    8000166c:	6402                	ld	s0,0(sp)
    8000166e:	0141                	addi	sp,sp,16
    80001670:	8082                	ret
    80001672:	6705                	lui	a4,0x1
    80001674:	8fd9                	or	a5,a5,a4
    80001676:	00f41823          	sh	a5,16(s0)
    8000167a:	ec48                	sd	a0,152(s0)
    8000167c:	b7fd                	j	8000166a <__sseek+0x24>

000000008000167e <__sclose>:
    8000167e:	01259583          	lh	a1,18(a1)
    80001682:	a009                	j	80001684 <_close_r>

0000000080001684 <_close_r>:
    80001684:	1141                	addi	sp,sp,-16
    80001686:	e022                	sd	s0,0(sp)
    80001688:	842a                	mv	s0,a0
    8000168a:	852e                	mv	a0,a1
    8000168c:	8801a023          	sw	zero,-1920(gp) # 800032f8 <errno>
    80001690:	e406                	sd	ra,8(sp)
    80001692:	2da010ef          	jal	8000296c <_close>
    80001696:	57fd                	li	a5,-1
    80001698:	00f51663          	bne	a0,a5,800016a4 <_close_r+0x20>
    8000169c:	8801a783          	lw	a5,-1920(gp) # 800032f8 <errno>
    800016a0:	c391                	beqz	a5,800016a4 <_close_r+0x20>
    800016a2:	c01c                	sw	a5,0(s0)
    800016a4:	60a2                	ld	ra,8(sp)
    800016a6:	6402                	ld	s0,0(sp)
    800016a8:	0141                	addi	sp,sp,16
    800016aa:	8082                	ret

00000000800016ac <_reclaim_reent>:
    800016ac:	00002797          	auipc	a5,0x2
    800016b0:	bcc7b783          	ld	a5,-1076(a5) # 80003278 <_impure_ptr>
    800016b4:	0ca78363          	beq	a5,a0,8000177a <_reclaim_reent+0xce>
    800016b8:	7d1c                	ld	a5,56(a0)
    800016ba:	7179                	addi	sp,sp,-48
    800016bc:	f022                	sd	s0,32(sp)
    800016be:	f406                	sd	ra,40(sp)
    800016c0:	ec26                	sd	s1,24(sp)
    800016c2:	e84a                	sd	s2,16(sp)
    800016c4:	e44e                	sd	s3,8(sp)
    800016c6:	842a                	mv	s0,a0
    800016c8:	cb8d                	beqz	a5,800016fa <_reclaim_reent+0x4e>
    800016ca:	6f9c                	ld	a5,24(a5)
    800016cc:	c38d                	beqz	a5,800016ee <_reclaim_reent+0x42>
    800016ce:	4481                	li	s1,0
    800016d0:	20000913          	li	s2,512
    800016d4:	7c1c                	ld	a5,56(s0)
    800016d6:	6f9c                	ld	a5,24(a5)
    800016d8:	97a6                	add	a5,a5,s1
    800016da:	638c                	ld	a1,0(a5)
    800016dc:	e1c9                	bnez	a1,8000175e <_reclaim_reent+0xb2>
    800016de:	04a1                	addi	s1,s1,8
    800016e0:	ff249ae3          	bne	s1,s2,800016d4 <_reclaim_reent+0x28>
    800016e4:	7c1c                	ld	a5,56(s0)
    800016e6:	8522                	mv	a0,s0
    800016e8:	6f8c                	ld	a1,24(a5)
    800016ea:	15e000ef          	jal	80001848 <_free_r>
    800016ee:	7c1c                	ld	a5,56(s0)
    800016f0:	638c                	ld	a1,0(a5)
    800016f2:	c581                	beqz	a1,800016fa <_reclaim_reent+0x4e>
    800016f4:	8522                	mv	a0,s0
    800016f6:	152000ef          	jal	80001848 <_free_r>
    800016fa:	740c                	ld	a1,40(s0)
    800016fc:	c581                	beqz	a1,80001704 <_reclaim_reent+0x58>
    800016fe:	8522                	mv	a0,s0
    80001700:	148000ef          	jal	80001848 <_free_r>
    80001704:	7c0c                	ld	a1,56(s0)
    80001706:	c581                	beqz	a1,8000170e <_reclaim_reent+0x62>
    80001708:	8522                	mv	a0,s0
    8000170a:	13e000ef          	jal	80001848 <_free_r>
    8000170e:	6c2c                	ld	a1,88(s0)
    80001710:	c581                	beqz	a1,80001718 <_reclaim_reent+0x6c>
    80001712:	8522                	mv	a0,s0
    80001714:	134000ef          	jal	80001848 <_free_r>
    80001718:	702c                	ld	a1,96(s0)
    8000171a:	c581                	beqz	a1,80001722 <_reclaim_reent+0x76>
    8000171c:	8522                	mv	a0,s0
    8000171e:	12a000ef          	jal	80001848 <_free_r>
    80001722:	742c                	ld	a1,104(s0)
    80001724:	c581                	beqz	a1,8000172c <_reclaim_reent+0x80>
    80001726:	8522                	mv	a0,s0
    80001728:	120000ef          	jal	80001848 <_free_r>
    8000172c:	644c                	ld	a1,136(s0)
    8000172e:	c581                	beqz	a1,80001736 <_reclaim_reent+0x8a>
    80001730:	8522                	mv	a0,s0
    80001732:	116000ef          	jal	80001848 <_free_r>
    80001736:	604c                	ld	a1,128(s0)
    80001738:	c581                	beqz	a1,80001740 <_reclaim_reent+0x94>
    8000173a:	8522                	mv	a0,s0
    8000173c:	10c000ef          	jal	80001848 <_free_r>
    80001740:	682c                	ld	a1,80(s0)
    80001742:	c581                	beqz	a1,8000174a <_reclaim_reent+0x9e>
    80001744:	8522                	mv	a0,s0
    80001746:	102000ef          	jal	80001848 <_free_r>
    8000174a:	603c                	ld	a5,64(s0)
    8000174c:	c385                	beqz	a5,8000176c <_reclaim_reent+0xc0>
    8000174e:	8522                	mv	a0,s0
    80001750:	7402                	ld	s0,32(sp)
    80001752:	70a2                	ld	ra,40(sp)
    80001754:	64e2                	ld	s1,24(sp)
    80001756:	6942                	ld	s2,16(sp)
    80001758:	69a2                	ld	s3,8(sp)
    8000175a:	6145                	addi	sp,sp,48
    8000175c:	8782                	jr	a5
    8000175e:	0005b983          	ld	s3,0(a1)
    80001762:	8522                	mv	a0,s0
    80001764:	0e4000ef          	jal	80001848 <_free_r>
    80001768:	85ce                	mv	a1,s3
    8000176a:	bf8d                	j	800016dc <_reclaim_reent+0x30>
    8000176c:	70a2                	ld	ra,40(sp)
    8000176e:	7402                	ld	s0,32(sp)
    80001770:	64e2                	ld	s1,24(sp)
    80001772:	6942                	ld	s2,16(sp)
    80001774:	69a2                	ld	s3,8(sp)
    80001776:	6145                	addi	sp,sp,48
    80001778:	8082                	ret
    8000177a:	8082                	ret

000000008000177c <_lseek_r>:
    8000177c:	1141                	addi	sp,sp,-16
    8000177e:	e022                	sd	s0,0(sp)
    80001780:	842a                	mv	s0,a0
    80001782:	852e                	mv	a0,a1
    80001784:	85b2                	mv	a1,a2
    80001786:	8636                	mv	a2,a3
    80001788:	8801a023          	sw	zero,-1920(gp) # 800032f8 <errno>
    8000178c:	e406                	sd	ra,8(sp)
    8000178e:	248010ef          	jal	800029d6 <_lseek>
    80001792:	57fd                	li	a5,-1
    80001794:	00f51663          	bne	a0,a5,800017a0 <_lseek_r+0x24>
    80001798:	8801a783          	lw	a5,-1920(gp) # 800032f8 <errno>
    8000179c:	c391                	beqz	a5,800017a0 <_lseek_r+0x24>
    8000179e:	c01c                	sw	a5,0(s0)
    800017a0:	60a2                	ld	ra,8(sp)
    800017a2:	6402                	ld	s0,0(sp)
    800017a4:	0141                	addi	sp,sp,16
    800017a6:	8082                	ret

00000000800017a8 <_read_r>:
    800017a8:	1141                	addi	sp,sp,-16
    800017aa:	e022                	sd	s0,0(sp)
    800017ac:	842a                	mv	s0,a0
    800017ae:	852e                	mv	a0,a1
    800017b0:	85b2                	mv	a1,a2
    800017b2:	8636                	mv	a2,a3
    800017b4:	8801a023          	sw	zero,-1920(gp) # 800032f8 <errno>
    800017b8:	e406                	sd	ra,8(sp)
    800017ba:	230010ef          	jal	800029ea <_read>
    800017be:	57fd                	li	a5,-1
    800017c0:	00f51663          	bne	a0,a5,800017cc <_read_r+0x24>
    800017c4:	8801a783          	lw	a5,-1920(gp) # 800032f8 <errno>
    800017c8:	c391                	beqz	a5,800017cc <_read_r+0x24>
    800017ca:	c01c                	sw	a5,0(s0)
    800017cc:	60a2                	ld	ra,8(sp)
    800017ce:	6402                	ld	s0,0(sp)
    800017d0:	0141                	addi	sp,sp,16
    800017d2:	8082                	ret

00000000800017d4 <_sbrk_r>:
    800017d4:	1141                	addi	sp,sp,-16
    800017d6:	e022                	sd	s0,0(sp)
    800017d8:	842a                	mv	s0,a0
    800017da:	852e                	mv	a0,a1
    800017dc:	8801a023          	sw	zero,-1920(gp) # 800032f8 <errno>
    800017e0:	e406                	sd	ra,8(sp)
    800017e2:	21e010ef          	jal	80002a00 <_sbrk>
    800017e6:	57fd                	li	a5,-1
    800017e8:	00f51663          	bne	a0,a5,800017f4 <_sbrk_r+0x20>
    800017ec:	8801a783          	lw	a5,-1920(gp) # 800032f8 <errno>
    800017f0:	c391                	beqz	a5,800017f4 <_sbrk_r+0x20>
    800017f2:	c01c                	sw	a5,0(s0)
    800017f4:	60a2                	ld	ra,8(sp)
    800017f6:	6402                	ld	s0,0(sp)
    800017f8:	0141                	addi	sp,sp,16
    800017fa:	8082                	ret

00000000800017fc <_write_r>:
    800017fc:	1141                	addi	sp,sp,-16
    800017fe:	e022                	sd	s0,0(sp)
    80001800:	842a                	mv	s0,a0
    80001802:	852e                	mv	a0,a1
    80001804:	85b2                	mv	a1,a2
    80001806:	8636                	mv	a2,a3
    80001808:	8801a023          	sw	zero,-1920(gp) # 800032f8 <errno>
    8000180c:	e406                	sd	ra,8(sp)
    8000180e:	22e010ef          	jal	80002a3c <_write>
    80001812:	57fd                	li	a5,-1
    80001814:	00f51663          	bne	a0,a5,80001820 <_write_r+0x24>
    80001818:	8801a783          	lw	a5,-1920(gp) # 800032f8 <errno>
    8000181c:	c391                	beqz	a5,80001820 <_write_r+0x24>
    8000181e:	c01c                	sw	a5,0(s0)
    80001820:	60a2                	ld	ra,8(sp)
    80001822:	6402                	ld	s0,0(sp)
    80001824:	0141                	addi	sp,sp,16
    80001826:	8082                	ret

0000000080001828 <memset>:
    80001828:	832a                	mv	t1,a0
    8000182a:	c611                	beqz	a2,80001836 <memset+0xe>
    8000182c:	00b30023          	sb	a1,0(t1)
    80001830:	167d                	addi	a2,a2,-1
    80001832:	0305                	addi	t1,t1,1
    80001834:	fe65                	bnez	a2,8000182c <memset+0x4>
    80001836:	8082                	ret

0000000080001838 <abort>:
    80001838:	1141                	addi	sp,sp,-16
    8000183a:	4519                	li	a0,6
    8000183c:	e406                	sd	ra,8(sp)
    8000183e:	6b3000ef          	jal	800026f0 <raise>
    80001842:	4505                	li	a0,1
    80001844:	13c010ef          	jal	80002980 <_exit>

0000000080001848 <_free_r>:
    80001848:	c1c5                	beqz	a1,800018e8 <_free_r+0xa0>
    8000184a:	ff85b783          	ld	a5,-8(a1)
    8000184e:	1101                	addi	sp,sp,-32
    80001850:	e822                	sd	s0,16(sp)
    80001852:	ec06                	sd	ra,24(sp)
    80001854:	ff858413          	addi	s0,a1,-8
    80001858:	0007d363          	bgez	a5,8000185e <_free_r+0x16>
    8000185c:	943e                	add	s0,s0,a5
    8000185e:	e42a                	sd	a0,8(sp)
    80001860:	a51ff0ef          	jal	800012b0 <__malloc_lock>
    80001864:	87018713          	addi	a4,gp,-1936 # 800032e8 <__malloc_free_list>
    80001868:	631c                	ld	a5,0(a4)
    8000186a:	6522                	ld	a0,8(sp)
    8000186c:	eb89                	bnez	a5,8000187e <_free_r+0x36>
    8000186e:	00043423          	sd	zero,8(s0)
    80001872:	e300                	sd	s0,0(a4)
    80001874:	6442                	ld	s0,16(sp)
    80001876:	60e2                	ld	ra,24(sp)
    80001878:	6105                	addi	sp,sp,32
    8000187a:	a39ff06f          	j	800012b2 <__malloc_unlock>
    8000187e:	00f47d63          	bgeu	s0,a5,80001898 <_free_r+0x50>
    80001882:	6010                	ld	a2,0(s0)
    80001884:	00c406b3          	add	a3,s0,a2
    80001888:	00d79663          	bne	a5,a3,80001894 <_free_r+0x4c>
    8000188c:	6394                	ld	a3,0(a5)
    8000188e:	679c                	ld	a5,8(a5)
    80001890:	96b2                	add	a3,a3,a2
    80001892:	e014                	sd	a3,0(s0)
    80001894:	e41c                	sd	a5,8(s0)
    80001896:	bff1                	j	80001872 <_free_r+0x2a>
    80001898:	873e                	mv	a4,a5
    8000189a:	679c                	ld	a5,8(a5)
    8000189c:	c399                	beqz	a5,800018a2 <_free_r+0x5a>
    8000189e:	fef47de3          	bgeu	s0,a5,80001898 <_free_r+0x50>
    800018a2:	6314                	ld	a3,0(a4)
    800018a4:	00d70633          	add	a2,a4,a3
    800018a8:	00861f63          	bne	a2,s0,800018c6 <_free_r+0x7e>
    800018ac:	6010                	ld	a2,0(s0)
    800018ae:	96b2                	add	a3,a3,a2
    800018b0:	e314                	sd	a3,0(a4)
    800018b2:	00d70633          	add	a2,a4,a3
    800018b6:	fac79fe3          	bne	a5,a2,80001874 <_free_r+0x2c>
    800018ba:	6390                	ld	a2,0(a5)
    800018bc:	679c                	ld	a5,8(a5)
    800018be:	96b2                	add	a3,a3,a2
    800018c0:	e314                	sd	a3,0(a4)
    800018c2:	e71c                	sd	a5,8(a4)
    800018c4:	bf45                	j	80001874 <_free_r+0x2c>
    800018c6:	00c47563          	bgeu	s0,a2,800018d0 <_free_r+0x88>
    800018ca:	47b1                	li	a5,12
    800018cc:	c11c                	sw	a5,0(a0)
    800018ce:	b75d                	j	80001874 <_free_r+0x2c>
    800018d0:	6010                	ld	a2,0(s0)
    800018d2:	00c406b3          	add	a3,s0,a2
    800018d6:	00d79663          	bne	a5,a3,800018e2 <_free_r+0x9a>
    800018da:	6394                	ld	a3,0(a5)
    800018dc:	679c                	ld	a5,8(a5)
    800018de:	96b2                	add	a3,a3,a2
    800018e0:	e014                	sd	a3,0(s0)
    800018e2:	e41c                	sd	a5,8(s0)
    800018e4:	e700                	sd	s0,8(a4)
    800018e6:	b779                	j	80001874 <_free_r+0x2c>
    800018e8:	8082                	ret

00000000800018ea <__sfputc_r>:
    800018ea:	465c                	lw	a5,12(a2)
    800018ec:	fff7871b          	addiw	a4,a5,-1
    800018f0:	c658                	sw	a4,12(a2)
    800018f2:	00075a63          	bgez	a4,80001906 <__sfputc_r+0x1c>
    800018f6:	561c                	lw	a5,40(a2)
    800018f8:	00f74563          	blt	a4,a5,80001902 <__sfputc_r+0x18>
    800018fc:	47a9                	li	a5,10
    800018fe:	00f59463          	bne	a1,a5,80001906 <__sfputc_r+0x1c>
    80001902:	3290006f          	j	8000242a <__swbuf_r>
    80001906:	621c                	ld	a5,0(a2)
    80001908:	852e                	mv	a0,a1
    8000190a:	00178713          	addi	a4,a5,1
    8000190e:	e218                	sd	a4,0(a2)
    80001910:	00b78023          	sb	a1,0(a5)
    80001914:	8082                	ret

0000000080001916 <__sfputs_r>:
    80001916:	7179                	addi	sp,sp,-48
    80001918:	f022                	sd	s0,32(sp)
    8000191a:	ec26                	sd	s1,24(sp)
    8000191c:	e84a                	sd	s2,16(sp)
    8000191e:	e44e                	sd	s3,8(sp)
    80001920:	e052                	sd	s4,0(sp)
    80001922:	f406                	sd	ra,40(sp)
    80001924:	892a                	mv	s2,a0
    80001926:	89ae                	mv	s3,a1
    80001928:	8432                	mv	s0,a2
    8000192a:	00d604b3          	add	s1,a2,a3
    8000192e:	5a7d                	li	s4,-1
    80001930:	00941463          	bne	s0,s1,80001938 <__sfputs_r+0x22>
    80001934:	4501                	li	a0,0
    80001936:	a811                	j	8000194a <__sfputs_r+0x34>
    80001938:	00044583          	lbu	a1,0(s0)
    8000193c:	864e                	mv	a2,s3
    8000193e:	854a                	mv	a0,s2
    80001940:	fabff0ef          	jal	800018ea <__sfputc_r>
    80001944:	0405                	addi	s0,s0,1
    80001946:	ff4515e3          	bne	a0,s4,80001930 <__sfputs_r+0x1a>
    8000194a:	70a2                	ld	ra,40(sp)
    8000194c:	7402                	ld	s0,32(sp)
    8000194e:	64e2                	ld	s1,24(sp)
    80001950:	6942                	ld	s2,16(sp)
    80001952:	69a2                	ld	s3,8(sp)
    80001954:	6a02                	ld	s4,0(sp)
    80001956:	6145                	addi	sp,sp,48
    80001958:	8082                	ret

000000008000195a <__sprint_r>:
    8000195a:	6a1c                	ld	a5,16(a2)
    8000195c:	1141                	addi	sp,sp,-16
    8000195e:	e022                	sd	s0,0(sp)
    80001960:	e406                	sd	ra,8(sp)
    80001962:	8432                	mv	s0,a2
    80001964:	cb99                	beqz	a5,8000197a <__sprint_r+0x20>
    80001966:	7ee000ef          	jal	80002154 <__sfvwrite_r>
    8000196a:	00043823          	sd	zero,16(s0)
    8000196e:	60a2                	ld	ra,8(sp)
    80001970:	00042423          	sw	zero,8(s0)
    80001974:	6402                	ld	s0,0(sp)
    80001976:	0141                	addi	sp,sp,16
    80001978:	8082                	ret
    8000197a:	4501                	li	a0,0
    8000197c:	bfcd                	j	8000196e <__sprint_r+0x14>

000000008000197e <_vfiprintf_r>:
    8000197e:	7155                	addi	sp,sp,-208
    80001980:	e1a2                	sd	s0,192(sp)
    80001982:	fd26                	sd	s1,184(sp)
    80001984:	f94a                	sd	s2,176(sp)
    80001986:	f54e                	sd	s3,168(sp)
    80001988:	f152                	sd	s4,160(sp)
    8000198a:	e586                	sd	ra,200(sp)
    8000198c:	ed56                	sd	s5,152(sp)
    8000198e:	e95a                	sd	s6,144(sp)
    80001990:	e55e                	sd	s7,136(sp)
    80001992:	e162                	sd	s8,128(sp)
    80001994:	fce6                	sd	s9,120(sp)
    80001996:	f8ea                	sd	s10,112(sp)
    80001998:	8a2a                	mv	s4,a0
    8000199a:	892e                	mv	s2,a1
    8000199c:	84b2                	mv	s1,a2
    8000199e:	8436                	mv	s0,a3
    800019a0:	4981                	li	s3,0
    800019a2:	c509                	beqz	a0,800019ac <_vfiprintf_r+0x2e>
    800019a4:	613c                	ld	a5,64(a0)
    800019a6:	e399                	bnez	a5,800019ac <_vfiprintf_r+0x2e>
    800019a8:	ad5ff0ef          	jal	8000147c <__sinit>
    800019ac:	01095783          	lhu	a5,16(s2)
    800019b0:	8ba1                	andi	a5,a5,8
    800019b2:	cbe1                	beqz	a5,80001a82 <_vfiprintf_r+0x104>
    800019b4:	01893783          	ld	a5,24(s2)
    800019b8:	c7e9                	beqz	a5,80001a82 <_vfiprintf_r+0x104>
    800019ba:	02000793          	li	a5,32
    800019be:	02f104a3          	sb	a5,41(sp)
    800019c2:	5afd                	li	s5,-1
    800019c4:	03000793          	li	a5,48
    800019c8:	d202                	sw	zero,36(sp)
    800019ca:	02f10523          	sb	a5,42(sp)
    800019ce:	e422                	sd	s0,8(sp)
    800019d0:	02500b93          	li	s7,37
    800019d4:	020a9c13          	slli	s8,s5,0x20
    800019d8:	00001b17          	auipc	s6,0x1
    800019dc:	438b0b13          	addi	s6,s6,1080 # 80002e10 <__tbss_end+0x16c>
    800019e0:	4c85                	li	s9,1
    800019e2:	8426                	mv	s0,s1
    800019e4:	00044783          	lbu	a5,0(s0)
    800019e8:	c399                	beqz	a5,800019ee <_vfiprintf_r+0x70>
    800019ea:	0d779063          	bne	a5,s7,80001aaa <_vfiprintf_r+0x12c>
    800019ee:	40940d3b          	subw	s10,s0,s1
    800019f2:	000d0e63          	beqz	s10,80001a0e <_vfiprintf_r+0x90>
    800019f6:	86ea                	mv	a3,s10
    800019f8:	8626                	mv	a2,s1
    800019fa:	85ca                	mv	a1,s2
    800019fc:	8552                	mv	a0,s4
    800019fe:	f19ff0ef          	jal	80001916 <__sfputs_r>
    80001a02:	1d550963          	beq	a0,s5,80001bd4 <_vfiprintf_r+0x256>
    80001a06:	5792                	lw	a5,36(sp)
    80001a08:	01a787bb          	addw	a5,a5,s10
    80001a0c:	d23e                	sw	a5,36(sp)
    80001a0e:	00044783          	lbu	a5,0(s0)
    80001a12:	1c078163          	beqz	a5,80001bd4 <_vfiprintf_r+0x256>
    80001a16:	00140493          	addi	s1,s0,1
    80001a1a:	e862                	sd	s8,16(sp)
    80001a1c:	ec02                	sd	zero,24(sp)
    80001a1e:	040109a3          	sb	zero,83(sp)
    80001a22:	d482                	sw	zero,104(sp)
    80001a24:	0004c583          	lbu	a1,0(s1)
    80001a28:	4615                	li	a2,5
    80001a2a:	855a                	mv	a0,s6
    80001a2c:	377000ef          	jal	800025a2 <memchr>
    80001a30:	47c2                	lw	a5,16(sp)
    80001a32:	00148413          	addi	s0,s1,1
    80001a36:	ed25                	bnez	a0,80001aae <_vfiprintf_r+0x130>
    80001a38:	0107f713          	andi	a4,a5,16
    80001a3c:	c709                	beqz	a4,80001a46 <_vfiprintf_r+0xc8>
    80001a3e:	02000713          	li	a4,32
    80001a42:	04e109a3          	sb	a4,83(sp)
    80001a46:	0087f713          	andi	a4,a5,8
    80001a4a:	c709                	beqz	a4,80001a54 <_vfiprintf_r+0xd6>
    80001a4c:	02b00713          	li	a4,43
    80001a50:	04e109a3          	sb	a4,83(sp)
    80001a54:	0004c683          	lbu	a3,0(s1)
    80001a58:	02a00713          	li	a4,42
    80001a5c:	06e68163          	beq	a3,a4,80001abe <_vfiprintf_r+0x140>
    80001a60:	47f2                	lw	a5,28(sp)
    80001a62:	8426                	mv	s0,s1
    80001a64:	4681                	li	a3,0
    80001a66:	4625                	li	a2,9
    80001a68:	4829                	li	a6,10
    80001a6a:	00044703          	lbu	a4,0(s0)
    80001a6e:	00140513          	addi	a0,s0,1
    80001a72:	fd07059b          	addiw	a1,a4,-48 # fd0 <__stack_align+0xfc0>
    80001a76:	872e                	mv	a4,a1
    80001a78:	08b67a63          	bgeu	a2,a1,80001b0c <_vfiprintf_r+0x18e>
    80001a7c:	caa9                	beqz	a3,80001ace <_vfiprintf_r+0x150>
    80001a7e:	ce3e                	sw	a5,28(sp)
    80001a80:	a0b9                	j	80001ace <_vfiprintf_r+0x150>
    80001a82:	85ca                	mv	a1,s2
    80001a84:	8552                	mv	a0,s4
    80001a86:	24f000ef          	jal	800024d4 <__swsetup_r>
    80001a8a:	d905                	beqz	a0,800019ba <_vfiprintf_r+0x3c>
    80001a8c:	557d                	li	a0,-1
    80001a8e:	60ae                	ld	ra,200(sp)
    80001a90:	640e                	ld	s0,192(sp)
    80001a92:	74ea                	ld	s1,184(sp)
    80001a94:	794a                	ld	s2,176(sp)
    80001a96:	79aa                	ld	s3,168(sp)
    80001a98:	7a0a                	ld	s4,160(sp)
    80001a9a:	6aea                	ld	s5,152(sp)
    80001a9c:	6b4a                	ld	s6,144(sp)
    80001a9e:	6baa                	ld	s7,136(sp)
    80001aa0:	6c0a                	ld	s8,128(sp)
    80001aa2:	7ce6                	ld	s9,120(sp)
    80001aa4:	7d46                	ld	s10,112(sp)
    80001aa6:	6169                	addi	sp,sp,208
    80001aa8:	8082                	ret
    80001aaa:	0405                	addi	s0,s0,1
    80001aac:	bf25                	j	800019e4 <_vfiprintf_r+0x66>
    80001aae:	41650533          	sub	a0,a0,s6
    80001ab2:	00ac953b          	sllw	a0,s9,a0
    80001ab6:	8fc9                	or	a5,a5,a0
    80001ab8:	c83e                	sw	a5,16(sp)
    80001aba:	84a2                	mv	s1,s0
    80001abc:	b7a5                	j	80001a24 <_vfiprintf_r+0xa6>
    80001abe:	6722                	ld	a4,8(sp)
    80001ac0:	00870693          	addi	a3,a4,8
    80001ac4:	4318                	lw	a4,0(a4)
    80001ac6:	e436                	sd	a3,8(sp)
    80001ac8:	02074b63          	bltz	a4,80001afe <_vfiprintf_r+0x180>
    80001acc:	ce3a                	sw	a4,28(sp)
    80001ace:	00044703          	lbu	a4,0(s0)
    80001ad2:	02e00793          	li	a5,46
    80001ad6:	06f71163          	bne	a4,a5,80001b38 <_vfiprintf_r+0x1ba>
    80001ada:	00144703          	lbu	a4,1(s0)
    80001ade:	02a00793          	li	a5,42
    80001ae2:	02f71b63          	bne	a4,a5,80001b18 <_vfiprintf_r+0x19a>
    80001ae6:	67a2                	ld	a5,8(sp)
    80001ae8:	0409                	addi	s0,s0,2
    80001aea:	00878713          	addi	a4,a5,8
    80001aee:	e43a                	sd	a4,8(sp)
    80001af0:	4398                	lw	a4,0(a5)
    80001af2:	87ba                	mv	a5,a4
    80001af4:	00075363          	bgez	a4,80001afa <_vfiprintf_r+0x17c>
    80001af8:	57fd                	li	a5,-1
    80001afa:	ca3e                	sw	a5,20(sp)
    80001afc:	a835                	j	80001b38 <_vfiprintf_r+0x1ba>
    80001afe:	40e0073b          	negw	a4,a4
    80001b02:	0027e793          	ori	a5,a5,2
    80001b06:	ce3a                	sw	a4,28(sp)
    80001b08:	c83e                	sw	a5,16(sp)
    80001b0a:	b7d1                	j	80001ace <_vfiprintf_r+0x150>
    80001b0c:	02f807bb          	mulw	a5,a6,a5
    80001b10:	842a                	mv	s0,a0
    80001b12:	4685                	li	a3,1
    80001b14:	9fb9                	addw	a5,a5,a4
    80001b16:	bf91                	j	80001a6a <_vfiprintf_r+0xec>
    80001b18:	0405                	addi	s0,s0,1
    80001b1a:	ca02                	sw	zero,20(sp)
    80001b1c:	4681                	li	a3,0
    80001b1e:	4781                	li	a5,0
    80001b20:	4625                	li	a2,9
    80001b22:	4829                	li	a6,10
    80001b24:	00044703          	lbu	a4,0(s0)
    80001b28:	00140513          	addi	a0,s0,1
    80001b2c:	fd07059b          	addiw	a1,a4,-48
    80001b30:	872e                	mv	a4,a1
    80001b32:	06b67c63          	bgeu	a2,a1,80001baa <_vfiprintf_r+0x22c>
    80001b36:	f2f1                	bnez	a3,80001afa <_vfiprintf_r+0x17c>
    80001b38:	00044583          	lbu	a1,0(s0)
    80001b3c:	460d                	li	a2,3
    80001b3e:	00001517          	auipc	a0,0x1
    80001b42:	2da50513          	addi	a0,a0,730 # 80002e18 <__tbss_end+0x174>
    80001b46:	25d000ef          	jal	800025a2 <memchr>
    80001b4a:	cd11                	beqz	a0,80001b66 <_vfiprintf_r+0x1e8>
    80001b4c:	00001797          	auipc	a5,0x1
    80001b50:	2cc78793          	addi	a5,a5,716 # 80002e18 <__tbss_end+0x174>
    80001b54:	8d1d                	sub	a0,a0,a5
    80001b56:	47c2                	lw	a5,16(sp)
    80001b58:	04000713          	li	a4,64
    80001b5c:	00a7173b          	sllw	a4,a4,a0
    80001b60:	8fd9                	or	a5,a5,a4
    80001b62:	0405                	addi	s0,s0,1
    80001b64:	c83e                	sw	a5,16(sp)
    80001b66:	00044583          	lbu	a1,0(s0)
    80001b6a:	4619                	li	a2,6
    80001b6c:	00001517          	auipc	a0,0x1
    80001b70:	2b450513          	addi	a0,a0,692 # 80002e20 <__tbss_end+0x17c>
    80001b74:	00140493          	addi	s1,s0,1
    80001b78:	02b10423          	sb	a1,40(sp)
    80001b7c:	227000ef          	jal	800025a2 <memchr>
    80001b80:	c135                	beqz	a0,80001be4 <_vfiprintf_r+0x266>
    80001b82:	00000793          	li	a5,0
    80001b86:	eb85                	bnez	a5,80001bb6 <_vfiprintf_r+0x238>
    80001b88:	4742                	lw	a4,16(sp)
    80001b8a:	67a2                	ld	a5,8(sp)
    80001b8c:	10077713          	andi	a4,a4,256
    80001b90:	00878693          	addi	a3,a5,8
    80001b94:	c709                	beqz	a4,80001b9e <_vfiprintf_r+0x220>
    80001b96:	07bd                	addi	a5,a5,15
    80001b98:	9bc1                	andi	a5,a5,-16
    80001b9a:	01078693          	addi	a3,a5,16
    80001b9e:	e436                	sd	a3,8(sp)
    80001ba0:	5792                	lw	a5,36(sp)
    80001ba2:	013787bb          	addw	a5,a5,s3
    80001ba6:	d23e                	sw	a5,36(sp)
    80001ba8:	bd2d                	j	800019e2 <_vfiprintf_r+0x64>
    80001baa:	02f807bb          	mulw	a5,a6,a5
    80001bae:	842a                	mv	s0,a0
    80001bb0:	4685                	li	a3,1
    80001bb2:	9fb9                	addw	a5,a5,a4
    80001bb4:	bf85                	j	80001b24 <_vfiprintf_r+0x1a6>
    80001bb6:	0038                	addi	a4,sp,8
    80001bb8:	00000697          	auipc	a3,0x0
    80001bbc:	d5e68693          	addi	a3,a3,-674 # 80001916 <__sfputs_r>
    80001bc0:	864a                	mv	a2,s2
    80001bc2:	080c                	addi	a1,sp,16
    80001bc4:	8552                	mv	a0,s4
    80001bc6:	00000097          	auipc	ra,0x0
    80001bca:	000000e7          	jalr	zero # 0 <__boot_hart>
    80001bce:	89aa                	mv	s3,a0
    80001bd0:	fd5518e3          	bne	a0,s5,80001ba0 <_vfiprintf_r+0x222>
    80001bd4:	01095783          	lhu	a5,16(s2)
    80001bd8:	0407f793          	andi	a5,a5,64
    80001bdc:	ea0798e3          	bnez	a5,80001a8c <_vfiprintf_r+0x10e>
    80001be0:	5512                	lw	a0,36(sp)
    80001be2:	b575                	j	80001a8e <_vfiprintf_r+0x110>
    80001be4:	0038                	addi	a4,sp,8
    80001be6:	00000697          	auipc	a3,0x0
    80001bea:	d3068693          	addi	a3,a3,-720 # 80001916 <__sfputs_r>
    80001bee:	864a                	mv	a2,s2
    80001bf0:	080c                	addi	a1,sp,16
    80001bf2:	8552                	mv	a0,s4
    80001bf4:	134000ef          	jal	80001d28 <_printf_i>
    80001bf8:	bfd9                	j	80001bce <_vfiprintf_r+0x250>

0000000080001bfa <vfiprintf>:
    80001bfa:	86b2                	mv	a3,a2
    80001bfc:	862e                	mv	a2,a1
    80001bfe:	85aa                	mv	a1,a0
    80001c00:	00001517          	auipc	a0,0x1
    80001c04:	67853503          	ld	a0,1656(a0) # 80003278 <_impure_ptr>
    80001c08:	bb9d                	j	8000197e <_vfiprintf_r>

0000000080001c0a <_printf_common>:
    80001c0a:	715d                	addi	sp,sp,-80
    80001c0c:	f052                	sd	s4,32(sp)
    80001c0e:	ec56                	sd	s5,24(sp)
    80001c10:	8a36                	mv	s4,a3
    80001c12:	8aba                	mv	s5,a4
    80001c14:	4994                	lw	a3,16(a1)
    80001c16:	4598                	lw	a4,8(a1)
    80001c18:	e0a2                	sd	s0,64(sp)
    80001c1a:	f84a                	sd	s2,48(sp)
    80001c1c:	f44e                	sd	s3,40(sp)
    80001c1e:	e486                	sd	ra,72(sp)
    80001c20:	fc26                	sd	s1,56(sp)
    80001c22:	e85a                	sd	s6,16(sp)
    80001c24:	e45e                	sd	s7,8(sp)
    80001c26:	89aa                	mv	s3,a0
    80001c28:	842e                	mv	s0,a1
    80001c2a:	8932                	mv	s2,a2
    80001c2c:	87ba                	mv	a5,a4
    80001c2e:	00e6c363          	blt	a3,a4,80001c34 <_printf_common+0x2a>
    80001c32:	87b6                	mv	a5,a3
    80001c34:	00f92023          	sw	a5,0(s2)
    80001c38:	04344703          	lbu	a4,67(s0)
    80001c3c:	c701                	beqz	a4,80001c44 <_printf_common+0x3a>
    80001c3e:	2785                	addiw	a5,a5,1
    80001c40:	00f92023          	sw	a5,0(s2)
    80001c44:	401c                	lw	a5,0(s0)
    80001c46:	0207f793          	andi	a5,a5,32
    80001c4a:	c791                	beqz	a5,80001c56 <_printf_common+0x4c>
    80001c4c:	00092783          	lw	a5,0(s2)
    80001c50:	2789                	addiw	a5,a5,2
    80001c52:	00f92023          	sw	a5,0(s2)
    80001c56:	4004                	lw	s1,0(s0)
    80001c58:	8899                	andi	s1,s1,6
    80001c5a:	e891                	bnez	s1,80001c6e <_printf_common+0x64>
    80001c5c:	01940b13          	addi	s6,s0,25
    80001c60:	5bfd                	li	s7,-1
    80001c62:	445c                	lw	a5,12(s0)
    80001c64:	00092703          	lw	a4,0(s2)
    80001c68:	9f99                	subw	a5,a5,a4
    80001c6a:	06f4c063          	blt	s1,a5,80001cca <_printf_common+0xc0>
    80001c6e:	04344783          	lbu	a5,67(s0)
    80001c72:	00f03633          	snez	a2,a5
    80001c76:	00f036b3          	snez	a3,a5
    80001c7a:	401c                	lw	a5,0(s0)
    80001c7c:	0207f793          	andi	a5,a5,32
    80001c80:	ebb5                	bnez	a5,80001cf4 <_printf_common+0xea>
    80001c82:	04340613          	addi	a2,s0,67
    80001c86:	85d2                	mv	a1,s4
    80001c88:	854e                	mv	a0,s3
    80001c8a:	9a82                	jalr	s5
    80001c8c:	57fd                	li	a5,-1
    80001c8e:	04f50563          	beq	a0,a5,80001cd8 <_printf_common+0xce>
    80001c92:	401c                	lw	a5,0(s0)
    80001c94:	4711                	li	a4,4
    80001c96:	4481                	li	s1,0
    80001c98:	8b99                	andi	a5,a5,6
    80001c9a:	00e79b63          	bne	a5,a4,80001cb0 <_printf_common+0xa6>
    80001c9e:	00092783          	lw	a5,0(s2)
    80001ca2:	4444                	lw	s1,12(s0)
    80001ca4:	9c9d                	subw	s1,s1,a5
    80001ca6:	02049793          	slli	a5,s1,0x20
    80001caa:	0007d363          	bgez	a5,80001cb0 <_printf_common+0xa6>
    80001cae:	4481                	li	s1,0
    80001cb0:	441c                	lw	a5,8(s0)
    80001cb2:	4818                	lw	a4,16(s0)
    80001cb4:	00f75463          	bge	a4,a5,80001cbc <_printf_common+0xb2>
    80001cb8:	9f99                	subw	a5,a5,a4
    80001cba:	9cbd                	addw	s1,s1,a5
    80001cbc:	4901                	li	s2,0
    80001cbe:	0469                	addi	s0,s0,26
    80001cc0:	5b7d                	li	s6,-1
    80001cc2:	05249a63          	bne	s1,s2,80001d16 <_printf_common+0x10c>
    80001cc6:	4501                	li	a0,0
    80001cc8:	a809                	j	80001cda <_printf_common+0xd0>
    80001cca:	4685                	li	a3,1
    80001ccc:	865a                	mv	a2,s6
    80001cce:	85d2                	mv	a1,s4
    80001cd0:	854e                	mv	a0,s3
    80001cd2:	9a82                	jalr	s5
    80001cd4:	01751e63          	bne	a0,s7,80001cf0 <_printf_common+0xe6>
    80001cd8:	557d                	li	a0,-1
    80001cda:	60a6                	ld	ra,72(sp)
    80001cdc:	6406                	ld	s0,64(sp)
    80001cde:	74e2                	ld	s1,56(sp)
    80001ce0:	7942                	ld	s2,48(sp)
    80001ce2:	79a2                	ld	s3,40(sp)
    80001ce4:	7a02                	ld	s4,32(sp)
    80001ce6:	6ae2                	ld	s5,24(sp)
    80001ce8:	6b42                	ld	s6,16(sp)
    80001cea:	6ba2                	ld	s7,8(sp)
    80001cec:	6161                	addi	sp,sp,80
    80001cee:	8082                	ret
    80001cf0:	2485                	addiw	s1,s1,1
    80001cf2:	bf85                	j	80001c62 <_printf_common+0x58>
    80001cf4:	00d407b3          	add	a5,s0,a3
    80001cf8:	03000693          	li	a3,48
    80001cfc:	04d781a3          	sb	a3,67(a5)
    80001d00:	0016071b          	addiw	a4,a2,1
    80001d04:	0026069b          	addiw	a3,a2,2
    80001d08:	04544603          	lbu	a2,69(s0)
    80001d0c:	00e407b3          	add	a5,s0,a4
    80001d10:	04c781a3          	sb	a2,67(a5)
    80001d14:	b7bd                	j	80001c82 <_printf_common+0x78>
    80001d16:	4685                	li	a3,1
    80001d18:	8622                	mv	a2,s0
    80001d1a:	85d2                	mv	a1,s4
    80001d1c:	854e                	mv	a0,s3
    80001d1e:	9a82                	jalr	s5
    80001d20:	fb650ce3          	beq	a0,s6,80001cd8 <_printf_common+0xce>
    80001d24:	2905                	addiw	s2,s2,1
    80001d26:	bf71                	j	80001cc2 <_printf_common+0xb8>

0000000080001d28 <_printf_i>:
    80001d28:	715d                	addi	sp,sp,-80
    80001d2a:	e0a2                	sd	s0,64(sp)
    80001d2c:	f84a                	sd	s2,48(sp)
    80001d2e:	f44e                	sd	s3,40(sp)
    80001d30:	f052                	sd	s4,32(sp)
    80001d32:	e486                	sd	ra,72(sp)
    80001d34:	fc26                	sd	s1,56(sp)
    80001d36:	ec56                	sd	s5,24(sp)
    80001d38:	e85a                	sd	s6,16(sp)
    80001d3a:	0185c803          	lbu	a6,24(a1)
    80001d3e:	07800793          	li	a5,120
    80001d42:	892a                	mv	s2,a0
    80001d44:	842e                	mv	s0,a1
    80001d46:	89b2                	mv	s3,a2
    80001d48:	8a36                	mv	s4,a3
    80001d4a:	0307e263          	bltu	a5,a6,80001d6e <_printf_i+0x46>
    80001d4e:	06200793          	li	a5,98
    80001d52:	04358693          	addi	a3,a1,67
    80001d56:	0307e163          	bltu	a5,a6,80001d78 <_printf_i+0x50>
    80001d5a:	1c080663          	beqz	a6,80001f26 <_printf_i+0x1fe>
    80001d5e:	05800793          	li	a5,88
    80001d62:	00001617          	auipc	a2,0x1
    80001d66:	0c660613          	addi	a2,a2,198 # 80002e28 <__tbss_end+0x184>
    80001d6a:	14f80a63          	beq	a6,a5,80001ebe <_printf_i+0x196>
    80001d6e:	04240493          	addi	s1,s0,66
    80001d72:	05040123          	sb	a6,66(s0)
    80001d76:	a815                	j	80001daa <_printf_i+0x82>
    80001d78:	f9d8079b          	addiw	a5,a6,-99
    80001d7c:	0ff7f793          	zext.b	a5,a5
    80001d80:	4655                	li	a2,21
    80001d82:	fef666e3          	bltu	a2,a5,80001d6e <_printf_i+0x46>
    80001d86:	00001617          	auipc	a2,0x1
    80001d8a:	22260613          	addi	a2,a2,546 # 80002fa8 <expected.0+0x140>
    80001d8e:	078a                	slli	a5,a5,0x2
    80001d90:	97b2                	add	a5,a5,a2
    80001d92:	439c                	lw	a5,0(a5)
    80001d94:	97b2                	add	a5,a5,a2
    80001d96:	8782                	jr	a5
    80001d98:	631c                	ld	a5,0(a4)
    80001d9a:	04258493          	addi	s1,a1,66
    80001d9e:	00878693          	addi	a3,a5,8
    80001da2:	439c                	lw	a5,0(a5)
    80001da4:	e314                	sd	a3,0(a4)
    80001da6:	04f58123          	sb	a5,66(a1)
    80001daa:	4785                	li	a5,1
    80001dac:	aa4d                	j	80001f5e <_printf_i+0x236>
    80001dae:	419c                	lw	a5,0(a1)
    80001db0:	6308                	ld	a0,0(a4)
    80001db2:	0807f613          	andi	a2,a5,128
    80001db6:	00850593          	addi	a1,a0,8
    80001dba:	c20d                	beqz	a2,80001ddc <_printf_i+0xb4>
    80001dbc:	611c                	ld	a5,0(a0)
    80001dbe:	e30c                	sd	a1,0(a4)
    80001dc0:	0007d863          	bgez	a5,80001dd0 <_printf_i+0xa8>
    80001dc4:	02d00713          	li	a4,45
    80001dc8:	40f007b3          	neg	a5,a5
    80001dcc:	04e401a3          	sb	a4,67(s0)
    80001dd0:	00001617          	auipc	a2,0x1
    80001dd4:	05860613          	addi	a2,a2,88 # 80002e28 <__tbss_end+0x184>
    80001dd8:	4829                	li	a6,10
    80001dda:	a83d                	j	80001e18 <_printf_i+0xf0>
    80001ddc:	0407f613          	andi	a2,a5,64
    80001de0:	411c                	lw	a5,0(a0)
    80001de2:	e30c                	sd	a1,0(a4)
    80001de4:	de71                	beqz	a2,80001dc0 <_printf_i+0x98>
    80001de6:	0107979b          	slliw	a5,a5,0x10
    80001dea:	4107d79b          	sraiw	a5,a5,0x10
    80001dee:	bfc9                	j	80001dc0 <_printf_i+0x98>
    80001df0:	4190                	lw	a2,0(a1)
    80001df2:	631c                	ld	a5,0(a4)
    80001df4:	08067513          	andi	a0,a2,128
    80001df8:	00878593          	addi	a1,a5,8
    80001dfc:	cd41                	beqz	a0,80001e94 <_printf_i+0x16c>
    80001dfe:	639c                	ld	a5,0(a5)
    80001e00:	e30c                	sd	a1,0(a4)
    80001e02:	06f00713          	li	a4,111
    80001e06:	00001617          	auipc	a2,0x1
    80001e0a:	02260613          	addi	a2,a2,34 # 80002e28 <__tbss_end+0x184>
    80001e0e:	0ee81e63          	bne	a6,a4,80001f0a <_printf_i+0x1e2>
    80001e12:	4821                	li	a6,8
    80001e14:	040401a3          	sb	zero,67(s0)
    80001e18:	4058                	lw	a4,4(s0)
    80001e1a:	c418                	sw	a4,8(s0)
    80001e1c:	00074563          	bltz	a4,80001e26 <_printf_i+0xfe>
    80001e20:	400c                	lw	a1,0(s0)
    80001e22:	99ed                	andi	a1,a1,-5
    80001e24:	c00c                	sw	a1,0(s0)
    80001e26:	e399                	bnez	a5,80001e2c <_printf_i+0x104>
    80001e28:	84b6                	mv	s1,a3
    80001e2a:	cf19                	beqz	a4,80001e48 <_printf_i+0x120>
    80001e2c:	84b6                	mv	s1,a3
    80001e2e:	0307f733          	remu	a4,a5,a6
    80001e32:	14fd                	addi	s1,s1,-1
    80001e34:	9732                	add	a4,a4,a2
    80001e36:	00074703          	lbu	a4,0(a4)
    80001e3a:	00e48023          	sb	a4,0(s1)
    80001e3e:	873e                	mv	a4,a5
    80001e40:	0307d7b3          	divu	a5,a5,a6
    80001e44:	ff0775e3          	bgeu	a4,a6,80001e2e <_printf_i+0x106>
    80001e48:	47a1                	li	a5,8
    80001e4a:	00f81e63          	bne	a6,a5,80001e66 <_printf_i+0x13e>
    80001e4e:	401c                	lw	a5,0(s0)
    80001e50:	8b85                	andi	a5,a5,1
    80001e52:	cb91                	beqz	a5,80001e66 <_printf_i+0x13e>
    80001e54:	4058                	lw	a4,4(s0)
    80001e56:	481c                	lw	a5,16(s0)
    80001e58:	00e7c763          	blt	a5,a4,80001e66 <_printf_i+0x13e>
    80001e5c:	03000793          	li	a5,48
    80001e60:	fef48fa3          	sb	a5,-1(s1)
    80001e64:	14fd                	addi	s1,s1,-1
    80001e66:	8e85                	sub	a3,a3,s1
    80001e68:	c814                	sw	a3,16(s0)
    80001e6a:	8752                	mv	a4,s4
    80001e6c:	86ce                	mv	a3,s3
    80001e6e:	0070                	addi	a2,sp,12
    80001e70:	85a2                	mv	a1,s0
    80001e72:	854a                	mv	a0,s2
    80001e74:	d97ff0ef          	jal	80001c0a <_printf_common>
    80001e78:	5afd                	li	s5,-1
    80001e7a:	0f551663          	bne	a0,s5,80001f66 <_printf_i+0x23e>
    80001e7e:	557d                	li	a0,-1
    80001e80:	60a6                	ld	ra,72(sp)
    80001e82:	6406                	ld	s0,64(sp)
    80001e84:	74e2                	ld	s1,56(sp)
    80001e86:	7942                	ld	s2,48(sp)
    80001e88:	79a2                	ld	s3,40(sp)
    80001e8a:	7a02                	ld	s4,32(sp)
    80001e8c:	6ae2                	ld	s5,24(sp)
    80001e8e:	6b42                	ld	s6,16(sp)
    80001e90:	6161                	addi	sp,sp,80
    80001e92:	8082                	ret
    80001e94:	439c                	lw	a5,0(a5)
    80001e96:	04067613          	andi	a2,a2,64
    80001e9a:	e30c                	sd	a1,0(a4)
    80001e9c:	c601                	beqz	a2,80001ea4 <_printf_i+0x17c>
    80001e9e:	17c2                	slli	a5,a5,0x30
    80001ea0:	93c1                	srli	a5,a5,0x30
    80001ea2:	b785                	j	80001e02 <_printf_i+0xda>
    80001ea4:	1782                	slli	a5,a5,0x20
    80001ea6:	9381                	srli	a5,a5,0x20
    80001ea8:	bfa9                	j	80001e02 <_printf_i+0xda>
    80001eaa:	419c                	lw	a5,0(a1)
    80001eac:	0a07e793          	ori	a5,a5,160
    80001eb0:	c19c                	sw	a5,0(a1)
    80001eb2:	07800813          	li	a6,120
    80001eb6:	00001617          	auipc	a2,0x1
    80001eba:	f8a60613          	addi	a2,a2,-118 # 80002e40 <__tbss_end+0x19c>
    80001ebe:	050402a3          	sb	a6,69(s0)
    80001ec2:	400c                	lw	a1,0(s0)
    80001ec4:	631c                	ld	a5,0(a4)
    80001ec6:	0805f813          	andi	a6,a1,128
    80001eca:	00878513          	addi	a0,a5,8
    80001ece:	00080d63          	beqz	a6,80001ee8 <_printf_i+0x1c0>
    80001ed2:	639c                	ld	a5,0(a5)
    80001ed4:	e308                	sd	a0,0(a4)
    80001ed6:	0015f713          	andi	a4,a1,1
    80001eda:	c701                	beqz	a4,80001ee2 <_printf_i+0x1ba>
    80001edc:	0205e593          	ori	a1,a1,32
    80001ee0:	c00c                	sw	a1,0(s0)
    80001ee2:	cf99                	beqz	a5,80001f00 <_printf_i+0x1d8>
    80001ee4:	4841                	li	a6,16
    80001ee6:	b73d                	j	80001e14 <_printf_i+0xec>
    80001ee8:	439c                	lw	a5,0(a5)
    80001eea:	0405f813          	andi	a6,a1,64
    80001eee:	e308                	sd	a0,0(a4)
    80001ef0:	00080563          	beqz	a6,80001efa <_printf_i+0x1d2>
    80001ef4:	17c2                	slli	a5,a5,0x30
    80001ef6:	93c1                	srli	a5,a5,0x30
    80001ef8:	bff9                	j	80001ed6 <_printf_i+0x1ae>
    80001efa:	1782                	slli	a5,a5,0x20
    80001efc:	9381                	srli	a5,a5,0x20
    80001efe:	bfe1                	j	80001ed6 <_printf_i+0x1ae>
    80001f00:	4018                	lw	a4,0(s0)
    80001f02:	fdf77713          	andi	a4,a4,-33
    80001f06:	c018                	sw	a4,0(s0)
    80001f08:	bff1                	j	80001ee4 <_printf_i+0x1bc>
    80001f0a:	4829                	li	a6,10
    80001f0c:	b721                	j	80001e14 <_printf_i+0xec>
    80001f0e:	4190                	lw	a2,0(a1)
    80001f10:	631c                	ld	a5,0(a4)
    80001f12:	49cc                	lw	a1,20(a1)
    80001f14:	08067813          	andi	a6,a2,128
    80001f18:	00878513          	addi	a0,a5,8
    80001f1c:	00080963          	beqz	a6,80001f2e <_printf_i+0x206>
    80001f20:	e308                	sd	a0,0(a4)
    80001f22:	639c                	ld	a5,0(a5)
    80001f24:	e38c                	sd	a1,0(a5)
    80001f26:	00042823          	sw	zero,16(s0)
    80001f2a:	84b6                	mv	s1,a3
    80001f2c:	bf3d                	j	80001e6a <_printf_i+0x142>
    80001f2e:	e308                	sd	a0,0(a4)
    80001f30:	04067613          	andi	a2,a2,64
    80001f34:	639c                	ld	a5,0(a5)
    80001f36:	c601                	beqz	a2,80001f3e <_printf_i+0x216>
    80001f38:	00b79023          	sh	a1,0(a5)
    80001f3c:	b7ed                	j	80001f26 <_printf_i+0x1fe>
    80001f3e:	c38c                	sw	a1,0(a5)
    80001f40:	b7dd                	j	80001f26 <_printf_i+0x1fe>
    80001f42:	631c                	ld	a5,0(a4)
    80001f44:	41d0                	lw	a2,4(a1)
    80001f46:	4581                	li	a1,0
    80001f48:	00878693          	addi	a3,a5,8
    80001f4c:	e314                	sd	a3,0(a4)
    80001f4e:	6384                	ld	s1,0(a5)
    80001f50:	8526                	mv	a0,s1
    80001f52:	650000ef          	jal	800025a2 <memchr>
    80001f56:	c119                	beqz	a0,80001f5c <_printf_i+0x234>
    80001f58:	8d05                	sub	a0,a0,s1
    80001f5a:	c048                	sw	a0,4(s0)
    80001f5c:	405c                	lw	a5,4(s0)
    80001f5e:	c81c                	sw	a5,16(s0)
    80001f60:	040401a3          	sb	zero,67(s0)
    80001f64:	b719                	j	80001e6a <_printf_i+0x142>
    80001f66:	4814                	lw	a3,16(s0)
    80001f68:	8626                	mv	a2,s1
    80001f6a:	85ce                	mv	a1,s3
    80001f6c:	854a                	mv	a0,s2
    80001f6e:	9a02                	jalr	s4
    80001f70:	f15507e3          	beq	a0,s5,80001e7e <_printf_i+0x156>
    80001f74:	401c                	lw	a5,0(s0)
    80001f76:	8b89                	andi	a5,a5,2
    80001f78:	eb85                	bnez	a5,80001fa8 <_printf_i+0x280>
    80001f7a:	4458                	lw	a4,12(s0)
    80001f7c:	47b2                	lw	a5,12(sp)
    80001f7e:	0007051b          	sext.w	a0,a4
    80001f82:	eef75fe3          	bge	a4,a5,80001e80 <_printf_i+0x158>
    80001f86:	0007851b          	sext.w	a0,a5
    80001f8a:	bddd                	j	80001e80 <_printf_i+0x158>
    80001f8c:	4685                	li	a3,1
    80001f8e:	8656                	mv	a2,s5
    80001f90:	85ce                	mv	a1,s3
    80001f92:	854a                	mv	a0,s2
    80001f94:	9a02                	jalr	s4
    80001f96:	ef6504e3          	beq	a0,s6,80001e7e <_printf_i+0x156>
    80001f9a:	2485                	addiw	s1,s1,1
    80001f9c:	445c                	lw	a5,12(s0)
    80001f9e:	4732                	lw	a4,12(sp)
    80001fa0:	9f99                	subw	a5,a5,a4
    80001fa2:	fef4c5e3          	blt	s1,a5,80001f8c <_printf_i+0x264>
    80001fa6:	bfd1                	j	80001f7a <_printf_i+0x252>
    80001fa8:	4481                	li	s1,0
    80001faa:	01940a93          	addi	s5,s0,25
    80001fae:	5b7d                	li	s6,-1
    80001fb0:	b7f5                	j	80001f9c <_printf_i+0x274>

0000000080001fb2 <__sflush_r>:
    80001fb2:	01059783          	lh	a5,16(a1)
    80001fb6:	7179                	addi	sp,sp,-48
    80001fb8:	f022                	sd	s0,32(sp)
    80001fba:	ec26                	sd	s1,24(sp)
    80001fbc:	f406                	sd	ra,40(sp)
    80001fbe:	e84a                	sd	s2,16(sp)
    80001fc0:	e44e                	sd	s3,8(sp)
    80001fc2:	0087f713          	andi	a4,a5,8
    80001fc6:	84aa                	mv	s1,a0
    80001fc8:	842e                	mv	s0,a1
    80001fca:	eb69                	bnez	a4,8000209c <__sflush_r+0xea>
    80001fcc:	4598                	lw	a4,8(a1)
    80001fce:	00e04563          	bgtz	a4,80001fd8 <__sflush_r+0x26>
    80001fd2:	5db8                	lw	a4,120(a1)
    80001fd4:	0ae05b63          	blez	a4,8000208a <__sflush_r+0xd8>
    80001fd8:	6838                	ld	a4,80(s0)
    80001fda:	cb45                	beqz	a4,8000208a <__sflush_r+0xd8>
    80001fdc:	0004a903          	lw	s2,0(s1)
    80001fe0:	03379693          	slli	a3,a5,0x33
    80001fe4:	0004a023          	sw	zero,0(s1)
    80001fe8:	7c0c                	ld	a1,56(s0)
    80001fea:	0606de63          	bgez	a3,80002066 <__sflush_r+0xb4>
    80001fee:	6c50                	ld	a2,152(s0)
    80001ff0:	01045783          	lhu	a5,16(s0)
    80001ff4:	8b91                	andi	a5,a5,4
    80001ff6:	c799                	beqz	a5,80002004 <__sflush_r+0x52>
    80001ff8:	441c                	lw	a5,8(s0)
    80001ffa:	8e1d                	sub	a2,a2,a5
    80001ffc:	703c                	ld	a5,96(s0)
    80001ffe:	c399                	beqz	a5,80002004 <__sflush_r+0x52>
    80002000:	5c3c                	lw	a5,120(s0)
    80002002:	8e1d                	sub	a2,a2,a5
    80002004:	683c                	ld	a5,80(s0)
    80002006:	7c0c                	ld	a1,56(s0)
    80002008:	4681                	li	a3,0
    8000200a:	8526                	mv	a0,s1
    8000200c:	9782                	jalr	a5
    8000200e:	577d                	li	a4,-1
    80002010:	01045783          	lhu	a5,16(s0)
    80002014:	00e51d63          	bne	a0,a4,8000202e <__sflush_r+0x7c>
    80002018:	4094                	lw	a3,0(s1)
    8000201a:	4775                	li	a4,29
    8000201c:	06d76963          	bltu	a4,a3,8000208e <__sflush_r+0xdc>
    80002020:	20400737          	lui	a4,0x20400
    80002024:	0705                	addi	a4,a4,1 # 20400001 <__heap_size+0x203e0001>
    80002026:	00d75733          	srl	a4,a4,a3
    8000202a:	8b05                	andi	a4,a4,1
    8000202c:	c32d                	beqz	a4,8000208e <__sflush_r+0xdc>
    8000202e:	6c18                	ld	a4,24(s0)
    80002030:	00042423          	sw	zero,8(s0)
    80002034:	e018                	sd	a4,0(s0)
    80002036:	03379713          	slli	a4,a5,0x33
    8000203a:	00075863          	bgez	a4,8000204a <__sflush_r+0x98>
    8000203e:	57fd                	li	a5,-1
    80002040:	00f51463          	bne	a0,a5,80002048 <__sflush_r+0x96>
    80002044:	409c                	lw	a5,0(s1)
    80002046:	e391                	bnez	a5,8000204a <__sflush_r+0x98>
    80002048:	ec48                	sd	a0,152(s0)
    8000204a:	702c                	ld	a1,96(s0)
    8000204c:	0124a023          	sw	s2,0(s1)
    80002050:	cd8d                	beqz	a1,8000208a <__sflush_r+0xd8>
    80002052:	07c40793          	addi	a5,s0,124
    80002056:	00f58563          	beq	a1,a5,80002060 <__sflush_r+0xae>
    8000205a:	8526                	mv	a0,s1
    8000205c:	fecff0ef          	jal	80001848 <_free_r>
    80002060:	06043023          	sd	zero,96(s0)
    80002064:	a01d                	j	8000208a <__sflush_r+0xd8>
    80002066:	4601                	li	a2,0
    80002068:	4685                	li	a3,1
    8000206a:	8526                	mv	a0,s1
    8000206c:	9702                	jalr	a4
    8000206e:	57fd                	li	a5,-1
    80002070:	862a                	mv	a2,a0
    80002072:	f6f51fe3          	bne	a0,a5,80001ff0 <__sflush_r+0x3e>
    80002076:	409c                	lw	a5,0(s1)
    80002078:	dfa5                	beqz	a5,80001ff0 <__sflush_r+0x3e>
    8000207a:	4775                	li	a4,29
    8000207c:	00e78563          	beq	a5,a4,80002086 <__sflush_r+0xd4>
    80002080:	4759                	li	a4,22
    80002082:	04e79663          	bne	a5,a4,800020ce <__sflush_r+0x11c>
    80002086:	0124a023          	sw	s2,0(s1)
    8000208a:	4501                	li	a0,0
    8000208c:	a881                	j	800020dc <__sflush_r+0x12a>
    8000208e:	0407e793          	ori	a5,a5,64
    80002092:	0107979b          	slliw	a5,a5,0x10
    80002096:	4107d79b          	sraiw	a5,a5,0x10
    8000209a:	a835                	j	800020d6 <__sflush_r+0x124>
    8000209c:	0185b983          	ld	s3,24(a1)
    800020a0:	fe0985e3          	beqz	s3,8000208a <__sflush_r+0xd8>
    800020a4:	0005b903          	ld	s2,0(a1)
    800020a8:	8b8d                	andi	a5,a5,3
    800020aa:	0135b023          	sd	s3,0(a1)
    800020ae:	4139093b          	subw	s2,s2,s3
    800020b2:	4701                	li	a4,0
    800020b4:	e391                	bnez	a5,800020b8 <__sflush_r+0x106>
    800020b6:	5198                	lw	a4,32(a1)
    800020b8:	c458                	sw	a4,12(s0)
    800020ba:	fd2058e3          	blez	s2,8000208a <__sflush_r+0xd8>
    800020be:	643c                	ld	a5,72(s0)
    800020c0:	7c0c                	ld	a1,56(s0)
    800020c2:	86ca                	mv	a3,s2
    800020c4:	864e                	mv	a2,s3
    800020c6:	8526                	mv	a0,s1
    800020c8:	9782                	jalr	a5
    800020ca:	02a04063          	bgtz	a0,800020ea <__sflush_r+0x138>
    800020ce:	01041783          	lh	a5,16(s0)
    800020d2:	0407e793          	ori	a5,a5,64
    800020d6:	00f41823          	sh	a5,16(s0)
    800020da:	557d                	li	a0,-1
    800020dc:	70a2                	ld	ra,40(sp)
    800020de:	7402                	ld	s0,32(sp)
    800020e0:	64e2                	ld	s1,24(sp)
    800020e2:	6942                	ld	s2,16(sp)
    800020e4:	69a2                	ld	s3,8(sp)
    800020e6:	6145                	addi	sp,sp,48
    800020e8:	8082                	ret
    800020ea:	99aa                	add	s3,s3,a0
    800020ec:	40a9093b          	subw	s2,s2,a0
    800020f0:	b7e9                	j	800020ba <__sflush_r+0x108>

00000000800020f2 <_fflush_r>:
    800020f2:	6d9c                	ld	a5,24(a1)
    800020f4:	cb8d                	beqz	a5,80002126 <_fflush_r+0x34>
    800020f6:	1101                	addi	sp,sp,-32
    800020f8:	e822                	sd	s0,16(sp)
    800020fa:	ec06                	sd	ra,24(sp)
    800020fc:	842a                	mv	s0,a0
    800020fe:	c519                	beqz	a0,8000210c <_fflush_r+0x1a>
    80002100:	613c                	ld	a5,64(a0)
    80002102:	e789                	bnez	a5,8000210c <_fflush_r+0x1a>
    80002104:	e42e                	sd	a1,8(sp)
    80002106:	b76ff0ef          	jal	8000147c <__sinit>
    8000210a:	65a2                	ld	a1,8(sp)
    8000210c:	01059783          	lh	a5,16(a1)
    80002110:	c791                	beqz	a5,8000211c <_fflush_r+0x2a>
    80002112:	8522                	mv	a0,s0
    80002114:	6442                	ld	s0,16(sp)
    80002116:	60e2                	ld	ra,24(sp)
    80002118:	6105                	addi	sp,sp,32
    8000211a:	bd61                	j	80001fb2 <__sflush_r>
    8000211c:	60e2                	ld	ra,24(sp)
    8000211e:	6442                	ld	s0,16(sp)
    80002120:	4501                	li	a0,0
    80002122:	6105                	addi	sp,sp,32
    80002124:	8082                	ret
    80002126:	4501                	li	a0,0
    80002128:	8082                	ret

000000008000212a <fflush>:
    8000212a:	85aa                	mv	a1,a0
    8000212c:	ed19                	bnez	a0,8000214a <fflush+0x20>
    8000212e:	00001617          	auipc	a2,0x1
    80002132:	0a260613          	addi	a2,a2,162 # 800031d0 <__sglue>
    80002136:	00000597          	auipc	a1,0x0
    8000213a:	fbc58593          	addi	a1,a1,-68 # 800020f2 <_fflush_r>
    8000213e:	00001517          	auipc	a0,0x1
    80002142:	0aa50513          	addi	a0,a0,170 # 800031e8 <_impure_data>
    80002146:	bc0ff06f          	j	80001506 <_fwalk_sglue>
    8000214a:	00001517          	auipc	a0,0x1
    8000214e:	12e53503          	ld	a0,302(a0) # 80003278 <_impure_ptr>
    80002152:	b745                	j	800020f2 <_fflush_r>

0000000080002154 <__sfvwrite_r>:
    80002154:	6a1c                	ld	a5,16(a2)
    80002156:	e399                	bnez	a5,8000215c <__sfvwrite_r+0x8>
    80002158:	4501                	li	a0,0
    8000215a:	8082                	ret
    8000215c:	0105d783          	lhu	a5,16(a1)
    80002160:	7159                	addi	sp,sp,-112
    80002162:	f0a2                	sd	s0,96(sp)
    80002164:	e8ca                	sd	s2,80(sp)
    80002166:	e0d2                	sd	s4,64(sp)
    80002168:	f486                	sd	ra,104(sp)
    8000216a:	eca6                	sd	s1,88(sp)
    8000216c:	e4ce                	sd	s3,72(sp)
    8000216e:	fc56                	sd	s5,56(sp)
    80002170:	f85a                	sd	s6,48(sp)
    80002172:	f45e                	sd	s7,40(sp)
    80002174:	f062                	sd	s8,32(sp)
    80002176:	ec66                	sd	s9,24(sp)
    80002178:	e86a                	sd	s10,16(sp)
    8000217a:	e46e                	sd	s11,8(sp)
    8000217c:	8ba1                	andi	a5,a5,8
    8000217e:	892a                	mv	s2,a0
    80002180:	842e                	mv	s0,a1
    80002182:	8a32                	mv	s4,a2
    80002184:	cfc1                	beqz	a5,8000221c <__sfvwrite_r+0xc8>
    80002186:	6d9c                	ld	a5,24(a1)
    80002188:	cbd1                	beqz	a5,8000221c <__sfvwrite_r+0xc8>
    8000218a:	01041783          	lh	a5,16(s0)
    8000218e:	000a3983          	ld	s3,0(s4)
    80002192:	0027f713          	andi	a4,a5,2
    80002196:	e765                	bnez	a4,8000227e <__sfvwrite_r+0x12a>
    80002198:	8b85                	andi	a5,a5,1
    8000219a:	4a81                	li	s5,0
    8000219c:	16078063          	beqz	a5,800022fc <__sfvwrite_r+0x1a8>
    800021a0:	4501                	li	a0,0
    800021a2:	4b81                	li	s7,0
    800021a4:	4b01                	li	s6,0
    800021a6:	240b0063          	beqz	s6,800023e6 <__sfvwrite_r+0x292>
    800021aa:	e919                	bnez	a0,800021c0 <__sfvwrite_r+0x6c>
    800021ac:	865a                	mv	a2,s6
    800021ae:	45a9                	li	a1,10
    800021b0:	855e                	mv	a0,s7
    800021b2:	3f0000ef          	jal	800025a2 <memchr>
    800021b6:	22050f63          	beqz	a0,800023f4 <__sfvwrite_r+0x2a0>
    800021ba:	0505                	addi	a0,a0,1
    800021bc:	41750abb          	subw	s5,a0,s7
    800021c0:	8c56                	mv	s8,s5
    800021c2:	015b7363          	bgeu	s6,s5,800021c8 <__sfvwrite_r+0x74>
    800021c6:	8c5a                	mv	s8,s6
    800021c8:	6008                	ld	a0,0(s0)
    800021ca:	6c1c                	ld	a5,24(s0)
    800021cc:	4444                	lw	s1,12(s0)
    800021ce:	5014                	lw	a3,32(s0)
    800021d0:	22a7f563          	bgeu	a5,a0,800023fa <__sfvwrite_r+0x2a6>
    800021d4:	9cb5                	addw	s1,s1,a3
    800021d6:	2384d263          	bge	s1,s8,800023fa <__sfvwrite_r+0x2a6>
    800021da:	85de                	mv	a1,s7
    800021dc:	8626                	mv	a2,s1
    800021de:	56e000ef          	jal	8000274c <memmove>
    800021e2:	601c                	ld	a5,0(s0)
    800021e4:	85a2                	mv	a1,s0
    800021e6:	854a                	mv	a0,s2
    800021e8:	97a6                	add	a5,a5,s1
    800021ea:	e01c                	sd	a5,0(s0)
    800021ec:	f07ff0ef          	jal	800020f2 <_fflush_r>
    800021f0:	0e051f63          	bnez	a0,800022ee <__sfvwrite_r+0x19a>
    800021f4:	409a8abb          	subw	s5,s5,s1
    800021f8:	4505                	li	a0,1
    800021fa:	000a9763          	bnez	s5,80002208 <__sfvwrite_r+0xb4>
    800021fe:	85a2                	mv	a1,s0
    80002200:	854a                	mv	a0,s2
    80002202:	ef1ff0ef          	jal	800020f2 <_fflush_r>
    80002206:	e565                	bnez	a0,800022ee <__sfvwrite_r+0x19a>
    80002208:	010a3783          	ld	a5,16(s4)
    8000220c:	9ba6                	add	s7,s7,s1
    8000220e:	409b0b33          	sub	s6,s6,s1
    80002212:	8f85                	sub	a5,a5,s1
    80002214:	00fa3823          	sd	a5,16(s4)
    80002218:	f7d9                	bnez	a5,800021a6 <__sfvwrite_r+0x52>
    8000221a:	a091                	j	8000225e <__sfvwrite_r+0x10a>
    8000221c:	85a2                	mv	a1,s0
    8000221e:	854a                	mv	a0,s2
    80002220:	2b4000ef          	jal	800024d4 <__swsetup_r>
    80002224:	d13d                	beqz	a0,8000218a <__sfvwrite_r+0x36>
    80002226:	557d                	li	a0,-1
    80002228:	a825                	j	80002260 <__sfvwrite_r+0x10c>
    8000222a:	0009ba83          	ld	s5,0(s3)
    8000222e:	0089b483          	ld	s1,8(s3)
    80002232:	09c1                	addi	s3,s3,16
    80002234:	643c                	ld	a5,72(s0)
    80002236:	7c0c                	ld	a1,56(s0)
    80002238:	d8ed                	beqz	s1,8000222a <__sfvwrite_r+0xd6>
    8000223a:	86a6                	mv	a3,s1
    8000223c:	009b7363          	bgeu	s6,s1,80002242 <__sfvwrite_r+0xee>
    80002240:	86da                	mv	a3,s6
    80002242:	2681                	sext.w	a3,a3
    80002244:	8656                	mv	a2,s5
    80002246:	854a                	mv	a0,s2
    80002248:	9782                	jalr	a5
    8000224a:	0aa05263          	blez	a0,800022ee <__sfvwrite_r+0x19a>
    8000224e:	010a3783          	ld	a5,16(s4)
    80002252:	9aaa                	add	s5,s5,a0
    80002254:	8c89                	sub	s1,s1,a0
    80002256:	8f89                	sub	a5,a5,a0
    80002258:	00fa3823          	sd	a5,16(s4)
    8000225c:	ffe1                	bnez	a5,80002234 <__sfvwrite_r+0xe0>
    8000225e:	4501                	li	a0,0
    80002260:	70a6                	ld	ra,104(sp)
    80002262:	7406                	ld	s0,96(sp)
    80002264:	64e6                	ld	s1,88(sp)
    80002266:	6946                	ld	s2,80(sp)
    80002268:	69a6                	ld	s3,72(sp)
    8000226a:	6a06                	ld	s4,64(sp)
    8000226c:	7ae2                	ld	s5,56(sp)
    8000226e:	7b42                	ld	s6,48(sp)
    80002270:	7ba2                	ld	s7,40(sp)
    80002272:	7c02                	ld	s8,32(sp)
    80002274:	6ce2                	ld	s9,24(sp)
    80002276:	6d42                	ld	s10,16(sp)
    80002278:	6da2                	ld	s11,8(sp)
    8000227a:	6165                	addi	sp,sp,112
    8000227c:	8082                	ret
    8000227e:	80000b37          	lui	s6,0x80000
    80002282:	4a81                	li	s5,0
    80002284:	4481                	li	s1,0
    80002286:	c00b4b13          	xori	s6,s6,-1024
    8000228a:	b76d                	j	80002234 <__sfvwrite_r+0xe0>
    8000228c:	0009ba83          	ld	s5,0(s3)
    80002290:	0089bc83          	ld	s9,8(s3)
    80002294:	09c1                	addi	s3,s3,16
    80002296:	4444                	lw	s1,12(s0)
    80002298:	01041783          	lh	a5,16(s0)
    8000229c:	6008                	ld	a0,0(s0)
    8000229e:	8d26                	mv	s10,s1
    800022a0:	fe0c86e3          	beqz	s9,8000228c <__sfvwrite_r+0x138>
    800022a4:	2007f713          	andi	a4,a5,512
    800022a8:	c37d                	beqz	a4,8000238e <__sfvwrite_r+0x23a>
    800022aa:	089ce763          	bltu	s9,s1,80002338 <__sfvwrite_r+0x1e4>
    800022ae:	4807f713          	andi	a4,a5,1152
    800022b2:	c359                	beqz	a4,80002338 <__sfvwrite_r+0x1e4>
    800022b4:	5004                	lw	s1,32(s0)
    800022b6:	6c0c                	ld	a1,24(s0)
    800022b8:	029b84bb          	mulw	s1,s7,s1
    800022bc:	8d0d                	sub	a0,a0,a1
    800022be:	00050d9b          	sext.w	s11,a0
    800022c2:	001d8713          	addi	a4,s11,1
    800022c6:	9766                	add	a4,a4,s9
    800022c8:	0384c4bb          	divw	s1,s1,s8
    800022cc:	00e4f563          	bgeu	s1,a4,800022d6 <__sfvwrite_r+0x182>
    800022d0:	2505                	addiw	a0,a0,1
    800022d2:	019504bb          	addw	s1,a0,s9
    800022d6:	4007f793          	andi	a5,a5,1024
    800022da:	cbc9                	beqz	a5,8000236c <__sfvwrite_r+0x218>
    800022dc:	85a6                	mv	a1,s1
    800022de:	854a                	mv	a0,s2
    800022e0:	ea1fe0ef          	jal	80001180 <_malloc_r>
    800022e4:	8d2a                	mv	s10,a0
    800022e6:	e11d                	bnez	a0,8000230c <__sfvwrite_r+0x1b8>
    800022e8:	47b1                	li	a5,12
    800022ea:	00f92023          	sw	a5,0(s2)
    800022ee:	01045783          	lhu	a5,16(s0)
    800022f2:	0407e793          	ori	a5,a5,64
    800022f6:	00f41823          	sh	a5,16(s0)
    800022fa:	b735                	j	80002226 <__sfvwrite_r+0xd2>
    800022fc:	80000b37          	lui	s6,0x80000
    80002300:	4c81                	li	s9,0
    80002302:	fffb4b13          	not	s6,s6
    80002306:	4b8d                	li	s7,3
    80002308:	4c09                	li	s8,2
    8000230a:	b771                	j	80002296 <__sfvwrite_r+0x142>
    8000230c:	6c0c                	ld	a1,24(s0)
    8000230e:	866e                	mv	a2,s11
    80002310:	462000ef          	jal	80002772 <memcpy>
    80002314:	01045783          	lhu	a5,16(s0)
    80002318:	b7f7f793          	andi	a5,a5,-1153
    8000231c:	0807e793          	ori	a5,a5,128
    80002320:	00f41823          	sh	a5,16(s0)
    80002324:	01a43c23          	sd	s10,24(s0)
    80002328:	d004                	sw	s1,32(s0)
    8000232a:	9d6e                	add	s10,s10,s11
    8000232c:	41b484bb          	subw	s1,s1,s11
    80002330:	01a43023          	sd	s10,0(s0)
    80002334:	c444                	sw	s1,12(s0)
    80002336:	8d66                	mv	s10,s9
    80002338:	84e6                	mv	s1,s9
    8000233a:	01acf363          	bgeu	s9,s10,80002340 <__sfvwrite_r+0x1ec>
    8000233e:	8d66                	mv	s10,s9
    80002340:	6008                	ld	a0,0(s0)
    80002342:	866a                	mv	a2,s10
    80002344:	85d6                	mv	a1,s5
    80002346:	406000ef          	jal	8000274c <memmove>
    8000234a:	445c                	lw	a5,12(s0)
    8000234c:	41a787bb          	subw	a5,a5,s10
    80002350:	c45c                	sw	a5,12(s0)
    80002352:	601c                	ld	a5,0(s0)
    80002354:	97ea                	add	a5,a5,s10
    80002356:	e01c                	sd	a5,0(s0)
    80002358:	010a3783          	ld	a5,16(s4)
    8000235c:	9aa6                	add	s5,s5,s1
    8000235e:	409c8cb3          	sub	s9,s9,s1
    80002362:	8f85                	sub	a5,a5,s1
    80002364:	00fa3823          	sd	a5,16(s4)
    80002368:	f79d                	bnez	a5,80002296 <__sfvwrite_r+0x142>
    8000236a:	bdd5                	j	8000225e <__sfvwrite_r+0x10a>
    8000236c:	8626                	mv	a2,s1
    8000236e:	854a                	mv	a0,s2
    80002370:	418000ef          	jal	80002788 <_realloc_r>
    80002374:	8d2a                	mv	s10,a0
    80002376:	f55d                	bnez	a0,80002324 <__sfvwrite_r+0x1d0>
    80002378:	6c0c                	ld	a1,24(s0)
    8000237a:	854a                	mv	a0,s2
    8000237c:	cccff0ef          	jal	80001848 <_free_r>
    80002380:	01045783          	lhu	a5,16(s0)
    80002384:	f7f7f793          	andi	a5,a5,-129
    80002388:	00f41823          	sh	a5,16(s0)
    8000238c:	bfb1                	j	800022e8 <__sfvwrite_r+0x194>
    8000238e:	6c1c                	ld	a5,24(s0)
    80002390:	00a7e563          	bltu	a5,a0,8000239a <__sfvwrite_r+0x246>
    80002394:	5014                	lw	a3,32(s0)
    80002396:	02dcf763          	bgeu	s9,a3,800023c4 <__sfvwrite_r+0x270>
    8000239a:	009cf363          	bgeu	s9,s1,800023a0 <__sfvwrite_r+0x24c>
    8000239e:	84e6                	mv	s1,s9
    800023a0:	8626                	mv	a2,s1
    800023a2:	85d6                	mv	a1,s5
    800023a4:	3a8000ef          	jal	8000274c <memmove>
    800023a8:	445c                	lw	a5,12(s0)
    800023aa:	4097873b          	subw	a4,a5,s1
    800023ae:	601c                	ld	a5,0(s0)
    800023b0:	c458                	sw	a4,12(s0)
    800023b2:	97a6                	add	a5,a5,s1
    800023b4:	e01c                	sd	a5,0(s0)
    800023b6:	f34d                	bnez	a4,80002358 <__sfvwrite_r+0x204>
    800023b8:	85a2                	mv	a1,s0
    800023ba:	854a                	mv	a0,s2
    800023bc:	d37ff0ef          	jal	800020f2 <_fflush_r>
    800023c0:	dd41                	beqz	a0,80002358 <__sfvwrite_r+0x204>
    800023c2:	b735                	j	800022ee <__sfvwrite_r+0x19a>
    800023c4:	87e6                	mv	a5,s9
    800023c6:	019b7363          	bgeu	s6,s9,800023cc <__sfvwrite_r+0x278>
    800023ca:	87da                	mv	a5,s6
    800023cc:	02d7c7bb          	divw	a5,a5,a3
    800023d0:	6438                	ld	a4,72(s0)
    800023d2:	7c0c                	ld	a1,56(s0)
    800023d4:	8656                	mv	a2,s5
    800023d6:	854a                	mv	a0,s2
    800023d8:	02d786bb          	mulw	a3,a5,a3
    800023dc:	9702                	jalr	a4
    800023de:	84aa                	mv	s1,a0
    800023e0:	f6a04ce3          	bgtz	a0,80002358 <__sfvwrite_r+0x204>
    800023e4:	b729                	j	800022ee <__sfvwrite_r+0x19a>
    800023e6:	0009bb83          	ld	s7,0(s3)
    800023ea:	0089bb03          	ld	s6,8(s3)
    800023ee:	4501                	li	a0,0
    800023f0:	09c1                	addi	s3,s3,16
    800023f2:	bb55                	j	800021a6 <__sfvwrite_r+0x52>
    800023f4:	001b0a9b          	addiw	s5,s6,1 # ffffffff80000001 <__heap_end+0xfffffffefffdc001>
    800023f8:	b3e1                	j	800021c0 <__sfvwrite_r+0x6c>
    800023fa:	00dc4b63          	blt	s8,a3,80002410 <__sfvwrite_r+0x2bc>
    800023fe:	643c                	ld	a5,72(s0)
    80002400:	7c0c                	ld	a1,56(s0)
    80002402:	865e                	mv	a2,s7
    80002404:	854a                	mv	a0,s2
    80002406:	9782                	jalr	a5
    80002408:	84aa                	mv	s1,a0
    8000240a:	dea045e3          	bgtz	a0,800021f4 <__sfvwrite_r+0xa0>
    8000240e:	b5c5                	j	800022ee <__sfvwrite_r+0x19a>
    80002410:	8662                	mv	a2,s8
    80002412:	85de                	mv	a1,s7
    80002414:	338000ef          	jal	8000274c <memmove>
    80002418:	445c                	lw	a5,12(s0)
    8000241a:	84e2                	mv	s1,s8
    8000241c:	418787bb          	subw	a5,a5,s8
    80002420:	c45c                	sw	a5,12(s0)
    80002422:	601c                	ld	a5,0(s0)
    80002424:	97e2                	add	a5,a5,s8
    80002426:	e01c                	sd	a5,0(s0)
    80002428:	b3f1                	j	800021f4 <__sfvwrite_r+0xa0>

000000008000242a <__swbuf_r>:
    8000242a:	7179                	addi	sp,sp,-48
    8000242c:	f022                	sd	s0,32(sp)
    8000242e:	ec26                	sd	s1,24(sp)
    80002430:	e84a                	sd	s2,16(sp)
    80002432:	f406                	sd	ra,40(sp)
    80002434:	e44e                	sd	s3,8(sp)
    80002436:	892a                	mv	s2,a0
    80002438:	84ae                	mv	s1,a1
    8000243a:	8432                	mv	s0,a2
    8000243c:	c509                	beqz	a0,80002446 <__swbuf_r+0x1c>
    8000243e:	613c                	ld	a5,64(a0)
    80002440:	e399                	bnez	a5,80002446 <__swbuf_r+0x1c>
    80002442:	83aff0ef          	jal	8000147c <__sinit>
    80002446:	541c                	lw	a5,40(s0)
    80002448:	c45c                	sw	a5,12(s0)
    8000244a:	01045783          	lhu	a5,16(s0)
    8000244e:	8ba1                	andi	a5,a5,8
    80002450:	c399                	beqz	a5,80002456 <__swbuf_r+0x2c>
    80002452:	6c1c                	ld	a5,24(s0)
    80002454:	ef99                	bnez	a5,80002472 <__swbuf_r+0x48>
    80002456:	85a2                	mv	a1,s0
    80002458:	854a                	mv	a0,s2
    8000245a:	07a000ef          	jal	800024d4 <__swsetup_r>
    8000245e:	c911                	beqz	a0,80002472 <__swbuf_r+0x48>
    80002460:	54fd                	li	s1,-1
    80002462:	70a2                	ld	ra,40(sp)
    80002464:	7402                	ld	s0,32(sp)
    80002466:	6942                	ld	s2,16(sp)
    80002468:	69a2                	ld	s3,8(sp)
    8000246a:	8526                	mv	a0,s1
    8000246c:	64e2                	ld	s1,24(sp)
    8000246e:	6145                	addi	sp,sp,48
    80002470:	8082                	ret
    80002472:	601c                	ld	a5,0(s0)
    80002474:	6c18                	ld	a4,24(s0)
    80002476:	0ff4f993          	zext.b	s3,s1
    8000247a:	84ce                	mv	s1,s3
    8000247c:	40e7853b          	subw	a0,a5,a4
    80002480:	501c                	lw	a5,32(s0)
    80002482:	00f54763          	blt	a0,a5,80002490 <__swbuf_r+0x66>
    80002486:	85a2                	mv	a1,s0
    80002488:	854a                	mv	a0,s2
    8000248a:	c69ff0ef          	jal	800020f2 <_fflush_r>
    8000248e:	f969                	bnez	a0,80002460 <__swbuf_r+0x36>
    80002490:	445c                	lw	a5,12(s0)
    80002492:	37fd                	addiw	a5,a5,-1
    80002494:	c45c                	sw	a5,12(s0)
    80002496:	601c                	ld	a5,0(s0)
    80002498:	00178713          	addi	a4,a5,1
    8000249c:	e018                	sd	a4,0(s0)
    8000249e:	01378023          	sb	s3,0(a5)
    800024a2:	5018                	lw	a4,32(s0)
    800024a4:	0015079b          	addiw	a5,a0,1
    800024a8:	00f70963          	beq	a4,a5,800024ba <__swbuf_r+0x90>
    800024ac:	01045783          	lhu	a5,16(s0)
    800024b0:	8b85                	andi	a5,a5,1
    800024b2:	dbc5                	beqz	a5,80002462 <__swbuf_r+0x38>
    800024b4:	47a9                	li	a5,10
    800024b6:	faf496e3          	bne	s1,a5,80002462 <__swbuf_r+0x38>
    800024ba:	85a2                	mv	a1,s0
    800024bc:	854a                	mv	a0,s2
    800024be:	c35ff0ef          	jal	800020f2 <_fflush_r>
    800024c2:	d145                	beqz	a0,80002462 <__swbuf_r+0x38>
    800024c4:	bf71                	j	80002460 <__swbuf_r+0x36>

00000000800024c6 <__swbuf>:
    800024c6:	862e                	mv	a2,a1
    800024c8:	85aa                	mv	a1,a0
    800024ca:	00001517          	auipc	a0,0x1
    800024ce:	dae53503          	ld	a0,-594(a0) # 80003278 <_impure_ptr>
    800024d2:	bfa1                	j	8000242a <__swbuf_r>

00000000800024d4 <__swsetup_r>:
    800024d4:	1101                	addi	sp,sp,-32
    800024d6:	e822                	sd	s0,16(sp)
    800024d8:	e426                	sd	s1,8(sp)
    800024da:	ec06                	sd	ra,24(sp)
    800024dc:	84aa                	mv	s1,a0
    800024de:	00001517          	auipc	a0,0x1
    800024e2:	d9a53503          	ld	a0,-614(a0) # 80003278 <_impure_ptr>
    800024e6:	842e                	mv	s0,a1
    800024e8:	c509                	beqz	a0,800024f2 <__swsetup_r+0x1e>
    800024ea:	613c                	ld	a5,64(a0)
    800024ec:	e399                	bnez	a5,800024f2 <__swsetup_r+0x1e>
    800024ee:	f8ffe0ef          	jal	8000147c <__sinit>
    800024f2:	01041783          	lh	a5,16(s0)
    800024f6:	0087f713          	andi	a4,a5,8
    800024fa:	eb29                	bnez	a4,8000254c <__swsetup_r+0x78>
    800024fc:	0107f713          	andi	a4,a5,16
    80002500:	eb09                	bnez	a4,80002512 <__swsetup_r+0x3e>
    80002502:	4725                	li	a4,9
    80002504:	c098                	sw	a4,0(s1)
    80002506:	0407e793          	ori	a5,a5,64
    8000250a:	00f41823          	sh	a5,16(s0)
    8000250e:	557d                	li	a0,-1
    80002510:	a8ad                	j	8000258a <__swsetup_r+0xb6>
    80002512:	8b91                	andi	a5,a5,4
    80002514:	c795                	beqz	a5,80002540 <__swsetup_r+0x6c>
    80002516:	702c                	ld	a1,96(s0)
    80002518:	c991                	beqz	a1,8000252c <__swsetup_r+0x58>
    8000251a:	07c40793          	addi	a5,s0,124
    8000251e:	00f58563          	beq	a1,a5,80002528 <__swsetup_r+0x54>
    80002522:	8526                	mv	a0,s1
    80002524:	b24ff0ef          	jal	80001848 <_free_r>
    80002528:	06043023          	sd	zero,96(s0)
    8000252c:	01045783          	lhu	a5,16(s0)
    80002530:	00042423          	sw	zero,8(s0)
    80002534:	fdb7f793          	andi	a5,a5,-37
    80002538:	00f41823          	sh	a5,16(s0)
    8000253c:	6c1c                	ld	a5,24(s0)
    8000253e:	e01c                	sd	a5,0(s0)
    80002540:	01045783          	lhu	a5,16(s0)
    80002544:	0087e793          	ori	a5,a5,8
    80002548:	00f41823          	sh	a5,16(s0)
    8000254c:	6c1c                	ld	a5,24(s0)
    8000254e:	ef89                	bnez	a5,80002568 <__swsetup_r+0x94>
    80002550:	01045783          	lhu	a5,16(s0)
    80002554:	20000713          	li	a4,512
    80002558:	2807f793          	andi	a5,a5,640
    8000255c:	00e78663          	beq	a5,a4,80002568 <__swsetup_r+0x94>
    80002560:	85a2                	mv	a1,s0
    80002562:	8526                	mv	a0,s1
    80002564:	300000ef          	jal	80002864 <__smakebuf_r>
    80002568:	01041783          	lh	a5,16(s0)
    8000256c:	0017f713          	andi	a4,a5,1
    80002570:	c315                	beqz	a4,80002594 <__swsetup_r+0xc0>
    80002572:	5018                	lw	a4,32(s0)
    80002574:	00042623          	sw	zero,12(s0)
    80002578:	40e0073b          	negw	a4,a4
    8000257c:	d418                	sw	a4,40(s0)
    8000257e:	6c18                	ld	a4,24(s0)
    80002580:	4501                	li	a0,0
    80002582:	e701                	bnez	a4,8000258a <__swsetup_r+0xb6>
    80002584:	0807f713          	andi	a4,a5,128
    80002588:	ff3d                	bnez	a4,80002506 <__swsetup_r+0x32>
    8000258a:	60e2                	ld	ra,24(sp)
    8000258c:	6442                	ld	s0,16(sp)
    8000258e:	64a2                	ld	s1,8(sp)
    80002590:	6105                	addi	sp,sp,32
    80002592:	8082                	ret
    80002594:	0027f713          	andi	a4,a5,2
    80002598:	4681                	li	a3,0
    8000259a:	e311                	bnez	a4,8000259e <__swsetup_r+0xca>
    8000259c:	5014                	lw	a3,32(s0)
    8000259e:	c454                	sw	a3,12(s0)
    800025a0:	bff9                	j	8000257e <__swsetup_r+0xaa>

00000000800025a2 <memchr>:
    800025a2:	0ff5f593          	zext.b	a1,a1
    800025a6:	962a                	add	a2,a2,a0
    800025a8:	00c51463          	bne	a0,a2,800025b0 <memchr+0xe>
    800025ac:	4501                	li	a0,0
    800025ae:	8082                	ret
    800025b0:	00054783          	lbu	a5,0(a0)
    800025b4:	feb78de3          	beq	a5,a1,800025ae <memchr+0xc>
    800025b8:	0505                	addi	a0,a0,1
    800025ba:	b7fd                	j	800025a8 <memchr+0x6>

00000000800025bc <_init_signal_r>:
    800025bc:	793c                	ld	a5,112(a0)
    800025be:	eb95                	bnez	a5,800025f2 <_init_signal_r+0x36>
    800025c0:	1141                	addi	sp,sp,-16
    800025c2:	10000593          	li	a1,256
    800025c6:	e022                	sd	s0,0(sp)
    800025c8:	e406                	sd	ra,8(sp)
    800025ca:	842a                	mv	s0,a0
    800025cc:	bb5fe0ef          	jal	80001180 <_malloc_r>
    800025d0:	87aa                	mv	a5,a0
    800025d2:	f828                	sd	a0,112(s0)
    800025d4:	557d                	li	a0,-1
    800025d6:	cb91                	beqz	a5,800025ea <_init_signal_r+0x2e>
    800025d8:	853e                	mv	a0,a5
    800025da:	10078793          	addi	a5,a5,256
    800025de:	00053023          	sd	zero,0(a0)
    800025e2:	0521                	addi	a0,a0,8
    800025e4:	fef51de3          	bne	a0,a5,800025de <_init_signal_r+0x22>
    800025e8:	4501                	li	a0,0
    800025ea:	60a2                	ld	ra,8(sp)
    800025ec:	6402                	ld	s0,0(sp)
    800025ee:	0141                	addi	sp,sp,16
    800025f0:	8082                	ret
    800025f2:	4501                	li	a0,0
    800025f4:	8082                	ret

00000000800025f6 <_signal_r>:
    800025f6:	1101                	addi	sp,sp,-32
    800025f8:	e426                	sd	s1,8(sp)
    800025fa:	ec06                	sd	ra,24(sp)
    800025fc:	e822                	sd	s0,16(sp)
    800025fe:	e04a                	sd	s2,0(sp)
    80002600:	47fd                	li	a5,31
    80002602:	84aa                	mv	s1,a0
    80002604:	00b7f663          	bgeu	a5,a1,80002610 <_signal_r+0x1a>
    80002608:	47d9                	li	a5,22
    8000260a:	c11c                	sw	a5,0(a0)
    8000260c:	557d                	li	a0,-1
    8000260e:	a819                	j	80002624 <_signal_r+0x2e>
    80002610:	793c                	ld	a5,112(a0)
    80002612:	842e                	mv	s0,a1
    80002614:	8932                	mv	s2,a2
    80002616:	cf89                	beqz	a5,80002630 <_signal_r+0x3a>
    80002618:	78bc                	ld	a5,112(s1)
    8000261a:	040e                	slli	s0,s0,0x3
    8000261c:	97a2                	add	a5,a5,s0
    8000261e:	6388                	ld	a0,0(a5)
    80002620:	0127b023          	sd	s2,0(a5)
    80002624:	60e2                	ld	ra,24(sp)
    80002626:	6442                	ld	s0,16(sp)
    80002628:	64a2                	ld	s1,8(sp)
    8000262a:	6902                	ld	s2,0(sp)
    8000262c:	6105                	addi	sp,sp,32
    8000262e:	8082                	ret
    80002630:	f8dff0ef          	jal	800025bc <_init_signal_r>
    80002634:	d175                	beqz	a0,80002618 <_signal_r+0x22>
    80002636:	bfd9                	j	8000260c <_signal_r+0x16>

0000000080002638 <_raise_r>:
    80002638:	1101                	addi	sp,sp,-32
    8000263a:	e822                	sd	s0,16(sp)
    8000263c:	ec06                	sd	ra,24(sp)
    8000263e:	47fd                	li	a5,31
    80002640:	842a                	mv	s0,a0
    80002642:	00b7f963          	bgeu	a5,a1,80002654 <_raise_r+0x1c>
    80002646:	47d9                	li	a5,22
    80002648:	c11c                	sw	a5,0(a0)
    8000264a:	557d                	li	a0,-1
    8000264c:	60e2                	ld	ra,24(sp)
    8000264e:	6442                	ld	s0,16(sp)
    80002650:	6105                	addi	sp,sp,32
    80002652:	8082                	ret
    80002654:	793c                	ld	a5,112(a0)
    80002656:	862e                	mv	a2,a1
    80002658:	c791                	beqz	a5,80002664 <_raise_r+0x2c>
    8000265a:	00359713          	slli	a4,a1,0x3
    8000265e:	97ba                	add	a5,a5,a4
    80002660:	6398                	ld	a4,0(a5)
    80002662:	ef01                	bnez	a4,8000267a <_raise_r+0x42>
    80002664:	8522                	mv	a0,s0
    80002666:	e432                	sd	a2,8(sp)
    80002668:	0e2000ef          	jal	8000274a <_getpid_r>
    8000266c:	85aa                	mv	a1,a0
    8000266e:	8522                	mv	a0,s0
    80002670:	6442                	ld	s0,16(sp)
    80002672:	6622                	ld	a2,8(sp)
    80002674:	60e2                	ld	ra,24(sp)
    80002676:	6105                	addi	sp,sp,32
    80002678:	a065                	j	80002720 <_kill_r>
    8000267a:	4685                	li	a3,1
    8000267c:	00d70d63          	beq	a4,a3,80002696 <_raise_r+0x5e>
    80002680:	56fd                	li	a3,-1
    80002682:	00d71663          	bne	a4,a3,8000268e <_raise_r+0x56>
    80002686:	47d9                	li	a5,22
    80002688:	c11c                	sw	a5,0(a0)
    8000268a:	4505                	li	a0,1
    8000268c:	b7c1                	j	8000264c <_raise_r+0x14>
    8000268e:	0007b023          	sd	zero,0(a5)
    80002692:	852e                	mv	a0,a1
    80002694:	9702                	jalr	a4
    80002696:	4501                	li	a0,0
    80002698:	bf55                	j	8000264c <_raise_r+0x14>

000000008000269a <__sigtramp_r>:
    8000269a:	47fd                	li	a5,31
    8000269c:	00b7f463          	bgeu	a5,a1,800026a4 <__sigtramp_r+0xa>
    800026a0:	557d                	li	a0,-1
    800026a2:	8082                	ret
    800026a4:	793c                	ld	a5,112(a0)
    800026a6:	1101                	addi	sp,sp,-32
    800026a8:	e822                	sd	s0,16(sp)
    800026aa:	e426                	sd	s1,8(sp)
    800026ac:	ec06                	sd	ra,24(sp)
    800026ae:	84aa                	mv	s1,a0
    800026b0:	842e                	mv	s0,a1
    800026b2:	c795                	beqz	a5,800026de <__sigtramp_r+0x44>
    800026b4:	78b8                	ld	a4,112(s1)
    800026b6:	00341793          	slli	a5,s0,0x3
    800026ba:	4505                	li	a0,1
    800026bc:	973e                	add	a4,a4,a5
    800026be:	631c                	ld	a5,0(a4)
    800026c0:	c39d                	beqz	a5,800026e6 <__sigtramp_r+0x4c>
    800026c2:	56fd                	li	a3,-1
    800026c4:	4509                	li	a0,2
    800026c6:	02d78063          	beq	a5,a3,800026e6 <__sigtramp_r+0x4c>
    800026ca:	4685                	li	a3,1
    800026cc:	450d                	li	a0,3
    800026ce:	00d78c63          	beq	a5,a3,800026e6 <__sigtramp_r+0x4c>
    800026d2:	8522                	mv	a0,s0
    800026d4:	00073023          	sd	zero,0(a4)
    800026d8:	9782                	jalr	a5
    800026da:	4501                	li	a0,0
    800026dc:	a029                	j	800026e6 <__sigtramp_r+0x4c>
    800026de:	edfff0ef          	jal	800025bc <_init_signal_r>
    800026e2:	d969                	beqz	a0,800026b4 <__sigtramp_r+0x1a>
    800026e4:	557d                	li	a0,-1
    800026e6:	60e2                	ld	ra,24(sp)
    800026e8:	6442                	ld	s0,16(sp)
    800026ea:	64a2                	ld	s1,8(sp)
    800026ec:	6105                	addi	sp,sp,32
    800026ee:	8082                	ret

00000000800026f0 <raise>:
    800026f0:	85aa                	mv	a1,a0
    800026f2:	00001517          	auipc	a0,0x1
    800026f6:	b8653503          	ld	a0,-1146(a0) # 80003278 <_impure_ptr>
    800026fa:	bf3d                	j	80002638 <_raise_r>

00000000800026fc <signal>:
    800026fc:	862e                	mv	a2,a1
    800026fe:	85aa                	mv	a1,a0
    80002700:	00001517          	auipc	a0,0x1
    80002704:	b7853503          	ld	a0,-1160(a0) # 80003278 <_impure_ptr>
    80002708:	b5fd                	j	800025f6 <_signal_r>

000000008000270a <_init_signal>:
    8000270a:	00001517          	auipc	a0,0x1
    8000270e:	b6e53503          	ld	a0,-1170(a0) # 80003278 <_impure_ptr>
    80002712:	b56d                	j	800025bc <_init_signal_r>

0000000080002714 <__sigtramp>:
    80002714:	85aa                	mv	a1,a0
    80002716:	00001517          	auipc	a0,0x1
    8000271a:	b6253503          	ld	a0,-1182(a0) # 80003278 <_impure_ptr>
    8000271e:	bfb5                	j	8000269a <__sigtramp_r>

0000000080002720 <_kill_r>:
    80002720:	1141                	addi	sp,sp,-16
    80002722:	e022                	sd	s0,0(sp)
    80002724:	842a                	mv	s0,a0
    80002726:	852e                	mv	a0,a1
    80002728:	85b2                	mv	a1,a2
    8000272a:	8801a023          	sw	zero,-1920(gp) # 800032f8 <errno>
    8000272e:	e406                	sd	ra,8(sp)
    80002730:	292000ef          	jal	800029c2 <_kill>
    80002734:	57fd                	li	a5,-1
    80002736:	00f51663          	bne	a0,a5,80002742 <_kill_r+0x22>
    8000273a:	8801a783          	lw	a5,-1920(gp) # 800032f8 <errno>
    8000273e:	c391                	beqz	a5,80002742 <_kill_r+0x22>
    80002740:	c01c                	sw	a5,0(s0)
    80002742:	60a2                	ld	ra,8(sp)
    80002744:	6402                	ld	s0,0(sp)
    80002746:	0141                	addi	sp,sp,16
    80002748:	8082                	ret

000000008000274a <_getpid_r>:
    8000274a:	a4b5                	j	800029b6 <_getpid>

000000008000274c <memmove>:
    8000274c:	c215                	beqz	a2,80002770 <memmove+0x24>
    8000274e:	832a                	mv	t1,a0
    80002750:	4685                	li	a3,1
    80002752:	00b56763          	bltu	a0,a1,80002760 <memmove+0x14>
    80002756:	56fd                	li	a3,-1
    80002758:	fff60713          	addi	a4,a2,-1
    8000275c:	933a                	add	t1,t1,a4
    8000275e:	95ba                	add	a1,a1,a4
    80002760:	00058383          	lb	t2,0(a1)
    80002764:	00730023          	sb	t2,0(t1)
    80002768:	167d                	addi	a2,a2,-1
    8000276a:	9336                	add	t1,t1,a3
    8000276c:	95b6                	add	a1,a1,a3
    8000276e:	fa6d                	bnez	a2,80002760 <memmove+0x14>
    80002770:	8082                	ret

0000000080002772 <memcpy>:
    80002772:	832a                	mv	t1,a0
    80002774:	ca09                	beqz	a2,80002786 <memcpy+0x14>
    80002776:	00058383          	lb	t2,0(a1)
    8000277a:	00730023          	sb	t2,0(t1)
    8000277e:	167d                	addi	a2,a2,-1
    80002780:	0305                	addi	t1,t1,1
    80002782:	0585                	addi	a1,a1,1
    80002784:	fa6d                	bnez	a2,80002776 <memcpy+0x4>
    80002786:	8082                	ret

0000000080002788 <_realloc_r>:
    80002788:	7179                	addi	sp,sp,-48
    8000278a:	f022                	sd	s0,32(sp)
    8000278c:	f406                	sd	ra,40(sp)
    8000278e:	ec26                	sd	s1,24(sp)
    80002790:	e84a                	sd	s2,16(sp)
    80002792:	e44e                	sd	s3,8(sp)
    80002794:	e052                	sd	s4,0(sp)
    80002796:	8432                	mv	s0,a2
    80002798:	e999                	bnez	a1,800027ae <_realloc_r+0x26>
    8000279a:	7402                	ld	s0,32(sp)
    8000279c:	70a2                	ld	ra,40(sp)
    8000279e:	64e2                	ld	s1,24(sp)
    800027a0:	6942                	ld	s2,16(sp)
    800027a2:	69a2                	ld	s3,8(sp)
    800027a4:	6a02                	ld	s4,0(sp)
    800027a6:	85b2                	mv	a1,a2
    800027a8:	6145                	addi	sp,sp,48
    800027aa:	9d7fe06f          	j	80001180 <_malloc_r>
    800027ae:	ee09                	bnez	a2,800027c8 <_realloc_r+0x40>
    800027b0:	898ff0ef          	jal	80001848 <_free_r>
    800027b4:	4481                	li	s1,0
    800027b6:	70a2                	ld	ra,40(sp)
    800027b8:	7402                	ld	s0,32(sp)
    800027ba:	6942                	ld	s2,16(sp)
    800027bc:	69a2                	ld	s3,8(sp)
    800027be:	6a02                	ld	s4,0(sp)
    800027c0:	8526                	mv	a0,s1
    800027c2:	64e2                	ld	s1,24(sp)
    800027c4:	6145                	addi	sp,sp,48
    800027c6:	8082                	ret
    800027c8:	8a2a                	mv	s4,a0
    800027ca:	84ae                	mv	s1,a1
    800027cc:	188000ef          	jal	80002954 <_malloc_usable_size_r>
    800027d0:	892a                	mv	s2,a0
    800027d2:	00856663          	bltu	a0,s0,800027de <_realloc_r+0x56>
    800027d6:	00155793          	srli	a5,a0,0x1
    800027da:	fc87eee3          	bltu	a5,s0,800027b6 <_realloc_r+0x2e>
    800027de:	85a2                	mv	a1,s0
    800027e0:	8552                	mv	a0,s4
    800027e2:	99ffe0ef          	jal	80001180 <_malloc_r>
    800027e6:	89aa                	mv	s3,a0
    800027e8:	e119                	bnez	a0,800027ee <_realloc_r+0x66>
    800027ea:	84ce                	mv	s1,s3
    800027ec:	b7e9                	j	800027b6 <_realloc_r+0x2e>
    800027ee:	8622                	mv	a2,s0
    800027f0:	00897363          	bgeu	s2,s0,800027f6 <_realloc_r+0x6e>
    800027f4:	864a                	mv	a2,s2
    800027f6:	85a6                	mv	a1,s1
    800027f8:	854e                	mv	a0,s3
    800027fa:	f79ff0ef          	jal	80002772 <memcpy>
    800027fe:	85a6                	mv	a1,s1
    80002800:	8552                	mv	a0,s4
    80002802:	846ff0ef          	jal	80001848 <_free_r>
    80002806:	b7d5                	j	800027ea <_realloc_r+0x62>

0000000080002808 <__swhatbuf_r>:
    80002808:	7175                	addi	sp,sp,-144
    8000280a:	e122                	sd	s0,128(sp)
    8000280c:	842e                	mv	s0,a1
    8000280e:	01259583          	lh	a1,18(a1)
    80002812:	fca6                	sd	s1,120(sp)
    80002814:	f8ca                	sd	s2,112(sp)
    80002816:	e506                	sd	ra,136(sp)
    80002818:	84b2                	mv	s1,a2
    8000281a:	8936                	mv	s2,a3
    8000281c:	0205d363          	bgez	a1,80002842 <__swhatbuf_r+0x3a>
    80002820:	01045783          	lhu	a5,16(s0)
    80002824:	0807f793          	andi	a5,a5,128
    80002828:	eb95                	bnez	a5,8000285c <__swhatbuf_r+0x54>
    8000282a:	40000713          	li	a4,1024
    8000282e:	60aa                	ld	ra,136(sp)
    80002830:	640a                	ld	s0,128(sp)
    80002832:	00f92023          	sw	a5,0(s2)
    80002836:	e098                	sd	a4,0(s1)
    80002838:	7946                	ld	s2,112(sp)
    8000283a:	74e6                	ld	s1,120(sp)
    8000283c:	4501                	li	a0,0
    8000283e:	6149                	addi	sp,sp,144
    80002840:	8082                	ret
    80002842:	0030                	addi	a2,sp,8
    80002844:	0be000ef          	jal	80002902 <_fstat_r>
    80002848:	fc054ce3          	bltz	a0,80002820 <__swhatbuf_r+0x18>
    8000284c:	47b2                	lw	a5,12(sp)
    8000284e:	673d                	lui	a4,0xf
    80002850:	8ff9                	and	a5,a5,a4
    80002852:	6709                	lui	a4,0x2
    80002854:	8f99                	sub	a5,a5,a4
    80002856:	0017b793          	seqz	a5,a5
    8000285a:	bfc1                	j	8000282a <__swhatbuf_r+0x22>
    8000285c:	4781                	li	a5,0
    8000285e:	04000713          	li	a4,64
    80002862:	b7f1                	j	8000282e <__swhatbuf_r+0x26>

0000000080002864 <__smakebuf_r>:
    80002864:	0105d783          	lhu	a5,16(a1)
    80002868:	7139                	addi	sp,sp,-64
    8000286a:	f822                	sd	s0,48(sp)
    8000286c:	fc06                	sd	ra,56(sp)
    8000286e:	f426                	sd	s1,40(sp)
    80002870:	f04a                	sd	s2,32(sp)
    80002872:	ec4e                	sd	s3,24(sp)
    80002874:	8b89                	andi	a5,a5,2
    80002876:	842e                	mv	s0,a1
    80002878:	cf91                	beqz	a5,80002894 <__smakebuf_r+0x30>
    8000287a:	07f40793          	addi	a5,s0,127
    8000287e:	e01c                	sd	a5,0(s0)
    80002880:	ec1c                	sd	a5,24(s0)
    80002882:	4785                	li	a5,1
    80002884:	d01c                	sw	a5,32(s0)
    80002886:	70e2                	ld	ra,56(sp)
    80002888:	7442                	ld	s0,48(sp)
    8000288a:	74a2                	ld	s1,40(sp)
    8000288c:	7902                	ld	s2,32(sp)
    8000288e:	69e2                	ld	s3,24(sp)
    80002890:	6121                	addi	sp,sp,64
    80002892:	8082                	ret
    80002894:	0054                	addi	a3,sp,4
    80002896:	0030                	addi	a2,sp,8
    80002898:	84aa                	mv	s1,a0
    8000289a:	f6fff0ef          	jal	80002808 <__swhatbuf_r>
    8000289e:	69a2                	ld	s3,8(sp)
    800028a0:	892a                	mv	s2,a0
    800028a2:	8526                	mv	a0,s1
    800028a4:	85ce                	mv	a1,s3
    800028a6:	8dbfe0ef          	jal	80001180 <_malloc_r>
    800028aa:	ed01                	bnez	a0,800028c2 <__smakebuf_r+0x5e>
    800028ac:	01041783          	lh	a5,16(s0)
    800028b0:	2007f713          	andi	a4,a5,512
    800028b4:	fb69                	bnez	a4,80002886 <__smakebuf_r+0x22>
    800028b6:	9bf1                	andi	a5,a5,-4
    800028b8:	0027e793          	ori	a5,a5,2
    800028bc:	00f41823          	sh	a5,16(s0)
    800028c0:	bf6d                	j	8000287a <__smakebuf_r+0x16>
    800028c2:	01045783          	lhu	a5,16(s0)
    800028c6:	e008                	sd	a0,0(s0)
    800028c8:	ec08                	sd	a0,24(s0)
    800028ca:	0807e793          	ori	a5,a5,128
    800028ce:	00f41823          	sh	a5,16(s0)
    800028d2:	4792                	lw	a5,4(sp)
    800028d4:	03342023          	sw	s3,32(s0)
    800028d8:	cf91                	beqz	a5,800028f4 <__smakebuf_r+0x90>
    800028da:	01241583          	lh	a1,18(s0)
    800028de:	8526                	mv	a0,s1
    800028e0:	04c000ef          	jal	8000292c <_isatty_r>
    800028e4:	c901                	beqz	a0,800028f4 <__smakebuf_r+0x90>
    800028e6:	01045783          	lhu	a5,16(s0)
    800028ea:	9bf1                	andi	a5,a5,-4
    800028ec:	0017e793          	ori	a5,a5,1
    800028f0:	00f41823          	sh	a5,16(s0)
    800028f4:	01045783          	lhu	a5,16(s0)
    800028f8:	0127e533          	or	a0,a5,s2
    800028fc:	00a41823          	sh	a0,16(s0)
    80002900:	b759                	j	80002886 <__smakebuf_r+0x22>

0000000080002902 <_fstat_r>:
    80002902:	1141                	addi	sp,sp,-16
    80002904:	e022                	sd	s0,0(sp)
    80002906:	842a                	mv	s0,a0
    80002908:	852e                	mv	a0,a1
    8000290a:	85b2                	mv	a1,a2
    8000290c:	8801a023          	sw	zero,-1920(gp) # 800032f8 <errno>
    80002910:	e406                	sd	ra,8(sp)
    80002912:	090000ef          	jal	800029a2 <_fstat>
    80002916:	57fd                	li	a5,-1
    80002918:	00f51663          	bne	a0,a5,80002924 <_fstat_r+0x22>
    8000291c:	8801a783          	lw	a5,-1920(gp) # 800032f8 <errno>
    80002920:	c391                	beqz	a5,80002924 <_fstat_r+0x22>
    80002922:	c01c                	sw	a5,0(s0)
    80002924:	60a2                	ld	ra,8(sp)
    80002926:	6402                	ld	s0,0(sp)
    80002928:	0141                	addi	sp,sp,16
    8000292a:	8082                	ret

000000008000292c <_isatty_r>:
    8000292c:	1141                	addi	sp,sp,-16
    8000292e:	e022                	sd	s0,0(sp)
    80002930:	842a                	mv	s0,a0
    80002932:	852e                	mv	a0,a1
    80002934:	8801a023          	sw	zero,-1920(gp) # 800032f8 <errno>
    80002938:	e406                	sd	ra,8(sp)
    8000293a:	080000ef          	jal	800029ba <_isatty>
    8000293e:	57fd                	li	a5,-1
    80002940:	00f51663          	bne	a0,a5,8000294c <_isatty_r+0x20>
    80002944:	8801a783          	lw	a5,-1920(gp) # 800032f8 <errno>
    80002948:	c391                	beqz	a5,8000294c <_isatty_r+0x20>
    8000294a:	c01c                	sw	a5,0(s0)
    8000294c:	60a2                	ld	ra,8(sp)
    8000294e:	6402                	ld	s0,0(sp)
    80002950:	0141                	addi	sp,sp,16
    80002952:	8082                	ret

0000000080002954 <_malloc_usable_size_r>:
    80002954:	ff85b503          	ld	a0,-8(a1)
    80002958:	0005079b          	sext.w	a5,a0
    8000295c:	1561                	addi	a0,a0,-8
    8000295e:	0007d663          	bgez	a5,8000296a <_malloc_usable_size_r+0x16>
    80002962:	95aa                	add	a1,a1,a0
    80002964:	6188                	ld	a0,0(a1)
    80002966:	17e1                	addi	a5,a5,-8
    80002968:	953e                	add	a0,a0,a5
    8000296a:	8082                	ret

000000008000296c <_close>:
#include <errno.h>
#include "syscall.h"

int _close(int file)
{
    8000296c:	1141                	addi	sp,sp,-16
    8000296e:	e406                	sd	ra,8(sp)
    errno = EBADF;
    80002970:	158000ef          	jal	80002ac8 <__errno>
    return -1;
}
    80002974:	60a2                	ld	ra,8(sp)
    errno = EBADF;
    80002976:	47a5                	li	a5,9
    80002978:	c11c                	sw	a5,0(a0)
}
    8000297a:	557d                	li	a0,-1
    8000297c:	0141                	addi	sp,sp,16
    8000297e:	8082                	ret

0000000080002980 <_exit>:
#include "syscall.h"
#include "htif.h"

void __attribute__ ((noreturn)) _exit(int code)
{
    uint64_t cmd = HTIF_TOHOST(0, 0, (code << 1) | 0x1);
    80002980:	0015179b          	slliw	a5,a0,0x1
    80002984:	0017e793          	ori	a5,a5,1
    80002988:	2781                	sext.w	a5,a5
    8000298a:	07c2                	slli	a5,a5,0x10
    8000298c:	83c1                	srli	a5,a5,0x10
    8000298e:	00000717          	auipc	a4,0x0
    80002992:	6f270713          	addi	a4,a4,1778 # 80003080 <tohost>
    for (;;) {
        fromhost = 0;
    80002996:	00000697          	auipc	a3,0x0
    8000299a:	6e06b923          	sd	zero,1778(a3) # 80003088 <fromhost>
        tohost = cmd;
    8000299e:	e31c                	sd	a5,0(a4)
    for (;;) {
    800029a0:	bfdd                	j	80002996 <_exit+0x16>

00000000800029a2 <_fstat>:
#include <errno.h>
#include <sys/stat.h>
#include "syscall.h"

int _fstat(int file, struct stat *st)
{
    800029a2:	1141                	addi	sp,sp,-16
    800029a4:	e406                	sd	ra,8(sp)
    errno = EBADF;
    800029a6:	122000ef          	jal	80002ac8 <__errno>
    return -1;
}
    800029aa:	60a2                	ld	ra,8(sp)
    errno = EBADF;
    800029ac:	47a5                	li	a5,9
    800029ae:	c11c                	sw	a5,0(a0)
}
    800029b0:	557d                	li	a0,-1
    800029b2:	0141                	addi	sp,sp,16
    800029b4:	8082                	ret

00000000800029b6 <_getpid>:
#include "syscall.h"

int _getpid(void)
{
    return 1;
}
    800029b6:	4505                	li	a0,1
    800029b8:	8082                	ret

00000000800029ba <_isatty>:
#include <unistd.h>
#include "syscall.h"

int _isatty(int file)
{
    return (file == STDOUT_FILENO || file == STDERR_FILENO);
    800029ba:	357d                	addiw	a0,a0,-1
}
    800029bc:	00253513          	sltiu	a0,a0,2
    800029c0:	8082                	ret

00000000800029c2 <_kill>:
#include <errno.h>
#include "syscall.h"

int _kill(int pid, int sig)
{
    800029c2:	1141                	addi	sp,sp,-16
    800029c4:	e406                	sd	ra,8(sp)
    errno = EINVAL;
    800029c6:	102000ef          	jal	80002ac8 <__errno>
    return -1;
}
    800029ca:	60a2                	ld	ra,8(sp)
    errno = EINVAL;
    800029cc:	47d9                	li	a5,22
    800029ce:	c11c                	sw	a5,0(a0)
}
    800029d0:	557d                	li	a0,-1
    800029d2:	0141                	addi	sp,sp,16
    800029d4:	8082                	ret

00000000800029d6 <_lseek>:
#include <errno.h>
#include <sys/types.h>
#include "syscall.h"

off_t _lseek(int file, off_t ptr, int dir)
{
    800029d6:	1141                	addi	sp,sp,-16
    800029d8:	e406                	sd	ra,8(sp)
    errno = EBADF;
    800029da:	0ee000ef          	jal	80002ac8 <__errno>
    return -1;
}
    800029de:	60a2                	ld	ra,8(sp)
    errno = EBADF;
    800029e0:	47a5                	li	a5,9
    800029e2:	c11c                	sw	a5,0(a0)
}
    800029e4:	557d                	li	a0,-1
    800029e6:	0141                	addi	sp,sp,16
    800029e8:	8082                	ret

00000000800029ea <_read>:
#include <errno.h>
#include <sys/types.h>
#include "syscall.h"

ssize_t _read(int file, void *ptr, size_t len)
{
    800029ea:	1141                	addi	sp,sp,-16
    800029ec:	e406                	sd	ra,8(sp)
    errno = ENOSYS;
    800029ee:	0da000ef          	jal	80002ac8 <__errno>
    return -1;
}
    800029f2:	60a2                	ld	ra,8(sp)
    errno = ENOSYS;
    800029f4:	05800793          	li	a5,88
    800029f8:	c11c                	sw	a5,0(a0)
}
    800029fa:	557d                	li	a0,-1
    800029fc:	0141                	addi	sp,sp,16
    800029fe:	8082                	ret

0000000080002a00 <_sbrk>:
{
    extern char __heap_end[];
    char *newbrk;
    char *oldbrk;

    oldbrk = curbrk;
    80002a00:	00001717          	auipc	a4,0x1
    80002a04:	88070713          	addi	a4,a4,-1920 # 80003280 <curbrk>
    80002a08:	631c                	ld	a5,0(a4)
    newbrk = oldbrk + incr;
    if (unlikely((newbrk < _end) || (newbrk >= __heap_end))) {
    80002a0a:	be018693          	addi	a3,gp,-1056 # 80003658 <_end>
    newbrk = oldbrk + incr;
    80002a0e:	953e                	add	a0,a0,a5
    if (unlikely((newbrk < _end) || (newbrk >= __heap_end))) {
    80002a10:	00d56b63          	bltu	a0,a3,80002a26 <_sbrk+0x26>
    80002a14:	00021697          	auipc	a3,0x21
    80002a18:	5ec68693          	addi	a3,a3,1516 # 80024000 <__heap_end>
    80002a1c:	00d57563          	bgeu	a0,a3,80002a26 <_sbrk+0x26>
        errno = ENOMEM;
        return (void *)(-1);
    }

    curbrk = newbrk;
    80002a20:	e308                	sd	a0,0(a4)
    return oldbrk;
}
    80002a22:	853e                	mv	a0,a5
    80002a24:	8082                	ret
{
    80002a26:	1141                	addi	sp,sp,-16
    80002a28:	e406                	sd	ra,8(sp)
        errno = ENOMEM;
    80002a2a:	09e000ef          	jal	80002ac8 <__errno>
}
    80002a2e:	60a2                	ld	ra,8(sp)
        errno = ENOMEM;
    80002a30:	47b1                	li	a5,12
    80002a32:	c11c                	sw	a5,0(a0)
        return (void *)(-1);
    80002a34:	57fd                	li	a5,-1
}
    80002a36:	853e                	mv	a0,a5
    80002a38:	0141                	addi	sp,sp,16
    80002a3a:	8082                	ret

0000000080002a3c <_write>:
#include <sys/types.h>
#include "syscall.h"

ssize_t _write(int fd, const void *ptr, size_t len)
{
    return SYSCALL3(SYS_write, fd, (uintptr_t)ptr, len);
    80002a3c:	04000693          	li	a3,64
    80002a40:	a80d                	j	80002a72 <htif_syscall>

0000000080002a42 <__init_tls>:
#include <string.h>

void __init_tls(void)
{
    80002a42:	1141                	addi	sp,sp,-16
    extern char __tdata_start[];
    extern char __tbss_offset[];
    extern char __tdata_size[];
    extern char __tbss_size[];

    memcpy(__thread_self, __tdata_start, (size_t)__tdata_size);
    80002a44:	00000613          	li	a2,0
    80002a48:	00000597          	auipc	a1,0x0
    80002a4c:	25c58593          	addi	a1,a1,604 # 80002ca4 <__tbss_end>
    80002a50:	8512                	mv	a0,tp
{
    80002a52:	e022                	sd	s0,0(sp)
    80002a54:	e406                	sd	ra,8(sp)
    memcpy(__thread_self, __tdata_start, (size_t)__tdata_size);
    80002a56:	8412                	mv	s0,tp
    80002a58:	d1bff0ef          	jal	80002772 <memcpy>
    memset(__thread_self + (size_t)__tbss_offset, 0, (size_t)__tbss_size);
    80002a5c:	00000513          	li	a0,0
    80002a60:	9522                	add	a0,a0,s0
}
    80002a62:	6402                	ld	s0,0(sp)
    80002a64:	60a2                	ld	ra,8(sp)
    memset(__thread_self + (size_t)__tbss_offset, 0, (size_t)__tbss_size);
    80002a66:	00000613          	li	a2,0
    80002a6a:	4581                	li	a1,0
}
    80002a6c:	0141                	addi	sp,sp,16
    memset(__thread_self + (size_t)__tbss_offset, 0, (size_t)__tbss_size);
    80002a6e:	dbbfe06f          	j	80001828 <memset>

0000000080002a72 <htif_syscall>:
volatile uint64_t fromhost __attribute__ ((section (".htif")));

static spinlock_t htif_lock = SPINLOCK_INIT;

long htif_syscall(uint64_t a0, uint64_t a1, uint64_t a2, unsigned long n)
{
    80002a72:	7139                	addi	sp,sp,-64
    volatile uint64_t buf[8];
    uint64_t sc;

    buf[0] = n;
    80002a74:	e036                	sd	a3,0(sp)
    buf[1] = a0;
    80002a76:	e42a                	sd	a0,8(sp)
    buf[2] = a1;
    buf[3] = a2;

    sc = HTIF_TOHOST(0, 0, (uintptr_t)&buf);
    80002a78:	fff007b7          	lui	a5,0xfff00
    buf[2] = a1;
    80002a7c:	e82e                	sd	a1,16(sp)
    sc = HTIF_TOHOST(0, 0, (uintptr_t)&buf);
    80002a7e:	83c1                	srli	a5,a5,0x10
    buf[3] = a2;
    80002a80:	ec32                	sd	a2,24(sp)
    sc = HTIF_TOHOST(0, 0, (uintptr_t)&buf);
    80002a82:	860a                	mv	a2,sp
    80002a84:	8e7d                	and	a2,a2,a5
    spin_lock(&htif_lock);
    80002a86:	88818713          	addi	a4,gp,-1912 # 80003300 <htif_lock>

static inline long atomic_swap_acquire(atomic_t *p, atomic_t v)
{
    long n;
#ifdef __riscv_atomic
    __asm__ __volatile__ (
    80002a8a:	56fd                	li	a3,-1
    return *((volatile const atomic_t *)p);
    80002a8c:	431c                	lw	a5,0(a4)

static inline void spin_lock(spinlock_t *lock)
{
    do {
#ifdef __riscv_atomic
        while (atomic_load(&lock->lock));
    80002a8e:	fffd                	bnez	a5,80002a8c <htif_syscall+0x1a>
    __asm__ __volatile__ (
    80002a90:	0cd727af          	amoswap.w.aq	a5,a3,(a4)
#endif
    } while (atomic_swap_acquire(&lock->lock, -1));
    80002a94:	ffe5                	bnez	a5,80002a8c <htif_syscall+0x1a>
static inline void wmb(void) { fence(w, w); }
    80002a96:	0110000f          	fence	w,w
    wmb();
    tohost = sc;
    80002a9a:	00000697          	auipc	a3,0x0
    80002a9e:	5e668693          	addi	a3,a3,1510 # 80003080 <tohost>
    80002aa2:	e290                	sd	a2,0(a3)
    while (fromhost == 0);
    80002aa4:	669c                	ld	a5,8(a3)
    80002aa6:	dffd                	beqz	a5,80002aa4 <htif_syscall+0x32>
    fromhost = 0;
    80002aa8:	00000797          	auipc	a5,0x0
    80002aac:	5e07b023          	sd	zero,1504(a5) # 80003088 <fromhost>
}

static inline void atomic_clear_release(atomic_t *p)
{
#ifdef __riscv_atomic
    __asm__ __volatile__ (
    80002ab0:	0a07202f          	amoswap.w.rl	zero,zero,(a4)
static inline void rmb(void) { fence(r, r); }
    80002ab4:	0220000f          	fence	r,r
    spin_unlock(&htif_lock);

    rmb();
    return buf[0];
    80002ab8:	6502                	ld	a0,0(sp)
}
    80002aba:	6121                	addi	sp,sp,64
    80002abc:	8082                	ret

0000000080002abe <atexit>:
    80002abe:	85aa                	mv	a1,a0
    80002ac0:	4681                	li	a3,0
    80002ac2:	4601                	li	a2,0
    80002ac4:	4501                	li	a0,0
    80002ac6:	a045                	j	80002b66 <__register_exitproc>

0000000080002ac8 <__errno>:
    80002ac8:	00000517          	auipc	a0,0x0
    80002acc:	7b053503          	ld	a0,1968(a0) # 80003278 <_impure_ptr>
    80002ad0:	8082                	ret

0000000080002ad2 <__libc_init_array>:
    80002ad2:	1101                	addi	sp,sp,-32
    80002ad4:	e822                	sd	s0,16(sp)
    80002ad6:	e426                	sd	s1,8(sp)
    80002ad8:	00000417          	auipc	s0,0x0
    80002adc:	57040413          	addi	s0,s0,1392 # 80003048 <__fini_array_end>
    80002ae0:	00000497          	auipc	s1,0x0
    80002ae4:	56848493          	addi	s1,s1,1384 # 80003048 <__fini_array_end>
    80002ae8:	8c81                	sub	s1,s1,s0
    80002aea:	e04a                	sd	s2,0(sp)
    80002aec:	ec06                	sd	ra,24(sp)
    80002aee:	848d                	srai	s1,s1,0x3
    80002af0:	4901                	li	s2,0
    80002af2:	02991563          	bne	s2,s1,80002b1c <__libc_init_array+0x4a>
    80002af6:	00000417          	auipc	s0,0x0
    80002afa:	55240413          	addi	s0,s0,1362 # 80003048 <__fini_array_end>
    80002afe:	00000497          	auipc	s1,0x0
    80002b02:	54a48493          	addi	s1,s1,1354 # 80003048 <__fini_array_end>
    80002b06:	8c81                	sub	s1,s1,s0
    80002b08:	848d                	srai	s1,s1,0x3
    80002b0a:	4901                	li	s2,0
    80002b0c:	00991d63          	bne	s2,s1,80002b26 <__libc_init_array+0x54>
    80002b10:	60e2                	ld	ra,24(sp)
    80002b12:	6442                	ld	s0,16(sp)
    80002b14:	64a2                	ld	s1,8(sp)
    80002b16:	6902                	ld	s2,0(sp)
    80002b18:	6105                	addi	sp,sp,32
    80002b1a:	8082                	ret
    80002b1c:	601c                	ld	a5,0(s0)
    80002b1e:	0905                	addi	s2,s2,1
    80002b20:	0421                	addi	s0,s0,8
    80002b22:	9782                	jalr	a5
    80002b24:	b7f9                	j	80002af2 <__libc_init_array+0x20>
    80002b26:	601c                	ld	a5,0(s0)
    80002b28:	0905                	addi	s2,s2,1
    80002b2a:	0421                	addi	s0,s0,8
    80002b2c:	9782                	jalr	a5
    80002b2e:	bff9                	j	80002b0c <__libc_init_array+0x3a>

0000000080002b30 <__libc_fini_array>:
    80002b30:	1101                	addi	sp,sp,-32
    80002b32:	e822                	sd	s0,16(sp)
    80002b34:	e426                	sd	s1,8(sp)
    80002b36:	00000417          	auipc	s0,0x0
    80002b3a:	51240413          	addi	s0,s0,1298 # 80003048 <__fini_array_end>
    80002b3e:	00000497          	auipc	s1,0x0
    80002b42:	50a48493          	addi	s1,s1,1290 # 80003048 <__fini_array_end>
    80002b46:	8c05                	sub	s0,s0,s1
    80002b48:	ec06                	sd	ra,24(sp)
    80002b4a:	840d                	srai	s0,s0,0x3
    80002b4c:	e411                	bnez	s0,80002b58 <__libc_fini_array+0x28>
    80002b4e:	60e2                	ld	ra,24(sp)
    80002b50:	6442                	ld	s0,16(sp)
    80002b52:	64a2                	ld	s1,8(sp)
    80002b54:	6105                	addi	sp,sp,32
    80002b56:	8082                	ret
    80002b58:	147d                	addi	s0,s0,-1
    80002b5a:	00341793          	slli	a5,s0,0x3
    80002b5e:	97a6                	add	a5,a5,s1
    80002b60:	639c                	ld	a5,0(a5)
    80002b62:	9782                	jalr	a5
    80002b64:	b7e5                	j	80002b4c <__libc_fini_array+0x1c>

0000000080002b66 <__register_exitproc>:
    80002b66:	88aa                	mv	a7,a0
    80002b68:	89818513          	addi	a0,gp,-1896 # 80003310 <__atexit>
    80002b6c:	6118                	ld	a4,0(a0)
    80002b6e:	ef01                	bnez	a4,80002b86 <__register_exitproc+0x20>
    80002b70:	ac818793          	addi	a5,gp,-1336 # 80003540 <__atexit0>
    80002b74:	e11c                	sd	a5,0(a0)
    80002b76:	00000713          	li	a4,0
    80002b7a:	c701                	beqz	a4,80002b82 <__register_exitproc+0x1c>
    80002b7c:	6318                	ld	a4,0(a4)
    80002b7e:	10e7b823          	sd	a4,272(a5)
    80002b82:	ac818713          	addi	a4,gp,-1336 # 80003540 <__atexit0>
    80002b86:	471c                	lw	a5,8(a4)
    80002b88:	487d                	li	a6,31
    80002b8a:	557d                	li	a0,-1
    80002b8c:	04f84763          	blt	a6,a5,80002bda <__register_exitproc+0x74>
    80002b90:	02088d63          	beqz	a7,80002bca <__register_exitproc+0x64>
    80002b94:	11073803          	ld	a6,272(a4)
    80002b98:	04080163          	beqz	a6,80002bda <__register_exitproc+0x74>
    80002b9c:	00379513          	slli	a0,a5,0x3
    80002ba0:	9542                	add	a0,a0,a6
    80002ba2:	e110                	sd	a2,0(a0)
    80002ba4:	20082303          	lw	t1,512(a6)
    80002ba8:	4605                	li	a2,1
    80002baa:	00f6163b          	sllw	a2,a2,a5
    80002bae:	00c36333          	or	t1,t1,a2
    80002bb2:	20682023          	sw	t1,512(a6)
    80002bb6:	10d53023          	sd	a3,256(a0)
    80002bba:	4689                	li	a3,2
    80002bbc:	00d89763          	bne	a7,a3,80002bca <__register_exitproc+0x64>
    80002bc0:	20482683          	lw	a3,516(a6)
    80002bc4:	8ed1                	or	a3,a3,a2
    80002bc6:	20d82223          	sw	a3,516(a6)
    80002bca:	0017869b          	addiw	a3,a5,1
    80002bce:	0789                	addi	a5,a5,2
    80002bd0:	078e                	slli	a5,a5,0x3
    80002bd2:	c714                	sw	a3,8(a4)
    80002bd4:	973e                	add	a4,a4,a5
    80002bd6:	e30c                	sd	a1,0(a4)
    80002bd8:	4501                	li	a0,0
    80002bda:	8082                	ret

0000000080002bdc <__call_exitprocs>:
    80002bdc:	711d                	addi	sp,sp,-96
    80002bde:	f852                	sd	s4,48(sp)
    80002be0:	f456                	sd	s5,40(sp)
    80002be2:	f05a                	sd	s6,32(sp)
    80002be4:	ec5e                	sd	s7,24(sp)
    80002be6:	ec86                	sd	ra,88(sp)
    80002be8:	e8a2                	sd	s0,80(sp)
    80002bea:	e4a6                	sd	s1,72(sp)
    80002bec:	e0ca                	sd	s2,64(sp)
    80002bee:	fc4e                	sd	s3,56(sp)
    80002bf0:	e862                	sd	s8,16(sp)
    80002bf2:	e466                	sd	s9,8(sp)
    80002bf4:	8aaa                	mv	s5,a0
    80002bf6:	8a2e                	mv	s4,a1
    80002bf8:	89818b13          	addi	s6,gp,-1896 # 80003310 <__atexit>
    80002bfc:	4b85                	li	s7,1
    80002bfe:	000b3483          	ld	s1,0(s6)
    80002c02:	cc81                	beqz	s1,80002c1a <__call_exitprocs+0x3e>
    80002c04:	4480                	lw	s0,8(s1)
    80002c06:	1104b983          	ld	s3,272(s1)
    80002c0a:	fff4091b          	addiw	s2,s0,-1
    80002c0e:	040e                	slli	s0,s0,0x3
    80002c10:	00898cb3          	add	s9,s3,s0
    80002c14:	9426                	add	s0,s0,s1
    80002c16:	00095f63          	bgez	s2,80002c34 <__call_exitprocs+0x58>
    80002c1a:	60e6                	ld	ra,88(sp)
    80002c1c:	6446                	ld	s0,80(sp)
    80002c1e:	64a6                	ld	s1,72(sp)
    80002c20:	6906                	ld	s2,64(sp)
    80002c22:	79e2                	ld	s3,56(sp)
    80002c24:	7a42                	ld	s4,48(sp)
    80002c26:	7aa2                	ld	s5,40(sp)
    80002c28:	7b02                	ld	s6,32(sp)
    80002c2a:	6be2                	ld	s7,24(sp)
    80002c2c:	6c42                	ld	s8,16(sp)
    80002c2e:	6ca2                	ld	s9,8(sp)
    80002c30:	6125                	addi	sp,sp,96
    80002c32:	8082                	ret
    80002c34:	000a0c63          	beqz	s4,80002c4c <__call_exitprocs+0x70>
    80002c38:	00099663          	bnez	s3,80002c44 <__call_exitprocs+0x68>
    80002c3c:	397d                	addiw	s2,s2,-1
    80002c3e:	1ce1                	addi	s9,s9,-8
    80002c40:	1461                	addi	s0,s0,-8
    80002c42:	bfd1                	j	80002c16 <__call_exitprocs+0x3a>
    80002c44:	0f8cb783          	ld	a5,248(s9)
    80002c48:	ff479ae3          	bne	a5,s4,80002c3c <__call_exitprocs+0x60>
    80002c4c:	449c                	lw	a5,8(s1)
    80002c4e:	6418                	ld	a4,8(s0)
    80002c50:	37fd                	addiw	a5,a5,-1
    80002c52:	03279963          	bne	a5,s2,80002c84 <__call_exitprocs+0xa8>
    80002c56:	0124a423          	sw	s2,8(s1)
    80002c5a:	d36d                	beqz	a4,80002c3c <__call_exitprocs+0x60>
    80002c5c:	0084ac03          	lw	s8,8(s1)
    80002c60:	00098963          	beqz	s3,80002c72 <__call_exitprocs+0x96>
    80002c64:	2009a783          	lw	a5,512(s3)
    80002c68:	012b96bb          	sllw	a3,s7,s2
    80002c6c:	8ff5                	and	a5,a5,a3
    80002c6e:	2781                	sext.w	a5,a5
    80002c70:	ef89                	bnez	a5,80002c8a <__call_exitprocs+0xae>
    80002c72:	9702                	jalr	a4
    80002c74:	4498                	lw	a4,8(s1)
    80002c76:	000b3783          	ld	a5,0(s6)
    80002c7a:	f98712e3          	bne	a4,s8,80002bfe <__call_exitprocs+0x22>
    80002c7e:	faf48fe3          	beq	s1,a5,80002c3c <__call_exitprocs+0x60>
    80002c82:	bfb5                	j	80002bfe <__call_exitprocs+0x22>
    80002c84:	00043423          	sd	zero,8(s0)
    80002c88:	bfc9                	j	80002c5a <__call_exitprocs+0x7e>
    80002c8a:	2049a783          	lw	a5,516(s3)
    80002c8e:	ff8cb583          	ld	a1,-8(s9)
    80002c92:	8ff5                	and	a5,a5,a3
    80002c94:	2781                	sext.w	a5,a5
    80002c96:	e781                	bnez	a5,80002c9e <__call_exitprocs+0xc2>
    80002c98:	8556                	mv	a0,s5
    80002c9a:	9702                	jalr	a4
    80002c9c:	bfe1                	j	80002c74 <__call_exitprocs+0x98>
    80002c9e:	852e                	mv	a0,a1
    80002ca0:	9702                	jalr	a4
    80002ca2:	bfc9                	j	80002c74 <__call_exitprocs+0x98>
