
/home/wtl/Voyager/tapeout-Voyager/software/embench/build_meek/nettle-aes.riscv:     file format elf64-littleriscv


Disassembly of section .text:

0000000080000000 <_start>:
    .global _start
    .type _start, @function
_start:
    .cfi_startproc

    li x1, 0
    80000000:	4081                	li	ra,0
    li x2, 0
    80000002:	4101                	li	sp,0
    li x3, 0
    80000004:	4181                	li	gp,0
    li x4, 0
    80000006:	4201                	li	tp,0
    li x5, 0
    80000008:	4281                	li	t0,0
    li x6, 0
    8000000a:	4301                	li	t1,0
    li x7, 0
    8000000c:	4381                	li	t2,0
    li x8, 0
    8000000e:	4401                	li	s0,0
    li x9, 0
    80000010:	4481                	li	s1,0
    li x10, 0
    80000012:	4501                	li	a0,0
    li x11, 0
    80000014:	4581                	li	a1,0
    li x12, 0
    80000016:	4601                	li	a2,0
    li x13, 0
    80000018:	4681                	li	a3,0
    li x14, 0
    8000001a:	4701                	li	a4,0
    li x15, 0
    8000001c:	4781                	li	a5,0
    li x16, 0
    8000001e:	4801                	li	a6,0
    li x17, 0
    80000020:	4881                	li	a7,0
    li x18, 0
    80000022:	4901                	li	s2,0
    li x19, 0
    80000024:	4981                	li	s3,0
    li x20, 0
    80000026:	4a01                	li	s4,0
    li x21, 0
    80000028:	4a81                	li	s5,0
    li x22, 0
    8000002a:	4b01                	li	s6,0
    li x23, 0
    8000002c:	4b81                	li	s7,0
    li x24, 0
    8000002e:	4c01                	li	s8,0
    li x25, 0
    80000030:	4c81                	li	s9,0
    li x26, 0
    80000032:	4d01                	li	s10,0
    li x27, 0
    80000034:	4d81                	li	s11,0
    li x28, 0
    80000036:	4e01                	li	t3,0
    li x29, 0
    80000038:	4e81                	li	t4,0
    li x30, 0
    8000003a:	4f01                	li	t5,0
    li x31, 0
    8000003c:	4f81                	li	t6,0

    li t0, (MSTATUS_FS | MSTATUS_XS | MSTATUS_VS)
    8000003e:	62f9                	lui	t0,0x1e
    80000040:	6002829b          	addiw	t0,t0,1536 # 1e600 <__stack_size+0x16600>
    csrs mstatus, t0
    80000044:	3002a073          	csrs	mstatus,t0

#ifdef __riscv_flen
    /* Initialize FPU if present */
    la t0, 1f
    80000048:	00000297          	auipc	t0,0x0
    8000004c:	09028293          	addi	t0,t0,144 # 800000d8 <_start+0xd8>
    csrw mtvec, t0
    80000050:	30529073          	csrw	mtvec,t0

    fscsr zero
    80000054:	00301073          	fscsr	zero
    fmv.s.x f0,  zero
    80000058:	f0000053          	fmv.w.x	ft0,zero
    fmv.s.x f1,  zero
    8000005c:	f00000d3          	fmv.w.x	ft1,zero
    fmv.s.x f2,  zero
    80000060:	f0000153          	fmv.w.x	ft2,zero
    fmv.s.x f3,  zero
    80000064:	f00001d3          	fmv.w.x	ft3,zero
    fmv.s.x f4,  zero
    80000068:	f0000253          	fmv.w.x	ft4,zero
    fmv.s.x f5,  zero
    8000006c:	f00002d3          	fmv.w.x	ft5,zero
    fmv.s.x f6,  zero
    80000070:	f0000353          	fmv.w.x	ft6,zero
    fmv.s.x f7,  zero
    80000074:	f00003d3          	fmv.w.x	ft7,zero
    fmv.s.x f8,  zero
    80000078:	f0000453          	fmv.w.x	fs0,zero
    fmv.s.x f9,  zero
    8000007c:	f00004d3          	fmv.w.x	fs1,zero
    fmv.s.x f10, zero
    80000080:	f0000553          	fmv.w.x	fa0,zero
    fmv.s.x f11, zero
    80000084:	f00005d3          	fmv.w.x	fa1,zero
    fmv.s.x f12, zero
    80000088:	f0000653          	fmv.w.x	fa2,zero
    fmv.s.x f13, zero
    8000008c:	f00006d3          	fmv.w.x	fa3,zero
    fmv.s.x f14, zero
    80000090:	f0000753          	fmv.w.x	fa4,zero
    fmv.s.x f15, zero
    80000094:	f00007d3          	fmv.w.x	fa5,zero
    fmv.s.x f16, zero
    80000098:	f0000853          	fmv.w.x	fa6,zero
    fmv.s.x f17, zero
    8000009c:	f00008d3          	fmv.w.x	fa7,zero
    fmv.s.x f18, zero
    800000a0:	f0000953          	fmv.w.x	fs2,zero
    fmv.s.x f19, zero
    800000a4:	f00009d3          	fmv.w.x	fs3,zero
    fmv.s.x f20, zero
    800000a8:	f0000a53          	fmv.w.x	fs4,zero
    fmv.s.x f21, zero
    800000ac:	f0000ad3          	fmv.w.x	fs5,zero
    fmv.s.x f22, zero
    800000b0:	f0000b53          	fmv.w.x	fs6,zero
    fmv.s.x f23, zero
    800000b4:	f0000bd3          	fmv.w.x	fs7,zero
    fmv.s.x f24, zero
    800000b8:	f0000c53          	fmv.w.x	fs8,zero
    fmv.s.x f25, zero
    800000bc:	f0000cd3          	fmv.w.x	fs9,zero
    fmv.s.x f26, zero
    800000c0:	f0000d53          	fmv.w.x	fs10,zero
    fmv.s.x f27, zero
    800000c4:	f0000dd3          	fmv.w.x	fs11,zero
    fmv.s.x f28, zero
    800000c8:	f0000e53          	fmv.w.x	ft8,zero
    fmv.s.x f29, zero
    800000cc:	f0000ed3          	fmv.w.x	ft9,zero
    fmv.s.x f30, zero
    800000d0:	f0000f53          	fmv.w.x	ft10,zero
    fmv.s.x f31, zero
    800000d4:	f0000fd3          	fmv.w.x	ft11,zero

    /* Initialize global pointer; disable relaxation to avoid relaxing
       the address calculation to "addi gp, gp, 0" */
    .option push
    .option norelax
    la gp, __global_pointer$
    800000d8:	00007197          	auipc	gp,0x7
    800000dc:	f0018193          	addi	gp,gp,-256 # 80006fd8 <__global_pointer$>
    .option pop

    /* Initialize thread pointer */
    csrr s0, mhartid
    800000e0:	f1402473          	csrr	s0,mhartid
    lui t0, %hi(__stack_shift)
    addi t0, t0, %lo(__stack_shift)
    800000e4:	00f00293          	li	t0,15
    la tp, __stack_start
    800000e8:	00027217          	auipc	tp,0x27
    800000ec:	f1820213          	addi	tp,tp,-232 # 80027000 <__heap_end>
    sll t0, s0, t0
    800000f0:	005412b3          	sll	t0,s0,t0
    add tp, tp, t0
    800000f4:	9216                	add	tp,tp,t0

    /* Initialize stack pointer */
    lui t0, %hi(__stack_size)
    800000f6:	62a1                	lui	t0,0x8
    addi t0, t0, %lo(__stack_size)
    800000f8:	00028293          	mv	t0,t0
    add sp, tp, t0
    800000fc:	00520133          	add	sp,tp,t0

    /* Initialize trap vector */
    la t0, trap_entry
    80000100:	00000297          	auipc	t0,0x0
    80000104:	04428293          	addi	t0,t0,68 # 80000144 <trap_entry>
    csrw mtvec, t0
    80000108:	30529073          	csrw	mtvec,t0

    /* Initialize TLS */
    call __init_tls
    8000010c:	0ef030ef          	jal	800039fa <__init_tls>

    /* Skip global initialization if not the designated boot hart */
    la t0, __boot_hart
    80000110:	00000293          	li	t0,0
    bne s0, t0, _start_secondary
    80000114:	00540463          	beq	s0,t0,8000011c <_start+0x11c>
    80000118:	0f60006f          	j	8000020e <_start_secondary>

    /* Zero BSS segment */
    la t0, __bss_start
    8000011c:	82018293          	addi	t0,gp,-2016 # 800067f8 <uart_lock>
    la t1, __bss_end
    80000120:	fb018313          	addi	t1,gp,-80 # 80006f88 <_end>
    bgeu t0, t1, 2f
    80000124:	0062f763          	bgeu	t0,t1,80000132 <_start+0x132>
1:
    SREG zero, (t0)
    80000128:	0002b023          	sd	zero,0(t0)
    addi t0, t0, REGBYTES
    8000012c:	02a1                	addi	t0,t0,8
    bltu t0, t1, 1b
    8000012e:	fe62ede3          	bltu	t0,t1,80000128 <_start+0x128>
2:

    /* Call global constructors */
    la a0, __libc_fini_array
    80000132:	00004517          	auipc	a0,0x4
    80000136:	9b650513          	addi	a0,a0,-1610 # 80003ae8 <__libc_fini_array>
    call atexit
    8000013a:	13d030ef          	jal	80003a76 <atexit>
    call __libc_init_array
    8000013e:	14d030ef          	jal	80003a8a <__libc_init_array>

    /* Call main function */
    tail _start_main
    80000142:	a075                	j	800001ee <_start_main>

0000000080000144 <trap_entry>:
    .cfi_endproc


    .align 2
trap_entry:
    csrw mscratch, sp
    80000144:	34011073          	csrw	mscratch,sp
    addi sp, sp, -(32*REGBYTES)
    80000148:	7111                	addi	sp,sp,-256

    /* Save trap frame */
    SREG x1, 1*REGBYTES(sp)
    8000014a:	e406                	sd	ra,8(sp)
    csrr x1, mscratch
    8000014c:	340020f3          	csrr	ra,mscratch
    SREG x1, 2*REGBYTES(sp)
    80000150:	e806                	sd	ra,16(sp)
    SREG x3, 3*REGBYTES(sp)
    80000152:	ec0e                	sd	gp,24(sp)
    SREG x4, 4*REGBYTES(sp)
    80000154:	f012                	sd	tp,32(sp)
    SREG x5, 5*REGBYTES(sp)
    80000156:	f416                	sd	t0,40(sp)
    SREG x6, 6*REGBYTES(sp)
    80000158:	f81a                	sd	t1,48(sp)
    SREG x7, 7*REGBYTES(sp)
    8000015a:	fc1e                	sd	t2,56(sp)
    SREG x8, 8*REGBYTES(sp)
    8000015c:	e0a2                	sd	s0,64(sp)
    SREG x9, 9*REGBYTES(sp)
    8000015e:	e4a6                	sd	s1,72(sp)
    SREG x10, 10*REGBYTES(sp)
    80000160:	e8aa                	sd	a0,80(sp)
    SREG x11, 11*REGBYTES(sp)
    80000162:	ecae                	sd	a1,88(sp)
    SREG x12, 12*REGBYTES(sp)
    80000164:	f0b2                	sd	a2,96(sp)
    SREG x13, 13*REGBYTES(sp)
    80000166:	f4b6                	sd	a3,104(sp)
    SREG x14, 14*REGBYTES(sp)
    80000168:	f8ba                	sd	a4,112(sp)
    SREG x15, 15*REGBYTES(sp)
    8000016a:	fcbe                	sd	a5,120(sp)
    SREG x16, 16*REGBYTES(sp)
    8000016c:	e142                	sd	a6,128(sp)
    SREG x17, 17*REGBYTES(sp)
    8000016e:	e546                	sd	a7,136(sp)
    SREG x18, 18*REGBYTES(sp)
    80000170:	e94a                	sd	s2,144(sp)
    SREG x19, 19*REGBYTES(sp)
    80000172:	ed4e                	sd	s3,152(sp)
    SREG x20, 20*REGBYTES(sp)
    80000174:	f152                	sd	s4,160(sp)
    SREG x21, 21*REGBYTES(sp)
    80000176:	f556                	sd	s5,168(sp)
    SREG x22, 22*REGBYTES(sp)
    80000178:	f95a                	sd	s6,176(sp)
    SREG x23, 23*REGBYTES(sp)
    8000017a:	fd5e                	sd	s7,184(sp)
    SREG x24, 24*REGBYTES(sp)
    8000017c:	e1e2                	sd	s8,192(sp)
    SREG x25, 25*REGBYTES(sp)
    8000017e:	e5e6                	sd	s9,200(sp)
    SREG x26, 26*REGBYTES(sp)
    80000180:	e9ea                	sd	s10,208(sp)
    SREG x27, 27*REGBYTES(sp)
    80000182:	edee                	sd	s11,216(sp)
    SREG x28, 28*REGBYTES(sp)
    80000184:	f1f2                	sd	t3,224(sp)
    SREG x29, 29*REGBYTES(sp)
    80000186:	f5f6                	sd	t4,232(sp)
    SREG x30, 30*REGBYTES(sp)
    80000188:	f9fa                	sd	t5,240(sp)
    SREG x31, 31*REGBYTES(sp)
    8000018a:	fdfe                	sd	t6,248(sp)

    /* Invoke higher-level trap handler */
    csrr a0, mepc
    8000018c:	34102573          	csrr	a0,mepc
    csrr a1, mcause
    80000190:	342025f3          	csrr	a1,mcause
    csrr a2, mtval
    80000194:	34302673          	csrr	a2,mtval
    mv a3, sp
    80000198:	868a                	mv	a3,sp
    call handle_trap
    8000019a:	142000ef          	jal	800002dc <handle_trap>
    csrw mepc, a0
    8000019e:	34151073          	csrw	mepc,a0

    /* Remain in M-mode after return */
    li t0, MSTATUS_MPP
    800001a2:	6289                	lui	t0,0x2
    800001a4:	8002829b          	addiw	t0,t0,-2048 # 1800 <__stack_align+0x17f0>
    csrs mstatus, t0
    800001a8:	3002a073          	csrs	mstatus,t0

    LREG x1, 1*REGBYTES(sp)
    800001ac:	60a2                	ld	ra,8(sp)
    LREG x3, 3*REGBYTES(sp)
    800001ae:	61e2                	ld	gp,24(sp)
    LREG x4, 4*REGBYTES(sp)
    800001b0:	7202                	ld	tp,32(sp)
    LREG x5, 5*REGBYTES(sp)
    800001b2:	72a2                	ld	t0,40(sp)
    LREG x6, 6*REGBYTES(sp)
    800001b4:	7342                	ld	t1,48(sp)
    LREG x7, 7*REGBYTES(sp)
    800001b6:	73e2                	ld	t2,56(sp)
    LREG x8, 8*REGBYTES(sp)
    800001b8:	6406                	ld	s0,64(sp)
    LREG x9, 9*REGBYTES(sp)
    800001ba:	64a6                	ld	s1,72(sp)
    LREG x10, 10*REGBYTES(sp)
    800001bc:	6546                	ld	a0,80(sp)
    LREG x11, 11*REGBYTES(sp)
    800001be:	65e6                	ld	a1,88(sp)
    LREG x12, 12*REGBYTES(sp)
    800001c0:	7606                	ld	a2,96(sp)
    LREG x13, 13*REGBYTES(sp)
    800001c2:	76a6                	ld	a3,104(sp)
    LREG x14, 14*REGBYTES(sp)
    800001c4:	7746                	ld	a4,112(sp)
    LREG x15, 15*REGBYTES(sp)
    800001c6:	77e6                	ld	a5,120(sp)
    LREG x16, 16*REGBYTES(sp)
    800001c8:	680a                	ld	a6,128(sp)
    LREG x17, 17*REGBYTES(sp)
    800001ca:	68aa                	ld	a7,136(sp)
    LREG x18, 18*REGBYTES(sp)
    800001cc:	694a                	ld	s2,144(sp)
    LREG x19, 19*REGBYTES(sp)
    800001ce:	69ea                	ld	s3,152(sp)
    LREG x20, 20*REGBYTES(sp)
    800001d0:	7a0a                	ld	s4,160(sp)
    LREG x21, 21*REGBYTES(sp)
    800001d2:	7aaa                	ld	s5,168(sp)
    LREG x22, 22*REGBYTES(sp)
    800001d4:	7b4a                	ld	s6,176(sp)
    LREG x23, 23*REGBYTES(sp)
    800001d6:	7bea                	ld	s7,184(sp)
    LREG x24, 24*REGBYTES(sp)
    800001d8:	6c0e                	ld	s8,192(sp)
    LREG x25, 25*REGBYTES(sp)
    800001da:	6cae                	ld	s9,200(sp)
    LREG x26, 26*REGBYTES(sp)
    800001dc:	6d4e                	ld	s10,208(sp)
    LREG x27, 27*REGBYTES(sp)
    800001de:	6dee                	ld	s11,216(sp)
    LREG x28, 28*REGBYTES(sp)
    800001e0:	7e0e                	ld	t3,224(sp)
    LREG x29, 29*REGBYTES(sp)
    800001e2:	7eae                	ld	t4,232(sp)
    LREG x30, 30*REGBYTES(sp)
    800001e4:	7f4e                	ld	t5,240(sp)
    LREG x31, 31*REGBYTES(sp)
    800001e6:	7fee                	ld	t6,248(sp)
    /* Restore sp last */
    LREG x2, 2*REGBYTES(sp)
    800001e8:	6142                	ld	sp,16(sp)

    mret
    800001ea:	30200073          	mret

00000000800001ee <_start_main>:
    .endm

    .global _start_main
    .type _start_main, @function
_start_main:
    BARRIER_PASS __boot_sync
    800001ee:	52fd                	li	t0,-1
    800001f0:	0110000f          	fence	w,w
    800001f4:	e851a823          	sw	t0,-368(gp) # 80006e68 <__boot_sync>
    ENTER main
    800001f8:	4505                	li	a0,1
    800001fa:	00006597          	auipc	a1,0x6
    800001fe:	28e58593          	addi	a1,a1,654 # 80006488 <argv>
    80000202:	8101b603          	ld	a2,-2032(gp) # 800067e8 <environ>
    80000206:	02a000ef          	jal	80000230 <main>
    8000020a:	6a50106f          	j	800020ae <exit>

000000008000020e <_start_secondary>:

    .global _start_secondary
    .type _start_secondary, @function
_start_secondary:
    /* Synchronize secondary harts */
    BARRIER_WAIT __boot_sync
    8000020e:	e901a283          	lw	t0,-368(gp) # 80006e68 <__boot_sync>
    80000212:	fe028ee3          	beqz	t0,8000020e <_start_secondary>
    80000216:	0220000f          	fence	r,r
    ENTER __main
    8000021a:	4505                	li	a0,1
    8000021c:	00006597          	auipc	a1,0x6
    80000220:	26c58593          	addi	a1,a1,620 # 80006488 <argv>
    80000224:	8101b603          	ld	a2,-2032(gp) # 800067e8 <environ>
    80000228:	710000ef          	jal	80000938 <__main>
    8000022c:	6830106f          	j	800020ae <exit>

0000000080000230 <main>:
    80000230:	fe010113          	addi	sp,sp,-32
    80000234:	00113c23          	sd	ra,24(sp)
    80000238:	15d000ef          	jal	80000b94 <initialise_board>
    8000023c:	619010ef          	jal	80002054 <initialise_benchmark>
    80000240:	00100513          	li	a0,1
    80000244:	615010ef          	jal	80002058 <warm_caches>
    80000248:	2d0000ef          	jal	80000518 <rStartup>
    8000024c:	151000ef          	jal	80000b9c <start_trigger>
    80000250:	60d010ef          	jal	8000205c <benchmark>
    80000254:	00a12623          	sw	a0,12(sp)
    80000258:	14d000ef          	jal	80000ba4 <stop_trigger>
    8000025c:	698000ef          	jal	800008f4 <rCleanup>
    80000260:	00c12503          	lw	a0,12(sp)
    80000264:	599010ef          	jal	80001ffc <verify_benchmark>
    80000268:	01813083          	ld	ra,24(sp)
    8000026c:	00153513          	seqz	a0,a0
    80000270:	02010113          	addi	sp,sp,32
    80000274:	00008067          	ret

0000000080000278 <mtimecmp_cfg>:
    80000278:	f1402873          	csrr	a6,mhartid
    8000027c:	004017b7          	lui	a5,0x401
    80000280:	80078793          	addi	a5,a5,-2048 # 400800 <__heap_size+0x3e0800>
    80000284:	00f80833          	add	a6,a6,a5
    80000288:	0200c6b7          	lui	a3,0x200c
    8000028c:	0200c537          	lui	a0,0x200c
    80000290:	00381813          	slli	a6,a6,0x3
    80000294:	ffc68693          	addi	a3,a3,-4 # 200bffc <__heap_size+0x1febffc>
    80000298:	ff850513          	addi	a0,a0,-8 # 200bff8 <__heap_size+0x1febff8>
    8000029c:	0006a703          	lw	a4,0(a3)
    800002a0:	00052783          	lw	a5,0(a0)
    800002a4:	0006a583          	lw	a1,0(a3)
    800002a8:	0007061b          	sext.w	a2,a4
    800002ac:	0007879b          	sext.w	a5,a5
    800002b0:	feb716e3          	bne	a4,a1,8000029c <mtimecmp_cfg+0x24>
    800002b4:	02079793          	slli	a5,a5,0x20
    800002b8:	0207d793          	srli	a5,a5,0x20
    800002bc:	02061613          	slli	a2,a2,0x20
    800002c0:	00f66633          	or	a2,a2,a5
    800002c4:	02060613          	addi	a2,a2,32
    800002c8:	0006079b          	sext.w	a5,a2
    800002cc:	00f82023          	sw	a5,0(a6)
    800002d0:	42065613          	srai	a2,a2,0x20
    800002d4:	00c82223          	sw	a2,4(a6)
    800002d8:	00008067          	ret

00000000800002dc <handle_trap>:
    800002dc:	f14027f3          	csrr	a5,mhartid
    800002e0:	0805dc63          	bgez	a1,80000378 <handle_trap+0x9c>
    800002e4:	34402773          	csrr	a4,mip
    800002e8:	00877713          	andi	a4,a4,8
    800002ec:	00070c63          	beqz	a4,80000304 <handle_trap+0x28>
    800002f0:	00800737          	lui	a4,0x800
    800002f4:	00e787b3          	add	a5,a5,a4
    800002f8:	00279793          	slli	a5,a5,0x2
    800002fc:	0007a023          	sw	zero,0(a5)
    80000300:	00008067          	ret
    80000304:	34402773          	csrr	a4,mip
    80000308:	08077713          	andi	a4,a4,128
    8000030c:	06070a63          	beqz	a4,80000380 <handle_trap+0xa4>
    80000310:	06079e63          	bnez	a5,8000038c <handle_trap+0xb0>
    80000314:	8801a783          	lw	a5,-1920(gp) # 80006858 <timer_flags>
    80000318:	88018713          	addi	a4,gp,-1920 # 80006858 <timer_flags>
    8000031c:	0017879b          	addiw	a5,a5,1
    80000320:	00f72023          	sw	a5,0(a4) # 800000 <__heap_size+0x7e0000>
    80000324:	00072683          	lw	a3,0(a4)
    80000328:	03100793          	li	a5,49
    8000032c:	0cd7ce63          	blt	a5,a3,80000408 <handle_trap+0x12c>
    80000330:	0200c6b7          	lui	a3,0x200c
    80000334:	0200c837          	lui	a6,0x200c
    80000338:	ffc68693          	addi	a3,a3,-4 # 200bffc <__heap_size+0x1febffc>
    8000033c:	ff880813          	addi	a6,a6,-8 # 200bff8 <__heap_size+0x1febff8>
    80000340:	0006a703          	lw	a4,0(a3)
    80000344:	00082783          	lw	a5,0(a6)
    80000348:	0006a603          	lw	a2,0(a3)
    8000034c:	0007059b          	sext.w	a1,a4
    80000350:	0007879b          	sext.w	a5,a5
    80000354:	fec716e3          	bne	a4,a2,80000340 <handle_trap+0x64>
    80000358:	02079793          	slli	a5,a5,0x20
    8000035c:	02059593          	slli	a1,a1,0x20
    80000360:	0207d793          	srli	a5,a5,0x20
    80000364:	00f5e7b3          	or	a5,a1,a5
    80000368:	02078793          	addi	a5,a5,32
    8000036c:	02004737          	lui	a4,0x2004
    80000370:	00f73023          	sd	a5,0(a4) # 2004000 <__heap_size+0x1fe4000>
    80000374:	00008067          	ret
    80000378:	00b00793          	li	a5,11
    8000037c:	00f58463          	beq	a1,a5,80000384 <handle_trap+0xa8>
    80000380:	00008067          	ret
    80000384:	00450513          	addi	a0,a0,4
    80000388:	00008067          	ret
    8000038c:	00100713          	li	a4,1
    80000390:	08e78e63          	beq	a5,a4,8000042c <handle_trap+0x150>
    80000394:	00200713          	li	a4,2
    80000398:	0ee78c63          	beq	a5,a4,80000490 <handle_trap+0x1b4>
    8000039c:	00300713          	li	a4,3
    800003a0:	fee790e3          	bne	a5,a4,80000380 <handle_trap+0xa4>
    800003a4:	88c1a783          	lw	a5,-1908(gp) # 80006864 <timer_flags+0xc>
    800003a8:	88018713          	addi	a4,gp,-1920 # 80006858 <timer_flags>
    800003ac:	0017879b          	addiw	a5,a5,1
    800003b0:	00f72623          	sw	a5,12(a4)
    800003b4:	00c72683          	lw	a3,12(a4)
    800003b8:	03100793          	li	a5,49
    800003bc:	14d7c863          	blt	a5,a3,8000050c <handle_trap+0x230>
    800003c0:	0200c6b7          	lui	a3,0x200c
    800003c4:	0200c837          	lui	a6,0x200c
    800003c8:	ffc68693          	addi	a3,a3,-4 # 200bffc <__heap_size+0x1febffc>
    800003cc:	ff880813          	addi	a6,a6,-8 # 200bff8 <__heap_size+0x1febff8>
    800003d0:	0006a703          	lw	a4,0(a3)
    800003d4:	00082783          	lw	a5,0(a6)
    800003d8:	0006a603          	lw	a2,0(a3)
    800003dc:	0007059b          	sext.w	a1,a4
    800003e0:	0007879b          	sext.w	a5,a5
    800003e4:	fec716e3          	bne	a4,a2,800003d0 <handle_trap+0xf4>
    800003e8:	02079793          	slli	a5,a5,0x20
    800003ec:	02059593          	slli	a1,a1,0x20
    800003f0:	0207d793          	srli	a5,a5,0x20
    800003f4:	00f5e7b3          	or	a5,a1,a5
    800003f8:	02004737          	lui	a4,0x2004
    800003fc:	02078793          	addi	a5,a5,32
    80000400:	00f73c23          	sd	a5,24(a4) # 2004018 <__heap_size+0x1fe4018>
    80000404:	00008067          	ret
    80000408:	00072703          	lw	a4,0(a4)
    8000040c:	f6e7dae3          	bge	a5,a4,80000380 <handle_trap+0xa4>
    80000410:	304027f3          	csrr	a5,mie
    80000414:	f7f7f793          	andi	a5,a5,-129
    80000418:	30479073          	csrw	mie,a5
    8000041c:	300027f3          	csrr	a5,mstatus
    80000420:	ff77f793          	andi	a5,a5,-9
    80000424:	30079073          	csrw	mstatus,a5
    80000428:	00008067          	ret
    8000042c:	8841a783          	lw	a5,-1916(gp) # 8000685c <timer_flags+0x4>
    80000430:	88018713          	addi	a4,gp,-1920 # 80006858 <timer_flags>
    80000434:	0017879b          	addiw	a5,a5,1
    80000438:	00f72223          	sw	a5,4(a4)
    8000043c:	00472683          	lw	a3,4(a4)
    80000440:	03100793          	li	a5,49
    80000444:	0ad7c863          	blt	a5,a3,800004f4 <handle_trap+0x218>
    80000448:	0200c6b7          	lui	a3,0x200c
    8000044c:	0200c837          	lui	a6,0x200c
    80000450:	ffc68693          	addi	a3,a3,-4 # 200bffc <__heap_size+0x1febffc>
    80000454:	ff880813          	addi	a6,a6,-8 # 200bff8 <__heap_size+0x1febff8>
    80000458:	0006a703          	lw	a4,0(a3)
    8000045c:	00082783          	lw	a5,0(a6)
    80000460:	0006a603          	lw	a2,0(a3)
    80000464:	0007059b          	sext.w	a1,a4
    80000468:	0007879b          	sext.w	a5,a5
    8000046c:	fec716e3          	bne	a4,a2,80000458 <handle_trap+0x17c>
    80000470:	02079793          	slli	a5,a5,0x20
    80000474:	02059593          	slli	a1,a1,0x20
    80000478:	0207d793          	srli	a5,a5,0x20
    8000047c:	00f5e7b3          	or	a5,a1,a5
    80000480:	02004737          	lui	a4,0x2004
    80000484:	02078793          	addi	a5,a5,32
    80000488:	00f73423          	sd	a5,8(a4) # 2004008 <__heap_size+0x1fe4008>
    8000048c:	00008067          	ret
    80000490:	8881a783          	lw	a5,-1912(gp) # 80006860 <timer_flags+0x8>
    80000494:	88018713          	addi	a4,gp,-1920 # 80006858 <timer_flags>
    80000498:	0017879b          	addiw	a5,a5,1
    8000049c:	00f72423          	sw	a5,8(a4)
    800004a0:	00872683          	lw	a3,8(a4)
    800004a4:	03100793          	li	a5,49
    800004a8:	04d7cc63          	blt	a5,a3,80000500 <handle_trap+0x224>
    800004ac:	0200c6b7          	lui	a3,0x200c
    800004b0:	0200c837          	lui	a6,0x200c
    800004b4:	ffc68693          	addi	a3,a3,-4 # 200bffc <__heap_size+0x1febffc>
    800004b8:	ff880813          	addi	a6,a6,-8 # 200bff8 <__heap_size+0x1febff8>
    800004bc:	0006a703          	lw	a4,0(a3)
    800004c0:	00082783          	lw	a5,0(a6)
    800004c4:	0006a603          	lw	a2,0(a3)
    800004c8:	0007059b          	sext.w	a1,a4
    800004cc:	0007879b          	sext.w	a5,a5
    800004d0:	fec716e3          	bne	a4,a2,800004bc <handle_trap+0x1e0>
    800004d4:	02079793          	slli	a5,a5,0x20
    800004d8:	02059593          	slli	a1,a1,0x20
    800004dc:	0207d793          	srli	a5,a5,0x20
    800004e0:	00f5e7b3          	or	a5,a1,a5
    800004e4:	02004737          	lui	a4,0x2004
    800004e8:	02078793          	addi	a5,a5,32
    800004ec:	00f73823          	sd	a5,16(a4) # 2004010 <__heap_size+0x1fe4010>
    800004f0:	00008067          	ret
    800004f4:	00472703          	lw	a4,4(a4)
    800004f8:	e8e7d4e3          	bge	a5,a4,80000380 <handle_trap+0xa4>
    800004fc:	f15ff06f          	j	80000410 <handle_trap+0x134>
    80000500:	00872703          	lw	a4,8(a4)
    80000504:	e6e7dee3          	bge	a5,a4,80000380 <handle_trap+0xa4>
    80000508:	f09ff06f          	j	80000410 <handle_trap+0x134>
    8000050c:	00c72703          	lw	a4,12(a4)
    80000510:	e6e7d8e3          	bge	a5,a4,80000380 <handle_trap+0xa4>
    80000514:	efdff06f          	j	80000410 <handle_trap+0x134>

0000000080000518 <rStartup>:
    80000518:	ff010113          	addi	sp,sp,-16
    8000051c:	00113423          	sd	ra,8(sp)
    80000520:	00813023          	sd	s0,0(sp)
    80000524:	00400593          	li	a1,4
    80000528:	3805a02b          	.word	0x3805a02b
    8000052c:	006405b7          	lui	a1,0x640
    80000530:	01258593          	addi	a1,a1,18 # 640012 <__heap_size+0x620012>
    80000534:	00200613          	li	a2,2
    80000538:	0cc5b02b          	.word	0x0cc5b02b
    8000053c:	106405b7          	lui	a1,0x10640
    80000540:	01258593          	addi	a1,a1,18 # 10640012 <__heap_size+0x10620012>
    80000544:	0cc5b02b          	.word	0x0cc5b02b
    80000548:	206405b7          	lui	a1,0x20640
    8000054c:	01258593          	addi	a1,a1,18 # 20640012 <__heap_size+0x20620012>
    80000550:	0cc5b02b          	.word	0x0cc5b02b
    80000554:	306405b7          	lui	a1,0x30640
    80000558:	01258593          	addi	a1,a1,18 # 30640012 <__heap_size+0x30620012>
    8000055c:	0cc5b02b          	.word	0x0cc5b02b
    80000560:	406405b7          	lui	a1,0x40640
    80000564:	01258593          	addi	a1,a1,18 # 40640012 <__heap_size+0x40620012>
    80000568:	0cc5b02b          	.word	0x0cc5b02b
    8000056c:	506405b7          	lui	a1,0x50640
    80000570:	01258593          	addi	a1,a1,18 # 50640012 <__heap_size+0x50620012>
    80000574:	0cc5b02b          	.word	0x0cc5b02b
    80000578:	606405b7          	lui	a1,0x60640
    8000057c:	01258593          	addi	a1,a1,18 # 60640012 <__heap_size+0x60620012>
    80000580:	0cc5b02b          	.word	0x0cc5b02b
    80000584:	20e405b7          	lui	a1,0x20e40
    80000588:	01258593          	addi	a1,a1,18 # 20e40012 <__heap_size+0x20e20012>
    8000058c:	0cc5b02b          	.word	0x0cc5b02b
    80000590:	30e405b7          	lui	a1,0x30e40
    80000594:	01258593          	addi	a1,a1,18 # 30e40012 <__heap_size+0x30e20012>
    80000598:	0cc5b02b          	.word	0x0cc5b02b
    8000059c:	40e405b7          	lui	a1,0x40e40
    800005a0:	01258593          	addi	a1,a1,18 # 40e40012 <__heap_size+0x40e20012>
    800005a4:	0cc5b02b          	.word	0x0cc5b02b
    800005a8:	02001737          	lui	a4,0x2001
    800005ac:	00671713          	slli	a4,a4,0x6
    800005b0:	00100693          	li	a3,1
    800005b4:	200007b7          	lui	a5,0x20000
    800005b8:	01270713          	addi	a4,a4,18 # 2001012 <__heap_size+0x1fe1012>
    800005bc:	10000537          	lui	a0,0x10000
    800005c0:	01f69693          	slli	a3,a3,0x1f
    800005c4:	00e7e5b3          	or	a1,a5,a4
    800005c8:	00200613          	li	a2,2
    800005cc:	0cc5b02b          	.word	0x0cc5b02b
    800005d0:	00a787b3          	add	a5,a5,a0
    800005d4:	fed798e3          	bne	a5,a3,800005c4 <rStartup+0xac>
    800005d8:	02011737          	lui	a4,0x2011
    800005dc:	00671713          	slli	a4,a4,0x6
    800005e0:	00100693          	li	a3,1
    800005e4:	200007b7          	lui	a5,0x20000
    800005e8:	01270713          	addi	a4,a4,18 # 2011012 <__heap_size+0x1ff1012>
    800005ec:	10000537          	lui	a0,0x10000
    800005f0:	01f69693          	slli	a3,a3,0x1f
    800005f4:	00e7e5b3          	or	a1,a5,a4
    800005f8:	00200613          	li	a2,2
    800005fc:	0cc5b02b          	.word	0x0cc5b02b
    80000600:	00a787b3          	add	a5,a5,a0
    80000604:	fed798e3          	bne	a5,a3,800005f4 <rStartup+0xdc>
    80000608:	046605b7          	lui	a1,0x4660
    8000060c:	02258593          	addi	a1,a1,34 # 4660022 <__heap_size+0x4640022>
    80000610:	0cc5b02b          	.word	0x0cc5b02b
    80000614:	146605b7          	lui	a1,0x14660
    80000618:	02258593          	addi	a1,a1,34 # 14660022 <__heap_size+0x14640022>
    8000061c:	0cc5b02b          	.word	0x0cc5b02b
    80000620:	246605b7          	lui	a1,0x24660
    80000624:	02258593          	addi	a1,a1,34 # 24660022 <__heap_size+0x24640022>
    80000628:	0cc5b02b          	.word	0x0cc5b02b
    8000062c:	346605b7          	lui	a1,0x34660
    80000630:	02258593          	addi	a1,a1,34 # 34660022 <__heap_size+0x34640022>
    80000634:	0cc5b02b          	.word	0x0cc5b02b
    80000638:	24e605b7          	lui	a1,0x24e60
    8000063c:	02258593          	addi	a1,a1,34 # 24e60022 <__heap_size+0x24e40022>
    80000640:	0cc5b02b          	.word	0x0cc5b02b
    80000644:	34e605b7          	lui	a1,0x34e60
    80000648:	02258593          	addi	a1,a1,34 # 34e60022 <__heap_size+0x34e40022>
    8000064c:	0cc5b02b          	.word	0x0cc5b02b
    80000650:	44e605b7          	lui	a1,0x44e60
    80000654:	02258593          	addi	a1,a1,34 # 44e60022 <__heap_size+0x44e40022>
    80000658:	0cc5b02b          	.word	0x0cc5b02b
    8000065c:	04043737          	lui	a4,0x4043
    80000660:	00571713          	slli	a4,a4,0x5
    80000664:	00100693          	li	a3,1
    80000668:	200007b7          	lui	a5,0x20000
    8000066c:	02270713          	addi	a4,a4,34 # 4043022 <__heap_size+0x4023022>
    80000670:	10000537          	lui	a0,0x10000
    80000674:	01f69693          	slli	a3,a3,0x1f
    80000678:	00e7e5b3          	or	a1,a5,a4
    8000067c:	00200613          	li	a2,2
    80000680:	0cc5b02b          	.word	0x0cc5b02b
    80000684:	00a787b3          	add	a5,a5,a0
    80000688:	fed798e3          	bne	a5,a3,80000678 <rStartup+0x160>
    8000068c:	04063737          	lui	a4,0x4063
    80000690:	00571713          	slli	a4,a4,0x5
    80000694:	00100693          	li	a3,1
    80000698:	200007b7          	lui	a5,0x20000
    8000069c:	02270713          	addi	a4,a4,34 # 4063022 <__heap_size+0x4043022>
    800006a0:	10000537          	lui	a0,0x10000
    800006a4:	01f69693          	slli	a3,a3,0x1f
    800006a8:	00e7e5b3          	or	a1,a5,a4
    800006ac:	00200613          	li	a2,2
    800006b0:	0cc5b02b          	.word	0x0cc5b02b
    800006b4:	00a787b3          	add	a5,a5,a0
    800006b8:	fed798e3          	bne	a5,a3,800006a8 <rStartup+0x190>
    800006bc:	1e6205b7          	lui	a1,0x1e620
    800006c0:	03258593          	addi	a1,a1,50 # 1e620032 <__heap_size+0x1e600032>
    800006c4:	0cc5b02b          	.word	0x0cc5b02b
    800006c8:	2e6205b7          	lui	a1,0x2e620
    800006cc:	03258593          	addi	a1,a1,50 # 2e620032 <__heap_size+0x2e600032>
    800006d0:	0cc5b02b          	.word	0x0cc5b02b
    800006d4:	3e6205b7          	lui	a1,0x3e620
    800006d8:	03258593          	addi	a1,a1,50 # 3e620032 <__heap_size+0x3e600032>
    800006dc:	0cc5b02b          	.word	0x0cc5b02b
    800006e0:	5e6205b7          	lui	a1,0x5e620
    800006e4:	03258593          	addi	a1,a1,50 # 5e620032 <__heap_size+0x5e600032>
    800006e8:	0cc5b02b          	.word	0x0cc5b02b
    800006ec:	6e6205b7          	lui	a1,0x6e620
    800006f0:	03258593          	addi	a1,a1,50 # 6e620032 <__heap_size+0x6e600032>
    800006f4:	0cc5b02b          	.word	0x0cc5b02b
    800006f8:	7e6205b7          	lui	a1,0x7e620
    800006fc:	03258593          	addi	a1,a1,50 # 7e620032 <__heap_size+0x7e600032>
    80000700:	0cc5b02b          	.word	0x0cc5b02b
    80000704:	25ea05b7          	lui	a1,0x25ea0
    80000708:	01258593          	addi	a1,a1,18 # 25ea0012 <__heap_size+0x25e80012>
    8000070c:	0cc5b02b          	.word	0x0cc5b02b
    80000710:	35ea05b7          	lui	a1,0x35ea0
    80000714:	01258593          	addi	a1,a1,18 # 35ea0012 <__heap_size+0x35e80012>
    80000718:	0cc5b02b          	.word	0x0cc5b02b
    8000071c:	102205b7          	lui	a1,0x10220
    80000720:	00458593          	addi	a1,a1,4 # 10220004 <__heap_size+0x10200004>
    80000724:	0cc5b02b          	.word	0x0cc5b02b
    80000728:	202405b7          	lui	a1,0x20240
    8000072c:	01458593          	addi	a1,a1,20 # 20240014 <__heap_size+0x20220014>
    80000730:	0cc5b02b          	.word	0x0cc5b02b
    80000734:	302605b7          	lui	a1,0x30260
    80000738:	02458593          	addi	a1,a1,36 # 30260024 <__heap_size+0x30240024>
    8000073c:	0cc5b02b          	.word	0x0cc5b02b
    80000740:	402805b7          	lui	a1,0x40280
    80000744:	03458593          	addi	a1,a1,52 # 40280034 <__heap_size+0x40260034>
    80000748:	0cc5b02b          	.word	0x0cc5b02b
    8000074c:	00001f37          	lui	t5,0x1
    80000750:	00001eb7          	lui	t4,0x1
    80000754:	00001e37          	lui	t3,0x1
    80000758:	00001337          	lui	t1,0x1
    8000075c:	000018b7          	lui	a7,0x1
    80000760:	00001837          	lui	a6,0x1
    80000764:	00001537          	lui	a0,0x1
    80000768:	08000693          	li	a3,128
    8000076c:	00000713          	li	a4,0
    80000770:	00100293          	li	t0,1
    80000774:	813f0f13          	addi	t5,t5,-2029 # 813 <__stack_align+0x803>
    80000778:	823e8e93          	addi	t4,t4,-2013 # 823 <__stack_align+0x813>
    8000077c:	833e0e13          	addi	t3,t3,-1997 # 833 <__stack_align+0x823>
    80000780:	87330313          	addi	t1,t1,-1933 # 873 <__stack_align+0x863>
    80000784:	c7388893          	addi	a7,a7,-909 # c73 <__stack_align+0xc63>
    80000788:	85380813          	addi	a6,a6,-1965 # 853 <__stack_align+0x843>
    8000078c:	c5350513          	addi	a0,a0,-941 # c53 <__stack_align+0xc43>
    80000790:	00400f93          	li	t6,4
    80000794:	00e297bb          	sllw	a5,t0,a4
    80000798:	01079793          	slli	a5,a5,0x10
    8000079c:	00d7e7b3          	or	a5,a5,a3
    800007a0:	01e7e5b3          	or	a1,a5,t5
    800007a4:	00200613          	li	a2,2
    800007a8:	0cc5b02b          	.word	0x0cc5b02b
    800007ac:	01d7e5b3          	or	a1,a5,t4
    800007b0:	0cc5b02b          	.word	0x0cc5b02b
    800007b4:	01c7e5b3          	or	a1,a5,t3
    800007b8:	0cc5b02b          	.word	0x0cc5b02b
    800007bc:	4137e593          	ori	a1,a5,1043
    800007c0:	0cc5b02b          	.word	0x0cc5b02b
    800007c4:	4237e593          	ori	a1,a5,1059
    800007c8:	0cc5b02b          	.word	0x0cc5b02b
    800007cc:	4337e593          	ori	a1,a5,1075
    800007d0:	0cc5b02b          	.word	0x0cc5b02b
    800007d4:	0067e5b3          	or	a1,a5,t1
    800007d8:	0cc5b02b          	.word	0x0cc5b02b
    800007dc:	4737e593          	ori	a1,a5,1139
    800007e0:	0cc5b02b          	.word	0x0cc5b02b
    800007e4:	0117e5b3          	or	a1,a5,a7
    800007e8:	0cc5b02b          	.word	0x0cc5b02b
    800007ec:	0107e5b3          	or	a1,a5,a6
    800007f0:	0cc5b02b          	.word	0x0cc5b02b
    800007f4:	4537e593          	ori	a1,a5,1107
    800007f8:	0cc5b02b          	.word	0x0cc5b02b
    800007fc:	00a7e5b3          	or	a1,a5,a0
    80000800:	0cc5b02b          	.word	0x0cc5b02b
    80000804:	0017071b          	addiw	a4,a4,1
    80000808:	08068693          	addi	a3,a3,128
    8000080c:	f9f714e3          	bne	a4,t6,80000794 <rStartup+0x27c>
    80000810:	00500593          	li	a1,5
    80000814:	0cc5b02b          	.word	0x0cc5b02b
    80000818:	00f00593          	li	a1,15
    8000081c:	fa05a02b          	.word	0xfa05a02b
    80000820:	fc00452b          	.word	0xfc00452b
    80000824:	82018413          	addi	s0,gp,-2016 # 800067f8 <uart_lock>
    80000828:	00050593          	mv	a1,a0
    8000082c:	00100713          	li	a4,1
    80000830:	0ce427af          	amoswap.w.aq	a5,a4,(s0)
    80000834:	0007879b          	sext.w	a5,a5
    80000838:	fe079ce3          	bnez	a5,80000830 <rStartup+0x318>
    8000083c:	00003517          	auipc	a0,0x3
    80000840:	42450513          	addi	a0,a0,1060 # 80003c60 <__tbss_end+0x4>
    80000844:	507010ef          	jal	8000254a <iprintf>
    80000848:	0a04202f          	amoswap.w.rl	zero,zero,(s0)
    8000084c:	304027f3          	csrr	a5,mie
    80000850:	0087e793          	ori	a5,a5,8
    80000854:	30479073          	csrw	mie,a5
    80000858:	300027f3          	csrr	a5,mstatus
    8000085c:	0087e793          	ori	a5,a5,8
    80000860:	30079073          	csrw	mstatus,a5
    80000864:	f14027f3          	csrr	a5,mhartid
    80000868:	00800737          	lui	a4,0x800
    8000086c:	00e787b3          	add	a5,a5,a4
    80000870:	00279793          	slli	a5,a5,0x2
    80000874:	00100713          	li	a4,1
    80000878:	00e7a023          	sw	a4,0(a5) # 20000000 <__heap_size+0x1ffe0000>
    8000087c:	3600452b          	.word	0x3600452b
    80000880:	fe050ee3          	beqz	a0,8000087c <rStartup+0x364>
    80000884:	00100593          	li	a1,1
    80000888:	2c05a02b          	.word	0x2c05a02b
    8000088c:	9edff0ef          	jal	80000278 <mtimecmp_cfg>
    80000890:	304027f3          	csrr	a5,mie
    80000894:	0807e793          	ori	a5,a5,128
    80000898:	30479073          	csrw	mie,a5
    8000089c:	6200002b          	.word	0x6200002b
    800008a0:	00100593          	li	a1,1
    800008a4:	e005a02b          	.word	0xe005a02b
    800008a8:	00100713          	li	a4,1
    800008ac:	0ce427af          	amoswap.w.aq	a5,a4,(s0)
    800008b0:	0007879b          	sext.w	a5,a5
    800008b4:	fe079ce3          	bnez	a5,800008ac <rStartup+0x394>
    800008b8:	000016b7          	lui	a3,0x1
    800008bc:	38868693          	addi	a3,a3,904 # 1388 <__stack_align+0x1378>
    800008c0:	00100613          	li	a2,1
    800008c4:	00000593          	li	a1,0
    800008c8:	00003517          	auipc	a0,0x3
    800008cc:	3b850513          	addi	a0,a0,952 # 80003c80 <__tbss_end+0x24>
    800008d0:	47b010ef          	jal	8000254a <iprintf>
    800008d4:	00003517          	auipc	a0,0x3
    800008d8:	3f450513          	addi	a0,a0,1012 # 80003cc8 <__tbss_end+0x6c>
    800008dc:	46f010ef          	jal	8000254a <iprintf>
    800008e0:	0a04202f          	amoswap.w.rl	zero,zero,(s0)
    800008e4:	00813083          	ld	ra,8(sp)
    800008e8:	00013403          	ld	s0,0(sp)
    800008ec:	01010113          	addi	sp,sp,16
    800008f0:	00008067          	ret

00000000800008f4 <rCleanup>:
    800008f4:	00200593          	li	a1,2
    800008f8:	e005a02b          	.word	0xe005a02b
    800008fc:	01a00793          	li	a5,26
    80000900:	00000013          	nop
    80000904:	fff7879b          	addiw	a5,a5,-1
    80000908:	fe079ce3          	bnez	a5,80000900 <rCleanup+0xc>
    8000090c:	6400002b          	.word	0x6400002b
    80000910:	000207b7          	lui	a5,0x20
    80000914:	ffe78793          	addi	a5,a5,-2 # 1fffe <__stack_size+0x17ffe>
    80000918:	00000593          	li	a1,0
    8000091c:	00000613          	li	a2,0
    80000920:	0cc5f52b          	.word	0x0cc5f52b
    80000924:	fea7fae3          	bgeu	a5,a0,80000918 <rCleanup+0x24>
    80000928:	00200593          	li	a1,2
    8000092c:	2c05a02b          	.word	0x2c05a02b
    80000930:	6000002b          	.word	0x6000002b
    80000934:	00008067          	ret

0000000080000938 <__main>:
    80000938:	ff010113          	addi	sp,sp,-16
    8000093c:	00113423          	sd	ra,8(sp)
    80000940:	f14027f3          	csrr	a5,mhartid
    80000944:	00300713          	li	a4,3
    80000948:	0ae78e63          	beq	a5,a4,80000a04 <__main+0xcc>
    8000094c:	0af76263          	bltu	a4,a5,800009f0 <__main+0xb8>
    80000950:	00100713          	li	a4,1
    80000954:	04e78a63          	beq	a5,a4,800009a8 <__main+0x70>
    80000958:	00200693          	li	a3,2
    8000095c:	0ed79c63          	bne	a5,a3,80000a54 <__main+0x11c>
    80000960:	304027f3          	csrr	a5,mie
    80000964:	0087e793          	ori	a5,a5,8
    80000968:	30479073          	csrw	mie,a5
    8000096c:	300027f3          	csrr	a5,mstatus
    80000970:	0087e793          	ori	a5,a5,8
    80000974:	30079073          	csrw	mstatus,a5
    80000978:	f14027f3          	csrr	a5,mhartid
    8000097c:	008006b7          	lui	a3,0x800
    80000980:	00d787b3          	add	a5,a5,a3
    80000984:	00279793          	slli	a5,a5,0x2
    80000988:	00e7a023          	sw	a4,0(a5)
    8000098c:	8edff0ef          	jal	80000278 <mtimecmp_cfg>
    80000990:	304027f3          	csrr	a5,mie
    80000994:	0807e793          	ori	a5,a5,128
    80000998:	30479073          	csrw	mie,a5
    8000099c:	00200513          	li	a0,2
    800009a0:	0b8000ef          	jal	80000a58 <checker>
    800009a4:	0000006f          	j	800009a4 <__main+0x6c>
    800009a8:	30402773          	csrr	a4,mie
    800009ac:	00876713          	ori	a4,a4,8
    800009b0:	30471073          	csrw	mie,a4
    800009b4:	30002773          	csrr	a4,mstatus
    800009b8:	00876713          	ori	a4,a4,8
    800009bc:	30071073          	csrw	mstatus,a4
    800009c0:	f1402773          	csrr	a4,mhartid
    800009c4:	008006b7          	lui	a3,0x800
    800009c8:	00d70733          	add	a4,a4,a3
    800009cc:	00271713          	slli	a4,a4,0x2
    800009d0:	00f72023          	sw	a5,0(a4) # 800000 <__heap_size+0x7e0000>
    800009d4:	8a5ff0ef          	jal	80000278 <mtimecmp_cfg>
    800009d8:	304027f3          	csrr	a5,mie
    800009dc:	0807e793          	ori	a5,a5,128
    800009e0:	30479073          	csrw	mie,a5
    800009e4:	00100513          	li	a0,1
    800009e8:	070000ef          	jal	80000a58 <checker>
    800009ec:	fb9ff06f          	j	800009a4 <__main+0x6c>
    800009f0:	00400713          	li	a4,4
    800009f4:	04e79e63          	bne	a5,a4,80000a50 <__main+0x118>
    800009f8:	00400513          	li	a0,4
    800009fc:	05c000ef          	jal	80000a58 <checker>
    80000a00:	fa5ff06f          	j	800009a4 <__main+0x6c>
    80000a04:	304027f3          	csrr	a5,mie
    80000a08:	0087e793          	ori	a5,a5,8
    80000a0c:	30479073          	csrw	mie,a5
    80000a10:	300027f3          	csrr	a5,mstatus
    80000a14:	0087e793          	ori	a5,a5,8
    80000a18:	30079073          	csrw	mstatus,a5
    80000a1c:	f14027f3          	csrr	a5,mhartid
    80000a20:	00800737          	lui	a4,0x800
    80000a24:	00e787b3          	add	a5,a5,a4
    80000a28:	00279793          	slli	a5,a5,0x2
    80000a2c:	00100713          	li	a4,1
    80000a30:	00e7a023          	sw	a4,0(a5)
    80000a34:	845ff0ef          	jal	80000278 <mtimecmp_cfg>
    80000a38:	304027f3          	csrr	a5,mie
    80000a3c:	0807e793          	ori	a5,a5,128
    80000a40:	30479073          	csrw	mie,a5
    80000a44:	00300513          	li	a0,3
    80000a48:	010000ef          	jal	80000a58 <checker>
    80000a4c:	f59ff06f          	j	800009a4 <__main+0x6c>
    80000a50:	f55ff06f          	j	800009a4 <__main+0x6c>
    80000a54:	f51ff06f          	j	800009a4 <__main+0x6c>

0000000080000a58 <checker>:
    80000a58:	00100593          	li	a1,1
    80000a5c:	0205a02b          	.word	0x0205a02b
    80000a60:	2c05a02b          	.word	0x2c05a02b
    80000a64:	8000002b          	.word	0x8000002b
    80000a68:	a200002b          	.word	0xa200002b
    80000a6c:	000015b7          	lui	a1,0x1
    80000a70:	38858593          	addi	a1,a1,904 # 1388 <__stack_align+0x1378>
    80000a74:	f205a02b          	.word	0xf205a02b
    80000a78:	00100593          	li	a1,1
    80000a7c:	ec05a02b          	.word	0xec05a02b
    80000a80:	00000593          	li	a1,0
    80000a84:	ec05a02b          	.word	0xec05a02b
    80000a88:	02000593          	li	a1,32
    80000a8c:	ec05a02b          	.word	0xec05a02b
    80000a90:	00000593          	li	a1,0
    80000a94:	ec05a02b          	.word	0xec05a02b
    80000a98:	ea00002b          	.word	0xea00002b
    80000a9c:	e600002b          	.word	0xe600002b
    80000aa0:	c800002b          	.word	0xc800002b
    80000aa4:	00200793          	li	a5,2
    80000aa8:	00800713          	li	a4,8
    80000aac:	0100006f          	j	80000abc <checker+0x64>
    80000ab0:	c200452b          	.word	0xc200452b
    80000ab4:	01857513          	andi	a0,a0,24
    80000ab8:	04e50a63          	beq	a0,a4,80000b0c <checker+0xb4>
    80000abc:	0e00452b          	.word	0x0e00452b
    80000ac0:	fef518e3          	bne	a0,a5,80000ab0 <checker+0x58>
    80000ac4:	04000593          	li	a1,64
    80000ac8:	ec05a02b          	.word	0xec05a02b
    80000acc:	00000593          	li	a1,0
    80000ad0:	ec05a02b          	.word	0xec05a02b
    80000ad4:	e400002b          	.word	0xe400002b
    80000ad8:	c000002b          	.word	0xc000002b
    80000adc:	00000013          	nop
    80000ae0:	00000013          	nop
    80000ae4:	00000013          	nop
    80000ae8:	00000013          	nop
    80000aec:	00000013          	nop
    80000af0:	00200793          	li	a5,2
    80000af4:	0e00452b          	.word	0x0e00452b
    80000af8:	fef51ee3          	bne	a0,a5,80000af4 <checker+0x9c>
    80000afc:	8600002b          	.word	0x8600002b
    80000b00:	00200593          	li	a1,2
    80000b04:	2c05a02b          	.word	0x2c05a02b
    80000b08:	0000006f          	j	80000b08 <checker+0xb0>
    80000b0c:	c000002b          	.word	0xc000002b
    80000b10:	00001067          	.word	0x00001067
    80000b14:	fa9ff06f          	j	80000abc <checker+0x64>

0000000080000b18 <task_synthetic_malloc>:
    80000b18:	ff010113          	addi	sp,sp,-16
    80000b1c:	00813023          	sd	s0,0(sp)
    80000b20:	00050413          	mv	s0,a0
    80000b24:	08000513          	li	a0,128
    80000b28:	00113423          	sd	ra,8(sp)
    80000b2c:	5a8010ef          	jal	800020d4 <malloc>
    80000b30:	04050863          	beqz	a0,80000b80 <task_synthetic_malloc+0x68>
    80000b34:	0004069b          	sext.w	a3,s0
    80000b38:	00050793          	mv	a5,a0
    80000b3c:	08050613          	addi	a2,a0,128
    80000b40:	00050713          	mv	a4,a0
    80000b44:	00d72023          	sw	a3,0(a4) # 800000 <__heap_size+0x7e0000>
    80000b48:	00470713          	addi	a4,a4,4
    80000b4c:	0016869b          	addiw	a3,a3,1 # 800001 <__heap_size+0x7e0001>
    80000b50:	fec71ae3          	bne	a4,a2,80000b44 <task_synthetic_malloc+0x2c>
    80000b54:	00000413          	li	s0,0
    80000b58:	0007a703          	lw	a4,0(a5)
    80000b5c:	00478793          	addi	a5,a5,4
    80000b60:	0087043b          	addw	s0,a4,s0
    80000b64:	fec79ae3          	bne	a5,a2,80000b58 <task_synthetic_malloc+0x40>
    80000b68:	578010ef          	jal	800020e0 <free>
    80000b6c:	00813083          	ld	ra,8(sp)
    80000b70:	00040513          	mv	a0,s0
    80000b74:	00013403          	ld	s0,0(sp)
    80000b78:	01010113          	addi	sp,sp,16
    80000b7c:	00008067          	ret
    80000b80:	00003517          	auipc	a0,0x3
    80000b84:	17850513          	addi	a0,a0,376 # 80003cf8 <__tbss_end+0x9c>
    80000b88:	1c3010ef          	jal	8000254a <iprintf>
    80000b8c:	00000513          	li	a0,0
    80000b90:	51e010ef          	jal	800020ae <exit>

0000000080000b94 <initialise_board>:
    80000b94:	00000513          	li	a0,0
    80000b98:	00008067          	ret

0000000080000b9c <start_trigger>:
    80000b9c:	00000513          	li	a0,0
    80000ba0:	00008067          	ret

0000000080000ba4 <stop_trigger>:
    80000ba4:	00000513          	li	a0,0
    80000ba8:	00008067          	ret

0000000080000bac <rand_beebs>:
    80000bac:	84018713          	addi	a4,gp,-1984 # 80006818 <seed>
    80000bb0:	00073503          	ld	a0,0(a4)
    80000bb4:	41c657b7          	lui	a5,0x41c65
    80000bb8:	e6d78793          	addi	a5,a5,-403 # 41c64e6d <__heap_size+0x41c44e6d>
    80000bbc:	02f50533          	mul	a0,a0,a5
    80000bc0:	000037b7          	lui	a5,0x3
    80000bc4:	03978793          	addi	a5,a5,57 # 3039 <__stack_align+0x3029>
    80000bc8:	00f50533          	add	a0,a0,a5
    80000bcc:	02151513          	slli	a0,a0,0x21
    80000bd0:	02155513          	srli	a0,a0,0x21
    80000bd4:	00a73023          	sd	a0,0(a4)
    80000bd8:	01055513          	srli	a0,a0,0x10
    80000bdc:	00008067          	ret

0000000080000be0 <srand_beebs>:
    80000be0:	02051513          	slli	a0,a0,0x20
    80000be4:	02055513          	srli	a0,a0,0x20
    80000be8:	84a1b023          	sd	a0,-1984(gp) # 80006818 <seed>
    80000bec:	00008067          	ret

0000000080000bf0 <init_heap_beebs>:
    80000bf0:	0075f793          	andi	a5,a1,7
    80000bf4:	00079c63          	bnez	a5,80000c0c <init_heap_beebs+0x1c>
    80000bf8:	00b505b3          	add	a1,a0,a1
    80000bfc:	82a1bc23          	sd	a0,-1992(gp) # 80006810 <heap_ptr>
    80000c00:	82b1b823          	sd	a1,-2000(gp) # 80006808 <heap_end>
    80000c04:	8201b423          	sd	zero,-2008(gp) # 80006800 <heap_requested>
    80000c08:	00008067          	ret
    80000c0c:	ff010113          	addi	sp,sp,-16
    80000c10:	00003697          	auipc	a3,0x3
    80000c14:	10868693          	addi	a3,a3,264 # 80003d18 <__tbss_end+0xbc>
    80000c18:	00003617          	auipc	a2,0x3
    80000c1c:	1f860613          	addi	a2,a2,504 # 80003e10 <__func__.0>
    80000c20:	04100593          	li	a1,65
    80000c24:	00003517          	auipc	a0,0x3
    80000c28:	11450513          	addi	a0,a0,276 # 80003d38 <__tbss_end+0xdc>
    80000c2c:	00113423          	sd	ra,8(sp)
    80000c30:	434010ef          	jal	80002064 <__assert_func>

0000000080000c34 <check_heap_beebs>:
    80000c34:	8281b783          	ld	a5,-2008(gp) # 80006800 <heap_requested>
    80000c38:	00f507b3          	add	a5,a0,a5
    80000c3c:	8301b503          	ld	a0,-2000(gp) # 80006808 <heap_end>
    80000c40:	00f53533          	sltu	a0,a0,a5
    80000c44:	00154513          	xori	a0,a0,1
    80000c48:	00008067          	ret

0000000080000c4c <malloc_beebs>:
    80000c4c:	00050793          	mv	a5,a0
    80000c50:	04050a63          	beqz	a0,80000ca4 <malloc_beebs+0x58>
    80000c54:	83818613          	addi	a2,gp,-1992 # 80006810 <heap_ptr>
    80000c58:	00063503          	ld	a0,0(a2)
    80000c5c:	82818693          	addi	a3,gp,-2008 # 80006800 <heap_requested>
    80000c60:	0006b583          	ld	a1,0(a3)
    80000c64:	00f50733          	add	a4,a0,a5
    80000c68:	00777813          	andi	a6,a4,7
    80000c6c:	00b787b3          	add	a5,a5,a1
    80000c70:	00081c63          	bnez	a6,80000c88 <malloc_beebs+0x3c>
    80000c74:	00f6b023          	sd	a5,0(a3)
    80000c78:	8301b783          	ld	a5,-2000(gp) # 80006808 <heap_end>
    80000c7c:	02e7e463          	bltu	a5,a4,80000ca4 <malloc_beebs+0x58>
    80000c80:	00e63023          	sd	a4,0(a2)
    80000c84:	00008067          	ret
    80000c88:	00800593          	li	a1,8
    80000c8c:	410585b3          	sub	a1,a1,a6
    80000c90:	00b787b3          	add	a5,a5,a1
    80000c94:	00f6b023          	sd	a5,0(a3)
    80000c98:	00b70733          	add	a4,a4,a1
    80000c9c:	8301b783          	ld	a5,-2000(gp) # 80006808 <heap_end>
    80000ca0:	fee7f0e3          	bgeu	a5,a4,80000c80 <malloc_beebs+0x34>
    80000ca4:	00000513          	li	a0,0
    80000ca8:	00008067          	ret

0000000080000cac <calloc_beebs>:
    80000cac:	02b50633          	mul	a2,a0,a1
    80000cb0:	06060a63          	beqz	a2,80000d24 <calloc_beebs+0x78>
    80000cb4:	83818513          	addi	a0,gp,-1992 # 80006810 <heap_ptr>
    80000cb8:	00053783          	ld	a5,0(a0)
    80000cbc:	82818593          	addi	a1,gp,-2008 # 80006800 <heap_requested>
    80000cc0:	0005b703          	ld	a4,0(a1)
    80000cc4:	00c786b3          	add	a3,a5,a2
    80000cc8:	0076f893          	andi	a7,a3,7
    80000ccc:	00e60733          	add	a4,a2,a4
    80000cd0:	02089c63          	bnez	a7,80000d08 <calloc_beebs+0x5c>
    80000cd4:	00e5b023          	sd	a4,0(a1)
    80000cd8:	8301b703          	ld	a4,-2000(gp) # 80006808 <heap_end>
    80000cdc:	04d76463          	bltu	a4,a3,80000d24 <calloc_beebs+0x78>
    80000ce0:	00d53023          	sd	a3,0(a0)
    80000ce4:	04078263          	beqz	a5,80000d28 <calloc_beebs+0x7c>
    80000ce8:	ff010113          	addi	sp,sp,-16
    80000cec:	00000593          	li	a1,0
    80000cf0:	00078513          	mv	a0,a5
    80000cf4:	00113423          	sd	ra,8(sp)
    80000cf8:	2e9010ef          	jal	800027e0 <memset>
    80000cfc:	00813083          	ld	ra,8(sp)
    80000d00:	01010113          	addi	sp,sp,16
    80000d04:	00008067          	ret
    80000d08:	00800813          	li	a6,8
    80000d0c:	41180833          	sub	a6,a6,a7
    80000d10:	01070733          	add	a4,a4,a6
    80000d14:	00e5b023          	sd	a4,0(a1)
    80000d18:	010686b3          	add	a3,a3,a6
    80000d1c:	8301b703          	ld	a4,-2000(gp) # 80006808 <heap_end>
    80000d20:	fcd770e3          	bgeu	a4,a3,80000ce0 <calloc_beebs+0x34>
    80000d24:	00000793          	li	a5,0
    80000d28:	00078513          	mv	a0,a5
    80000d2c:	00008067          	ret

0000000080000d30 <realloc_beebs>:
    80000d30:	06050c63          	beqz	a0,80000da8 <realloc_beebs+0x78>
    80000d34:	fe010113          	addi	sp,sp,-32
    80000d38:	00813823          	sd	s0,16(sp)
    80000d3c:	00050413          	mv	s0,a0
    80000d40:	00058513          	mv	a0,a1
    80000d44:	00913423          	sd	s1,8(sp)
    80000d48:	00113c23          	sd	ra,24(sp)
    80000d4c:	00058493          	mv	s1,a1
    80000d50:	efdff0ef          	jal	80000c4c <malloc_beebs>
    80000d54:	02050e63          	beqz	a0,80000d90 <realloc_beebs+0x60>
    80000d58:	00040793          	mv	a5,s0
    80000d5c:	00050713          	mv	a4,a0
    80000d60:	00940633          	add	a2,s0,s1
    80000d64:	00048c63          	beqz	s1,80000d7c <realloc_beebs+0x4c>
    80000d68:	0007c683          	lbu	a3,0(a5)
    80000d6c:	00178793          	addi	a5,a5,1
    80000d70:	00170713          	addi	a4,a4,1
    80000d74:	fed70fa3          	sb	a3,-1(a4)
    80000d78:	fec798e3          	bne	a5,a2,80000d68 <realloc_beebs+0x38>
    80000d7c:	01813083          	ld	ra,24(sp)
    80000d80:	01013403          	ld	s0,16(sp)
    80000d84:	00813483          	ld	s1,8(sp)
    80000d88:	02010113          	addi	sp,sp,32
    80000d8c:	00008067          	ret
    80000d90:	01813083          	ld	ra,24(sp)
    80000d94:	01013403          	ld	s0,16(sp)
    80000d98:	00813483          	ld	s1,8(sp)
    80000d9c:	00000513          	li	a0,0
    80000da0:	02010113          	addi	sp,sp,32
    80000da4:	00008067          	ret
    80000da8:	00000513          	li	a0,0
    80000dac:	00008067          	ret

0000000080000db0 <free_beebs>:
    80000db0:	00008067          	ret

0000000080000db4 <_nettle_aes_encrypt.part.0>:
    80000db4:	f6010113          	addi	sp,sp,-160
    80000db8:	00a13c23          	sd	a0,24(sp)
    80000dbc:	5c068263          	beqz	a3,80001380 <_nettle_aes_encrypt.part.0+0x5cc>
    80000dc0:	07613423          	sd	s6,104(sp)
    80000dc4:	00078b13          	mv	s6,a5
    80000dc8:	0025179b          	slliw	a5,a0,0x2
    80000dcc:	09213423          	sd	s2,136(sp)
    80000dd0:	00058913          	mv	s2,a1
    80000dd4:	0027859b          	addiw	a1,a5,2
    80000dd8:	0017851b          	addiw	a0,a5,1
    80000ddc:	02059593          	slli	a1,a1,0x20
    80000de0:	07513823          	sd	s5,112(sp)
    80000de4:	0205d593          	srli	a1,a1,0x20
    80000de8:	00070a93          	mv	s5,a4
    80000dec:	02051713          	slli	a4,a0,0x20
    80000df0:	02079813          	slli	a6,a5,0x20
    80000df4:	01e75513          	srli	a0,a4,0x1e
    80000df8:	0037879b          	addiw	a5,a5,3
    80000dfc:	00259713          	slli	a4,a1,0x2
    80000e00:	02e13423          	sd	a4,40(sp)
    80000e04:	02079713          	slli	a4,a5,0x20
    80000e08:	01e75793          	srli	a5,a4,0x1e
    80000e0c:	02085813          	srli	a6,a6,0x20
    80000e10:	05b13023          	sd	s11,64(sp)
    80000e14:	02f13823          	sd	a5,48(sp)
    80000e18:	00281d93          	slli	s11,a6,0x2
    80000e1c:	00da87b3          	add	a5,s5,a3
    80000e20:	08813c23          	sd	s0,152(sp)
    80000e24:	08913823          	sd	s1,144(sp)
    80000e28:	09313023          	sd	s3,128(sp)
    80000e2c:	07413c23          	sd	s4,120(sp)
    80000e30:	07713023          	sd	s7,96(sp)
    80000e34:	05813c23          	sd	s8,88(sp)
    80000e38:	05913823          	sd	s9,80(sp)
    80000e3c:	05a13423          	sd	s10,72(sp)
    80000e40:	02a13023          	sd	a0,32(sp)
    80000e44:	03b13c23          	sd	s11,56(sp)
    80000e48:	00078293          	mv	t0,a5
    80000e4c:	001b4983          	lbu	s3,1(s6)
    80000e50:	005b4483          	lbu	s1,5(s6)
    80000e54:	009b4403          	lbu	s0,9(s6)
    80000e58:	00db4f03          	lbu	t5,13(s6)
    80000e5c:	000b4383          	lbu	t2,0(s6)
    80000e60:	004b4f83          	lbu	t6,4(s6)
    80000e64:	008b4703          	lbu	a4,8(s6)
    80000e68:	00cb4783          	lbu	a5,12(s6)
    80000e6c:	002b4e83          	lbu	t4,2(s6)
    80000e70:	006b4e03          	lbu	t3,6(s6)
    80000e74:	00ab4303          	lbu	t1,10(s6)
    80000e78:	00eb4883          	lbu	a7,14(s6)
    80000e7c:	00fb4683          	lbu	a3,15(s6)
    80000e80:	003b4803          	lbu	a6,3(s6)
    80000e84:	007b4503          	lbu	a0,7(s6)
    80000e88:	00bb4583          	lbu	a1,11(s6)
    80000e8c:	00899993          	slli	s3,s3,0x8
    80000e90:	00849493          	slli	s1,s1,0x8
    80000e94:	00841413          	slli	s0,s0,0x8
    80000e98:	008f1f13          	slli	t5,t5,0x8
    80000e9c:	0079e9b3          	or	s3,s3,t2
    80000ea0:	01f4e4b3          	or	s1,s1,t6
    80000ea4:	00e46433          	or	s0,s0,a4
    80000ea8:	00ff6f33          	or	t5,t5,a5
    80000eac:	00092c83          	lw	s9,0(s2)
    80000eb0:	00492c03          	lw	s8,4(s2)
    80000eb4:	00892b83          	lw	s7,8(s2)
    80000eb8:	00c92a03          	lw	s4,12(s2)
    80000ebc:	010e9e93          	slli	t4,t4,0x10
    80000ec0:	010e1e13          	slli	t3,t3,0x10
    80000ec4:	01031313          	slli	t1,t1,0x10
    80000ec8:	01089893          	slli	a7,a7,0x10
    80000ecc:	01869f93          	slli	t6,a3,0x18
    80000ed0:	013eeeb3          	or	t4,t4,s3
    80000ed4:	01881713          	slli	a4,a6,0x18
    80000ed8:	009e6e33          	or	t3,t3,s1
    80000edc:	01851793          	slli	a5,a0,0x18
    80000ee0:	00836333          	or	t1,t1,s0
    80000ee4:	01859393          	slli	t2,a1,0x18
    80000ee8:	01e8e8b3          	or	a7,a7,t5
    80000eec:	01813d03          	ld	s10,24(sp)
    80000ef0:	01d76733          	or	a4,a4,t4
    80000ef4:	01c7e7b3          	or	a5,a5,t3
    80000ef8:	0063e3b3          	or	t2,t2,t1
    80000efc:	011fefb3          	or	t6,t6,a7
    80000f00:	01974733          	xor	a4,a4,s9
    80000f04:	0187c7b3          	xor	a5,a5,s8
    80000f08:	0173c3b3          	xor	t2,t2,s7
    80000f0c:	014fcfb3          	xor	t6,t6,s4
    80000f10:	00100693          	li	a3,1
    80000f14:	0007071b          	sext.w	a4,a4
    80000f18:	0007879b          	sext.w	a5,a5
    80000f1c:	0003839b          	sext.w	t2,t2
    80000f20:	000f8f9b          	sext.w	t6,t6
    80000f24:	47a6f263          	bgeu	a3,s10,80001388 <_nettle_aes_encrypt.part.0+0x5d4>
    80000f28:	00400f13          	li	t5,4
    80000f2c:	00100a13          	li	s4,1
    80000f30:	00070593          	mv	a1,a4
    80000f34:	00078693          	mv	a3,a5
    80000f38:	01513423          	sd	s5,8(sp)
    80000f3c:	01613823          	sd	s6,16(sp)
    80000f40:	0005851b          	sext.w	a0,a1
    80000f44:	0006881b          	sext.w	a6,a3
    80000f48:	0003849b          	sext.w	s1,t2
    80000f4c:	018fdc1b          	srliw	s8,t6,0x18
    80000f50:	0ff3fb13          	zext.b	s6,t2
    80000f54:	0ffff993          	zext.b	s3,t6
    80000f58:	01855b9b          	srliw	s7,a0,0x18
    80000f5c:	01885a9b          	srliw	s5,a6,0x18
    80000f60:	0184d49b          	srliw	s1,s1,0x18
    80000f64:	340c0c13          	addi	s8,s8,832
    80000f68:	340b8b93          	addi	s7,s7,832
    80000f6c:	040b0b13          	addi	s6,s6,64
    80000f70:	340a8a93          	addi	s5,s5,832
    80000f74:	04098993          	addi	s3,s3,64
    80000f78:	34048493          	addi	s1,s1,832
    80000f7c:	0086de9b          	srliw	t4,a3,0x8
    80000f80:	0083de1b          	srliw	t3,t2,0x8
    80000f84:	008fd31b          	srliw	t1,t6,0x8
    80000f88:	0085589b          	srliw	a7,a0,0x8
    80000f8c:	0ff5f593          	zext.b	a1,a1
    80000f90:	0ff6f693          	zext.b	a3,a3
    80000f94:	002c1c13          	slli	s8,s8,0x2
    80000f98:	002b9b93          	slli	s7,s7,0x2
    80000f9c:	002b1b13          	slli	s6,s6,0x2
    80000fa0:	002a9a93          	slli	s5,s5,0x2
    80000fa4:	00299993          	slli	s3,s3,0x2
    80000fa8:	00249493          	slli	s1,s1,0x2
    80000fac:	001f041b          	addiw	s0,t5,1
    80000fb0:	020f1d93          	slli	s11,t5,0x20
    80000fb4:	0103d71b          	srliw	a4,t2,0x10
    80000fb8:	010fd79b          	srliw	a5,t6,0x10
    80000fbc:	01860c33          	add	s8,a2,s8
    80000fc0:	01760bb3          	add	s7,a2,s7
    80000fc4:	01660b33          	add	s6,a2,s6
    80000fc8:	01560ab3          	add	s5,a2,s5
    80000fcc:	013609b3          	add	s3,a2,s3
    80000fd0:	009604b3          	add	s1,a2,s1
    80000fd4:	04058593          	addi	a1,a1,64
    80000fd8:	0ffefe93          	zext.b	t4,t4
    80000fdc:	04068693          	addi	a3,a3,64
    80000fe0:	0ffe7e13          	zext.b	t3,t3
    80000fe4:	0ff37313          	zext.b	t1,t1
    80000fe8:	0105551b          	srliw	a0,a0,0x10
    80000fec:	0ff8f893          	zext.b	a7,a7
    80000ff0:	0108581b          	srliw	a6,a6,0x10
    80000ff4:	002f039b          	addiw	t2,t5,2
    80000ff8:	000c2c83          	lw	s9,0(s8)
    80000ffc:	00259593          	slli	a1,a1,0x2
    80001000:	000bac03          	lw	s8,0(s7)
    80001004:	140e8e93          	addi	t4,t4,320
    80001008:	000b2b83          	lw	s7,0(s6)
    8000100c:	0ff77713          	zext.b	a4,a4
    80001010:	000aab03          	lw	s6,0(s5)
    80001014:	00269693          	slli	a3,a3,0x2
    80001018:	0009aa83          	lw	s5,0(s3)
    8000101c:	140e0e13          	addi	t3,t3,320
    80001020:	0004a983          	lw	s3,0(s1)
    80001024:	0ff7f793          	zext.b	a5,a5
    80001028:	01edd493          	srli	s1,s11,0x1e
    8000102c:	14030313          	addi	t1,t1,320
    80001030:	02041d93          	slli	s11,s0,0x20
    80001034:	0ff57513          	zext.b	a0,a0
    80001038:	14088893          	addi	a7,a7,320
    8000103c:	0ff87813          	zext.b	a6,a6
    80001040:	003f0f9b          	addiw	t6,t5,3
    80001044:	01edd413          	srli	s0,s11,0x1e
    80001048:	00b605b3          	add	a1,a2,a1
    8000104c:	02039d93          	slli	s11,t2,0x20
    80001050:	002e9e93          	slli	t4,t4,0x2
    80001054:	24070713          	addi	a4,a4,576
    80001058:	00d606b3          	add	a3,a2,a3
    8000105c:	002e1e13          	slli	t3,t3,0x2
    80001060:	24078793          	addi	a5,a5,576
    80001064:	00231313          	slli	t1,t1,0x2
    80001068:	24050513          	addi	a0,a0,576
    8000106c:	00289893          	slli	a7,a7,0x2
    80001070:	24080813          	addi	a6,a6,576
    80001074:	01edd393          	srli	t2,s11,0x1e
    80001078:	0005a583          	lw	a1,0(a1)
    8000107c:	020f9d93          	slli	s11,t6,0x20
    80001080:	0006a683          	lw	a3,0(a3)
    80001084:	01d60eb3          	add	t4,a2,t4
    80001088:	00271713          	slli	a4,a4,0x2
    8000108c:	01c60e33          	add	t3,a2,t3
    80001090:	00279793          	slli	a5,a5,0x2
    80001094:	00660333          	add	t1,a2,t1
    80001098:	00251513          	slli	a0,a0,0x2
    8000109c:	011608b3          	add	a7,a2,a7
    800010a0:	00281813          	slli	a6,a6,0x2
    800010a4:	00e60733          	add	a4,a2,a4
    800010a8:	01eddf93          	srli	t6,s11,0x1e
    800010ac:	000eae83          	lw	t4,0(t4)
    800010b0:	000e2e03          	lw	t3,0(t3)
    800010b4:	00032303          	lw	t1,0(t1)
    800010b8:	0008a883          	lw	a7,0(a7)
    800010bc:	00f607b3          	add	a5,a2,a5
    800010c0:	00a60533          	add	a0,a2,a0
    800010c4:	01060833          	add	a6,a2,a6
    800010c8:	00072d83          	lw	s11,0(a4)
    800010cc:	0007a783          	lw	a5,0(a5)
    800010d0:	009904b3          	add	s1,s2,s1
    800010d4:	00052503          	lw	a0,0(a0)
    800010d8:	00082803          	lw	a6,0(a6)
    800010dc:	00890433          	add	s0,s2,s0
    800010e0:	007903b3          	add	t2,s2,t2
    800010e4:	01f90fb3          	add	t6,s2,t6
    800010e8:	0004a703          	lw	a4,0(s1)
    800010ec:	00042403          	lw	s0,0(s0)
    800010f0:	0003a383          	lw	t2,0(t2)
    800010f4:	000faf83          	lw	t6,0(t6)
    800010f8:	0195c5b3          	xor	a1,a1,s9
    800010fc:	0186c6b3          	xor	a3,a3,s8
    80001100:	016bc4b3          	xor	s1,s7,s6
    80001104:	013ac9b3          	xor	s3,s5,s3
    80001108:	01d5c5b3          	xor	a1,a1,t4
    8000110c:	01c6c6b3          	xor	a3,a3,t3
    80001110:	0064c4b3          	xor	s1,s1,t1
    80001114:	0119c9b3          	xor	s3,s3,a7
    80001118:	00f6c6b3          	xor	a3,a3,a5
    8000111c:	01b5c5b3          	xor	a1,a1,s11
    80001120:	00a4c4b3          	xor	s1,s1,a0
    80001124:	0109c7b3          	xor	a5,s3,a6
    80001128:	001a0a1b          	addiw	s4,s4,1
    8000112c:	00e5c5b3          	xor	a1,a1,a4
    80001130:	0086c6b3          	xor	a3,a3,s0
    80001134:	0074c3b3          	xor	t2,s1,t2
    80001138:	01f7cfb3          	xor	t6,a5,t6
    8000113c:	004f0f1b          	addiw	t5,t5,4
    80001140:	e1aa10e3          	bne	s4,s10,80000f40 <_nettle_aes_encrypt.part.0+0x18c>
    80001144:	00813a83          	ld	s5,8(sp)
    80001148:	01013b03          	ld	s6,16(sp)
    8000114c:	03013a03          	ld	s4,48(sp)
    80001150:	02813b83          	ld	s7,40(sp)
    80001154:	02013c03          	ld	s8,32(sp)
    80001158:	03813c83          	ld	s9,56(sp)
    8000115c:	00058713          	mv	a4,a1
    80001160:	00068793          	mv	a5,a3
    80001164:	018fd99b          	srliw	s3,t6,0x18
    80001168:	0087d31b          	srliw	t1,a5,0x8
    8000116c:	0187549b          	srliw	s1,a4,0x18
    80001170:	0083d89b          	srliw	a7,t2,0x8
    80001174:	0187d41b          	srliw	s0,a5,0x18
    80001178:	008fd81b          	srliw	a6,t6,0x8
    8000117c:	0ff77f13          	zext.b	t5,a4
    80001180:	0103d51b          	srliw	a0,t2,0x10
    80001184:	0ff7fe93          	zext.b	t4,a5
    80001188:	010fd59b          	srliw	a1,t6,0x10
    8000118c:	0ff3fe13          	zext.b	t3,t2
    80001190:	0107569b          	srliw	a3,a4,0x10
    80001194:	013609b3          	add	s3,a2,s3
    80001198:	0ff37313          	zext.b	t1,t1
    8000119c:	009604b3          	add	s1,a2,s1
    800011a0:	0ff8f893          	zext.b	a7,a7
    800011a4:	00860433          	add	s0,a2,s0
    800011a8:	0ff87813          	zext.b	a6,a6
    800011ac:	0183d39b          	srliw	t2,t2,0x18
    800011b0:	0087571b          	srliw	a4,a4,0x8
    800011b4:	0009c983          	lbu	s3,0(s3)
    800011b8:	0004c483          	lbu	s1,0(s1)
    800011bc:	00044403          	lbu	s0,0(s0)
    800011c0:	01e60f33          	add	t5,a2,t5
    800011c4:	00660333          	add	t1,a2,t1
    800011c8:	0ff57513          	zext.b	a0,a0
    800011cc:	01d60eb3          	add	t4,a2,t4
    800011d0:	011608b3          	add	a7,a2,a7
    800011d4:	0ff5f593          	zext.b	a1,a1
    800011d8:	01c60e33          	add	t3,a2,t3
    800011dc:	01060833          	add	a6,a2,a6
    800011e0:	0ff6f693          	zext.b	a3,a3
    800011e4:	007603b3          	add	t2,a2,t2
    800011e8:	0fffff93          	zext.b	t6,t6
    800011ec:	0ff77713          	zext.b	a4,a4
    800011f0:	0107d79b          	srliw	a5,a5,0x10
    800011f4:	000f4f03          	lbu	t5,0(t5)
    800011f8:	000ece83          	lbu	t4,0(t4)
    800011fc:	000e4e03          	lbu	t3,0(t3)
    80001200:	00034303          	lbu	t1,0(t1)
    80001204:	0008c883          	lbu	a7,0(a7)
    80001208:	00084803          	lbu	a6,0(a6)
    8000120c:	0003c383          	lbu	t2,0(t2)
    80001210:	00a60533          	add	a0,a2,a0
    80001214:	00b605b3          	add	a1,a2,a1
    80001218:	00d606b3          	add	a3,a2,a3
    8000121c:	01f60fb3          	add	t6,a2,t6
    80001220:	00e60733          	add	a4,a2,a4
    80001224:	0ff7f793          	zext.b	a5,a5
    80001228:	000fcf83          	lbu	t6,0(t6)
    8000122c:	00054503          	lbu	a0,0(a0)
    80001230:	0005c583          	lbu	a1,0(a1)
    80001234:	0006c683          	lbu	a3,0(a3)
    80001238:	00074703          	lbu	a4,0(a4)
    8000123c:	00f607b3          	add	a5,a2,a5
    80001240:	0007c783          	lbu	a5,0(a5)
    80001244:	0189999b          	slliw	s3,s3,0x18
    80001248:	01990cb3          	add	s9,s2,s9
    8000124c:	0184949b          	slliw	s1,s1,0x18
    80001250:	01890c33          	add	s8,s2,s8
    80001254:	0184141b          	slliw	s0,s0,0x18
    80001258:	01790bb3          	add	s7,s2,s7
    8000125c:	000cac83          	lw	s9,0(s9)
    80001260:	000c2c03          	lw	s8,0(s8)
    80001264:	000bab83          	lw	s7,0(s7)
    80001268:	01e9e9b3          	or	s3,s3,t5
    8000126c:	01d4e4b3          	or	s1,s1,t4
    80001270:	01c46433          	or	s0,s0,t3
    80001274:	0083131b          	slliw	t1,t1,0x8
    80001278:	0088989b          	slliw	a7,a7,0x8
    8000127c:	0088181b          	slliw	a6,a6,0x8
    80001280:	0183939b          	slliw	t2,t2,0x18
    80001284:	01490a33          	add	s4,s2,s4
    80001288:	000a2e03          	lw	t3,0(s4)
    8000128c:	0105151b          	slliw	a0,a0,0x10
    80001290:	0105959b          	slliw	a1,a1,0x10
    80001294:	0106969b          	slliw	a3,a3,0x10
    80001298:	01f3e3b3          	or	t2,t2,t6
    8000129c:	0087171b          	slliw	a4,a4,0x8
    800012a0:	0069e333          	or	t1,s3,t1
    800012a4:	0114e8b3          	or	a7,s1,a7
    800012a8:	01046833          	or	a6,s0,a6
    800012ac:	00e3e3b3          	or	t2,t2,a4
    800012b0:	00a36333          	or	t1,t1,a0
    800012b4:	00b8e8b3          	or	a7,a7,a1
    800012b8:	00d86833          	or	a6,a6,a3
    800012bc:	0107979b          	slliw	a5,a5,0x10
    800012c0:	01934333          	xor	t1,t1,s9
    800012c4:	0188c8b3          	xor	a7,a7,s8
    800012c8:	01784833          	xor	a6,a6,s7
    800012cc:	00f3e7b3          	or	a5,t2,a5
    800012d0:	01c7c7b3          	xor	a5,a5,t3
    800012d4:	0188559b          	srliw	a1,a6,0x18
    800012d8:	0108569b          	srliw	a3,a6,0x10
    800012dc:	0088571b          	srliw	a4,a6,0x8
    800012e0:	0183539b          	srliw	t2,t1,0x18
    800012e4:	01035f9b          	srliw	t6,t1,0x10
    800012e8:	00835f1b          	srliw	t5,t1,0x8
    800012ec:	0188de9b          	srliw	t4,a7,0x18
    800012f0:	0108de1b          	srliw	t3,a7,0x10
    800012f4:	0088d51b          	srliw	a0,a7,0x8
    800012f8:	00ba85a3          	sb	a1,11(s5)
    800012fc:	00da8523          	sb	a3,10(s5)
    80001300:	00ea84a3          	sb	a4,9(s5)
    80001304:	007a81a3          	sb	t2,3(s5)
    80001308:	01fa8123          	sb	t6,2(s5)
    8000130c:	01ea80a3          	sb	t5,1(s5)
    80001310:	006a8023          	sb	t1,0(s5)
    80001314:	01da83a3          	sb	t4,7(s5)
    80001318:	01ca8323          	sb	t3,6(s5)
    8000131c:	00aa82a3          	sb	a0,5(s5)
    80001320:	011a8223          	sb	a7,4(s5)
    80001324:	010a8423          	sb	a6,8(s5)
    80001328:	0187d59b          	srliw	a1,a5,0x18
    8000132c:	0107d69b          	srliw	a3,a5,0x10
    80001330:	0087d71b          	srliw	a4,a5,0x8
    80001334:	00ba87a3          	sb	a1,15(s5)
    80001338:	00da8723          	sb	a3,14(s5)
    8000133c:	00ea86a3          	sb	a4,13(s5)
    80001340:	00fa8623          	sb	a5,12(s5)
    80001344:	010a8a93          	addi	s5,s5,16
    80001348:	010b0b13          	addi	s6,s6,16
    8000134c:	b05a90e3          	bne	s5,t0,80000e4c <_nettle_aes_encrypt.part.0+0x98>
    80001350:	09813403          	ld	s0,152(sp)
    80001354:	09013483          	ld	s1,144(sp)
    80001358:	08813903          	ld	s2,136(sp)
    8000135c:	08013983          	ld	s3,128(sp)
    80001360:	07813a03          	ld	s4,120(sp)
    80001364:	07013a83          	ld	s5,112(sp)
    80001368:	06813b03          	ld	s6,104(sp)
    8000136c:	06013b83          	ld	s7,96(sp)
    80001370:	05813c03          	ld	s8,88(sp)
    80001374:	05013c83          	ld	s9,80(sp)
    80001378:	04813d03          	ld	s10,72(sp)
    8000137c:	04013d83          	ld	s11,64(sp)
    80001380:	0a010113          	addi	sp,sp,160
    80001384:	00008067          	ret
    80001388:	01c00a13          	li	s4,28
    8000138c:	01800b93          	li	s7,24
    80001390:	01400c13          	li	s8,20
    80001394:	01000c93          	li	s9,16
    80001398:	dcdff06f          	j	80001164 <_nettle_aes_encrypt.part.0+0x3b0>

000000008000139c <_nettle_aes_decrypt.part.0>:
    8000139c:	f6010113          	addi	sp,sp,-160
    800013a0:	00a13c23          	sd	a0,24(sp)
    800013a4:	5c068263          	beqz	a3,80001968 <_nettle_aes_decrypt.part.0+0x5cc>
    800013a8:	07613423          	sd	s6,104(sp)
    800013ac:	00078b13          	mv	s6,a5
    800013b0:	0025179b          	slliw	a5,a0,0x2
    800013b4:	09213423          	sd	s2,136(sp)
    800013b8:	00058913          	mv	s2,a1
    800013bc:	0027859b          	addiw	a1,a5,2
    800013c0:	0017851b          	addiw	a0,a5,1
    800013c4:	02059593          	slli	a1,a1,0x20
    800013c8:	07513823          	sd	s5,112(sp)
    800013cc:	0205d593          	srli	a1,a1,0x20
    800013d0:	00070a93          	mv	s5,a4
    800013d4:	02051713          	slli	a4,a0,0x20
    800013d8:	02079813          	slli	a6,a5,0x20
    800013dc:	05b13023          	sd	s11,64(sp)
    800013e0:	0037879b          	addiw	a5,a5,3
    800013e4:	01e75d93          	srli	s11,a4,0x1e
    800013e8:	00259713          	slli	a4,a1,0x2
    800013ec:	02e13023          	sd	a4,32(sp)
    800013f0:	02079713          	slli	a4,a5,0x20
    800013f4:	01e75793          	srli	a5,a4,0x1e
    800013f8:	02085813          	srli	a6,a6,0x20
    800013fc:	05a13423          	sd	s10,72(sp)
    80001400:	02f13423          	sd	a5,40(sp)
    80001404:	00281d13          	slli	s10,a6,0x2
    80001408:	00da87b3          	add	a5,s5,a3
    8000140c:	08813c23          	sd	s0,152(sp)
    80001410:	08913823          	sd	s1,144(sp)
    80001414:	09313023          	sd	s3,128(sp)
    80001418:	07413c23          	sd	s4,120(sp)
    8000141c:	07713023          	sd	s7,96(sp)
    80001420:	05813c23          	sd	s8,88(sp)
    80001424:	05913823          	sd	s9,80(sp)
    80001428:	03a13823          	sd	s10,48(sp)
    8000142c:	03b13c23          	sd	s11,56(sp)
    80001430:	00078293          	mv	t0,a5
    80001434:	001b4483          	lbu	s1,1(s6)
    80001438:	005b4403          	lbu	s0,5(s6)
    8000143c:	009b4383          	lbu	t2,9(s6)
    80001440:	00db4f03          	lbu	t5,13(s6)
    80001444:	004b4f83          	lbu	t6,4(s6)
    80001448:	008b4703          	lbu	a4,8(s6)
    8000144c:	00cb4783          	lbu	a5,12(s6)
    80001450:	000b4c83          	lbu	s9,0(s6)
    80001454:	002b4e83          	lbu	t4,2(s6)
    80001458:	006b4e03          	lbu	t3,6(s6)
    8000145c:	00ab4303          	lbu	t1,10(s6)
    80001460:	00eb4883          	lbu	a7,14(s6)
    80001464:	00fb4683          	lbu	a3,15(s6)
    80001468:	003b4803          	lbu	a6,3(s6)
    8000146c:	007b4503          	lbu	a0,7(s6)
    80001470:	00bb4583          	lbu	a1,11(s6)
    80001474:	00849493          	slli	s1,s1,0x8
    80001478:	00841413          	slli	s0,s0,0x8
    8000147c:	00839393          	slli	t2,t2,0x8
    80001480:	008f1f13          	slli	t5,t5,0x8
    80001484:	00e3e3b3          	or	t2,t2,a4
    80001488:	01f46433          	or	s0,s0,t6
    8000148c:	00ff6f33          	or	t5,t5,a5
    80001490:	00092c03          	lw	s8,0(s2)
    80001494:	00492b83          	lw	s7,4(s2)
    80001498:	00892a03          	lw	s4,8(s2)
    8000149c:	00c92983          	lw	s3,12(s2)
    800014a0:	0194e4b3          	or	s1,s1,s9
    800014a4:	010e9e93          	slli	t4,t4,0x10
    800014a8:	010e1e13          	slli	t3,t3,0x10
    800014ac:	01031313          	slli	t1,t1,0x10
    800014b0:	01089893          	slli	a7,a7,0x10
    800014b4:	00736333          	or	t1,t1,t2
    800014b8:	01869f93          	slli	t6,a3,0x18
    800014bc:	009eeeb3          	or	t4,t4,s1
    800014c0:	01881713          	slli	a4,a6,0x18
    800014c4:	008e6e33          	or	t3,t3,s0
    800014c8:	01851793          	slli	a5,a0,0x18
    800014cc:	01859393          	slli	t2,a1,0x18
    800014d0:	01e8e8b3          	or	a7,a7,t5
    800014d4:	01813d03          	ld	s10,24(sp)
    800014d8:	01d76733          	or	a4,a4,t4
    800014dc:	01c7e7b3          	or	a5,a5,t3
    800014e0:	0063e3b3          	or	t2,t2,t1
    800014e4:	011fefb3          	or	t6,t6,a7
    800014e8:	01874733          	xor	a4,a4,s8
    800014ec:	0177c7b3          	xor	a5,a5,s7
    800014f0:	0143c3b3          	xor	t2,t2,s4
    800014f4:	013fcfb3          	xor	t6,t6,s3
    800014f8:	00100693          	li	a3,1
    800014fc:	0007071b          	sext.w	a4,a4
    80001500:	0007879b          	sext.w	a5,a5
    80001504:	0003839b          	sext.w	t2,t2
    80001508:	000f8f9b          	sext.w	t6,t6
    8000150c:	47a6f263          	bgeu	a3,s10,80001970 <_nettle_aes_decrypt.part.0+0x5d4>
    80001510:	00400f13          	li	t5,4
    80001514:	00100a13          	li	s4,1
    80001518:	00070593          	mv	a1,a4
    8000151c:	00078693          	mv	a3,a5
    80001520:	01513423          	sd	s5,8(sp)
    80001524:	01613823          	sd	s6,16(sp)
    80001528:	0005851b          	sext.w	a0,a1
    8000152c:	0186dc1b          	srliw	s8,a3,0x18
    80001530:	0183db9b          	srliw	s7,t2,0x18
    80001534:	0ff3fb13          	zext.b	s6,t2
    80001538:	018fda9b          	srliw	s5,t6,0x18
    8000153c:	0ffff993          	zext.b	s3,t6
    80001540:	0185549b          	srliw	s1,a0,0x18
    80001544:	0006881b          	sext.w	a6,a3
    80001548:	0003889b          	sext.w	a7,t2
    8000154c:	340c0c13          	addi	s8,s8,832
    80001550:	340b8b93          	addi	s7,s7,832
    80001554:	040b0b13          	addi	s6,s6,64
    80001558:	340a8a93          	addi	s5,s5,832
    8000155c:	04098993          	addi	s3,s3,64
    80001560:	34048493          	addi	s1,s1,832
    80001564:	008fde9b          	srliw	t4,t6,0x8
    80001568:	00855e1b          	srliw	t3,a0,0x8
    8000156c:	0088531b          	srliw	t1,a6,0x8
    80001570:	0ff5f593          	zext.b	a1,a1
    80001574:	0ff6f693          	zext.b	a3,a3
    80001578:	0088d89b          	srliw	a7,a7,0x8
    8000157c:	002c1c13          	slli	s8,s8,0x2
    80001580:	002b9b93          	slli	s7,s7,0x2
    80001584:	002b1b13          	slli	s6,s6,0x2
    80001588:	002a9a93          	slli	s5,s5,0x2
    8000158c:	00299993          	slli	s3,s3,0x2
    80001590:	00249493          	slli	s1,s1,0x2
    80001594:	001f041b          	addiw	s0,t5,1
    80001598:	020f1d93          	slli	s11,t5,0x20
    8000159c:	0103d71b          	srliw	a4,t2,0x10
    800015a0:	010fd79b          	srliw	a5,t6,0x10
    800015a4:	01860c33          	add	s8,a2,s8
    800015a8:	01760bb3          	add	s7,a2,s7
    800015ac:	01660b33          	add	s6,a2,s6
    800015b0:	01560ab3          	add	s5,a2,s5
    800015b4:	013609b3          	add	s3,a2,s3
    800015b8:	009604b3          	add	s1,a2,s1
    800015bc:	04058593          	addi	a1,a1,64
    800015c0:	0ffefe93          	zext.b	t4,t4
    800015c4:	04068693          	addi	a3,a3,64
    800015c8:	0ffe7e13          	zext.b	t3,t3
    800015cc:	0ff37313          	zext.b	t1,t1
    800015d0:	0105551b          	srliw	a0,a0,0x10
    800015d4:	0ff8f893          	zext.b	a7,a7
    800015d8:	0108581b          	srliw	a6,a6,0x10
    800015dc:	002f039b          	addiw	t2,t5,2
    800015e0:	000c2c83          	lw	s9,0(s8)
    800015e4:	00259593          	slli	a1,a1,0x2
    800015e8:	000bac03          	lw	s8,0(s7)
    800015ec:	140e8e93          	addi	t4,t4,320
    800015f0:	000b2b83          	lw	s7,0(s6)
    800015f4:	0ff77713          	zext.b	a4,a4
    800015f8:	000aab03          	lw	s6,0(s5)
    800015fc:	00269693          	slli	a3,a3,0x2
    80001600:	0009aa83          	lw	s5,0(s3)
    80001604:	140e0e13          	addi	t3,t3,320
    80001608:	0004a983          	lw	s3,0(s1)
    8000160c:	0ff7f793          	zext.b	a5,a5
    80001610:	01edd493          	srli	s1,s11,0x1e
    80001614:	14030313          	addi	t1,t1,320
    80001618:	02041d93          	slli	s11,s0,0x20
    8000161c:	0ff57513          	zext.b	a0,a0
    80001620:	14088893          	addi	a7,a7,320
    80001624:	0ff87813          	zext.b	a6,a6
    80001628:	003f0f9b          	addiw	t6,t5,3
    8000162c:	01edd413          	srli	s0,s11,0x1e
    80001630:	00b605b3          	add	a1,a2,a1
    80001634:	02039d93          	slli	s11,t2,0x20
    80001638:	002e9e93          	slli	t4,t4,0x2
    8000163c:	24070713          	addi	a4,a4,576
    80001640:	00d606b3          	add	a3,a2,a3
    80001644:	002e1e13          	slli	t3,t3,0x2
    80001648:	24078793          	addi	a5,a5,576
    8000164c:	00231313          	slli	t1,t1,0x2
    80001650:	24050513          	addi	a0,a0,576
    80001654:	00289893          	slli	a7,a7,0x2
    80001658:	24080813          	addi	a6,a6,576
    8000165c:	01edd393          	srli	t2,s11,0x1e
    80001660:	0005a583          	lw	a1,0(a1)
    80001664:	020f9d93          	slli	s11,t6,0x20
    80001668:	0006a683          	lw	a3,0(a3)
    8000166c:	01d60eb3          	add	t4,a2,t4
    80001670:	00271713          	slli	a4,a4,0x2
    80001674:	01c60e33          	add	t3,a2,t3
    80001678:	00279793          	slli	a5,a5,0x2
    8000167c:	00660333          	add	t1,a2,t1
    80001680:	00251513          	slli	a0,a0,0x2
    80001684:	011608b3          	add	a7,a2,a7
    80001688:	00281813          	slli	a6,a6,0x2
    8000168c:	00e60733          	add	a4,a2,a4
    80001690:	01eddf93          	srli	t6,s11,0x1e
    80001694:	000eae83          	lw	t4,0(t4)
    80001698:	000e2e03          	lw	t3,0(t3)
    8000169c:	00032303          	lw	t1,0(t1)
    800016a0:	0008a883          	lw	a7,0(a7)
    800016a4:	00f607b3          	add	a5,a2,a5
    800016a8:	00a60533          	add	a0,a2,a0
    800016ac:	01060833          	add	a6,a2,a6
    800016b0:	00072d83          	lw	s11,0(a4)
    800016b4:	0007a783          	lw	a5,0(a5)
    800016b8:	009904b3          	add	s1,s2,s1
    800016bc:	00052503          	lw	a0,0(a0)
    800016c0:	00082803          	lw	a6,0(a6)
    800016c4:	00890433          	add	s0,s2,s0
    800016c8:	007903b3          	add	t2,s2,t2
    800016cc:	01f90fb3          	add	t6,s2,t6
    800016d0:	0004a703          	lw	a4,0(s1)
    800016d4:	00042403          	lw	s0,0(s0)
    800016d8:	0003a383          	lw	t2,0(t2)
    800016dc:	000faf83          	lw	t6,0(t6)
    800016e0:	0195c5b3          	xor	a1,a1,s9
    800016e4:	0186c6b3          	xor	a3,a3,s8
    800016e8:	016bc4b3          	xor	s1,s7,s6
    800016ec:	013ac9b3          	xor	s3,s5,s3
    800016f0:	01d5c5b3          	xor	a1,a1,t4
    800016f4:	01c6c6b3          	xor	a3,a3,t3
    800016f8:	0064c4b3          	xor	s1,s1,t1
    800016fc:	0119c9b3          	xor	s3,s3,a7
    80001700:	00f6c6b3          	xor	a3,a3,a5
    80001704:	01b5c5b3          	xor	a1,a1,s11
    80001708:	00a4c4b3          	xor	s1,s1,a0
    8000170c:	0109c7b3          	xor	a5,s3,a6
    80001710:	001a0a1b          	addiw	s4,s4,1
    80001714:	00e5c5b3          	xor	a1,a1,a4
    80001718:	0086c6b3          	xor	a3,a3,s0
    8000171c:	0074c3b3          	xor	t2,s1,t2
    80001720:	01f7cfb3          	xor	t6,a5,t6
    80001724:	004f0f1b          	addiw	t5,t5,4
    80001728:	e1aa10e3          	bne	s4,s10,80001528 <_nettle_aes_decrypt.part.0+0x18c>
    8000172c:	00813a83          	ld	s5,8(sp)
    80001730:	01013b03          	ld	s6,16(sp)
    80001734:	02813a03          	ld	s4,40(sp)
    80001738:	02013b83          	ld	s7,32(sp)
    8000173c:	03813c03          	ld	s8,56(sp)
    80001740:	03013c83          	ld	s9,48(sp)
    80001744:	00058713          	mv	a4,a1
    80001748:	00068793          	mv	a5,a3
    8000174c:	0187d99b          	srliw	s3,a5,0x18
    80001750:	008fd31b          	srliw	t1,t6,0x8
    80001754:	0183d49b          	srliw	s1,t2,0x18
    80001758:	0087589b          	srliw	a7,a4,0x8
    8000175c:	018fd41b          	srliw	s0,t6,0x18
    80001760:	0087d81b          	srliw	a6,a5,0x8
    80001764:	0ff77f13          	zext.b	t5,a4
    80001768:	0103d51b          	srliw	a0,t2,0x10
    8000176c:	0ff7fe93          	zext.b	t4,a5
    80001770:	010fd59b          	srliw	a1,t6,0x10
    80001774:	0ff3fe13          	zext.b	t3,t2
    80001778:	0107569b          	srliw	a3,a4,0x10
    8000177c:	013609b3          	add	s3,a2,s3
    80001780:	0ff37313          	zext.b	t1,t1
    80001784:	009604b3          	add	s1,a2,s1
    80001788:	0ff8f893          	zext.b	a7,a7
    8000178c:	00860433          	add	s0,a2,s0
    80001790:	0ff87813          	zext.b	a6,a6
    80001794:	0187571b          	srliw	a4,a4,0x18
    80001798:	0083d39b          	srliw	t2,t2,0x8
    8000179c:	0009c983          	lbu	s3,0(s3)
    800017a0:	0004c483          	lbu	s1,0(s1)
    800017a4:	00044403          	lbu	s0,0(s0)
    800017a8:	01e60f33          	add	t5,a2,t5
    800017ac:	00660333          	add	t1,a2,t1
    800017b0:	0ff57513          	zext.b	a0,a0
    800017b4:	01d60eb3          	add	t4,a2,t4
    800017b8:	011608b3          	add	a7,a2,a7
    800017bc:	0ff5f593          	zext.b	a1,a1
    800017c0:	01c60e33          	add	t3,a2,t3
    800017c4:	01060833          	add	a6,a2,a6
    800017c8:	0ff6f693          	zext.b	a3,a3
    800017cc:	00e60733          	add	a4,a2,a4
    800017d0:	0fffff93          	zext.b	t6,t6
    800017d4:	0ff3f393          	zext.b	t2,t2
    800017d8:	0107d79b          	srliw	a5,a5,0x10
    800017dc:	000f4f03          	lbu	t5,0(t5)
    800017e0:	000ece83          	lbu	t4,0(t4)
    800017e4:	000e4e03          	lbu	t3,0(t3)
    800017e8:	00034303          	lbu	t1,0(t1)
    800017ec:	0008c883          	lbu	a7,0(a7)
    800017f0:	00084803          	lbu	a6,0(a6)
    800017f4:	00074703          	lbu	a4,0(a4)
    800017f8:	00a60533          	add	a0,a2,a0
    800017fc:	00b605b3          	add	a1,a2,a1
    80001800:	00d606b3          	add	a3,a2,a3
    80001804:	01f60fb3          	add	t6,a2,t6
    80001808:	007603b3          	add	t2,a2,t2
    8000180c:	0ff7f793          	zext.b	a5,a5
    80001810:	000fcf83          	lbu	t6,0(t6)
    80001814:	00054503          	lbu	a0,0(a0)
    80001818:	0005c583          	lbu	a1,0(a1)
    8000181c:	0006c683          	lbu	a3,0(a3)
    80001820:	0003c383          	lbu	t2,0(t2)
    80001824:	00f607b3          	add	a5,a2,a5
    80001828:	0007c783          	lbu	a5,0(a5)
    8000182c:	0189999b          	slliw	s3,s3,0x18
    80001830:	01990cb3          	add	s9,s2,s9
    80001834:	0184949b          	slliw	s1,s1,0x18
    80001838:	01890c33          	add	s8,s2,s8
    8000183c:	0184141b          	slliw	s0,s0,0x18
    80001840:	01790bb3          	add	s7,s2,s7
    80001844:	000cac83          	lw	s9,0(s9)
    80001848:	000c2c03          	lw	s8,0(s8)
    8000184c:	000bab83          	lw	s7,0(s7)
    80001850:	01e9e9b3          	or	s3,s3,t5
    80001854:	01d4e4b3          	or	s1,s1,t4
    80001858:	01c46433          	or	s0,s0,t3
    8000185c:	0083131b          	slliw	t1,t1,0x8
    80001860:	0088989b          	slliw	a7,a7,0x8
    80001864:	0088181b          	slliw	a6,a6,0x8
    80001868:	0187171b          	slliw	a4,a4,0x18
    8000186c:	01490a33          	add	s4,s2,s4
    80001870:	000a2e03          	lw	t3,0(s4)
    80001874:	0105151b          	slliw	a0,a0,0x10
    80001878:	0105959b          	slliw	a1,a1,0x10
    8000187c:	0106969b          	slliw	a3,a3,0x10
    80001880:	01f76733          	or	a4,a4,t6
    80001884:	0083939b          	slliw	t2,t2,0x8
    80001888:	0069e333          	or	t1,s3,t1
    8000188c:	0114e8b3          	or	a7,s1,a7
    80001890:	01046833          	or	a6,s0,a6
    80001894:	00776733          	or	a4,a4,t2
    80001898:	00a36333          	or	t1,t1,a0
    8000189c:	00b8e8b3          	or	a7,a7,a1
    800018a0:	00d86833          	or	a6,a6,a3
    800018a4:	0107979b          	slliw	a5,a5,0x10
    800018a8:	01934333          	xor	t1,t1,s9
    800018ac:	0188c8b3          	xor	a7,a7,s8
    800018b0:	01784833          	xor	a6,a6,s7
    800018b4:	00f767b3          	or	a5,a4,a5
    800018b8:	01c7c7b3          	xor	a5,a5,t3
    800018bc:	0188559b          	srliw	a1,a6,0x18
    800018c0:	0108569b          	srliw	a3,a6,0x10
    800018c4:	0088571b          	srliw	a4,a6,0x8
    800018c8:	0183539b          	srliw	t2,t1,0x18
    800018cc:	01035f9b          	srliw	t6,t1,0x10
    800018d0:	00835f1b          	srliw	t5,t1,0x8
    800018d4:	0188de9b          	srliw	t4,a7,0x18
    800018d8:	0108de1b          	srliw	t3,a7,0x10
    800018dc:	0088d51b          	srliw	a0,a7,0x8
    800018e0:	00ba85a3          	sb	a1,11(s5)
    800018e4:	00da8523          	sb	a3,10(s5)
    800018e8:	00ea84a3          	sb	a4,9(s5)
    800018ec:	007a81a3          	sb	t2,3(s5)
    800018f0:	01fa8123          	sb	t6,2(s5)
    800018f4:	01ea80a3          	sb	t5,1(s5)
    800018f8:	006a8023          	sb	t1,0(s5)
    800018fc:	01da83a3          	sb	t4,7(s5)
    80001900:	01ca8323          	sb	t3,6(s5)
    80001904:	00aa82a3          	sb	a0,5(s5)
    80001908:	011a8223          	sb	a7,4(s5)
    8000190c:	010a8423          	sb	a6,8(s5)
    80001910:	0187d59b          	srliw	a1,a5,0x18
    80001914:	0107d69b          	srliw	a3,a5,0x10
    80001918:	0087d71b          	srliw	a4,a5,0x8
    8000191c:	00ba87a3          	sb	a1,15(s5)
    80001920:	00da8723          	sb	a3,14(s5)
    80001924:	00ea86a3          	sb	a4,13(s5)
    80001928:	00fa8623          	sb	a5,12(s5)
    8000192c:	010a8a93          	addi	s5,s5,16
    80001930:	010b0b13          	addi	s6,s6,16
    80001934:	b05a90e3          	bne	s5,t0,80001434 <_nettle_aes_decrypt.part.0+0x98>
    80001938:	09813403          	ld	s0,152(sp)
    8000193c:	09013483          	ld	s1,144(sp)
    80001940:	08813903          	ld	s2,136(sp)
    80001944:	08013983          	ld	s3,128(sp)
    80001948:	07813a03          	ld	s4,120(sp)
    8000194c:	07013a83          	ld	s5,112(sp)
    80001950:	06813b03          	ld	s6,104(sp)
    80001954:	06013b83          	ld	s7,96(sp)
    80001958:	05813c03          	ld	s8,88(sp)
    8000195c:	05013c83          	ld	s9,80(sp)
    80001960:	04813d03          	ld	s10,72(sp)
    80001964:	04013d83          	ld	s11,64(sp)
    80001968:	0a010113          	addi	sp,sp,160
    8000196c:	00008067          	ret
    80001970:	01c00a13          	li	s4,28
    80001974:	01800b93          	li	s7,24
    80001978:	01400c13          	li	s8,20
    8000197c:	01000c93          	li	s9,16
    80001980:	dcdff06f          	j	8000174c <_nettle_aes_decrypt.part.0+0x3b0>

0000000080001984 <_aes_set_key>:
    80001984:	ff010113          	addi	sp,sp,-16
    80001988:	00113423          	sd	ra,8(sp)
    8000198c:	1c058063          	beqz	a1,80001b4c <_aes_set_key+0x1c8>
    80001990:	02059793          	slli	a5,a1,0x20
    80001994:	0015051b          	addiw	a0,a0,1
    80001998:	01e7d813          	srli	a6,a5,0x1e
    8000199c:	0025151b          	slliw	a0,a0,0x2
    800019a0:	01060f33          	add	t5,a2,a6
    800019a4:	00060893          	mv	a7,a2
    800019a8:	00000e13          	li	t3,0
    800019ac:	020e1713          	slli	a4,t3,0x20
    800019b0:	02075713          	srli	a4,a4,0x20
    800019b4:	00e68733          	add	a4,a3,a4
    800019b8:	00374783          	lbu	a5,3(a4)
    800019bc:	00274303          	lbu	t1,2(a4)
    800019c0:	00074e83          	lbu	t4,0(a4)
    800019c4:	00174703          	lbu	a4,1(a4)
    800019c8:	0187979b          	slliw	a5,a5,0x18
    800019cc:	0103131b          	slliw	t1,t1,0x10
    800019d0:	0067e7b3          	or	a5,a5,t1
    800019d4:	01d7e7b3          	or	a5,a5,t4
    800019d8:	0087171b          	slliw	a4,a4,0x8
    800019dc:	00e7e7b3          	or	a5,a5,a4
    800019e0:	00f8a023          	sw	a5,0(a7)
    800019e4:	00488893          	addi	a7,a7,4
    800019e8:	004e0e1b          	addiw	t3,t3,4
    800019ec:	fd1f10e3          	bne	t5,a7,800019ac <_aes_set_key+0x28>
    800019f0:	14a5f863          	bgeu	a1,a0,80001b40 <_aes_set_key+0x1bc>
    800019f4:	fff58e1b          	addiw	t3,a1,-1
    800019f8:	020e1793          	slli	a5,t3,0x20
    800019fc:	01e7de13          	srli	t3,a5,0x1e
    80001a00:	00058693          	mv	a3,a1
    80001a04:	00002317          	auipc	t1,0x2
    80001a08:	41c30313          	addi	t1,t1,1052 # 80003e20 <rcon.0>
    80001a0c:	00600e93          	li	t4,6
    80001a10:	00400f13          	li	t5,4
    80001a14:	00004897          	auipc	a7,0x4
    80001a18:	91c88893          	addi	a7,a7,-1764 # 80005330 <_aes_encrypt_table>
    80001a1c:	08c0006f          	j	80001aa8 <_aes_set_key+0x124>
    80001a20:	0087df9b          	srliw	t6,a5,0x8
    80001a24:	0187979b          	slliw	a5,a5,0x18
    80001a28:	00ffe733          	or	a4,t6,a5
    80001a2c:	0087529b          	srliw	t0,a4,0x8
    80001a30:	0187d79b          	srliw	a5,a5,0x18
    80001a34:	00f887b3          	add	a5,a7,a5
    80001a38:	0fffff93          	zext.b	t6,t6
    80001a3c:	0ff2f293          	zext.b	t0,t0
    80001a40:	0107571b          	srliw	a4,a4,0x10
    80001a44:	01f88fb3          	add	t6,a7,t6
    80001a48:	005882b3          	add	t0,a7,t0
    80001a4c:	0007c783          	lbu	a5,0(a5)
    80001a50:	0ff77713          	zext.b	a4,a4
    80001a54:	000fc383          	lbu	t2,0(t6)
    80001a58:	00e88733          	add	a4,a7,a4
    80001a5c:	0002cf83          	lbu	t6,0(t0)
    80001a60:	00074703          	lbu	a4,0(a4)
    80001a64:	0187979b          	slliw	a5,a5,0x18
    80001a68:	00034283          	lbu	t0,0(t1)
    80001a6c:	0077e7b3          	or	a5,a5,t2
    80001a70:	008f9f9b          	slliw	t6,t6,0x8
    80001a74:	01f7e7b3          	or	a5,a5,t6
    80001a78:	0107171b          	slliw	a4,a4,0x10
    80001a7c:	00e7e7b3          	or	a5,a5,a4
    80001a80:	0057c7b3          	xor	a5,a5,t0
    80001a84:	0007879b          	sext.w	a5,a5
    80001a88:	00130313          	addi	t1,t1,1
    80001a8c:	00062703          	lw	a4,0(a2)
    80001a90:	01060fb3          	add	t6,a2,a6
    80001a94:	0016869b          	addiw	a3,a3,1
    80001a98:	00f747b3          	xor	a5,a4,a5
    80001a9c:	00ffa023          	sw	a5,0(t6)
    80001aa0:	00460613          	addi	a2,a2,4
    80001aa4:	08d50e63          	beq	a0,a3,80001b40 <_aes_set_key+0x1bc>
    80001aa8:	02b6f73b          	remuw	a4,a3,a1
    80001aac:	01c607b3          	add	a5,a2,t3
    80001ab0:	0007a783          	lw	a5,0(a5)
    80001ab4:	f60706e3          	beqz	a4,80001a20 <_aes_set_key+0x9c>
    80001ab8:	fcbefae3          	bgeu	t4,a1,80001a8c <_aes_set_key+0x108>
    80001abc:	fde718e3          	bne	a4,t5,80001a8c <_aes_set_key+0x108>
    80001ac0:	00004f97          	auipc	t6,0x4
    80001ac4:	870f8f93          	addi	t6,t6,-1936 # 80005330 <_aes_encrypt_table>
    80001ac8:	0187d71b          	srliw	a4,a5,0x18
    80001acc:	0087d29b          	srliw	t0,a5,0x8
    80001ad0:	0107d39b          	srliw	t2,a5,0x10
    80001ad4:	00ef8733          	add	a4,t6,a4
    80001ad8:	0ff7f793          	zext.b	a5,a5
    80001adc:	0ff2f293          	zext.b	t0,t0
    80001ae0:	00ff87b3          	add	a5,t6,a5
    80001ae4:	00074703          	lbu	a4,0(a4)
    80001ae8:	005f82b3          	add	t0,t6,t0
    80001aec:	0ff3f393          	zext.b	t2,t2
    80001af0:	00813023          	sd	s0,0(sp)
    80001af4:	0002c283          	lbu	t0,0(t0)
    80001af8:	0007c403          	lbu	s0,0(a5)
    80001afc:	007f8fb3          	add	t6,t6,t2
    80001b00:	000fcf83          	lbu	t6,0(t6)
    80001b04:	0187179b          	slliw	a5,a4,0x18
    80001b08:	0087e7b3          	or	a5,a5,s0
    80001b0c:	0082929b          	slliw	t0,t0,0x8
    80001b10:	010f971b          	slliw	a4,t6,0x10
    80001b14:	0057e7b3          	or	a5,a5,t0
    80001b18:	00e7e7b3          	or	a5,a5,a4
    80001b1c:	00062703          	lw	a4,0(a2)
    80001b20:	0007879b          	sext.w	a5,a5
    80001b24:	01060fb3          	add	t6,a2,a6
    80001b28:	00f747b3          	xor	a5,a4,a5
    80001b2c:	00013403          	ld	s0,0(sp)
    80001b30:	0016869b          	addiw	a3,a3,1
    80001b34:	00ffa023          	sw	a5,0(t6)
    80001b38:	00460613          	addi	a2,a2,4
    80001b3c:	f6d516e3          	bne	a0,a3,80001aa8 <_aes_set_key+0x124>
    80001b40:	00813083          	ld	ra,8(sp)
    80001b44:	01010113          	addi	sp,sp,16
    80001b48:	00008067          	ret
    80001b4c:	00100513          	li	a0,1
    80001b50:	00813023          	sd	s0,0(sp)
    80001b54:	55a000ef          	jal	800020ae <exit>

0000000080001b58 <aes_set_encrypt_key>:
    80001b58:	ff058813          	addi	a6,a1,-16
    80001b5c:	01000713          	li	a4,16
    80001b60:	05076c63          	bltu	a4,a6,80001bb8 <aes_set_encrypt_key+0x60>
    80001b64:	02000713          	li	a4,32
    80001b68:	00050793          	mv	a5,a0
    80001b6c:	00060693          	mv	a3,a2
    80001b70:	02e58a63          	beq	a1,a4,80001ba4 <aes_set_encrypt_key+0x4c>
    80001b74:	01700713          	li	a4,23
    80001b78:	00b76c63          	bltu	a4,a1,80001b90 <aes_set_encrypt_key+0x38>
    80001b7c:	00a00513          	li	a0,10
    80001b80:	00400593          	li	a1,4
    80001b84:	00a7a023          	sw	a0,0(a5)
    80001b88:	00478613          	addi	a2,a5,4
    80001b8c:	df9ff06f          	j	80001984 <_aes_set_key>
    80001b90:	00c00513          	li	a0,12
    80001b94:	00600593          	li	a1,6
    80001b98:	00a7a023          	sw	a0,0(a5)
    80001b9c:	00478613          	addi	a2,a5,4
    80001ba0:	de5ff06f          	j	80001984 <_aes_set_key>
    80001ba4:	00e00513          	li	a0,14
    80001ba8:	00800593          	li	a1,8
    80001bac:	00a7a023          	sw	a0,0(a5)
    80001bb0:	00478613          	addi	a2,a5,4
    80001bb4:	dd1ff06f          	j	80001984 <_aes_set_key>
    80001bb8:	ff010113          	addi	sp,sp,-16
    80001bbc:	00100513          	li	a0,1
    80001bc0:	00113423          	sd	ra,8(sp)
    80001bc4:	4ea000ef          	jal	800020ae <exit>

0000000080001bc8 <_nettle_aes_invert>:
    80001bc8:	00251f1b          	slliw	t5,a0,0x2
    80001bcc:	000f0513          	mv	a0,t5
    80001bd0:	10b60663          	beq	a2,a1,80001cdc <_nettle_aes_invert+0x114>
    80001bd4:	004f0f9b          	addiw	t6,t5,4
    80001bd8:	41e0083b          	negw	a6,t5
    80001bdc:	000f8e13          	mv	t3,t6
    80001be0:	ffce089b          	addiw	a7,t3,-4
    80001be4:	000e031b          	sext.w	t1,t3
    80001be8:	00088e1b          	sext.w	t3,a7
    80001bec:	000e0713          	mv	a4,t3
    80001bf0:	02071793          	slli	a5,a4,0x20
    80001bf4:	01e7d693          	srli	a3,a5,0x1e
    80001bf8:	00d606b3          	add	a3,a2,a3
    80001bfc:	00e807bb          	addw	a5,a6,a4
    80001c00:	0006a683          	lw	a3,0(a3)
    80001c04:	02079e93          	slli	t4,a5,0x20
    80001c08:	01eed793          	srli	a5,t4,0x1e
    80001c0c:	00f587b3          	add	a5,a1,a5
    80001c10:	00d7a023          	sw	a3,0(a5)
    80001c14:	0017071b          	addiw	a4,a4,1
    80001c18:	fce31ce3          	bne	t1,a4,80001bf0 <_nettle_aes_invert+0x28>
    80001c1c:	411f88bb          	subw	a7,t6,a7
    80001c20:	0088081b          	addiw	a6,a6,8
    80001c24:	fb1f7ee3          	bgeu	t5,a7,80001be0 <_nettle_aes_invert+0x18>
    80001c28:	00400793          	li	a5,4
    80001c2c:	11e7f863          	bgeu	a5,t5,80001d3c <_nettle_aes_invert+0x174>
    80001c30:	ffb5081b          	addiw	a6,a0,-5
    80001c34:	02081793          	slli	a5,a6,0x20
    80001c38:	01e7d813          	srli	a6,a5,0x1e
    80001c3c:	01458793          	addi	a5,a1,20
    80001c40:	00f80833          	add	a6,a6,a5
    80001c44:	01058593          	addi	a1,a1,16
    80001c48:	00002517          	auipc	a0,0x2
    80001c4c:	1d850513          	addi	a0,a0,472 # 80003e20 <rcon.0>
    80001c50:	0005a783          	lw	a5,0(a1)
    80001c54:	00458593          	addi	a1,a1,4
    80001c58:	0187d61b          	srliw	a2,a5,0x18
    80001c5c:	0087d69b          	srliw	a3,a5,0x8
    80001c60:	0107d71b          	srliw	a4,a5,0x10
    80001c64:	00261613          	slli	a2,a2,0x2
    80001c68:	0ff6f693          	zext.b	a3,a3
    80001c6c:	00c50633          	add	a2,a0,a2
    80001c70:	0ff7f793          	zext.b	a5,a5
    80001c74:	00269693          	slli	a3,a3,0x2
    80001c78:	0ff77713          	zext.b	a4,a4
    80001c7c:	01062603          	lw	a2,16(a2)
    80001c80:	00279793          	slli	a5,a5,0x2
    80001c84:	00d506b3          	add	a3,a0,a3
    80001c88:	00271713          	slli	a4,a4,0x2
    80001c8c:	0106a683          	lw	a3,16(a3)
    80001c90:	00f507b3          	add	a5,a0,a5
    80001c94:	00e50733          	add	a4,a0,a4
    80001c98:	01072703          	lw	a4,16(a4)
    80001c9c:	0107a883          	lw	a7,16(a5)
    80001ca0:	0086579b          	srliw	a5,a2,0x8
    80001ca4:	0186161b          	slliw	a2,a2,0x18
    80001ca8:	00c7e7b3          	or	a5,a5,a2
    80001cac:	0086961b          	slliw	a2,a3,0x8
    80001cb0:	0186d69b          	srliw	a3,a3,0x18
    80001cb4:	00d66633          	or	a2,a2,a3
    80001cb8:	0117c7b3          	xor	a5,a5,a7
    80001cbc:	0107169b          	slliw	a3,a4,0x10
    80001cc0:	0107571b          	srliw	a4,a4,0x10
    80001cc4:	00c7c7b3          	xor	a5,a5,a2
    80001cc8:	00e6e733          	or	a4,a3,a4
    80001ccc:	00e7c7b3          	xor	a5,a5,a4
    80001cd0:	fef5ae23          	sw	a5,-4(a1)
    80001cd4:	f6b81ee3          	bne	a6,a1,80001c50 <_nettle_aes_invert+0x88>
    80001cd8:	00008067          	ret
    80001cdc:	000f0313          	mv	t1,t5
    80001ce0:	00400893          	li	a7,4
    80001ce4:	00000e13          	li	t3,0
    80001ce8:	040f0c63          	beqz	t5,80001d40 <_nettle_aes_invert+0x178>
    80001cec:	000e0713          	mv	a4,t3
    80001cf0:	00e307bb          	addw	a5,t1,a4
    80001cf4:	02079693          	slli	a3,a5,0x20
    80001cf8:	02071613          	slli	a2,a4,0x20
    80001cfc:	01e6d793          	srli	a5,a3,0x1e
    80001d00:	00f587b3          	add	a5,a1,a5
    80001d04:	01e65693          	srli	a3,a2,0x1e
    80001d08:	0007a803          	lw	a6,0(a5)
    80001d0c:	00d586b3          	add	a3,a1,a3
    80001d10:	0006a603          	lw	a2,0(a3)
    80001d14:	0106a023          	sw	a6,0(a3)
    80001d18:	0017071b          	addiw	a4,a4,1
    80001d1c:	00c7a023          	sw	a2,0(a5)
    80001d20:	fce898e3          	bne	a7,a4,80001cf0 <_nettle_aes_invert+0x128>
    80001d24:	004e0e1b          	addiw	t3,t3,4
    80001d28:	41cf07bb          	subw	a5,t5,t3
    80001d2c:	0048889b          	addiw	a7,a7,4
    80001d30:	ff83031b          	addiw	t1,t1,-8
    80001d34:	fafe6ce3          	bltu	t3,a5,80001cec <_nettle_aes_invert+0x124>
    80001d38:	ef1ff06f          	j	80001c28 <_nettle_aes_invert+0x60>
    80001d3c:	00008067          	ret
    80001d40:	00008067          	ret

0000000080001d44 <benchmark_body>:
    80001d44:	12a05863          	blez	a0,80001e74 <benchmark_body+0x130>
    80001d48:	fa010113          	addi	sp,sp,-96
    80001d4c:	04813823          	sd	s0,80(sp)
    80001d50:	04913423          	sd	s1,72(sp)
    80001d54:	05213023          	sd	s2,64(sp)
    80001d58:	03313c23          	sd	s3,56(sp)
    80001d5c:	03413823          	sd	s4,48(sp)
    80001d60:	03513423          	sd	s5,40(sp)
    80001d64:	03613023          	sd	s6,32(sp)
    80001d68:	01713c23          	sd	s7,24(sp)
    80001d6c:	01813823          	sd	s8,16(sp)
    80001d70:	01913423          	sd	s9,8(sp)
    80001d74:	01a13023          	sd	s10,0(sp)
    80001d78:	04113c23          	sd	ra,88(sp)
    80001d7c:	00050b93          	mv	s7,a0
    80001d80:	00000913          	li	s2,0
    80001d84:	89018413          	addi	s0,gp,-1904 # 80006868 <encctx>
    80001d88:	00e00b13          	li	s6,14
    80001d8c:	00004a97          	auipc	s5,0x4
    80001d90:	784a8a93          	addi	s5,s5,1924 # 80006510 <key>
    80001d94:	89418a13          	addi	s4,gp,-1900 # 8000686c <encctx+0x4>
    80001d98:	00004d17          	auipc	s10,0x4
    80001d9c:	798d0d13          	addi	s10,s10,1944 # 80006530 <plaintext>
    80001da0:	98818993          	addi	s3,gp,-1656 # 80006960 <encrypted>
    80001da4:	00003c97          	auipc	s9,0x3
    80001da8:	58cc8c93          	addi	s9,s9,1420 # 80005330 <_aes_encrypt_table>
    80001dac:	a8c18493          	addi	s1,gp,-1396 # 80006a64 <decctx+0x4>
    80001db0:	b8018c13          	addi	s8,gp,-1152 # 80006b58 <decrypted>
    80001db4:	000a8693          	mv	a3,s5
    80001db8:	000a0613          	mv	a2,s4
    80001dbc:	00800593          	li	a1,8
    80001dc0:	00e00513          	li	a0,14
    80001dc4:	01642023          	sw	s6,0(s0)
    80001dc8:	bbdff0ef          	jal	80001984 <_aes_set_key>
    80001dcc:	00042503          	lw	a0,0(s0)
    80001dd0:	000d0793          	mv	a5,s10
    80001dd4:	00098713          	mv	a4,s3
    80001dd8:	10000693          	li	a3,256
    80001ddc:	000c8613          	mv	a2,s9
    80001de0:	000a0593          	mv	a1,s4
    80001de4:	fd1fe0ef          	jal	80000db4 <_nettle_aes_encrypt.part.0>
    80001de8:	000a8693          	mv	a3,s5
    80001dec:	00048613          	mv	a2,s1
    80001df0:	00800593          	li	a1,8
    80001df4:	00e00513          	li	a0,14
    80001df8:	1f642c23          	sw	s6,504(s0)
    80001dfc:	b89ff0ef          	jal	80001984 <_aes_set_key>
    80001e00:	1f842503          	lw	a0,504(s0)
    80001e04:	00048613          	mv	a2,s1
    80001e08:	a8c18593          	addi	a1,gp,-1396 # 80006a64 <decctx+0x4>
    80001e0c:	dbdff0ef          	jal	80001bc8 <_nettle_aes_invert>
    80001e10:	1f842503          	lw	a0,504(s0)
    80001e14:	00098793          	mv	a5,s3
    80001e18:	000c0713          	mv	a4,s8
    80001e1c:	10000693          	li	a3,256
    80001e20:	00002617          	auipc	a2,0x2
    80001e24:	41060613          	addi	a2,a2,1040 # 80004230 <_aes_decrypt_table>
    80001e28:	00048593          	mv	a1,s1
    80001e2c:	0019091b          	addiw	s2,s2,1
    80001e30:	d6cff0ef          	jal	8000139c <_nettle_aes_decrypt.part.0>
    80001e34:	f92b90e3          	bne	s7,s2,80001db4 <benchmark_body+0x70>
    80001e38:	05813083          	ld	ra,88(sp)
    80001e3c:	05013403          	ld	s0,80(sp)
    80001e40:	04813483          	ld	s1,72(sp)
    80001e44:	04013903          	ld	s2,64(sp)
    80001e48:	03813983          	ld	s3,56(sp)
    80001e4c:	03013a03          	ld	s4,48(sp)
    80001e50:	02813a83          	ld	s5,40(sp)
    80001e54:	02013b03          	ld	s6,32(sp)
    80001e58:	01813b83          	ld	s7,24(sp)
    80001e5c:	01013c03          	ld	s8,16(sp)
    80001e60:	00813c83          	ld	s9,8(sp)
    80001e64:	00013d03          	ld	s10,0(sp)
    80001e68:	00000513          	li	a0,0
    80001e6c:	06010113          	addi	sp,sp,96
    80001e70:	00008067          	ret
    80001e74:	00000513          	li	a0,0
    80001e78:	00008067          	ret

0000000080001e7c <aes_invert_key>:
    80001e7c:	fe010113          	addi	sp,sp,-32
    80001e80:	00913423          	sd	s1,8(sp)
    80001e84:	00050493          	mv	s1,a0
    80001e88:	0005a503          	lw	a0,0(a1)
    80001e8c:	00813823          	sd	s0,16(sp)
    80001e90:	00458613          	addi	a2,a1,4
    80001e94:	00058413          	mv	s0,a1
    80001e98:	00448593          	addi	a1,s1,4
    80001e9c:	00113c23          	sd	ra,24(sp)
    80001ea0:	d29ff0ef          	jal	80001bc8 <_nettle_aes_invert>
    80001ea4:	00042783          	lw	a5,0(s0)
    80001ea8:	01813083          	ld	ra,24(sp)
    80001eac:	01013403          	ld	s0,16(sp)
    80001eb0:	00f4a023          	sw	a5,0(s1)
    80001eb4:	00813483          	ld	s1,8(sp)
    80001eb8:	02010113          	addi	sp,sp,32
    80001ebc:	00008067          	ret

0000000080001ec0 <aes_set_decrypt_key>:
    80001ec0:	fe010113          	addi	sp,sp,-32
    80001ec4:	00113c23          	sd	ra,24(sp)
    80001ec8:	00813823          	sd	s0,16(sp)
    80001ecc:	00913423          	sd	s1,8(sp)
    80001ed0:	ff058713          	addi	a4,a1,-16
    80001ed4:	01000793          	li	a5,16
    80001ed8:	06e7e663          	bltu	a5,a4,80001f44 <aes_set_decrypt_key+0x84>
    80001edc:	02000793          	li	a5,32
    80001ee0:	00050413          	mv	s0,a0
    80001ee4:	00060693          	mv	a3,a2
    80001ee8:	04f58863          	beq	a1,a5,80001f38 <aes_set_decrypt_key+0x78>
    80001eec:	01700793          	li	a5,23
    80001ef0:	02b7ee63          	bltu	a5,a1,80001f2c <aes_set_decrypt_key+0x6c>
    80001ef4:	00a00513          	li	a0,10
    80001ef8:	00400593          	li	a1,4
    80001efc:	00440493          	addi	s1,s0,4
    80001f00:	00a42023          	sw	a0,0(s0)
    80001f04:	00048613          	mv	a2,s1
    80001f08:	a7dff0ef          	jal	80001984 <_aes_set_key>
    80001f0c:	00042503          	lw	a0,0(s0)
    80001f10:	01013403          	ld	s0,16(sp)
    80001f14:	01813083          	ld	ra,24(sp)
    80001f18:	00048613          	mv	a2,s1
    80001f1c:	00048593          	mv	a1,s1
    80001f20:	00813483          	ld	s1,8(sp)
    80001f24:	02010113          	addi	sp,sp,32
    80001f28:	ca1ff06f          	j	80001bc8 <_nettle_aes_invert>
    80001f2c:	00c00513          	li	a0,12
    80001f30:	00600593          	li	a1,6
    80001f34:	fc9ff06f          	j	80001efc <aes_set_decrypt_key+0x3c>
    80001f38:	00e00513          	li	a0,14
    80001f3c:	00800593          	li	a1,8
    80001f40:	fbdff06f          	j	80001efc <aes_set_decrypt_key+0x3c>
    80001f44:	00100513          	li	a0,1
    80001f48:	166000ef          	jal	800020ae <exit>

0000000080001f4c <_nettle_aes_encrypt>:
    80001f4c:	00f6f813          	andi	a6,a3,15
    80001f50:	00081463          	bnez	a6,80001f58 <_nettle_aes_encrypt+0xc>
    80001f54:	e61fe06f          	j	80000db4 <_nettle_aes_encrypt.part.0>
    80001f58:	ff010113          	addi	sp,sp,-16
    80001f5c:	00100513          	li	a0,1
    80001f60:	00113423          	sd	ra,8(sp)
    80001f64:	14a000ef          	jal	800020ae <exit>

0000000080001f68 <_nettle_aes_decrypt>:
    80001f68:	00f6f813          	andi	a6,a3,15
    80001f6c:	00081463          	bnez	a6,80001f74 <_nettle_aes_decrypt+0xc>
    80001f70:	c2cff06f          	j	8000139c <_nettle_aes_decrypt.part.0>
    80001f74:	ff010113          	addi	sp,sp,-16
    80001f78:	00100513          	li	a0,1
    80001f7c:	00113423          	sd	ra,8(sp)
    80001f80:	12e000ef          	jal	800020ae <exit>

0000000080001f84 <aes_encrypt>:
    80001f84:	00f5f893          	andi	a7,a1,15
    80001f88:	02089463          	bnez	a7,80001fb0 <aes_encrypt+0x2c>
    80001f8c:	00050813          	mv	a6,a0
    80001f90:	00052503          	lw	a0,0(a0)
    80001f94:	00060713          	mv	a4,a2
    80001f98:	00068793          	mv	a5,a3
    80001f9c:	00003617          	auipc	a2,0x3
    80001fa0:	39460613          	addi	a2,a2,916 # 80005330 <_aes_encrypt_table>
    80001fa4:	00058693          	mv	a3,a1
    80001fa8:	00480593          	addi	a1,a6,4
    80001fac:	e09fe06f          	j	80000db4 <_nettle_aes_encrypt.part.0>
    80001fb0:	ff010113          	addi	sp,sp,-16
    80001fb4:	00100513          	li	a0,1
    80001fb8:	00113423          	sd	ra,8(sp)
    80001fbc:	0f2000ef          	jal	800020ae <exit>

0000000080001fc0 <aes_decrypt>:
    80001fc0:	00f5f893          	andi	a7,a1,15
    80001fc4:	02089463          	bnez	a7,80001fec <aes_decrypt+0x2c>
    80001fc8:	00050813          	mv	a6,a0
    80001fcc:	00052503          	lw	a0,0(a0)
    80001fd0:	00060713          	mv	a4,a2
    80001fd4:	00068793          	mv	a5,a3
    80001fd8:	00002617          	auipc	a2,0x2
    80001fdc:	25860613          	addi	a2,a2,600 # 80004230 <_aes_decrypt_table>
    80001fe0:	00058693          	mv	a3,a1
    80001fe4:	00480593          	addi	a1,a6,4
    80001fe8:	bb4ff06f          	j	8000139c <_nettle_aes_decrypt.part.0>
    80001fec:	ff010113          	addi	sp,sp,-16
    80001ff0:	00100513          	li	a0,1
    80001ff4:	00113423          	sd	ra,8(sp)
    80001ff8:	0b6000ef          	jal	800020ae <exit>

0000000080001ffc <verify_benchmark>:
    80001ffc:	98818793          	addi	a5,gp,-1656 # 80006960 <encrypted>
    80002000:	00004617          	auipc	a2,0x4
    80002004:	63060613          	addi	a2,a2,1584 # 80006630 <expected>
    80002008:	00004697          	auipc	a3,0x4
    8000200c:	52868693          	addi	a3,a3,1320 # 80006530 <plaintext>
    80002010:	b8018713          	addi	a4,gp,-1152 # 80006b58 <decrypted>
    80002014:	a8818893          	addi	a7,gp,-1400 # 80006a60 <decctx>
    80002018:	00100513          	li	a0,1
    8000201c:	0007c803          	lbu	a6,0(a5)
    80002020:	00064583          	lbu	a1,0(a2)
    80002024:	00178793          	addi	a5,a5,1
    80002028:	00160613          	addi	a2,a2,1
    8000202c:	00b80463          	beq	a6,a1,80002034 <verify_benchmark+0x38>
    80002030:	00000513          	li	a0,0
    80002034:	0006c803          	lbu	a6,0(a3)
    80002038:	00074583          	lbu	a1,0(a4)
    8000203c:	00168693          	addi	a3,a3,1
    80002040:	00170713          	addi	a4,a4,1
    80002044:	00b80463          	beq	a6,a1,8000204c <verify_benchmark+0x50>
    80002048:	00000513          	li	a0,0
    8000204c:	fd1798e3          	bne	a5,a7,8000201c <verify_benchmark+0x20>
    80002050:	00008067          	ret

0000000080002054 <initialise_benchmark>:
    80002054:	00008067          	ret

0000000080002058 <warm_caches>:
    80002058:	cedff06f          	j	80001d44 <benchmark_body>

000000008000205c <benchmark>:
    8000205c:	04e00513          	li	a0,78
    80002060:	ce5ff06f          	j	80001d44 <benchmark_body>

0000000080002064 <__assert_func>:
    80002064:	1141                	addi	sp,sp,-16
    80002066:	00004797          	auipc	a5,0x4
    8000206a:	7727b783          	ld	a5,1906(a5) # 800067d8 <_impure_ptr>
    8000206e:	8832                	mv	a6,a2
    80002070:	e406                	sd	ra,8(sp)
    80002072:	88aa                	mv	a7,a0
    80002074:	872e                	mv	a4,a1
    80002076:	6f88                	ld	a0,24(a5)
    80002078:	8636                	mv	a2,a3
    8000207a:	00002797          	auipc	a5,0x2
    8000207e:	d0e78793          	addi	a5,a5,-754 # 80003d88 <__tbss_end+0x12c>
    80002082:	00081763          	bnez	a6,80002090 <__assert_func+0x2c>
    80002086:	00002797          	auipc	a5,0x2
    8000208a:	d6a78793          	addi	a5,a5,-662 # 80003df0 <__tbss_end+0x194>
    8000208e:	883e                	mv	a6,a5
    80002090:	86c6                	mv	a3,a7
    80002092:	00002597          	auipc	a1,0x2
    80002096:	d0658593          	addi	a1,a1,-762 # 80003d98 <__tbss_end+0x13c>
    8000209a:	3fa000ef          	jal	80002494 <fiprintf>
    8000209e:	752000ef          	jal	800027f0 <abort>

00000000800020a2 <__assert>:
    800020a2:	1141                	addi	sp,sp,-16
    800020a4:	86b2                	mv	a3,a2
    800020a6:	4601                	li	a2,0
    800020a8:	e406                	sd	ra,8(sp)
    800020aa:	fbbff0ef          	jal	80002064 <__assert_func>

00000000800020ae <exit>:
    800020ae:	1141                	addi	sp,sp,-16
    800020b0:	e022                	sd	s0,0(sp)
    800020b2:	e406                	sd	ra,8(sp)
    800020b4:	00002797          	auipc	a5,0x2
    800020b8:	ae078793          	addi	a5,a5,-1312 # 80003b94 <__call_exitprocs>
    800020bc:	842a                	mv	s0,a0
    800020be:	c781                	beqz	a5,800020c6 <exit+0x18>
    800020c0:	4581                	li	a1,0
    800020c2:	2d3010ef          	jal	80003b94 <__call_exitprocs>
    800020c6:	8581b783          	ld	a5,-1960(gp) # 80006830 <__stdio_exit_handler>
    800020ca:	c391                	beqz	a5,800020ce <exit+0x20>
    800020cc:	9782                	jalr	a5
    800020ce:	8522                	mv	a0,s0
    800020d0:	069010ef          	jal	80003938 <_exit>

00000000800020d4 <malloc>:
    800020d4:	85aa                	mv	a1,a0
    800020d6:	00004517          	auipc	a0,0x4
    800020da:	70253503          	ld	a0,1794(a0) # 800067d8 <_impure_ptr>
    800020de:	a0ad                	j	80002148 <_malloc_r>

00000000800020e0 <free>:
    800020e0:	85aa                	mv	a1,a0
    800020e2:	00004517          	auipc	a0,0x4
    800020e6:	6f653503          	ld	a0,1782(a0) # 800067d8 <_impure_ptr>
    800020ea:	7160006f          	j	80002800 <_free_r>

00000000800020ee <sbrk_aligned>:
    800020ee:	1101                	addi	sp,sp,-32
    800020f0:	e04a                	sd	s2,0(sp)
    800020f2:	84818913          	addi	s2,gp,-1976 # 80006820 <__malloc_sbrk_start>
    800020f6:	00093783          	ld	a5,0(s2)
    800020fa:	e822                	sd	s0,16(sp)
    800020fc:	e426                	sd	s1,8(sp)
    800020fe:	ec06                	sd	ra,24(sp)
    80002100:	84aa                	mv	s1,a0
    80002102:	842e                	mv	s0,a1
    80002104:	e791                	bnez	a5,80002110 <sbrk_aligned+0x22>
    80002106:	4581                	li	a1,0
    80002108:	684000ef          	jal	8000278c <_sbrk_r>
    8000210c:	00a93023          	sd	a0,0(s2)
    80002110:	85a2                	mv	a1,s0
    80002112:	8526                	mv	a0,s1
    80002114:	678000ef          	jal	8000278c <_sbrk_r>
    80002118:	597d                	li	s2,-1
    8000211a:	01251a63          	bne	a0,s2,8000212e <sbrk_aligned+0x40>
    8000211e:	547d                	li	s0,-1
    80002120:	60e2                	ld	ra,24(sp)
    80002122:	8522                	mv	a0,s0
    80002124:	6442                	ld	s0,16(sp)
    80002126:	64a2                	ld	s1,8(sp)
    80002128:	6902                	ld	s2,0(sp)
    8000212a:	6105                	addi	sp,sp,32
    8000212c:	8082                	ret
    8000212e:	00750413          	addi	s0,a0,7
    80002132:	9861                	andi	s0,s0,-8
    80002134:	fe8506e3          	beq	a0,s0,80002120 <sbrk_aligned+0x32>
    80002138:	40a405b3          	sub	a1,s0,a0
    8000213c:	8526                	mv	a0,s1
    8000213e:	64e000ef          	jal	8000278c <_sbrk_r>
    80002142:	fd251fe3          	bne	a0,s2,80002120 <sbrk_aligned+0x32>
    80002146:	bfe1                	j	8000211e <sbrk_aligned+0x30>

0000000080002148 <_malloc_r>:
    80002148:	00758793          	addi	a5,a1,7
    8000214c:	7179                	addi	sp,sp,-48
    8000214e:	9be1                	andi	a5,a5,-8
    80002150:	ec26                	sd	s1,24(sp)
    80002152:	e84a                	sd	s2,16(sp)
    80002154:	f406                	sd	ra,40(sp)
    80002156:	f022                	sd	s0,32(sp)
    80002158:	e44e                	sd	s3,8(sp)
    8000215a:	e052                	sd	s4,0(sp)
    8000215c:	07a1                	addi	a5,a5,8
    8000215e:	4741                	li	a4,16
    80002160:	892a                	mv	s2,a0
    80002162:	44c1                	li	s1,16
    80002164:	00e7e363          	bltu	a5,a4,8000216a <_malloc_r+0x22>
    80002168:	84be                	mv	s1,a5
    8000216a:	80000737          	lui	a4,0x80000
    8000216e:	fff74713          	not	a4,a4
    80002172:	00f76463          	bltu	a4,a5,8000217a <_malloc_r+0x32>
    80002176:	00b4fe63          	bgeu	s1,a1,80002192 <_malloc_r+0x4a>
    8000217a:	47b1                	li	a5,12
    8000217c:	00f92023          	sw	a5,0(s2)
    80002180:	4501                	li	a0,0
    80002182:	70a2                	ld	ra,40(sp)
    80002184:	7402                	ld	s0,32(sp)
    80002186:	64e2                	ld	s1,24(sp)
    80002188:	6942                	ld	s2,16(sp)
    8000218a:	69a2                	ld	s3,8(sp)
    8000218c:	6a02                	ld	s4,0(sp)
    8000218e:	6145                	addi	sp,sp,48
    80002190:	8082                	ret
    80002192:	854a                	mv	a0,s2
    80002194:	0e4000ef          	jal	80002278 <__malloc_lock>
    80002198:	85018993          	addi	s3,gp,-1968 # 80006828 <__malloc_free_list>
    8000219c:	0009b783          	ld	a5,0(s3)
    800021a0:	843e                	mv	s0,a5
    800021a2:	ec21                	bnez	s0,800021fa <_malloc_r+0xb2>
    800021a4:	85a6                	mv	a1,s1
    800021a6:	854a                	mv	a0,s2
    800021a8:	f47ff0ef          	jal	800020ee <sbrk_aligned>
    800021ac:	57fd                	li	a5,-1
    800021ae:	842a                	mv	s0,a0
    800021b0:	0af51f63          	bne	a0,a5,8000226e <_malloc_r+0x126>
    800021b4:	0009b403          	ld	s0,0(s3)
    800021b8:	87a2                	mv	a5,s0
    800021ba:	efd1                	bnez	a5,80002256 <_malloc_r+0x10e>
    800021bc:	c055                	beqz	s0,80002260 <_malloc_r+0x118>
    800021be:	00043a03          	ld	s4,0(s0)
    800021c2:	4581                	li	a1,0
    800021c4:	854a                	mv	a0,s2
    800021c6:	9a22                	add	s4,s4,s0
    800021c8:	5c4000ef          	jal	8000278c <_sbrk_r>
    800021cc:	08aa1a63          	bne	s4,a0,80002260 <_malloc_r+0x118>
    800021d0:	601c                	ld	a5,0(s0)
    800021d2:	854a                	mv	a0,s2
    800021d4:	8c9d                	sub	s1,s1,a5
    800021d6:	85a6                	mv	a1,s1
    800021d8:	f17ff0ef          	jal	800020ee <sbrk_aligned>
    800021dc:	57fd                	li	a5,-1
    800021de:	08f50163          	beq	a0,a5,80002260 <_malloc_r+0x118>
    800021e2:	601c                	ld	a5,0(s0)
    800021e4:	97a6                	add	a5,a5,s1
    800021e6:	e01c                	sd	a5,0(s0)
    800021e8:	0009b783          	ld	a5,0(s3)
    800021ec:	c3d9                	beqz	a5,80002272 <_malloc_r+0x12a>
    800021ee:	6798                	ld	a4,8(a5)
    800021f0:	06871663          	bne	a4,s0,8000225c <_malloc_r+0x114>
    800021f4:	0007b423          	sd	zero,8(a5)
    800021f8:	a015                	j	8000221c <_malloc_r+0xd4>
    800021fa:	6014                	ld	a3,0(s0)
    800021fc:	9e85                	subw	a3,a3,s1
    800021fe:	0406c963          	bltz	a3,80002250 <_malloc_r+0x108>
    80002202:	473d                	li	a4,15
    80002204:	02d75e63          	bge	a4,a3,80002240 <_malloc_r+0xf8>
    80002208:	e004                	sd	s1,0(s0)
    8000220a:	00940733          	add	a4,s0,s1
    8000220e:	02879763          	bne	a5,s0,8000223c <_malloc_r+0xf4>
    80002212:	00e9b023          	sd	a4,0(s3)
    80002216:	641c                	ld	a5,8(s0)
    80002218:	e314                	sd	a3,0(a4)
    8000221a:	e71c                	sd	a5,8(a4)
    8000221c:	854a                	mv	a0,s2
    8000221e:	05c000ef          	jal	8000227a <__malloc_unlock>
    80002222:	00f40513          	addi	a0,s0,15
    80002226:	00840793          	addi	a5,s0,8
    8000222a:	9961                	andi	a0,a0,-8
    8000222c:	40f507bb          	subw	a5,a0,a5
    80002230:	dba9                	beqz	a5,80002182 <_malloc_r+0x3a>
    80002232:	943e                	add	s0,s0,a5
    80002234:	40f007bb          	negw	a5,a5
    80002238:	e01c                	sd	a5,0(s0)
    8000223a:	b7a1                	j	80002182 <_malloc_r+0x3a>
    8000223c:	e798                	sd	a4,8(a5)
    8000223e:	bfe1                	j	80002216 <_malloc_r+0xce>
    80002240:	6418                	ld	a4,8(s0)
    80002242:	00879563          	bne	a5,s0,8000224c <_malloc_r+0x104>
    80002246:	00e9b023          	sd	a4,0(s3)
    8000224a:	bfc9                	j	8000221c <_malloc_r+0xd4>
    8000224c:	e798                	sd	a4,8(a5)
    8000224e:	b7f9                	j	8000221c <_malloc_r+0xd4>
    80002250:	87a2                	mv	a5,s0
    80002252:	6400                	ld	s0,8(s0)
    80002254:	b7b9                	j	800021a2 <_malloc_r+0x5a>
    80002256:	843e                	mv	s0,a5
    80002258:	679c                	ld	a5,8(a5)
    8000225a:	b785                	j	800021ba <_malloc_r+0x72>
    8000225c:	87ba                	mv	a5,a4
    8000225e:	b779                	j	800021ec <_malloc_r+0xa4>
    80002260:	47b1                	li	a5,12
    80002262:	00f92023          	sw	a5,0(s2)
    80002266:	854a                	mv	a0,s2
    80002268:	012000ef          	jal	8000227a <__malloc_unlock>
    8000226c:	bf11                	j	80002180 <_malloc_r+0x38>
    8000226e:	e104                	sd	s1,0(a0)
    80002270:	b775                	j	8000221c <_malloc_r+0xd4>
    80002272:	00003423          	sd	zero,8(zero) # 8 <__boot_hart+0x8>
    80002276:	9002                	ebreak

0000000080002278 <__malloc_lock>:
    80002278:	8082                	ret

000000008000227a <__malloc_unlock>:
    8000227a:	8082                	ret

000000008000227c <__fp_lock>:
    8000227c:	4501                	li	a0,0
    8000227e:	8082                	ret

0000000080002280 <std>:
    80002280:	1141                	addi	sp,sp,-16
    80002282:	e022                	sd	s0,0(sp)
    80002284:	e406                	sd	ra,8(sp)
    80002286:	842a                	mv	s0,a0
    80002288:	00b51823          	sh	a1,16(a0)
    8000228c:	00c51923          	sh	a2,18(a0)
    80002290:	00053023          	sd	zero,0(a0)
    80002294:	00053423          	sd	zero,8(a0)
    80002298:	0a052623          	sw	zero,172(a0)
    8000229c:	00053c23          	sd	zero,24(a0)
    800022a0:	02052023          	sw	zero,32(a0)
    800022a4:	02052423          	sw	zero,40(a0)
    800022a8:	4621                	li	a2,8
    800022aa:	4581                	li	a1,0
    800022ac:	0a450513          	addi	a0,a0,164
    800022b0:	530000ef          	jal	800027e0 <memset>
    800022b4:	00000797          	auipc	a5,0x0
    800022b8:	2c478793          	addi	a5,a5,708 # 80002578 <__sread>
    800022bc:	e03c                	sd	a5,64(s0)
    800022be:	00000797          	auipc	a5,0x0
    800022c2:	2f078793          	addi	a5,a5,752 # 800025ae <__swrite>
    800022c6:	e43c                	sd	a5,72(s0)
    800022c8:	00000797          	auipc	a5,0x0
    800022cc:	33678793          	addi	a5,a5,822 # 800025fe <__sseek>
    800022d0:	e83c                	sd	a5,80(s0)
    800022d2:	00000797          	auipc	a5,0x0
    800022d6:	36478793          	addi	a5,a5,868 # 80002636 <__sclose>
    800022da:	60a2                	ld	ra,8(sp)
    800022dc:	fc00                	sd	s0,56(s0)
    800022de:	ec3c                	sd	a5,88(s0)
    800022e0:	6402                	ld	s0,0(sp)
    800022e2:	0141                	addi	sp,sp,16
    800022e4:	8082                	ret

00000000800022e6 <stdio_exit_handler>:
    800022e6:	00004617          	auipc	a2,0x4
    800022ea:	44a60613          	addi	a2,a2,1098 # 80006730 <__sglue>
    800022ee:	00001597          	auipc	a1,0x1
    800022f2:	dbc58593          	addi	a1,a1,-580 # 800030aa <_fflush_r>
    800022f6:	00004517          	auipc	a0,0x4
    800022fa:	45250513          	addi	a0,a0,1106 # 80006748 <_impure_data>
    800022fe:	a2c1                	j	800024be <_fwalk_sglue>

0000000080002300 <cleanup_stdio>:
    80002300:	650c                	ld	a1,8(a0)
    80002302:	1141                	addi	sp,sp,-16
    80002304:	e022                	sd	s0,0(sp)
    80002306:	e406                	sd	ra,8(sp)
    80002308:	c8018793          	addi	a5,gp,-896 # 80006c58 <__sf>
    8000230c:	842a                	mv	s0,a0
    8000230e:	00f58463          	beq	a1,a5,80002316 <cleanup_stdio+0x16>
    80002312:	599000ef          	jal	800030aa <_fflush_r>
    80002316:	680c                	ld	a1,16(s0)
    80002318:	d3018793          	addi	a5,gp,-720 # 80006d08 <__sf+0xb0>
    8000231c:	00f58563          	beq	a1,a5,80002326 <cleanup_stdio+0x26>
    80002320:	8522                	mv	a0,s0
    80002322:	589000ef          	jal	800030aa <_fflush_r>
    80002326:	6c0c                	ld	a1,24(s0)
    80002328:	de018793          	addi	a5,gp,-544 # 80006db8 <__sf+0x160>
    8000232c:	00f58863          	beq	a1,a5,8000233c <cleanup_stdio+0x3c>
    80002330:	8522                	mv	a0,s0
    80002332:	6402                	ld	s0,0(sp)
    80002334:	60a2                	ld	ra,8(sp)
    80002336:	0141                	addi	sp,sp,16
    80002338:	5730006f          	j	800030aa <_fflush_r>
    8000233c:	60a2                	ld	ra,8(sp)
    8000233e:	6402                	ld	s0,0(sp)
    80002340:	0141                	addi	sp,sp,16
    80002342:	8082                	ret

0000000080002344 <global_stdio_init.part.0>:
    80002344:	1141                	addi	sp,sp,-16
    80002346:	00000797          	auipc	a5,0x0
    8000234a:	fa078793          	addi	a5,a5,-96 # 800022e6 <stdio_exit_handler>
    8000234e:	4601                	li	a2,0
    80002350:	4591                	li	a1,4
    80002352:	c8018513          	addi	a0,gp,-896 # 80006c58 <__sf>
    80002356:	e406                	sd	ra,8(sp)
    80002358:	84f1bc23          	sd	a5,-1960(gp) # 80006830 <__stdio_exit_handler>
    8000235c:	f25ff0ef          	jal	80002280 <std>
    80002360:	4605                	li	a2,1
    80002362:	45a5                	li	a1,9
    80002364:	d3018513          	addi	a0,gp,-720 # 80006d08 <__sf+0xb0>
    80002368:	f19ff0ef          	jal	80002280 <std>
    8000236c:	60a2                	ld	ra,8(sp)
    8000236e:	4609                	li	a2,2
    80002370:	45c9                	li	a1,18
    80002372:	de018513          	addi	a0,gp,-544 # 80006db8 <__sf+0x160>
    80002376:	0141                	addi	sp,sp,16
    80002378:	b721                	j	80002280 <std>

000000008000237a <__fp_unlock>:
    8000237a:	4501                	li	a0,0
    8000237c:	8082                	ret

000000008000237e <__sfp>:
    8000237e:	1101                	addi	sp,sp,-32
    80002380:	e04a                	sd	s2,0(sp)
    80002382:	ec06                	sd	ra,24(sp)
    80002384:	e822                	sd	s0,16(sp)
    80002386:	e426                	sd	s1,8(sp)
    80002388:	8581b783          	ld	a5,-1960(gp) # 80006830 <__stdio_exit_handler>
    8000238c:	892a                	mv	s2,a0
    8000238e:	e399                	bnez	a5,80002394 <__sfp+0x16>
    80002390:	fb5ff0ef          	jal	80002344 <global_stdio_init.part.0>
    80002394:	00004497          	auipc	s1,0x4
    80002398:	39c48493          	addi	s1,s1,924 # 80006730 <__sglue>
    8000239c:	6880                	ld	s0,16(s1)
    8000239e:	449c                	lw	a5,8(s1)
    800023a0:	37fd                	addiw	a5,a5,-1
    800023a2:	0207d163          	bgez	a5,800023c4 <__sfp+0x46>
    800023a6:	609c                	ld	a5,0(s1)
    800023a8:	e7c1                	bnez	a5,80002430 <__sfp+0xb2>
    800023aa:	2d800593          	li	a1,728
    800023ae:	854a                	mv	a0,s2
    800023b0:	d99ff0ef          	jal	80002148 <_malloc_r>
    800023b4:	842a                	mv	s0,a0
    800023b6:	e12d                	bnez	a0,80002418 <__sfp+0x9a>
    800023b8:	0004b023          	sd	zero,0(s1)
    800023bc:	47b1                	li	a5,12
    800023be:	00f92023          	sw	a5,0(s2)
    800023c2:	a089                	j	80002404 <__sfp+0x86>
    800023c4:	01041703          	lh	a4,16(s0)
    800023c8:	e729                	bnez	a4,80002412 <__sfp+0x94>
    800023ca:	77c1                	lui	a5,0xffff0
    800023cc:	0785                	addi	a5,a5,1 # ffffffffffff0001 <__heap_end+0xffffffff7ffc9001>
    800023ce:	0a042623          	sw	zero,172(s0)
    800023d2:	00043023          	sd	zero,0(s0)
    800023d6:	00043423          	sd	zero,8(s0)
    800023da:	c81c                	sw	a5,16(s0)
    800023dc:	00043c23          	sd	zero,24(s0)
    800023e0:	02042023          	sw	zero,32(s0)
    800023e4:	02042423          	sw	zero,40(s0)
    800023e8:	4621                	li	a2,8
    800023ea:	4581                	li	a1,0
    800023ec:	0a440513          	addi	a0,s0,164
    800023f0:	3f0000ef          	jal	800027e0 <memset>
    800023f4:	06043023          	sd	zero,96(s0)
    800023f8:	06042423          	sw	zero,104(s0)
    800023fc:	08043023          	sd	zero,128(s0)
    80002400:	08042423          	sw	zero,136(s0)
    80002404:	60e2                	ld	ra,24(sp)
    80002406:	8522                	mv	a0,s0
    80002408:	6442                	ld	s0,16(sp)
    8000240a:	64a2                	ld	s1,8(sp)
    8000240c:	6902                	ld	s2,0(sp)
    8000240e:	6105                	addi	sp,sp,32
    80002410:	8082                	ret
    80002412:	0b040413          	addi	s0,s0,176
    80002416:	b769                	j	800023a0 <__sfp+0x22>
    80002418:	4791                	li	a5,4
    8000241a:	00053023          	sd	zero,0(a0)
    8000241e:	c51c                	sw	a5,8(a0)
    80002420:	0561                	addi	a0,a0,24
    80002422:	e808                	sd	a0,16(s0)
    80002424:	2c000613          	li	a2,704
    80002428:	4581                	li	a1,0
    8000242a:	3b6000ef          	jal	800027e0 <memset>
    8000242e:	e080                	sd	s0,0(s1)
    80002430:	6084                	ld	s1,0(s1)
    80002432:	b7ad                	j	8000239c <__sfp+0x1e>

0000000080002434 <__sinit>:
    80002434:	613c                	ld	a5,64(a0)
    80002436:	eb91                	bnez	a5,8000244a <__sinit+0x16>
    80002438:	00000797          	auipc	a5,0x0
    8000243c:	ec878793          	addi	a5,a5,-312 # 80002300 <cleanup_stdio>
    80002440:	e13c                	sd	a5,64(a0)
    80002442:	8581b783          	ld	a5,-1960(gp) # 80006830 <__stdio_exit_handler>
    80002446:	e391                	bnez	a5,8000244a <__sinit+0x16>
    80002448:	bdf5                	j	80002344 <global_stdio_init.part.0>
    8000244a:	8082                	ret

000000008000244c <__sfp_lock_acquire>:
    8000244c:	8082                	ret

000000008000244e <__sfp_lock_release>:
    8000244e:	8082                	ret

0000000080002450 <__fp_lock_all>:
    80002450:	00004617          	auipc	a2,0x4
    80002454:	2e060613          	addi	a2,a2,736 # 80006730 <__sglue>
    80002458:	00000597          	auipc	a1,0x0
    8000245c:	e2458593          	addi	a1,a1,-476 # 8000227c <__fp_lock>
    80002460:	4501                	li	a0,0
    80002462:	a8b1                	j	800024be <_fwalk_sglue>

0000000080002464 <__fp_unlock_all>:
    80002464:	00004617          	auipc	a2,0x4
    80002468:	2cc60613          	addi	a2,a2,716 # 80006730 <__sglue>
    8000246c:	00000597          	auipc	a1,0x0
    80002470:	f0e58593          	addi	a1,a1,-242 # 8000237a <__fp_unlock>
    80002474:	4501                	li	a0,0
    80002476:	a0a1                	j	800024be <_fwalk_sglue>

0000000080002478 <_fiprintf_r>:
    80002478:	715d                	addi	sp,sp,-80
    8000247a:	f436                	sd	a3,40(sp)
    8000247c:	1034                	addi	a3,sp,40
    8000247e:	ec06                	sd	ra,24(sp)
    80002480:	f83a                	sd	a4,48(sp)
    80002482:	fc3e                	sd	a5,56(sp)
    80002484:	e0c2                	sd	a6,64(sp)
    80002486:	e4c6                	sd	a7,72(sp)
    80002488:	e436                	sd	a3,8(sp)
    8000248a:	4ac000ef          	jal	80002936 <_vfiprintf_r>
    8000248e:	60e2                	ld	ra,24(sp)
    80002490:	6161                	addi	sp,sp,80
    80002492:	8082                	ret

0000000080002494 <fiprintf>:
    80002494:	715d                	addi	sp,sp,-80
    80002496:	f032                	sd	a2,32(sp)
    80002498:	f436                	sd	a3,40(sp)
    8000249a:	862e                	mv	a2,a1
    8000249c:	1014                	addi	a3,sp,32
    8000249e:	85aa                	mv	a1,a0
    800024a0:	00004517          	auipc	a0,0x4
    800024a4:	33853503          	ld	a0,824(a0) # 800067d8 <_impure_ptr>
    800024a8:	ec06                	sd	ra,24(sp)
    800024aa:	f83a                	sd	a4,48(sp)
    800024ac:	fc3e                	sd	a5,56(sp)
    800024ae:	e0c2                	sd	a6,64(sp)
    800024b0:	e4c6                	sd	a7,72(sp)
    800024b2:	e436                	sd	a3,8(sp)
    800024b4:	482000ef          	jal	80002936 <_vfiprintf_r>
    800024b8:	60e2                	ld	ra,24(sp)
    800024ba:	6161                	addi	sp,sp,80
    800024bc:	8082                	ret

00000000800024be <_fwalk_sglue>:
    800024be:	715d                	addi	sp,sp,-80
    800024c0:	e0a2                	sd	s0,64(sp)
    800024c2:	fc26                	sd	s1,56(sp)
    800024c4:	f44e                	sd	s3,40(sp)
    800024c6:	f052                	sd	s4,32(sp)
    800024c8:	e85a                	sd	s6,16(sp)
    800024ca:	e45e                	sd	s7,8(sp)
    800024cc:	e486                	sd	ra,72(sp)
    800024ce:	f84a                	sd	s2,48(sp)
    800024d0:	ec56                	sd	s5,24(sp)
    800024d2:	89aa                	mv	s3,a0
    800024d4:	8a2e                	mv	s4,a1
    800024d6:	8432                	mv	s0,a2
    800024d8:	4481                	li	s1,0
    800024da:	4b05                	li	s6,1
    800024dc:	5bfd                	li	s7,-1
    800024de:	01043903          	ld	s2,16(s0)
    800024e2:	00842a83          	lw	s5,8(s0)
    800024e6:	3afd                	addiw	s5,s5,-1
    800024e8:	020ad063          	bgez	s5,80002508 <_fwalk_sglue+0x4a>
    800024ec:	6000                	ld	s0,0(s0)
    800024ee:	f865                	bnez	s0,800024de <_fwalk_sglue+0x20>
    800024f0:	60a6                	ld	ra,72(sp)
    800024f2:	6406                	ld	s0,64(sp)
    800024f4:	7942                	ld	s2,48(sp)
    800024f6:	79a2                	ld	s3,40(sp)
    800024f8:	7a02                	ld	s4,32(sp)
    800024fa:	6ae2                	ld	s5,24(sp)
    800024fc:	6b42                	ld	s6,16(sp)
    800024fe:	6ba2                	ld	s7,8(sp)
    80002500:	8526                	mv	a0,s1
    80002502:	74e2                	ld	s1,56(sp)
    80002504:	6161                	addi	sp,sp,80
    80002506:	8082                	ret
    80002508:	01095783          	lhu	a5,16(s2)
    8000250c:	00fb7b63          	bgeu	s6,a5,80002522 <_fwalk_sglue+0x64>
    80002510:	01291783          	lh	a5,18(s2)
    80002514:	01778763          	beq	a5,s7,80002522 <_fwalk_sglue+0x64>
    80002518:	85ca                	mv	a1,s2
    8000251a:	854e                	mv	a0,s3
    8000251c:	9a02                	jalr	s4
    8000251e:	8cc9                	or	s1,s1,a0
    80002520:	2481                	sext.w	s1,s1
    80002522:	0b090913          	addi	s2,s2,176
    80002526:	b7c1                	j	800024e6 <_fwalk_sglue+0x28>

0000000080002528 <_iprintf_r>:
    80002528:	715d                	addi	sp,sp,-80
    8000252a:	f032                	sd	a2,32(sp)
    8000252c:	f436                	sd	a3,40(sp)
    8000252e:	f83a                	sd	a4,48(sp)
    80002530:	fc3e                	sd	a5,56(sp)
    80002532:	e0c2                	sd	a6,64(sp)
    80002534:	e4c6                	sd	a7,72(sp)
    80002536:	862e                	mv	a2,a1
    80002538:	690c                	ld	a1,16(a0)
    8000253a:	1014                	addi	a3,sp,32
    8000253c:	ec06                	sd	ra,24(sp)
    8000253e:	e436                	sd	a3,8(sp)
    80002540:	3f6000ef          	jal	80002936 <_vfiprintf_r>
    80002544:	60e2                	ld	ra,24(sp)
    80002546:	6161                	addi	sp,sp,80
    80002548:	8082                	ret

000000008000254a <iprintf>:
    8000254a:	711d                	addi	sp,sp,-96
    8000254c:	f832                	sd	a2,48(sp)
    8000254e:	fc36                	sd	a3,56(sp)
    80002550:	e4be                	sd	a5,72(sp)
    80002552:	f42e                	sd	a1,40(sp)
    80002554:	e0ba                	sd	a4,64(sp)
    80002556:	e8c2                	sd	a6,80(sp)
    80002558:	ecc6                	sd	a7,88(sp)
    8000255a:	00004797          	auipc	a5,0x4
    8000255e:	27e7b783          	ld	a5,638(a5) # 800067d8 <_impure_ptr>
    80002562:	6b8c                	ld	a1,16(a5)
    80002564:	1034                	addi	a3,sp,40
    80002566:	862a                	mv	a2,a0
    80002568:	853e                	mv	a0,a5
    8000256a:	ec06                	sd	ra,24(sp)
    8000256c:	e436                	sd	a3,8(sp)
    8000256e:	3c8000ef          	jal	80002936 <_vfiprintf_r>
    80002572:	60e2                	ld	ra,24(sp)
    80002574:	6125                	addi	sp,sp,96
    80002576:	8082                	ret

0000000080002578 <__sread>:
    80002578:	1141                	addi	sp,sp,-16
    8000257a:	e022                	sd	s0,0(sp)
    8000257c:	842e                	mv	s0,a1
    8000257e:	01259583          	lh	a1,18(a1)
    80002582:	e406                	sd	ra,8(sp)
    80002584:	1dc000ef          	jal	80002760 <_read_r>
    80002588:	00054963          	bltz	a0,8000259a <__sread+0x22>
    8000258c:	6c5c                	ld	a5,152(s0)
    8000258e:	97aa                	add	a5,a5,a0
    80002590:	ec5c                	sd	a5,152(s0)
    80002592:	60a2                	ld	ra,8(sp)
    80002594:	6402                	ld	s0,0(sp)
    80002596:	0141                	addi	sp,sp,16
    80002598:	8082                	ret
    8000259a:	01045783          	lhu	a5,16(s0)
    8000259e:	777d                	lui	a4,0xfffff
    800025a0:	177d                	addi	a4,a4,-1 # ffffffffffffefff <__heap_end+0xffffffff7ffd7fff>
    800025a2:	8ff9                	and	a5,a5,a4
    800025a4:	00f41823          	sh	a5,16(s0)
    800025a8:	b7ed                	j	80002592 <__sread+0x1a>

00000000800025aa <__seofread>:
    800025aa:	4501                	li	a0,0
    800025ac:	8082                	ret

00000000800025ae <__swrite>:
    800025ae:	0105d783          	lhu	a5,16(a1)
    800025b2:	7179                	addi	sp,sp,-48
    800025b4:	f022                	sd	s0,32(sp)
    800025b6:	ec26                	sd	s1,24(sp)
    800025b8:	e84a                	sd	s2,16(sp)
    800025ba:	e44e                	sd	s3,8(sp)
    800025bc:	f406                	sd	ra,40(sp)
    800025be:	1007f793          	andi	a5,a5,256
    800025c2:	84aa                	mv	s1,a0
    800025c4:	842e                	mv	s0,a1
    800025c6:	8932                	mv	s2,a2
    800025c8:	89b6                	mv	s3,a3
    800025ca:	c799                	beqz	a5,800025d8 <__swrite+0x2a>
    800025cc:	01259583          	lh	a1,18(a1)
    800025d0:	4689                	li	a3,2
    800025d2:	4601                	li	a2,0
    800025d4:	160000ef          	jal	80002734 <_lseek_r>
    800025d8:	01045783          	lhu	a5,16(s0)
    800025dc:	777d                	lui	a4,0xfffff
    800025de:	177d                	addi	a4,a4,-1 # ffffffffffffefff <__heap_end+0xffffffff7ffd7fff>
    800025e0:	8ff9                	and	a5,a5,a4
    800025e2:	01241583          	lh	a1,18(s0)
    800025e6:	00f41823          	sh	a5,16(s0)
    800025ea:	7402                	ld	s0,32(sp)
    800025ec:	70a2                	ld	ra,40(sp)
    800025ee:	86ce                	mv	a3,s3
    800025f0:	864a                	mv	a2,s2
    800025f2:	69a2                	ld	s3,8(sp)
    800025f4:	6942                	ld	s2,16(sp)
    800025f6:	8526                	mv	a0,s1
    800025f8:	64e2                	ld	s1,24(sp)
    800025fa:	6145                	addi	sp,sp,48
    800025fc:	aa65                	j	800027b4 <_write_r>

00000000800025fe <__sseek>:
    800025fe:	1141                	addi	sp,sp,-16
    80002600:	e022                	sd	s0,0(sp)
    80002602:	842e                	mv	s0,a1
    80002604:	01259583          	lh	a1,18(a1)
    80002608:	e406                	sd	ra,8(sp)
    8000260a:	12a000ef          	jal	80002734 <_lseek_r>
    8000260e:	577d                	li	a4,-1
    80002610:	01045783          	lhu	a5,16(s0)
    80002614:	00e51b63          	bne	a0,a4,8000262a <__sseek+0x2c>
    80002618:	777d                	lui	a4,0xfffff
    8000261a:	177d                	addi	a4,a4,-1 # ffffffffffffefff <__heap_end+0xffffffff7ffd7fff>
    8000261c:	8ff9                	and	a5,a5,a4
    8000261e:	00f41823          	sh	a5,16(s0)
    80002622:	60a2                	ld	ra,8(sp)
    80002624:	6402                	ld	s0,0(sp)
    80002626:	0141                	addi	sp,sp,16
    80002628:	8082                	ret
    8000262a:	6705                	lui	a4,0x1
    8000262c:	8fd9                	or	a5,a5,a4
    8000262e:	00f41823          	sh	a5,16(s0)
    80002632:	ec48                	sd	a0,152(s0)
    80002634:	b7fd                	j	80002622 <__sseek+0x24>

0000000080002636 <__sclose>:
    80002636:	01259583          	lh	a1,18(a1)
    8000263a:	a009                	j	8000263c <_close_r>

000000008000263c <_close_r>:
    8000263c:	1141                	addi	sp,sp,-16
    8000263e:	e022                	sd	s0,0(sp)
    80002640:	842a                	mv	s0,a0
    80002642:	852e                	mv	a0,a1
    80002644:	8601a023          	sw	zero,-1952(gp) # 80006838 <errno>
    80002648:	e406                	sd	ra,8(sp)
    8000264a:	2da010ef          	jal	80003924 <_close>
    8000264e:	57fd                	li	a5,-1
    80002650:	00f51663          	bne	a0,a5,8000265c <_close_r+0x20>
    80002654:	8601a783          	lw	a5,-1952(gp) # 80006838 <errno>
    80002658:	c391                	beqz	a5,8000265c <_close_r+0x20>
    8000265a:	c01c                	sw	a5,0(s0)
    8000265c:	60a2                	ld	ra,8(sp)
    8000265e:	6402                	ld	s0,0(sp)
    80002660:	0141                	addi	sp,sp,16
    80002662:	8082                	ret

0000000080002664 <_reclaim_reent>:
    80002664:	00004797          	auipc	a5,0x4
    80002668:	1747b783          	ld	a5,372(a5) # 800067d8 <_impure_ptr>
    8000266c:	0ca78363          	beq	a5,a0,80002732 <_reclaim_reent+0xce>
    80002670:	7d1c                	ld	a5,56(a0)
    80002672:	7179                	addi	sp,sp,-48
    80002674:	f022                	sd	s0,32(sp)
    80002676:	f406                	sd	ra,40(sp)
    80002678:	ec26                	sd	s1,24(sp)
    8000267a:	e84a                	sd	s2,16(sp)
    8000267c:	e44e                	sd	s3,8(sp)
    8000267e:	842a                	mv	s0,a0
    80002680:	cb8d                	beqz	a5,800026b2 <_reclaim_reent+0x4e>
    80002682:	6f9c                	ld	a5,24(a5)
    80002684:	c38d                	beqz	a5,800026a6 <_reclaim_reent+0x42>
    80002686:	4481                	li	s1,0
    80002688:	20000913          	li	s2,512
    8000268c:	7c1c                	ld	a5,56(s0)
    8000268e:	6f9c                	ld	a5,24(a5)
    80002690:	97a6                	add	a5,a5,s1
    80002692:	638c                	ld	a1,0(a5)
    80002694:	e1c9                	bnez	a1,80002716 <_reclaim_reent+0xb2>
    80002696:	04a1                	addi	s1,s1,8
    80002698:	ff249ae3          	bne	s1,s2,8000268c <_reclaim_reent+0x28>
    8000269c:	7c1c                	ld	a5,56(s0)
    8000269e:	8522                	mv	a0,s0
    800026a0:	6f8c                	ld	a1,24(a5)
    800026a2:	15e000ef          	jal	80002800 <_free_r>
    800026a6:	7c1c                	ld	a5,56(s0)
    800026a8:	638c                	ld	a1,0(a5)
    800026aa:	c581                	beqz	a1,800026b2 <_reclaim_reent+0x4e>
    800026ac:	8522                	mv	a0,s0
    800026ae:	152000ef          	jal	80002800 <_free_r>
    800026b2:	740c                	ld	a1,40(s0)
    800026b4:	c581                	beqz	a1,800026bc <_reclaim_reent+0x58>
    800026b6:	8522                	mv	a0,s0
    800026b8:	148000ef          	jal	80002800 <_free_r>
    800026bc:	7c0c                	ld	a1,56(s0)
    800026be:	c581                	beqz	a1,800026c6 <_reclaim_reent+0x62>
    800026c0:	8522                	mv	a0,s0
    800026c2:	13e000ef          	jal	80002800 <_free_r>
    800026c6:	6c2c                	ld	a1,88(s0)
    800026c8:	c581                	beqz	a1,800026d0 <_reclaim_reent+0x6c>
    800026ca:	8522                	mv	a0,s0
    800026cc:	134000ef          	jal	80002800 <_free_r>
    800026d0:	702c                	ld	a1,96(s0)
    800026d2:	c581                	beqz	a1,800026da <_reclaim_reent+0x76>
    800026d4:	8522                	mv	a0,s0
    800026d6:	12a000ef          	jal	80002800 <_free_r>
    800026da:	742c                	ld	a1,104(s0)
    800026dc:	c581                	beqz	a1,800026e4 <_reclaim_reent+0x80>
    800026de:	8522                	mv	a0,s0
    800026e0:	120000ef          	jal	80002800 <_free_r>
    800026e4:	644c                	ld	a1,136(s0)
    800026e6:	c581                	beqz	a1,800026ee <_reclaim_reent+0x8a>
    800026e8:	8522                	mv	a0,s0
    800026ea:	116000ef          	jal	80002800 <_free_r>
    800026ee:	604c                	ld	a1,128(s0)
    800026f0:	c581                	beqz	a1,800026f8 <_reclaim_reent+0x94>
    800026f2:	8522                	mv	a0,s0
    800026f4:	10c000ef          	jal	80002800 <_free_r>
    800026f8:	682c                	ld	a1,80(s0)
    800026fa:	c581                	beqz	a1,80002702 <_reclaim_reent+0x9e>
    800026fc:	8522                	mv	a0,s0
    800026fe:	102000ef          	jal	80002800 <_free_r>
    80002702:	603c                	ld	a5,64(s0)
    80002704:	c385                	beqz	a5,80002724 <_reclaim_reent+0xc0>
    80002706:	8522                	mv	a0,s0
    80002708:	7402                	ld	s0,32(sp)
    8000270a:	70a2                	ld	ra,40(sp)
    8000270c:	64e2                	ld	s1,24(sp)
    8000270e:	6942                	ld	s2,16(sp)
    80002710:	69a2                	ld	s3,8(sp)
    80002712:	6145                	addi	sp,sp,48
    80002714:	8782                	jr	a5
    80002716:	0005b983          	ld	s3,0(a1)
    8000271a:	8522                	mv	a0,s0
    8000271c:	0e4000ef          	jal	80002800 <_free_r>
    80002720:	85ce                	mv	a1,s3
    80002722:	bf8d                	j	80002694 <_reclaim_reent+0x30>
    80002724:	70a2                	ld	ra,40(sp)
    80002726:	7402                	ld	s0,32(sp)
    80002728:	64e2                	ld	s1,24(sp)
    8000272a:	6942                	ld	s2,16(sp)
    8000272c:	69a2                	ld	s3,8(sp)
    8000272e:	6145                	addi	sp,sp,48
    80002730:	8082                	ret
    80002732:	8082                	ret

0000000080002734 <_lseek_r>:
    80002734:	1141                	addi	sp,sp,-16
    80002736:	e022                	sd	s0,0(sp)
    80002738:	842a                	mv	s0,a0
    8000273a:	852e                	mv	a0,a1
    8000273c:	85b2                	mv	a1,a2
    8000273e:	8636                	mv	a2,a3
    80002740:	8601a023          	sw	zero,-1952(gp) # 80006838 <errno>
    80002744:	e406                	sd	ra,8(sp)
    80002746:	248010ef          	jal	8000398e <_lseek>
    8000274a:	57fd                	li	a5,-1
    8000274c:	00f51663          	bne	a0,a5,80002758 <_lseek_r+0x24>
    80002750:	8601a783          	lw	a5,-1952(gp) # 80006838 <errno>
    80002754:	c391                	beqz	a5,80002758 <_lseek_r+0x24>
    80002756:	c01c                	sw	a5,0(s0)
    80002758:	60a2                	ld	ra,8(sp)
    8000275a:	6402                	ld	s0,0(sp)
    8000275c:	0141                	addi	sp,sp,16
    8000275e:	8082                	ret

0000000080002760 <_read_r>:
    80002760:	1141                	addi	sp,sp,-16
    80002762:	e022                	sd	s0,0(sp)
    80002764:	842a                	mv	s0,a0
    80002766:	852e                	mv	a0,a1
    80002768:	85b2                	mv	a1,a2
    8000276a:	8636                	mv	a2,a3
    8000276c:	8601a023          	sw	zero,-1952(gp) # 80006838 <errno>
    80002770:	e406                	sd	ra,8(sp)
    80002772:	230010ef          	jal	800039a2 <_read>
    80002776:	57fd                	li	a5,-1
    80002778:	00f51663          	bne	a0,a5,80002784 <_read_r+0x24>
    8000277c:	8601a783          	lw	a5,-1952(gp) # 80006838 <errno>
    80002780:	c391                	beqz	a5,80002784 <_read_r+0x24>
    80002782:	c01c                	sw	a5,0(s0)
    80002784:	60a2                	ld	ra,8(sp)
    80002786:	6402                	ld	s0,0(sp)
    80002788:	0141                	addi	sp,sp,16
    8000278a:	8082                	ret

000000008000278c <_sbrk_r>:
    8000278c:	1141                	addi	sp,sp,-16
    8000278e:	e022                	sd	s0,0(sp)
    80002790:	842a                	mv	s0,a0
    80002792:	852e                	mv	a0,a1
    80002794:	8601a023          	sw	zero,-1952(gp) # 80006838 <errno>
    80002798:	e406                	sd	ra,8(sp)
    8000279a:	21e010ef          	jal	800039b8 <_sbrk>
    8000279e:	57fd                	li	a5,-1
    800027a0:	00f51663          	bne	a0,a5,800027ac <_sbrk_r+0x20>
    800027a4:	8601a783          	lw	a5,-1952(gp) # 80006838 <errno>
    800027a8:	c391                	beqz	a5,800027ac <_sbrk_r+0x20>
    800027aa:	c01c                	sw	a5,0(s0)
    800027ac:	60a2                	ld	ra,8(sp)
    800027ae:	6402                	ld	s0,0(sp)
    800027b0:	0141                	addi	sp,sp,16
    800027b2:	8082                	ret

00000000800027b4 <_write_r>:
    800027b4:	1141                	addi	sp,sp,-16
    800027b6:	e022                	sd	s0,0(sp)
    800027b8:	842a                	mv	s0,a0
    800027ba:	852e                	mv	a0,a1
    800027bc:	85b2                	mv	a1,a2
    800027be:	8636                	mv	a2,a3
    800027c0:	8601a023          	sw	zero,-1952(gp) # 80006838 <errno>
    800027c4:	e406                	sd	ra,8(sp)
    800027c6:	22e010ef          	jal	800039f4 <_write>
    800027ca:	57fd                	li	a5,-1
    800027cc:	00f51663          	bne	a0,a5,800027d8 <_write_r+0x24>
    800027d0:	8601a783          	lw	a5,-1952(gp) # 80006838 <errno>
    800027d4:	c391                	beqz	a5,800027d8 <_write_r+0x24>
    800027d6:	c01c                	sw	a5,0(s0)
    800027d8:	60a2                	ld	ra,8(sp)
    800027da:	6402                	ld	s0,0(sp)
    800027dc:	0141                	addi	sp,sp,16
    800027de:	8082                	ret

00000000800027e0 <memset>:
    800027e0:	832a                	mv	t1,a0
    800027e2:	c611                	beqz	a2,800027ee <memset+0xe>
    800027e4:	00b30023          	sb	a1,0(t1)
    800027e8:	167d                	addi	a2,a2,-1
    800027ea:	0305                	addi	t1,t1,1
    800027ec:	fe65                	bnez	a2,800027e4 <memset+0x4>
    800027ee:	8082                	ret

00000000800027f0 <abort>:
    800027f0:	1141                	addi	sp,sp,-16
    800027f2:	4519                	li	a0,6
    800027f4:	e406                	sd	ra,8(sp)
    800027f6:	6b3000ef          	jal	800036a8 <raise>
    800027fa:	4505                	li	a0,1
    800027fc:	13c010ef          	jal	80003938 <_exit>

0000000080002800 <_free_r>:
    80002800:	c1c5                	beqz	a1,800028a0 <_free_r+0xa0>
    80002802:	ff85b783          	ld	a5,-8(a1)
    80002806:	1101                	addi	sp,sp,-32
    80002808:	e822                	sd	s0,16(sp)
    8000280a:	ec06                	sd	ra,24(sp)
    8000280c:	ff858413          	addi	s0,a1,-8
    80002810:	0007d363          	bgez	a5,80002816 <_free_r+0x16>
    80002814:	943e                	add	s0,s0,a5
    80002816:	e42a                	sd	a0,8(sp)
    80002818:	a61ff0ef          	jal	80002278 <__malloc_lock>
    8000281c:	85018713          	addi	a4,gp,-1968 # 80006828 <__malloc_free_list>
    80002820:	631c                	ld	a5,0(a4)
    80002822:	6522                	ld	a0,8(sp)
    80002824:	eb89                	bnez	a5,80002836 <_free_r+0x36>
    80002826:	00043423          	sd	zero,8(s0)
    8000282a:	e300                	sd	s0,0(a4)
    8000282c:	6442                	ld	s0,16(sp)
    8000282e:	60e2                	ld	ra,24(sp)
    80002830:	6105                	addi	sp,sp,32
    80002832:	a49ff06f          	j	8000227a <__malloc_unlock>
    80002836:	00f47d63          	bgeu	s0,a5,80002850 <_free_r+0x50>
    8000283a:	6010                	ld	a2,0(s0)
    8000283c:	00c406b3          	add	a3,s0,a2
    80002840:	00d79663          	bne	a5,a3,8000284c <_free_r+0x4c>
    80002844:	6394                	ld	a3,0(a5)
    80002846:	679c                	ld	a5,8(a5)
    80002848:	96b2                	add	a3,a3,a2
    8000284a:	e014                	sd	a3,0(s0)
    8000284c:	e41c                	sd	a5,8(s0)
    8000284e:	bff1                	j	8000282a <_free_r+0x2a>
    80002850:	873e                	mv	a4,a5
    80002852:	679c                	ld	a5,8(a5)
    80002854:	c399                	beqz	a5,8000285a <_free_r+0x5a>
    80002856:	fef47de3          	bgeu	s0,a5,80002850 <_free_r+0x50>
    8000285a:	6314                	ld	a3,0(a4)
    8000285c:	00d70633          	add	a2,a4,a3
    80002860:	00861f63          	bne	a2,s0,8000287e <_free_r+0x7e>
    80002864:	6010                	ld	a2,0(s0)
    80002866:	96b2                	add	a3,a3,a2
    80002868:	e314                	sd	a3,0(a4)
    8000286a:	00d70633          	add	a2,a4,a3
    8000286e:	fac79fe3          	bne	a5,a2,8000282c <_free_r+0x2c>
    80002872:	6390                	ld	a2,0(a5)
    80002874:	679c                	ld	a5,8(a5)
    80002876:	96b2                	add	a3,a3,a2
    80002878:	e314                	sd	a3,0(a4)
    8000287a:	e71c                	sd	a5,8(a4)
    8000287c:	bf45                	j	8000282c <_free_r+0x2c>
    8000287e:	00c47563          	bgeu	s0,a2,80002888 <_free_r+0x88>
    80002882:	47b1                	li	a5,12
    80002884:	c11c                	sw	a5,0(a0)
    80002886:	b75d                	j	8000282c <_free_r+0x2c>
    80002888:	6010                	ld	a2,0(s0)
    8000288a:	00c406b3          	add	a3,s0,a2
    8000288e:	00d79663          	bne	a5,a3,8000289a <_free_r+0x9a>
    80002892:	6394                	ld	a3,0(a5)
    80002894:	679c                	ld	a5,8(a5)
    80002896:	96b2                	add	a3,a3,a2
    80002898:	e014                	sd	a3,0(s0)
    8000289a:	e41c                	sd	a5,8(s0)
    8000289c:	e700                	sd	s0,8(a4)
    8000289e:	b779                	j	8000282c <_free_r+0x2c>
    800028a0:	8082                	ret

00000000800028a2 <__sfputc_r>:
    800028a2:	465c                	lw	a5,12(a2)
    800028a4:	fff7871b          	addiw	a4,a5,-1
    800028a8:	c658                	sw	a4,12(a2)
    800028aa:	00075a63          	bgez	a4,800028be <__sfputc_r+0x1c>
    800028ae:	561c                	lw	a5,40(a2)
    800028b0:	00f74563          	blt	a4,a5,800028ba <__sfputc_r+0x18>
    800028b4:	47a9                	li	a5,10
    800028b6:	00f59463          	bne	a1,a5,800028be <__sfputc_r+0x1c>
    800028ba:	3290006f          	j	800033e2 <__swbuf_r>
    800028be:	621c                	ld	a5,0(a2)
    800028c0:	852e                	mv	a0,a1
    800028c2:	00178713          	addi	a4,a5,1
    800028c6:	e218                	sd	a4,0(a2)
    800028c8:	00b78023          	sb	a1,0(a5)
    800028cc:	8082                	ret

00000000800028ce <__sfputs_r>:
    800028ce:	7179                	addi	sp,sp,-48
    800028d0:	f022                	sd	s0,32(sp)
    800028d2:	ec26                	sd	s1,24(sp)
    800028d4:	e84a                	sd	s2,16(sp)
    800028d6:	e44e                	sd	s3,8(sp)
    800028d8:	e052                	sd	s4,0(sp)
    800028da:	f406                	sd	ra,40(sp)
    800028dc:	892a                	mv	s2,a0
    800028de:	89ae                	mv	s3,a1
    800028e0:	8432                	mv	s0,a2
    800028e2:	00d604b3          	add	s1,a2,a3
    800028e6:	5a7d                	li	s4,-1
    800028e8:	00941463          	bne	s0,s1,800028f0 <__sfputs_r+0x22>
    800028ec:	4501                	li	a0,0
    800028ee:	a811                	j	80002902 <__sfputs_r+0x34>
    800028f0:	00044583          	lbu	a1,0(s0)
    800028f4:	864e                	mv	a2,s3
    800028f6:	854a                	mv	a0,s2
    800028f8:	fabff0ef          	jal	800028a2 <__sfputc_r>
    800028fc:	0405                	addi	s0,s0,1
    800028fe:	ff4515e3          	bne	a0,s4,800028e8 <__sfputs_r+0x1a>
    80002902:	70a2                	ld	ra,40(sp)
    80002904:	7402                	ld	s0,32(sp)
    80002906:	64e2                	ld	s1,24(sp)
    80002908:	6942                	ld	s2,16(sp)
    8000290a:	69a2                	ld	s3,8(sp)
    8000290c:	6a02                	ld	s4,0(sp)
    8000290e:	6145                	addi	sp,sp,48
    80002910:	8082                	ret

0000000080002912 <__sprint_r>:
    80002912:	6a1c                	ld	a5,16(a2)
    80002914:	1141                	addi	sp,sp,-16
    80002916:	e022                	sd	s0,0(sp)
    80002918:	e406                	sd	ra,8(sp)
    8000291a:	8432                	mv	s0,a2
    8000291c:	cb99                	beqz	a5,80002932 <__sprint_r+0x20>
    8000291e:	7ee000ef          	jal	8000310c <__sfvwrite_r>
    80002922:	00043823          	sd	zero,16(s0)
    80002926:	60a2                	ld	ra,8(sp)
    80002928:	00042423          	sw	zero,8(s0)
    8000292c:	6402                	ld	s0,0(sp)
    8000292e:	0141                	addi	sp,sp,16
    80002930:	8082                	ret
    80002932:	4501                	li	a0,0
    80002934:	bfcd                	j	80002926 <__sprint_r+0x14>

0000000080002936 <_vfiprintf_r>:
    80002936:	7155                	addi	sp,sp,-208
    80002938:	e1a2                	sd	s0,192(sp)
    8000293a:	fd26                	sd	s1,184(sp)
    8000293c:	f94a                	sd	s2,176(sp)
    8000293e:	f54e                	sd	s3,168(sp)
    80002940:	f152                	sd	s4,160(sp)
    80002942:	e586                	sd	ra,200(sp)
    80002944:	ed56                	sd	s5,152(sp)
    80002946:	e95a                	sd	s6,144(sp)
    80002948:	e55e                	sd	s7,136(sp)
    8000294a:	e162                	sd	s8,128(sp)
    8000294c:	fce6                	sd	s9,120(sp)
    8000294e:	f8ea                	sd	s10,112(sp)
    80002950:	8a2a                	mv	s4,a0
    80002952:	892e                	mv	s2,a1
    80002954:	84b2                	mv	s1,a2
    80002956:	8436                	mv	s0,a3
    80002958:	4981                	li	s3,0
    8000295a:	c509                	beqz	a0,80002964 <_vfiprintf_r+0x2e>
    8000295c:	613c                	ld	a5,64(a0)
    8000295e:	e399                	bnez	a5,80002964 <_vfiprintf_r+0x2e>
    80002960:	ad5ff0ef          	jal	80002434 <__sinit>
    80002964:	01095783          	lhu	a5,16(s2)
    80002968:	8ba1                	andi	a5,a5,8
    8000296a:	cbe1                	beqz	a5,80002a3a <_vfiprintf_r+0x104>
    8000296c:	01893783          	ld	a5,24(s2)
    80002970:	c7e9                	beqz	a5,80002a3a <_vfiprintf_r+0x104>
    80002972:	02000793          	li	a5,32
    80002976:	02f104a3          	sb	a5,41(sp)
    8000297a:	5afd                	li	s5,-1
    8000297c:	03000793          	li	a5,48
    80002980:	d202                	sw	zero,36(sp)
    80002982:	02f10523          	sb	a5,42(sp)
    80002986:	e422                	sd	s0,8(sp)
    80002988:	02500b93          	li	s7,37
    8000298c:	020a9c13          	slli	s8,s5,0x20
    80002990:	00001b17          	auipc	s6,0x1
    80002994:	438b0b13          	addi	s6,s6,1080 # 80003dc8 <__tbss_end+0x16c>
    80002998:	4c85                	li	s9,1
    8000299a:	8426                	mv	s0,s1
    8000299c:	00044783          	lbu	a5,0(s0)
    800029a0:	c399                	beqz	a5,800029a6 <_vfiprintf_r+0x70>
    800029a2:	0d779063          	bne	a5,s7,80002a62 <_vfiprintf_r+0x12c>
    800029a6:	40940d3b          	subw	s10,s0,s1
    800029aa:	000d0e63          	beqz	s10,800029c6 <_vfiprintf_r+0x90>
    800029ae:	86ea                	mv	a3,s10
    800029b0:	8626                	mv	a2,s1
    800029b2:	85ca                	mv	a1,s2
    800029b4:	8552                	mv	a0,s4
    800029b6:	f19ff0ef          	jal	800028ce <__sfputs_r>
    800029ba:	1d550963          	beq	a0,s5,80002b8c <_vfiprintf_r+0x256>
    800029be:	5792                	lw	a5,36(sp)
    800029c0:	01a787bb          	addw	a5,a5,s10
    800029c4:	d23e                	sw	a5,36(sp)
    800029c6:	00044783          	lbu	a5,0(s0)
    800029ca:	1c078163          	beqz	a5,80002b8c <_vfiprintf_r+0x256>
    800029ce:	00140493          	addi	s1,s0,1
    800029d2:	e862                	sd	s8,16(sp)
    800029d4:	ec02                	sd	zero,24(sp)
    800029d6:	040109a3          	sb	zero,83(sp)
    800029da:	d482                	sw	zero,104(sp)
    800029dc:	0004c583          	lbu	a1,0(s1)
    800029e0:	4615                	li	a2,5
    800029e2:	855a                	mv	a0,s6
    800029e4:	377000ef          	jal	8000355a <memchr>
    800029e8:	47c2                	lw	a5,16(sp)
    800029ea:	00148413          	addi	s0,s1,1
    800029ee:	ed25                	bnez	a0,80002a66 <_vfiprintf_r+0x130>
    800029f0:	0107f713          	andi	a4,a5,16
    800029f4:	c709                	beqz	a4,800029fe <_vfiprintf_r+0xc8>
    800029f6:	02000713          	li	a4,32
    800029fa:	04e109a3          	sb	a4,83(sp)
    800029fe:	0087f713          	andi	a4,a5,8
    80002a02:	c709                	beqz	a4,80002a0c <_vfiprintf_r+0xd6>
    80002a04:	02b00713          	li	a4,43
    80002a08:	04e109a3          	sb	a4,83(sp)
    80002a0c:	0004c683          	lbu	a3,0(s1)
    80002a10:	02a00713          	li	a4,42
    80002a14:	06e68163          	beq	a3,a4,80002a76 <_vfiprintf_r+0x140>
    80002a18:	47f2                	lw	a5,28(sp)
    80002a1a:	8426                	mv	s0,s1
    80002a1c:	4681                	li	a3,0
    80002a1e:	4625                	li	a2,9
    80002a20:	4829                	li	a6,10
    80002a22:	00044703          	lbu	a4,0(s0)
    80002a26:	00140513          	addi	a0,s0,1
    80002a2a:	fd07059b          	addiw	a1,a4,-48 # fd0 <__stack_align+0xfc0>
    80002a2e:	872e                	mv	a4,a1
    80002a30:	08b67a63          	bgeu	a2,a1,80002ac4 <_vfiprintf_r+0x18e>
    80002a34:	caa9                	beqz	a3,80002a86 <_vfiprintf_r+0x150>
    80002a36:	ce3e                	sw	a5,28(sp)
    80002a38:	a0b9                	j	80002a86 <_vfiprintf_r+0x150>
    80002a3a:	85ca                	mv	a1,s2
    80002a3c:	8552                	mv	a0,s4
    80002a3e:	24f000ef          	jal	8000348c <__swsetup_r>
    80002a42:	d905                	beqz	a0,80002972 <_vfiprintf_r+0x3c>
    80002a44:	557d                	li	a0,-1
    80002a46:	60ae                	ld	ra,200(sp)
    80002a48:	640e                	ld	s0,192(sp)
    80002a4a:	74ea                	ld	s1,184(sp)
    80002a4c:	794a                	ld	s2,176(sp)
    80002a4e:	79aa                	ld	s3,168(sp)
    80002a50:	7a0a                	ld	s4,160(sp)
    80002a52:	6aea                	ld	s5,152(sp)
    80002a54:	6b4a                	ld	s6,144(sp)
    80002a56:	6baa                	ld	s7,136(sp)
    80002a58:	6c0a                	ld	s8,128(sp)
    80002a5a:	7ce6                	ld	s9,120(sp)
    80002a5c:	7d46                	ld	s10,112(sp)
    80002a5e:	6169                	addi	sp,sp,208
    80002a60:	8082                	ret
    80002a62:	0405                	addi	s0,s0,1
    80002a64:	bf25                	j	8000299c <_vfiprintf_r+0x66>
    80002a66:	41650533          	sub	a0,a0,s6
    80002a6a:	00ac953b          	sllw	a0,s9,a0
    80002a6e:	8fc9                	or	a5,a5,a0
    80002a70:	c83e                	sw	a5,16(sp)
    80002a72:	84a2                	mv	s1,s0
    80002a74:	b7a5                	j	800029dc <_vfiprintf_r+0xa6>
    80002a76:	6722                	ld	a4,8(sp)
    80002a78:	00870693          	addi	a3,a4,8
    80002a7c:	4318                	lw	a4,0(a4)
    80002a7e:	e436                	sd	a3,8(sp)
    80002a80:	02074b63          	bltz	a4,80002ab6 <_vfiprintf_r+0x180>
    80002a84:	ce3a                	sw	a4,28(sp)
    80002a86:	00044703          	lbu	a4,0(s0)
    80002a8a:	02e00793          	li	a5,46
    80002a8e:	06f71163          	bne	a4,a5,80002af0 <_vfiprintf_r+0x1ba>
    80002a92:	00144703          	lbu	a4,1(s0)
    80002a96:	02a00793          	li	a5,42
    80002a9a:	02f71b63          	bne	a4,a5,80002ad0 <_vfiprintf_r+0x19a>
    80002a9e:	67a2                	ld	a5,8(sp)
    80002aa0:	0409                	addi	s0,s0,2
    80002aa2:	00878713          	addi	a4,a5,8
    80002aa6:	e43a                	sd	a4,8(sp)
    80002aa8:	4398                	lw	a4,0(a5)
    80002aaa:	87ba                	mv	a5,a4
    80002aac:	00075363          	bgez	a4,80002ab2 <_vfiprintf_r+0x17c>
    80002ab0:	57fd                	li	a5,-1
    80002ab2:	ca3e                	sw	a5,20(sp)
    80002ab4:	a835                	j	80002af0 <_vfiprintf_r+0x1ba>
    80002ab6:	40e0073b          	negw	a4,a4
    80002aba:	0027e793          	ori	a5,a5,2
    80002abe:	ce3a                	sw	a4,28(sp)
    80002ac0:	c83e                	sw	a5,16(sp)
    80002ac2:	b7d1                	j	80002a86 <_vfiprintf_r+0x150>
    80002ac4:	02f807bb          	mulw	a5,a6,a5
    80002ac8:	842a                	mv	s0,a0
    80002aca:	4685                	li	a3,1
    80002acc:	9fb9                	addw	a5,a5,a4
    80002ace:	bf91                	j	80002a22 <_vfiprintf_r+0xec>
    80002ad0:	0405                	addi	s0,s0,1
    80002ad2:	ca02                	sw	zero,20(sp)
    80002ad4:	4681                	li	a3,0
    80002ad6:	4781                	li	a5,0
    80002ad8:	4625                	li	a2,9
    80002ada:	4829                	li	a6,10
    80002adc:	00044703          	lbu	a4,0(s0)
    80002ae0:	00140513          	addi	a0,s0,1
    80002ae4:	fd07059b          	addiw	a1,a4,-48
    80002ae8:	872e                	mv	a4,a1
    80002aea:	06b67c63          	bgeu	a2,a1,80002b62 <_vfiprintf_r+0x22c>
    80002aee:	f2f1                	bnez	a3,80002ab2 <_vfiprintf_r+0x17c>
    80002af0:	00044583          	lbu	a1,0(s0)
    80002af4:	460d                	li	a2,3
    80002af6:	00001517          	auipc	a0,0x1
    80002afa:	2da50513          	addi	a0,a0,730 # 80003dd0 <__tbss_end+0x174>
    80002afe:	25d000ef          	jal	8000355a <memchr>
    80002b02:	cd11                	beqz	a0,80002b1e <_vfiprintf_r+0x1e8>
    80002b04:	00001797          	auipc	a5,0x1
    80002b08:	2cc78793          	addi	a5,a5,716 # 80003dd0 <__tbss_end+0x174>
    80002b0c:	8d1d                	sub	a0,a0,a5
    80002b0e:	47c2                	lw	a5,16(sp)
    80002b10:	04000713          	li	a4,64
    80002b14:	00a7173b          	sllw	a4,a4,a0
    80002b18:	8fd9                	or	a5,a5,a4
    80002b1a:	0405                	addi	s0,s0,1
    80002b1c:	c83e                	sw	a5,16(sp)
    80002b1e:	00044583          	lbu	a1,0(s0)
    80002b22:	4619                	li	a2,6
    80002b24:	00001517          	auipc	a0,0x1
    80002b28:	2b450513          	addi	a0,a0,692 # 80003dd8 <__tbss_end+0x17c>
    80002b2c:	00140493          	addi	s1,s0,1
    80002b30:	02b10423          	sb	a1,40(sp)
    80002b34:	227000ef          	jal	8000355a <memchr>
    80002b38:	c135                	beqz	a0,80002b9c <_vfiprintf_r+0x266>
    80002b3a:	00000793          	li	a5,0
    80002b3e:	eb85                	bnez	a5,80002b6e <_vfiprintf_r+0x238>
    80002b40:	4742                	lw	a4,16(sp)
    80002b42:	67a2                	ld	a5,8(sp)
    80002b44:	10077713          	andi	a4,a4,256
    80002b48:	00878693          	addi	a3,a5,8
    80002b4c:	c709                	beqz	a4,80002b56 <_vfiprintf_r+0x220>
    80002b4e:	07bd                	addi	a5,a5,15
    80002b50:	9bc1                	andi	a5,a5,-16
    80002b52:	01078693          	addi	a3,a5,16
    80002b56:	e436                	sd	a3,8(sp)
    80002b58:	5792                	lw	a5,36(sp)
    80002b5a:	013787bb          	addw	a5,a5,s3
    80002b5e:	d23e                	sw	a5,36(sp)
    80002b60:	bd2d                	j	8000299a <_vfiprintf_r+0x64>
    80002b62:	02f807bb          	mulw	a5,a6,a5
    80002b66:	842a                	mv	s0,a0
    80002b68:	4685                	li	a3,1
    80002b6a:	9fb9                	addw	a5,a5,a4
    80002b6c:	bf85                	j	80002adc <_vfiprintf_r+0x1a6>
    80002b6e:	0038                	addi	a4,sp,8
    80002b70:	00000697          	auipc	a3,0x0
    80002b74:	d5e68693          	addi	a3,a3,-674 # 800028ce <__sfputs_r>
    80002b78:	864a                	mv	a2,s2
    80002b7a:	080c                	addi	a1,sp,16
    80002b7c:	8552                	mv	a0,s4
    80002b7e:	00000097          	auipc	ra,0x0
    80002b82:	000000e7          	jalr	zero # 0 <__boot_hart>
    80002b86:	89aa                	mv	s3,a0
    80002b88:	fd5518e3          	bne	a0,s5,80002b58 <_vfiprintf_r+0x222>
    80002b8c:	01095783          	lhu	a5,16(s2)
    80002b90:	0407f793          	andi	a5,a5,64
    80002b94:	ea0798e3          	bnez	a5,80002a44 <_vfiprintf_r+0x10e>
    80002b98:	5512                	lw	a0,36(sp)
    80002b9a:	b575                	j	80002a46 <_vfiprintf_r+0x110>
    80002b9c:	0038                	addi	a4,sp,8
    80002b9e:	00000697          	auipc	a3,0x0
    80002ba2:	d3068693          	addi	a3,a3,-720 # 800028ce <__sfputs_r>
    80002ba6:	864a                	mv	a2,s2
    80002ba8:	080c                	addi	a1,sp,16
    80002baa:	8552                	mv	a0,s4
    80002bac:	134000ef          	jal	80002ce0 <_printf_i>
    80002bb0:	bfd9                	j	80002b86 <_vfiprintf_r+0x250>

0000000080002bb2 <vfiprintf>:
    80002bb2:	86b2                	mv	a3,a2
    80002bb4:	862e                	mv	a2,a1
    80002bb6:	85aa                	mv	a1,a0
    80002bb8:	00004517          	auipc	a0,0x4
    80002bbc:	c2053503          	ld	a0,-992(a0) # 800067d8 <_impure_ptr>
    80002bc0:	bb9d                	j	80002936 <_vfiprintf_r>

0000000080002bc2 <_printf_common>:
    80002bc2:	715d                	addi	sp,sp,-80
    80002bc4:	f052                	sd	s4,32(sp)
    80002bc6:	ec56                	sd	s5,24(sp)
    80002bc8:	8a36                	mv	s4,a3
    80002bca:	8aba                	mv	s5,a4
    80002bcc:	4994                	lw	a3,16(a1)
    80002bce:	4598                	lw	a4,8(a1)
    80002bd0:	e0a2                	sd	s0,64(sp)
    80002bd2:	f84a                	sd	s2,48(sp)
    80002bd4:	f44e                	sd	s3,40(sp)
    80002bd6:	e486                	sd	ra,72(sp)
    80002bd8:	fc26                	sd	s1,56(sp)
    80002bda:	e85a                	sd	s6,16(sp)
    80002bdc:	e45e                	sd	s7,8(sp)
    80002bde:	89aa                	mv	s3,a0
    80002be0:	842e                	mv	s0,a1
    80002be2:	8932                	mv	s2,a2
    80002be4:	87ba                	mv	a5,a4
    80002be6:	00e6c363          	blt	a3,a4,80002bec <_printf_common+0x2a>
    80002bea:	87b6                	mv	a5,a3
    80002bec:	00f92023          	sw	a5,0(s2)
    80002bf0:	04344703          	lbu	a4,67(s0)
    80002bf4:	c701                	beqz	a4,80002bfc <_printf_common+0x3a>
    80002bf6:	2785                	addiw	a5,a5,1
    80002bf8:	00f92023          	sw	a5,0(s2)
    80002bfc:	401c                	lw	a5,0(s0)
    80002bfe:	0207f793          	andi	a5,a5,32
    80002c02:	c791                	beqz	a5,80002c0e <_printf_common+0x4c>
    80002c04:	00092783          	lw	a5,0(s2)
    80002c08:	2789                	addiw	a5,a5,2
    80002c0a:	00f92023          	sw	a5,0(s2)
    80002c0e:	4004                	lw	s1,0(s0)
    80002c10:	8899                	andi	s1,s1,6
    80002c12:	e891                	bnez	s1,80002c26 <_printf_common+0x64>
    80002c14:	01940b13          	addi	s6,s0,25
    80002c18:	5bfd                	li	s7,-1
    80002c1a:	445c                	lw	a5,12(s0)
    80002c1c:	00092703          	lw	a4,0(s2)
    80002c20:	9f99                	subw	a5,a5,a4
    80002c22:	06f4c063          	blt	s1,a5,80002c82 <_printf_common+0xc0>
    80002c26:	04344783          	lbu	a5,67(s0)
    80002c2a:	00f03633          	snez	a2,a5
    80002c2e:	00f036b3          	snez	a3,a5
    80002c32:	401c                	lw	a5,0(s0)
    80002c34:	0207f793          	andi	a5,a5,32
    80002c38:	ebb5                	bnez	a5,80002cac <_printf_common+0xea>
    80002c3a:	04340613          	addi	a2,s0,67
    80002c3e:	85d2                	mv	a1,s4
    80002c40:	854e                	mv	a0,s3
    80002c42:	9a82                	jalr	s5
    80002c44:	57fd                	li	a5,-1
    80002c46:	04f50563          	beq	a0,a5,80002c90 <_printf_common+0xce>
    80002c4a:	401c                	lw	a5,0(s0)
    80002c4c:	4711                	li	a4,4
    80002c4e:	4481                	li	s1,0
    80002c50:	8b99                	andi	a5,a5,6
    80002c52:	00e79b63          	bne	a5,a4,80002c68 <_printf_common+0xa6>
    80002c56:	00092783          	lw	a5,0(s2)
    80002c5a:	4444                	lw	s1,12(s0)
    80002c5c:	9c9d                	subw	s1,s1,a5
    80002c5e:	02049793          	slli	a5,s1,0x20
    80002c62:	0007d363          	bgez	a5,80002c68 <_printf_common+0xa6>
    80002c66:	4481                	li	s1,0
    80002c68:	441c                	lw	a5,8(s0)
    80002c6a:	4818                	lw	a4,16(s0)
    80002c6c:	00f75463          	bge	a4,a5,80002c74 <_printf_common+0xb2>
    80002c70:	9f99                	subw	a5,a5,a4
    80002c72:	9cbd                	addw	s1,s1,a5
    80002c74:	4901                	li	s2,0
    80002c76:	0469                	addi	s0,s0,26
    80002c78:	5b7d                	li	s6,-1
    80002c7a:	05249a63          	bne	s1,s2,80002cce <_printf_common+0x10c>
    80002c7e:	4501                	li	a0,0
    80002c80:	a809                	j	80002c92 <_printf_common+0xd0>
    80002c82:	4685                	li	a3,1
    80002c84:	865a                	mv	a2,s6
    80002c86:	85d2                	mv	a1,s4
    80002c88:	854e                	mv	a0,s3
    80002c8a:	9a82                	jalr	s5
    80002c8c:	01751e63          	bne	a0,s7,80002ca8 <_printf_common+0xe6>
    80002c90:	557d                	li	a0,-1
    80002c92:	60a6                	ld	ra,72(sp)
    80002c94:	6406                	ld	s0,64(sp)
    80002c96:	74e2                	ld	s1,56(sp)
    80002c98:	7942                	ld	s2,48(sp)
    80002c9a:	79a2                	ld	s3,40(sp)
    80002c9c:	7a02                	ld	s4,32(sp)
    80002c9e:	6ae2                	ld	s5,24(sp)
    80002ca0:	6b42                	ld	s6,16(sp)
    80002ca2:	6ba2                	ld	s7,8(sp)
    80002ca4:	6161                	addi	sp,sp,80
    80002ca6:	8082                	ret
    80002ca8:	2485                	addiw	s1,s1,1
    80002caa:	bf85                	j	80002c1a <_printf_common+0x58>
    80002cac:	00d407b3          	add	a5,s0,a3
    80002cb0:	03000693          	li	a3,48
    80002cb4:	04d781a3          	sb	a3,67(a5)
    80002cb8:	0016071b          	addiw	a4,a2,1
    80002cbc:	0026069b          	addiw	a3,a2,2
    80002cc0:	04544603          	lbu	a2,69(s0)
    80002cc4:	00e407b3          	add	a5,s0,a4
    80002cc8:	04c781a3          	sb	a2,67(a5)
    80002ccc:	b7bd                	j	80002c3a <_printf_common+0x78>
    80002cce:	4685                	li	a3,1
    80002cd0:	8622                	mv	a2,s0
    80002cd2:	85d2                	mv	a1,s4
    80002cd4:	854e                	mv	a0,s3
    80002cd6:	9a82                	jalr	s5
    80002cd8:	fb650ce3          	beq	a0,s6,80002c90 <_printf_common+0xce>
    80002cdc:	2905                	addiw	s2,s2,1
    80002cde:	bf71                	j	80002c7a <_printf_common+0xb8>

0000000080002ce0 <_printf_i>:
    80002ce0:	715d                	addi	sp,sp,-80
    80002ce2:	e0a2                	sd	s0,64(sp)
    80002ce4:	f84a                	sd	s2,48(sp)
    80002ce6:	f44e                	sd	s3,40(sp)
    80002ce8:	f052                	sd	s4,32(sp)
    80002cea:	e486                	sd	ra,72(sp)
    80002cec:	fc26                	sd	s1,56(sp)
    80002cee:	ec56                	sd	s5,24(sp)
    80002cf0:	e85a                	sd	s6,16(sp)
    80002cf2:	0185c803          	lbu	a6,24(a1)
    80002cf6:	07800793          	li	a5,120
    80002cfa:	892a                	mv	s2,a0
    80002cfc:	842e                	mv	s0,a1
    80002cfe:	89b2                	mv	s3,a2
    80002d00:	8a36                	mv	s4,a3
    80002d02:	0307e263          	bltu	a5,a6,80002d26 <_printf_i+0x46>
    80002d06:	06200793          	li	a5,98
    80002d0a:	04358693          	addi	a3,a1,67
    80002d0e:	0307e163          	bltu	a5,a6,80002d30 <_printf_i+0x50>
    80002d12:	1c080663          	beqz	a6,80002ede <_printf_i+0x1fe>
    80002d16:	05800793          	li	a5,88
    80002d1a:	00001617          	auipc	a2,0x1
    80002d1e:	0c660613          	addi	a2,a2,198 # 80003de0 <__tbss_end+0x184>
    80002d22:	14f80a63          	beq	a6,a5,80002e76 <_printf_i+0x196>
    80002d26:	04240493          	addi	s1,s0,66
    80002d2a:	05040123          	sb	a6,66(s0)
    80002d2e:	a815                	j	80002d62 <_printf_i+0x82>
    80002d30:	f9d8079b          	addiw	a5,a6,-99
    80002d34:	0ff7f793          	zext.b	a5,a5
    80002d38:	4655                	li	a2,21
    80002d3a:	fef666e3          	bltu	a2,a5,80002d26 <_printf_i+0x46>
    80002d3e:	00003617          	auipc	a2,0x3
    80002d42:	6f260613          	addi	a2,a2,1778 # 80006430 <_aes_encrypt_table+0x1100>
    80002d46:	078a                	slli	a5,a5,0x2
    80002d48:	97b2                	add	a5,a5,a2
    80002d4a:	439c                	lw	a5,0(a5)
    80002d4c:	97b2                	add	a5,a5,a2
    80002d4e:	8782                	jr	a5
    80002d50:	631c                	ld	a5,0(a4)
    80002d52:	04258493          	addi	s1,a1,66
    80002d56:	00878693          	addi	a3,a5,8
    80002d5a:	439c                	lw	a5,0(a5)
    80002d5c:	e314                	sd	a3,0(a4)
    80002d5e:	04f58123          	sb	a5,66(a1)
    80002d62:	4785                	li	a5,1
    80002d64:	aa4d                	j	80002f16 <_printf_i+0x236>
    80002d66:	419c                	lw	a5,0(a1)
    80002d68:	6308                	ld	a0,0(a4)
    80002d6a:	0807f613          	andi	a2,a5,128
    80002d6e:	00850593          	addi	a1,a0,8
    80002d72:	c20d                	beqz	a2,80002d94 <_printf_i+0xb4>
    80002d74:	611c                	ld	a5,0(a0)
    80002d76:	e30c                	sd	a1,0(a4)
    80002d78:	0007d863          	bgez	a5,80002d88 <_printf_i+0xa8>
    80002d7c:	02d00713          	li	a4,45
    80002d80:	40f007b3          	neg	a5,a5
    80002d84:	04e401a3          	sb	a4,67(s0)
    80002d88:	00001617          	auipc	a2,0x1
    80002d8c:	05860613          	addi	a2,a2,88 # 80003de0 <__tbss_end+0x184>
    80002d90:	4829                	li	a6,10
    80002d92:	a83d                	j	80002dd0 <_printf_i+0xf0>
    80002d94:	0407f613          	andi	a2,a5,64
    80002d98:	411c                	lw	a5,0(a0)
    80002d9a:	e30c                	sd	a1,0(a4)
    80002d9c:	de71                	beqz	a2,80002d78 <_printf_i+0x98>
    80002d9e:	0107979b          	slliw	a5,a5,0x10
    80002da2:	4107d79b          	sraiw	a5,a5,0x10
    80002da6:	bfc9                	j	80002d78 <_printf_i+0x98>
    80002da8:	4190                	lw	a2,0(a1)
    80002daa:	631c                	ld	a5,0(a4)
    80002dac:	08067513          	andi	a0,a2,128
    80002db0:	00878593          	addi	a1,a5,8
    80002db4:	cd41                	beqz	a0,80002e4c <_printf_i+0x16c>
    80002db6:	639c                	ld	a5,0(a5)
    80002db8:	e30c                	sd	a1,0(a4)
    80002dba:	06f00713          	li	a4,111
    80002dbe:	00001617          	auipc	a2,0x1
    80002dc2:	02260613          	addi	a2,a2,34 # 80003de0 <__tbss_end+0x184>
    80002dc6:	0ee81e63          	bne	a6,a4,80002ec2 <_printf_i+0x1e2>
    80002dca:	4821                	li	a6,8
    80002dcc:	040401a3          	sb	zero,67(s0)
    80002dd0:	4058                	lw	a4,4(s0)
    80002dd2:	c418                	sw	a4,8(s0)
    80002dd4:	00074563          	bltz	a4,80002dde <_printf_i+0xfe>
    80002dd8:	400c                	lw	a1,0(s0)
    80002dda:	99ed                	andi	a1,a1,-5
    80002ddc:	c00c                	sw	a1,0(s0)
    80002dde:	e399                	bnez	a5,80002de4 <_printf_i+0x104>
    80002de0:	84b6                	mv	s1,a3
    80002de2:	cf19                	beqz	a4,80002e00 <_printf_i+0x120>
    80002de4:	84b6                	mv	s1,a3
    80002de6:	0307f733          	remu	a4,a5,a6
    80002dea:	14fd                	addi	s1,s1,-1
    80002dec:	9732                	add	a4,a4,a2
    80002dee:	00074703          	lbu	a4,0(a4)
    80002df2:	00e48023          	sb	a4,0(s1)
    80002df6:	873e                	mv	a4,a5
    80002df8:	0307d7b3          	divu	a5,a5,a6
    80002dfc:	ff0775e3          	bgeu	a4,a6,80002de6 <_printf_i+0x106>
    80002e00:	47a1                	li	a5,8
    80002e02:	00f81e63          	bne	a6,a5,80002e1e <_printf_i+0x13e>
    80002e06:	401c                	lw	a5,0(s0)
    80002e08:	8b85                	andi	a5,a5,1
    80002e0a:	cb91                	beqz	a5,80002e1e <_printf_i+0x13e>
    80002e0c:	4058                	lw	a4,4(s0)
    80002e0e:	481c                	lw	a5,16(s0)
    80002e10:	00e7c763          	blt	a5,a4,80002e1e <_printf_i+0x13e>
    80002e14:	03000793          	li	a5,48
    80002e18:	fef48fa3          	sb	a5,-1(s1)
    80002e1c:	14fd                	addi	s1,s1,-1
    80002e1e:	8e85                	sub	a3,a3,s1
    80002e20:	c814                	sw	a3,16(s0)
    80002e22:	8752                	mv	a4,s4
    80002e24:	86ce                	mv	a3,s3
    80002e26:	0070                	addi	a2,sp,12
    80002e28:	85a2                	mv	a1,s0
    80002e2a:	854a                	mv	a0,s2
    80002e2c:	d97ff0ef          	jal	80002bc2 <_printf_common>
    80002e30:	5afd                	li	s5,-1
    80002e32:	0f551663          	bne	a0,s5,80002f1e <_printf_i+0x23e>
    80002e36:	557d                	li	a0,-1
    80002e38:	60a6                	ld	ra,72(sp)
    80002e3a:	6406                	ld	s0,64(sp)
    80002e3c:	74e2                	ld	s1,56(sp)
    80002e3e:	7942                	ld	s2,48(sp)
    80002e40:	79a2                	ld	s3,40(sp)
    80002e42:	7a02                	ld	s4,32(sp)
    80002e44:	6ae2                	ld	s5,24(sp)
    80002e46:	6b42                	ld	s6,16(sp)
    80002e48:	6161                	addi	sp,sp,80
    80002e4a:	8082                	ret
    80002e4c:	439c                	lw	a5,0(a5)
    80002e4e:	04067613          	andi	a2,a2,64
    80002e52:	e30c                	sd	a1,0(a4)
    80002e54:	c601                	beqz	a2,80002e5c <_printf_i+0x17c>
    80002e56:	17c2                	slli	a5,a5,0x30
    80002e58:	93c1                	srli	a5,a5,0x30
    80002e5a:	b785                	j	80002dba <_printf_i+0xda>
    80002e5c:	1782                	slli	a5,a5,0x20
    80002e5e:	9381                	srli	a5,a5,0x20
    80002e60:	bfa9                	j	80002dba <_printf_i+0xda>
    80002e62:	419c                	lw	a5,0(a1)
    80002e64:	0a07e793          	ori	a5,a5,160
    80002e68:	c19c                	sw	a5,0(a1)
    80002e6a:	07800813          	li	a6,120
    80002e6e:	00001617          	auipc	a2,0x1
    80002e72:	f8a60613          	addi	a2,a2,-118 # 80003df8 <__tbss_end+0x19c>
    80002e76:	050402a3          	sb	a6,69(s0)
    80002e7a:	400c                	lw	a1,0(s0)
    80002e7c:	631c                	ld	a5,0(a4)
    80002e7e:	0805f813          	andi	a6,a1,128
    80002e82:	00878513          	addi	a0,a5,8
    80002e86:	00080d63          	beqz	a6,80002ea0 <_printf_i+0x1c0>
    80002e8a:	639c                	ld	a5,0(a5)
    80002e8c:	e308                	sd	a0,0(a4)
    80002e8e:	0015f713          	andi	a4,a1,1
    80002e92:	c701                	beqz	a4,80002e9a <_printf_i+0x1ba>
    80002e94:	0205e593          	ori	a1,a1,32
    80002e98:	c00c                	sw	a1,0(s0)
    80002e9a:	cf99                	beqz	a5,80002eb8 <_printf_i+0x1d8>
    80002e9c:	4841                	li	a6,16
    80002e9e:	b73d                	j	80002dcc <_printf_i+0xec>
    80002ea0:	439c                	lw	a5,0(a5)
    80002ea2:	0405f813          	andi	a6,a1,64
    80002ea6:	e308                	sd	a0,0(a4)
    80002ea8:	00080563          	beqz	a6,80002eb2 <_printf_i+0x1d2>
    80002eac:	17c2                	slli	a5,a5,0x30
    80002eae:	93c1                	srli	a5,a5,0x30
    80002eb0:	bff9                	j	80002e8e <_printf_i+0x1ae>
    80002eb2:	1782                	slli	a5,a5,0x20
    80002eb4:	9381                	srli	a5,a5,0x20
    80002eb6:	bfe1                	j	80002e8e <_printf_i+0x1ae>
    80002eb8:	4018                	lw	a4,0(s0)
    80002eba:	fdf77713          	andi	a4,a4,-33
    80002ebe:	c018                	sw	a4,0(s0)
    80002ec0:	bff1                	j	80002e9c <_printf_i+0x1bc>
    80002ec2:	4829                	li	a6,10
    80002ec4:	b721                	j	80002dcc <_printf_i+0xec>
    80002ec6:	4190                	lw	a2,0(a1)
    80002ec8:	631c                	ld	a5,0(a4)
    80002eca:	49cc                	lw	a1,20(a1)
    80002ecc:	08067813          	andi	a6,a2,128
    80002ed0:	00878513          	addi	a0,a5,8
    80002ed4:	00080963          	beqz	a6,80002ee6 <_printf_i+0x206>
    80002ed8:	e308                	sd	a0,0(a4)
    80002eda:	639c                	ld	a5,0(a5)
    80002edc:	e38c                	sd	a1,0(a5)
    80002ede:	00042823          	sw	zero,16(s0)
    80002ee2:	84b6                	mv	s1,a3
    80002ee4:	bf3d                	j	80002e22 <_printf_i+0x142>
    80002ee6:	e308                	sd	a0,0(a4)
    80002ee8:	04067613          	andi	a2,a2,64
    80002eec:	639c                	ld	a5,0(a5)
    80002eee:	c601                	beqz	a2,80002ef6 <_printf_i+0x216>
    80002ef0:	00b79023          	sh	a1,0(a5)
    80002ef4:	b7ed                	j	80002ede <_printf_i+0x1fe>
    80002ef6:	c38c                	sw	a1,0(a5)
    80002ef8:	b7dd                	j	80002ede <_printf_i+0x1fe>
    80002efa:	631c                	ld	a5,0(a4)
    80002efc:	41d0                	lw	a2,4(a1)
    80002efe:	4581                	li	a1,0
    80002f00:	00878693          	addi	a3,a5,8
    80002f04:	e314                	sd	a3,0(a4)
    80002f06:	6384                	ld	s1,0(a5)
    80002f08:	8526                	mv	a0,s1
    80002f0a:	650000ef          	jal	8000355a <memchr>
    80002f0e:	c119                	beqz	a0,80002f14 <_printf_i+0x234>
    80002f10:	8d05                	sub	a0,a0,s1
    80002f12:	c048                	sw	a0,4(s0)
    80002f14:	405c                	lw	a5,4(s0)
    80002f16:	c81c                	sw	a5,16(s0)
    80002f18:	040401a3          	sb	zero,67(s0)
    80002f1c:	b719                	j	80002e22 <_printf_i+0x142>
    80002f1e:	4814                	lw	a3,16(s0)
    80002f20:	8626                	mv	a2,s1
    80002f22:	85ce                	mv	a1,s3
    80002f24:	854a                	mv	a0,s2
    80002f26:	9a02                	jalr	s4
    80002f28:	f15507e3          	beq	a0,s5,80002e36 <_printf_i+0x156>
    80002f2c:	401c                	lw	a5,0(s0)
    80002f2e:	8b89                	andi	a5,a5,2
    80002f30:	eb85                	bnez	a5,80002f60 <_printf_i+0x280>
    80002f32:	4458                	lw	a4,12(s0)
    80002f34:	47b2                	lw	a5,12(sp)
    80002f36:	0007051b          	sext.w	a0,a4
    80002f3a:	eef75fe3          	bge	a4,a5,80002e38 <_printf_i+0x158>
    80002f3e:	0007851b          	sext.w	a0,a5
    80002f42:	bddd                	j	80002e38 <_printf_i+0x158>
    80002f44:	4685                	li	a3,1
    80002f46:	8656                	mv	a2,s5
    80002f48:	85ce                	mv	a1,s3
    80002f4a:	854a                	mv	a0,s2
    80002f4c:	9a02                	jalr	s4
    80002f4e:	ef6504e3          	beq	a0,s6,80002e36 <_printf_i+0x156>
    80002f52:	2485                	addiw	s1,s1,1
    80002f54:	445c                	lw	a5,12(s0)
    80002f56:	4732                	lw	a4,12(sp)
    80002f58:	9f99                	subw	a5,a5,a4
    80002f5a:	fef4c5e3          	blt	s1,a5,80002f44 <_printf_i+0x264>
    80002f5e:	bfd1                	j	80002f32 <_printf_i+0x252>
    80002f60:	4481                	li	s1,0
    80002f62:	01940a93          	addi	s5,s0,25
    80002f66:	5b7d                	li	s6,-1
    80002f68:	b7f5                	j	80002f54 <_printf_i+0x274>

0000000080002f6a <__sflush_r>:
    80002f6a:	01059783          	lh	a5,16(a1)
    80002f6e:	7179                	addi	sp,sp,-48
    80002f70:	f022                	sd	s0,32(sp)
    80002f72:	ec26                	sd	s1,24(sp)
    80002f74:	f406                	sd	ra,40(sp)
    80002f76:	e84a                	sd	s2,16(sp)
    80002f78:	e44e                	sd	s3,8(sp)
    80002f7a:	0087f713          	andi	a4,a5,8
    80002f7e:	84aa                	mv	s1,a0
    80002f80:	842e                	mv	s0,a1
    80002f82:	eb69                	bnez	a4,80003054 <__sflush_r+0xea>
    80002f84:	4598                	lw	a4,8(a1)
    80002f86:	00e04563          	bgtz	a4,80002f90 <__sflush_r+0x26>
    80002f8a:	5db8                	lw	a4,120(a1)
    80002f8c:	0ae05b63          	blez	a4,80003042 <__sflush_r+0xd8>
    80002f90:	6838                	ld	a4,80(s0)
    80002f92:	cb45                	beqz	a4,80003042 <__sflush_r+0xd8>
    80002f94:	0004a903          	lw	s2,0(s1)
    80002f98:	03379693          	slli	a3,a5,0x33
    80002f9c:	0004a023          	sw	zero,0(s1)
    80002fa0:	7c0c                	ld	a1,56(s0)
    80002fa2:	0606de63          	bgez	a3,8000301e <__sflush_r+0xb4>
    80002fa6:	6c50                	ld	a2,152(s0)
    80002fa8:	01045783          	lhu	a5,16(s0)
    80002fac:	8b91                	andi	a5,a5,4
    80002fae:	c799                	beqz	a5,80002fbc <__sflush_r+0x52>
    80002fb0:	441c                	lw	a5,8(s0)
    80002fb2:	8e1d                	sub	a2,a2,a5
    80002fb4:	703c                	ld	a5,96(s0)
    80002fb6:	c399                	beqz	a5,80002fbc <__sflush_r+0x52>
    80002fb8:	5c3c                	lw	a5,120(s0)
    80002fba:	8e1d                	sub	a2,a2,a5
    80002fbc:	683c                	ld	a5,80(s0)
    80002fbe:	7c0c                	ld	a1,56(s0)
    80002fc0:	4681                	li	a3,0
    80002fc2:	8526                	mv	a0,s1
    80002fc4:	9782                	jalr	a5
    80002fc6:	577d                	li	a4,-1
    80002fc8:	01045783          	lhu	a5,16(s0)
    80002fcc:	00e51d63          	bne	a0,a4,80002fe6 <__sflush_r+0x7c>
    80002fd0:	4094                	lw	a3,0(s1)
    80002fd2:	4775                	li	a4,29
    80002fd4:	06d76963          	bltu	a4,a3,80003046 <__sflush_r+0xdc>
    80002fd8:	20400737          	lui	a4,0x20400
    80002fdc:	0705                	addi	a4,a4,1 # 20400001 <__heap_size+0x203e0001>
    80002fde:	00d75733          	srl	a4,a4,a3
    80002fe2:	8b05                	andi	a4,a4,1
    80002fe4:	c32d                	beqz	a4,80003046 <__sflush_r+0xdc>
    80002fe6:	6c18                	ld	a4,24(s0)
    80002fe8:	00042423          	sw	zero,8(s0)
    80002fec:	e018                	sd	a4,0(s0)
    80002fee:	03379713          	slli	a4,a5,0x33
    80002ff2:	00075863          	bgez	a4,80003002 <__sflush_r+0x98>
    80002ff6:	57fd                	li	a5,-1
    80002ff8:	00f51463          	bne	a0,a5,80003000 <__sflush_r+0x96>
    80002ffc:	409c                	lw	a5,0(s1)
    80002ffe:	e391                	bnez	a5,80003002 <__sflush_r+0x98>
    80003000:	ec48                	sd	a0,152(s0)
    80003002:	702c                	ld	a1,96(s0)
    80003004:	0124a023          	sw	s2,0(s1)
    80003008:	cd8d                	beqz	a1,80003042 <__sflush_r+0xd8>
    8000300a:	07c40793          	addi	a5,s0,124
    8000300e:	00f58563          	beq	a1,a5,80003018 <__sflush_r+0xae>
    80003012:	8526                	mv	a0,s1
    80003014:	fecff0ef          	jal	80002800 <_free_r>
    80003018:	06043023          	sd	zero,96(s0)
    8000301c:	a01d                	j	80003042 <__sflush_r+0xd8>
    8000301e:	4601                	li	a2,0
    80003020:	4685                	li	a3,1
    80003022:	8526                	mv	a0,s1
    80003024:	9702                	jalr	a4
    80003026:	57fd                	li	a5,-1
    80003028:	862a                	mv	a2,a0
    8000302a:	f6f51fe3          	bne	a0,a5,80002fa8 <__sflush_r+0x3e>
    8000302e:	409c                	lw	a5,0(s1)
    80003030:	dfa5                	beqz	a5,80002fa8 <__sflush_r+0x3e>
    80003032:	4775                	li	a4,29
    80003034:	00e78563          	beq	a5,a4,8000303e <__sflush_r+0xd4>
    80003038:	4759                	li	a4,22
    8000303a:	04e79663          	bne	a5,a4,80003086 <__sflush_r+0x11c>
    8000303e:	0124a023          	sw	s2,0(s1)
    80003042:	4501                	li	a0,0
    80003044:	a881                	j	80003094 <__sflush_r+0x12a>
    80003046:	0407e793          	ori	a5,a5,64
    8000304a:	0107979b          	slliw	a5,a5,0x10
    8000304e:	4107d79b          	sraiw	a5,a5,0x10
    80003052:	a835                	j	8000308e <__sflush_r+0x124>
    80003054:	0185b983          	ld	s3,24(a1)
    80003058:	fe0985e3          	beqz	s3,80003042 <__sflush_r+0xd8>
    8000305c:	0005b903          	ld	s2,0(a1)
    80003060:	8b8d                	andi	a5,a5,3
    80003062:	0135b023          	sd	s3,0(a1)
    80003066:	4139093b          	subw	s2,s2,s3
    8000306a:	4701                	li	a4,0
    8000306c:	e391                	bnez	a5,80003070 <__sflush_r+0x106>
    8000306e:	5198                	lw	a4,32(a1)
    80003070:	c458                	sw	a4,12(s0)
    80003072:	fd2058e3          	blez	s2,80003042 <__sflush_r+0xd8>
    80003076:	643c                	ld	a5,72(s0)
    80003078:	7c0c                	ld	a1,56(s0)
    8000307a:	86ca                	mv	a3,s2
    8000307c:	864e                	mv	a2,s3
    8000307e:	8526                	mv	a0,s1
    80003080:	9782                	jalr	a5
    80003082:	02a04063          	bgtz	a0,800030a2 <__sflush_r+0x138>
    80003086:	01041783          	lh	a5,16(s0)
    8000308a:	0407e793          	ori	a5,a5,64
    8000308e:	00f41823          	sh	a5,16(s0)
    80003092:	557d                	li	a0,-1
    80003094:	70a2                	ld	ra,40(sp)
    80003096:	7402                	ld	s0,32(sp)
    80003098:	64e2                	ld	s1,24(sp)
    8000309a:	6942                	ld	s2,16(sp)
    8000309c:	69a2                	ld	s3,8(sp)
    8000309e:	6145                	addi	sp,sp,48
    800030a0:	8082                	ret
    800030a2:	99aa                	add	s3,s3,a0
    800030a4:	40a9093b          	subw	s2,s2,a0
    800030a8:	b7e9                	j	80003072 <__sflush_r+0x108>

00000000800030aa <_fflush_r>:
    800030aa:	6d9c                	ld	a5,24(a1)
    800030ac:	cb8d                	beqz	a5,800030de <_fflush_r+0x34>
    800030ae:	1101                	addi	sp,sp,-32
    800030b0:	e822                	sd	s0,16(sp)
    800030b2:	ec06                	sd	ra,24(sp)
    800030b4:	842a                	mv	s0,a0
    800030b6:	c519                	beqz	a0,800030c4 <_fflush_r+0x1a>
    800030b8:	613c                	ld	a5,64(a0)
    800030ba:	e789                	bnez	a5,800030c4 <_fflush_r+0x1a>
    800030bc:	e42e                	sd	a1,8(sp)
    800030be:	b76ff0ef          	jal	80002434 <__sinit>
    800030c2:	65a2                	ld	a1,8(sp)
    800030c4:	01059783          	lh	a5,16(a1)
    800030c8:	c791                	beqz	a5,800030d4 <_fflush_r+0x2a>
    800030ca:	8522                	mv	a0,s0
    800030cc:	6442                	ld	s0,16(sp)
    800030ce:	60e2                	ld	ra,24(sp)
    800030d0:	6105                	addi	sp,sp,32
    800030d2:	bd61                	j	80002f6a <__sflush_r>
    800030d4:	60e2                	ld	ra,24(sp)
    800030d6:	6442                	ld	s0,16(sp)
    800030d8:	4501                	li	a0,0
    800030da:	6105                	addi	sp,sp,32
    800030dc:	8082                	ret
    800030de:	4501                	li	a0,0
    800030e0:	8082                	ret

00000000800030e2 <fflush>:
    800030e2:	85aa                	mv	a1,a0
    800030e4:	ed19                	bnez	a0,80003102 <fflush+0x20>
    800030e6:	00003617          	auipc	a2,0x3
    800030ea:	64a60613          	addi	a2,a2,1610 # 80006730 <__sglue>
    800030ee:	00000597          	auipc	a1,0x0
    800030f2:	fbc58593          	addi	a1,a1,-68 # 800030aa <_fflush_r>
    800030f6:	00003517          	auipc	a0,0x3
    800030fa:	65250513          	addi	a0,a0,1618 # 80006748 <_impure_data>
    800030fe:	bc0ff06f          	j	800024be <_fwalk_sglue>
    80003102:	00003517          	auipc	a0,0x3
    80003106:	6d653503          	ld	a0,1750(a0) # 800067d8 <_impure_ptr>
    8000310a:	b745                	j	800030aa <_fflush_r>

000000008000310c <__sfvwrite_r>:
    8000310c:	6a1c                	ld	a5,16(a2)
    8000310e:	e399                	bnez	a5,80003114 <__sfvwrite_r+0x8>
    80003110:	4501                	li	a0,0
    80003112:	8082                	ret
    80003114:	0105d783          	lhu	a5,16(a1)
    80003118:	7159                	addi	sp,sp,-112
    8000311a:	f0a2                	sd	s0,96(sp)
    8000311c:	e8ca                	sd	s2,80(sp)
    8000311e:	e0d2                	sd	s4,64(sp)
    80003120:	f486                	sd	ra,104(sp)
    80003122:	eca6                	sd	s1,88(sp)
    80003124:	e4ce                	sd	s3,72(sp)
    80003126:	fc56                	sd	s5,56(sp)
    80003128:	f85a                	sd	s6,48(sp)
    8000312a:	f45e                	sd	s7,40(sp)
    8000312c:	f062                	sd	s8,32(sp)
    8000312e:	ec66                	sd	s9,24(sp)
    80003130:	e86a                	sd	s10,16(sp)
    80003132:	e46e                	sd	s11,8(sp)
    80003134:	8ba1                	andi	a5,a5,8
    80003136:	892a                	mv	s2,a0
    80003138:	842e                	mv	s0,a1
    8000313a:	8a32                	mv	s4,a2
    8000313c:	cfc1                	beqz	a5,800031d4 <__sfvwrite_r+0xc8>
    8000313e:	6d9c                	ld	a5,24(a1)
    80003140:	cbd1                	beqz	a5,800031d4 <__sfvwrite_r+0xc8>
    80003142:	01041783          	lh	a5,16(s0)
    80003146:	000a3983          	ld	s3,0(s4)
    8000314a:	0027f713          	andi	a4,a5,2
    8000314e:	e765                	bnez	a4,80003236 <__sfvwrite_r+0x12a>
    80003150:	8b85                	andi	a5,a5,1
    80003152:	4a81                	li	s5,0
    80003154:	16078063          	beqz	a5,800032b4 <__sfvwrite_r+0x1a8>
    80003158:	4501                	li	a0,0
    8000315a:	4b81                	li	s7,0
    8000315c:	4b01                	li	s6,0
    8000315e:	240b0063          	beqz	s6,8000339e <__sfvwrite_r+0x292>
    80003162:	e919                	bnez	a0,80003178 <__sfvwrite_r+0x6c>
    80003164:	865a                	mv	a2,s6
    80003166:	45a9                	li	a1,10
    80003168:	855e                	mv	a0,s7
    8000316a:	3f0000ef          	jal	8000355a <memchr>
    8000316e:	22050f63          	beqz	a0,800033ac <__sfvwrite_r+0x2a0>
    80003172:	0505                	addi	a0,a0,1
    80003174:	41750abb          	subw	s5,a0,s7
    80003178:	8c56                	mv	s8,s5
    8000317a:	015b7363          	bgeu	s6,s5,80003180 <__sfvwrite_r+0x74>
    8000317e:	8c5a                	mv	s8,s6
    80003180:	6008                	ld	a0,0(s0)
    80003182:	6c1c                	ld	a5,24(s0)
    80003184:	4444                	lw	s1,12(s0)
    80003186:	5014                	lw	a3,32(s0)
    80003188:	22a7f563          	bgeu	a5,a0,800033b2 <__sfvwrite_r+0x2a6>
    8000318c:	9cb5                	addw	s1,s1,a3
    8000318e:	2384d263          	bge	s1,s8,800033b2 <__sfvwrite_r+0x2a6>
    80003192:	85de                	mv	a1,s7
    80003194:	8626                	mv	a2,s1
    80003196:	56e000ef          	jal	80003704 <memmove>
    8000319a:	601c                	ld	a5,0(s0)
    8000319c:	85a2                	mv	a1,s0
    8000319e:	854a                	mv	a0,s2
    800031a0:	97a6                	add	a5,a5,s1
    800031a2:	e01c                	sd	a5,0(s0)
    800031a4:	f07ff0ef          	jal	800030aa <_fflush_r>
    800031a8:	0e051f63          	bnez	a0,800032a6 <__sfvwrite_r+0x19a>
    800031ac:	409a8abb          	subw	s5,s5,s1
    800031b0:	4505                	li	a0,1
    800031b2:	000a9763          	bnez	s5,800031c0 <__sfvwrite_r+0xb4>
    800031b6:	85a2                	mv	a1,s0
    800031b8:	854a                	mv	a0,s2
    800031ba:	ef1ff0ef          	jal	800030aa <_fflush_r>
    800031be:	e565                	bnez	a0,800032a6 <__sfvwrite_r+0x19a>
    800031c0:	010a3783          	ld	a5,16(s4)
    800031c4:	9ba6                	add	s7,s7,s1
    800031c6:	409b0b33          	sub	s6,s6,s1
    800031ca:	8f85                	sub	a5,a5,s1
    800031cc:	00fa3823          	sd	a5,16(s4)
    800031d0:	f7d9                	bnez	a5,8000315e <__sfvwrite_r+0x52>
    800031d2:	a091                	j	80003216 <__sfvwrite_r+0x10a>
    800031d4:	85a2                	mv	a1,s0
    800031d6:	854a                	mv	a0,s2
    800031d8:	2b4000ef          	jal	8000348c <__swsetup_r>
    800031dc:	d13d                	beqz	a0,80003142 <__sfvwrite_r+0x36>
    800031de:	557d                	li	a0,-1
    800031e0:	a825                	j	80003218 <__sfvwrite_r+0x10c>
    800031e2:	0009ba83          	ld	s5,0(s3)
    800031e6:	0089b483          	ld	s1,8(s3)
    800031ea:	09c1                	addi	s3,s3,16
    800031ec:	643c                	ld	a5,72(s0)
    800031ee:	7c0c                	ld	a1,56(s0)
    800031f0:	d8ed                	beqz	s1,800031e2 <__sfvwrite_r+0xd6>
    800031f2:	86a6                	mv	a3,s1
    800031f4:	009b7363          	bgeu	s6,s1,800031fa <__sfvwrite_r+0xee>
    800031f8:	86da                	mv	a3,s6
    800031fa:	2681                	sext.w	a3,a3
    800031fc:	8656                	mv	a2,s5
    800031fe:	854a                	mv	a0,s2
    80003200:	9782                	jalr	a5
    80003202:	0aa05263          	blez	a0,800032a6 <__sfvwrite_r+0x19a>
    80003206:	010a3783          	ld	a5,16(s4)
    8000320a:	9aaa                	add	s5,s5,a0
    8000320c:	8c89                	sub	s1,s1,a0
    8000320e:	8f89                	sub	a5,a5,a0
    80003210:	00fa3823          	sd	a5,16(s4)
    80003214:	ffe1                	bnez	a5,800031ec <__sfvwrite_r+0xe0>
    80003216:	4501                	li	a0,0
    80003218:	70a6                	ld	ra,104(sp)
    8000321a:	7406                	ld	s0,96(sp)
    8000321c:	64e6                	ld	s1,88(sp)
    8000321e:	6946                	ld	s2,80(sp)
    80003220:	69a6                	ld	s3,72(sp)
    80003222:	6a06                	ld	s4,64(sp)
    80003224:	7ae2                	ld	s5,56(sp)
    80003226:	7b42                	ld	s6,48(sp)
    80003228:	7ba2                	ld	s7,40(sp)
    8000322a:	7c02                	ld	s8,32(sp)
    8000322c:	6ce2                	ld	s9,24(sp)
    8000322e:	6d42                	ld	s10,16(sp)
    80003230:	6da2                	ld	s11,8(sp)
    80003232:	6165                	addi	sp,sp,112
    80003234:	8082                	ret
    80003236:	80000b37          	lui	s6,0x80000
    8000323a:	4a81                	li	s5,0
    8000323c:	4481                	li	s1,0
    8000323e:	c00b4b13          	xori	s6,s6,-1024
    80003242:	b76d                	j	800031ec <__sfvwrite_r+0xe0>
    80003244:	0009ba83          	ld	s5,0(s3)
    80003248:	0089bc83          	ld	s9,8(s3)
    8000324c:	09c1                	addi	s3,s3,16
    8000324e:	4444                	lw	s1,12(s0)
    80003250:	01041783          	lh	a5,16(s0)
    80003254:	6008                	ld	a0,0(s0)
    80003256:	8d26                	mv	s10,s1
    80003258:	fe0c86e3          	beqz	s9,80003244 <__sfvwrite_r+0x138>
    8000325c:	2007f713          	andi	a4,a5,512
    80003260:	c37d                	beqz	a4,80003346 <__sfvwrite_r+0x23a>
    80003262:	089ce763          	bltu	s9,s1,800032f0 <__sfvwrite_r+0x1e4>
    80003266:	4807f713          	andi	a4,a5,1152
    8000326a:	c359                	beqz	a4,800032f0 <__sfvwrite_r+0x1e4>
    8000326c:	5004                	lw	s1,32(s0)
    8000326e:	6c0c                	ld	a1,24(s0)
    80003270:	029b84bb          	mulw	s1,s7,s1
    80003274:	8d0d                	sub	a0,a0,a1
    80003276:	00050d9b          	sext.w	s11,a0
    8000327a:	001d8713          	addi	a4,s11,1
    8000327e:	9766                	add	a4,a4,s9
    80003280:	0384c4bb          	divw	s1,s1,s8
    80003284:	00e4f563          	bgeu	s1,a4,8000328e <__sfvwrite_r+0x182>
    80003288:	2505                	addiw	a0,a0,1
    8000328a:	019504bb          	addw	s1,a0,s9
    8000328e:	4007f793          	andi	a5,a5,1024
    80003292:	cbc9                	beqz	a5,80003324 <__sfvwrite_r+0x218>
    80003294:	85a6                	mv	a1,s1
    80003296:	854a                	mv	a0,s2
    80003298:	eb1fe0ef          	jal	80002148 <_malloc_r>
    8000329c:	8d2a                	mv	s10,a0
    8000329e:	e11d                	bnez	a0,800032c4 <__sfvwrite_r+0x1b8>
    800032a0:	47b1                	li	a5,12
    800032a2:	00f92023          	sw	a5,0(s2)
    800032a6:	01045783          	lhu	a5,16(s0)
    800032aa:	0407e793          	ori	a5,a5,64
    800032ae:	00f41823          	sh	a5,16(s0)
    800032b2:	b735                	j	800031de <__sfvwrite_r+0xd2>
    800032b4:	80000b37          	lui	s6,0x80000
    800032b8:	4c81                	li	s9,0
    800032ba:	fffb4b13          	not	s6,s6
    800032be:	4b8d                	li	s7,3
    800032c0:	4c09                	li	s8,2
    800032c2:	b771                	j	8000324e <__sfvwrite_r+0x142>
    800032c4:	6c0c                	ld	a1,24(s0)
    800032c6:	866e                	mv	a2,s11
    800032c8:	462000ef          	jal	8000372a <memcpy>
    800032cc:	01045783          	lhu	a5,16(s0)
    800032d0:	b7f7f793          	andi	a5,a5,-1153
    800032d4:	0807e793          	ori	a5,a5,128
    800032d8:	00f41823          	sh	a5,16(s0)
    800032dc:	01a43c23          	sd	s10,24(s0)
    800032e0:	d004                	sw	s1,32(s0)
    800032e2:	9d6e                	add	s10,s10,s11
    800032e4:	41b484bb          	subw	s1,s1,s11
    800032e8:	01a43023          	sd	s10,0(s0)
    800032ec:	c444                	sw	s1,12(s0)
    800032ee:	8d66                	mv	s10,s9
    800032f0:	84e6                	mv	s1,s9
    800032f2:	01acf363          	bgeu	s9,s10,800032f8 <__sfvwrite_r+0x1ec>
    800032f6:	8d66                	mv	s10,s9
    800032f8:	6008                	ld	a0,0(s0)
    800032fa:	866a                	mv	a2,s10
    800032fc:	85d6                	mv	a1,s5
    800032fe:	406000ef          	jal	80003704 <memmove>
    80003302:	445c                	lw	a5,12(s0)
    80003304:	41a787bb          	subw	a5,a5,s10
    80003308:	c45c                	sw	a5,12(s0)
    8000330a:	601c                	ld	a5,0(s0)
    8000330c:	97ea                	add	a5,a5,s10
    8000330e:	e01c                	sd	a5,0(s0)
    80003310:	010a3783          	ld	a5,16(s4)
    80003314:	9aa6                	add	s5,s5,s1
    80003316:	409c8cb3          	sub	s9,s9,s1
    8000331a:	8f85                	sub	a5,a5,s1
    8000331c:	00fa3823          	sd	a5,16(s4)
    80003320:	f79d                	bnez	a5,8000324e <__sfvwrite_r+0x142>
    80003322:	bdd5                	j	80003216 <__sfvwrite_r+0x10a>
    80003324:	8626                	mv	a2,s1
    80003326:	854a                	mv	a0,s2
    80003328:	418000ef          	jal	80003740 <_realloc_r>
    8000332c:	8d2a                	mv	s10,a0
    8000332e:	f55d                	bnez	a0,800032dc <__sfvwrite_r+0x1d0>
    80003330:	6c0c                	ld	a1,24(s0)
    80003332:	854a                	mv	a0,s2
    80003334:	cccff0ef          	jal	80002800 <_free_r>
    80003338:	01045783          	lhu	a5,16(s0)
    8000333c:	f7f7f793          	andi	a5,a5,-129
    80003340:	00f41823          	sh	a5,16(s0)
    80003344:	bfb1                	j	800032a0 <__sfvwrite_r+0x194>
    80003346:	6c1c                	ld	a5,24(s0)
    80003348:	00a7e563          	bltu	a5,a0,80003352 <__sfvwrite_r+0x246>
    8000334c:	5014                	lw	a3,32(s0)
    8000334e:	02dcf763          	bgeu	s9,a3,8000337c <__sfvwrite_r+0x270>
    80003352:	009cf363          	bgeu	s9,s1,80003358 <__sfvwrite_r+0x24c>
    80003356:	84e6                	mv	s1,s9
    80003358:	8626                	mv	a2,s1
    8000335a:	85d6                	mv	a1,s5
    8000335c:	3a8000ef          	jal	80003704 <memmove>
    80003360:	445c                	lw	a5,12(s0)
    80003362:	4097873b          	subw	a4,a5,s1
    80003366:	601c                	ld	a5,0(s0)
    80003368:	c458                	sw	a4,12(s0)
    8000336a:	97a6                	add	a5,a5,s1
    8000336c:	e01c                	sd	a5,0(s0)
    8000336e:	f34d                	bnez	a4,80003310 <__sfvwrite_r+0x204>
    80003370:	85a2                	mv	a1,s0
    80003372:	854a                	mv	a0,s2
    80003374:	d37ff0ef          	jal	800030aa <_fflush_r>
    80003378:	dd41                	beqz	a0,80003310 <__sfvwrite_r+0x204>
    8000337a:	b735                	j	800032a6 <__sfvwrite_r+0x19a>
    8000337c:	87e6                	mv	a5,s9
    8000337e:	019b7363          	bgeu	s6,s9,80003384 <__sfvwrite_r+0x278>
    80003382:	87da                	mv	a5,s6
    80003384:	02d7c7bb          	divw	a5,a5,a3
    80003388:	6438                	ld	a4,72(s0)
    8000338a:	7c0c                	ld	a1,56(s0)
    8000338c:	8656                	mv	a2,s5
    8000338e:	854a                	mv	a0,s2
    80003390:	02d786bb          	mulw	a3,a5,a3
    80003394:	9702                	jalr	a4
    80003396:	84aa                	mv	s1,a0
    80003398:	f6a04ce3          	bgtz	a0,80003310 <__sfvwrite_r+0x204>
    8000339c:	b729                	j	800032a6 <__sfvwrite_r+0x19a>
    8000339e:	0009bb83          	ld	s7,0(s3)
    800033a2:	0089bb03          	ld	s6,8(s3)
    800033a6:	4501                	li	a0,0
    800033a8:	09c1                	addi	s3,s3,16
    800033aa:	bb55                	j	8000315e <__sfvwrite_r+0x52>
    800033ac:	001b0a9b          	addiw	s5,s6,1 # ffffffff80000001 <__heap_end+0xfffffffefffd9001>
    800033b0:	b3e1                	j	80003178 <__sfvwrite_r+0x6c>
    800033b2:	00dc4b63          	blt	s8,a3,800033c8 <__sfvwrite_r+0x2bc>
    800033b6:	643c                	ld	a5,72(s0)
    800033b8:	7c0c                	ld	a1,56(s0)
    800033ba:	865e                	mv	a2,s7
    800033bc:	854a                	mv	a0,s2
    800033be:	9782                	jalr	a5
    800033c0:	84aa                	mv	s1,a0
    800033c2:	dea045e3          	bgtz	a0,800031ac <__sfvwrite_r+0xa0>
    800033c6:	b5c5                	j	800032a6 <__sfvwrite_r+0x19a>
    800033c8:	8662                	mv	a2,s8
    800033ca:	85de                	mv	a1,s7
    800033cc:	338000ef          	jal	80003704 <memmove>
    800033d0:	445c                	lw	a5,12(s0)
    800033d2:	84e2                	mv	s1,s8
    800033d4:	418787bb          	subw	a5,a5,s8
    800033d8:	c45c                	sw	a5,12(s0)
    800033da:	601c                	ld	a5,0(s0)
    800033dc:	97e2                	add	a5,a5,s8
    800033de:	e01c                	sd	a5,0(s0)
    800033e0:	b3f1                	j	800031ac <__sfvwrite_r+0xa0>

00000000800033e2 <__swbuf_r>:
    800033e2:	7179                	addi	sp,sp,-48
    800033e4:	f022                	sd	s0,32(sp)
    800033e6:	ec26                	sd	s1,24(sp)
    800033e8:	e84a                	sd	s2,16(sp)
    800033ea:	f406                	sd	ra,40(sp)
    800033ec:	e44e                	sd	s3,8(sp)
    800033ee:	892a                	mv	s2,a0
    800033f0:	84ae                	mv	s1,a1
    800033f2:	8432                	mv	s0,a2
    800033f4:	c509                	beqz	a0,800033fe <__swbuf_r+0x1c>
    800033f6:	613c                	ld	a5,64(a0)
    800033f8:	e399                	bnez	a5,800033fe <__swbuf_r+0x1c>
    800033fa:	83aff0ef          	jal	80002434 <__sinit>
    800033fe:	541c                	lw	a5,40(s0)
    80003400:	c45c                	sw	a5,12(s0)
    80003402:	01045783          	lhu	a5,16(s0)
    80003406:	8ba1                	andi	a5,a5,8
    80003408:	c399                	beqz	a5,8000340e <__swbuf_r+0x2c>
    8000340a:	6c1c                	ld	a5,24(s0)
    8000340c:	ef99                	bnez	a5,8000342a <__swbuf_r+0x48>
    8000340e:	85a2                	mv	a1,s0
    80003410:	854a                	mv	a0,s2
    80003412:	07a000ef          	jal	8000348c <__swsetup_r>
    80003416:	c911                	beqz	a0,8000342a <__swbuf_r+0x48>
    80003418:	54fd                	li	s1,-1
    8000341a:	70a2                	ld	ra,40(sp)
    8000341c:	7402                	ld	s0,32(sp)
    8000341e:	6942                	ld	s2,16(sp)
    80003420:	69a2                	ld	s3,8(sp)
    80003422:	8526                	mv	a0,s1
    80003424:	64e2                	ld	s1,24(sp)
    80003426:	6145                	addi	sp,sp,48
    80003428:	8082                	ret
    8000342a:	601c                	ld	a5,0(s0)
    8000342c:	6c18                	ld	a4,24(s0)
    8000342e:	0ff4f993          	zext.b	s3,s1
    80003432:	84ce                	mv	s1,s3
    80003434:	40e7853b          	subw	a0,a5,a4
    80003438:	501c                	lw	a5,32(s0)
    8000343a:	00f54763          	blt	a0,a5,80003448 <__swbuf_r+0x66>
    8000343e:	85a2                	mv	a1,s0
    80003440:	854a                	mv	a0,s2
    80003442:	c69ff0ef          	jal	800030aa <_fflush_r>
    80003446:	f969                	bnez	a0,80003418 <__swbuf_r+0x36>
    80003448:	445c                	lw	a5,12(s0)
    8000344a:	37fd                	addiw	a5,a5,-1
    8000344c:	c45c                	sw	a5,12(s0)
    8000344e:	601c                	ld	a5,0(s0)
    80003450:	00178713          	addi	a4,a5,1
    80003454:	e018                	sd	a4,0(s0)
    80003456:	01378023          	sb	s3,0(a5)
    8000345a:	5018                	lw	a4,32(s0)
    8000345c:	0015079b          	addiw	a5,a0,1
    80003460:	00f70963          	beq	a4,a5,80003472 <__swbuf_r+0x90>
    80003464:	01045783          	lhu	a5,16(s0)
    80003468:	8b85                	andi	a5,a5,1
    8000346a:	dbc5                	beqz	a5,8000341a <__swbuf_r+0x38>
    8000346c:	47a9                	li	a5,10
    8000346e:	faf496e3          	bne	s1,a5,8000341a <__swbuf_r+0x38>
    80003472:	85a2                	mv	a1,s0
    80003474:	854a                	mv	a0,s2
    80003476:	c35ff0ef          	jal	800030aa <_fflush_r>
    8000347a:	d145                	beqz	a0,8000341a <__swbuf_r+0x38>
    8000347c:	bf71                	j	80003418 <__swbuf_r+0x36>

000000008000347e <__swbuf>:
    8000347e:	862e                	mv	a2,a1
    80003480:	85aa                	mv	a1,a0
    80003482:	00003517          	auipc	a0,0x3
    80003486:	35653503          	ld	a0,854(a0) # 800067d8 <_impure_ptr>
    8000348a:	bfa1                	j	800033e2 <__swbuf_r>

000000008000348c <__swsetup_r>:
    8000348c:	1101                	addi	sp,sp,-32
    8000348e:	e822                	sd	s0,16(sp)
    80003490:	e426                	sd	s1,8(sp)
    80003492:	ec06                	sd	ra,24(sp)
    80003494:	84aa                	mv	s1,a0
    80003496:	00003517          	auipc	a0,0x3
    8000349a:	34253503          	ld	a0,834(a0) # 800067d8 <_impure_ptr>
    8000349e:	842e                	mv	s0,a1
    800034a0:	c509                	beqz	a0,800034aa <__swsetup_r+0x1e>
    800034a2:	613c                	ld	a5,64(a0)
    800034a4:	e399                	bnez	a5,800034aa <__swsetup_r+0x1e>
    800034a6:	f8ffe0ef          	jal	80002434 <__sinit>
    800034aa:	01041783          	lh	a5,16(s0)
    800034ae:	0087f713          	andi	a4,a5,8
    800034b2:	eb29                	bnez	a4,80003504 <__swsetup_r+0x78>
    800034b4:	0107f713          	andi	a4,a5,16
    800034b8:	eb09                	bnez	a4,800034ca <__swsetup_r+0x3e>
    800034ba:	4725                	li	a4,9
    800034bc:	c098                	sw	a4,0(s1)
    800034be:	0407e793          	ori	a5,a5,64
    800034c2:	00f41823          	sh	a5,16(s0)
    800034c6:	557d                	li	a0,-1
    800034c8:	a8ad                	j	80003542 <__swsetup_r+0xb6>
    800034ca:	8b91                	andi	a5,a5,4
    800034cc:	c795                	beqz	a5,800034f8 <__swsetup_r+0x6c>
    800034ce:	702c                	ld	a1,96(s0)
    800034d0:	c991                	beqz	a1,800034e4 <__swsetup_r+0x58>
    800034d2:	07c40793          	addi	a5,s0,124
    800034d6:	00f58563          	beq	a1,a5,800034e0 <__swsetup_r+0x54>
    800034da:	8526                	mv	a0,s1
    800034dc:	b24ff0ef          	jal	80002800 <_free_r>
    800034e0:	06043023          	sd	zero,96(s0)
    800034e4:	01045783          	lhu	a5,16(s0)
    800034e8:	00042423          	sw	zero,8(s0)
    800034ec:	fdb7f793          	andi	a5,a5,-37
    800034f0:	00f41823          	sh	a5,16(s0)
    800034f4:	6c1c                	ld	a5,24(s0)
    800034f6:	e01c                	sd	a5,0(s0)
    800034f8:	01045783          	lhu	a5,16(s0)
    800034fc:	0087e793          	ori	a5,a5,8
    80003500:	00f41823          	sh	a5,16(s0)
    80003504:	6c1c                	ld	a5,24(s0)
    80003506:	ef89                	bnez	a5,80003520 <__swsetup_r+0x94>
    80003508:	01045783          	lhu	a5,16(s0)
    8000350c:	20000713          	li	a4,512
    80003510:	2807f793          	andi	a5,a5,640
    80003514:	00e78663          	beq	a5,a4,80003520 <__swsetup_r+0x94>
    80003518:	85a2                	mv	a1,s0
    8000351a:	8526                	mv	a0,s1
    8000351c:	300000ef          	jal	8000381c <__smakebuf_r>
    80003520:	01041783          	lh	a5,16(s0)
    80003524:	0017f713          	andi	a4,a5,1
    80003528:	c315                	beqz	a4,8000354c <__swsetup_r+0xc0>
    8000352a:	5018                	lw	a4,32(s0)
    8000352c:	00042623          	sw	zero,12(s0)
    80003530:	40e0073b          	negw	a4,a4
    80003534:	d418                	sw	a4,40(s0)
    80003536:	6c18                	ld	a4,24(s0)
    80003538:	4501                	li	a0,0
    8000353a:	e701                	bnez	a4,80003542 <__swsetup_r+0xb6>
    8000353c:	0807f713          	andi	a4,a5,128
    80003540:	ff3d                	bnez	a4,800034be <__swsetup_r+0x32>
    80003542:	60e2                	ld	ra,24(sp)
    80003544:	6442                	ld	s0,16(sp)
    80003546:	64a2                	ld	s1,8(sp)
    80003548:	6105                	addi	sp,sp,32
    8000354a:	8082                	ret
    8000354c:	0027f713          	andi	a4,a5,2
    80003550:	4681                	li	a3,0
    80003552:	e311                	bnez	a4,80003556 <__swsetup_r+0xca>
    80003554:	5014                	lw	a3,32(s0)
    80003556:	c454                	sw	a3,12(s0)
    80003558:	bff9                	j	80003536 <__swsetup_r+0xaa>

000000008000355a <memchr>:
    8000355a:	0ff5f593          	zext.b	a1,a1
    8000355e:	962a                	add	a2,a2,a0
    80003560:	00c51463          	bne	a0,a2,80003568 <memchr+0xe>
    80003564:	4501                	li	a0,0
    80003566:	8082                	ret
    80003568:	00054783          	lbu	a5,0(a0)
    8000356c:	feb78de3          	beq	a5,a1,80003566 <memchr+0xc>
    80003570:	0505                	addi	a0,a0,1
    80003572:	b7fd                	j	80003560 <memchr+0x6>

0000000080003574 <_init_signal_r>:
    80003574:	793c                	ld	a5,112(a0)
    80003576:	eb95                	bnez	a5,800035aa <_init_signal_r+0x36>
    80003578:	1141                	addi	sp,sp,-16
    8000357a:	10000593          	li	a1,256
    8000357e:	e022                	sd	s0,0(sp)
    80003580:	e406                	sd	ra,8(sp)
    80003582:	842a                	mv	s0,a0
    80003584:	bc5fe0ef          	jal	80002148 <_malloc_r>
    80003588:	87aa                	mv	a5,a0
    8000358a:	f828                	sd	a0,112(s0)
    8000358c:	557d                	li	a0,-1
    8000358e:	cb91                	beqz	a5,800035a2 <_init_signal_r+0x2e>
    80003590:	853e                	mv	a0,a5
    80003592:	10078793          	addi	a5,a5,256
    80003596:	00053023          	sd	zero,0(a0)
    8000359a:	0521                	addi	a0,a0,8
    8000359c:	fef51de3          	bne	a0,a5,80003596 <_init_signal_r+0x22>
    800035a0:	4501                	li	a0,0
    800035a2:	60a2                	ld	ra,8(sp)
    800035a4:	6402                	ld	s0,0(sp)
    800035a6:	0141                	addi	sp,sp,16
    800035a8:	8082                	ret
    800035aa:	4501                	li	a0,0
    800035ac:	8082                	ret

00000000800035ae <_signal_r>:
    800035ae:	1101                	addi	sp,sp,-32
    800035b0:	e426                	sd	s1,8(sp)
    800035b2:	ec06                	sd	ra,24(sp)
    800035b4:	e822                	sd	s0,16(sp)
    800035b6:	e04a                	sd	s2,0(sp)
    800035b8:	47fd                	li	a5,31
    800035ba:	84aa                	mv	s1,a0
    800035bc:	00b7f663          	bgeu	a5,a1,800035c8 <_signal_r+0x1a>
    800035c0:	47d9                	li	a5,22
    800035c2:	c11c                	sw	a5,0(a0)
    800035c4:	557d                	li	a0,-1
    800035c6:	a819                	j	800035dc <_signal_r+0x2e>
    800035c8:	793c                	ld	a5,112(a0)
    800035ca:	842e                	mv	s0,a1
    800035cc:	8932                	mv	s2,a2
    800035ce:	cf89                	beqz	a5,800035e8 <_signal_r+0x3a>
    800035d0:	78bc                	ld	a5,112(s1)
    800035d2:	040e                	slli	s0,s0,0x3
    800035d4:	97a2                	add	a5,a5,s0
    800035d6:	6388                	ld	a0,0(a5)
    800035d8:	0127b023          	sd	s2,0(a5)
    800035dc:	60e2                	ld	ra,24(sp)
    800035de:	6442                	ld	s0,16(sp)
    800035e0:	64a2                	ld	s1,8(sp)
    800035e2:	6902                	ld	s2,0(sp)
    800035e4:	6105                	addi	sp,sp,32
    800035e6:	8082                	ret
    800035e8:	f8dff0ef          	jal	80003574 <_init_signal_r>
    800035ec:	d175                	beqz	a0,800035d0 <_signal_r+0x22>
    800035ee:	bfd9                	j	800035c4 <_signal_r+0x16>

00000000800035f0 <_raise_r>:
    800035f0:	1101                	addi	sp,sp,-32
    800035f2:	e822                	sd	s0,16(sp)
    800035f4:	ec06                	sd	ra,24(sp)
    800035f6:	47fd                	li	a5,31
    800035f8:	842a                	mv	s0,a0
    800035fa:	00b7f963          	bgeu	a5,a1,8000360c <_raise_r+0x1c>
    800035fe:	47d9                	li	a5,22
    80003600:	c11c                	sw	a5,0(a0)
    80003602:	557d                	li	a0,-1
    80003604:	60e2                	ld	ra,24(sp)
    80003606:	6442                	ld	s0,16(sp)
    80003608:	6105                	addi	sp,sp,32
    8000360a:	8082                	ret
    8000360c:	793c                	ld	a5,112(a0)
    8000360e:	862e                	mv	a2,a1
    80003610:	c791                	beqz	a5,8000361c <_raise_r+0x2c>
    80003612:	00359713          	slli	a4,a1,0x3
    80003616:	97ba                	add	a5,a5,a4
    80003618:	6398                	ld	a4,0(a5)
    8000361a:	ef01                	bnez	a4,80003632 <_raise_r+0x42>
    8000361c:	8522                	mv	a0,s0
    8000361e:	e432                	sd	a2,8(sp)
    80003620:	0e2000ef          	jal	80003702 <_getpid_r>
    80003624:	85aa                	mv	a1,a0
    80003626:	8522                	mv	a0,s0
    80003628:	6442                	ld	s0,16(sp)
    8000362a:	6622                	ld	a2,8(sp)
    8000362c:	60e2                	ld	ra,24(sp)
    8000362e:	6105                	addi	sp,sp,32
    80003630:	a065                	j	800036d8 <_kill_r>
    80003632:	4685                	li	a3,1
    80003634:	00d70d63          	beq	a4,a3,8000364e <_raise_r+0x5e>
    80003638:	56fd                	li	a3,-1
    8000363a:	00d71663          	bne	a4,a3,80003646 <_raise_r+0x56>
    8000363e:	47d9                	li	a5,22
    80003640:	c11c                	sw	a5,0(a0)
    80003642:	4505                	li	a0,1
    80003644:	b7c1                	j	80003604 <_raise_r+0x14>
    80003646:	0007b023          	sd	zero,0(a5)
    8000364a:	852e                	mv	a0,a1
    8000364c:	9702                	jalr	a4
    8000364e:	4501                	li	a0,0
    80003650:	bf55                	j	80003604 <_raise_r+0x14>

0000000080003652 <__sigtramp_r>:
    80003652:	47fd                	li	a5,31
    80003654:	00b7f463          	bgeu	a5,a1,8000365c <__sigtramp_r+0xa>
    80003658:	557d                	li	a0,-1
    8000365a:	8082                	ret
    8000365c:	793c                	ld	a5,112(a0)
    8000365e:	1101                	addi	sp,sp,-32
    80003660:	e822                	sd	s0,16(sp)
    80003662:	e426                	sd	s1,8(sp)
    80003664:	ec06                	sd	ra,24(sp)
    80003666:	84aa                	mv	s1,a0
    80003668:	842e                	mv	s0,a1
    8000366a:	c795                	beqz	a5,80003696 <__sigtramp_r+0x44>
    8000366c:	78b8                	ld	a4,112(s1)
    8000366e:	00341793          	slli	a5,s0,0x3
    80003672:	4505                	li	a0,1
    80003674:	973e                	add	a4,a4,a5
    80003676:	631c                	ld	a5,0(a4)
    80003678:	c39d                	beqz	a5,8000369e <__sigtramp_r+0x4c>
    8000367a:	56fd                	li	a3,-1
    8000367c:	4509                	li	a0,2
    8000367e:	02d78063          	beq	a5,a3,8000369e <__sigtramp_r+0x4c>
    80003682:	4685                	li	a3,1
    80003684:	450d                	li	a0,3
    80003686:	00d78c63          	beq	a5,a3,8000369e <__sigtramp_r+0x4c>
    8000368a:	8522                	mv	a0,s0
    8000368c:	00073023          	sd	zero,0(a4)
    80003690:	9782                	jalr	a5
    80003692:	4501                	li	a0,0
    80003694:	a029                	j	8000369e <__sigtramp_r+0x4c>
    80003696:	edfff0ef          	jal	80003574 <_init_signal_r>
    8000369a:	d969                	beqz	a0,8000366c <__sigtramp_r+0x1a>
    8000369c:	557d                	li	a0,-1
    8000369e:	60e2                	ld	ra,24(sp)
    800036a0:	6442                	ld	s0,16(sp)
    800036a2:	64a2                	ld	s1,8(sp)
    800036a4:	6105                	addi	sp,sp,32
    800036a6:	8082                	ret

00000000800036a8 <raise>:
    800036a8:	85aa                	mv	a1,a0
    800036aa:	00003517          	auipc	a0,0x3
    800036ae:	12e53503          	ld	a0,302(a0) # 800067d8 <_impure_ptr>
    800036b2:	bf3d                	j	800035f0 <_raise_r>

00000000800036b4 <signal>:
    800036b4:	862e                	mv	a2,a1
    800036b6:	85aa                	mv	a1,a0
    800036b8:	00003517          	auipc	a0,0x3
    800036bc:	12053503          	ld	a0,288(a0) # 800067d8 <_impure_ptr>
    800036c0:	b5fd                	j	800035ae <_signal_r>

00000000800036c2 <_init_signal>:
    800036c2:	00003517          	auipc	a0,0x3
    800036c6:	11653503          	ld	a0,278(a0) # 800067d8 <_impure_ptr>
    800036ca:	b56d                	j	80003574 <_init_signal_r>

00000000800036cc <__sigtramp>:
    800036cc:	85aa                	mv	a1,a0
    800036ce:	00003517          	auipc	a0,0x3
    800036d2:	10a53503          	ld	a0,266(a0) # 800067d8 <_impure_ptr>
    800036d6:	bfb5                	j	80003652 <__sigtramp_r>

00000000800036d8 <_kill_r>:
    800036d8:	1141                	addi	sp,sp,-16
    800036da:	e022                	sd	s0,0(sp)
    800036dc:	842a                	mv	s0,a0
    800036de:	852e                	mv	a0,a1
    800036e0:	85b2                	mv	a1,a2
    800036e2:	8601a023          	sw	zero,-1952(gp) # 80006838 <errno>
    800036e6:	e406                	sd	ra,8(sp)
    800036e8:	292000ef          	jal	8000397a <_kill>
    800036ec:	57fd                	li	a5,-1
    800036ee:	00f51663          	bne	a0,a5,800036fa <_kill_r+0x22>
    800036f2:	8601a783          	lw	a5,-1952(gp) # 80006838 <errno>
    800036f6:	c391                	beqz	a5,800036fa <_kill_r+0x22>
    800036f8:	c01c                	sw	a5,0(s0)
    800036fa:	60a2                	ld	ra,8(sp)
    800036fc:	6402                	ld	s0,0(sp)
    800036fe:	0141                	addi	sp,sp,16
    80003700:	8082                	ret

0000000080003702 <_getpid_r>:
    80003702:	a4b5                	j	8000396e <_getpid>

0000000080003704 <memmove>:
    80003704:	c215                	beqz	a2,80003728 <memmove+0x24>
    80003706:	832a                	mv	t1,a0
    80003708:	4685                	li	a3,1
    8000370a:	00b56763          	bltu	a0,a1,80003718 <memmove+0x14>
    8000370e:	56fd                	li	a3,-1
    80003710:	fff60713          	addi	a4,a2,-1
    80003714:	933a                	add	t1,t1,a4
    80003716:	95ba                	add	a1,a1,a4
    80003718:	00058383          	lb	t2,0(a1)
    8000371c:	00730023          	sb	t2,0(t1)
    80003720:	167d                	addi	a2,a2,-1
    80003722:	9336                	add	t1,t1,a3
    80003724:	95b6                	add	a1,a1,a3
    80003726:	fa6d                	bnez	a2,80003718 <memmove+0x14>
    80003728:	8082                	ret

000000008000372a <memcpy>:
    8000372a:	832a                	mv	t1,a0
    8000372c:	ca09                	beqz	a2,8000373e <memcpy+0x14>
    8000372e:	00058383          	lb	t2,0(a1)
    80003732:	00730023          	sb	t2,0(t1)
    80003736:	167d                	addi	a2,a2,-1
    80003738:	0305                	addi	t1,t1,1
    8000373a:	0585                	addi	a1,a1,1
    8000373c:	fa6d                	bnez	a2,8000372e <memcpy+0x4>
    8000373e:	8082                	ret

0000000080003740 <_realloc_r>:
    80003740:	7179                	addi	sp,sp,-48
    80003742:	f022                	sd	s0,32(sp)
    80003744:	f406                	sd	ra,40(sp)
    80003746:	ec26                	sd	s1,24(sp)
    80003748:	e84a                	sd	s2,16(sp)
    8000374a:	e44e                	sd	s3,8(sp)
    8000374c:	e052                	sd	s4,0(sp)
    8000374e:	8432                	mv	s0,a2
    80003750:	e999                	bnez	a1,80003766 <_realloc_r+0x26>
    80003752:	7402                	ld	s0,32(sp)
    80003754:	70a2                	ld	ra,40(sp)
    80003756:	64e2                	ld	s1,24(sp)
    80003758:	6942                	ld	s2,16(sp)
    8000375a:	69a2                	ld	s3,8(sp)
    8000375c:	6a02                	ld	s4,0(sp)
    8000375e:	85b2                	mv	a1,a2
    80003760:	6145                	addi	sp,sp,48
    80003762:	9e7fe06f          	j	80002148 <_malloc_r>
    80003766:	ee09                	bnez	a2,80003780 <_realloc_r+0x40>
    80003768:	898ff0ef          	jal	80002800 <_free_r>
    8000376c:	4481                	li	s1,0
    8000376e:	70a2                	ld	ra,40(sp)
    80003770:	7402                	ld	s0,32(sp)
    80003772:	6942                	ld	s2,16(sp)
    80003774:	69a2                	ld	s3,8(sp)
    80003776:	6a02                	ld	s4,0(sp)
    80003778:	8526                	mv	a0,s1
    8000377a:	64e2                	ld	s1,24(sp)
    8000377c:	6145                	addi	sp,sp,48
    8000377e:	8082                	ret
    80003780:	8a2a                	mv	s4,a0
    80003782:	84ae                	mv	s1,a1
    80003784:	188000ef          	jal	8000390c <_malloc_usable_size_r>
    80003788:	892a                	mv	s2,a0
    8000378a:	00856663          	bltu	a0,s0,80003796 <_realloc_r+0x56>
    8000378e:	00155793          	srli	a5,a0,0x1
    80003792:	fc87eee3          	bltu	a5,s0,8000376e <_realloc_r+0x2e>
    80003796:	85a2                	mv	a1,s0
    80003798:	8552                	mv	a0,s4
    8000379a:	9affe0ef          	jal	80002148 <_malloc_r>
    8000379e:	89aa                	mv	s3,a0
    800037a0:	e119                	bnez	a0,800037a6 <_realloc_r+0x66>
    800037a2:	84ce                	mv	s1,s3
    800037a4:	b7e9                	j	8000376e <_realloc_r+0x2e>
    800037a6:	8622                	mv	a2,s0
    800037a8:	00897363          	bgeu	s2,s0,800037ae <_realloc_r+0x6e>
    800037ac:	864a                	mv	a2,s2
    800037ae:	85a6                	mv	a1,s1
    800037b0:	854e                	mv	a0,s3
    800037b2:	f79ff0ef          	jal	8000372a <memcpy>
    800037b6:	85a6                	mv	a1,s1
    800037b8:	8552                	mv	a0,s4
    800037ba:	846ff0ef          	jal	80002800 <_free_r>
    800037be:	b7d5                	j	800037a2 <_realloc_r+0x62>

00000000800037c0 <__swhatbuf_r>:
    800037c0:	7175                	addi	sp,sp,-144
    800037c2:	e122                	sd	s0,128(sp)
    800037c4:	842e                	mv	s0,a1
    800037c6:	01259583          	lh	a1,18(a1)
    800037ca:	fca6                	sd	s1,120(sp)
    800037cc:	f8ca                	sd	s2,112(sp)
    800037ce:	e506                	sd	ra,136(sp)
    800037d0:	84b2                	mv	s1,a2
    800037d2:	8936                	mv	s2,a3
    800037d4:	0205d363          	bgez	a1,800037fa <__swhatbuf_r+0x3a>
    800037d8:	01045783          	lhu	a5,16(s0)
    800037dc:	0807f793          	andi	a5,a5,128
    800037e0:	eb95                	bnez	a5,80003814 <__swhatbuf_r+0x54>
    800037e2:	40000713          	li	a4,1024
    800037e6:	60aa                	ld	ra,136(sp)
    800037e8:	640a                	ld	s0,128(sp)
    800037ea:	00f92023          	sw	a5,0(s2)
    800037ee:	e098                	sd	a4,0(s1)
    800037f0:	7946                	ld	s2,112(sp)
    800037f2:	74e6                	ld	s1,120(sp)
    800037f4:	4501                	li	a0,0
    800037f6:	6149                	addi	sp,sp,144
    800037f8:	8082                	ret
    800037fa:	0030                	addi	a2,sp,8
    800037fc:	0be000ef          	jal	800038ba <_fstat_r>
    80003800:	fc054ce3          	bltz	a0,800037d8 <__swhatbuf_r+0x18>
    80003804:	47b2                	lw	a5,12(sp)
    80003806:	673d                	lui	a4,0xf
    80003808:	8ff9                	and	a5,a5,a4
    8000380a:	6709                	lui	a4,0x2
    8000380c:	8f99                	sub	a5,a5,a4
    8000380e:	0017b793          	seqz	a5,a5
    80003812:	bfc1                	j	800037e2 <__swhatbuf_r+0x22>
    80003814:	4781                	li	a5,0
    80003816:	04000713          	li	a4,64
    8000381a:	b7f1                	j	800037e6 <__swhatbuf_r+0x26>

000000008000381c <__smakebuf_r>:
    8000381c:	0105d783          	lhu	a5,16(a1)
    80003820:	7139                	addi	sp,sp,-64
    80003822:	f822                	sd	s0,48(sp)
    80003824:	fc06                	sd	ra,56(sp)
    80003826:	f426                	sd	s1,40(sp)
    80003828:	f04a                	sd	s2,32(sp)
    8000382a:	ec4e                	sd	s3,24(sp)
    8000382c:	8b89                	andi	a5,a5,2
    8000382e:	842e                	mv	s0,a1
    80003830:	cf91                	beqz	a5,8000384c <__smakebuf_r+0x30>
    80003832:	07f40793          	addi	a5,s0,127
    80003836:	e01c                	sd	a5,0(s0)
    80003838:	ec1c                	sd	a5,24(s0)
    8000383a:	4785                	li	a5,1
    8000383c:	d01c                	sw	a5,32(s0)
    8000383e:	70e2                	ld	ra,56(sp)
    80003840:	7442                	ld	s0,48(sp)
    80003842:	74a2                	ld	s1,40(sp)
    80003844:	7902                	ld	s2,32(sp)
    80003846:	69e2                	ld	s3,24(sp)
    80003848:	6121                	addi	sp,sp,64
    8000384a:	8082                	ret
    8000384c:	0054                	addi	a3,sp,4
    8000384e:	0030                	addi	a2,sp,8
    80003850:	84aa                	mv	s1,a0
    80003852:	f6fff0ef          	jal	800037c0 <__swhatbuf_r>
    80003856:	69a2                	ld	s3,8(sp)
    80003858:	892a                	mv	s2,a0
    8000385a:	8526                	mv	a0,s1
    8000385c:	85ce                	mv	a1,s3
    8000385e:	8ebfe0ef          	jal	80002148 <_malloc_r>
    80003862:	ed01                	bnez	a0,8000387a <__smakebuf_r+0x5e>
    80003864:	01041783          	lh	a5,16(s0)
    80003868:	2007f713          	andi	a4,a5,512
    8000386c:	fb69                	bnez	a4,8000383e <__smakebuf_r+0x22>
    8000386e:	9bf1                	andi	a5,a5,-4
    80003870:	0027e793          	ori	a5,a5,2
    80003874:	00f41823          	sh	a5,16(s0)
    80003878:	bf6d                	j	80003832 <__smakebuf_r+0x16>
    8000387a:	01045783          	lhu	a5,16(s0)
    8000387e:	e008                	sd	a0,0(s0)
    80003880:	ec08                	sd	a0,24(s0)
    80003882:	0807e793          	ori	a5,a5,128
    80003886:	00f41823          	sh	a5,16(s0)
    8000388a:	4792                	lw	a5,4(sp)
    8000388c:	03342023          	sw	s3,32(s0)
    80003890:	cf91                	beqz	a5,800038ac <__smakebuf_r+0x90>
    80003892:	01241583          	lh	a1,18(s0)
    80003896:	8526                	mv	a0,s1
    80003898:	04c000ef          	jal	800038e4 <_isatty_r>
    8000389c:	c901                	beqz	a0,800038ac <__smakebuf_r+0x90>
    8000389e:	01045783          	lhu	a5,16(s0)
    800038a2:	9bf1                	andi	a5,a5,-4
    800038a4:	0017e793          	ori	a5,a5,1
    800038a8:	00f41823          	sh	a5,16(s0)
    800038ac:	01045783          	lhu	a5,16(s0)
    800038b0:	0127e533          	or	a0,a5,s2
    800038b4:	00a41823          	sh	a0,16(s0)
    800038b8:	b759                	j	8000383e <__smakebuf_r+0x22>

00000000800038ba <_fstat_r>:
    800038ba:	1141                	addi	sp,sp,-16
    800038bc:	e022                	sd	s0,0(sp)
    800038be:	842a                	mv	s0,a0
    800038c0:	852e                	mv	a0,a1
    800038c2:	85b2                	mv	a1,a2
    800038c4:	8601a023          	sw	zero,-1952(gp) # 80006838 <errno>
    800038c8:	e406                	sd	ra,8(sp)
    800038ca:	090000ef          	jal	8000395a <_fstat>
    800038ce:	57fd                	li	a5,-1
    800038d0:	00f51663          	bne	a0,a5,800038dc <_fstat_r+0x22>
    800038d4:	8601a783          	lw	a5,-1952(gp) # 80006838 <errno>
    800038d8:	c391                	beqz	a5,800038dc <_fstat_r+0x22>
    800038da:	c01c                	sw	a5,0(s0)
    800038dc:	60a2                	ld	ra,8(sp)
    800038de:	6402                	ld	s0,0(sp)
    800038e0:	0141                	addi	sp,sp,16
    800038e2:	8082                	ret

00000000800038e4 <_isatty_r>:
    800038e4:	1141                	addi	sp,sp,-16
    800038e6:	e022                	sd	s0,0(sp)
    800038e8:	842a                	mv	s0,a0
    800038ea:	852e                	mv	a0,a1
    800038ec:	8601a023          	sw	zero,-1952(gp) # 80006838 <errno>
    800038f0:	e406                	sd	ra,8(sp)
    800038f2:	080000ef          	jal	80003972 <_isatty>
    800038f6:	57fd                	li	a5,-1
    800038f8:	00f51663          	bne	a0,a5,80003904 <_isatty_r+0x20>
    800038fc:	8601a783          	lw	a5,-1952(gp) # 80006838 <errno>
    80003900:	c391                	beqz	a5,80003904 <_isatty_r+0x20>
    80003902:	c01c                	sw	a5,0(s0)
    80003904:	60a2                	ld	ra,8(sp)
    80003906:	6402                	ld	s0,0(sp)
    80003908:	0141                	addi	sp,sp,16
    8000390a:	8082                	ret

000000008000390c <_malloc_usable_size_r>:
    8000390c:	ff85b503          	ld	a0,-8(a1)
    80003910:	0005079b          	sext.w	a5,a0
    80003914:	1561                	addi	a0,a0,-8
    80003916:	0007d663          	bgez	a5,80003922 <_malloc_usable_size_r+0x16>
    8000391a:	95aa                	add	a1,a1,a0
    8000391c:	6188                	ld	a0,0(a1)
    8000391e:	17e1                	addi	a5,a5,-8
    80003920:	953e                	add	a0,a0,a5
    80003922:	8082                	ret

0000000080003924 <_close>:
#include <errno.h>
#include "syscall.h"

int _close(int file)
{
    80003924:	1141                	addi	sp,sp,-16
    80003926:	e406                	sd	ra,8(sp)
    errno = EBADF;
    80003928:	158000ef          	jal	80003a80 <__errno>
    return -1;
}
    8000392c:	60a2                	ld	ra,8(sp)
    errno = EBADF;
    8000392e:	47a5                	li	a5,9
    80003930:	c11c                	sw	a5,0(a0)
}
    80003932:	557d                	li	a0,-1
    80003934:	0141                	addi	sp,sp,16
    80003936:	8082                	ret

0000000080003938 <_exit>:
#include "syscall.h"
#include "htif.h"

void __attribute__ ((noreturn)) _exit(int code)
{
    uint64_t cmd = HTIF_TOHOST(0, 0, (code << 1) | 0x1);
    80003938:	0015179b          	slliw	a5,a0,0x1
    8000393c:	0017e793          	ori	a5,a5,1
    80003940:	2781                	sext.w	a5,a5
    80003942:	07c2                	slli	a5,a5,0x10
    80003944:	83c1                	srli	a5,a5,0x10
    80003946:	00003717          	auipc	a4,0x3
    8000394a:	bba70713          	addi	a4,a4,-1094 # 80006500 <tohost>
    for (;;) {
        fromhost = 0;
    8000394e:	00003697          	auipc	a3,0x3
    80003952:	ba06bd23          	sd	zero,-1094(a3) # 80006508 <fromhost>
        tohost = cmd;
    80003956:	e31c                	sd	a5,0(a4)
    for (;;) {
    80003958:	bfdd                	j	8000394e <_exit+0x16>

000000008000395a <_fstat>:
#include <errno.h>
#include <sys/stat.h>
#include "syscall.h"

int _fstat(int file, struct stat *st)
{
    8000395a:	1141                	addi	sp,sp,-16
    8000395c:	e406                	sd	ra,8(sp)
    errno = EBADF;
    8000395e:	122000ef          	jal	80003a80 <__errno>
    return -1;
}
    80003962:	60a2                	ld	ra,8(sp)
    errno = EBADF;
    80003964:	47a5                	li	a5,9
    80003966:	c11c                	sw	a5,0(a0)
}
    80003968:	557d                	li	a0,-1
    8000396a:	0141                	addi	sp,sp,16
    8000396c:	8082                	ret

000000008000396e <_getpid>:
#include "syscall.h"

int _getpid(void)
{
    return 1;
}
    8000396e:	4505                	li	a0,1
    80003970:	8082                	ret

0000000080003972 <_isatty>:
#include <unistd.h>
#include "syscall.h"

int _isatty(int file)
{
    return (file == STDOUT_FILENO || file == STDERR_FILENO);
    80003972:	357d                	addiw	a0,a0,-1
}
    80003974:	00253513          	sltiu	a0,a0,2
    80003978:	8082                	ret

000000008000397a <_kill>:
#include <errno.h>
#include "syscall.h"

int _kill(int pid, int sig)
{
    8000397a:	1141                	addi	sp,sp,-16
    8000397c:	e406                	sd	ra,8(sp)
    errno = EINVAL;
    8000397e:	102000ef          	jal	80003a80 <__errno>
    return -1;
}
    80003982:	60a2                	ld	ra,8(sp)
    errno = EINVAL;
    80003984:	47d9                	li	a5,22
    80003986:	c11c                	sw	a5,0(a0)
}
    80003988:	557d                	li	a0,-1
    8000398a:	0141                	addi	sp,sp,16
    8000398c:	8082                	ret

000000008000398e <_lseek>:
#include <errno.h>
#include <sys/types.h>
#include "syscall.h"

off_t _lseek(int file, off_t ptr, int dir)
{
    8000398e:	1141                	addi	sp,sp,-16
    80003990:	e406                	sd	ra,8(sp)
    errno = EBADF;
    80003992:	0ee000ef          	jal	80003a80 <__errno>
    return -1;
}
    80003996:	60a2                	ld	ra,8(sp)
    errno = EBADF;
    80003998:	47a5                	li	a5,9
    8000399a:	c11c                	sw	a5,0(a0)
}
    8000399c:	557d                	li	a0,-1
    8000399e:	0141                	addi	sp,sp,16
    800039a0:	8082                	ret

00000000800039a2 <_read>:
#include <errno.h>
#include <sys/types.h>
#include "syscall.h"

ssize_t _read(int file, void *ptr, size_t len)
{
    800039a2:	1141                	addi	sp,sp,-16
    800039a4:	e406                	sd	ra,8(sp)
    errno = ENOSYS;
    800039a6:	0da000ef          	jal	80003a80 <__errno>
    return -1;
}
    800039aa:	60a2                	ld	ra,8(sp)
    errno = ENOSYS;
    800039ac:	05800793          	li	a5,88
    800039b0:	c11c                	sw	a5,0(a0)
}
    800039b2:	557d                	li	a0,-1
    800039b4:	0141                	addi	sp,sp,16
    800039b6:	8082                	ret

00000000800039b8 <_sbrk>:
{
    extern char __heap_end[];
    char *newbrk;
    char *oldbrk;

    oldbrk = curbrk;
    800039b8:	00003717          	auipc	a4,0x3
    800039bc:	e2870713          	addi	a4,a4,-472 # 800067e0 <curbrk>
    800039c0:	631c                	ld	a5,0(a4)
    newbrk = oldbrk + incr;
    if (unlikely((newbrk < _end) || (newbrk >= __heap_end))) {
    800039c2:	fb018693          	addi	a3,gp,-80 # 80006f88 <_end>
    newbrk = oldbrk + incr;
    800039c6:	953e                	add	a0,a0,a5
    if (unlikely((newbrk < _end) || (newbrk >= __heap_end))) {
    800039c8:	00d56b63          	bltu	a0,a3,800039de <_sbrk+0x26>
    800039cc:	00023697          	auipc	a3,0x23
    800039d0:	63468693          	addi	a3,a3,1588 # 80027000 <__heap_end>
    800039d4:	00d57563          	bgeu	a0,a3,800039de <_sbrk+0x26>
        errno = ENOMEM;
        return (void *)(-1);
    }

    curbrk = newbrk;
    800039d8:	e308                	sd	a0,0(a4)
    return oldbrk;
}
    800039da:	853e                	mv	a0,a5
    800039dc:	8082                	ret
{
    800039de:	1141                	addi	sp,sp,-16
    800039e0:	e406                	sd	ra,8(sp)
        errno = ENOMEM;
    800039e2:	09e000ef          	jal	80003a80 <__errno>
}
    800039e6:	60a2                	ld	ra,8(sp)
        errno = ENOMEM;
    800039e8:	47b1                	li	a5,12
    800039ea:	c11c                	sw	a5,0(a0)
        return (void *)(-1);
    800039ec:	57fd                	li	a5,-1
}
    800039ee:	853e                	mv	a0,a5
    800039f0:	0141                	addi	sp,sp,16
    800039f2:	8082                	ret

00000000800039f4 <_write>:
#include <sys/types.h>
#include "syscall.h"

ssize_t _write(int fd, const void *ptr, size_t len)
{
    return SYSCALL3(SYS_write, fd, (uintptr_t)ptr, len);
    800039f4:	04000693          	li	a3,64
    800039f8:	a80d                	j	80003a2a <htif_syscall>

00000000800039fa <__init_tls>:
#include <string.h>

void __init_tls(void)
{
    800039fa:	1141                	addi	sp,sp,-16
    extern char __tdata_start[];
    extern char __tbss_offset[];
    extern char __tdata_size[];
    extern char __tbss_size[];

    memcpy(__thread_self, __tdata_start, (size_t)__tdata_size);
    800039fc:	00000613          	li	a2,0
    80003a00:	00000597          	auipc	a1,0x0
    80003a04:	25c58593          	addi	a1,a1,604 # 80003c5c <__tbss_end>
    80003a08:	8512                	mv	a0,tp
{
    80003a0a:	e022                	sd	s0,0(sp)
    80003a0c:	e406                	sd	ra,8(sp)
    memcpy(__thread_self, __tdata_start, (size_t)__tdata_size);
    80003a0e:	8412                	mv	s0,tp
    80003a10:	d1bff0ef          	jal	8000372a <memcpy>
    memset(__thread_self + (size_t)__tbss_offset, 0, (size_t)__tbss_size);
    80003a14:	00000513          	li	a0,0
    80003a18:	9522                	add	a0,a0,s0
}
    80003a1a:	6402                	ld	s0,0(sp)
    80003a1c:	60a2                	ld	ra,8(sp)
    memset(__thread_self + (size_t)__tbss_offset, 0, (size_t)__tbss_size);
    80003a1e:	00000613          	li	a2,0
    80003a22:	4581                	li	a1,0
}
    80003a24:	0141                	addi	sp,sp,16
    memset(__thread_self + (size_t)__tbss_offset, 0, (size_t)__tbss_size);
    80003a26:	dbbfe06f          	j	800027e0 <memset>

0000000080003a2a <htif_syscall>:
volatile uint64_t fromhost __attribute__ ((section (".htif")));

static spinlock_t htif_lock = SPINLOCK_INIT;

long htif_syscall(uint64_t a0, uint64_t a1, uint64_t a2, unsigned long n)
{
    80003a2a:	7139                	addi	sp,sp,-64
    volatile uint64_t buf[8];
    uint64_t sc;

    buf[0] = n;
    80003a2c:	e036                	sd	a3,0(sp)
    buf[1] = a0;
    80003a2e:	e42a                	sd	a0,8(sp)
    buf[2] = a1;
    buf[3] = a2;

    sc = HTIF_TOHOST(0, 0, (uintptr_t)&buf);
    80003a30:	fff007b7          	lui	a5,0xfff00
    buf[2] = a1;
    80003a34:	e82e                	sd	a1,16(sp)
    sc = HTIF_TOHOST(0, 0, (uintptr_t)&buf);
    80003a36:	83c1                	srli	a5,a5,0x10
    buf[3] = a2;
    80003a38:	ec32                	sd	a2,24(sp)
    sc = HTIF_TOHOST(0, 0, (uintptr_t)&buf);
    80003a3a:	860a                	mv	a2,sp
    80003a3c:	8e7d                	and	a2,a2,a5
    spin_lock(&htif_lock);
    80003a3e:	86818713          	addi	a4,gp,-1944 # 80006840 <htif_lock>

static inline long atomic_swap_acquire(atomic_t *p, atomic_t v)
{
    long n;
#ifdef __riscv_atomic
    __asm__ __volatile__ (
    80003a42:	56fd                	li	a3,-1
    return *((volatile const atomic_t *)p);
    80003a44:	431c                	lw	a5,0(a4)

static inline void spin_lock(spinlock_t *lock)
{
    do {
#ifdef __riscv_atomic
        while (atomic_load(&lock->lock));
    80003a46:	fffd                	bnez	a5,80003a44 <htif_syscall+0x1a>
    __asm__ __volatile__ (
    80003a48:	0cd727af          	amoswap.w.aq	a5,a3,(a4)
#endif
    } while (atomic_swap_acquire(&lock->lock, -1));
    80003a4c:	ffe5                	bnez	a5,80003a44 <htif_syscall+0x1a>
static inline void wmb(void) { fence(w, w); }
    80003a4e:	0110000f          	fence	w,w
    wmb();
    tohost = sc;
    80003a52:	00003697          	auipc	a3,0x3
    80003a56:	aae68693          	addi	a3,a3,-1362 # 80006500 <tohost>
    80003a5a:	e290                	sd	a2,0(a3)
    while (fromhost == 0);
    80003a5c:	669c                	ld	a5,8(a3)
    80003a5e:	dffd                	beqz	a5,80003a5c <htif_syscall+0x32>
    fromhost = 0;
    80003a60:	00003797          	auipc	a5,0x3
    80003a64:	aa07b423          	sd	zero,-1368(a5) # 80006508 <fromhost>
}

static inline void atomic_clear_release(atomic_t *p)
{
#ifdef __riscv_atomic
    __asm__ __volatile__ (
    80003a68:	0a07202f          	amoswap.w.rl	zero,zero,(a4)
static inline void rmb(void) { fence(r, r); }
    80003a6c:	0220000f          	fence	r,r
    spin_unlock(&htif_lock);

    rmb();
    return buf[0];
    80003a70:	6502                	ld	a0,0(sp)
}
    80003a72:	6121                	addi	sp,sp,64
    80003a74:	8082                	ret

0000000080003a76 <atexit>:
    80003a76:	85aa                	mv	a1,a0
    80003a78:	4681                	li	a3,0
    80003a7a:	4601                	li	a2,0
    80003a7c:	4501                	li	a0,0
    80003a7e:	a045                	j	80003b1e <__register_exitproc>

0000000080003a80 <__errno>:
    80003a80:	00003517          	auipc	a0,0x3
    80003a84:	d5853503          	ld	a0,-680(a0) # 800067d8 <_impure_ptr>
    80003a88:	8082                	ret

0000000080003a8a <__libc_init_array>:
    80003a8a:	1101                	addi	sp,sp,-32
    80003a8c:	e822                	sd	s0,16(sp)
    80003a8e:	e426                	sd	s1,8(sp)
    80003a90:	00003417          	auipc	s0,0x3
    80003a94:	a4040413          	addi	s0,s0,-1472 # 800064d0 <__fini_array_end>
    80003a98:	00003497          	auipc	s1,0x3
    80003a9c:	a3848493          	addi	s1,s1,-1480 # 800064d0 <__fini_array_end>
    80003aa0:	8c81                	sub	s1,s1,s0
    80003aa2:	e04a                	sd	s2,0(sp)
    80003aa4:	ec06                	sd	ra,24(sp)
    80003aa6:	848d                	srai	s1,s1,0x3
    80003aa8:	4901                	li	s2,0
    80003aaa:	02991563          	bne	s2,s1,80003ad4 <__libc_init_array+0x4a>
    80003aae:	00003417          	auipc	s0,0x3
    80003ab2:	a2240413          	addi	s0,s0,-1502 # 800064d0 <__fini_array_end>
    80003ab6:	00003497          	auipc	s1,0x3
    80003aba:	a1a48493          	addi	s1,s1,-1510 # 800064d0 <__fini_array_end>
    80003abe:	8c81                	sub	s1,s1,s0
    80003ac0:	848d                	srai	s1,s1,0x3
    80003ac2:	4901                	li	s2,0
    80003ac4:	00991d63          	bne	s2,s1,80003ade <__libc_init_array+0x54>
    80003ac8:	60e2                	ld	ra,24(sp)
    80003aca:	6442                	ld	s0,16(sp)
    80003acc:	64a2                	ld	s1,8(sp)
    80003ace:	6902                	ld	s2,0(sp)
    80003ad0:	6105                	addi	sp,sp,32
    80003ad2:	8082                	ret
    80003ad4:	601c                	ld	a5,0(s0)
    80003ad6:	0905                	addi	s2,s2,1
    80003ad8:	0421                	addi	s0,s0,8
    80003ada:	9782                	jalr	a5
    80003adc:	b7f9                	j	80003aaa <__libc_init_array+0x20>
    80003ade:	601c                	ld	a5,0(s0)
    80003ae0:	0905                	addi	s2,s2,1
    80003ae2:	0421                	addi	s0,s0,8
    80003ae4:	9782                	jalr	a5
    80003ae6:	bff9                	j	80003ac4 <__libc_init_array+0x3a>

0000000080003ae8 <__libc_fini_array>:
    80003ae8:	1101                	addi	sp,sp,-32
    80003aea:	e822                	sd	s0,16(sp)
    80003aec:	e426                	sd	s1,8(sp)
    80003aee:	00003417          	auipc	s0,0x3
    80003af2:	9e240413          	addi	s0,s0,-1566 # 800064d0 <__fini_array_end>
    80003af6:	00003497          	auipc	s1,0x3
    80003afa:	9da48493          	addi	s1,s1,-1574 # 800064d0 <__fini_array_end>
    80003afe:	8c05                	sub	s0,s0,s1
    80003b00:	ec06                	sd	ra,24(sp)
    80003b02:	840d                	srai	s0,s0,0x3
    80003b04:	e411                	bnez	s0,80003b10 <__libc_fini_array+0x28>
    80003b06:	60e2                	ld	ra,24(sp)
    80003b08:	6442                	ld	s0,16(sp)
    80003b0a:	64a2                	ld	s1,8(sp)
    80003b0c:	6105                	addi	sp,sp,32
    80003b0e:	8082                	ret
    80003b10:	147d                	addi	s0,s0,-1
    80003b12:	00341793          	slli	a5,s0,0x3
    80003b16:	97a6                	add	a5,a5,s1
    80003b18:	639c                	ld	a5,0(a5)
    80003b1a:	9782                	jalr	a5
    80003b1c:	b7e5                	j	80003b04 <__libc_fini_array+0x1c>

0000000080003b1e <__register_exitproc>:
    80003b1e:	88aa                	mv	a7,a0
    80003b20:	87818513          	addi	a0,gp,-1928 # 80006850 <__atexit>
    80003b24:	6118                	ld	a4,0(a0)
    80003b26:	ef01                	bnez	a4,80003b3e <__register_exitproc+0x20>
    80003b28:	e9818793          	addi	a5,gp,-360 # 80006e70 <__atexit0>
    80003b2c:	e11c                	sd	a5,0(a0)
    80003b2e:	00000713          	li	a4,0
    80003b32:	c701                	beqz	a4,80003b3a <__register_exitproc+0x1c>
    80003b34:	6318                	ld	a4,0(a4)
    80003b36:	10e7b823          	sd	a4,272(a5)
    80003b3a:	e9818713          	addi	a4,gp,-360 # 80006e70 <__atexit0>
    80003b3e:	471c                	lw	a5,8(a4)
    80003b40:	487d                	li	a6,31
    80003b42:	557d                	li	a0,-1
    80003b44:	04f84763          	blt	a6,a5,80003b92 <__register_exitproc+0x74>
    80003b48:	02088d63          	beqz	a7,80003b82 <__register_exitproc+0x64>
    80003b4c:	11073803          	ld	a6,272(a4)
    80003b50:	04080163          	beqz	a6,80003b92 <__register_exitproc+0x74>
    80003b54:	00379513          	slli	a0,a5,0x3
    80003b58:	9542                	add	a0,a0,a6
    80003b5a:	e110                	sd	a2,0(a0)
    80003b5c:	20082303          	lw	t1,512(a6)
    80003b60:	4605                	li	a2,1
    80003b62:	00f6163b          	sllw	a2,a2,a5
    80003b66:	00c36333          	or	t1,t1,a2
    80003b6a:	20682023          	sw	t1,512(a6)
    80003b6e:	10d53023          	sd	a3,256(a0)
    80003b72:	4689                	li	a3,2
    80003b74:	00d89763          	bne	a7,a3,80003b82 <__register_exitproc+0x64>
    80003b78:	20482683          	lw	a3,516(a6)
    80003b7c:	8ed1                	or	a3,a3,a2
    80003b7e:	20d82223          	sw	a3,516(a6)
    80003b82:	0017869b          	addiw	a3,a5,1
    80003b86:	0789                	addi	a5,a5,2
    80003b88:	078e                	slli	a5,a5,0x3
    80003b8a:	c714                	sw	a3,8(a4)
    80003b8c:	973e                	add	a4,a4,a5
    80003b8e:	e30c                	sd	a1,0(a4)
    80003b90:	4501                	li	a0,0
    80003b92:	8082                	ret

0000000080003b94 <__call_exitprocs>:
    80003b94:	711d                	addi	sp,sp,-96
    80003b96:	f852                	sd	s4,48(sp)
    80003b98:	f456                	sd	s5,40(sp)
    80003b9a:	f05a                	sd	s6,32(sp)
    80003b9c:	ec5e                	sd	s7,24(sp)
    80003b9e:	ec86                	sd	ra,88(sp)
    80003ba0:	e8a2                	sd	s0,80(sp)
    80003ba2:	e4a6                	sd	s1,72(sp)
    80003ba4:	e0ca                	sd	s2,64(sp)
    80003ba6:	fc4e                	sd	s3,56(sp)
    80003ba8:	e862                	sd	s8,16(sp)
    80003baa:	e466                	sd	s9,8(sp)
    80003bac:	8aaa                	mv	s5,a0
    80003bae:	8a2e                	mv	s4,a1
    80003bb0:	87818b13          	addi	s6,gp,-1928 # 80006850 <__atexit>
    80003bb4:	4b85                	li	s7,1
    80003bb6:	000b3483          	ld	s1,0(s6)
    80003bba:	cc81                	beqz	s1,80003bd2 <__call_exitprocs+0x3e>
    80003bbc:	4480                	lw	s0,8(s1)
    80003bbe:	1104b983          	ld	s3,272(s1)
    80003bc2:	fff4091b          	addiw	s2,s0,-1
    80003bc6:	040e                	slli	s0,s0,0x3
    80003bc8:	00898cb3          	add	s9,s3,s0
    80003bcc:	9426                	add	s0,s0,s1
    80003bce:	00095f63          	bgez	s2,80003bec <__call_exitprocs+0x58>
    80003bd2:	60e6                	ld	ra,88(sp)
    80003bd4:	6446                	ld	s0,80(sp)
    80003bd6:	64a6                	ld	s1,72(sp)
    80003bd8:	6906                	ld	s2,64(sp)
    80003bda:	79e2                	ld	s3,56(sp)
    80003bdc:	7a42                	ld	s4,48(sp)
    80003bde:	7aa2                	ld	s5,40(sp)
    80003be0:	7b02                	ld	s6,32(sp)
    80003be2:	6be2                	ld	s7,24(sp)
    80003be4:	6c42                	ld	s8,16(sp)
    80003be6:	6ca2                	ld	s9,8(sp)
    80003be8:	6125                	addi	sp,sp,96
    80003bea:	8082                	ret
    80003bec:	000a0c63          	beqz	s4,80003c04 <__call_exitprocs+0x70>
    80003bf0:	00099663          	bnez	s3,80003bfc <__call_exitprocs+0x68>
    80003bf4:	397d                	addiw	s2,s2,-1
    80003bf6:	1ce1                	addi	s9,s9,-8
    80003bf8:	1461                	addi	s0,s0,-8
    80003bfa:	bfd1                	j	80003bce <__call_exitprocs+0x3a>
    80003bfc:	0f8cb783          	ld	a5,248(s9)
    80003c00:	ff479ae3          	bne	a5,s4,80003bf4 <__call_exitprocs+0x60>
    80003c04:	449c                	lw	a5,8(s1)
    80003c06:	6418                	ld	a4,8(s0)
    80003c08:	37fd                	addiw	a5,a5,-1
    80003c0a:	03279963          	bne	a5,s2,80003c3c <__call_exitprocs+0xa8>
    80003c0e:	0124a423          	sw	s2,8(s1)
    80003c12:	d36d                	beqz	a4,80003bf4 <__call_exitprocs+0x60>
    80003c14:	0084ac03          	lw	s8,8(s1)
    80003c18:	00098963          	beqz	s3,80003c2a <__call_exitprocs+0x96>
    80003c1c:	2009a783          	lw	a5,512(s3)
    80003c20:	012b96bb          	sllw	a3,s7,s2
    80003c24:	8ff5                	and	a5,a5,a3
    80003c26:	2781                	sext.w	a5,a5
    80003c28:	ef89                	bnez	a5,80003c42 <__call_exitprocs+0xae>
    80003c2a:	9702                	jalr	a4
    80003c2c:	4498                	lw	a4,8(s1)
    80003c2e:	000b3783          	ld	a5,0(s6)
    80003c32:	f98712e3          	bne	a4,s8,80003bb6 <__call_exitprocs+0x22>
    80003c36:	faf48fe3          	beq	s1,a5,80003bf4 <__call_exitprocs+0x60>
    80003c3a:	bfb5                	j	80003bb6 <__call_exitprocs+0x22>
    80003c3c:	00043423          	sd	zero,8(s0)
    80003c40:	bfc9                	j	80003c12 <__call_exitprocs+0x7e>
    80003c42:	2049a783          	lw	a5,516(s3)
    80003c46:	ff8cb583          	ld	a1,-8(s9)
    80003c4a:	8ff5                	and	a5,a5,a3
    80003c4c:	2781                	sext.w	a5,a5
    80003c4e:	e781                	bnez	a5,80003c56 <__call_exitprocs+0xc2>
    80003c50:	8556                	mv	a0,s5
    80003c52:	9702                	jalr	a4
    80003c54:	bfe1                	j	80003c2c <__call_exitprocs+0x98>
    80003c56:	852e                	mv	a0,a1
    80003c58:	9702                	jalr	a4
    80003c5a:	bfc9                	j	80003c2c <__call_exitprocs+0x98>
