
/home/wtl/Voyager/tapeout-Voyager/software/embench/build_meek/nettle-sha256.riscv:     file format elf64-littleriscv


Disassembly of section .text:

0000000080000000 <_start>:
    .global _start
    .type _start, @function
_start:
    .cfi_startproc

    li x1, 0
    80000000:	4081                	li	ra,0
    li x2, 0
    80000002:	4101                	li	sp,0
    li x3, 0
    80000004:	4181                	li	gp,0
    li x4, 0
    80000006:	4201                	li	tp,0
    li x5, 0
    80000008:	4281                	li	t0,0
    li x6, 0
    8000000a:	4301                	li	t1,0
    li x7, 0
    8000000c:	4381                	li	t2,0
    li x8, 0
    8000000e:	4401                	li	s0,0
    li x9, 0
    80000010:	4481                	li	s1,0
    li x10, 0
    80000012:	4501                	li	a0,0
    li x11, 0
    80000014:	4581                	li	a1,0
    li x12, 0
    80000016:	4601                	li	a2,0
    li x13, 0
    80000018:	4681                	li	a3,0
    li x14, 0
    8000001a:	4701                	li	a4,0
    li x15, 0
    8000001c:	4781                	li	a5,0
    li x16, 0
    8000001e:	4801                	li	a6,0
    li x17, 0
    80000020:	4881                	li	a7,0
    li x18, 0
    80000022:	4901                	li	s2,0
    li x19, 0
    80000024:	4981                	li	s3,0
    li x20, 0
    80000026:	4a01                	li	s4,0
    li x21, 0
    80000028:	4a81                	li	s5,0
    li x22, 0
    8000002a:	4b01                	li	s6,0
    li x23, 0
    8000002c:	4b81                	li	s7,0
    li x24, 0
    8000002e:	4c01                	li	s8,0
    li x25, 0
    80000030:	4c81                	li	s9,0
    li x26, 0
    80000032:	4d01                	li	s10,0
    li x27, 0
    80000034:	4d81                	li	s11,0
    li x28, 0
    80000036:	4e01                	li	t3,0
    li x29, 0
    80000038:	4e81                	li	t4,0
    li x30, 0
    8000003a:	4f01                	li	t5,0
    li x31, 0
    8000003c:	4f81                	li	t6,0

    li t0, (MSTATUS_FS | MSTATUS_XS | MSTATUS_VS)
    8000003e:	62f9                	lui	t0,0x1e
    80000040:	6002829b          	addiw	t0,t0,1536 # 1e600 <__stack_size+0x16600>
    csrs mstatus, t0
    80000044:	3002a073          	csrs	mstatus,t0

#ifdef __riscv_flen
    /* Initialize FPU if present */
    la t0, 1f
    80000048:	00000297          	auipc	t0,0x0
    8000004c:	09028293          	addi	t0,t0,144 # 800000d8 <_start+0xd8>
    csrw mtvec, t0
    80000050:	30529073          	csrw	mtvec,t0

    fscsr zero
    80000054:	00301073          	fscsr	zero
    fmv.s.x f0,  zero
    80000058:	f0000053          	fmv.w.x	ft0,zero
    fmv.s.x f1,  zero
    8000005c:	f00000d3          	fmv.w.x	ft1,zero
    fmv.s.x f2,  zero
    80000060:	f0000153          	fmv.w.x	ft2,zero
    fmv.s.x f3,  zero
    80000064:	f00001d3          	fmv.w.x	ft3,zero
    fmv.s.x f4,  zero
    80000068:	f0000253          	fmv.w.x	ft4,zero
    fmv.s.x f5,  zero
    8000006c:	f00002d3          	fmv.w.x	ft5,zero
    fmv.s.x f6,  zero
    80000070:	f0000353          	fmv.w.x	ft6,zero
    fmv.s.x f7,  zero
    80000074:	f00003d3          	fmv.w.x	ft7,zero
    fmv.s.x f8,  zero
    80000078:	f0000453          	fmv.w.x	fs0,zero
    fmv.s.x f9,  zero
    8000007c:	f00004d3          	fmv.w.x	fs1,zero
    fmv.s.x f10, zero
    80000080:	f0000553          	fmv.w.x	fa0,zero
    fmv.s.x f11, zero
    80000084:	f00005d3          	fmv.w.x	fa1,zero
    fmv.s.x f12, zero
    80000088:	f0000653          	fmv.w.x	fa2,zero
    fmv.s.x f13, zero
    8000008c:	f00006d3          	fmv.w.x	fa3,zero
    fmv.s.x f14, zero
    80000090:	f0000753          	fmv.w.x	fa4,zero
    fmv.s.x f15, zero
    80000094:	f00007d3          	fmv.w.x	fa5,zero
    fmv.s.x f16, zero
    80000098:	f0000853          	fmv.w.x	fa6,zero
    fmv.s.x f17, zero
    8000009c:	f00008d3          	fmv.w.x	fa7,zero
    fmv.s.x f18, zero
    800000a0:	f0000953          	fmv.w.x	fs2,zero
    fmv.s.x f19, zero
    800000a4:	f00009d3          	fmv.w.x	fs3,zero
    fmv.s.x f20, zero
    800000a8:	f0000a53          	fmv.w.x	fs4,zero
    fmv.s.x f21, zero
    800000ac:	f0000ad3          	fmv.w.x	fs5,zero
    fmv.s.x f22, zero
    800000b0:	f0000b53          	fmv.w.x	fs6,zero
    fmv.s.x f23, zero
    800000b4:	f0000bd3          	fmv.w.x	fs7,zero
    fmv.s.x f24, zero
    800000b8:	f0000c53          	fmv.w.x	fs8,zero
    fmv.s.x f25, zero
    800000bc:	f0000cd3          	fmv.w.x	fs9,zero
    fmv.s.x f26, zero
    800000c0:	f0000d53          	fmv.w.x	fs10,zero
    fmv.s.x f27, zero
    800000c4:	f0000dd3          	fmv.w.x	fs11,zero
    fmv.s.x f28, zero
    800000c8:	f0000e53          	fmv.w.x	ft8,zero
    fmv.s.x f29, zero
    800000cc:	f0000ed3          	fmv.w.x	ft9,zero
    fmv.s.x f30, zero
    800000d0:	f0000f53          	fmv.w.x	ft10,zero
    fmv.s.x f31, zero
    800000d4:	f0000fd3          	fmv.w.x	ft11,zero

    /* Initialize global pointer; disable relaxation to avoid relaxing
       the address calculation to "addi gp, gp, 0" */
    .option push
    .option norelax
    la gp, __global_pointer$
    800000d8:	00005197          	auipc	gp,0x5
    800000dc:	27818193          	addi	gp,gp,632 # 80005350 <__global_pointer$>
    .option pop

    /* Initialize thread pointer */
    csrr s0, mhartid
    800000e0:	f1402473          	csrr	s0,mhartid
    lui t0, %hi(__stack_shift)
    addi t0, t0, %lo(__stack_shift)
    800000e4:	00f00293          	li	t0,15
    la tp, __stack_start
    800000e8:	00025217          	auipc	tp,0x25
    800000ec:	f1820213          	addi	tp,tp,-232 # 80025000 <__heap_end>
    sll t0, s0, t0
    800000f0:	005412b3          	sll	t0,s0,t0
    add tp, tp, t0
    800000f4:	9216                	add	tp,tp,t0

    /* Initialize stack pointer */
    lui t0, %hi(__stack_size)
    800000f6:	62a1                	lui	t0,0x8
    addi t0, t0, %lo(__stack_size)
    800000f8:	00028293          	mv	t0,t0
    add sp, tp, t0
    800000fc:	00520133          	add	sp,tp,t0

    /* Initialize trap vector */
    la t0, trap_entry
    80000100:	00000297          	auipc	t0,0x0
    80000104:	04428293          	addi	t0,t0,68 # 80000144 <trap_entry>
    csrw mtvec, t0
    80000108:	30529073          	csrw	mtvec,t0

    /* Initialize TLS */
    call __init_tls
    8000010c:	31a040ef          	jal	80004426 <__init_tls>

    /* Skip global initialization if not the designated boot hart */
    la t0, __boot_hart
    80000110:	00000293          	li	t0,0
    bne s0, t0, _start_secondary
    80000114:	00540463          	beq	s0,t0,8000011c <_start+0x11c>
    80000118:	0f60006f          	j	8000020e <_start_secondary>

    /* Zero BSS segment */
    la t0, __bss_start
    8000011c:	82018293          	addi	t0,gp,-2016 # 80004b70 <uart_lock>
    la t1, __bss_end
    80000120:	be018313          	addi	t1,gp,-1056 # 80004f30 <_end>
    bgeu t0, t1, 2f
    80000124:	0062f763          	bgeu	t0,t1,80000132 <_start+0x132>
1:
    SREG zero, (t0)
    80000128:	0002b023          	sd	zero,0(t0)
    addi t0, t0, REGBYTES
    8000012c:	02a1                	addi	t0,t0,8
    bltu t0, t1, 1b
    8000012e:	fe62ede3          	bltu	t0,t1,80000128 <_start+0x128>
2:

    /* Call global constructors */
    la a0, __libc_fini_array
    80000132:	00004517          	auipc	a0,0x4
    80000136:	3e250513          	addi	a0,a0,994 # 80004514 <__libc_fini_array>
    call atexit
    8000013a:	368040ef          	jal	800044a2 <atexit>
    call __libc_init_array
    8000013e:	378040ef          	jal	800044b6 <__libc_init_array>

    /* Call main function */
    tail _start_main
    80000142:	a075                	j	800001ee <_start_main>

0000000080000144 <trap_entry>:
    .cfi_endproc


    .align 2
trap_entry:
    csrw mscratch, sp
    80000144:	34011073          	csrw	mscratch,sp
    addi sp, sp, -(32*REGBYTES)
    80000148:	7111                	addi	sp,sp,-256

    /* Save trap frame */
    SREG x1, 1*REGBYTES(sp)
    8000014a:	e406                	sd	ra,8(sp)
    csrr x1, mscratch
    8000014c:	340020f3          	csrr	ra,mscratch
    SREG x1, 2*REGBYTES(sp)
    80000150:	e806                	sd	ra,16(sp)
    SREG x3, 3*REGBYTES(sp)
    80000152:	ec0e                	sd	gp,24(sp)
    SREG x4, 4*REGBYTES(sp)
    80000154:	f012                	sd	tp,32(sp)
    SREG x5, 5*REGBYTES(sp)
    80000156:	f416                	sd	t0,40(sp)
    SREG x6, 6*REGBYTES(sp)
    80000158:	f81a                	sd	t1,48(sp)
    SREG x7, 7*REGBYTES(sp)
    8000015a:	fc1e                	sd	t2,56(sp)
    SREG x8, 8*REGBYTES(sp)
    8000015c:	e0a2                	sd	s0,64(sp)
    SREG x9, 9*REGBYTES(sp)
    8000015e:	e4a6                	sd	s1,72(sp)
    SREG x10, 10*REGBYTES(sp)
    80000160:	e8aa                	sd	a0,80(sp)
    SREG x11, 11*REGBYTES(sp)
    80000162:	ecae                	sd	a1,88(sp)
    SREG x12, 12*REGBYTES(sp)
    80000164:	f0b2                	sd	a2,96(sp)
    SREG x13, 13*REGBYTES(sp)
    80000166:	f4b6                	sd	a3,104(sp)
    SREG x14, 14*REGBYTES(sp)
    80000168:	f8ba                	sd	a4,112(sp)
    SREG x15, 15*REGBYTES(sp)
    8000016a:	fcbe                	sd	a5,120(sp)
    SREG x16, 16*REGBYTES(sp)
    8000016c:	e142                	sd	a6,128(sp)
    SREG x17, 17*REGBYTES(sp)
    8000016e:	e546                	sd	a7,136(sp)
    SREG x18, 18*REGBYTES(sp)
    80000170:	e94a                	sd	s2,144(sp)
    SREG x19, 19*REGBYTES(sp)
    80000172:	ed4e                	sd	s3,152(sp)
    SREG x20, 20*REGBYTES(sp)
    80000174:	f152                	sd	s4,160(sp)
    SREG x21, 21*REGBYTES(sp)
    80000176:	f556                	sd	s5,168(sp)
    SREG x22, 22*REGBYTES(sp)
    80000178:	f95a                	sd	s6,176(sp)
    SREG x23, 23*REGBYTES(sp)
    8000017a:	fd5e                	sd	s7,184(sp)
    SREG x24, 24*REGBYTES(sp)
    8000017c:	e1e2                	sd	s8,192(sp)
    SREG x25, 25*REGBYTES(sp)
    8000017e:	e5e6                	sd	s9,200(sp)
    SREG x26, 26*REGBYTES(sp)
    80000180:	e9ea                	sd	s10,208(sp)
    SREG x27, 27*REGBYTES(sp)
    80000182:	edee                	sd	s11,216(sp)
    SREG x28, 28*REGBYTES(sp)
    80000184:	f1f2                	sd	t3,224(sp)
    SREG x29, 29*REGBYTES(sp)
    80000186:	f5f6                	sd	t4,232(sp)
    SREG x30, 30*REGBYTES(sp)
    80000188:	f9fa                	sd	t5,240(sp)
    SREG x31, 31*REGBYTES(sp)
    8000018a:	fdfe                	sd	t6,248(sp)

    /* Invoke higher-level trap handler */
    csrr a0, mepc
    8000018c:	34102573          	csrr	a0,mepc
    csrr a1, mcause
    80000190:	342025f3          	csrr	a1,mcause
    csrr a2, mtval
    80000194:	34302673          	csrr	a2,mtval
    mv a3, sp
    80000198:	868a                	mv	a3,sp
    call handle_trap
    8000019a:	142000ef          	jal	800002dc <handle_trap>
    csrw mepc, a0
    8000019e:	34151073          	csrw	mepc,a0

    /* Remain in M-mode after return */
    li t0, MSTATUS_MPP
    800001a2:	6289                	lui	t0,0x2
    800001a4:	8002829b          	addiw	t0,t0,-2048 # 1800 <__stack_align+0x17f0>
    csrs mstatus, t0
    800001a8:	3002a073          	csrs	mstatus,t0

    LREG x1, 1*REGBYTES(sp)
    800001ac:	60a2                	ld	ra,8(sp)
    LREG x3, 3*REGBYTES(sp)
    800001ae:	61e2                	ld	gp,24(sp)
    LREG x4, 4*REGBYTES(sp)
    800001b0:	7202                	ld	tp,32(sp)
    LREG x5, 5*REGBYTES(sp)
    800001b2:	72a2                	ld	t0,40(sp)
    LREG x6, 6*REGBYTES(sp)
    800001b4:	7342                	ld	t1,48(sp)
    LREG x7, 7*REGBYTES(sp)
    800001b6:	73e2                	ld	t2,56(sp)
    LREG x8, 8*REGBYTES(sp)
    800001b8:	6406                	ld	s0,64(sp)
    LREG x9, 9*REGBYTES(sp)
    800001ba:	64a6                	ld	s1,72(sp)
    LREG x10, 10*REGBYTES(sp)
    800001bc:	6546                	ld	a0,80(sp)
    LREG x11, 11*REGBYTES(sp)
    800001be:	65e6                	ld	a1,88(sp)
    LREG x12, 12*REGBYTES(sp)
    800001c0:	7606                	ld	a2,96(sp)
    LREG x13, 13*REGBYTES(sp)
    800001c2:	76a6                	ld	a3,104(sp)
    LREG x14, 14*REGBYTES(sp)
    800001c4:	7746                	ld	a4,112(sp)
    LREG x15, 15*REGBYTES(sp)
    800001c6:	77e6                	ld	a5,120(sp)
    LREG x16, 16*REGBYTES(sp)
    800001c8:	680a                	ld	a6,128(sp)
    LREG x17, 17*REGBYTES(sp)
    800001ca:	68aa                	ld	a7,136(sp)
    LREG x18, 18*REGBYTES(sp)
    800001cc:	694a                	ld	s2,144(sp)
    LREG x19, 19*REGBYTES(sp)
    800001ce:	69ea                	ld	s3,152(sp)
    LREG x20, 20*REGBYTES(sp)
    800001d0:	7a0a                	ld	s4,160(sp)
    LREG x21, 21*REGBYTES(sp)
    800001d2:	7aaa                	ld	s5,168(sp)
    LREG x22, 22*REGBYTES(sp)
    800001d4:	7b4a                	ld	s6,176(sp)
    LREG x23, 23*REGBYTES(sp)
    800001d6:	7bea                	ld	s7,184(sp)
    LREG x24, 24*REGBYTES(sp)
    800001d8:	6c0e                	ld	s8,192(sp)
    LREG x25, 25*REGBYTES(sp)
    800001da:	6cae                	ld	s9,200(sp)
    LREG x26, 26*REGBYTES(sp)
    800001dc:	6d4e                	ld	s10,208(sp)
    LREG x27, 27*REGBYTES(sp)
    800001de:	6dee                	ld	s11,216(sp)
    LREG x28, 28*REGBYTES(sp)
    800001e0:	7e0e                	ld	t3,224(sp)
    LREG x29, 29*REGBYTES(sp)
    800001e2:	7eae                	ld	t4,232(sp)
    LREG x30, 30*REGBYTES(sp)
    800001e4:	7f4e                	ld	t5,240(sp)
    LREG x31, 31*REGBYTES(sp)
    800001e6:	7fee                	ld	t6,248(sp)
    /* Restore sp last */
    LREG x2, 2*REGBYTES(sp)
    800001e8:	6142                	ld	sp,16(sp)

    mret
    800001ea:	30200073          	mret

00000000800001ee <_start_main>:
    .endm

    .global _start_main
    .type _start_main, @function
_start_main:
    BARRIER_PASS __boot_sync
    800001ee:	52fd                	li	t0,-1
    800001f0:	0110000f          	fence	w,w
    800001f4:	ac51a023          	sw	t0,-1344(gp) # 80004e10 <__boot_sync>
    ENTER main
    800001f8:	4505                	li	a0,1
    800001fa:	00004597          	auipc	a1,0x4
    800001fe:	7fe58593          	addi	a1,a1,2046 # 800049f8 <argv>
    80000202:	8101b603          	ld	a2,-2032(gp) # 80004b60 <environ>
    80000206:	02a000ef          	jal	80000230 <main>
    8000020a:	0c10206f          	j	80002aca <exit>

000000008000020e <_start_secondary>:

    .global _start_secondary
    .type _start_secondary, @function
_start_secondary:
    /* Synchronize secondary harts */
    BARRIER_WAIT __boot_sync
    8000020e:	ac01a283          	lw	t0,-1344(gp) # 80004e10 <__boot_sync>
    80000212:	fe028ee3          	beqz	t0,8000020e <_start_secondary>
    80000216:	0220000f          	fence	r,r
    ENTER __main
    8000021a:	4505                	li	a0,1
    8000021c:	00004597          	auipc	a1,0x4
    80000220:	7dc58593          	addi	a1,a1,2012 # 800049f8 <argv>
    80000224:	8101b603          	ld	a2,-2032(gp) # 80004b60 <environ>
    80000228:	710000ef          	jal	80000938 <__main>
    8000022c:	09f0206f          	j	80002aca <exit>

0000000080000230 <main>:
    80000230:	fe010113          	addi	sp,sp,-32
    80000234:	00113c23          	sd	ra,24(sp)
    80000238:	15d000ef          	jal	80000b94 <initialise_board>
    8000023c:	035020ef          	jal	80002a70 <initialise_benchmark>
    80000240:	00100513          	li	a0,1
    80000244:	031020ef          	jal	80002a74 <warm_caches>
    80000248:	2d0000ef          	jal	80000518 <rStartup>
    8000024c:	151000ef          	jal	80000b9c <start_trigger>
    80000250:	029020ef          	jal	80002a78 <benchmark>
    80000254:	00a12623          	sw	a0,12(sp)
    80000258:	14d000ef          	jal	80000ba4 <stop_trigger>
    8000025c:	698000ef          	jal	800008f4 <rCleanup>
    80000260:	00c12503          	lw	a0,12(sp)
    80000264:	7d4020ef          	jal	80002a38 <verify_benchmark>
    80000268:	01813083          	ld	ra,24(sp)
    8000026c:	00153513          	seqz	a0,a0
    80000270:	02010113          	addi	sp,sp,32
    80000274:	00008067          	ret

0000000080000278 <mtimecmp_cfg>:
    80000278:	f1402873          	csrr	a6,mhartid
    8000027c:	004017b7          	lui	a5,0x401
    80000280:	80078793          	addi	a5,a5,-2048 # 400800 <__heap_size+0x3e0800>
    80000284:	00f80833          	add	a6,a6,a5
    80000288:	0200c6b7          	lui	a3,0x200c
    8000028c:	0200c537          	lui	a0,0x200c
    80000290:	00381813          	slli	a6,a6,0x3
    80000294:	ffc68693          	addi	a3,a3,-4 # 200bffc <__heap_size+0x1febffc>
    80000298:	ff850513          	addi	a0,a0,-8 # 200bff8 <__heap_size+0x1febff8>
    8000029c:	0006a703          	lw	a4,0(a3)
    800002a0:	00052783          	lw	a5,0(a0)
    800002a4:	0006a583          	lw	a1,0(a3)
    800002a8:	0007061b          	sext.w	a2,a4
    800002ac:	0007879b          	sext.w	a5,a5
    800002b0:	feb716e3          	bne	a4,a1,8000029c <mtimecmp_cfg+0x24>
    800002b4:	02079793          	slli	a5,a5,0x20
    800002b8:	0207d793          	srli	a5,a5,0x20
    800002bc:	02061613          	slli	a2,a2,0x20
    800002c0:	00f66633          	or	a2,a2,a5
    800002c4:	02060613          	addi	a2,a2,32
    800002c8:	0006079b          	sext.w	a5,a2
    800002cc:	00f82023          	sw	a5,0(a6)
    800002d0:	42065613          	srai	a2,a2,0x20
    800002d4:	00c82223          	sw	a2,4(a6)
    800002d8:	00008067          	ret

00000000800002dc <handle_trap>:
    800002dc:	f14027f3          	csrr	a5,mhartid
    800002e0:	0805dc63          	bgez	a1,80000378 <handle_trap+0x9c>
    800002e4:	34402773          	csrr	a4,mip
    800002e8:	00877713          	andi	a4,a4,8
    800002ec:	00070c63          	beqz	a4,80000304 <handle_trap+0x28>
    800002f0:	00800737          	lui	a4,0x800
    800002f4:	00e787b3          	add	a5,a5,a4
    800002f8:	00279793          	slli	a5,a5,0x2
    800002fc:	0007a023          	sw	zero,0(a5)
    80000300:	00008067          	ret
    80000304:	34402773          	csrr	a4,mip
    80000308:	08077713          	andi	a4,a4,128
    8000030c:	06070a63          	beqz	a4,80000380 <handle_trap+0xa4>
    80000310:	06079e63          	bnez	a5,8000038c <handle_trap+0xb0>
    80000314:	8801a783          	lw	a5,-1920(gp) # 80004bd0 <timer_flags>
    80000318:	88018713          	addi	a4,gp,-1920 # 80004bd0 <timer_flags>
    8000031c:	0017879b          	addiw	a5,a5,1
    80000320:	00f72023          	sw	a5,0(a4) # 800000 <__heap_size+0x7e0000>
    80000324:	00072683          	lw	a3,0(a4)
    80000328:	03100793          	li	a5,49
    8000032c:	0cd7ce63          	blt	a5,a3,80000408 <handle_trap+0x12c>
    80000330:	0200c6b7          	lui	a3,0x200c
    80000334:	0200c837          	lui	a6,0x200c
    80000338:	ffc68693          	addi	a3,a3,-4 # 200bffc <__heap_size+0x1febffc>
    8000033c:	ff880813          	addi	a6,a6,-8 # 200bff8 <__heap_size+0x1febff8>
    80000340:	0006a703          	lw	a4,0(a3)
    80000344:	00082783          	lw	a5,0(a6)
    80000348:	0006a603          	lw	a2,0(a3)
    8000034c:	0007059b          	sext.w	a1,a4
    80000350:	0007879b          	sext.w	a5,a5
    80000354:	fec716e3          	bne	a4,a2,80000340 <handle_trap+0x64>
    80000358:	02079793          	slli	a5,a5,0x20
    8000035c:	02059593          	slli	a1,a1,0x20
    80000360:	0207d793          	srli	a5,a5,0x20
    80000364:	00f5e7b3          	or	a5,a1,a5
    80000368:	02078793          	addi	a5,a5,32
    8000036c:	02004737          	lui	a4,0x2004
    80000370:	00f73023          	sd	a5,0(a4) # 2004000 <__heap_size+0x1fe4000>
    80000374:	00008067          	ret
    80000378:	00b00793          	li	a5,11
    8000037c:	00f58463          	beq	a1,a5,80000384 <handle_trap+0xa8>
    80000380:	00008067          	ret
    80000384:	00450513          	addi	a0,a0,4
    80000388:	00008067          	ret
    8000038c:	00100713          	li	a4,1
    80000390:	08e78e63          	beq	a5,a4,8000042c <handle_trap+0x150>
    80000394:	00200713          	li	a4,2
    80000398:	0ee78c63          	beq	a5,a4,80000490 <handle_trap+0x1b4>
    8000039c:	00300713          	li	a4,3
    800003a0:	fee790e3          	bne	a5,a4,80000380 <handle_trap+0xa4>
    800003a4:	88c1a783          	lw	a5,-1908(gp) # 80004bdc <timer_flags+0xc>
    800003a8:	88018713          	addi	a4,gp,-1920 # 80004bd0 <timer_flags>
    800003ac:	0017879b          	addiw	a5,a5,1
    800003b0:	00f72623          	sw	a5,12(a4)
    800003b4:	00c72683          	lw	a3,12(a4)
    800003b8:	03100793          	li	a5,49
    800003bc:	14d7c863          	blt	a5,a3,8000050c <handle_trap+0x230>
    800003c0:	0200c6b7          	lui	a3,0x200c
    800003c4:	0200c837          	lui	a6,0x200c
    800003c8:	ffc68693          	addi	a3,a3,-4 # 200bffc <__heap_size+0x1febffc>
    800003cc:	ff880813          	addi	a6,a6,-8 # 200bff8 <__heap_size+0x1febff8>
    800003d0:	0006a703          	lw	a4,0(a3)
    800003d4:	00082783          	lw	a5,0(a6)
    800003d8:	0006a603          	lw	a2,0(a3)
    800003dc:	0007059b          	sext.w	a1,a4
    800003e0:	0007879b          	sext.w	a5,a5
    800003e4:	fec716e3          	bne	a4,a2,800003d0 <handle_trap+0xf4>
    800003e8:	02079793          	slli	a5,a5,0x20
    800003ec:	02059593          	slli	a1,a1,0x20
    800003f0:	0207d793          	srli	a5,a5,0x20
    800003f4:	00f5e7b3          	or	a5,a1,a5
    800003f8:	02004737          	lui	a4,0x2004
    800003fc:	02078793          	addi	a5,a5,32
    80000400:	00f73c23          	sd	a5,24(a4) # 2004018 <__heap_size+0x1fe4018>
    80000404:	00008067          	ret
    80000408:	00072703          	lw	a4,0(a4)
    8000040c:	f6e7dae3          	bge	a5,a4,80000380 <handle_trap+0xa4>
    80000410:	304027f3          	csrr	a5,mie
    80000414:	f7f7f793          	andi	a5,a5,-129
    80000418:	30479073          	csrw	mie,a5
    8000041c:	300027f3          	csrr	a5,mstatus
    80000420:	ff77f793          	andi	a5,a5,-9
    80000424:	30079073          	csrw	mstatus,a5
    80000428:	00008067          	ret
    8000042c:	8841a783          	lw	a5,-1916(gp) # 80004bd4 <timer_flags+0x4>
    80000430:	88018713          	addi	a4,gp,-1920 # 80004bd0 <timer_flags>
    80000434:	0017879b          	addiw	a5,a5,1
    80000438:	00f72223          	sw	a5,4(a4)
    8000043c:	00472683          	lw	a3,4(a4)
    80000440:	03100793          	li	a5,49
    80000444:	0ad7c863          	blt	a5,a3,800004f4 <handle_trap+0x218>
    80000448:	0200c6b7          	lui	a3,0x200c
    8000044c:	0200c837          	lui	a6,0x200c
    80000450:	ffc68693          	addi	a3,a3,-4 # 200bffc <__heap_size+0x1febffc>
    80000454:	ff880813          	addi	a6,a6,-8 # 200bff8 <__heap_size+0x1febff8>
    80000458:	0006a703          	lw	a4,0(a3)
    8000045c:	00082783          	lw	a5,0(a6)
    80000460:	0006a603          	lw	a2,0(a3)
    80000464:	0007059b          	sext.w	a1,a4
    80000468:	0007879b          	sext.w	a5,a5
    8000046c:	fec716e3          	bne	a4,a2,80000458 <handle_trap+0x17c>
    80000470:	02079793          	slli	a5,a5,0x20
    80000474:	02059593          	slli	a1,a1,0x20
    80000478:	0207d793          	srli	a5,a5,0x20
    8000047c:	00f5e7b3          	or	a5,a1,a5
    80000480:	02004737          	lui	a4,0x2004
    80000484:	02078793          	addi	a5,a5,32
    80000488:	00f73423          	sd	a5,8(a4) # 2004008 <__heap_size+0x1fe4008>
    8000048c:	00008067          	ret
    80000490:	8881a783          	lw	a5,-1912(gp) # 80004bd8 <timer_flags+0x8>
    80000494:	88018713          	addi	a4,gp,-1920 # 80004bd0 <timer_flags>
    80000498:	0017879b          	addiw	a5,a5,1
    8000049c:	00f72423          	sw	a5,8(a4)
    800004a0:	00872683          	lw	a3,8(a4)
    800004a4:	03100793          	li	a5,49
    800004a8:	04d7cc63          	blt	a5,a3,80000500 <handle_trap+0x224>
    800004ac:	0200c6b7          	lui	a3,0x200c
    800004b0:	0200c837          	lui	a6,0x200c
    800004b4:	ffc68693          	addi	a3,a3,-4 # 200bffc <__heap_size+0x1febffc>
    800004b8:	ff880813          	addi	a6,a6,-8 # 200bff8 <__heap_size+0x1febff8>
    800004bc:	0006a703          	lw	a4,0(a3)
    800004c0:	00082783          	lw	a5,0(a6)
    800004c4:	0006a603          	lw	a2,0(a3)
    800004c8:	0007059b          	sext.w	a1,a4
    800004cc:	0007879b          	sext.w	a5,a5
    800004d0:	fec716e3          	bne	a4,a2,800004bc <handle_trap+0x1e0>
    800004d4:	02079793          	slli	a5,a5,0x20
    800004d8:	02059593          	slli	a1,a1,0x20
    800004dc:	0207d793          	srli	a5,a5,0x20
    800004e0:	00f5e7b3          	or	a5,a1,a5
    800004e4:	02004737          	lui	a4,0x2004
    800004e8:	02078793          	addi	a5,a5,32
    800004ec:	00f73823          	sd	a5,16(a4) # 2004010 <__heap_size+0x1fe4010>
    800004f0:	00008067          	ret
    800004f4:	00472703          	lw	a4,4(a4)
    800004f8:	e8e7d4e3          	bge	a5,a4,80000380 <handle_trap+0xa4>
    800004fc:	f15ff06f          	j	80000410 <handle_trap+0x134>
    80000500:	00872703          	lw	a4,8(a4)
    80000504:	e6e7dee3          	bge	a5,a4,80000380 <handle_trap+0xa4>
    80000508:	f09ff06f          	j	80000410 <handle_trap+0x134>
    8000050c:	00c72703          	lw	a4,12(a4)
    80000510:	e6e7d8e3          	bge	a5,a4,80000380 <handle_trap+0xa4>
    80000514:	efdff06f          	j	80000410 <handle_trap+0x134>

0000000080000518 <rStartup>:
    80000518:	ff010113          	addi	sp,sp,-16
    8000051c:	00113423          	sd	ra,8(sp)
    80000520:	00813023          	sd	s0,0(sp)
    80000524:	00400593          	li	a1,4
    80000528:	3805a02b          	.word	0x3805a02b
    8000052c:	006405b7          	lui	a1,0x640
    80000530:	01258593          	addi	a1,a1,18 # 640012 <__heap_size+0x620012>
    80000534:	00200613          	li	a2,2
    80000538:	0cc5b02b          	.word	0x0cc5b02b
    8000053c:	106405b7          	lui	a1,0x10640
    80000540:	01258593          	addi	a1,a1,18 # 10640012 <__heap_size+0x10620012>
    80000544:	0cc5b02b          	.word	0x0cc5b02b
    80000548:	206405b7          	lui	a1,0x20640
    8000054c:	01258593          	addi	a1,a1,18 # 20640012 <__heap_size+0x20620012>
    80000550:	0cc5b02b          	.word	0x0cc5b02b
    80000554:	306405b7          	lui	a1,0x30640
    80000558:	01258593          	addi	a1,a1,18 # 30640012 <__heap_size+0x30620012>
    8000055c:	0cc5b02b          	.word	0x0cc5b02b
    80000560:	406405b7          	lui	a1,0x40640
    80000564:	01258593          	addi	a1,a1,18 # 40640012 <__heap_size+0x40620012>
    80000568:	0cc5b02b          	.word	0x0cc5b02b
    8000056c:	506405b7          	lui	a1,0x50640
    80000570:	01258593          	addi	a1,a1,18 # 50640012 <__heap_size+0x50620012>
    80000574:	0cc5b02b          	.word	0x0cc5b02b
    80000578:	606405b7          	lui	a1,0x60640
    8000057c:	01258593          	addi	a1,a1,18 # 60640012 <__heap_size+0x60620012>
    80000580:	0cc5b02b          	.word	0x0cc5b02b
    80000584:	20e405b7          	lui	a1,0x20e40
    80000588:	01258593          	addi	a1,a1,18 # 20e40012 <__heap_size+0x20e20012>
    8000058c:	0cc5b02b          	.word	0x0cc5b02b
    80000590:	30e405b7          	lui	a1,0x30e40
    80000594:	01258593          	addi	a1,a1,18 # 30e40012 <__heap_size+0x30e20012>
    80000598:	0cc5b02b          	.word	0x0cc5b02b
    8000059c:	40e405b7          	lui	a1,0x40e40
    800005a0:	01258593          	addi	a1,a1,18 # 40e40012 <__heap_size+0x40e20012>
    800005a4:	0cc5b02b          	.word	0x0cc5b02b
    800005a8:	02001737          	lui	a4,0x2001
    800005ac:	00671713          	slli	a4,a4,0x6
    800005b0:	00100693          	li	a3,1
    800005b4:	200007b7          	lui	a5,0x20000
    800005b8:	01270713          	addi	a4,a4,18 # 2001012 <__heap_size+0x1fe1012>
    800005bc:	10000537          	lui	a0,0x10000
    800005c0:	01f69693          	slli	a3,a3,0x1f
    800005c4:	00e7e5b3          	or	a1,a5,a4
    800005c8:	00200613          	li	a2,2
    800005cc:	0cc5b02b          	.word	0x0cc5b02b
    800005d0:	00a787b3          	add	a5,a5,a0
    800005d4:	fed798e3          	bne	a5,a3,800005c4 <rStartup+0xac>
    800005d8:	02011737          	lui	a4,0x2011
    800005dc:	00671713          	slli	a4,a4,0x6
    800005e0:	00100693          	li	a3,1
    800005e4:	200007b7          	lui	a5,0x20000
    800005e8:	01270713          	addi	a4,a4,18 # 2011012 <__heap_size+0x1ff1012>
    800005ec:	10000537          	lui	a0,0x10000
    800005f0:	01f69693          	slli	a3,a3,0x1f
    800005f4:	00e7e5b3          	or	a1,a5,a4
    800005f8:	00200613          	li	a2,2
    800005fc:	0cc5b02b          	.word	0x0cc5b02b
    80000600:	00a787b3          	add	a5,a5,a0
    80000604:	fed798e3          	bne	a5,a3,800005f4 <rStartup+0xdc>
    80000608:	046605b7          	lui	a1,0x4660
    8000060c:	02258593          	addi	a1,a1,34 # 4660022 <__heap_size+0x4640022>
    80000610:	0cc5b02b          	.word	0x0cc5b02b
    80000614:	146605b7          	lui	a1,0x14660
    80000618:	02258593          	addi	a1,a1,34 # 14660022 <__heap_size+0x14640022>
    8000061c:	0cc5b02b          	.word	0x0cc5b02b
    80000620:	246605b7          	lui	a1,0x24660
    80000624:	02258593          	addi	a1,a1,34 # 24660022 <__heap_size+0x24640022>
    80000628:	0cc5b02b          	.word	0x0cc5b02b
    8000062c:	346605b7          	lui	a1,0x34660
    80000630:	02258593          	addi	a1,a1,34 # 34660022 <__heap_size+0x34640022>
    80000634:	0cc5b02b          	.word	0x0cc5b02b
    80000638:	24e605b7          	lui	a1,0x24e60
    8000063c:	02258593          	addi	a1,a1,34 # 24e60022 <__heap_size+0x24e40022>
    80000640:	0cc5b02b          	.word	0x0cc5b02b
    80000644:	34e605b7          	lui	a1,0x34e60
    80000648:	02258593          	addi	a1,a1,34 # 34e60022 <__heap_size+0x34e40022>
    8000064c:	0cc5b02b          	.word	0x0cc5b02b
    80000650:	44e605b7          	lui	a1,0x44e60
    80000654:	02258593          	addi	a1,a1,34 # 44e60022 <__heap_size+0x44e40022>
    80000658:	0cc5b02b          	.word	0x0cc5b02b
    8000065c:	04043737          	lui	a4,0x4043
    80000660:	00571713          	slli	a4,a4,0x5
    80000664:	00100693          	li	a3,1
    80000668:	200007b7          	lui	a5,0x20000
    8000066c:	02270713          	addi	a4,a4,34 # 4043022 <__heap_size+0x4023022>
    80000670:	10000537          	lui	a0,0x10000
    80000674:	01f69693          	slli	a3,a3,0x1f
    80000678:	00e7e5b3          	or	a1,a5,a4
    8000067c:	00200613          	li	a2,2
    80000680:	0cc5b02b          	.word	0x0cc5b02b
    80000684:	00a787b3          	add	a5,a5,a0
    80000688:	fed798e3          	bne	a5,a3,80000678 <rStartup+0x160>
    8000068c:	04063737          	lui	a4,0x4063
    80000690:	00571713          	slli	a4,a4,0x5
    80000694:	00100693          	li	a3,1
    80000698:	200007b7          	lui	a5,0x20000
    8000069c:	02270713          	addi	a4,a4,34 # 4063022 <__heap_size+0x4043022>
    800006a0:	10000537          	lui	a0,0x10000
    800006a4:	01f69693          	slli	a3,a3,0x1f
    800006a8:	00e7e5b3          	or	a1,a5,a4
    800006ac:	00200613          	li	a2,2
    800006b0:	0cc5b02b          	.word	0x0cc5b02b
    800006b4:	00a787b3          	add	a5,a5,a0
    800006b8:	fed798e3          	bne	a5,a3,800006a8 <rStartup+0x190>
    800006bc:	1e6205b7          	lui	a1,0x1e620
    800006c0:	03258593          	addi	a1,a1,50 # 1e620032 <__heap_size+0x1e600032>
    800006c4:	0cc5b02b          	.word	0x0cc5b02b
    800006c8:	2e6205b7          	lui	a1,0x2e620
    800006cc:	03258593          	addi	a1,a1,50 # 2e620032 <__heap_size+0x2e600032>
    800006d0:	0cc5b02b          	.word	0x0cc5b02b
    800006d4:	3e6205b7          	lui	a1,0x3e620
    800006d8:	03258593          	addi	a1,a1,50 # 3e620032 <__heap_size+0x3e600032>
    800006dc:	0cc5b02b          	.word	0x0cc5b02b
    800006e0:	5e6205b7          	lui	a1,0x5e620
    800006e4:	03258593          	addi	a1,a1,50 # 5e620032 <__heap_size+0x5e600032>
    800006e8:	0cc5b02b          	.word	0x0cc5b02b
    800006ec:	6e6205b7          	lui	a1,0x6e620
    800006f0:	03258593          	addi	a1,a1,50 # 6e620032 <__heap_size+0x6e600032>
    800006f4:	0cc5b02b          	.word	0x0cc5b02b
    800006f8:	7e6205b7          	lui	a1,0x7e620
    800006fc:	03258593          	addi	a1,a1,50 # 7e620032 <__heap_size+0x7e600032>
    80000700:	0cc5b02b          	.word	0x0cc5b02b
    80000704:	25ea05b7          	lui	a1,0x25ea0
    80000708:	01258593          	addi	a1,a1,18 # 25ea0012 <__heap_size+0x25e80012>
    8000070c:	0cc5b02b          	.word	0x0cc5b02b
    80000710:	35ea05b7          	lui	a1,0x35ea0
    80000714:	01258593          	addi	a1,a1,18 # 35ea0012 <__heap_size+0x35e80012>
    80000718:	0cc5b02b          	.word	0x0cc5b02b
    8000071c:	102205b7          	lui	a1,0x10220
    80000720:	00458593          	addi	a1,a1,4 # 10220004 <__heap_size+0x10200004>
    80000724:	0cc5b02b          	.word	0x0cc5b02b
    80000728:	202405b7          	lui	a1,0x20240
    8000072c:	01458593          	addi	a1,a1,20 # 20240014 <__heap_size+0x20220014>
    80000730:	0cc5b02b          	.word	0x0cc5b02b
    80000734:	302605b7          	lui	a1,0x30260
    80000738:	02458593          	addi	a1,a1,36 # 30260024 <__heap_size+0x30240024>
    8000073c:	0cc5b02b          	.word	0x0cc5b02b
    80000740:	402805b7          	lui	a1,0x40280
    80000744:	03458593          	addi	a1,a1,52 # 40280034 <__heap_size+0x40260034>
    80000748:	0cc5b02b          	.word	0x0cc5b02b
    8000074c:	00001f37          	lui	t5,0x1
    80000750:	00001eb7          	lui	t4,0x1
    80000754:	00001e37          	lui	t3,0x1
    80000758:	00001337          	lui	t1,0x1
    8000075c:	000018b7          	lui	a7,0x1
    80000760:	00001837          	lui	a6,0x1
    80000764:	00001537          	lui	a0,0x1
    80000768:	08000693          	li	a3,128
    8000076c:	00000713          	li	a4,0
    80000770:	00100293          	li	t0,1
    80000774:	813f0f13          	addi	t5,t5,-2029 # 813 <__stack_align+0x803>
    80000778:	823e8e93          	addi	t4,t4,-2013 # 823 <__stack_align+0x813>
    8000077c:	833e0e13          	addi	t3,t3,-1997 # 833 <__stack_align+0x823>
    80000780:	87330313          	addi	t1,t1,-1933 # 873 <__stack_align+0x863>
    80000784:	c7388893          	addi	a7,a7,-909 # c73 <__stack_align+0xc63>
    80000788:	85380813          	addi	a6,a6,-1965 # 853 <__stack_align+0x843>
    8000078c:	c5350513          	addi	a0,a0,-941 # c53 <__stack_align+0xc43>
    80000790:	00400f93          	li	t6,4
    80000794:	00e297bb          	sllw	a5,t0,a4
    80000798:	01079793          	slli	a5,a5,0x10
    8000079c:	00d7e7b3          	or	a5,a5,a3
    800007a0:	01e7e5b3          	or	a1,a5,t5
    800007a4:	00200613          	li	a2,2
    800007a8:	0cc5b02b          	.word	0x0cc5b02b
    800007ac:	01d7e5b3          	or	a1,a5,t4
    800007b0:	0cc5b02b          	.word	0x0cc5b02b
    800007b4:	01c7e5b3          	or	a1,a5,t3
    800007b8:	0cc5b02b          	.word	0x0cc5b02b
    800007bc:	4137e593          	ori	a1,a5,1043
    800007c0:	0cc5b02b          	.word	0x0cc5b02b
    800007c4:	4237e593          	ori	a1,a5,1059
    800007c8:	0cc5b02b          	.word	0x0cc5b02b
    800007cc:	4337e593          	ori	a1,a5,1075
    800007d0:	0cc5b02b          	.word	0x0cc5b02b
    800007d4:	0067e5b3          	or	a1,a5,t1
    800007d8:	0cc5b02b          	.word	0x0cc5b02b
    800007dc:	4737e593          	ori	a1,a5,1139
    800007e0:	0cc5b02b          	.word	0x0cc5b02b
    800007e4:	0117e5b3          	or	a1,a5,a7
    800007e8:	0cc5b02b          	.word	0x0cc5b02b
    800007ec:	0107e5b3          	or	a1,a5,a6
    800007f0:	0cc5b02b          	.word	0x0cc5b02b
    800007f4:	4537e593          	ori	a1,a5,1107
    800007f8:	0cc5b02b          	.word	0x0cc5b02b
    800007fc:	00a7e5b3          	or	a1,a5,a0
    80000800:	0cc5b02b          	.word	0x0cc5b02b
    80000804:	0017071b          	addiw	a4,a4,1
    80000808:	08068693          	addi	a3,a3,128
    8000080c:	f9f714e3          	bne	a4,t6,80000794 <rStartup+0x27c>
    80000810:	00500593          	li	a1,5
    80000814:	0cc5b02b          	.word	0x0cc5b02b
    80000818:	00f00593          	li	a1,15
    8000081c:	fa05a02b          	.word	0xfa05a02b
    80000820:	fc00452b          	.word	0xfc00452b
    80000824:	82018413          	addi	s0,gp,-2016 # 80004b70 <uart_lock>
    80000828:	00050593          	mv	a1,a0
    8000082c:	00100713          	li	a4,1
    80000830:	0ce427af          	amoswap.w.aq	a5,a4,(s0)
    80000834:	0007879b          	sext.w	a5,a5
    80000838:	fe079ce3          	bnez	a5,80000830 <rStartup+0x318>
    8000083c:	00004517          	auipc	a0,0x4
    80000840:	e4c50513          	addi	a0,a0,-436 # 80004688 <__tbss_end>
    80000844:	732020ef          	jal	80002f76 <iprintf>
    80000848:	0a04202f          	amoswap.w.rl	zero,zero,(s0)
    8000084c:	304027f3          	csrr	a5,mie
    80000850:	0087e793          	ori	a5,a5,8
    80000854:	30479073          	csrw	mie,a5
    80000858:	300027f3          	csrr	a5,mstatus
    8000085c:	0087e793          	ori	a5,a5,8
    80000860:	30079073          	csrw	mstatus,a5
    80000864:	f14027f3          	csrr	a5,mhartid
    80000868:	00800737          	lui	a4,0x800
    8000086c:	00e787b3          	add	a5,a5,a4
    80000870:	00279793          	slli	a5,a5,0x2
    80000874:	00100713          	li	a4,1
    80000878:	00e7a023          	sw	a4,0(a5) # 20000000 <__heap_size+0x1ffe0000>
    8000087c:	3600452b          	.word	0x3600452b
    80000880:	fe050ee3          	beqz	a0,8000087c <rStartup+0x364>
    80000884:	00100593          	li	a1,1
    80000888:	2c05a02b          	.word	0x2c05a02b
    8000088c:	9edff0ef          	jal	80000278 <mtimecmp_cfg>
    80000890:	304027f3          	csrr	a5,mie
    80000894:	0807e793          	ori	a5,a5,128
    80000898:	30479073          	csrw	mie,a5
    8000089c:	6200002b          	.word	0x6200002b
    800008a0:	00100593          	li	a1,1
    800008a4:	e005a02b          	.word	0xe005a02b
    800008a8:	00100713          	li	a4,1
    800008ac:	0ce427af          	amoswap.w.aq	a5,a4,(s0)
    800008b0:	0007879b          	sext.w	a5,a5
    800008b4:	fe079ce3          	bnez	a5,800008ac <rStartup+0x394>
    800008b8:	000016b7          	lui	a3,0x1
    800008bc:	38868693          	addi	a3,a3,904 # 1388 <__stack_align+0x1378>
    800008c0:	00100613          	li	a2,1
    800008c4:	00000593          	li	a1,0
    800008c8:	00004517          	auipc	a0,0x4
    800008cc:	de050513          	addi	a0,a0,-544 # 800046a8 <__tbss_end+0x20>
    800008d0:	6a6020ef          	jal	80002f76 <iprintf>
    800008d4:	00004517          	auipc	a0,0x4
    800008d8:	e1c50513          	addi	a0,a0,-484 # 800046f0 <__tbss_end+0x68>
    800008dc:	69a020ef          	jal	80002f76 <iprintf>
    800008e0:	0a04202f          	amoswap.w.rl	zero,zero,(s0)
    800008e4:	00813083          	ld	ra,8(sp)
    800008e8:	00013403          	ld	s0,0(sp)
    800008ec:	01010113          	addi	sp,sp,16
    800008f0:	00008067          	ret

00000000800008f4 <rCleanup>:
    800008f4:	00200593          	li	a1,2
    800008f8:	e005a02b          	.word	0xe005a02b
    800008fc:	01a00793          	li	a5,26
    80000900:	00000013          	nop
    80000904:	fff7879b          	addiw	a5,a5,-1
    80000908:	fe079ce3          	bnez	a5,80000900 <rCleanup+0xc>
    8000090c:	6400002b          	.word	0x6400002b
    80000910:	000207b7          	lui	a5,0x20
    80000914:	ffe78793          	addi	a5,a5,-2 # 1fffe <__stack_size+0x17ffe>
    80000918:	00000593          	li	a1,0
    8000091c:	00000613          	li	a2,0
    80000920:	0cc5f52b          	.word	0x0cc5f52b
    80000924:	fea7fae3          	bgeu	a5,a0,80000918 <rCleanup+0x24>
    80000928:	00200593          	li	a1,2
    8000092c:	2c05a02b          	.word	0x2c05a02b
    80000930:	6000002b          	.word	0x6000002b
    80000934:	00008067          	ret

0000000080000938 <__main>:
    80000938:	ff010113          	addi	sp,sp,-16
    8000093c:	00113423          	sd	ra,8(sp)
    80000940:	f14027f3          	csrr	a5,mhartid
    80000944:	00300713          	li	a4,3
    80000948:	0ae78e63          	beq	a5,a4,80000a04 <__main+0xcc>
    8000094c:	0af76263          	bltu	a4,a5,800009f0 <__main+0xb8>
    80000950:	00100713          	li	a4,1
    80000954:	04e78a63          	beq	a5,a4,800009a8 <__main+0x70>
    80000958:	00200693          	li	a3,2
    8000095c:	0ed79c63          	bne	a5,a3,80000a54 <__main+0x11c>
    80000960:	304027f3          	csrr	a5,mie
    80000964:	0087e793          	ori	a5,a5,8
    80000968:	30479073          	csrw	mie,a5
    8000096c:	300027f3          	csrr	a5,mstatus
    80000970:	0087e793          	ori	a5,a5,8
    80000974:	30079073          	csrw	mstatus,a5
    80000978:	f14027f3          	csrr	a5,mhartid
    8000097c:	008006b7          	lui	a3,0x800
    80000980:	00d787b3          	add	a5,a5,a3
    80000984:	00279793          	slli	a5,a5,0x2
    80000988:	00e7a023          	sw	a4,0(a5)
    8000098c:	8edff0ef          	jal	80000278 <mtimecmp_cfg>
    80000990:	304027f3          	csrr	a5,mie
    80000994:	0807e793          	ori	a5,a5,128
    80000998:	30479073          	csrw	mie,a5
    8000099c:	00200513          	li	a0,2
    800009a0:	0b8000ef          	jal	80000a58 <checker>
    800009a4:	0000006f          	j	800009a4 <__main+0x6c>
    800009a8:	30402773          	csrr	a4,mie
    800009ac:	00876713          	ori	a4,a4,8
    800009b0:	30471073          	csrw	mie,a4
    800009b4:	30002773          	csrr	a4,mstatus
    800009b8:	00876713          	ori	a4,a4,8
    800009bc:	30071073          	csrw	mstatus,a4
    800009c0:	f1402773          	csrr	a4,mhartid
    800009c4:	008006b7          	lui	a3,0x800
    800009c8:	00d70733          	add	a4,a4,a3
    800009cc:	00271713          	slli	a4,a4,0x2
    800009d0:	00f72023          	sw	a5,0(a4) # 800000 <__heap_size+0x7e0000>
    800009d4:	8a5ff0ef          	jal	80000278 <mtimecmp_cfg>
    800009d8:	304027f3          	csrr	a5,mie
    800009dc:	0807e793          	ori	a5,a5,128
    800009e0:	30479073          	csrw	mie,a5
    800009e4:	00100513          	li	a0,1
    800009e8:	070000ef          	jal	80000a58 <checker>
    800009ec:	fb9ff06f          	j	800009a4 <__main+0x6c>
    800009f0:	00400713          	li	a4,4
    800009f4:	04e79e63          	bne	a5,a4,80000a50 <__main+0x118>
    800009f8:	00400513          	li	a0,4
    800009fc:	05c000ef          	jal	80000a58 <checker>
    80000a00:	fa5ff06f          	j	800009a4 <__main+0x6c>
    80000a04:	304027f3          	csrr	a5,mie
    80000a08:	0087e793          	ori	a5,a5,8
    80000a0c:	30479073          	csrw	mie,a5
    80000a10:	300027f3          	csrr	a5,mstatus
    80000a14:	0087e793          	ori	a5,a5,8
    80000a18:	30079073          	csrw	mstatus,a5
    80000a1c:	f14027f3          	csrr	a5,mhartid
    80000a20:	00800737          	lui	a4,0x800
    80000a24:	00e787b3          	add	a5,a5,a4
    80000a28:	00279793          	slli	a5,a5,0x2
    80000a2c:	00100713          	li	a4,1
    80000a30:	00e7a023          	sw	a4,0(a5)
    80000a34:	845ff0ef          	jal	80000278 <mtimecmp_cfg>
    80000a38:	304027f3          	csrr	a5,mie
    80000a3c:	0807e793          	ori	a5,a5,128
    80000a40:	30479073          	csrw	mie,a5
    80000a44:	00300513          	li	a0,3
    80000a48:	010000ef          	jal	80000a58 <checker>
    80000a4c:	f59ff06f          	j	800009a4 <__main+0x6c>
    80000a50:	f55ff06f          	j	800009a4 <__main+0x6c>
    80000a54:	f51ff06f          	j	800009a4 <__main+0x6c>

0000000080000a58 <checker>:
    80000a58:	00100593          	li	a1,1
    80000a5c:	0205a02b          	.word	0x0205a02b
    80000a60:	2c05a02b          	.word	0x2c05a02b
    80000a64:	8000002b          	.word	0x8000002b
    80000a68:	a200002b          	.word	0xa200002b
    80000a6c:	000015b7          	lui	a1,0x1
    80000a70:	38858593          	addi	a1,a1,904 # 1388 <__stack_align+0x1378>
    80000a74:	f205a02b          	.word	0xf205a02b
    80000a78:	00100593          	li	a1,1
    80000a7c:	ec05a02b          	.word	0xec05a02b
    80000a80:	00000593          	li	a1,0
    80000a84:	ec05a02b          	.word	0xec05a02b
    80000a88:	02000593          	li	a1,32
    80000a8c:	ec05a02b          	.word	0xec05a02b
    80000a90:	00000593          	li	a1,0
    80000a94:	ec05a02b          	.word	0xec05a02b
    80000a98:	ea00002b          	.word	0xea00002b
    80000a9c:	e600002b          	.word	0xe600002b
    80000aa0:	c800002b          	.word	0xc800002b
    80000aa4:	00200793          	li	a5,2
    80000aa8:	00800713          	li	a4,8
    80000aac:	0100006f          	j	80000abc <checker+0x64>
    80000ab0:	c200452b          	.word	0xc200452b
    80000ab4:	01857513          	andi	a0,a0,24
    80000ab8:	04e50a63          	beq	a0,a4,80000b0c <checker+0xb4>
    80000abc:	0e00452b          	.word	0x0e00452b
    80000ac0:	fef518e3          	bne	a0,a5,80000ab0 <checker+0x58>
    80000ac4:	04000593          	li	a1,64
    80000ac8:	ec05a02b          	.word	0xec05a02b
    80000acc:	00000593          	li	a1,0
    80000ad0:	ec05a02b          	.word	0xec05a02b
    80000ad4:	e400002b          	.word	0xe400002b
    80000ad8:	c000002b          	.word	0xc000002b
    80000adc:	00000013          	nop
    80000ae0:	00000013          	nop
    80000ae4:	00000013          	nop
    80000ae8:	00000013          	nop
    80000aec:	00000013          	nop
    80000af0:	00200793          	li	a5,2
    80000af4:	0e00452b          	.word	0x0e00452b
    80000af8:	fef51ee3          	bne	a0,a5,80000af4 <checker+0x9c>
    80000afc:	8600002b          	.word	0x8600002b
    80000b00:	00200593          	li	a1,2
    80000b04:	2c05a02b          	.word	0x2c05a02b
    80000b08:	0000006f          	j	80000b08 <checker+0xb0>
    80000b0c:	c000002b          	.word	0xc000002b
    80000b10:	00001067          	.word	0x00001067
    80000b14:	fa9ff06f          	j	80000abc <checker+0x64>

0000000080000b18 <task_synthetic_malloc>:
    80000b18:	ff010113          	addi	sp,sp,-16
    80000b1c:	00813023          	sd	s0,0(sp)
    80000b20:	00050413          	mv	s0,a0
    80000b24:	08000513          	li	a0,128
    80000b28:	00113423          	sd	ra,8(sp)
    80000b2c:	7c5010ef          	jal	80002af0 <malloc>
    80000b30:	04050863          	beqz	a0,80000b80 <task_synthetic_malloc+0x68>
    80000b34:	0004069b          	sext.w	a3,s0
    80000b38:	00050793          	mv	a5,a0
    80000b3c:	08050613          	addi	a2,a0,128
    80000b40:	00050713          	mv	a4,a0
    80000b44:	00d72023          	sw	a3,0(a4) # 800000 <__heap_size+0x7e0000>
    80000b48:	00470713          	addi	a4,a4,4
    80000b4c:	0016869b          	addiw	a3,a3,1 # 800001 <__heap_size+0x7e0001>
    80000b50:	fec71ae3          	bne	a4,a2,80000b44 <task_synthetic_malloc+0x2c>
    80000b54:	00000413          	li	s0,0
    80000b58:	0007a703          	lw	a4,0(a5)
    80000b5c:	00478793          	addi	a5,a5,4
    80000b60:	0087043b          	addw	s0,a4,s0
    80000b64:	fec79ae3          	bne	a5,a2,80000b58 <task_synthetic_malloc+0x40>
    80000b68:	795010ef          	jal	80002afc <free>
    80000b6c:	00813083          	ld	ra,8(sp)
    80000b70:	00040513          	mv	a0,s0
    80000b74:	00013403          	ld	s0,0(sp)
    80000b78:	01010113          	addi	sp,sp,16
    80000b7c:	00008067          	ret
    80000b80:	00004517          	auipc	a0,0x4
    80000b84:	ba050513          	addi	a0,a0,-1120 # 80004720 <__tbss_end+0x98>
    80000b88:	3ee020ef          	jal	80002f76 <iprintf>
    80000b8c:	00000513          	li	a0,0
    80000b90:	73b010ef          	jal	80002aca <exit>

0000000080000b94 <initialise_board>:
    80000b94:	00000513          	li	a0,0
    80000b98:	00008067          	ret

0000000080000b9c <start_trigger>:
    80000b9c:	00000513          	li	a0,0
    80000ba0:	00008067          	ret

0000000080000ba4 <stop_trigger>:
    80000ba4:	00000513          	li	a0,0
    80000ba8:	00008067          	ret

0000000080000bac <rand_beebs>:
    80000bac:	84018713          	addi	a4,gp,-1984 # 80004b90 <seed>
    80000bb0:	00073503          	ld	a0,0(a4)
    80000bb4:	41c657b7          	lui	a5,0x41c65
    80000bb8:	e6d78793          	addi	a5,a5,-403 # 41c64e6d <__heap_size+0x41c44e6d>
    80000bbc:	02f50533          	mul	a0,a0,a5
    80000bc0:	000037b7          	lui	a5,0x3
    80000bc4:	03978793          	addi	a5,a5,57 # 3039 <__stack_align+0x3029>
    80000bc8:	00f50533          	add	a0,a0,a5
    80000bcc:	02151513          	slli	a0,a0,0x21
    80000bd0:	02155513          	srli	a0,a0,0x21
    80000bd4:	00a73023          	sd	a0,0(a4)
    80000bd8:	01055513          	srli	a0,a0,0x10
    80000bdc:	00008067          	ret

0000000080000be0 <srand_beebs>:
    80000be0:	02051513          	slli	a0,a0,0x20
    80000be4:	02055513          	srli	a0,a0,0x20
    80000be8:	84a1b023          	sd	a0,-1984(gp) # 80004b90 <seed>
    80000bec:	00008067          	ret

0000000080000bf0 <init_heap_beebs>:
    80000bf0:	0075f793          	andi	a5,a1,7
    80000bf4:	00079c63          	bnez	a5,80000c0c <init_heap_beebs+0x1c>
    80000bf8:	00b505b3          	add	a1,a0,a1
    80000bfc:	82a1bc23          	sd	a0,-1992(gp) # 80004b88 <heap_ptr>
    80000c00:	82b1b823          	sd	a1,-2000(gp) # 80004b80 <heap_end>
    80000c04:	8201b423          	sd	zero,-2008(gp) # 80004b78 <heap_requested>
    80000c08:	00008067          	ret
    80000c0c:	ff010113          	addi	sp,sp,-16
    80000c10:	00004697          	auipc	a3,0x4
    80000c14:	b3068693          	addi	a3,a3,-1232 # 80004740 <__tbss_end+0xb8>
    80000c18:	00004617          	auipc	a2,0x4
    80000c1c:	c2860613          	addi	a2,a2,-984 # 80004840 <__func__.0>
    80000c20:	04100593          	li	a1,65
    80000c24:	00004517          	auipc	a0,0x4
    80000c28:	b3c50513          	addi	a0,a0,-1220 # 80004760 <__tbss_end+0xd8>
    80000c2c:	00113423          	sd	ra,8(sp)
    80000c30:	651010ef          	jal	80002a80 <__assert_func>

0000000080000c34 <check_heap_beebs>:
    80000c34:	8281b783          	ld	a5,-2008(gp) # 80004b78 <heap_requested>
    80000c38:	00f507b3          	add	a5,a0,a5
    80000c3c:	8301b503          	ld	a0,-2000(gp) # 80004b80 <heap_end>
    80000c40:	00f53533          	sltu	a0,a0,a5
    80000c44:	00154513          	xori	a0,a0,1
    80000c48:	00008067          	ret

0000000080000c4c <malloc_beebs>:
    80000c4c:	00050793          	mv	a5,a0
    80000c50:	04050a63          	beqz	a0,80000ca4 <malloc_beebs+0x58>
    80000c54:	83818613          	addi	a2,gp,-1992 # 80004b88 <heap_ptr>
    80000c58:	00063503          	ld	a0,0(a2)
    80000c5c:	82818693          	addi	a3,gp,-2008 # 80004b78 <heap_requested>
    80000c60:	0006b583          	ld	a1,0(a3)
    80000c64:	00f50733          	add	a4,a0,a5
    80000c68:	00777813          	andi	a6,a4,7
    80000c6c:	00b787b3          	add	a5,a5,a1
    80000c70:	00081c63          	bnez	a6,80000c88 <malloc_beebs+0x3c>
    80000c74:	00f6b023          	sd	a5,0(a3)
    80000c78:	8301b783          	ld	a5,-2000(gp) # 80004b80 <heap_end>
    80000c7c:	02e7e463          	bltu	a5,a4,80000ca4 <malloc_beebs+0x58>
    80000c80:	00e63023          	sd	a4,0(a2)
    80000c84:	00008067          	ret
    80000c88:	00800593          	li	a1,8
    80000c8c:	410585b3          	sub	a1,a1,a6
    80000c90:	00b787b3          	add	a5,a5,a1
    80000c94:	00f6b023          	sd	a5,0(a3)
    80000c98:	00b70733          	add	a4,a4,a1
    80000c9c:	8301b783          	ld	a5,-2000(gp) # 80004b80 <heap_end>
    80000ca0:	fee7f0e3          	bgeu	a5,a4,80000c80 <malloc_beebs+0x34>
    80000ca4:	00000513          	li	a0,0
    80000ca8:	00008067          	ret

0000000080000cac <calloc_beebs>:
    80000cac:	02b50633          	mul	a2,a0,a1
    80000cb0:	06060a63          	beqz	a2,80000d24 <calloc_beebs+0x78>
    80000cb4:	83818513          	addi	a0,gp,-1992 # 80004b88 <heap_ptr>
    80000cb8:	00053783          	ld	a5,0(a0)
    80000cbc:	82818593          	addi	a1,gp,-2008 # 80004b78 <heap_requested>
    80000cc0:	0005b703          	ld	a4,0(a1)
    80000cc4:	00c786b3          	add	a3,a5,a2
    80000cc8:	0076f893          	andi	a7,a3,7
    80000ccc:	00e60733          	add	a4,a2,a4
    80000cd0:	02089c63          	bnez	a7,80000d08 <calloc_beebs+0x5c>
    80000cd4:	00e5b023          	sd	a4,0(a1)
    80000cd8:	8301b703          	ld	a4,-2000(gp) # 80004b80 <heap_end>
    80000cdc:	04d76463          	bltu	a4,a3,80000d24 <calloc_beebs+0x78>
    80000ce0:	00d53023          	sd	a3,0(a0)
    80000ce4:	04078263          	beqz	a5,80000d28 <calloc_beebs+0x7c>
    80000ce8:	ff010113          	addi	sp,sp,-16
    80000cec:	00000593          	li	a1,0
    80000cf0:	00078513          	mv	a0,a5
    80000cf4:	00113423          	sd	ra,8(sp)
    80000cf8:	514020ef          	jal	8000320c <memset>
    80000cfc:	00813083          	ld	ra,8(sp)
    80000d00:	01010113          	addi	sp,sp,16
    80000d04:	00008067          	ret
    80000d08:	00800813          	li	a6,8
    80000d0c:	41180833          	sub	a6,a6,a7
    80000d10:	01070733          	add	a4,a4,a6
    80000d14:	00e5b023          	sd	a4,0(a1)
    80000d18:	010686b3          	add	a3,a3,a6
    80000d1c:	8301b703          	ld	a4,-2000(gp) # 80004b80 <heap_end>
    80000d20:	fcd770e3          	bgeu	a4,a3,80000ce0 <calloc_beebs+0x34>
    80000d24:	00000793          	li	a5,0
    80000d28:	00078513          	mv	a0,a5
    80000d2c:	00008067          	ret

0000000080000d30 <realloc_beebs>:
    80000d30:	06050c63          	beqz	a0,80000da8 <realloc_beebs+0x78>
    80000d34:	fe010113          	addi	sp,sp,-32
    80000d38:	00813823          	sd	s0,16(sp)
    80000d3c:	00050413          	mv	s0,a0
    80000d40:	00058513          	mv	a0,a1
    80000d44:	00913423          	sd	s1,8(sp)
    80000d48:	00113c23          	sd	ra,24(sp)
    80000d4c:	00058493          	mv	s1,a1
    80000d50:	efdff0ef          	jal	80000c4c <malloc_beebs>
    80000d54:	02050e63          	beqz	a0,80000d90 <realloc_beebs+0x60>
    80000d58:	00040793          	mv	a5,s0
    80000d5c:	00050713          	mv	a4,a0
    80000d60:	00940633          	add	a2,s0,s1
    80000d64:	00048c63          	beqz	s1,80000d7c <realloc_beebs+0x4c>
    80000d68:	0007c683          	lbu	a3,0(a5)
    80000d6c:	00178793          	addi	a5,a5,1
    80000d70:	00170713          	addi	a4,a4,1
    80000d74:	fed70fa3          	sb	a3,-1(a4)
    80000d78:	fec798e3          	bne	a5,a2,80000d68 <realloc_beebs+0x38>
    80000d7c:	01813083          	ld	ra,24(sp)
    80000d80:	01013403          	ld	s0,16(sp)
    80000d84:	00813483          	ld	s1,8(sp)
    80000d88:	02010113          	addi	sp,sp,32
    80000d8c:	00008067          	ret
    80000d90:	01813083          	ld	ra,24(sp)
    80000d94:	01013403          	ld	s0,16(sp)
    80000d98:	00813483          	ld	s1,8(sp)
    80000d9c:	00000513          	li	a0,0
    80000da0:	02010113          	addi	sp,sp,32
    80000da4:	00008067          	ret
    80000da8:	00000513          	li	a0,0
    80000dac:	00008067          	ret

0000000080000db0 <free_beebs>:
    80000db0:	00008067          	ret

0000000080000db4 <sha256_init>:
    80000db4:	ff010113          	addi	sp,sp,-16
    80000db8:	02000613          	li	a2,32
    80000dbc:	00004597          	auipc	a1,0x4
    80000dc0:	a9458593          	addi	a1,a1,-1388 # 80004850 <H0.0>
    80000dc4:	00813023          	sd	s0,0(sp)
    80000dc8:	00113423          	sd	ra,8(sp)
    80000dcc:	00050413          	mv	s0,a0
    80000dd0:	44c020ef          	jal	8000321c <memcpy>
    80000dd4:	00813083          	ld	ra,8(sp)
    80000dd8:	02043023          	sd	zero,32(s0)
    80000ddc:	06042423          	sw	zero,104(s0)
    80000de0:	00013403          	ld	s0,0(sp)
    80000de4:	01010113          	addi	sp,sp,16
    80000de8:	00008067          	ret

0000000080000dec <_nettle_write_be32>:
    80000dec:	00255813          	srli	a6,a0,0x2
    80000df0:	00357513          	andi	a0,a0,3
    80000df4:	08080463          	beqz	a6,80000e7c <_nettle_write_be32+0x90>
    80000df8:	00281693          	slli	a3,a6,0x2
    80000dfc:	00060793          	mv	a5,a2
    80000e00:	00d586b3          	add	a3,a1,a3
    80000e04:	0037c703          	lbu	a4,3(a5)
    80000e08:	00478793          	addi	a5,a5,4
    80000e0c:	00458593          	addi	a1,a1,4
    80000e10:	fee58e23          	sb	a4,-4(a1)
    80000e14:	ffe7d703          	lhu	a4,-2(a5)
    80000e18:	fee58ea3          	sb	a4,-3(a1)
    80000e1c:	ffc7a703          	lw	a4,-4(a5)
    80000e20:	0087571b          	srliw	a4,a4,0x8
    80000e24:	fee58f23          	sb	a4,-2(a1)
    80000e28:	ffc7a703          	lw	a4,-4(a5)
    80000e2c:	fee58fa3          	sb	a4,-1(a1)
    80000e30:	fcd59ae3          	bne	a1,a3,80000e04 <_nettle_write_be32+0x18>
    80000e34:	02050463          	beqz	a0,80000e5c <_nettle_write_be32+0x70>
    80000e38:	00281813          	slli	a6,a6,0x2
    80000e3c:	01060633          	add	a2,a2,a6
    80000e40:	00200713          	li	a4,2
    80000e44:	00062783          	lw	a5,0(a2)
    80000e48:	02e50063          	beq	a0,a4,80000e68 <_nettle_write_be32+0x7c>
    80000e4c:	00300713          	li	a4,3
    80000e50:	00e50863          	beq	a0,a4,80000e60 <_nettle_write_be32+0x74>
    80000e54:	0187d79b          	srliw	a5,a5,0x18
    80000e58:	00f68023          	sb	a5,0(a3)
    80000e5c:	00008067          	ret
    80000e60:	0087d71b          	srliw	a4,a5,0x8
    80000e64:	00e68123          	sb	a4,2(a3)
    80000e68:	0107d71b          	srliw	a4,a5,0x10
    80000e6c:	0187d79b          	srliw	a5,a5,0x18
    80000e70:	00e680a3          	sb	a4,1(a3)
    80000e74:	00f68023          	sb	a5,0(a3)
    80000e78:	00008067          	ret
    80000e7c:	00058693          	mv	a3,a1
    80000e80:	fb5ff06f          	j	80000e34 <_nettle_write_be32+0x48>

0000000080000e84 <_nettle_sha256_compress>:
    80000e84:	ea010113          	addi	sp,sp,-352
    80000e88:	14813c23          	sd	s0,344(sp)
    80000e8c:	14913823          	sd	s1,336(sp)
    80000e90:	15213423          	sd	s2,328(sp)
    80000e94:	15313023          	sd	s3,320(sp)
    80000e98:	13413c23          	sd	s4,312(sp)
    80000e9c:	13513823          	sd	s5,304(sp)
    80000ea0:	13613423          	sd	s6,296(sp)
    80000ea4:	13713023          	sd	s7,288(sp)
    80000ea8:	11813c23          	sd	s8,280(sp)
    80000eac:	11913823          	sd	s9,272(sp)
    80000eb0:	11a13423          	sd	s10,264(sp)
    80000eb4:	11b13023          	sd	s11,256(sp)
    80000eb8:	00050713          	mv	a4,a0
    80000ebc:	00060413          	mv	s0,a2
    80000ec0:	0c010693          	addi	a3,sp,192
    80000ec4:	10010893          	addi	a7,sp,256
    80000ec8:	0005c783          	lbu	a5,0(a1)
    80000ecc:	0015c503          	lbu	a0,1(a1)
    80000ed0:	0035c803          	lbu	a6,3(a1)
    80000ed4:	0025c603          	lbu	a2,2(a1)
    80000ed8:	0187979b          	slliw	a5,a5,0x18
    80000edc:	0105151b          	slliw	a0,a0,0x10
    80000ee0:	00a7e7b3          	or	a5,a5,a0
    80000ee4:	0107e7b3          	or	a5,a5,a6
    80000ee8:	0086161b          	slliw	a2,a2,0x8
    80000eec:	00c7e7b3          	or	a5,a5,a2
    80000ef0:	00f6a023          	sw	a5,0(a3)
    80000ef4:	00468693          	addi	a3,a3,4
    80000ef8:	00458593          	addi	a1,a1,4
    80000efc:	fcd896e3          	bne	a7,a3,80000ec8 <_nettle_sha256_compress+0x44>
    80000f00:	01872783          	lw	a5,24(a4)
    80000f04:	00072483          	lw	s1,0(a4)
    80000f08:	00472903          	lw	s2,4(a4)
    80000f0c:	01072d03          	lw	s10,16(a4)
    80000f10:	00872683          	lw	a3,8(a4)
    80000f14:	00c72383          	lw	t2,12(a4)
    80000f18:	01472d83          	lw	s11,20(a4)
    80000f1c:	01c72c03          	lw	s8,28(a4)
    80000f20:	08f13423          	sd	a5,136(sp)
    80000f24:	00078f13          	mv	t5,a5
    80000f28:	06d13c23          	sd	a3,120(sp)
    80000f2c:	08713023          	sd	t2,128(sp)
    80000f30:	04040b13          	addi	s6,s0,64
    80000f34:	000c0293          	mv	t0,s8
    80000f38:	000d8f93          	mv	t6,s11
    80000f3c:	000d0893          	mv	a7,s10
    80000f40:	00090613          	mv	a2,s2
    80000f44:	00048793          	mv	a5,s1
    80000f48:	00040313          	mv	t1,s0
    80000f4c:	0c010813          	addi	a6,sp,192
    80000f50:	00913023          	sd	s1,0(sp)
    80000f54:	01213423          	sd	s2,8(sp)
    80000f58:	01a13823          	sd	s10,16(sp)
    80000f5c:	00032d03          	lw	s10,0(t1)
    80000f60:	01a8949b          	slliw	s1,a7,0x1a
    80000f64:	0158959b          	slliw	a1,a7,0x15
    80000f68:	00082503          	lw	a0,0(a6)
    80000f6c:	0068de1b          	srliw	t3,a7,0x6
    80000f70:	00b8de9b          	srliw	t4,a7,0xb
    80000f74:	0198d91b          	srliw	s2,a7,0x19
    80000f78:	00beeeb3          	or	t4,t4,a1
    80000f7c:	00789a1b          	slliw	s4,a7,0x7
    80000f80:	009e6e33          	or	t3,t3,s1
    80000f84:	0027dc9b          	srliw	s9,a5,0x2
    80000f88:	01efc4b3          	xor	s1,t6,t5
    80000f8c:	00d7db9b          	srliw	s7,a5,0xd
    80000f90:	012a6a33          	or	s4,s4,s2
    80000f94:	01e7959b          	slliw	a1,a5,0x1e
    80000f98:	0137999b          	slliw	s3,a5,0x13
    80000f9c:	01de4e33          	xor	t3,t3,t4
    80000fa0:	0167da9b          	srliw	s5,a5,0x16
    80000fa4:	00c7ceb3          	xor	t4,a5,a2
    80000fa8:	014e4e33          	xor	t3,t3,s4
    80000fac:	013be9b3          	or	s3,s7,s3
    80000fb0:	0098f4b3          	and	s1,a7,s1
    80000fb4:	00a7991b          	slliw	s2,a5,0xa
    80000fb8:	01a5053b          	addw	a0,a0,s10
    80000fbc:	00bce5b3          	or	a1,s9,a1
    80000fc0:	00c7fa33          	and	s4,a5,a2
    80000fc4:	009f44b3          	xor	s1,t5,s1
    80000fc8:	0135c5b3          	xor	a1,a1,s3
    80000fcc:	01596933          	or	s2,s2,s5
    80000fd0:	00defeb3          	and	t4,t4,a3
    80000fd4:	01c5053b          	addw	a0,a0,t3
    80000fd8:	00950e3b          	addw	t3,a0,s1
    80000fdc:	014eceb3          	xor	t4,t4,s4
    80000fe0:	0125c533          	xor	a0,a1,s2
    80000fe4:	00482c83          	lw	s9,4(a6)
    80000fe8:	005e05bb          	addw	a1,t3,t0
    80000fec:	00432483          	lw	s1,4(t1)
    80000ff0:	01d5053b          	addw	a0,a0,t4
    80000ff4:	007583bb          	addw	t2,a1,t2
    80000ff8:	00b5053b          	addw	a0,a0,a1
    80000ffc:	01f8ceb3          	xor	t4,a7,t6
    80001000:	00b3db9b          	srliw	s7,t2,0xb
    80001004:	00255a9b          	srliw	s5,a0,0x2
    80001008:	00d55a1b          	srliw	s4,a0,0xd
    8000100c:	0063dd1b          	srliw	s10,t2,0x6
    80001010:	01a39e1b          	slliw	t3,t2,0x1a
    80001014:	0153999b          	slliw	s3,t2,0x15
    80001018:	01e5191b          	slliw	s2,a0,0x1e
    8000101c:	0135159b          	slliw	a1,a0,0x13
    80001020:	00a7c2b3          	xor	t0,a5,a0
    80001024:	013be9b3          	or	s3,s7,s3
    80001028:	012ae933          	or	s2,s5,s2
    8000102c:	009c84bb          	addw	s1,s9,s1
    80001030:	01655a9b          	srliw	s5,a0,0x16
    80001034:	00739c9b          	slliw	s9,t2,0x7
    80001038:	007efeb3          	and	t4,t4,t2
    8000103c:	0193db9b          	srliw	s7,t2,0x19
    80001040:	00ba65b3          	or	a1,s4,a1
    80001044:	01cd6e33          	or	t3,s10,t3
    80001048:	00a51a1b          	slliw	s4,a0,0xa
    8000104c:	01e484bb          	addw	s1,s1,t5
    80001050:	017cebb3          	or	s7,s9,s7
    80001054:	00a7ff33          	and	t5,a5,a0
    80001058:	015a6a33          	or	s4,s4,s5
    8000105c:	01dfceb3          	xor	t4,t6,t4
    80001060:	005672b3          	and	t0,a2,t0
    80001064:	013e4e33          	xor	t3,t3,s3
    80001068:	00b945b3          	xor	a1,s2,a1
    8000106c:	01d48ebb          	addw	t4,s1,t4
    80001070:	0145c5b3          	xor	a1,a1,s4
    80001074:	01e2c2b3          	xor	t0,t0,t5
    80001078:	017e4e33          	xor	t3,t3,s7
    8000107c:	01de0e3b          	addw	t3,t3,t4
    80001080:	00882b83          	lw	s7,8(a6)
    80001084:	00558ebb          	addw	t4,a1,t0
    80001088:	00832483          	lw	s1,8(t1)
    8000108c:	00de06bb          	addw	a3,t3,a3
    80001090:	01ce8ebb          	addw	t4,t4,t3
    80001094:	0078cf33          	xor	t5,a7,t2
    80001098:	0066dc9b          	srliw	s9,a3,0x6
    8000109c:	00b6da9b          	srliw	s5,a3,0xb
    800010a0:	002eda1b          	srliw	s4,t4,0x2
    800010a4:	013e999b          	slliw	s3,t4,0x13
    800010a8:	01a6991b          	slliw	s2,a3,0x1a
    800010ac:	0156959b          	slliw	a1,a3,0x15
    800010b0:	01ee929b          	slliw	t0,t4,0x1e
    800010b4:	00dede1b          	srliw	t3,t4,0xd
    800010b8:	012ce933          	or	s2,s9,s2
    800010bc:	005a62b3          	or	t0,s4,t0
    800010c0:	016edc9b          	srliw	s9,t4,0x16
    800010c4:	009b84bb          	addw	s1,s7,s1
    800010c8:	00df7f33          	and	t5,t5,a3
    800010cc:	00769b9b          	slliw	s7,a3,0x7
    800010d0:	00bae5b3          	or	a1,s5,a1
    800010d4:	013e6e33          	or	t3,t3,s3
    800010d8:	0196da9b          	srliw	s5,a3,0x19
    800010dc:	01d549b3          	xor	s3,a0,t4
    800010e0:	00ae9a1b          	slliw	s4,t4,0xa
    800010e4:	01f484bb          	addw	s1,s1,t6
    800010e8:	015beab3          	or	s5,s7,s5
    800010ec:	01d57fb3          	and	t6,a0,t4
    800010f0:	019a6a33          	or	s4,s4,s9
    800010f4:	01e8cf33          	xor	t5,a7,t5
    800010f8:	0137f9b3          	and	s3,a5,s3
    800010fc:	00b945b3          	xor	a1,s2,a1
    80001100:	01c2ce33          	xor	t3,t0,t3
    80001104:	01e48f3b          	addw	t5,s1,t5
    80001108:	01f9c9b3          	xor	s3,s3,t6
    8000110c:	0155c5b3          	xor	a1,a1,s5
    80001110:	014e4e33          	xor	t3,t3,s4
    80001114:	01e585bb          	addw	a1,a1,t5
    80001118:	00c82b83          	lw	s7,12(a6)
    8000111c:	00c32283          	lw	t0,12(t1)
    80001120:	013e0e3b          	addw	t3,t3,s3
    80001124:	00be0e3b          	addw	t3,t3,a1
    80001128:	00c5863b          	addw	a2,a1,a2
    8000112c:	00d3cfb3          	xor	t6,t2,a3
    80001130:	00665c9b          	srliw	s9,a2,0x6
    80001134:	00b65a9b          	srliw	s5,a2,0xb
    80001138:	002e5a1b          	srliw	s4,t3,0x2
    8000113c:	013e199b          	slliw	s3,t3,0x13
    80001140:	01a6191b          	slliw	s2,a2,0x1a
    80001144:	0156159b          	slliw	a1,a2,0x15
    80001148:	01ee149b          	slliw	s1,t3,0x1e
    8000114c:	00de5f1b          	srliw	t5,t3,0xd
    80001150:	012ce933          	or	s2,s9,s2
    80001154:	009a64b3          	or	s1,s4,s1
    80001158:	00ae1c9b          	slliw	s9,t3,0xa
    8000115c:	005b82bb          	addw	t0,s7,t0
    80001160:	00cfffb3          	and	t6,t6,a2
    80001164:	00761b9b          	slliw	s7,a2,0x7
    80001168:	00bae5b3          	or	a1,s5,a1
    8000116c:	013f6f33          	or	t5,t5,s3
    80001170:	01965a9b          	srliw	s5,a2,0x19
    80001174:	01cec9b3          	xor	s3,t4,t3
    80001178:	016e5a1b          	srliw	s4,t3,0x16
    8000117c:	011282bb          	addw	t0,t0,a7
    80001180:	015beab3          	or	s5,s7,s5
    80001184:	01cef8b3          	and	a7,t4,t3
    80001188:	014cea33          	or	s4,s9,s4
    8000118c:	007fcfb3          	xor	t6,t6,t2
    80001190:	00b945b3          	xor	a1,s2,a1
    80001194:	01e4cf33          	xor	t5,s1,t5
    80001198:	00a9f9b3          	and	s3,s3,a0
    8000119c:	0155c5b3          	xor	a1,a1,s5
    800011a0:	014f4f33          	xor	t5,t5,s4
    800011a4:	0119c9b3          	xor	s3,s3,a7
    800011a8:	01f28fbb          	addw	t6,t0,t6
    800011ac:	01f58fbb          	addw	t6,a1,t6
    800011b0:	01082b83          	lw	s7,16(a6)
    800011b4:	013f05bb          	addw	a1,t5,s3
    800011b8:	01032283          	lw	t0,16(t1)
    800011bc:	00ff87bb          	addw	a5,t6,a5
    800011c0:	01f585bb          	addw	a1,a1,t6
    800011c4:	0067dc9b          	srliw	s9,a5,0x6
    800011c8:	00c6cfb3          	xor	t6,a3,a2
    800011cc:	00b7da9b          	srliw	s5,a5,0xb
    800011d0:	01a7991b          	slliw	s2,a5,0x1a
    800011d4:	0157989b          	slliw	a7,a5,0x15
    800011d8:	0025da1b          	srliw	s4,a1,0x2
    800011dc:	0135999b          	slliw	s3,a1,0x13
    800011e0:	01e5949b          	slliw	s1,a1,0x1e
    800011e4:	00d5df1b          	srliw	t5,a1,0xd
    800011e8:	012ce933          	or	s2,s9,s2
    800011ec:	009a64b3          	or	s1,s4,s1
    800011f0:	005b82bb          	addw	t0,s7,t0
    800011f4:	00ffffb3          	and	t6,t6,a5
    800011f8:	00779b9b          	slliw	s7,a5,0x7
    800011fc:	011ae8b3          	or	a7,s5,a7
    80001200:	013f6f33          	or	t5,t5,s3
    80001204:	0197da9b          	srliw	s5,a5,0x19
    80001208:	00a59c9b          	slliw	s9,a1,0xa
    8000120c:	00be49b3          	xor	s3,t3,a1
    80001210:	0165da1b          	srliw	s4,a1,0x16
    80001214:	007282bb          	addw	t0,t0,t2
    80001218:	011948b3          	xor	a7,s2,a7
    8000121c:	015beab3          	or	s5,s7,s5
    80001220:	01e4cf33          	xor	t5,s1,t5
    80001224:	014cea33          	or	s4,s9,s4
    80001228:	00be73b3          	and	t2,t3,a1
    8000122c:	00dfcfb3          	xor	t6,t6,a3
    80001230:	01d9f9b3          	and	s3,s3,t4
    80001234:	01f28fbb          	addw	t6,t0,t6
    80001238:	0079c9b3          	xor	s3,s3,t2
    8000123c:	0158c2b3          	xor	t0,a7,s5
    80001240:	014f48b3          	xor	a7,t5,s4
    80001244:	01482b83          	lw	s7,20(a6)
    80001248:	01f282bb          	addw	t0,t0,t6
    8000124c:	01432383          	lw	t2,20(t1)
    80001250:	013888bb          	addw	a7,a7,s3
    80001254:	005888bb          	addw	a7,a7,t0
    80001258:	005502bb          	addw	t0,a0,t0
    8000125c:	00f64f33          	xor	t5,a2,a5
    80001260:	0028da1b          	srliw	s4,a7,0x2
    80001264:	0138999b          	slliw	s3,a7,0x13
    80001268:	0062dc9b          	srliw	s9,t0,0x6
    8000126c:	00b2da9b          	srliw	s5,t0,0xb
    80001270:	01e8949b          	slliw	s1,a7,0x1e
    80001274:	00d8df9b          	srliw	t6,a7,0xd
    80001278:	01a2991b          	slliw	s2,t0,0x1a
    8000127c:	0152951b          	slliw	a0,t0,0x15
    80001280:	012ce933          	or	s2,s9,s2
    80001284:	009a64b3          	or	s1,s4,s1
    80001288:	00a89c9b          	slliw	s9,a7,0xa
    8000128c:	007b83bb          	addw	t2,s7,t2
    80001290:	00aae533          	or	a0,s5,a0
    80001294:	00729b9b          	slliw	s7,t0,0x7
    80001298:	013fefb3          	or	t6,t6,s3
    8000129c:	0168da1b          	srliw	s4,a7,0x16
    800012a0:	0115c9b3          	xor	s3,a1,a7
    800012a4:	005f7f33          	and	t5,t5,t0
    800012a8:	0192da9b          	srliw	s5,t0,0x19
    800012ac:	00d383bb          	addw	t2,t2,a3
    800012b0:	015beab3          	or	s5,s7,s5
    800012b4:	014cea33          	or	s4,s9,s4
    800012b8:	0115f6b3          	and	a3,a1,a7
    800012bc:	00cf4f33          	xor	t5,t5,a2
    800012c0:	00a94533          	xor	a0,s2,a0
    800012c4:	01f4cfb3          	xor	t6,s1,t6
    800012c8:	01c9f9b3          	and	s3,s3,t3
    800012cc:	01554533          	xor	a0,a0,s5
    800012d0:	014fcfb3          	xor	t6,t6,s4
    800012d4:	00d9c9b3          	xor	s3,s3,a3
    800012d8:	01e38f3b          	addw	t5,t2,t5
    800012dc:	01882b83          	lw	s7,24(a6)
    800012e0:	01e50f3b          	addw	t5,a0,t5
    800012e4:	01832383          	lw	t2,24(t1)
    800012e8:	013f853b          	addw	a0,t6,s3
    800012ec:	01e5053b          	addw	a0,a0,t5
    800012f0:	01ee8f3b          	addw	t5,t4,t5
    800012f4:	0057cfb3          	xor	t6,a5,t0
    800012f8:	006f5c9b          	srliw	s9,t5,0x6
    800012fc:	00bf5a9b          	srliw	s5,t5,0xb
    80001300:	00255a1b          	srliw	s4,a0,0x2
    80001304:	0135199b          	slliw	s3,a0,0x13
    80001308:	01af191b          	slliw	s2,t5,0x1a
    8000130c:	015f169b          	slliw	a3,t5,0x15
    80001310:	01e5149b          	slliw	s1,a0,0x1e
    80001314:	00d55e9b          	srliw	t4,a0,0xd
    80001318:	012ce933          	or	s2,s9,s2
    8000131c:	009a64b3          	or	s1,s4,s1
    80001320:	007b83bb          	addw	t2,s7,t2
    80001324:	00dae6b3          	or	a3,s5,a3
    80001328:	007f1b9b          	slliw	s7,t5,0x7
    8000132c:	013eeeb3          	or	t4,t4,s3
    80001330:	00a51c9b          	slliw	s9,a0,0xa
    80001334:	00a8c9b3          	xor	s3,a7,a0
    80001338:	01efffb3          	and	t6,t6,t5
    8000133c:	019f5a9b          	srliw	s5,t5,0x19
    80001340:	01655a1b          	srliw	s4,a0,0x16
    80001344:	00c383bb          	addw	t2,t2,a2
    80001348:	015beab3          	or	s5,s7,s5
    8000134c:	01d4ceb3          	xor	t4,s1,t4
    80001350:	014cea33          	or	s4,s9,s4
    80001354:	00a8f4b3          	and	s1,a7,a0
    80001358:	00ffcfb3          	xor	t6,t6,a5
    8000135c:	00d946b3          	xor	a3,s2,a3
    80001360:	00b9f9b3          	and	s3,s3,a1
    80001364:	0156c6b3          	xor	a3,a3,s5
    80001368:	014ec633          	xor	a2,t4,s4
    8000136c:	0099c9b3          	xor	s3,s3,s1
    80001370:	01f38fbb          	addw	t6,t2,t6
    80001374:	01c82b83          	lw	s7,28(a6)
    80001378:	01f68fbb          	addw	t6,a3,t6
    8000137c:	01c32383          	lw	t2,28(t1)
    80001380:	0136063b          	addw	a2,a2,s3
    80001384:	01f6063b          	addw	a2,a2,t6
    80001388:	01fe0fbb          	addw	t6,t3,t6
    8000138c:	006fdc9b          	srliw	s9,t6,0x6
    80001390:	00bfda9b          	srliw	s5,t6,0xb
    80001394:	00265a1b          	srliw	s4,a2,0x2
    80001398:	0136199b          	slliw	s3,a2,0x13
    8000139c:	01e2ceb3          	xor	t4,t0,t5
    800013a0:	01af991b          	slliw	s2,t6,0x1a
    800013a4:	015f969b          	slliw	a3,t6,0x15
    800013a8:	01e6149b          	slliw	s1,a2,0x1e
    800013ac:	00d65e1b          	srliw	t3,a2,0xd
    800013b0:	009a64b3          	or	s1,s4,s1
    800013b4:	007b83bb          	addw	t2,s7,t2
    800013b8:	012ce933          	or	s2,s9,s2
    800013bc:	00dae6b3          	or	a3,s5,a3
    800013c0:	013e6e33          	or	t3,t3,s3
    800013c4:	01fefeb3          	and	t4,t4,t6
    800013c8:	007f9b9b          	slliw	s7,t6,0x7
    800013cc:	019fda9b          	srliw	s5,t6,0x19
    800013d0:	00a61c9b          	slliw	s9,a2,0xa
    800013d4:	01665a1b          	srliw	s4,a2,0x16
    800013d8:	00c549b3          	xor	s3,a0,a2
    800013dc:	00f383bb          	addw	t2,t2,a5
    800013e0:	01c4ce33          	xor	t3,s1,t3
    800013e4:	0119f9b3          	and	s3,s3,a7
    800013e8:	005eceb3          	xor	t4,t4,t0
    800013ec:	00d946b3          	xor	a3,s2,a3
    800013f0:	015beab3          	or	s5,s7,s5
    800013f4:	014cea33          	or	s4,s9,s4
    800013f8:	00c574b3          	and	s1,a0,a2
    800013fc:	01d383bb          	addw	t2,t2,t4
    80001400:	0156c6b3          	xor	a3,a3,s5
    80001404:	014e4e33          	xor	t3,t3,s4
    80001408:	0099c9b3          	xor	s3,s3,s1
    8000140c:	007687bb          	addw	a5,a3,t2
    80001410:	013e0e3b          	addw	t3,t3,s3
    80001414:	02030313          	addi	t1,t1,32
    80001418:	0008839b          	sext.w	t2,a7
    8000141c:	0005069b          	sext.w	a3,a0
    80001420:	00f588bb          	addw	a7,a1,a5
    80001424:	02080813          	addi	a6,a6,32
    80001428:	00fe07bb          	addw	a5,t3,a5
    8000142c:	b36318e3          	bne	t1,s6,80000f5c <_nettle_sha256_compress+0xd8>
    80001430:	0e412803          	lw	a6,228(sp)
    80001434:	01013d03          	ld	s10,16(sp)
    80001438:	0f412983          	lw	s3,244(sp)
    8000143c:	01013823          	sd	a6,16(sp)
    80001440:	0fc12803          	lw	a6,252(sp)
    80001444:	00013483          	ld	s1,0(sp)
    80001448:	05313c23          	sd	s3,88(sp)
    8000144c:	01013023          	sd	a6,0(sp)
    80001450:	0d412983          	lw	s3,212(sp)
    80001454:	0e812803          	lw	a6,232(sp)
    80001458:	0f812503          	lw	a0,248(sp)
    8000145c:	03313c23          	sd	s3,56(sp)
    80001460:	01013c23          	sd	a6,24(sp)
    80001464:	0d812983          	lw	s3,216(sp)
    80001468:	0ec12803          	lw	a6,236(sp)
    8000146c:	00813903          	ld	s2,8(sp)
    80001470:	07313023          	sd	s3,96(sp)
    80001474:	05013823          	sd	a6,80(sp)
    80001478:	0dc12983          	lw	s3,220(sp)
    8000147c:	0f012803          	lw	a6,240(sp)
    80001480:	10040413          	addi	s0,s0,256
    80001484:	05313023          	sd	s3,64(sp)
    80001488:	03013023          	sd	a6,32(sp)
    8000148c:	0e012983          	lw	s3,224(sp)
    80001490:	0d012803          	lw	a6,208(sp)
    80001494:	06813823          	sd	s0,112(sp)
    80001498:	05313423          	sd	s3,72(sp)
    8000149c:	03013423          	sd	a6,40(sp)
    800014a0:	08913823          	sd	s1,144(sp)
    800014a4:	0c012583          	lw	a1,192(sp)
    800014a8:	0c412303          	lw	t1,196(sp)
    800014ac:	0c812e83          	lw	t4,200(sp)
    800014b0:	0cc12e03          	lw	t3,204(sp)
    800014b4:	09213c23          	sd	s2,152(sp)
    800014b8:	0ba13023          	sd	s10,160(sp)
    800014bc:	0bb13423          	sd	s11,168(sp)
    800014c0:	00a13423          	sd	a0,8(sp)
    800014c4:	0b813823          	sd	s8,176(sp)
    800014c8:	000b0d13          	mv	s10,s6
    800014cc:	0ae13c23          	sd	a4,184(sp)
    800014d0:	00813c03          	ld	s8,8(sp)
    800014d4:	0193149b          	slliw	s1,t1,0x19
    800014d8:	0123571b          	srliw	a4,t1,0x12
    800014dc:	011c5b9b          	srliw	s7,s8,0x11
    800014e0:	013c5b1b          	srliw	s6,s8,0x13
    800014e4:	0068d81b          	srliw	a6,a7,0x6
    800014e8:	00fc1a9b          	slliw	s5,s8,0xf
    800014ec:	00dc151b          	slliw	a0,s8,0xd
    800014f0:	00735a1b          	srliw	s4,t1,0x7
    800014f4:	00e3141b          	slliw	s0,t1,0xe
    800014f8:	01a8991b          	slliw	s2,a7,0x1a
    800014fc:	00b8dc9b          	srliw	s9,a7,0xb
    80001500:	017aeab3          	or	s5,s5,s7
    80001504:	009a6a33          	or	s4,s4,s1
    80001508:	0158999b          	slliw	s3,a7,0x15
    8000150c:	01656533          	or	a0,a0,s6
    80001510:	00e46433          	or	s0,s0,a4
    80001514:	01286933          	or	s2,a6,s2
    80001518:	01e7981b          	slliw	a6,a5,0x1e
    8000151c:	01efc4b3          	xor	s1,t6,t5
    80001520:	00335b9b          	srliw	s7,t1,0x3
    80001524:	00789b1b          	slliw	s6,a7,0x7
    80001528:	013ce9b3          	or	s3,s9,s3
    8000152c:	00080d93          	mv	s11,a6
    80001530:	00ac5c1b          	srliw	s8,s8,0xa
    80001534:	01013803          	ld	a6,16(sp)
    80001538:	0198d71b          	srliw	a4,a7,0x19
    8000153c:	00aac533          	xor	a0,s5,a0
    80001540:	008a4433          	xor	s0,s4,s0
    80001544:	0098f4b3          	and	s1,a7,s1
    80001548:	01744433          	xor	s0,s0,s7
    8000154c:	01394933          	xor	s2,s2,s3
    80001550:	01854533          	xor	a0,a0,s8
    80001554:	00eb6733          	or	a4,s6,a4
    80001558:	000d2a03          	lw	s4,0(s10)
    8000155c:	009f4b33          	xor	s6,t5,s1
    80001560:	00e94733          	xor	a4,s2,a4
    80001564:	0085053b          	addw	a0,a0,s0
    80001568:	0105043b          	addw	s0,a0,a6
    8000156c:	0027da9b          	srliw	s5,a5,0x2
    80001570:	0167053b          	addw	a0,a4,s6
    80001574:	000d8713          	mv	a4,s11
    80001578:	00eaeab3          	or	s5,s5,a4
    8000157c:	00b4073b          	addw	a4,s0,a1
    80001580:	00070d93          	mv	s11,a4
    80001584:	01379c1b          	slliw	s8,a5,0x13
    80001588:	00d7d49b          	srliw	s1,a5,0xd
    8000158c:	0145053b          	addw	a0,a0,s4
    80001590:	00013803          	ld	a6,0(sp)
    80001594:	00c7cbb3          	xor	s7,a5,a2
    80001598:	00a79c9b          	slliw	s9,a5,0xa
    8000159c:	0167d99b          	srliw	s3,a5,0x16
    800015a0:	0184e4b3          	or	s1,s1,s8
    800015a4:	01b5053b          	addw	a0,a0,s11
    800015a8:	00c7fc33          	and	s8,a5,a2
    800015ac:	0055053b          	addw	a0,a0,t0
    800015b0:	00dbf5b3          	and	a1,s7,a3
    800015b4:	00013283          	ld	t0,0(sp)
    800015b8:	013ce9b3          	or	s3,s9,s3
    800015bc:	009ac4b3          	xor	s1,s5,s1
    800015c0:	0134c4b3          	xor	s1,s1,s3
    800015c4:	0185c5b3          	xor	a1,a1,s8
    800015c8:	00d81b1b          	slliw	s6,a6,0xd
    800015cc:	00b485bb          	addw	a1,s1,a1
    800015d0:	0138591b          	srliw	s2,a6,0x13
    800015d4:	007503bb          	addw	t2,a0,t2
    800015d8:	00f81b9b          	slliw	s7,a6,0xf
    800015dc:	0118541b          	srliw	s0,a6,0x11
    800015e0:	012b6933          	or	s2,s6,s2
    800015e4:	00a2db1b          	srliw	s6,t0,0xa
    800015e8:	00a582bb          	addw	t0,a1,a0
    800015ec:	01813503          	ld	a0,24(sp)
    800015f0:	019e9c9b          	slliw	s9,t4,0x19
    800015f4:	012eda9b          	srliw	s5,t4,0x12
    800015f8:	008be9b3          	or	s3,s7,s0
    800015fc:	007ed71b          	srliw	a4,t4,0x7
    80001600:	00ee9a1b          	slliw	s4,t4,0xe
    80001604:	0129c9b3          	xor	s3,s3,s2
    80001608:	015a6a33          	or	s4,s4,s5
    8000160c:	01976733          	or	a4,a4,s9
    80001610:	004d2403          	lw	s0,4(s10)
    80001614:	003ed59b          	srliw	a1,t4,0x3
    80001618:	00a3033b          	addw	t1,t1,a0
    8000161c:	01474733          	xor	a4,a4,s4
    80001620:	0169c533          	xor	a0,s3,s6
    80001624:	00a3033b          	addw	t1,t1,a0
    80001628:	00b74733          	xor	a4,a4,a1
    8000162c:	00d2db1b          	srliw	s6,t0,0xd
    80001630:	0132959b          	slliw	a1,t0,0x13
    80001634:	00e3083b          	addw	a6,t1,a4
    80001638:	01f8c9b3          	xor	s3,a7,t6
    8000163c:	01a39a1b          	slliw	s4,t2,0x1a
    80001640:	00bb6b33          	or	s6,s6,a1
    80001644:	0063d49b          	srliw	s1,t2,0x6
    80001648:	0153959b          	slliw	a1,t2,0x15
    8000164c:	00b3d71b          	srliw	a4,t2,0xb
    80001650:	01e2951b          	slliw	a0,t0,0x1e
    80001654:	00b76733          	or	a4,a4,a1
    80001658:	0022d91b          	srliw	s2,t0,0x2
    8000165c:	0079f9b3          	and	s3,s3,t2
    80001660:	0144e4b3          	or	s1,s1,s4
    80001664:	0073959b          	slliw	a1,t2,0x7
    80001668:	01e4043b          	addw	s0,s0,t5
    8000166c:	0193df1b          	srliw	t5,t2,0x19
    80001670:	00a29c9b          	slliw	s9,t0,0xa
    80001674:	013fc9b3          	xor	s3,t6,s3
    80001678:	00e4c4b3          	xor	s1,s1,a4
    8000167c:	0057cab3          	xor	s5,a5,t0
    80001680:	00a96933          	or	s2,s2,a0
    80001684:	0162d31b          	srliw	t1,t0,0x16
    80001688:	0104043b          	addw	s0,s0,a6
    8000168c:	01e5e5b3          	or	a1,a1,t5
    80001690:	01567ab3          	and	s5,a2,s5
    80001694:	0057f733          	and	a4,a5,t0
    80001698:	01694933          	xor	s2,s2,s6
    8000169c:	0134043b          	addw	s0,s0,s3
    800016a0:	006ce333          	or	t1,s9,t1
    800016a4:	00b4c5b3          	xor	a1,s1,a1
    800016a8:	008585bb          	addw	a1,a1,s0
    800016ac:	00694333          	xor	t1,s2,t1
    800016b0:	00eac733          	xor	a4,s5,a4
    800016b4:	007e5c1b          	srliw	s8,t3,0x7
    800016b8:	019e151b          	slliw	a0,t3,0x19
    800016bc:	00ee1b9b          	slliw	s7,t3,0xe
    800016c0:	012e5a1b          	srliw	s4,t3,0x12
    800016c4:	00e3073b          	addw	a4,t1,a4
    800016c8:	00d5833b          	addw	t1,a1,a3
    800016cc:	05013683          	ld	a3,80(sp)
    800016d0:	00ac64b3          	or	s1,s8,a0
    800016d4:	014bea33          	or	s4,s7,s4
    800016d8:	003e541b          	srliw	s0,t3,0x3
    800016dc:	0144c4b3          	xor	s1,s1,s4
    800016e0:	00b7073b          	addw	a4,a4,a1
    800016e4:	013dd99b          	srliw	s3,s11,0x13
    800016e8:	0084c4b3          	xor	s1,s1,s0
    800016ec:	00dd991b          	slliw	s2,s11,0xd
    800016f0:	00de8ebb          	addw	t4,t4,a3
    800016f4:	011dda9b          	srliw	s5,s11,0x11
    800016f8:	01396933          	or	s2,s2,s3
    800016fc:	009e8ebb          	addw	t4,t4,s1
    80001700:	00fd9f1b          	slliw	t5,s11,0xf
    80001704:	01e7149b          	slliw	s1,a4,0x1e
    80001708:	0027599b          	srliw	s3,a4,0x2
    8000170c:	008d2503          	lw	a0,8(s10)
    80001710:	0099e9b3          	or	s3,s3,s1
    80001714:	015f6f33          	or	t5,t5,s5
    80001718:	02813483          	ld	s1,40(sp)
    8000171c:	012f4f33          	xor	t5,t5,s2
    80001720:	00add69b          	srliw	a3,s11,0xa
    80001724:	00635b1b          	srliw	s6,t1,0x6
    80001728:	01a31a9b          	slliw	s5,t1,0x1a
    8000172c:	0137159b          	slliw	a1,a4,0x13
    80001730:	00df46b3          	xor	a3,t5,a3
    80001734:	00d75f1b          	srliw	t5,a4,0xd
    80001738:	0078c433          	xor	s0,a7,t2
    8000173c:	0153191b          	slliw	s2,t1,0x15
    80001740:	00de86bb          	addw	a3,t4,a3
    80001744:	00b35a1b          	srliw	s4,t1,0xb
    80001748:	01f5053b          	addw	a0,a0,t6
    8000174c:	00bf6f33          	or	t5,t5,a1
    80001750:	015b6fb3          	or	t6,s6,s5
    80001754:	0194959b          	slliw	a1,s1,0x19
    80001758:	0074db1b          	srliw	s6,s1,0x7
    8000175c:	00e49a9b          	slliw	s5,s1,0xe
    80001760:	0124d49b          	srliw	s1,s1,0x12
    80001764:	012a6a33          	or	s4,s4,s2
    80001768:	01935c1b          	srliw	s8,t1,0x19
    8000176c:	00a71b9b          	slliw	s7,a4,0xa
    80001770:	00e2c933          	xor	s2,t0,a4
    80001774:	009ae4b3          	or	s1,s5,s1
    80001778:	03b12a23          	sw	s11,52(sp)
    8000177c:	02813a83          	ld	s5,40(sp)
    80001780:	00068d93          	mv	s11,a3
    80001784:	00647433          	and	s0,s0,t1
    80001788:	0073169b          	slliw	a3,t1,0x7
    8000178c:	01675e9b          	srliw	t4,a4,0x16
    80001790:	0088c433          	xor	s0,a7,s0
    80001794:	0127f933          	and	s2,a5,s2
    80001798:	014fcfb3          	xor	t6,t6,s4
    8000179c:	01e9cf33          	xor	t5,s3,t5
    800017a0:	01b5053b          	addw	a0,a0,s11
    800017a4:	00e2f9b3          	and	s3,t0,a4
    800017a8:	0186e6b3          	or	a3,a3,s8
    800017ac:	01dbeeb3          	or	t4,s7,t4
    800017b0:	02013c03          	ld	s8,32(sp)
    800017b4:	0085053b          	addw	a0,a0,s0
    800017b8:	01df4eb3          	xor	t4,t5,t4
    800017bc:	01185a1b          	srliw	s4,a6,0x11
    800017c0:	00dfc6b3          	xor	a3,t6,a3
    800017c4:	013949b3          	xor	s3,s2,s3
    800017c8:	00bb65b3          	or	a1,s6,a1
    800017cc:	0138591b          	srliw	s2,a6,0x13
    800017d0:	00f81f1b          	slliw	t5,a6,0xf
    800017d4:	00d81f9b          	slliw	t6,a6,0xd
    800017d8:	00cd2403          	lw	s0,12(s10)
    800017dc:	00a686bb          	addw	a3,a3,a0
    800017e0:	013e89bb          	addw	s3,t4,s3
    800017e4:	003ad51b          	srliw	a0,s5,0x3
    800017e8:	012fefb3          	or	t6,t6,s2
    800017ec:	0095c5b3          	xor	a1,a1,s1
    800017f0:	014f6f33          	or	t5,t5,s4
    800017f4:	00c68ebb          	addw	t4,a3,a2
    800017f8:	018e0e3b          	addw	t3,t3,s8
    800017fc:	00d986bb          	addw	a3,s3,a3
    80001800:	00a5c5b3          	xor	a1,a1,a0
    80001804:	01ff4f33          	xor	t5,t5,t6
    80001808:	00a8561b          	srliw	a2,a6,0xa
    8000180c:	00be0abb          	addw	s5,t3,a1
    80001810:	00cf4633          	xor	a2,t5,a2
    80001814:	0063cfb3          	xor	t6,t2,t1
    80001818:	01ae9a1b          	slliw	s4,t4,0x1a
    8000181c:	015e949b          	slliw	s1,t4,0x15
    80001820:	01e6951b          	slliw	a0,a3,0x1e
    80001824:	0136959b          	slliw	a1,a3,0x13
    80001828:	006edf1b          	srliw	t5,t4,0x6
    8000182c:	00bed99b          	srliw	s3,t4,0xb
    80001830:	0026d91b          	srliw	s2,a3,0x2
    80001834:	00d6de1b          	srliw	t3,a3,0xd
    80001838:	00ca8c3b          	addw	s8,s5,a2
    8000183c:	03813c83          	ld	s9,56(sp)
    80001840:	0099e9b3          	or	s3,s3,s1
    80001844:	019edb9b          	srliw	s7,t4,0x19
    80001848:	00a96933          	or	s2,s2,a0
    8000184c:	00a69b1b          	slliw	s6,a3,0xa
    80001850:	00d744b3          	xor	s1,a4,a3
    80001854:	011408bb          	addw	a7,s0,a7
    80001858:	01dfffb3          	and	t6,t6,t4
    8000185c:	014f6f33          	or	t5,t5,s4
    80001860:	007e961b          	slliw	a2,t4,0x7
    80001864:	00be6e33          	or	t3,t3,a1
    80001868:	0166d51b          	srliw	a0,a3,0x16
    8000186c:	007fcfb3          	xor	t6,t6,t2
    80001870:	013f4f33          	xor	t5,t5,s3
    80001874:	01c94e33          	xor	t3,s2,t3
    80001878:	0054f4b3          	and	s1,s1,t0
    8000187c:	00d77933          	and	s2,a4,a3
    80001880:	018888bb          	addw	a7,a7,s8
    80001884:	01766633          	or	a2,a2,s7
    80001888:	00ab6533          	or	a0,s6,a0
    8000188c:	01f888bb          	addw	a7,a7,t6
    80001890:	0124c933          	xor	s2,s1,s2
    80001894:	00cf4633          	xor	a2,t5,a2
    80001898:	011dd49b          	srliw	s1,s11,0x11
    8000189c:	00ae4533          	xor	a0,t3,a0
    800018a0:	00fd9e1b          	slliw	t3,s11,0xf
    800018a4:	0116063b          	addw	a2,a2,a7
    800018a8:	007cda9b          	srliw	s5,s9,0x7
    800018ac:	00ec9a1b          	slliw	s4,s9,0xe
    800018b0:	003cd89b          	srliw	a7,s9,0x3
    800018b4:	019c959b          	slliw	a1,s9,0x19
    800018b8:	012cd41b          	srliw	s0,s9,0x12
    800018bc:	009e6e33          	or	t3,t3,s1
    800018c0:	05813c83          	ld	s9,88(sp)
    800018c4:	02813483          	ld	s1,40(sp)
    800018c8:	008a6433          	or	s0,s4,s0
    800018cc:	013ddf9b          	srliw	t6,s11,0x13
    800018d0:	00bae5b3          	or	a1,s5,a1
    800018d4:	00dd9f1b          	slliw	t5,s11,0xd
    800018d8:	010d2983          	lw	s3,16(s10)
    800018dc:	01ff6f33          	or	t5,t5,t6
    800018e0:	0125053b          	addw	a0,a0,s2
    800018e4:	0085c5b3          	xor	a1,a1,s0
    800018e8:	00f607bb          	addw	a5,a2,a5
    800018ec:	00c5053b          	addw	a0,a0,a2
    800018f0:	0115c5b3          	xor	a1,a1,a7
    800018f4:	01ee4e33          	xor	t3,t3,t5
    800018f8:	07012423          	sw	a6,104(sp)
    800018fc:	00add61b          	srliw	a2,s11,0xa
    80001900:	0194883b          	addw	a6,s1,s9
    80001904:	00b8083b          	addw	a6,a6,a1
    80001908:	00ce4633          	xor	a2,t3,a2
    8000190c:	01d34fb3          	xor	t6,t1,t4
    80001910:	01a79a9b          	slliw	s5,a5,0x1a
    80001914:	01579a1b          	slliw	s4,a5,0x15
    80001918:	01e5141b          	slliw	s0,a0,0x1e
    8000191c:	0135159b          	slliw	a1,a0,0x13
    80001920:	0067df1b          	srliw	t5,a5,0x6
    80001924:	00b7d91b          	srliw	s2,a5,0xb
    80001928:	0025549b          	srliw	s1,a0,0x2
    8000192c:	00d55e1b          	srliw	t3,a0,0xd
    80001930:	00c80bbb          	addw	s7,a6,a2
    80001934:	013388bb          	addw	a7,t2,s3
    80001938:	01496933          	or	s2,s2,s4
    8000193c:	0197db1b          	srliw	s6,a5,0x19
    80001940:	0084e4b3          	or	s1,s1,s0
    80001944:	00ffffb3          	and	t6,t6,a5
    80001948:	00a6c433          	xor	s0,a3,a0
    8000194c:	015f6f33          	or	t5,t5,s5
    80001950:	0077961b          	slliw	a2,a5,0x7
    80001954:	00a51a9b          	slliw	s5,a0,0xa
    80001958:	00be6e33          	or	t3,t3,a1
    8000195c:	0165559b          	srliw	a1,a0,0x16
    80001960:	006fcfb3          	xor	t6,t6,t1
    80001964:	012f4f33          	xor	t5,t5,s2
    80001968:	01c4ce33          	xor	t3,s1,t3
    8000196c:	00e47433          	and	s0,s0,a4
    80001970:	00a6f4b3          	and	s1,a3,a0
    80001974:	03b12423          	sw	s11,40(sp)
    80001978:	017888bb          	addw	a7,a7,s7
    8000197c:	06013d83          	ld	s11,96(sp)
    80001980:	01666633          	or	a2,a2,s6
    80001984:	00bae5b3          	or	a1,s5,a1
    80001988:	01f888bb          	addw	a7,a7,t6
    8000198c:	009444b3          	xor	s1,s0,s1
    80001990:	00cf4633          	xor	a2,t5,a2
    80001994:	00be45b3          	xor	a1,t3,a1
    80001998:	0116063b          	addw	a2,a2,a7
    8000199c:	009585bb          	addw	a1,a1,s1
    800019a0:	00c288bb          	addw	a7,t0,a2
    800019a4:	00c585bb          	addw	a1,a1,a2
    800019a8:	00813283          	ld	t0,8(sp)
    800019ac:	03813603          	ld	a2,56(sp)
    800019b0:	007dda1b          	srliw	s4,s11,0x7
    800019b4:	00ed999b          	slliw	s3,s11,0xe
    800019b8:	019d981b          	slliw	a6,s11,0x19
    800019bc:	012dd39b          	srliw	t2,s11,0x12
    800019c0:	0079e3b3          	or	t2,s3,t2
    800019c4:	011c591b          	srliw	s2,s8,0x11
    800019c8:	013c541b          	srliw	s0,s8,0x13
    800019cc:	010a6833          	or	a6,s4,a6
    800019d0:	00fc199b          	slliw	s3,s8,0xf
    800019d4:	00dc1f1b          	slliw	t5,s8,0xd
    800019d8:	014d2e03          	lw	t3,20(s10)
    800019dc:	003ddf9b          	srliw	t6,s11,0x3
    800019e0:	008f6f33          	or	t5,t5,s0
    800019e4:	00784833          	xor	a6,a6,t2
    800019e8:	0129e9b3          	or	s3,s3,s2
    800019ec:	00c28a3b          	addw	s4,t0,a2
    800019f0:	01f84833          	xor	a6,a6,t6
    800019f4:	00ac561b          	srliw	a2,s8,0xa
    800019f8:	01e9c9b3          	xor	s3,s3,t5
    800019fc:	010a0a3b          	addw	s4,s4,a6
    80001a00:	00c9c9b3          	xor	s3,s3,a2
    80001a04:	00fec2b3          	xor	t0,t4,a5
    80001a08:	01a8941b          	slliw	s0,a7,0x1a
    80001a0c:	0158961b          	slliw	a2,a7,0x15
    80001a10:	03812c23          	sw	s8,56(sp)
    80001a14:	0068df9b          	srliw	t6,a7,0x6
    80001a18:	04013c03          	ld	s8,64(sp)
    80001a1c:	00b8d91b          	srliw	s2,a7,0xb
    80001a20:	013a0cbb          	addw	s9,s4,s3
    80001a24:	00c96933          	or	s2,s2,a2
    80001a28:	0198db1b          	srliw	s6,a7,0x19
    80001a2c:	0112f2b3          	and	t0,t0,a7
    80001a30:	01c30e3b          	addw	t3,t1,t3
    80001a34:	008fefb3          	or	t6,t6,s0
    80001a38:	0078961b          	slliw	a2,a7,0x7
    80001a3c:	01e5939b          	slliw	t2,a1,0x1e
    80001a40:	0135981b          	slliw	a6,a1,0x13
    80001a44:	01d2c2b3          	xor	t0,t0,t4
    80001a48:	012fcfb3          	xor	t6,t6,s2
    80001a4c:	0025d49b          	srliw	s1,a1,0x2
    80001a50:	00d5df1b          	srliw	t5,a1,0xd
    80001a54:	019e0e3b          	addw	t3,t3,s9
    80001a58:	01666633          	or	a2,a2,s6
    80001a5c:	0074e4b3          	or	s1,s1,t2
    80001a60:	007c5a1b          	srliw	s4,s8,0x7
    80001a64:	00ec199b          	slliw	s3,s8,0xe
    80001a68:	005e0e3b          	addw	t3,t3,t0
    80001a6c:	00cfc633          	xor	a2,t6,a2
    80001a70:	010f6f33          	or	t5,t5,a6
    80001a74:	012c539b          	srliw	t2,s8,0x12
    80001a78:	019c181b          	slliw	a6,s8,0x19
    80001a7c:	00a59a9b          	slliw	s5,a1,0xa
    80001a80:	00b54433          	xor	s0,a0,a1
    80001a84:	010a6833          	or	a6,s4,a6
    80001a88:	0165d31b          	srliw	t1,a1,0x16
    80001a8c:	0079e3b3          	or	t2,s3,t2
    80001a90:	01c609bb          	addw	s3,a2,t3
    80001a94:	01e4cf33          	xor	t5,s1,t5
    80001a98:	00d47433          	and	s0,s0,a3
    80001a9c:	00b574b3          	and	s1,a0,a1
    80001aa0:	007843b3          	xor	t2,a6,t2
    80001aa4:	006ae333          	or	t1,s5,t1
    80001aa8:	0137083b          	addw	a6,a4,s3
    80001aac:	00013703          	ld	a4,0(sp)
    80001ab0:	009444b3          	xor	s1,s0,s1
    80001ab4:	00fb991b          	slliw	s2,s7,0xf
    80001ab8:	00db941b          	slliw	s0,s7,0xd
    80001abc:	006f4333          	xor	t1,t5,t1
    80001ac0:	011bdf9b          	srliw	t6,s7,0x11
    80001ac4:	013bd29b          	srliw	t0,s7,0x13
    80001ac8:	003c5e1b          	srliw	t3,s8,0x3
    80001acc:	0093033b          	addw	t1,t1,s1
    80001ad0:	005462b3          	or	t0,s0,t0
    80001ad4:	01f96fb3          	or	t6,s2,t6
    80001ad8:	0133063b          	addw	a2,t1,s3
    80001adc:	018d2f03          	lw	t5,24(s10)
    80001ae0:	01c3c333          	xor	t1,t2,t3
    80001ae4:	01b70c3b          	addw	s8,a4,s11
    80001ae8:	00abde1b          	srliw	t3,s7,0xa
    80001aec:	005fcfb3          	xor	t6,t6,t0
    80001af0:	04813d83          	ld	s11,72(sp)
    80001af4:	006c0c3b          	addw	s8,s8,t1
    80001af8:	01cfcfb3          	xor	t6,t6,t3
    80001afc:	0117c2b3          	xor	t0,a5,a7
    80001b00:	00b85b1b          	srliw	s6,a6,0xb
    80001b04:	07712023          	sw	s7,96(sp)
    80001b08:	01a8149b          	slliw	s1,a6,0x1a
    80001b0c:	00685b9b          	srliw	s7,a6,0x6
    80001b10:	0158131b          	slliw	t1,a6,0x15
    80001b14:	01fc0fbb          	addw	t6,s8,t6
    80001b18:	000f8c13          	mv	s8,t6
    80001b1c:	009be4b3          	or	s1,s7,s1
    80001b20:	00781f9b          	slliw	t6,a6,0x7
    80001b24:	0102f2b3          	and	t0,t0,a6
    80001b28:	01ee8f3b          	addw	t5,t4,t5
    80001b2c:	006b6333          	or	t1,s6,t1
    80001b30:	01985e9b          	srliw	t4,a6,0x19
    80001b34:	007dd99b          	srliw	s3,s11,0x7
    80001b38:	00ed991b          	slliw	s2,s11,0xe
    80001b3c:	018f0f3b          	addw	t5,t5,s8
    80001b40:	01dfeeb3          	or	t4,t6,t4
    80001b44:	019d939b          	slliw	t2,s11,0x19
    80001b48:	012dd71b          	srliw	a4,s11,0x12
    80001b4c:	00f2c2b3          	xor	t0,t0,a5
    80001b50:	0064c333          	xor	t1,s1,t1
    80001b54:	00265a9b          	srliw	s5,a2,0x2
    80001b58:	01361a1b          	slliw	s4,a2,0x13
    80001b5c:	0079e3b3          	or	t2,s3,t2
    80001b60:	005f02bb          	addw	t0,t5,t0
    80001b64:	01e6141b          	slliw	s0,a2,0x1e
    80001b68:	00d65e1b          	srliw	t3,a2,0xd
    80001b6c:	00e96733          	or	a4,s2,a4
    80001b70:	01d34333          	xor	t1,t1,t4
    80001b74:	04013e83          	ld	t4,64(sp)
    80001b78:	0053033b          	addw	t1,t1,t0
    80001b7c:	01cd2f03          	lw	t5,28(s10)
    80001b80:	008ae433          	or	s0,s5,s0
    80001b84:	05912023          	sw	s9,64(sp)
    80001b88:	00a61b1b          	slliw	s6,a2,0xa
    80001b8c:	003dd91b          	srliw	s2,s11,0x3
    80001b90:	011cd99b          	srliw	s3,s9,0x11
    80001b94:	00dc949b          	slliw	s1,s9,0xd
    80001b98:	00acd29b          	srliw	t0,s9,0xa
    80001b9c:	014e6e33          	or	t3,t3,s4
    80001ba0:	01665a9b          	srliw	s5,a2,0x16
    80001ba4:	00c5ca33          	xor	s4,a1,a2
    80001ba8:	00e3c733          	xor	a4,t2,a4
    80001bac:	00fc9f9b          	slliw	t6,s9,0xf
    80001bb0:	013cd39b          	srliw	t2,s9,0x13
    80001bb4:	03412c83          	lw	s9,52(sp)
    80001bb8:	015b6ab3          	or	s5,s6,s5
    80001bbc:	01274733          	xor	a4,a4,s2
    80001bc0:	0074e3b3          	or	t2,s1,t2
    80001bc4:	01c44e33          	xor	t3,s0,t3
    80001bc8:	00aa7a33          	and	s4,s4,a0
    80001bcc:	00c5f433          	and	s0,a1,a2
    80001bd0:	013fefb3          	or	t6,t6,s3
    80001bd4:	008a4a33          	xor	s4,s4,s0
    80001bd8:	015e4e33          	xor	t3,t3,s5
    80001bdc:	01d70ebb          	addw	t4,a4,t4
    80001be0:	007fcfb3          	xor	t6,t6,t2
    80001be4:	014e0e3b          	addw	t3,t3,s4
    80001be8:	019e8ebb          	addw	t4,t4,s9
    80001bec:	005fcfb3          	xor	t6,t6,t0
    80001bf0:	006e073b          	addw	a4,t3,t1
    80001bf4:	006686bb          	addw	a3,a3,t1
    80001bf8:	01fe833b          	addw	t1,t4,t6
    80001bfc:	00030c93          	mv	s9,t1
    80001c00:	01013d83          	ld	s11,16(sp)
    80001c04:	0108c2b3          	xor	t0,a7,a6
    80001c08:	01a69a1b          	slliw	s4,a3,0x1a
    80001c0c:	0156941b          	slliw	s0,a3,0x15
    80001c10:	01e7139b          	slliw	t2,a4,0x1e
    80001c14:	01371f9b          	slliw	t6,a4,0x13
    80001c18:	0066d99b          	srliw	s3,a3,0x6
    80001c1c:	00b6de1b          	srliw	t3,a3,0xb
    80001c20:	0027591b          	srliw	s2,a4,0x2
    80001c24:	00d75e9b          	srliw	t4,a4,0xd
    80001c28:	0149e9b3          	or	s3,s3,s4
    80001c2c:	00796933          	or	s2,s2,t2
    80001c30:	00769a1b          	slliw	s4,a3,0x7
    80001c34:	00a71b9b          	slliw	s7,a4,0xa
    80001c38:	00d2f2b3          	and	t0,t0,a3
    80001c3c:	01ec8f3b          	addw	t5,s9,t5
    80001c40:	008e6e33          	or	t3,t3,s0
    80001c44:	01feeeb3          	or	t4,t4,t6
    80001c48:	0196d41b          	srliw	s0,a3,0x19
    80001c4c:	00e64fb3          	xor	t6,a2,a4
    80001c50:	0167539b          	srliw	t2,a4,0x16
    80001c54:	00ff0f3b          	addw	t5,t5,a5
    80001c58:	008a6433          	or	s0,s4,s0
    80001c5c:	007be3b3          	or	t2,s7,t2
    80001c60:	0112c2b3          	xor	t0,t0,a7
    80001c64:	01c9ce33          	xor	t3,s3,t3
    80001c68:	01d94eb3          	xor	t4,s2,t4
    80001c6c:	00e679b3          	and	s3,a2,a4
    80001c70:	00bfffb3          	and	t6,t6,a1
    80001c74:	007ddb1b          	srliw	s6,s11,0x7
    80001c78:	00ed9a9b          	slliw	s5,s11,0xe
    80001c7c:	005f02bb          	addw	t0,t5,t0
    80001c80:	013fcfb3          	xor	t6,t6,s3
    80001c84:	019d949b          	slliw	s1,s11,0x19
    80001c88:	012dd31b          	srliw	t1,s11,0x12
    80001c8c:	008e4e33          	xor	t3,t3,s0
    80001c90:	007eceb3          	xor	t4,t4,t2
    80001c94:	005e0e3b          	addw	t3,t3,t0
    80001c98:	009b64b3          	or	s1,s6,s1
    80001c9c:	04813283          	ld	t0,72(sp)
    80001ca0:	01fe8ebb          	addw	t4,t4,t6
    80001ca4:	006ae333          	or	t1,s5,t1
    80001ca8:	01ce87bb          	addw	a5,t4,t3
    80001cac:	01c5053b          	addw	a0,a0,t3
    80001cb0:	003dda9b          	srliw	s5,s11,0x3
    80001cb4:	06812e03          	lw	t3,104(sp)
    80001cb8:	00fc1b1b          	slliw	s6,s8,0xf
    80001cbc:	00dc1a1b          	slliw	s4,s8,0xd
    80001cc0:	0064c333          	xor	t1,s1,t1
    80001cc4:	013c591b          	srliw	s2,s8,0x13
    80001cc8:	011c549b          	srliw	s1,s8,0x11
    80001ccc:	012a6933          	or	s2,s4,s2
    80001cd0:	01534333          	xor	t1,t1,s5
    80001cd4:	009b64b3          	or	s1,s6,s1
    80001cd8:	020d2f03          	lw	t5,32(s10)
    80001cdc:	00ac5f9b          	srliw	t6,s8,0xa
    80001ce0:	0053033b          	addw	t1,t1,t0
    80001ce4:	0124c4b3          	xor	s1,s1,s2
    80001ce8:	01c3033b          	addw	t1,t1,t3
    80001cec:	01f4c4b3          	xor	s1,s1,t6
    80001cf0:	01813d83          	ld	s11,24(sp)
    80001cf4:	00930abb          	addw	s5,t1,s1
    80001cf8:	00d842b3          	xor	t0,a6,a3
    80001cfc:	01a51a1b          	slliw	s4,a0,0x1a
    80001d00:	0155141b          	slliw	s0,a0,0x15
    80001d04:	0065599b          	srliw	s3,a0,0x6
    80001d08:	00b55e1b          	srliw	t3,a0,0xb
    80001d0c:	05812423          	sw	s8,72(sp)
    80001d10:	0149e9b3          	or	s3,s3,s4
    80001d14:	000a8c13          	mv	s8,s5
    80001d18:	00a2f2b3          	and	t0,t0,a0
    80001d1c:	01ea8f3b          	addw	t5,s5,t5
    80001d20:	008e6e33          	or	t3,t3,s0
    80001d24:	00751a9b          	slliw	s5,a0,0x7
    80001d28:	0195541b          	srliw	s0,a0,0x19
    80001d2c:	01e7939b          	slliw	t2,a5,0x1e
    80001d30:	0102c2b3          	xor	t0,t0,a6
    80001d34:	008ae433          	or	s0,s5,s0
    80001d38:	0027d91b          	srliw	s2,a5,0x2
    80001d3c:	011f0f3b          	addw	t5,t5,a7
    80001d40:	01c9ce33          	xor	t3,s3,t3
    80001d44:	007ddb9b          	srliw	s7,s11,0x7
    80001d48:	00ed9b1b          	slliw	s6,s11,0xe
    80001d4c:	00796933          	or	s2,s2,t2
    80001d50:	00a79a1b          	slliw	s4,a5,0xa
    80001d54:	005f0f3b          	addw	t5,t5,t0
    80001d58:	019d949b          	slliw	s1,s11,0x19
    80001d5c:	012dd31b          	srliw	t1,s11,0x12
    80001d60:	0167d39b          	srliw	t2,a5,0x16
    80001d64:	008e4e33          	xor	t3,t3,s0
    80001d68:	01ee0e3b          	addw	t3,t3,t5
    80001d6c:	009be4b3          	or	s1,s7,s1
    80001d70:	01013f03          	ld	t5,16(sp)
    80001d74:	007a63b3          	or	t2,s4,t2
    80001d78:	006b6333          	or	t1,s6,t1
    80001d7c:	00fc9a1b          	slliw	s4,s9,0xf
    80001d80:	011cd89b          	srliw	a7,s9,0x11
    80001d84:	01379f9b          	slliw	t6,a5,0x13
    80001d88:	003ddb1b          	srliw	s6,s11,0x3
    80001d8c:	00dc999b          	slliw	s3,s9,0xd
    80001d90:	00d7de9b          	srliw	t4,a5,0xd
    80001d94:	0064c333          	xor	t1,s1,t1
    80001d98:	011a68b3          	or	a7,s4,a7
    80001d9c:	013cd49b          	srliw	s1,s9,0x13
    80001da0:	02812a03          	lw	s4,40(sp)
    80001da4:	0099e4b3          	or	s1,s3,s1
    80001da8:	01feeeb3          	or	t4,t4,t6
    80001dac:	01634333          	xor	t1,t1,s6
    80001db0:	00f74fb3          	xor	t6,a4,a5
    80001db4:	01d94eb3          	xor	t4,s2,t4
    80001db8:	01e3033b          	addw	t1,t1,t5
    80001dbc:	0098c8b3          	xor	a7,a7,s1
    80001dc0:	00acdf1b          	srliw	t5,s9,0xa
    80001dc4:	00f77933          	and	s2,a4,a5
    80001dc8:	007ecab3          	xor	s5,t4,t2
    80001dcc:	0143033b          	addw	t1,t1,s4
    80001dd0:	024d2e83          	lw	t4,36(s10)
    80001dd4:	01e8c8b3          	xor	a7,a7,t5
    80001dd8:	00cfffb3          	and	t6,t6,a2
    80001ddc:	01c585bb          	addw	a1,a1,t3
    80001de0:	011302bb          	addw	t0,t1,a7
    80001de4:	012fcfb3          	xor	t6,t6,s2
    80001de8:	01912823          	sw	s9,16(sp)
    80001dec:	05013c83          	ld	s9,80(sp)
    80001df0:	00028d93          	mv	s11,t0
    80001df4:	01a5999b          	slliw	s3,a1,0x1a
    80001df8:	0155939b          	slliw	t2,a1,0x15
    80001dfc:	01fa8abb          	addw	s5,s5,t6
    80001e00:	0065d91b          	srliw	s2,a1,0x6
    80001e04:	00a6cfb3          	xor	t6,a3,a0
    80001e08:	00b5d31b          	srliw	t1,a1,0xb
    80001e0c:	01ca8abb          	addw	s5,s5,t3
    80001e10:	01396933          	or	s2,s2,s3
    80001e14:	00bfffb3          	and	t6,t6,a1
    80001e18:	0075999b          	slliw	s3,a1,0x7
    80001e1c:	01dd8ebb          	addw	t4,s11,t4
    80001e20:	00736333          	or	t1,t1,t2
    80001e24:	0195d39b          	srliw	t2,a1,0x19
    80001e28:	007cdb9b          	srliw	s7,s9,0x7
    80001e2c:	00ec9b1b          	slliw	s6,s9,0xe
    80001e30:	01ea929b          	slliw	t0,s5,0x1e
    80001e34:	00dfcfb3          	xor	t6,t6,a3
    80001e38:	0079e3b3          	or	t2,s3,t2
    80001e3c:	019c941b          	slliw	s0,s9,0x19
    80001e40:	012cd89b          	srliw	a7,s9,0x12
    80001e44:	002ad49b          	srliw	s1,s5,0x2
    80001e48:	010e8ebb          	addw	t4,t4,a6
    80001e4c:	00694333          	xor	t1,s2,t1
    80001e50:	013a9f1b          	slliw	t5,s5,0x13
    80001e54:	0054e4b3          	or	s1,s1,t0
    80001e58:	00aa9a1b          	slliw	s4,s5,0xa
    80001e5c:	008be433          	or	s0,s7,s0
    80001e60:	01fe8ebb          	addw	t4,t4,t6
    80001e64:	00dade1b          	srliw	t3,s5,0xd
    80001e68:	01813f83          	ld	t6,24(sp)
    80001e6c:	016ad29b          	srliw	t0,s5,0x16
    80001e70:	011b68b3          	or	a7,s6,a7
    80001e74:	00734333          	xor	t1,t1,t2
    80001e78:	01d3033b          	addw	t1,t1,t4
    80001e7c:	003cdb1b          	srliw	s6,s9,0x3
    80001e80:	005a62b3          	or	t0,s4,t0
    80001e84:	00dc191b          	slliw	s2,s8,0xd
    80001e88:	00fc1a1b          	slliw	s4,s8,0xf
    80001e8c:	00ac5e9b          	srliw	t4,s8,0xa
    80001e90:	01ee6e33          	or	t3,t3,t5
    80001e94:	011448b3          	xor	a7,s0,a7
    80001e98:	0157cf33          	xor	t5,a5,s5
    80001e9c:	011c581b          	srliw	a6,s8,0x11
    80001ea0:	013c541b          	srliw	s0,s8,0x13
    80001ea4:	05812823          	sw	s8,80(sp)
    80001ea8:	03812c03          	lw	s8,56(sp)
    80001eac:	01c4ce33          	xor	t3,s1,t3
    80001eb0:	00896433          	or	s0,s2,s0
    80001eb4:	0157f4b3          	and	s1,a5,s5
    80001eb8:	00ef7f33          	and	t5,t5,a4
    80001ebc:	0168c8b3          	xor	a7,a7,s6
    80001ec0:	010a6833          	or	a6,s4,a6
    80001ec4:	005e49b3          	xor	s3,t3,t0
    80001ec8:	009f4f33          	xor	t5,t5,s1
    80001ecc:	01f888bb          	addw	a7,a7,t6
    80001ed0:	00884833          	xor	a6,a6,s0
    80001ed4:	018888bb          	addw	a7,a7,s8
    80001ed8:	01d84833          	xor	a6,a6,t4
    80001edc:	01e989bb          	addw	s3,s3,t5
    80001ee0:	0066063b          	addw	a2,a2,t1
    80001ee4:	006989bb          	addw	s3,s3,t1
    80001ee8:	02013c03          	ld	s8,32(sp)
    80001eec:	010882bb          	addw	t0,a7,a6
    80001ef0:	00028a13          	mv	s4,t0
    80001ef4:	028d2e03          	lw	t3,40(s10)
    80001ef8:	01a6191b          	slliw	s2,a2,0x1a
    80001efc:	0156129b          	slliw	t0,a2,0x15
    80001f00:	01e99f9b          	slliw	t6,s3,0x1e
    80001f04:	01399e9b          	slliw	t4,s3,0x13
    80001f08:	0066549b          	srliw	s1,a2,0x6
    80001f0c:	00b6589b          	srliw	a7,a2,0xb
    80001f10:	0029d41b          	srliw	s0,s3,0x2
    80001f14:	00d9d31b          	srliw	t1,s3,0xd
    80001f18:	0124e4b3          	or	s1,s1,s2
    80001f1c:	01f46433          	or	s0,s0,t6
    80001f20:	00a9991b          	slliw	s2,s3,0xa
    80001f24:	0058e8b3          	or	a7,a7,t0
    80001f28:	01d36333          	or	t1,t1,t4
    80001f2c:	0169df9b          	srliw	t6,s3,0x16
    80001f30:	013aceb3          	xor	t4,s5,s3
    80001f34:	007c5b9b          	srliw	s7,s8,0x7
    80001f38:	012c5b1b          	srliw	s6,s8,0x12
    80001f3c:	00b54f33          	xor	t5,a0,a1
    80001f40:	01f96fb3          	or	t6,s2,t6
    80001f44:	019c139b          	slliw	t2,s8,0x19
    80001f48:	00ec181b          	slliw	a6,s8,0xe
    80001f4c:	0114c8b3          	xor	a7,s1,a7
    80001f50:	00644333          	xor	t1,s0,t1
    80001f54:	013af4b3          	and	s1,s5,s3
    80001f58:	00fefeb3          	and	t4,t4,a5
    80001f5c:	01412c23          	sw	s4,24(sp)
    80001f60:	007be3b3          	or	t2,s7,t2
    80001f64:	009eceb3          	xor	t4,t4,s1
    80001f68:	01ca0e3b          	addw	t3,s4,t3
    80001f6c:	00cf7f33          	and	t5,t5,a2
    80001f70:	00761a1b          	slliw	s4,a2,0x7
    80001f74:	0196529b          	srliw	t0,a2,0x19
    80001f78:	01686833          	or	a6,a6,s6
    80001f7c:	01f34333          	xor	t1,t1,t6
    80001f80:	06012b83          	lw	s7,96(sp)
    80001f84:	003c5b1b          	srliw	s6,s8,0x3
    80001f88:	00de0e3b          	addw	t3,t3,a3
    80001f8c:	005a62b3          	or	t0,s4,t0
    80001f90:	00dd991b          	slliw	s2,s11,0xd
    80001f94:	00fd9a1b          	slliw	s4,s11,0xf
    80001f98:	01d3033b          	addw	t1,t1,t4
    80001f9c:	00af4f33          	xor	t5,t5,a0
    80001fa0:	00adde9b          	srliw	t4,s11,0xa
    80001fa4:	0103c833          	xor	a6,t2,a6
    80001fa8:	013dd41b          	srliw	s0,s11,0x13
    80001fac:	011dd39b          	srliw	t2,s11,0x11
    80001fb0:	07b12623          	sw	s11,108(sp)
    80001fb4:	05813d83          	ld	s11,88(sp)
    80001fb8:	01ee0f3b          	addw	t5,t3,t5
    80001fbc:	00896433          	or	s0,s2,s0
    80001fc0:	0058c8b3          	xor	a7,a7,t0
    80001fc4:	01684833          	xor	a6,a6,s6
    80001fc8:	007a63b3          	or	t2,s4,t2
    80001fcc:	01e888bb          	addw	a7,a7,t5
    80001fd0:	02cd2e03          	lw	t3,44(s10)
    80001fd4:	0198083b          	addw	a6,a6,s9
    80001fd8:	0083c3b3          	xor	t2,t2,s0
    80001fdc:	011306bb          	addw	a3,t1,a7
    80001fe0:	0117073b          	addw	a4,a4,a7
    80001fe4:	0178083b          	addw	a6,a6,s7
    80001fe8:	01d3c3b3          	xor	t2,t2,t4
    80001fec:	007ddc1b          	srliw	s8,s11,0x7
    80001ff0:	019d941b          	slliw	s0,s11,0x19
    80001ff4:	00780fbb          	addw	t6,a6,t2
    80001ff8:	00c5cf33          	xor	t5,a1,a2
    80001ffc:	01a71a1b          	slliw	s4,a4,0x1a
    80002000:	0157139b          	slliw	t2,a4,0x15
    80002004:	01e6929b          	slliw	t0,a3,0x1e
    80002008:	01369e9b          	slliw	t4,a3,0x13
    8000200c:	008c6433          	or	s0,s8,s0
    80002010:	0067591b          	srliw	s2,a4,0x6
    80002014:	01812c03          	lw	s8,24(sp)
    80002018:	00b7589b          	srliw	a7,a4,0xb
    8000201c:	0026d49b          	srliw	s1,a3,0x2
    80002020:	00d6d31b          	srliw	t1,a3,0xd
    80002024:	01496933          	or	s2,s2,s4
    80002028:	0054e4b3          	or	s1,s1,t0
    8000202c:	00771a1b          	slliw	s4,a4,0x7
    80002030:	00a69b1b          	slliw	s6,a3,0xa
    80002034:	00ef7f33          	and	t5,t5,a4
    80002038:	01cf8e3b          	addw	t3,t6,t3
    8000203c:	0078e8b3          	or	a7,a7,t2
    80002040:	01d36333          	or	t1,t1,t4
    80002044:	0197539b          	srliw	t2,a4,0x19
    80002048:	00d9ceb3          	xor	t4,s3,a3
    8000204c:	0166d29b          	srliw	t0,a3,0x16
    80002050:	00bf4f33          	xor	t5,t5,a1
    80002054:	007a63b3          	or	t2,s4,t2
    80002058:	0064c333          	xor	t1,s1,t1
    8000205c:	005b62b3          	or	t0,s6,t0
    80002060:	00d9f4b3          	and	s1,s3,a3
    80002064:	00ae0e3b          	addw	t3,t3,a0
    80002068:	011948b3          	xor	a7,s2,a7
    8000206c:	015efeb3          	and	t4,t4,s5
    80002070:	00ed9b9b          	slliw	s7,s11,0xe
    80002074:	00fc1b1b          	slliw	s6,s8,0xf
    80002078:	01ee0e3b          	addw	t3,t3,t5
    8000207c:	00534a33          	xor	s4,t1,t0
    80002080:	009eceb3          	xor	t4,t4,s1
    80002084:	012dd81b          	srliw	a6,s11,0x12
    80002088:	011c551b          	srliw	a0,s8,0x11
    8000208c:	0078c8b3          	xor	a7,a7,t2
    80002090:	01c888bb          	addw	a7,a7,t3
    80002094:	010be833          	or	a6,s7,a6
    80002098:	00ab6533          	or	a0,s6,a0
    8000209c:	01da0a3b          	addw	s4,s4,t4
    800020a0:	02013b03          	ld	s6,32(sp)
    800020a4:	011a0a3b          	addw	s4,s4,a7
    800020a8:	011787bb          	addw	a5,a5,a7
    800020ac:	003ddb9b          	srliw	s7,s11,0x3
    800020b0:	04012883          	lw	a7,64(sp)
    800020b4:	00dc191b          	slliw	s2,s8,0xd
    800020b8:	01044833          	xor	a6,s0,a6
    800020bc:	013c541b          	srliw	s0,s8,0x13
    800020c0:	00896433          	or	s0,s2,s0
    800020c4:	01784833          	xor	a6,a6,s7
    800020c8:	00ac5e1b          	srliw	t3,s8,0xa
    800020cc:	0168083b          	addw	a6,a6,s6
    800020d0:	00854533          	xor	a0,a0,s0
    800020d4:	0118083b          	addw	a6,a6,a7
    800020d8:	01c54533          	xor	a0,a0,t3
    800020dc:	00a80f3b          	addw	t5,a6,a0
    800020e0:	00813503          	ld	a0,8(sp)
    800020e4:	030d2303          	lw	t1,48(s10)
    800020e8:	00e64eb3          	xor	t4,a2,a4
    800020ec:	00755c9b          	srliw	s9,a0,0x7
    800020f0:	01a79b1b          	slliw	s6,a5,0x1a
    800020f4:	0157939b          	slliw	t2,a5,0x15
    800020f8:	01812c23          	sw	s8,24(sp)
    800020fc:	0195141b          	slliw	s0,a0,0x19
    80002100:	00e51c1b          	slliw	s8,a0,0xe
    80002104:	0067d91b          	srliw	s2,a5,0x6
    80002108:	00b7d81b          	srliw	a6,a5,0xb
    8000210c:	0125551b          	srliw	a0,a0,0x12
    80002110:	01696933          	or	s2,s2,s6
    80002114:	00779b9b          	slliw	s7,a5,0x7
    80002118:	00fefeb3          	and	t4,t4,a5
    8000211c:	006f033b          	addw	t1,t5,t1
    80002120:	00786833          	or	a6,a6,t2
    80002124:	00ac6533          	or	a0,s8,a0
    80002128:	0197d39b          	srliw	t2,a5,0x19
    8000212c:	00813c03          	ld	s8,8(sp)
    80002130:	01ea129b          	slliw	t0,s4,0x1e
    80002134:	013a1e1b          	slliw	t3,s4,0x13
    80002138:	00b3033b          	addw	t1,t1,a1
    8000213c:	007be3b3          	or	t2,s7,t2
    80002140:	002a549b          	srliw	s1,s4,0x2
    80002144:	00da589b          	srliw	a7,s4,0xd
    80002148:	00ceceb3          	xor	t4,t4,a2
    8000214c:	01094833          	xor	a6,s2,a6
    80002150:	0054e4b3          	or	s1,s1,t0
    80002154:	00aa1b1b          	slliw	s6,s4,0xa
    80002158:	008ce433          	or	s0,s9,s0
    8000215c:	01d30ebb          	addw	t4,t1,t4
    80002160:	01c8e8b3          	or	a7,a7,t3
    80002164:	016a529b          	srliw	t0,s4,0x16
    80002168:	0146ce33          	xor	t3,a3,s4
    8000216c:	00784833          	xor	a6,a6,t2
    80002170:	0146f933          	and	s2,a3,s4
    80002174:	01d8083b          	addw	a6,a6,t4
    80002178:	005b62b3          	or	t0,s6,t0
    8000217c:	04812e83          	lw	t4,72(sp)
    80002180:	00ff9b9b          	slliw	s7,t6,0xf
    80002184:	00df9b1b          	slliw	s6,t6,0xd
    80002188:	003c5c1b          	srliw	s8,s8,0x3
    8000218c:	0114c8b3          	xor	a7,s1,a7
    80002190:	013e7e33          	and	t3,t3,s3
    80002194:	00a44533          	xor	a0,s0,a0
    80002198:	011fd59b          	srliw	a1,t6,0x11
    8000219c:	013fd49b          	srliw	s1,t6,0x13
    800021a0:	012e4e33          	xor	t3,t3,s2
    800021a4:	009b64b3          	or	s1,s6,s1
    800021a8:	0058c8b3          	xor	a7,a7,t0
    800021ac:	01854533          	xor	a0,a0,s8
    800021b0:	00bbe5b3          	or	a1,s7,a1
    800021b4:	01c888bb          	addw	a7,a7,t3
    800021b8:	01b5053b          	addw	a0,a0,s11
    800021bc:	00afde1b          	srliw	t3,t6,0xa
    800021c0:	0095c5b3          	xor	a1,a1,s1
    800021c4:	01d5053b          	addw	a0,a0,t4
    800021c8:	01c5c5b3          	xor	a1,a1,t3
    800021cc:	0108843b          	addw	s0,a7,a6
    800021d0:	00b508bb          	addw	a7,a0,a1
    800021d4:	00013583          	ld	a1,0(sp)
    800021d8:	034d2303          	lw	t1,52(s10)
    800021dc:	010a8abb          	addw	s5,s5,a6
    800021e0:	0075d51b          	srliw	a0,a1,0x7
    800021e4:	00e59c9b          	slliw	s9,a1,0xe
    800021e8:	0195949b          	slliw	s1,a1,0x19
    800021ec:	0125d59b          	srliw	a1,a1,0x12
    800021f0:	00050d93          	mv	s11,a0
    800021f4:	00f74eb3          	xor	t4,a4,a5
    800021f8:	01aa9b9b          	slliw	s7,s5,0x1a
    800021fc:	015a939b          	slliw	t2,s5,0x15
    80002200:	01e4129b          	slliw	t0,s0,0x1e
    80002204:	01341e1b          	slliw	t3,s0,0x13
    80002208:	00bce5b3          	or	a1,s9,a1
    8000220c:	006adb1b          	srliw	s6,s5,0x6
    80002210:	00013c83          	ld	s9,0(sp)
    80002214:	00bad51b          	srliw	a0,s5,0xb
    80002218:	0024591b          	srliw	s2,s0,0x2
    8000221c:	00d4581b          	srliw	a6,s0,0xd
    80002220:	017b6b33          	or	s6,s6,s7
    80002224:	00596933          	or	s2,s2,t0
    80002228:	0068833b          	addw	t1,a7,t1
    8000222c:	00756533          	or	a0,a0,t2
    80002230:	007a9b9b          	slliw	s7,s5,0x7
    80002234:	01c86833          	or	a6,a6,t3
    80002238:	00a41c1b          	slliw	s8,s0,0xa
    8000223c:	008a4e33          	xor	t3,s4,s0
    80002240:	015efeb3          	and	t4,t4,s5
    80002244:	019ad39b          	srliw	t2,s5,0x19
    80002248:	0164529b          	srliw	t0,s0,0x16
    8000224c:	009de4b3          	or	s1,s11,s1
    80002250:	00eeceb3          	xor	t4,t4,a4
    80002254:	007be3b3          	or	t2,s7,t2
    80002258:	01094833          	xor	a6,s2,a6
    8000225c:	005c62b3          	or	t0,s8,t0
    80002260:	00c3033b          	addw	t1,t1,a2
    80002264:	00ab4533          	xor	a0,s6,a0
    80002268:	00de7e33          	and	t3,t3,a3
    8000226c:	008a7b33          	and	s6,s4,s0
    80002270:	01d3033b          	addw	t1,t1,t4
    80002274:	00584bb3          	xor	s7,a6,t0
    80002278:	016e4e33          	xor	t3,t3,s6
    8000227c:	003cdc9b          	srliw	s9,s9,0x3
    80002280:	00b4c5b3          	xor	a1,s1,a1
    80002284:	00754533          	xor	a0,a0,t2
    80002288:	0065053b          	addw	a0,a0,t1
    8000228c:	0195c5b3          	xor	a1,a1,s9
    80002290:	00813303          	ld	t1,8(sp)
    80002294:	03412c83          	lw	s9,52(sp)
    80002298:	01cb8bbb          	addw	s7,s7,t3
    8000229c:	00ab8bbb          	addw	s7,s7,a0
    800022a0:	00a989bb          	addw	s3,s3,a0
    800022a4:	01012503          	lw	a0,16(sp)
    800022a8:	00ec939b          	slliw	t2,s9,0xe
    800022ac:	006585bb          	addw	a1,a1,t1
    800022b0:	00712423          	sw	t2,8(sp)
    800022b4:	00a585bb          	addw	a1,a1,a0
    800022b8:	019c9d9b          	slliw	s11,s9,0x19
    800022bc:	007cd51b          	srliw	a0,s9,0x7
    800022c0:	011f549b          	srliw	s1,t5,0x11
    800022c4:	00df1c1b          	slliw	s8,t5,0xd
    800022c8:	00ff161b          	slliw	a2,t5,0xf
    800022cc:	013f591b          	srliw	s2,t5,0x13
    800022d0:	01b56533          	or	a0,a0,s11
    800022d4:	00813d83          	ld	s11,8(sp)
    800022d8:	012c6933          	or	s2,s8,s2
    800022dc:	00966633          	or	a2,a2,s1
    800022e0:	00af531b          	srliw	t1,t5,0xa
    800022e4:	03912a23          	sw	s9,52(sp)
    800022e8:	01264633          	xor	a2,a2,s2
    800022ec:	012cd39b          	srliw	t2,s9,0x12
    800022f0:	038d2803          	lw	a6,56(s10)
    800022f4:	00664633          	xor	a2,a2,t1
    800022f8:	007de3b3          	or	t2,s11,t2
    800022fc:	03412d83          	lw	s11,52(sp)
    80002300:	00c584bb          	addw	s1,a1,a2
    80002304:	0159929b          	slliw	t0,s3,0x15
    80002308:	00b9d61b          	srliw	a2,s3,0xb
    8000230c:	01a99c1b          	slliw	s8,s3,0x1a
    80002310:	01eb9e9b          	slliw	t4,s7,0x1e
    80002314:	00566633          	or	a2,a2,t0
    80002318:	00799c9b          	slliw	s9,s3,0x7
    8000231c:	0069db1b          	srliw	s6,s3,0x6
    80002320:	002bd91b          	srliw	s2,s7,0x2
    80002324:	0199d29b          	srliw	t0,s3,0x19
    80002328:	018b6b33          	or	s6,s6,s8
    8000232c:	01d96933          	or	s2,s2,t4
    80002330:	005ce2b3          	or	t0,s9,t0
    80002334:	0157ce33          	xor	t3,a5,s5
    80002338:	013b931b          	slliw	t1,s7,0x13
    8000233c:	00ab9c1b          	slliw	s8,s7,0xa
    80002340:	00754533          	xor	a0,a0,t2
    80002344:	003ddc9b          	srliw	s9,s11,0x3
    80002348:	00dbd59b          	srliw	a1,s7,0xd
    8000234c:	0104883b          	addw	a6,s1,a6
    80002350:	016bde9b          	srliw	t4,s7,0x16
    80002354:	01dc6eb3          	or	t4,s8,t4
    80002358:	0065e5b3          	or	a1,a1,t1
    8000235c:	0118dc1b          	srliw	s8,a7,0x11
    80002360:	00e8083b          	addw	a6,a6,a4
    80002364:	01954533          	xor	a0,a0,s9
    80002368:	00f8971b          	slliw	a4,a7,0xf
    8000236c:	00013c83          	ld	s9,0(sp)
    80002370:	013e7e33          	and	t3,t3,s3
    80002374:	01744333          	xor	t1,s0,s7
    80002378:	00fe4e33          	xor	t3,t3,a5
    8000237c:	00cb4633          	xor	a2,s6,a2
    80002380:	00b945b3          	xor	a1,s2,a1
    80002384:	01437333          	and	t1,t1,s4
    80002388:	00d8991b          	slliw	s2,a7,0xd
    8000238c:	01747b33          	and	s6,s0,s7
    80002390:	0138d39b          	srliw	t2,a7,0x13
    80002394:	01876733          	or	a4,a4,s8
    80002398:	05012c03          	lw	s8,80(sp)
    8000239c:	01c8083b          	addw	a6,a6,t3
    800023a0:	01634333          	xor	t1,t1,s6
    800023a4:	007963b3          	or	t2,s2,t2
    800023a8:	00564633          	xor	a2,a2,t0
    800023ac:	01d5c5b3          	xor	a1,a1,t4
    800023b0:	03cd2283          	lw	t0,60(s10)
    800023b4:	0106063b          	addw	a2,a2,a6
    800023b8:	006585bb          	addw	a1,a1,t1
    800023bc:	00a8d81b          	srliw	a6,a7,0xa
    800023c0:	0195053b          	addw	a0,a0,s9
    800023c4:	00774733          	xor	a4,a4,t2
    800023c8:	00c58cbb          	addw	s9,a1,a2
    800023cc:	01074733          	xor	a4,a4,a6
    800023d0:	0185053b          	addw	a0,a0,s8
    800023d4:	00e50b3b          	addw	s6,a0,a4
    800023d8:	01ec981b          	slliw	a6,s9,0x1e
    800023dc:	013c951b          	slliw	a0,s9,0x13
    800023e0:	002cde1b          	srliw	t3,s9,0x2
    800023e4:	00dcd71b          	srliw	a4,s9,0xd
    800023e8:	00c6893b          	addw	s2,a3,a2
    800023ec:	010e6e33          	or	t3,t3,a6
    800023f0:	005b063b          	addw	a2,s6,t0
    800023f4:	00a76733          	or	a4,a4,a0
    800023f8:	00ac929b          	slliw	t0,s9,0xa
    800023fc:	016cd81b          	srliw	a6,s9,0x16
    80002400:	019bc533          	xor	a0,s7,s9
    80002404:	00f6063b          	addw	a2,a2,a5
    80002408:	00ee4733          	xor	a4,t3,a4
    8000240c:	0102e833          	or	a6,t0,a6
    80002410:	00857533          	and	a0,a0,s0
    80002414:	019bf7b3          	and	a5,s7,s9
    80002418:	00f547b3          	xor	a5,a0,a5
    8000241c:	01074733          	xor	a4,a4,a6
    80002420:	00f7073b          	addw	a4,a4,a5
    80002424:	06012783          	lw	a5,96(sp)
    80002428:	01a9139b          	slliw	t2,s2,0x1a
    8000242c:	0159131b          	slliw	t1,s2,0x15
    80002430:	0069569b          	srliw	a3,s2,0x6
    80002434:	00b95e9b          	srliw	t4,s2,0xb
    80002438:	006eeeb3          	or	t4,t4,t1
    8000243c:	0076e6b3          	or	a3,a3,t2
    80002440:	01d6c6b3          	xor	a3,a3,t4
    80002444:	02812e83          	lw	t4,40(sp)
    80002448:	02f13423          	sd	a5,40(sp)
    8000244c:	04812783          	lw	a5,72(sp)
    80002450:	013ac5b3          	xor	a1,s5,s3
    80002454:	0199539b          	srliw	t2,s2,0x19
    80002458:	0125f5b3          	and	a1,a1,s2
    8000245c:	0079131b          	slliw	t1,s2,0x7
    80002460:	00736333          	or	t1,t1,t2
    80002464:	0155c5b3          	xor	a1,a1,s5
    80002468:	06f13023          	sd	a5,96(sp)
    8000246c:	01012783          	lw	a5,16(sp)
    80002470:	00b6063b          	addw	a2,a2,a1
    80002474:	0066c6b3          	xor	a3,a3,t1
    80002478:	00c686bb          	addw	a3,a3,a2
    8000247c:	00d7053b          	addw	a0,a4,a3
    80002480:	04012703          	lw	a4,64(sp)
    80002484:	04f13023          	sd	a5,64(sp)
    80002488:	000c079b          	sext.w	a5,s8
    8000248c:	04f13423          	sd	a5,72(sp)
    80002490:	06c12783          	lw	a5,108(sp)
    80002494:	03812e03          	lw	t3,56(sp)
    80002498:	02e13c23          	sd	a4,56(sp)
    8000249c:	00f13823          	sd	a5,16(sp)
    800024a0:	01812783          	lw	a5,24(sp)
    800024a4:	06812303          	lw	t1,104(sp)
    800024a8:	00da0a3b          	addw	s4,s4,a3
    800024ac:	00f13c23          	sd	a5,24(sp)
    800024b0:	000f879b          	sext.w	a5,t6
    800024b4:	04f13823          	sd	a5,80(sp)
    800024b8:	000f079b          	sext.w	a5,t5
    800024bc:	02f13023          	sd	a5,32(sp)
    800024c0:	0008879b          	sext.w	a5,a7
    800024c4:	04f13c23          	sd	a5,88(sp)
    800024c8:	0004879b          	sext.w	a5,s1
    800024cc:	00f13423          	sd	a5,8(sp)
    800024d0:	000b079b          	sext.w	a5,s6
    800024d4:	00f13023          	sd	a5,0(sp)
    800024d8:	07013703          	ld	a4,112(sp)
    800024dc:	040d0d13          	addi	s10,s10,64
    800024e0:	000d859b          	sext.w	a1,s11
    800024e4:	000a829b          	sext.w	t0,s5
    800024e8:	0004039b          	sext.w	t2,s0
    800024ec:	00098f1b          	sext.w	t5,s3
    800024f0:	000b869b          	sext.w	a3,s7
    800024f4:	00090f9b          	sext.w	t6,s2
    800024f8:	000c861b          	sext.w	a2,s9
    800024fc:	000a089b          	sext.w	a7,s4
    80002500:	0005079b          	sext.w	a5,a0
    80002504:	00ed0463          	beq	s10,a4,8000250c <_nettle_sha256_compress+0x1688>
    80002508:	fc9fe06f          	j	800014d0 <_nettle_sha256_compress+0x64c>
    8000250c:	07813783          	ld	a5,120(sp)
    80002510:	00090693          	mv	a3,s2
    80002514:	09813903          	ld	s2,152(sp)
    80002518:	01778bbb          	addw	s7,a5,s7
    8000251c:	08013783          	ld	a5,128(sp)
    80002520:	09013483          	ld	s1,144(sp)
    80002524:	0a013d03          	ld	s10,160(sp)
    80002528:	0a813d83          	ld	s11,168(sp)
    8000252c:	0b013c03          	ld	s8,176(sp)
    80002530:	0199093b          	addw	s2,s2,s9
    80002534:	00878cbb          	addw	s9,a5,s0
    80002538:	08813783          	ld	a5,136(sp)
    8000253c:	0b813703          	ld	a4,184(sp)
    80002540:	15813403          	ld	s0,344(sp)
    80002544:	014d0d3b          	addw	s10,s10,s4
    80002548:	015c0c3b          	addw	s8,s8,s5
    8000254c:	00a484bb          	addw	s1,s1,a0
    80002550:	00dd8dbb          	addw	s11,s11,a3
    80002554:	013789bb          	addw	s3,a5,s3
    80002558:	00972023          	sw	s1,0(a4)
    8000255c:	01272223          	sw	s2,4(a4)
    80002560:	01772423          	sw	s7,8(a4)
    80002564:	01972623          	sw	s9,12(a4)
    80002568:	01a72823          	sw	s10,16(a4)
    8000256c:	01b72a23          	sw	s11,20(a4)
    80002570:	01372c23          	sw	s3,24(a4)
    80002574:	01872e23          	sw	s8,28(a4)
    80002578:	15013483          	ld	s1,336(sp)
    8000257c:	14813903          	ld	s2,328(sp)
    80002580:	14013983          	ld	s3,320(sp)
    80002584:	13813a03          	ld	s4,312(sp)
    80002588:	13013a83          	ld	s5,304(sp)
    8000258c:	12813b03          	ld	s6,296(sp)
    80002590:	12013b83          	ld	s7,288(sp)
    80002594:	11813c03          	ld	s8,280(sp)
    80002598:	11013c83          	ld	s9,272(sp)
    8000259c:	10813d03          	ld	s10,264(sp)
    800025a0:	10013d83          	ld	s11,256(sp)
    800025a4:	16010113          	addi	sp,sp,352
    800025a8:	00008067          	ret

00000000800025ac <sha256_update>:
    800025ac:	fc010113          	addi	sp,sp,-64
    800025b0:	02913423          	sd	s1,40(sp)
    800025b4:	00050493          	mv	s1,a0
    800025b8:	06852503          	lw	a0,104(a0)
    800025bc:	02813823          	sd	s0,48(sp)
    800025c0:	01313c23          	sd	s3,24(sp)
    800025c4:	01513423          	sd	s5,8(sp)
    800025c8:	02113c23          	sd	ra,56(sp)
    800025cc:	03213023          	sd	s2,32(sp)
    800025d0:	00058993          	mv	s3,a1
    800025d4:	00060413          	mv	s0,a2
    800025d8:	02848a93          	addi	s5,s1,40
    800025dc:	04050e63          	beqz	a0,80002638 <sha256_update+0x8c>
    800025e0:	04000913          	li	s2,64
    800025e4:	40a9093b          	subw	s2,s2,a0
    800025e8:	02091913          	slli	s2,s2,0x20
    800025ec:	02051513          	slli	a0,a0,0x20
    800025f0:	02095913          	srli	s2,s2,0x20
    800025f4:	02055513          	srli	a0,a0,0x20
    800025f8:	0d25e463          	bltu	a1,s2,800026c0 <sha256_update+0x114>
    800025fc:	02848a93          	addi	s5,s1,40
    80002600:	00040593          	mv	a1,s0
    80002604:	00090613          	mv	a2,s2
    80002608:	00aa8533          	add	a0,s5,a0
    8000260c:	411000ef          	jal	8000321c <memcpy>
    80002610:	00002617          	auipc	a2,0x2
    80002614:	26060613          	addi	a2,a2,608 # 80004870 <K>
    80002618:	000a8593          	mv	a1,s5
    8000261c:	00048513          	mv	a0,s1
    80002620:	865fe0ef          	jal	80000e84 <_nettle_sha256_compress>
    80002624:	0204b783          	ld	a5,32(s1)
    80002628:	01240433          	add	s0,s0,s2
    8000262c:	412989b3          	sub	s3,s3,s2
    80002630:	00178793          	addi	a5,a5,1
    80002634:	02f4b023          	sd	a5,32(s1)
    80002638:	03f00793          	li	a5,63
    8000263c:	0b37f263          	bgeu	a5,s3,800026e0 <sha256_update+0x134>
    80002640:	fc098913          	addi	s2,s3,-64
    80002644:	fc097913          	andi	s2,s2,-64
    80002648:	04090913          	addi	s2,s2,64
    8000264c:	01413823          	sd	s4,16(sp)
    80002650:	01240933          	add	s2,s0,s2
    80002654:	00002a17          	auipc	s4,0x2
    80002658:	21ca0a13          	addi	s4,s4,540 # 80004870 <K>
    8000265c:	00040593          	mv	a1,s0
    80002660:	000a0613          	mv	a2,s4
    80002664:	00048513          	mv	a0,s1
    80002668:	81dfe0ef          	jal	80000e84 <_nettle_sha256_compress>
    8000266c:	0204b783          	ld	a5,32(s1)
    80002670:	04040413          	addi	s0,s0,64
    80002674:	00178793          	addi	a5,a5,1
    80002678:	02f4b023          	sd	a5,32(s1)
    8000267c:	ff2410e3          	bne	s0,s2,8000265c <sha256_update+0xb0>
    80002680:	01013a03          	ld	s4,16(sp)
    80002684:	03f9f993          	andi	s3,s3,63
    80002688:	00098613          	mv	a2,s3
    8000268c:	00090593          	mv	a1,s2
    80002690:	000a8513          	mv	a0,s5
    80002694:	389000ef          	jal	8000321c <memcpy>
    80002698:	0009899b          	sext.w	s3,s3
    8000269c:	03813083          	ld	ra,56(sp)
    800026a0:	03013403          	ld	s0,48(sp)
    800026a4:	0734a423          	sw	s3,104(s1)
    800026a8:	02013903          	ld	s2,32(sp)
    800026ac:	02813483          	ld	s1,40(sp)
    800026b0:	01813983          	ld	s3,24(sp)
    800026b4:	00813a83          	ld	s5,8(sp)
    800026b8:	04010113          	addi	sp,sp,64
    800026bc:	00008067          	ret
    800026c0:	02848793          	addi	a5,s1,40
    800026c4:	00058613          	mv	a2,a1
    800026c8:	00a78533          	add	a0,a5,a0
    800026cc:	00040593          	mv	a1,s0
    800026d0:	34d000ef          	jal	8000321c <memcpy>
    800026d4:	0684a783          	lw	a5,104(s1)
    800026d8:	013789bb          	addw	s3,a5,s3
    800026dc:	fc1ff06f          	j	8000269c <sha256_update+0xf0>
    800026e0:	00040913          	mv	s2,s0
    800026e4:	fa5ff06f          	j	80002688 <sha256_update+0xdc>

00000000800026e8 <sha256_write_digest>:
    800026e8:	fd010113          	addi	sp,sp,-48
    800026ec:	02113423          	sd	ra,40(sp)
    800026f0:	02813023          	sd	s0,32(sp)
    800026f4:	00913c23          	sd	s1,24(sp)
    800026f8:	01213823          	sd	s2,16(sp)
    800026fc:	01313423          	sd	s3,8(sp)
    80002700:	02000793          	li	a5,32
    80002704:	20b7e663          	bltu	a5,a1,80002910 <sha256_write_digest+0x228>
    80002708:	06852783          	lw	a5,104(a0)
    8000270c:	03f00713          	li	a4,63
    80002710:	00050913          	mv	s2,a0
    80002714:	1ef76e63          	bltu	a4,a5,80002910 <sha256_write_digest+0x228>
    80002718:	02079713          	slli	a4,a5,0x20
    8000271c:	02075713          	srli	a4,a4,0x20
    80002720:	0017879b          	addiw	a5,a5,1
    80002724:	00060493          	mv	s1,a2
    80002728:	00e50733          	add	a4,a0,a4
    8000272c:	f8000613          	li	a2,-128
    80002730:	0007869b          	sext.w	a3,a5
    80002734:	02c70423          	sb	a2,40(a4)
    80002738:	02079793          	slli	a5,a5,0x20
    8000273c:	03800613          	li	a2,56
    80002740:	00058413          	mv	s0,a1
    80002744:	0207d793          	srli	a5,a5,0x20
    80002748:	12d66263          	bltu	a2,a3,8000286c <sha256_write_digest+0x184>
    8000274c:	40f60633          	sub	a2,a2,a5
    80002750:	02850993          	addi	s3,a0,40
    80002754:	00f98533          	add	a0,s3,a5
    80002758:	00000593          	li	a1,0
    8000275c:	2b1000ef          	jal	8000320c <memset>
    80002760:	02093703          	ld	a4,32(s2)
    80002764:	06892503          	lw	a0,104(s2)
    80002768:	f0100593          	li	a1,-255
    8000276c:	00971713          	slli	a4,a4,0x9
    80002770:	03075793          	srli	a5,a4,0x30
    80002774:	02875613          	srli	a2,a4,0x28
    80002778:	0ff7f793          	zext.b	a5,a5
    8000277c:	03875693          	srli	a3,a4,0x38
    80002780:	0ff67613          	zext.b	a2,a2
    80002784:	00879793          	slli	a5,a5,0x8
    80002788:	0035151b          	slliw	a0,a0,0x3
    8000278c:	01061613          	slli	a2,a2,0x10
    80002790:	00d7e7b3          	or	a5,a5,a3
    80002794:	01859593          	slli	a1,a1,0x18
    80002798:	02075693          	srli	a3,a4,0x20
    8000279c:	02051513          	slli	a0,a0,0x20
    800027a0:	02055513          	srli	a0,a0,0x20
    800027a4:	00c7e7b3          	or	a5,a5,a2
    800027a8:	fff58593          	addi	a1,a1,-1
    800027ac:	0ff6f693          	zext.b	a3,a3
    800027b0:	f0100613          	li	a2,-255
    800027b4:	00a76733          	or	a4,a4,a0
    800027b8:	01869693          	slli	a3,a3,0x18
    800027bc:	00b7f7b3          	and	a5,a5,a1
    800027c0:	02061613          	slli	a2,a2,0x20
    800027c4:	00d7e7b3          	or	a5,a5,a3
    800027c8:	0187551b          	srliw	a0,a4,0x18
    800027cc:	fff60613          	addi	a2,a2,-1
    800027d0:	f0100693          	li	a3,-255
    800027d4:	02051513          	slli	a0,a0,0x20
    800027d8:	00c7f7b3          	and	a5,a5,a2
    800027dc:	01075593          	srli	a1,a4,0x10
    800027e0:	02869693          	slli	a3,a3,0x28
    800027e4:	00a7e7b3          	or	a5,a5,a0
    800027e8:	fff68693          	addi	a3,a3,-1
    800027ec:	0ff5f593          	zext.b	a1,a1
    800027f0:	f0100613          	li	a2,-255
    800027f4:	02859593          	slli	a1,a1,0x28
    800027f8:	00d7f7b3          	and	a5,a5,a3
    800027fc:	03061613          	slli	a2,a2,0x30
    80002800:	00875693          	srli	a3,a4,0x8
    80002804:	00b7e7b3          	or	a5,a5,a1
    80002808:	fff60613          	addi	a2,a2,-1
    8000280c:	0ff6f693          	zext.b	a3,a3
    80002810:	03069693          	slli	a3,a3,0x30
    80002814:	00c7f7b3          	and	a5,a5,a2
    80002818:	00d7e7b3          	or	a5,a5,a3
    8000281c:	00879793          	slli	a5,a5,0x8
    80002820:	03871713          	slli	a4,a4,0x38
    80002824:	0087d793          	srli	a5,a5,0x8
    80002828:	00e7e7b3          	or	a5,a5,a4
    8000282c:	00098593          	mv	a1,s3
    80002830:	00090513          	mv	a0,s2
    80002834:	06f93023          	sd	a5,96(s2)
    80002838:	00002617          	auipc	a2,0x2
    8000283c:	03860613          	addi	a2,a2,56 # 80004870 <K>
    80002840:	e44fe0ef          	jal	80000e84 <_nettle_sha256_compress>
    80002844:	00040513          	mv	a0,s0
    80002848:	02013403          	ld	s0,32(sp)
    8000284c:	02813083          	ld	ra,40(sp)
    80002850:	00813983          	ld	s3,8(sp)
    80002854:	00090613          	mv	a2,s2
    80002858:	00048593          	mv	a1,s1
    8000285c:	01013903          	ld	s2,16(sp)
    80002860:	01813483          	ld	s1,24(sp)
    80002864:	03010113          	addi	sp,sp,48
    80002868:	d84fe06f          	j	80000dec <_nettle_write_be32>
    8000286c:	04000713          	li	a4,64
    80002870:	02850993          	addi	s3,a0,40
    80002874:	40f70733          	sub	a4,a4,a5
    80002878:	00400693          	li	a3,4
    8000287c:	00f987b3          	add	a5,s3,a5
    80002880:	06d77663          	bgeu	a4,a3,800028ec <sha256_write_digest+0x204>
    80002884:	00200693          	li	a3,2
    80002888:	04d77663          	bgeu	a4,a3,800028d4 <sha256_write_digest+0x1ec>
    8000288c:	02071263          	bnez	a4,800028b0 <sha256_write_digest+0x1c8>
    80002890:	00002617          	auipc	a2,0x2
    80002894:	fe060613          	addi	a2,a2,-32 # 80004870 <K>
    80002898:	00098593          	mv	a1,s3
    8000289c:	00090513          	mv	a0,s2
    800028a0:	de4fe0ef          	jal	80000e84 <_nettle_sha256_compress>
    800028a4:	03800613          	li	a2,56
    800028a8:	00000793          	li	a5,0
    800028ac:	ea9ff06f          	j	80002754 <sha256_write_digest+0x6c>
    800028b0:	00078023          	sb	zero,0(a5)
    800028b4:	00002617          	auipc	a2,0x2
    800028b8:	fbc60613          	addi	a2,a2,-68 # 80004870 <K>
    800028bc:	00098593          	mv	a1,s3
    800028c0:	00090513          	mv	a0,s2
    800028c4:	dc0fe0ef          	jal	80000e84 <_nettle_sha256_compress>
    800028c8:	03800613          	li	a2,56
    800028cc:	00000793          	li	a5,0
    800028d0:	e85ff06f          	j	80002754 <sha256_write_digest+0x6c>
    800028d4:	00078023          	sb	zero,0(a5)
    800028d8:	000780a3          	sb	zero,1(a5)
    800028dc:	ffe70713          	addi	a4,a4,-2
    800028e0:	00278793          	addi	a5,a5,2
    800028e4:	fa0706e3          	beqz	a4,80002890 <sha256_write_digest+0x1a8>
    800028e8:	fc9ff06f          	j	800028b0 <sha256_write_digest+0x1c8>
    800028ec:	00078023          	sb	zero,0(a5)
    800028f0:	000780a3          	sb	zero,1(a5)
    800028f4:	00078123          	sb	zero,2(a5)
    800028f8:	000781a3          	sb	zero,3(a5)
    800028fc:	ffc70713          	addi	a4,a4,-4
    80002900:	00200693          	li	a3,2
    80002904:	00478793          	addi	a5,a5,4
    80002908:	f8d762e3          	bltu	a4,a3,8000288c <sha256_write_digest+0x1a4>
    8000290c:	fc9ff06f          	j	800028d4 <sha256_write_digest+0x1ec>
    80002910:	00100513          	li	a0,1
    80002914:	1b6000ef          	jal	80002aca <exit>

0000000080002918 <sha256_digest>:
    80002918:	ff010113          	addi	sp,sp,-16
    8000291c:	00113423          	sd	ra,8(sp)
    80002920:	00813023          	sd	s0,0(sp)
    80002924:	00050413          	mv	s0,a0
    80002928:	dc1ff0ef          	jal	800026e8 <sha256_write_digest>
    8000292c:	00040513          	mv	a0,s0
    80002930:	02000613          	li	a2,32
    80002934:	00002597          	auipc	a1,0x2
    80002938:	f1c58593          	addi	a1,a1,-228 # 80004850 <H0.0>
    8000293c:	0e1000ef          	jal	8000321c <memcpy>
    80002940:	00813083          	ld	ra,8(sp)
    80002944:	02043023          	sd	zero,32(s0)
    80002948:	06042423          	sw	zero,104(s0)
    8000294c:	00013403          	ld	s0,0(sp)
    80002950:	01010113          	addi	sp,sp,16
    80002954:	00008067          	ret

0000000080002958 <benchmark_body>:
    80002958:	0ca05c63          	blez	a0,80002a30 <benchmark_body+0xd8>
    8000295c:	f4010113          	addi	sp,sp,-192
    80002960:	00002797          	auipc	a5,0x2
    80002964:	ef078793          	addi	a5,a5,-272 # 80004850 <H0.0>
    80002968:	09413823          	sd	s4,144(sp)
    8000296c:	09513423          	sd	s5,136(sp)
    80002970:	09613023          	sd	s6,128(sp)
    80002974:	07713c23          	sd	s7,120(sp)
    80002978:	0087bb03          	ld	s6,8(a5)
    8000297c:	0007bb83          	ld	s7,0(a5)
    80002980:	0107ba83          	ld	s5,16(a5)
    80002984:	0187ba03          	ld	s4,24(a5)
    80002988:	0a813823          	sd	s0,176(sp)
    8000298c:	0a913423          	sd	s1,168(sp)
    80002990:	0b213023          	sd	s2,160(sp)
    80002994:	09313c23          	sd	s3,152(sp)
    80002998:	0a113c23          	sd	ra,184(sp)
    8000299c:	00050493          	mv	s1,a0
    800029a0:	00000413          	li	s0,0
    800029a4:	00002997          	auipc	s3,0x2
    800029a8:	0ac98993          	addi	s3,s3,172 # 80004a50 <msg>
    800029ac:	89018913          	addi	s2,gp,-1904 # 80004be0 <buffer>
    800029b0:	00098613          	mv	a2,s3
    800029b4:	03800593          	li	a1,56
    800029b8:	00010513          	mv	a0,sp
    800029bc:	8801b823          	sd	zero,-1904(gp) # 80004be0 <buffer>
    800029c0:	8801bc23          	sd	zero,-1896(gp) # 80004be8 <buffer+0x8>
    800029c4:	8a01b023          	sd	zero,-1888(gp) # 80004bf0 <buffer+0x10>
    800029c8:	8a01b423          	sd	zero,-1880(gp) # 80004bf8 <buffer+0x18>
    800029cc:	01713023          	sd	s7,0(sp)
    800029d0:	01613423          	sd	s6,8(sp)
    800029d4:	01513823          	sd	s5,16(sp)
    800029d8:	01413c23          	sd	s4,24(sp)
    800029dc:	02013023          	sd	zero,32(sp)
    800029e0:	06012423          	sw	zero,104(sp)
    800029e4:	bc9ff0ef          	jal	800025ac <sha256_update>
    800029e8:	00090613          	mv	a2,s2
    800029ec:	02000593          	li	a1,32
    800029f0:	00010513          	mv	a0,sp
    800029f4:	0014041b          	addiw	s0,s0,1
    800029f8:	cf1ff0ef          	jal	800026e8 <sha256_write_digest>
    800029fc:	fa849ae3          	bne	s1,s0,800029b0 <benchmark_body+0x58>
    80002a00:	0b813083          	ld	ra,184(sp)
    80002a04:	0b013403          	ld	s0,176(sp)
    80002a08:	0a813483          	ld	s1,168(sp)
    80002a0c:	0a013903          	ld	s2,160(sp)
    80002a10:	09813983          	ld	s3,152(sp)
    80002a14:	09013a03          	ld	s4,144(sp)
    80002a18:	08813a83          	ld	s5,136(sp)
    80002a1c:	08013b03          	ld	s6,128(sp)
    80002a20:	07813b83          	ld	s7,120(sp)
    80002a24:	00000513          	li	a0,0
    80002a28:	0c010113          	addi	sp,sp,192
    80002a2c:	00008067          	ret
    80002a30:	00000513          	li	a0,0
    80002a34:	00008067          	ret

0000000080002a38 <verify_benchmark>:
    80002a38:	00002797          	auipc	a5,0x2
    80002a3c:	05078793          	addi	a5,a5,80 # 80004a88 <hash>
    80002a40:	89018713          	addi	a4,gp,-1904 # 80004be0 <buffer>
    80002a44:	00002597          	auipc	a1,0x2
    80002a48:	04c58593          	addi	a1,a1,76 # 80004a90 <hash+0x8>
    80002a4c:	00100513          	li	a0,1
    80002a50:	0007c603          	lbu	a2,0(a5)
    80002a54:	00074683          	lbu	a3,0(a4)
    80002a58:	00178793          	addi	a5,a5,1
    80002a5c:	00170713          	addi	a4,a4,1
    80002a60:	00d60463          	beq	a2,a3,80002a68 <verify_benchmark+0x30>
    80002a64:	00000513          	li	a0,0
    80002a68:	fef594e3          	bne	a1,a5,80002a50 <verify_benchmark+0x18>
    80002a6c:	00008067          	ret

0000000080002a70 <initialise_benchmark>:
    80002a70:	00008067          	ret

0000000080002a74 <warm_caches>:
    80002a74:	ee5ff06f          	j	80002958 <benchmark_body>

0000000080002a78 <benchmark>:
    80002a78:	1db00513          	li	a0,475
    80002a7c:	eddff06f          	j	80002958 <benchmark_body>

0000000080002a80 <__assert_func>:
    80002a80:	1141                	addi	sp,sp,-16
    80002a82:	00002797          	auipc	a5,0x2
    80002a86:	0ce7b783          	ld	a5,206(a5) # 80004b50 <_impure_ptr>
    80002a8a:	8832                	mv	a6,a2
    80002a8c:	e406                	sd	ra,8(sp)
    80002a8e:	88aa                	mv	a7,a0
    80002a90:	872e                	mv	a4,a1
    80002a92:	6f88                	ld	a0,24(a5)
    80002a94:	8636                	mv	a2,a3
    80002a96:	00002797          	auipc	a5,0x2
    80002a9a:	d2278793          	addi	a5,a5,-734 # 800047b8 <__tbss_end+0x130>
    80002a9e:	00081763          	bnez	a6,80002aac <__assert_func+0x2c>
    80002aa2:	00002797          	auipc	a5,0x2
    80002aa6:	d7e78793          	addi	a5,a5,-642 # 80004820 <__tbss_end+0x198>
    80002aaa:	883e                	mv	a6,a5
    80002aac:	86c6                	mv	a3,a7
    80002aae:	00002597          	auipc	a1,0x2
    80002ab2:	d1a58593          	addi	a1,a1,-742 # 800047c8 <__tbss_end+0x140>
    80002ab6:	40a000ef          	jal	80002ec0 <fiprintf>
    80002aba:	778000ef          	jal	80003232 <abort>

0000000080002abe <__assert>:
    80002abe:	1141                	addi	sp,sp,-16
    80002ac0:	86b2                	mv	a3,a2
    80002ac2:	4601                	li	a2,0
    80002ac4:	e406                	sd	ra,8(sp)
    80002ac6:	fbbff0ef          	jal	80002a80 <__assert_func>

0000000080002aca <exit>:
    80002aca:	1141                	addi	sp,sp,-16
    80002acc:	e022                	sd	s0,0(sp)
    80002ace:	e406                	sd	ra,8(sp)
    80002ad0:	00002797          	auipc	a5,0x2
    80002ad4:	af078793          	addi	a5,a5,-1296 # 800045c0 <__call_exitprocs>
    80002ad8:	842a                	mv	s0,a0
    80002ada:	c781                	beqz	a5,80002ae2 <exit+0x18>
    80002adc:	4581                	li	a1,0
    80002ade:	2e3010ef          	jal	800045c0 <__call_exitprocs>
    80002ae2:	8581b783          	ld	a5,-1960(gp) # 80004ba8 <__stdio_exit_handler>
    80002ae6:	c391                	beqz	a5,80002aea <exit+0x20>
    80002ae8:	9782                	jalr	a5
    80002aea:	8522                	mv	a0,s0
    80002aec:	079010ef          	jal	80004364 <_exit>

0000000080002af0 <malloc>:
    80002af0:	85aa                	mv	a1,a0
    80002af2:	00002517          	auipc	a0,0x2
    80002af6:	05e53503          	ld	a0,94(a0) # 80004b50 <_impure_ptr>
    80002afa:	a0ad                	j	80002b64 <_malloc_r>

0000000080002afc <free>:
    80002afc:	85aa                	mv	a1,a0
    80002afe:	00002517          	auipc	a0,0x2
    80002b02:	05253503          	ld	a0,82(a0) # 80004b50 <_impure_ptr>
    80002b06:	73c0006f          	j	80003242 <_free_r>

0000000080002b0a <sbrk_aligned>:
    80002b0a:	1101                	addi	sp,sp,-32
    80002b0c:	e04a                	sd	s2,0(sp)
    80002b0e:	84818913          	addi	s2,gp,-1976 # 80004b98 <__malloc_sbrk_start>
    80002b12:	00093783          	ld	a5,0(s2)
    80002b16:	e822                	sd	s0,16(sp)
    80002b18:	e426                	sd	s1,8(sp)
    80002b1a:	ec06                	sd	ra,24(sp)
    80002b1c:	84aa                	mv	s1,a0
    80002b1e:	842e                	mv	s0,a1
    80002b20:	e791                	bnez	a5,80002b2c <sbrk_aligned+0x22>
    80002b22:	4581                	li	a1,0
    80002b24:	694000ef          	jal	800031b8 <_sbrk_r>
    80002b28:	00a93023          	sd	a0,0(s2)
    80002b2c:	85a2                	mv	a1,s0
    80002b2e:	8526                	mv	a0,s1
    80002b30:	688000ef          	jal	800031b8 <_sbrk_r>
    80002b34:	597d                	li	s2,-1
    80002b36:	01251a63          	bne	a0,s2,80002b4a <sbrk_aligned+0x40>
    80002b3a:	547d                	li	s0,-1
    80002b3c:	60e2                	ld	ra,24(sp)
    80002b3e:	8522                	mv	a0,s0
    80002b40:	6442                	ld	s0,16(sp)
    80002b42:	64a2                	ld	s1,8(sp)
    80002b44:	6902                	ld	s2,0(sp)
    80002b46:	6105                	addi	sp,sp,32
    80002b48:	8082                	ret
    80002b4a:	00750413          	addi	s0,a0,7
    80002b4e:	9861                	andi	s0,s0,-8
    80002b50:	fe8506e3          	beq	a0,s0,80002b3c <sbrk_aligned+0x32>
    80002b54:	40a405b3          	sub	a1,s0,a0
    80002b58:	8526                	mv	a0,s1
    80002b5a:	65e000ef          	jal	800031b8 <_sbrk_r>
    80002b5e:	fd251fe3          	bne	a0,s2,80002b3c <sbrk_aligned+0x32>
    80002b62:	bfe1                	j	80002b3a <sbrk_aligned+0x30>

0000000080002b64 <_malloc_r>:
    80002b64:	00758793          	addi	a5,a1,7
    80002b68:	7179                	addi	sp,sp,-48
    80002b6a:	9be1                	andi	a5,a5,-8
    80002b6c:	ec26                	sd	s1,24(sp)
    80002b6e:	e84a                	sd	s2,16(sp)
    80002b70:	f406                	sd	ra,40(sp)
    80002b72:	f022                	sd	s0,32(sp)
    80002b74:	e44e                	sd	s3,8(sp)
    80002b76:	e052                	sd	s4,0(sp)
    80002b78:	07a1                	addi	a5,a5,8
    80002b7a:	4741                	li	a4,16
    80002b7c:	892a                	mv	s2,a0
    80002b7e:	44c1                	li	s1,16
    80002b80:	00e7e363          	bltu	a5,a4,80002b86 <_malloc_r+0x22>
    80002b84:	84be                	mv	s1,a5
    80002b86:	80000737          	lui	a4,0x80000
    80002b8a:	fff74713          	not	a4,a4
    80002b8e:	00f76463          	bltu	a4,a5,80002b96 <_malloc_r+0x32>
    80002b92:	00b4fe63          	bgeu	s1,a1,80002bae <_malloc_r+0x4a>
    80002b96:	47b1                	li	a5,12
    80002b98:	00f92023          	sw	a5,0(s2)
    80002b9c:	4501                	li	a0,0
    80002b9e:	70a2                	ld	ra,40(sp)
    80002ba0:	7402                	ld	s0,32(sp)
    80002ba2:	64e2                	ld	s1,24(sp)
    80002ba4:	6942                	ld	s2,16(sp)
    80002ba6:	69a2                	ld	s3,8(sp)
    80002ba8:	6a02                	ld	s4,0(sp)
    80002baa:	6145                	addi	sp,sp,48
    80002bac:	8082                	ret
    80002bae:	854a                	mv	a0,s2
    80002bb0:	0e4000ef          	jal	80002c94 <__malloc_lock>
    80002bb4:	85018993          	addi	s3,gp,-1968 # 80004ba0 <__malloc_free_list>
    80002bb8:	0009b783          	ld	a5,0(s3)
    80002bbc:	843e                	mv	s0,a5
    80002bbe:	ec21                	bnez	s0,80002c16 <_malloc_r+0xb2>
    80002bc0:	85a6                	mv	a1,s1
    80002bc2:	854a                	mv	a0,s2
    80002bc4:	f47ff0ef          	jal	80002b0a <sbrk_aligned>
    80002bc8:	57fd                	li	a5,-1
    80002bca:	842a                	mv	s0,a0
    80002bcc:	0af51f63          	bne	a0,a5,80002c8a <_malloc_r+0x126>
    80002bd0:	0009b403          	ld	s0,0(s3)
    80002bd4:	87a2                	mv	a5,s0
    80002bd6:	efd1                	bnez	a5,80002c72 <_malloc_r+0x10e>
    80002bd8:	c055                	beqz	s0,80002c7c <_malloc_r+0x118>
    80002bda:	00043a03          	ld	s4,0(s0)
    80002bde:	4581                	li	a1,0
    80002be0:	854a                	mv	a0,s2
    80002be2:	9a22                	add	s4,s4,s0
    80002be4:	5d4000ef          	jal	800031b8 <_sbrk_r>
    80002be8:	08aa1a63          	bne	s4,a0,80002c7c <_malloc_r+0x118>
    80002bec:	601c                	ld	a5,0(s0)
    80002bee:	854a                	mv	a0,s2
    80002bf0:	8c9d                	sub	s1,s1,a5
    80002bf2:	85a6                	mv	a1,s1
    80002bf4:	f17ff0ef          	jal	80002b0a <sbrk_aligned>
    80002bf8:	57fd                	li	a5,-1
    80002bfa:	08f50163          	beq	a0,a5,80002c7c <_malloc_r+0x118>
    80002bfe:	601c                	ld	a5,0(s0)
    80002c00:	97a6                	add	a5,a5,s1
    80002c02:	e01c                	sd	a5,0(s0)
    80002c04:	0009b783          	ld	a5,0(s3)
    80002c08:	c3d9                	beqz	a5,80002c8e <_malloc_r+0x12a>
    80002c0a:	6798                	ld	a4,8(a5)
    80002c0c:	06871663          	bne	a4,s0,80002c78 <_malloc_r+0x114>
    80002c10:	0007b423          	sd	zero,8(a5)
    80002c14:	a015                	j	80002c38 <_malloc_r+0xd4>
    80002c16:	6014                	ld	a3,0(s0)
    80002c18:	9e85                	subw	a3,a3,s1
    80002c1a:	0406c963          	bltz	a3,80002c6c <_malloc_r+0x108>
    80002c1e:	473d                	li	a4,15
    80002c20:	02d75e63          	bge	a4,a3,80002c5c <_malloc_r+0xf8>
    80002c24:	e004                	sd	s1,0(s0)
    80002c26:	00940733          	add	a4,s0,s1
    80002c2a:	02879763          	bne	a5,s0,80002c58 <_malloc_r+0xf4>
    80002c2e:	00e9b023          	sd	a4,0(s3)
    80002c32:	641c                	ld	a5,8(s0)
    80002c34:	e314                	sd	a3,0(a4)
    80002c36:	e71c                	sd	a5,8(a4)
    80002c38:	854a                	mv	a0,s2
    80002c3a:	05c000ef          	jal	80002c96 <__malloc_unlock>
    80002c3e:	00f40513          	addi	a0,s0,15
    80002c42:	00840793          	addi	a5,s0,8
    80002c46:	9961                	andi	a0,a0,-8
    80002c48:	40f507bb          	subw	a5,a0,a5
    80002c4c:	dba9                	beqz	a5,80002b9e <_malloc_r+0x3a>
    80002c4e:	943e                	add	s0,s0,a5
    80002c50:	40f007bb          	negw	a5,a5
    80002c54:	e01c                	sd	a5,0(s0)
    80002c56:	b7a1                	j	80002b9e <_malloc_r+0x3a>
    80002c58:	e798                	sd	a4,8(a5)
    80002c5a:	bfe1                	j	80002c32 <_malloc_r+0xce>
    80002c5c:	6418                	ld	a4,8(s0)
    80002c5e:	00879563          	bne	a5,s0,80002c68 <_malloc_r+0x104>
    80002c62:	00e9b023          	sd	a4,0(s3)
    80002c66:	bfc9                	j	80002c38 <_malloc_r+0xd4>
    80002c68:	e798                	sd	a4,8(a5)
    80002c6a:	b7f9                	j	80002c38 <_malloc_r+0xd4>
    80002c6c:	87a2                	mv	a5,s0
    80002c6e:	6400                	ld	s0,8(s0)
    80002c70:	b7b9                	j	80002bbe <_malloc_r+0x5a>
    80002c72:	843e                	mv	s0,a5
    80002c74:	679c                	ld	a5,8(a5)
    80002c76:	b785                	j	80002bd6 <_malloc_r+0x72>
    80002c78:	87ba                	mv	a5,a4
    80002c7a:	b779                	j	80002c08 <_malloc_r+0xa4>
    80002c7c:	47b1                	li	a5,12
    80002c7e:	00f92023          	sw	a5,0(s2)
    80002c82:	854a                	mv	a0,s2
    80002c84:	012000ef          	jal	80002c96 <__malloc_unlock>
    80002c88:	bf11                	j	80002b9c <_malloc_r+0x38>
    80002c8a:	e104                	sd	s1,0(a0)
    80002c8c:	b775                	j	80002c38 <_malloc_r+0xd4>
    80002c8e:	00003423          	sd	zero,8(zero) # 8 <__boot_hart+0x8>
    80002c92:	9002                	ebreak

0000000080002c94 <__malloc_lock>:
    80002c94:	8082                	ret

0000000080002c96 <__malloc_unlock>:
    80002c96:	8082                	ret

0000000080002c98 <__fp_lock>:
    80002c98:	4501                	li	a0,0
    80002c9a:	8082                	ret

0000000080002c9c <std>:
    80002c9c:	1141                	addi	sp,sp,-16
    80002c9e:	e022                	sd	s0,0(sp)
    80002ca0:	e406                	sd	ra,8(sp)
    80002ca2:	842a                	mv	s0,a0
    80002ca4:	00b51823          	sh	a1,16(a0)
    80002ca8:	00c51923          	sh	a2,18(a0)
    80002cac:	00053023          	sd	zero,0(a0)
    80002cb0:	00053423          	sd	zero,8(a0)
    80002cb4:	0a052623          	sw	zero,172(a0)
    80002cb8:	00053c23          	sd	zero,24(a0)
    80002cbc:	02052023          	sw	zero,32(a0)
    80002cc0:	02052423          	sw	zero,40(a0)
    80002cc4:	4621                	li	a2,8
    80002cc6:	4581                	li	a1,0
    80002cc8:	0a450513          	addi	a0,a0,164
    80002ccc:	540000ef          	jal	8000320c <memset>
    80002cd0:	00000797          	auipc	a5,0x0
    80002cd4:	2d478793          	addi	a5,a5,724 # 80002fa4 <__sread>
    80002cd8:	e03c                	sd	a5,64(s0)
    80002cda:	00000797          	auipc	a5,0x0
    80002cde:	30078793          	addi	a5,a5,768 # 80002fda <__swrite>
    80002ce2:	e43c                	sd	a5,72(s0)
    80002ce4:	00000797          	auipc	a5,0x0
    80002ce8:	34678793          	addi	a5,a5,838 # 8000302a <__sseek>
    80002cec:	e83c                	sd	a5,80(s0)
    80002cee:	00000797          	auipc	a5,0x0
    80002cf2:	37478793          	addi	a5,a5,884 # 80003062 <__sclose>
    80002cf6:	60a2                	ld	ra,8(sp)
    80002cf8:	fc00                	sd	s0,56(s0)
    80002cfa:	ec3c                	sd	a5,88(s0)
    80002cfc:	6402                	ld	s0,0(sp)
    80002cfe:	0141                	addi	sp,sp,16
    80002d00:	8082                	ret

0000000080002d02 <stdio_exit_handler>:
    80002d02:	00002617          	auipc	a2,0x2
    80002d06:	da660613          	addi	a2,a2,-602 # 80004aa8 <__sglue>
    80002d0a:	00001597          	auipc	a1,0x1
    80002d0e:	de258593          	addi	a1,a1,-542 # 80003aec <_fflush_r>
    80002d12:	00002517          	auipc	a0,0x2
    80002d16:	dae50513          	addi	a0,a0,-594 # 80004ac0 <_impure_data>
    80002d1a:	aac1                	j	80002eea <_fwalk_sglue>

0000000080002d1c <cleanup_stdio>:
    80002d1c:	650c                	ld	a1,8(a0)
    80002d1e:	1141                	addi	sp,sp,-16
    80002d20:	e022                	sd	s0,0(sp)
    80002d22:	e406                	sd	ra,8(sp)
    80002d24:	00002797          	auipc	a5,0x2
    80002d28:	edc78793          	addi	a5,a5,-292 # 80004c00 <__sf>
    80002d2c:	842a                	mv	s0,a0
    80002d2e:	00f58463          	beq	a1,a5,80002d36 <cleanup_stdio+0x1a>
    80002d32:	5bb000ef          	jal	80003aec <_fflush_r>
    80002d36:	680c                	ld	a1,16(s0)
    80002d38:	00002797          	auipc	a5,0x2
    80002d3c:	f7878793          	addi	a5,a5,-136 # 80004cb0 <__sf+0xb0>
    80002d40:	00f58563          	beq	a1,a5,80002d4a <cleanup_stdio+0x2e>
    80002d44:	8522                	mv	a0,s0
    80002d46:	5a7000ef          	jal	80003aec <_fflush_r>
    80002d4a:	6c0c                	ld	a1,24(s0)
    80002d4c:	a1018793          	addi	a5,gp,-1520 # 80004d60 <__sf+0x160>
    80002d50:	00f58863          	beq	a1,a5,80002d60 <cleanup_stdio+0x44>
    80002d54:	8522                	mv	a0,s0
    80002d56:	6402                	ld	s0,0(sp)
    80002d58:	60a2                	ld	ra,8(sp)
    80002d5a:	0141                	addi	sp,sp,16
    80002d5c:	5910006f          	j	80003aec <_fflush_r>
    80002d60:	60a2                	ld	ra,8(sp)
    80002d62:	6402                	ld	s0,0(sp)
    80002d64:	0141                	addi	sp,sp,16
    80002d66:	8082                	ret

0000000080002d68 <global_stdio_init.part.0>:
    80002d68:	1141                	addi	sp,sp,-16
    80002d6a:	00000797          	auipc	a5,0x0
    80002d6e:	f9878793          	addi	a5,a5,-104 # 80002d02 <stdio_exit_handler>
    80002d72:	4601                	li	a2,0
    80002d74:	4591                	li	a1,4
    80002d76:	00002517          	auipc	a0,0x2
    80002d7a:	e8a50513          	addi	a0,a0,-374 # 80004c00 <__sf>
    80002d7e:	e406                	sd	ra,8(sp)
    80002d80:	84f1bc23          	sd	a5,-1960(gp) # 80004ba8 <__stdio_exit_handler>
    80002d84:	f19ff0ef          	jal	80002c9c <std>
    80002d88:	4605                	li	a2,1
    80002d8a:	45a5                	li	a1,9
    80002d8c:	00002517          	auipc	a0,0x2
    80002d90:	f2450513          	addi	a0,a0,-220 # 80004cb0 <__sf+0xb0>
    80002d94:	f09ff0ef          	jal	80002c9c <std>
    80002d98:	60a2                	ld	ra,8(sp)
    80002d9a:	4609                	li	a2,2
    80002d9c:	45c9                	li	a1,18
    80002d9e:	a1018513          	addi	a0,gp,-1520 # 80004d60 <__sf+0x160>
    80002da2:	0141                	addi	sp,sp,16
    80002da4:	bde5                	j	80002c9c <std>

0000000080002da6 <__fp_unlock>:
    80002da6:	4501                	li	a0,0
    80002da8:	8082                	ret

0000000080002daa <__sfp>:
    80002daa:	1101                	addi	sp,sp,-32
    80002dac:	e04a                	sd	s2,0(sp)
    80002dae:	ec06                	sd	ra,24(sp)
    80002db0:	e822                	sd	s0,16(sp)
    80002db2:	e426                	sd	s1,8(sp)
    80002db4:	8581b783          	ld	a5,-1960(gp) # 80004ba8 <__stdio_exit_handler>
    80002db8:	892a                	mv	s2,a0
    80002dba:	e399                	bnez	a5,80002dc0 <__sfp+0x16>
    80002dbc:	fadff0ef          	jal	80002d68 <global_stdio_init.part.0>
    80002dc0:	00002497          	auipc	s1,0x2
    80002dc4:	ce848493          	addi	s1,s1,-792 # 80004aa8 <__sglue>
    80002dc8:	6880                	ld	s0,16(s1)
    80002dca:	449c                	lw	a5,8(s1)
    80002dcc:	37fd                	addiw	a5,a5,-1
    80002dce:	0207d163          	bgez	a5,80002df0 <__sfp+0x46>
    80002dd2:	609c                	ld	a5,0(s1)
    80002dd4:	e7c1                	bnez	a5,80002e5c <__sfp+0xb2>
    80002dd6:	2d800593          	li	a1,728
    80002dda:	854a                	mv	a0,s2
    80002ddc:	d89ff0ef          	jal	80002b64 <_malloc_r>
    80002de0:	842a                	mv	s0,a0
    80002de2:	e12d                	bnez	a0,80002e44 <__sfp+0x9a>
    80002de4:	0004b023          	sd	zero,0(s1)
    80002de8:	47b1                	li	a5,12
    80002dea:	00f92023          	sw	a5,0(s2)
    80002dee:	a089                	j	80002e30 <__sfp+0x86>
    80002df0:	01041703          	lh	a4,16(s0)
    80002df4:	e729                	bnez	a4,80002e3e <__sfp+0x94>
    80002df6:	77c1                	lui	a5,0xffff0
    80002df8:	0785                	addi	a5,a5,1 # ffffffffffff0001 <__heap_end+0xffffffff7ffcb001>
    80002dfa:	0a042623          	sw	zero,172(s0)
    80002dfe:	00043023          	sd	zero,0(s0)
    80002e02:	00043423          	sd	zero,8(s0)
    80002e06:	c81c                	sw	a5,16(s0)
    80002e08:	00043c23          	sd	zero,24(s0)
    80002e0c:	02042023          	sw	zero,32(s0)
    80002e10:	02042423          	sw	zero,40(s0)
    80002e14:	4621                	li	a2,8
    80002e16:	4581                	li	a1,0
    80002e18:	0a440513          	addi	a0,s0,164
    80002e1c:	3f0000ef          	jal	8000320c <memset>
    80002e20:	06043023          	sd	zero,96(s0)
    80002e24:	06042423          	sw	zero,104(s0)
    80002e28:	08043023          	sd	zero,128(s0)
    80002e2c:	08042423          	sw	zero,136(s0)
    80002e30:	60e2                	ld	ra,24(sp)
    80002e32:	8522                	mv	a0,s0
    80002e34:	6442                	ld	s0,16(sp)
    80002e36:	64a2                	ld	s1,8(sp)
    80002e38:	6902                	ld	s2,0(sp)
    80002e3a:	6105                	addi	sp,sp,32
    80002e3c:	8082                	ret
    80002e3e:	0b040413          	addi	s0,s0,176
    80002e42:	b769                	j	80002dcc <__sfp+0x22>
    80002e44:	4791                	li	a5,4
    80002e46:	00053023          	sd	zero,0(a0)
    80002e4a:	c51c                	sw	a5,8(a0)
    80002e4c:	0561                	addi	a0,a0,24
    80002e4e:	e808                	sd	a0,16(s0)
    80002e50:	2c000613          	li	a2,704
    80002e54:	4581                	li	a1,0
    80002e56:	3b6000ef          	jal	8000320c <memset>
    80002e5a:	e080                	sd	s0,0(s1)
    80002e5c:	6084                	ld	s1,0(s1)
    80002e5e:	b7ad                	j	80002dc8 <__sfp+0x1e>

0000000080002e60 <__sinit>:
    80002e60:	613c                	ld	a5,64(a0)
    80002e62:	eb91                	bnez	a5,80002e76 <__sinit+0x16>
    80002e64:	00000797          	auipc	a5,0x0
    80002e68:	eb878793          	addi	a5,a5,-328 # 80002d1c <cleanup_stdio>
    80002e6c:	e13c                	sd	a5,64(a0)
    80002e6e:	8581b783          	ld	a5,-1960(gp) # 80004ba8 <__stdio_exit_handler>
    80002e72:	e391                	bnez	a5,80002e76 <__sinit+0x16>
    80002e74:	bdd5                	j	80002d68 <global_stdio_init.part.0>
    80002e76:	8082                	ret

0000000080002e78 <__sfp_lock_acquire>:
    80002e78:	8082                	ret

0000000080002e7a <__sfp_lock_release>:
    80002e7a:	8082                	ret

0000000080002e7c <__fp_lock_all>:
    80002e7c:	00002617          	auipc	a2,0x2
    80002e80:	c2c60613          	addi	a2,a2,-980 # 80004aa8 <__sglue>
    80002e84:	00000597          	auipc	a1,0x0
    80002e88:	e1458593          	addi	a1,a1,-492 # 80002c98 <__fp_lock>
    80002e8c:	4501                	li	a0,0
    80002e8e:	a8b1                	j	80002eea <_fwalk_sglue>

0000000080002e90 <__fp_unlock_all>:
    80002e90:	00002617          	auipc	a2,0x2
    80002e94:	c1860613          	addi	a2,a2,-1000 # 80004aa8 <__sglue>
    80002e98:	00000597          	auipc	a1,0x0
    80002e9c:	f0e58593          	addi	a1,a1,-242 # 80002da6 <__fp_unlock>
    80002ea0:	4501                	li	a0,0
    80002ea2:	a0a1                	j	80002eea <_fwalk_sglue>

0000000080002ea4 <_fiprintf_r>:
    80002ea4:	715d                	addi	sp,sp,-80
    80002ea6:	f436                	sd	a3,40(sp)
    80002ea8:	1034                	addi	a3,sp,40
    80002eaa:	ec06                	sd	ra,24(sp)
    80002eac:	f83a                	sd	a4,48(sp)
    80002eae:	fc3e                	sd	a5,56(sp)
    80002eb0:	e0c2                	sd	a6,64(sp)
    80002eb2:	e4c6                	sd	a7,72(sp)
    80002eb4:	e436                	sd	a3,8(sp)
    80002eb6:	4c2000ef          	jal	80003378 <_vfiprintf_r>
    80002eba:	60e2                	ld	ra,24(sp)
    80002ebc:	6161                	addi	sp,sp,80
    80002ebe:	8082                	ret

0000000080002ec0 <fiprintf>:
    80002ec0:	715d                	addi	sp,sp,-80
    80002ec2:	f032                	sd	a2,32(sp)
    80002ec4:	f436                	sd	a3,40(sp)
    80002ec6:	862e                	mv	a2,a1
    80002ec8:	1014                	addi	a3,sp,32
    80002eca:	85aa                	mv	a1,a0
    80002ecc:	00002517          	auipc	a0,0x2
    80002ed0:	c8453503          	ld	a0,-892(a0) # 80004b50 <_impure_ptr>
    80002ed4:	ec06                	sd	ra,24(sp)
    80002ed6:	f83a                	sd	a4,48(sp)
    80002ed8:	fc3e                	sd	a5,56(sp)
    80002eda:	e0c2                	sd	a6,64(sp)
    80002edc:	e4c6                	sd	a7,72(sp)
    80002ede:	e436                	sd	a3,8(sp)
    80002ee0:	498000ef          	jal	80003378 <_vfiprintf_r>
    80002ee4:	60e2                	ld	ra,24(sp)
    80002ee6:	6161                	addi	sp,sp,80
    80002ee8:	8082                	ret

0000000080002eea <_fwalk_sglue>:
    80002eea:	715d                	addi	sp,sp,-80
    80002eec:	e0a2                	sd	s0,64(sp)
    80002eee:	fc26                	sd	s1,56(sp)
    80002ef0:	f44e                	sd	s3,40(sp)
    80002ef2:	f052                	sd	s4,32(sp)
    80002ef4:	e85a                	sd	s6,16(sp)
    80002ef6:	e45e                	sd	s7,8(sp)
    80002ef8:	e486                	sd	ra,72(sp)
    80002efa:	f84a                	sd	s2,48(sp)
    80002efc:	ec56                	sd	s5,24(sp)
    80002efe:	89aa                	mv	s3,a0
    80002f00:	8a2e                	mv	s4,a1
    80002f02:	8432                	mv	s0,a2
    80002f04:	4481                	li	s1,0
    80002f06:	4b05                	li	s6,1
    80002f08:	5bfd                	li	s7,-1
    80002f0a:	01043903          	ld	s2,16(s0)
    80002f0e:	00842a83          	lw	s5,8(s0)
    80002f12:	3afd                	addiw	s5,s5,-1
    80002f14:	020ad063          	bgez	s5,80002f34 <_fwalk_sglue+0x4a>
    80002f18:	6000                	ld	s0,0(s0)
    80002f1a:	f865                	bnez	s0,80002f0a <_fwalk_sglue+0x20>
    80002f1c:	60a6                	ld	ra,72(sp)
    80002f1e:	6406                	ld	s0,64(sp)
    80002f20:	7942                	ld	s2,48(sp)
    80002f22:	79a2                	ld	s3,40(sp)
    80002f24:	7a02                	ld	s4,32(sp)
    80002f26:	6ae2                	ld	s5,24(sp)
    80002f28:	6b42                	ld	s6,16(sp)
    80002f2a:	6ba2                	ld	s7,8(sp)
    80002f2c:	8526                	mv	a0,s1
    80002f2e:	74e2                	ld	s1,56(sp)
    80002f30:	6161                	addi	sp,sp,80
    80002f32:	8082                	ret
    80002f34:	01095783          	lhu	a5,16(s2)
    80002f38:	00fb7b63          	bgeu	s6,a5,80002f4e <_fwalk_sglue+0x64>
    80002f3c:	01291783          	lh	a5,18(s2)
    80002f40:	01778763          	beq	a5,s7,80002f4e <_fwalk_sglue+0x64>
    80002f44:	85ca                	mv	a1,s2
    80002f46:	854e                	mv	a0,s3
    80002f48:	9a02                	jalr	s4
    80002f4a:	8cc9                	or	s1,s1,a0
    80002f4c:	2481                	sext.w	s1,s1
    80002f4e:	0b090913          	addi	s2,s2,176
    80002f52:	b7c1                	j	80002f12 <_fwalk_sglue+0x28>

0000000080002f54 <_iprintf_r>:
    80002f54:	715d                	addi	sp,sp,-80
    80002f56:	f032                	sd	a2,32(sp)
    80002f58:	f436                	sd	a3,40(sp)
    80002f5a:	f83a                	sd	a4,48(sp)
    80002f5c:	fc3e                	sd	a5,56(sp)
    80002f5e:	e0c2                	sd	a6,64(sp)
    80002f60:	e4c6                	sd	a7,72(sp)
    80002f62:	862e                	mv	a2,a1
    80002f64:	690c                	ld	a1,16(a0)
    80002f66:	1014                	addi	a3,sp,32
    80002f68:	ec06                	sd	ra,24(sp)
    80002f6a:	e436                	sd	a3,8(sp)
    80002f6c:	40c000ef          	jal	80003378 <_vfiprintf_r>
    80002f70:	60e2                	ld	ra,24(sp)
    80002f72:	6161                	addi	sp,sp,80
    80002f74:	8082                	ret

0000000080002f76 <iprintf>:
    80002f76:	711d                	addi	sp,sp,-96
    80002f78:	f832                	sd	a2,48(sp)
    80002f7a:	fc36                	sd	a3,56(sp)
    80002f7c:	e4be                	sd	a5,72(sp)
    80002f7e:	f42e                	sd	a1,40(sp)
    80002f80:	e0ba                	sd	a4,64(sp)
    80002f82:	e8c2                	sd	a6,80(sp)
    80002f84:	ecc6                	sd	a7,88(sp)
    80002f86:	00002797          	auipc	a5,0x2
    80002f8a:	bca7b783          	ld	a5,-1078(a5) # 80004b50 <_impure_ptr>
    80002f8e:	6b8c                	ld	a1,16(a5)
    80002f90:	1034                	addi	a3,sp,40
    80002f92:	862a                	mv	a2,a0
    80002f94:	853e                	mv	a0,a5
    80002f96:	ec06                	sd	ra,24(sp)
    80002f98:	e436                	sd	a3,8(sp)
    80002f9a:	3de000ef          	jal	80003378 <_vfiprintf_r>
    80002f9e:	60e2                	ld	ra,24(sp)
    80002fa0:	6125                	addi	sp,sp,96
    80002fa2:	8082                	ret

0000000080002fa4 <__sread>:
    80002fa4:	1141                	addi	sp,sp,-16
    80002fa6:	e022                	sd	s0,0(sp)
    80002fa8:	842e                	mv	s0,a1
    80002faa:	01259583          	lh	a1,18(a1)
    80002fae:	e406                	sd	ra,8(sp)
    80002fb0:	1dc000ef          	jal	8000318c <_read_r>
    80002fb4:	00054963          	bltz	a0,80002fc6 <__sread+0x22>
    80002fb8:	6c5c                	ld	a5,152(s0)
    80002fba:	97aa                	add	a5,a5,a0
    80002fbc:	ec5c                	sd	a5,152(s0)
    80002fbe:	60a2                	ld	ra,8(sp)
    80002fc0:	6402                	ld	s0,0(sp)
    80002fc2:	0141                	addi	sp,sp,16
    80002fc4:	8082                	ret
    80002fc6:	01045783          	lhu	a5,16(s0)
    80002fca:	777d                	lui	a4,0xfffff
    80002fcc:	177d                	addi	a4,a4,-1 # ffffffffffffefff <__heap_end+0xffffffff7ffd9fff>
    80002fce:	8ff9                	and	a5,a5,a4
    80002fd0:	00f41823          	sh	a5,16(s0)
    80002fd4:	b7ed                	j	80002fbe <__sread+0x1a>

0000000080002fd6 <__seofread>:
    80002fd6:	4501                	li	a0,0
    80002fd8:	8082                	ret

0000000080002fda <__swrite>:
    80002fda:	0105d783          	lhu	a5,16(a1)
    80002fde:	7179                	addi	sp,sp,-48
    80002fe0:	f022                	sd	s0,32(sp)
    80002fe2:	ec26                	sd	s1,24(sp)
    80002fe4:	e84a                	sd	s2,16(sp)
    80002fe6:	e44e                	sd	s3,8(sp)
    80002fe8:	f406                	sd	ra,40(sp)
    80002fea:	1007f793          	andi	a5,a5,256
    80002fee:	84aa                	mv	s1,a0
    80002ff0:	842e                	mv	s0,a1
    80002ff2:	8932                	mv	s2,a2
    80002ff4:	89b6                	mv	s3,a3
    80002ff6:	c799                	beqz	a5,80003004 <__swrite+0x2a>
    80002ff8:	01259583          	lh	a1,18(a1)
    80002ffc:	4689                	li	a3,2
    80002ffe:	4601                	li	a2,0
    80003000:	160000ef          	jal	80003160 <_lseek_r>
    80003004:	01045783          	lhu	a5,16(s0)
    80003008:	777d                	lui	a4,0xfffff
    8000300a:	177d                	addi	a4,a4,-1 # ffffffffffffefff <__heap_end+0xffffffff7ffd9fff>
    8000300c:	8ff9                	and	a5,a5,a4
    8000300e:	01241583          	lh	a1,18(s0)
    80003012:	00f41823          	sh	a5,16(s0)
    80003016:	7402                	ld	s0,32(sp)
    80003018:	70a2                	ld	ra,40(sp)
    8000301a:	86ce                	mv	a3,s3
    8000301c:	864a                	mv	a2,s2
    8000301e:	69a2                	ld	s3,8(sp)
    80003020:	6942                	ld	s2,16(sp)
    80003022:	8526                	mv	a0,s1
    80003024:	64e2                	ld	s1,24(sp)
    80003026:	6145                	addi	sp,sp,48
    80003028:	aa65                	j	800031e0 <_write_r>

000000008000302a <__sseek>:
    8000302a:	1141                	addi	sp,sp,-16
    8000302c:	e022                	sd	s0,0(sp)
    8000302e:	842e                	mv	s0,a1
    80003030:	01259583          	lh	a1,18(a1)
    80003034:	e406                	sd	ra,8(sp)
    80003036:	12a000ef          	jal	80003160 <_lseek_r>
    8000303a:	577d                	li	a4,-1
    8000303c:	01045783          	lhu	a5,16(s0)
    80003040:	00e51b63          	bne	a0,a4,80003056 <__sseek+0x2c>
    80003044:	777d                	lui	a4,0xfffff
    80003046:	177d                	addi	a4,a4,-1 # ffffffffffffefff <__heap_end+0xffffffff7ffd9fff>
    80003048:	8ff9                	and	a5,a5,a4
    8000304a:	00f41823          	sh	a5,16(s0)
    8000304e:	60a2                	ld	ra,8(sp)
    80003050:	6402                	ld	s0,0(sp)
    80003052:	0141                	addi	sp,sp,16
    80003054:	8082                	ret
    80003056:	6705                	lui	a4,0x1
    80003058:	8fd9                	or	a5,a5,a4
    8000305a:	00f41823          	sh	a5,16(s0)
    8000305e:	ec48                	sd	a0,152(s0)
    80003060:	b7fd                	j	8000304e <__sseek+0x24>

0000000080003062 <__sclose>:
    80003062:	01259583          	lh	a1,18(a1)
    80003066:	a009                	j	80003068 <_close_r>

0000000080003068 <_close_r>:
    80003068:	1141                	addi	sp,sp,-16
    8000306a:	e022                	sd	s0,0(sp)
    8000306c:	842a                	mv	s0,a0
    8000306e:	852e                	mv	a0,a1
    80003070:	8601a023          	sw	zero,-1952(gp) # 80004bb0 <errno>
    80003074:	e406                	sd	ra,8(sp)
    80003076:	2da010ef          	jal	80004350 <_close>
    8000307a:	57fd                	li	a5,-1
    8000307c:	00f51663          	bne	a0,a5,80003088 <_close_r+0x20>
    80003080:	8601a783          	lw	a5,-1952(gp) # 80004bb0 <errno>
    80003084:	c391                	beqz	a5,80003088 <_close_r+0x20>
    80003086:	c01c                	sw	a5,0(s0)
    80003088:	60a2                	ld	ra,8(sp)
    8000308a:	6402                	ld	s0,0(sp)
    8000308c:	0141                	addi	sp,sp,16
    8000308e:	8082                	ret

0000000080003090 <_reclaim_reent>:
    80003090:	00002797          	auipc	a5,0x2
    80003094:	ac07b783          	ld	a5,-1344(a5) # 80004b50 <_impure_ptr>
    80003098:	0ca78363          	beq	a5,a0,8000315e <_reclaim_reent+0xce>
    8000309c:	7d1c                	ld	a5,56(a0)
    8000309e:	7179                	addi	sp,sp,-48
    800030a0:	f022                	sd	s0,32(sp)
    800030a2:	f406                	sd	ra,40(sp)
    800030a4:	ec26                	sd	s1,24(sp)
    800030a6:	e84a                	sd	s2,16(sp)
    800030a8:	e44e                	sd	s3,8(sp)
    800030aa:	842a                	mv	s0,a0
    800030ac:	cb8d                	beqz	a5,800030de <_reclaim_reent+0x4e>
    800030ae:	6f9c                	ld	a5,24(a5)
    800030b0:	c38d                	beqz	a5,800030d2 <_reclaim_reent+0x42>
    800030b2:	4481                	li	s1,0
    800030b4:	20000913          	li	s2,512
    800030b8:	7c1c                	ld	a5,56(s0)
    800030ba:	6f9c                	ld	a5,24(a5)
    800030bc:	97a6                	add	a5,a5,s1
    800030be:	638c                	ld	a1,0(a5)
    800030c0:	e1c9                	bnez	a1,80003142 <_reclaim_reent+0xb2>
    800030c2:	04a1                	addi	s1,s1,8
    800030c4:	ff249ae3          	bne	s1,s2,800030b8 <_reclaim_reent+0x28>
    800030c8:	7c1c                	ld	a5,56(s0)
    800030ca:	8522                	mv	a0,s0
    800030cc:	6f8c                	ld	a1,24(a5)
    800030ce:	174000ef          	jal	80003242 <_free_r>
    800030d2:	7c1c                	ld	a5,56(s0)
    800030d4:	638c                	ld	a1,0(a5)
    800030d6:	c581                	beqz	a1,800030de <_reclaim_reent+0x4e>
    800030d8:	8522                	mv	a0,s0
    800030da:	168000ef          	jal	80003242 <_free_r>
    800030de:	740c                	ld	a1,40(s0)
    800030e0:	c581                	beqz	a1,800030e8 <_reclaim_reent+0x58>
    800030e2:	8522                	mv	a0,s0
    800030e4:	15e000ef          	jal	80003242 <_free_r>
    800030e8:	7c0c                	ld	a1,56(s0)
    800030ea:	c581                	beqz	a1,800030f2 <_reclaim_reent+0x62>
    800030ec:	8522                	mv	a0,s0
    800030ee:	154000ef          	jal	80003242 <_free_r>
    800030f2:	6c2c                	ld	a1,88(s0)
    800030f4:	c581                	beqz	a1,800030fc <_reclaim_reent+0x6c>
    800030f6:	8522                	mv	a0,s0
    800030f8:	14a000ef          	jal	80003242 <_free_r>
    800030fc:	702c                	ld	a1,96(s0)
    800030fe:	c581                	beqz	a1,80003106 <_reclaim_reent+0x76>
    80003100:	8522                	mv	a0,s0
    80003102:	140000ef          	jal	80003242 <_free_r>
    80003106:	742c                	ld	a1,104(s0)
    80003108:	c581                	beqz	a1,80003110 <_reclaim_reent+0x80>
    8000310a:	8522                	mv	a0,s0
    8000310c:	136000ef          	jal	80003242 <_free_r>
    80003110:	644c                	ld	a1,136(s0)
    80003112:	c581                	beqz	a1,8000311a <_reclaim_reent+0x8a>
    80003114:	8522                	mv	a0,s0
    80003116:	12c000ef          	jal	80003242 <_free_r>
    8000311a:	604c                	ld	a1,128(s0)
    8000311c:	c581                	beqz	a1,80003124 <_reclaim_reent+0x94>
    8000311e:	8522                	mv	a0,s0
    80003120:	122000ef          	jal	80003242 <_free_r>
    80003124:	682c                	ld	a1,80(s0)
    80003126:	c581                	beqz	a1,8000312e <_reclaim_reent+0x9e>
    80003128:	8522                	mv	a0,s0
    8000312a:	118000ef          	jal	80003242 <_free_r>
    8000312e:	603c                	ld	a5,64(s0)
    80003130:	c385                	beqz	a5,80003150 <_reclaim_reent+0xc0>
    80003132:	8522                	mv	a0,s0
    80003134:	7402                	ld	s0,32(sp)
    80003136:	70a2                	ld	ra,40(sp)
    80003138:	64e2                	ld	s1,24(sp)
    8000313a:	6942                	ld	s2,16(sp)
    8000313c:	69a2                	ld	s3,8(sp)
    8000313e:	6145                	addi	sp,sp,48
    80003140:	8782                	jr	a5
    80003142:	0005b983          	ld	s3,0(a1)
    80003146:	8522                	mv	a0,s0
    80003148:	0fa000ef          	jal	80003242 <_free_r>
    8000314c:	85ce                	mv	a1,s3
    8000314e:	bf8d                	j	800030c0 <_reclaim_reent+0x30>
    80003150:	70a2                	ld	ra,40(sp)
    80003152:	7402                	ld	s0,32(sp)
    80003154:	64e2                	ld	s1,24(sp)
    80003156:	6942                	ld	s2,16(sp)
    80003158:	69a2                	ld	s3,8(sp)
    8000315a:	6145                	addi	sp,sp,48
    8000315c:	8082                	ret
    8000315e:	8082                	ret

0000000080003160 <_lseek_r>:
    80003160:	1141                	addi	sp,sp,-16
    80003162:	e022                	sd	s0,0(sp)
    80003164:	842a                	mv	s0,a0
    80003166:	852e                	mv	a0,a1
    80003168:	85b2                	mv	a1,a2
    8000316a:	8636                	mv	a2,a3
    8000316c:	8601a023          	sw	zero,-1952(gp) # 80004bb0 <errno>
    80003170:	e406                	sd	ra,8(sp)
    80003172:	248010ef          	jal	800043ba <_lseek>
    80003176:	57fd                	li	a5,-1
    80003178:	00f51663          	bne	a0,a5,80003184 <_lseek_r+0x24>
    8000317c:	8601a783          	lw	a5,-1952(gp) # 80004bb0 <errno>
    80003180:	c391                	beqz	a5,80003184 <_lseek_r+0x24>
    80003182:	c01c                	sw	a5,0(s0)
    80003184:	60a2                	ld	ra,8(sp)
    80003186:	6402                	ld	s0,0(sp)
    80003188:	0141                	addi	sp,sp,16
    8000318a:	8082                	ret

000000008000318c <_read_r>:
    8000318c:	1141                	addi	sp,sp,-16
    8000318e:	e022                	sd	s0,0(sp)
    80003190:	842a                	mv	s0,a0
    80003192:	852e                	mv	a0,a1
    80003194:	85b2                	mv	a1,a2
    80003196:	8636                	mv	a2,a3
    80003198:	8601a023          	sw	zero,-1952(gp) # 80004bb0 <errno>
    8000319c:	e406                	sd	ra,8(sp)
    8000319e:	230010ef          	jal	800043ce <_read>
    800031a2:	57fd                	li	a5,-1
    800031a4:	00f51663          	bne	a0,a5,800031b0 <_read_r+0x24>
    800031a8:	8601a783          	lw	a5,-1952(gp) # 80004bb0 <errno>
    800031ac:	c391                	beqz	a5,800031b0 <_read_r+0x24>
    800031ae:	c01c                	sw	a5,0(s0)
    800031b0:	60a2                	ld	ra,8(sp)
    800031b2:	6402                	ld	s0,0(sp)
    800031b4:	0141                	addi	sp,sp,16
    800031b6:	8082                	ret

00000000800031b8 <_sbrk_r>:
    800031b8:	1141                	addi	sp,sp,-16
    800031ba:	e022                	sd	s0,0(sp)
    800031bc:	842a                	mv	s0,a0
    800031be:	852e                	mv	a0,a1
    800031c0:	8601a023          	sw	zero,-1952(gp) # 80004bb0 <errno>
    800031c4:	e406                	sd	ra,8(sp)
    800031c6:	21e010ef          	jal	800043e4 <_sbrk>
    800031ca:	57fd                	li	a5,-1
    800031cc:	00f51663          	bne	a0,a5,800031d8 <_sbrk_r+0x20>
    800031d0:	8601a783          	lw	a5,-1952(gp) # 80004bb0 <errno>
    800031d4:	c391                	beqz	a5,800031d8 <_sbrk_r+0x20>
    800031d6:	c01c                	sw	a5,0(s0)
    800031d8:	60a2                	ld	ra,8(sp)
    800031da:	6402                	ld	s0,0(sp)
    800031dc:	0141                	addi	sp,sp,16
    800031de:	8082                	ret

00000000800031e0 <_write_r>:
    800031e0:	1141                	addi	sp,sp,-16
    800031e2:	e022                	sd	s0,0(sp)
    800031e4:	842a                	mv	s0,a0
    800031e6:	852e                	mv	a0,a1
    800031e8:	85b2                	mv	a1,a2
    800031ea:	8636                	mv	a2,a3
    800031ec:	8601a023          	sw	zero,-1952(gp) # 80004bb0 <errno>
    800031f0:	e406                	sd	ra,8(sp)
    800031f2:	22e010ef          	jal	80004420 <_write>
    800031f6:	57fd                	li	a5,-1
    800031f8:	00f51663          	bne	a0,a5,80003204 <_write_r+0x24>
    800031fc:	8601a783          	lw	a5,-1952(gp) # 80004bb0 <errno>
    80003200:	c391                	beqz	a5,80003204 <_write_r+0x24>
    80003202:	c01c                	sw	a5,0(s0)
    80003204:	60a2                	ld	ra,8(sp)
    80003206:	6402                	ld	s0,0(sp)
    80003208:	0141                	addi	sp,sp,16
    8000320a:	8082                	ret

000000008000320c <memset>:
    8000320c:	832a                	mv	t1,a0
    8000320e:	c611                	beqz	a2,8000321a <memset+0xe>
    80003210:	00b30023          	sb	a1,0(t1)
    80003214:	167d                	addi	a2,a2,-1
    80003216:	0305                	addi	t1,t1,1
    80003218:	fe65                	bnez	a2,80003210 <memset+0x4>
    8000321a:	8082                	ret

000000008000321c <memcpy>:
    8000321c:	832a                	mv	t1,a0
    8000321e:	ca09                	beqz	a2,80003230 <memcpy+0x14>
    80003220:	00058383          	lb	t2,0(a1)
    80003224:	00730023          	sb	t2,0(t1)
    80003228:	167d                	addi	a2,a2,-1
    8000322a:	0305                	addi	t1,t1,1
    8000322c:	0585                	addi	a1,a1,1
    8000322e:	fa6d                	bnez	a2,80003220 <memcpy+0x4>
    80003230:	8082                	ret

0000000080003232 <abort>:
    80003232:	1141                	addi	sp,sp,-16
    80003234:	4519                	li	a0,6
    80003236:	e406                	sd	ra,8(sp)
    80003238:	6b3000ef          	jal	800040ea <raise>
    8000323c:	4505                	li	a0,1
    8000323e:	126010ef          	jal	80004364 <_exit>

0000000080003242 <_free_r>:
    80003242:	c1c5                	beqz	a1,800032e2 <_free_r+0xa0>
    80003244:	ff85b783          	ld	a5,-8(a1)
    80003248:	1101                	addi	sp,sp,-32
    8000324a:	e822                	sd	s0,16(sp)
    8000324c:	ec06                	sd	ra,24(sp)
    8000324e:	ff858413          	addi	s0,a1,-8
    80003252:	0007d363          	bgez	a5,80003258 <_free_r+0x16>
    80003256:	943e                	add	s0,s0,a5
    80003258:	e42a                	sd	a0,8(sp)
    8000325a:	a3bff0ef          	jal	80002c94 <__malloc_lock>
    8000325e:	85018713          	addi	a4,gp,-1968 # 80004ba0 <__malloc_free_list>
    80003262:	631c                	ld	a5,0(a4)
    80003264:	6522                	ld	a0,8(sp)
    80003266:	eb89                	bnez	a5,80003278 <_free_r+0x36>
    80003268:	00043423          	sd	zero,8(s0)
    8000326c:	e300                	sd	s0,0(a4)
    8000326e:	6442                	ld	s0,16(sp)
    80003270:	60e2                	ld	ra,24(sp)
    80003272:	6105                	addi	sp,sp,32
    80003274:	a23ff06f          	j	80002c96 <__malloc_unlock>
    80003278:	00f47d63          	bgeu	s0,a5,80003292 <_free_r+0x50>
    8000327c:	6010                	ld	a2,0(s0)
    8000327e:	00c406b3          	add	a3,s0,a2
    80003282:	00d79663          	bne	a5,a3,8000328e <_free_r+0x4c>
    80003286:	6394                	ld	a3,0(a5)
    80003288:	679c                	ld	a5,8(a5)
    8000328a:	96b2                	add	a3,a3,a2
    8000328c:	e014                	sd	a3,0(s0)
    8000328e:	e41c                	sd	a5,8(s0)
    80003290:	bff1                	j	8000326c <_free_r+0x2a>
    80003292:	873e                	mv	a4,a5
    80003294:	679c                	ld	a5,8(a5)
    80003296:	c399                	beqz	a5,8000329c <_free_r+0x5a>
    80003298:	fef47de3          	bgeu	s0,a5,80003292 <_free_r+0x50>
    8000329c:	6314                	ld	a3,0(a4)
    8000329e:	00d70633          	add	a2,a4,a3
    800032a2:	00861f63          	bne	a2,s0,800032c0 <_free_r+0x7e>
    800032a6:	6010                	ld	a2,0(s0)
    800032a8:	96b2                	add	a3,a3,a2
    800032aa:	e314                	sd	a3,0(a4)
    800032ac:	00d70633          	add	a2,a4,a3
    800032b0:	fac79fe3          	bne	a5,a2,8000326e <_free_r+0x2c>
    800032b4:	6390                	ld	a2,0(a5)
    800032b6:	679c                	ld	a5,8(a5)
    800032b8:	96b2                	add	a3,a3,a2
    800032ba:	e314                	sd	a3,0(a4)
    800032bc:	e71c                	sd	a5,8(a4)
    800032be:	bf45                	j	8000326e <_free_r+0x2c>
    800032c0:	00c47563          	bgeu	s0,a2,800032ca <_free_r+0x88>
    800032c4:	47b1                	li	a5,12
    800032c6:	c11c                	sw	a5,0(a0)
    800032c8:	b75d                	j	8000326e <_free_r+0x2c>
    800032ca:	6010                	ld	a2,0(s0)
    800032cc:	00c406b3          	add	a3,s0,a2
    800032d0:	00d79663          	bne	a5,a3,800032dc <_free_r+0x9a>
    800032d4:	6394                	ld	a3,0(a5)
    800032d6:	679c                	ld	a5,8(a5)
    800032d8:	96b2                	add	a3,a3,a2
    800032da:	e014                	sd	a3,0(s0)
    800032dc:	e41c                	sd	a5,8(s0)
    800032de:	e700                	sd	s0,8(a4)
    800032e0:	b779                	j	8000326e <_free_r+0x2c>
    800032e2:	8082                	ret

00000000800032e4 <__sfputc_r>:
    800032e4:	465c                	lw	a5,12(a2)
    800032e6:	fff7871b          	addiw	a4,a5,-1
    800032ea:	c658                	sw	a4,12(a2)
    800032ec:	00075a63          	bgez	a4,80003300 <__sfputc_r+0x1c>
    800032f0:	561c                	lw	a5,40(a2)
    800032f2:	00f74563          	blt	a4,a5,800032fc <__sfputc_r+0x18>
    800032f6:	47a9                	li	a5,10
    800032f8:	00f59463          	bne	a1,a5,80003300 <__sfputc_r+0x1c>
    800032fc:	3290006f          	j	80003e24 <__swbuf_r>
    80003300:	621c                	ld	a5,0(a2)
    80003302:	852e                	mv	a0,a1
    80003304:	00178713          	addi	a4,a5,1
    80003308:	e218                	sd	a4,0(a2)
    8000330a:	00b78023          	sb	a1,0(a5)
    8000330e:	8082                	ret

0000000080003310 <__sfputs_r>:
    80003310:	7179                	addi	sp,sp,-48
    80003312:	f022                	sd	s0,32(sp)
    80003314:	ec26                	sd	s1,24(sp)
    80003316:	e84a                	sd	s2,16(sp)
    80003318:	e44e                	sd	s3,8(sp)
    8000331a:	e052                	sd	s4,0(sp)
    8000331c:	f406                	sd	ra,40(sp)
    8000331e:	892a                	mv	s2,a0
    80003320:	89ae                	mv	s3,a1
    80003322:	8432                	mv	s0,a2
    80003324:	00d604b3          	add	s1,a2,a3
    80003328:	5a7d                	li	s4,-1
    8000332a:	00941463          	bne	s0,s1,80003332 <__sfputs_r+0x22>
    8000332e:	4501                	li	a0,0
    80003330:	a811                	j	80003344 <__sfputs_r+0x34>
    80003332:	00044583          	lbu	a1,0(s0)
    80003336:	864e                	mv	a2,s3
    80003338:	854a                	mv	a0,s2
    8000333a:	fabff0ef          	jal	800032e4 <__sfputc_r>
    8000333e:	0405                	addi	s0,s0,1
    80003340:	ff4515e3          	bne	a0,s4,8000332a <__sfputs_r+0x1a>
    80003344:	70a2                	ld	ra,40(sp)
    80003346:	7402                	ld	s0,32(sp)
    80003348:	64e2                	ld	s1,24(sp)
    8000334a:	6942                	ld	s2,16(sp)
    8000334c:	69a2                	ld	s3,8(sp)
    8000334e:	6a02                	ld	s4,0(sp)
    80003350:	6145                	addi	sp,sp,48
    80003352:	8082                	ret

0000000080003354 <__sprint_r>:
    80003354:	6a1c                	ld	a5,16(a2)
    80003356:	1141                	addi	sp,sp,-16
    80003358:	e022                	sd	s0,0(sp)
    8000335a:	e406                	sd	ra,8(sp)
    8000335c:	8432                	mv	s0,a2
    8000335e:	cb99                	beqz	a5,80003374 <__sprint_r+0x20>
    80003360:	7ee000ef          	jal	80003b4e <__sfvwrite_r>
    80003364:	00043823          	sd	zero,16(s0)
    80003368:	60a2                	ld	ra,8(sp)
    8000336a:	00042423          	sw	zero,8(s0)
    8000336e:	6402                	ld	s0,0(sp)
    80003370:	0141                	addi	sp,sp,16
    80003372:	8082                	ret
    80003374:	4501                	li	a0,0
    80003376:	bfcd                	j	80003368 <__sprint_r+0x14>

0000000080003378 <_vfiprintf_r>:
    80003378:	7155                	addi	sp,sp,-208
    8000337a:	e1a2                	sd	s0,192(sp)
    8000337c:	fd26                	sd	s1,184(sp)
    8000337e:	f94a                	sd	s2,176(sp)
    80003380:	f54e                	sd	s3,168(sp)
    80003382:	f152                	sd	s4,160(sp)
    80003384:	e586                	sd	ra,200(sp)
    80003386:	ed56                	sd	s5,152(sp)
    80003388:	e95a                	sd	s6,144(sp)
    8000338a:	e55e                	sd	s7,136(sp)
    8000338c:	e162                	sd	s8,128(sp)
    8000338e:	fce6                	sd	s9,120(sp)
    80003390:	f8ea                	sd	s10,112(sp)
    80003392:	8a2a                	mv	s4,a0
    80003394:	892e                	mv	s2,a1
    80003396:	84b2                	mv	s1,a2
    80003398:	8436                	mv	s0,a3
    8000339a:	4981                	li	s3,0
    8000339c:	c509                	beqz	a0,800033a6 <_vfiprintf_r+0x2e>
    8000339e:	613c                	ld	a5,64(a0)
    800033a0:	e399                	bnez	a5,800033a6 <_vfiprintf_r+0x2e>
    800033a2:	abfff0ef          	jal	80002e60 <__sinit>
    800033a6:	01095783          	lhu	a5,16(s2)
    800033aa:	8ba1                	andi	a5,a5,8
    800033ac:	cbe1                	beqz	a5,8000347c <_vfiprintf_r+0x104>
    800033ae:	01893783          	ld	a5,24(s2)
    800033b2:	c7e9                	beqz	a5,8000347c <_vfiprintf_r+0x104>
    800033b4:	02000793          	li	a5,32
    800033b8:	02f104a3          	sb	a5,41(sp)
    800033bc:	5afd                	li	s5,-1
    800033be:	03000793          	li	a5,48
    800033c2:	d202                	sw	zero,36(sp)
    800033c4:	02f10523          	sb	a5,42(sp)
    800033c8:	e422                	sd	s0,8(sp)
    800033ca:	02500b93          	li	s7,37
    800033ce:	020a9c13          	slli	s8,s5,0x20
    800033d2:	00001b17          	auipc	s6,0x1
    800033d6:	426b0b13          	addi	s6,s6,1062 # 800047f8 <__tbss_end+0x170>
    800033da:	4c85                	li	s9,1
    800033dc:	8426                	mv	s0,s1
    800033de:	00044783          	lbu	a5,0(s0)
    800033e2:	c399                	beqz	a5,800033e8 <_vfiprintf_r+0x70>
    800033e4:	0d779063          	bne	a5,s7,800034a4 <_vfiprintf_r+0x12c>
    800033e8:	40940d3b          	subw	s10,s0,s1
    800033ec:	000d0e63          	beqz	s10,80003408 <_vfiprintf_r+0x90>
    800033f0:	86ea                	mv	a3,s10
    800033f2:	8626                	mv	a2,s1
    800033f4:	85ca                	mv	a1,s2
    800033f6:	8552                	mv	a0,s4
    800033f8:	f19ff0ef          	jal	80003310 <__sfputs_r>
    800033fc:	1d550963          	beq	a0,s5,800035ce <_vfiprintf_r+0x256>
    80003400:	5792                	lw	a5,36(sp)
    80003402:	01a787bb          	addw	a5,a5,s10
    80003406:	d23e                	sw	a5,36(sp)
    80003408:	00044783          	lbu	a5,0(s0)
    8000340c:	1c078163          	beqz	a5,800035ce <_vfiprintf_r+0x256>
    80003410:	00140493          	addi	s1,s0,1
    80003414:	e862                	sd	s8,16(sp)
    80003416:	ec02                	sd	zero,24(sp)
    80003418:	040109a3          	sb	zero,83(sp)
    8000341c:	d482                	sw	zero,104(sp)
    8000341e:	0004c583          	lbu	a1,0(s1)
    80003422:	4615                	li	a2,5
    80003424:	855a                	mv	a0,s6
    80003426:	377000ef          	jal	80003f9c <memchr>
    8000342a:	47c2                	lw	a5,16(sp)
    8000342c:	00148413          	addi	s0,s1,1
    80003430:	ed25                	bnez	a0,800034a8 <_vfiprintf_r+0x130>
    80003432:	0107f713          	andi	a4,a5,16
    80003436:	c709                	beqz	a4,80003440 <_vfiprintf_r+0xc8>
    80003438:	02000713          	li	a4,32
    8000343c:	04e109a3          	sb	a4,83(sp)
    80003440:	0087f713          	andi	a4,a5,8
    80003444:	c709                	beqz	a4,8000344e <_vfiprintf_r+0xd6>
    80003446:	02b00713          	li	a4,43
    8000344a:	04e109a3          	sb	a4,83(sp)
    8000344e:	0004c683          	lbu	a3,0(s1)
    80003452:	02a00713          	li	a4,42
    80003456:	06e68163          	beq	a3,a4,800034b8 <_vfiprintf_r+0x140>
    8000345a:	47f2                	lw	a5,28(sp)
    8000345c:	8426                	mv	s0,s1
    8000345e:	4681                	li	a3,0
    80003460:	4625                	li	a2,9
    80003462:	4829                	li	a6,10
    80003464:	00044703          	lbu	a4,0(s0)
    80003468:	00140513          	addi	a0,s0,1
    8000346c:	fd07059b          	addiw	a1,a4,-48 # fd0 <__stack_align+0xfc0>
    80003470:	872e                	mv	a4,a1
    80003472:	08b67a63          	bgeu	a2,a1,80003506 <_vfiprintf_r+0x18e>
    80003476:	caa9                	beqz	a3,800034c8 <_vfiprintf_r+0x150>
    80003478:	ce3e                	sw	a5,28(sp)
    8000347a:	a0b9                	j	800034c8 <_vfiprintf_r+0x150>
    8000347c:	85ca                	mv	a1,s2
    8000347e:	8552                	mv	a0,s4
    80003480:	24f000ef          	jal	80003ece <__swsetup_r>
    80003484:	d905                	beqz	a0,800033b4 <_vfiprintf_r+0x3c>
    80003486:	557d                	li	a0,-1
    80003488:	60ae                	ld	ra,200(sp)
    8000348a:	640e                	ld	s0,192(sp)
    8000348c:	74ea                	ld	s1,184(sp)
    8000348e:	794a                	ld	s2,176(sp)
    80003490:	79aa                	ld	s3,168(sp)
    80003492:	7a0a                	ld	s4,160(sp)
    80003494:	6aea                	ld	s5,152(sp)
    80003496:	6b4a                	ld	s6,144(sp)
    80003498:	6baa                	ld	s7,136(sp)
    8000349a:	6c0a                	ld	s8,128(sp)
    8000349c:	7ce6                	ld	s9,120(sp)
    8000349e:	7d46                	ld	s10,112(sp)
    800034a0:	6169                	addi	sp,sp,208
    800034a2:	8082                	ret
    800034a4:	0405                	addi	s0,s0,1
    800034a6:	bf25                	j	800033de <_vfiprintf_r+0x66>
    800034a8:	41650533          	sub	a0,a0,s6
    800034ac:	00ac953b          	sllw	a0,s9,a0
    800034b0:	8fc9                	or	a5,a5,a0
    800034b2:	c83e                	sw	a5,16(sp)
    800034b4:	84a2                	mv	s1,s0
    800034b6:	b7a5                	j	8000341e <_vfiprintf_r+0xa6>
    800034b8:	6722                	ld	a4,8(sp)
    800034ba:	00870693          	addi	a3,a4,8
    800034be:	4318                	lw	a4,0(a4)
    800034c0:	e436                	sd	a3,8(sp)
    800034c2:	02074b63          	bltz	a4,800034f8 <_vfiprintf_r+0x180>
    800034c6:	ce3a                	sw	a4,28(sp)
    800034c8:	00044703          	lbu	a4,0(s0)
    800034cc:	02e00793          	li	a5,46
    800034d0:	06f71163          	bne	a4,a5,80003532 <_vfiprintf_r+0x1ba>
    800034d4:	00144703          	lbu	a4,1(s0)
    800034d8:	02a00793          	li	a5,42
    800034dc:	02f71b63          	bne	a4,a5,80003512 <_vfiprintf_r+0x19a>
    800034e0:	67a2                	ld	a5,8(sp)
    800034e2:	0409                	addi	s0,s0,2
    800034e4:	00878713          	addi	a4,a5,8
    800034e8:	e43a                	sd	a4,8(sp)
    800034ea:	4398                	lw	a4,0(a5)
    800034ec:	87ba                	mv	a5,a4
    800034ee:	00075363          	bgez	a4,800034f4 <_vfiprintf_r+0x17c>
    800034f2:	57fd                	li	a5,-1
    800034f4:	ca3e                	sw	a5,20(sp)
    800034f6:	a835                	j	80003532 <_vfiprintf_r+0x1ba>
    800034f8:	40e0073b          	negw	a4,a4
    800034fc:	0027e793          	ori	a5,a5,2
    80003500:	ce3a                	sw	a4,28(sp)
    80003502:	c83e                	sw	a5,16(sp)
    80003504:	b7d1                	j	800034c8 <_vfiprintf_r+0x150>
    80003506:	02f807bb          	mulw	a5,a6,a5
    8000350a:	842a                	mv	s0,a0
    8000350c:	4685                	li	a3,1
    8000350e:	9fb9                	addw	a5,a5,a4
    80003510:	bf91                	j	80003464 <_vfiprintf_r+0xec>
    80003512:	0405                	addi	s0,s0,1
    80003514:	ca02                	sw	zero,20(sp)
    80003516:	4681                	li	a3,0
    80003518:	4781                	li	a5,0
    8000351a:	4625                	li	a2,9
    8000351c:	4829                	li	a6,10
    8000351e:	00044703          	lbu	a4,0(s0)
    80003522:	00140513          	addi	a0,s0,1
    80003526:	fd07059b          	addiw	a1,a4,-48
    8000352a:	872e                	mv	a4,a1
    8000352c:	06b67c63          	bgeu	a2,a1,800035a4 <_vfiprintf_r+0x22c>
    80003530:	f2f1                	bnez	a3,800034f4 <_vfiprintf_r+0x17c>
    80003532:	00044583          	lbu	a1,0(s0)
    80003536:	460d                	li	a2,3
    80003538:	00001517          	auipc	a0,0x1
    8000353c:	2c850513          	addi	a0,a0,712 # 80004800 <__tbss_end+0x178>
    80003540:	25d000ef          	jal	80003f9c <memchr>
    80003544:	cd11                	beqz	a0,80003560 <_vfiprintf_r+0x1e8>
    80003546:	00001797          	auipc	a5,0x1
    8000354a:	2ba78793          	addi	a5,a5,698 # 80004800 <__tbss_end+0x178>
    8000354e:	8d1d                	sub	a0,a0,a5
    80003550:	47c2                	lw	a5,16(sp)
    80003552:	04000713          	li	a4,64
    80003556:	00a7173b          	sllw	a4,a4,a0
    8000355a:	8fd9                	or	a5,a5,a4
    8000355c:	0405                	addi	s0,s0,1
    8000355e:	c83e                	sw	a5,16(sp)
    80003560:	00044583          	lbu	a1,0(s0)
    80003564:	4619                	li	a2,6
    80003566:	00001517          	auipc	a0,0x1
    8000356a:	2a250513          	addi	a0,a0,674 # 80004808 <__tbss_end+0x180>
    8000356e:	00140493          	addi	s1,s0,1
    80003572:	02b10423          	sb	a1,40(sp)
    80003576:	227000ef          	jal	80003f9c <memchr>
    8000357a:	c135                	beqz	a0,800035de <_vfiprintf_r+0x266>
    8000357c:	00000793          	li	a5,0
    80003580:	eb85                	bnez	a5,800035b0 <_vfiprintf_r+0x238>
    80003582:	4742                	lw	a4,16(sp)
    80003584:	67a2                	ld	a5,8(sp)
    80003586:	10077713          	andi	a4,a4,256
    8000358a:	00878693          	addi	a3,a5,8
    8000358e:	c709                	beqz	a4,80003598 <_vfiprintf_r+0x220>
    80003590:	07bd                	addi	a5,a5,15
    80003592:	9bc1                	andi	a5,a5,-16
    80003594:	01078693          	addi	a3,a5,16
    80003598:	e436                	sd	a3,8(sp)
    8000359a:	5792                	lw	a5,36(sp)
    8000359c:	013787bb          	addw	a5,a5,s3
    800035a0:	d23e                	sw	a5,36(sp)
    800035a2:	bd2d                	j	800033dc <_vfiprintf_r+0x64>
    800035a4:	02f807bb          	mulw	a5,a6,a5
    800035a8:	842a                	mv	s0,a0
    800035aa:	4685                	li	a3,1
    800035ac:	9fb9                	addw	a5,a5,a4
    800035ae:	bf85                	j	8000351e <_vfiprintf_r+0x1a6>
    800035b0:	0038                	addi	a4,sp,8
    800035b2:	00000697          	auipc	a3,0x0
    800035b6:	d5e68693          	addi	a3,a3,-674 # 80003310 <__sfputs_r>
    800035ba:	864a                	mv	a2,s2
    800035bc:	080c                	addi	a1,sp,16
    800035be:	8552                	mv	a0,s4
    800035c0:	00000097          	auipc	ra,0x0
    800035c4:	000000e7          	jalr	zero # 0 <__boot_hart>
    800035c8:	89aa                	mv	s3,a0
    800035ca:	fd5518e3          	bne	a0,s5,8000359a <_vfiprintf_r+0x222>
    800035ce:	01095783          	lhu	a5,16(s2)
    800035d2:	0407f793          	andi	a5,a5,64
    800035d6:	ea0798e3          	bnez	a5,80003486 <_vfiprintf_r+0x10e>
    800035da:	5512                	lw	a0,36(sp)
    800035dc:	b575                	j	80003488 <_vfiprintf_r+0x110>
    800035de:	0038                	addi	a4,sp,8
    800035e0:	00000697          	auipc	a3,0x0
    800035e4:	d3068693          	addi	a3,a3,-720 # 80003310 <__sfputs_r>
    800035e8:	864a                	mv	a2,s2
    800035ea:	080c                	addi	a1,sp,16
    800035ec:	8552                	mv	a0,s4
    800035ee:	134000ef          	jal	80003722 <_printf_i>
    800035f2:	bfd9                	j	800035c8 <_vfiprintf_r+0x250>

00000000800035f4 <vfiprintf>:
    800035f4:	86b2                	mv	a3,a2
    800035f6:	862e                	mv	a2,a1
    800035f8:	85aa                	mv	a1,a0
    800035fa:	00001517          	auipc	a0,0x1
    800035fe:	55653503          	ld	a0,1366(a0) # 80004b50 <_impure_ptr>
    80003602:	bb9d                	j	80003378 <_vfiprintf_r>

0000000080003604 <_printf_common>:
    80003604:	715d                	addi	sp,sp,-80
    80003606:	f052                	sd	s4,32(sp)
    80003608:	ec56                	sd	s5,24(sp)
    8000360a:	8a36                	mv	s4,a3
    8000360c:	8aba                	mv	s5,a4
    8000360e:	4994                	lw	a3,16(a1)
    80003610:	4598                	lw	a4,8(a1)
    80003612:	e0a2                	sd	s0,64(sp)
    80003614:	f84a                	sd	s2,48(sp)
    80003616:	f44e                	sd	s3,40(sp)
    80003618:	e486                	sd	ra,72(sp)
    8000361a:	fc26                	sd	s1,56(sp)
    8000361c:	e85a                	sd	s6,16(sp)
    8000361e:	e45e                	sd	s7,8(sp)
    80003620:	89aa                	mv	s3,a0
    80003622:	842e                	mv	s0,a1
    80003624:	8932                	mv	s2,a2
    80003626:	87ba                	mv	a5,a4
    80003628:	00e6c363          	blt	a3,a4,8000362e <_printf_common+0x2a>
    8000362c:	87b6                	mv	a5,a3
    8000362e:	00f92023          	sw	a5,0(s2)
    80003632:	04344703          	lbu	a4,67(s0)
    80003636:	c701                	beqz	a4,8000363e <_printf_common+0x3a>
    80003638:	2785                	addiw	a5,a5,1
    8000363a:	00f92023          	sw	a5,0(s2)
    8000363e:	401c                	lw	a5,0(s0)
    80003640:	0207f793          	andi	a5,a5,32
    80003644:	c791                	beqz	a5,80003650 <_printf_common+0x4c>
    80003646:	00092783          	lw	a5,0(s2)
    8000364a:	2789                	addiw	a5,a5,2
    8000364c:	00f92023          	sw	a5,0(s2)
    80003650:	4004                	lw	s1,0(s0)
    80003652:	8899                	andi	s1,s1,6
    80003654:	e891                	bnez	s1,80003668 <_printf_common+0x64>
    80003656:	01940b13          	addi	s6,s0,25
    8000365a:	5bfd                	li	s7,-1
    8000365c:	445c                	lw	a5,12(s0)
    8000365e:	00092703          	lw	a4,0(s2)
    80003662:	9f99                	subw	a5,a5,a4
    80003664:	06f4c063          	blt	s1,a5,800036c4 <_printf_common+0xc0>
    80003668:	04344783          	lbu	a5,67(s0)
    8000366c:	00f03633          	snez	a2,a5
    80003670:	00f036b3          	snez	a3,a5
    80003674:	401c                	lw	a5,0(s0)
    80003676:	0207f793          	andi	a5,a5,32
    8000367a:	ebb5                	bnez	a5,800036ee <_printf_common+0xea>
    8000367c:	04340613          	addi	a2,s0,67
    80003680:	85d2                	mv	a1,s4
    80003682:	854e                	mv	a0,s3
    80003684:	9a82                	jalr	s5
    80003686:	57fd                	li	a5,-1
    80003688:	04f50563          	beq	a0,a5,800036d2 <_printf_common+0xce>
    8000368c:	401c                	lw	a5,0(s0)
    8000368e:	4711                	li	a4,4
    80003690:	4481                	li	s1,0
    80003692:	8b99                	andi	a5,a5,6
    80003694:	00e79b63          	bne	a5,a4,800036aa <_printf_common+0xa6>
    80003698:	00092783          	lw	a5,0(s2)
    8000369c:	4444                	lw	s1,12(s0)
    8000369e:	9c9d                	subw	s1,s1,a5
    800036a0:	02049793          	slli	a5,s1,0x20
    800036a4:	0007d363          	bgez	a5,800036aa <_printf_common+0xa6>
    800036a8:	4481                	li	s1,0
    800036aa:	441c                	lw	a5,8(s0)
    800036ac:	4818                	lw	a4,16(s0)
    800036ae:	00f75463          	bge	a4,a5,800036b6 <_printf_common+0xb2>
    800036b2:	9f99                	subw	a5,a5,a4
    800036b4:	9cbd                	addw	s1,s1,a5
    800036b6:	4901                	li	s2,0
    800036b8:	0469                	addi	s0,s0,26
    800036ba:	5b7d                	li	s6,-1
    800036bc:	05249a63          	bne	s1,s2,80003710 <_printf_common+0x10c>
    800036c0:	4501                	li	a0,0
    800036c2:	a809                	j	800036d4 <_printf_common+0xd0>
    800036c4:	4685                	li	a3,1
    800036c6:	865a                	mv	a2,s6
    800036c8:	85d2                	mv	a1,s4
    800036ca:	854e                	mv	a0,s3
    800036cc:	9a82                	jalr	s5
    800036ce:	01751e63          	bne	a0,s7,800036ea <_printf_common+0xe6>
    800036d2:	557d                	li	a0,-1
    800036d4:	60a6                	ld	ra,72(sp)
    800036d6:	6406                	ld	s0,64(sp)
    800036d8:	74e2                	ld	s1,56(sp)
    800036da:	7942                	ld	s2,48(sp)
    800036dc:	79a2                	ld	s3,40(sp)
    800036de:	7a02                	ld	s4,32(sp)
    800036e0:	6ae2                	ld	s5,24(sp)
    800036e2:	6b42                	ld	s6,16(sp)
    800036e4:	6ba2                	ld	s7,8(sp)
    800036e6:	6161                	addi	sp,sp,80
    800036e8:	8082                	ret
    800036ea:	2485                	addiw	s1,s1,1
    800036ec:	bf85                	j	8000365c <_printf_common+0x58>
    800036ee:	00d407b3          	add	a5,s0,a3
    800036f2:	03000693          	li	a3,48
    800036f6:	04d781a3          	sb	a3,67(a5)
    800036fa:	0016071b          	addiw	a4,a2,1
    800036fe:	0026069b          	addiw	a3,a2,2
    80003702:	04544603          	lbu	a2,69(s0)
    80003706:	00e407b3          	add	a5,s0,a4
    8000370a:	04c781a3          	sb	a2,67(a5)
    8000370e:	b7bd                	j	8000367c <_printf_common+0x78>
    80003710:	4685                	li	a3,1
    80003712:	8622                	mv	a2,s0
    80003714:	85d2                	mv	a1,s4
    80003716:	854e                	mv	a0,s3
    80003718:	9a82                	jalr	s5
    8000371a:	fb650ce3          	beq	a0,s6,800036d2 <_printf_common+0xce>
    8000371e:	2905                	addiw	s2,s2,1
    80003720:	bf71                	j	800036bc <_printf_common+0xb8>

0000000080003722 <_printf_i>:
    80003722:	715d                	addi	sp,sp,-80
    80003724:	e0a2                	sd	s0,64(sp)
    80003726:	f84a                	sd	s2,48(sp)
    80003728:	f44e                	sd	s3,40(sp)
    8000372a:	f052                	sd	s4,32(sp)
    8000372c:	e486                	sd	ra,72(sp)
    8000372e:	fc26                	sd	s1,56(sp)
    80003730:	ec56                	sd	s5,24(sp)
    80003732:	e85a                	sd	s6,16(sp)
    80003734:	0185c803          	lbu	a6,24(a1)
    80003738:	07800793          	li	a5,120
    8000373c:	892a                	mv	s2,a0
    8000373e:	842e                	mv	s0,a1
    80003740:	89b2                	mv	s3,a2
    80003742:	8a36                	mv	s4,a3
    80003744:	0307e263          	bltu	a5,a6,80003768 <_printf_i+0x46>
    80003748:	06200793          	li	a5,98
    8000374c:	04358693          	addi	a3,a1,67
    80003750:	0307e163          	bltu	a5,a6,80003772 <_printf_i+0x50>
    80003754:	1c080663          	beqz	a6,80003920 <_printf_i+0x1fe>
    80003758:	05800793          	li	a5,88
    8000375c:	00001617          	auipc	a2,0x1
    80003760:	0b460613          	addi	a2,a2,180 # 80004810 <__tbss_end+0x188>
    80003764:	14f80a63          	beq	a6,a5,800038b8 <_printf_i+0x196>
    80003768:	04240493          	addi	s1,s0,66
    8000376c:	05040123          	sb	a6,66(s0)
    80003770:	a815                	j	800037a4 <_printf_i+0x82>
    80003772:	f9d8079b          	addiw	a5,a6,-99
    80003776:	0ff7f793          	zext.b	a5,a5
    8000377a:	4655                	li	a2,21
    8000377c:	fef666e3          	bltu	a2,a5,80003768 <_printf_i+0x46>
    80003780:	00001617          	auipc	a2,0x1
    80003784:	22060613          	addi	a2,a2,544 # 800049a0 <nettle_sha256+0x30>
    80003788:	078a                	slli	a5,a5,0x2
    8000378a:	97b2                	add	a5,a5,a2
    8000378c:	439c                	lw	a5,0(a5)
    8000378e:	97b2                	add	a5,a5,a2
    80003790:	8782                	jr	a5
    80003792:	631c                	ld	a5,0(a4)
    80003794:	04258493          	addi	s1,a1,66
    80003798:	00878693          	addi	a3,a5,8
    8000379c:	439c                	lw	a5,0(a5)
    8000379e:	e314                	sd	a3,0(a4)
    800037a0:	04f58123          	sb	a5,66(a1)
    800037a4:	4785                	li	a5,1
    800037a6:	aa4d                	j	80003958 <_printf_i+0x236>
    800037a8:	419c                	lw	a5,0(a1)
    800037aa:	6308                	ld	a0,0(a4)
    800037ac:	0807f613          	andi	a2,a5,128
    800037b0:	00850593          	addi	a1,a0,8
    800037b4:	c20d                	beqz	a2,800037d6 <_printf_i+0xb4>
    800037b6:	611c                	ld	a5,0(a0)
    800037b8:	e30c                	sd	a1,0(a4)
    800037ba:	0007d863          	bgez	a5,800037ca <_printf_i+0xa8>
    800037be:	02d00713          	li	a4,45
    800037c2:	40f007b3          	neg	a5,a5
    800037c6:	04e401a3          	sb	a4,67(s0)
    800037ca:	00001617          	auipc	a2,0x1
    800037ce:	04660613          	addi	a2,a2,70 # 80004810 <__tbss_end+0x188>
    800037d2:	4829                	li	a6,10
    800037d4:	a83d                	j	80003812 <_printf_i+0xf0>
    800037d6:	0407f613          	andi	a2,a5,64
    800037da:	411c                	lw	a5,0(a0)
    800037dc:	e30c                	sd	a1,0(a4)
    800037de:	de71                	beqz	a2,800037ba <_printf_i+0x98>
    800037e0:	0107979b          	slliw	a5,a5,0x10
    800037e4:	4107d79b          	sraiw	a5,a5,0x10
    800037e8:	bfc9                	j	800037ba <_printf_i+0x98>
    800037ea:	4190                	lw	a2,0(a1)
    800037ec:	631c                	ld	a5,0(a4)
    800037ee:	08067513          	andi	a0,a2,128
    800037f2:	00878593          	addi	a1,a5,8
    800037f6:	cd41                	beqz	a0,8000388e <_printf_i+0x16c>
    800037f8:	639c                	ld	a5,0(a5)
    800037fa:	e30c                	sd	a1,0(a4)
    800037fc:	06f00713          	li	a4,111
    80003800:	00001617          	auipc	a2,0x1
    80003804:	01060613          	addi	a2,a2,16 # 80004810 <__tbss_end+0x188>
    80003808:	0ee81e63          	bne	a6,a4,80003904 <_printf_i+0x1e2>
    8000380c:	4821                	li	a6,8
    8000380e:	040401a3          	sb	zero,67(s0)
    80003812:	4058                	lw	a4,4(s0)
    80003814:	c418                	sw	a4,8(s0)
    80003816:	00074563          	bltz	a4,80003820 <_printf_i+0xfe>
    8000381a:	400c                	lw	a1,0(s0)
    8000381c:	99ed                	andi	a1,a1,-5
    8000381e:	c00c                	sw	a1,0(s0)
    80003820:	e399                	bnez	a5,80003826 <_printf_i+0x104>
    80003822:	84b6                	mv	s1,a3
    80003824:	cf19                	beqz	a4,80003842 <_printf_i+0x120>
    80003826:	84b6                	mv	s1,a3
    80003828:	0307f733          	remu	a4,a5,a6
    8000382c:	14fd                	addi	s1,s1,-1
    8000382e:	9732                	add	a4,a4,a2
    80003830:	00074703          	lbu	a4,0(a4)
    80003834:	00e48023          	sb	a4,0(s1)
    80003838:	873e                	mv	a4,a5
    8000383a:	0307d7b3          	divu	a5,a5,a6
    8000383e:	ff0775e3          	bgeu	a4,a6,80003828 <_printf_i+0x106>
    80003842:	47a1                	li	a5,8
    80003844:	00f81e63          	bne	a6,a5,80003860 <_printf_i+0x13e>
    80003848:	401c                	lw	a5,0(s0)
    8000384a:	8b85                	andi	a5,a5,1
    8000384c:	cb91                	beqz	a5,80003860 <_printf_i+0x13e>
    8000384e:	4058                	lw	a4,4(s0)
    80003850:	481c                	lw	a5,16(s0)
    80003852:	00e7c763          	blt	a5,a4,80003860 <_printf_i+0x13e>
    80003856:	03000793          	li	a5,48
    8000385a:	fef48fa3          	sb	a5,-1(s1)
    8000385e:	14fd                	addi	s1,s1,-1
    80003860:	8e85                	sub	a3,a3,s1
    80003862:	c814                	sw	a3,16(s0)
    80003864:	8752                	mv	a4,s4
    80003866:	86ce                	mv	a3,s3
    80003868:	0070                	addi	a2,sp,12
    8000386a:	85a2                	mv	a1,s0
    8000386c:	854a                	mv	a0,s2
    8000386e:	d97ff0ef          	jal	80003604 <_printf_common>
    80003872:	5afd                	li	s5,-1
    80003874:	0f551663          	bne	a0,s5,80003960 <_printf_i+0x23e>
    80003878:	557d                	li	a0,-1
    8000387a:	60a6                	ld	ra,72(sp)
    8000387c:	6406                	ld	s0,64(sp)
    8000387e:	74e2                	ld	s1,56(sp)
    80003880:	7942                	ld	s2,48(sp)
    80003882:	79a2                	ld	s3,40(sp)
    80003884:	7a02                	ld	s4,32(sp)
    80003886:	6ae2                	ld	s5,24(sp)
    80003888:	6b42                	ld	s6,16(sp)
    8000388a:	6161                	addi	sp,sp,80
    8000388c:	8082                	ret
    8000388e:	439c                	lw	a5,0(a5)
    80003890:	04067613          	andi	a2,a2,64
    80003894:	e30c                	sd	a1,0(a4)
    80003896:	c601                	beqz	a2,8000389e <_printf_i+0x17c>
    80003898:	17c2                	slli	a5,a5,0x30
    8000389a:	93c1                	srli	a5,a5,0x30
    8000389c:	b785                	j	800037fc <_printf_i+0xda>
    8000389e:	1782                	slli	a5,a5,0x20
    800038a0:	9381                	srli	a5,a5,0x20
    800038a2:	bfa9                	j	800037fc <_printf_i+0xda>
    800038a4:	419c                	lw	a5,0(a1)
    800038a6:	0a07e793          	ori	a5,a5,160
    800038aa:	c19c                	sw	a5,0(a1)
    800038ac:	07800813          	li	a6,120
    800038b0:	00001617          	auipc	a2,0x1
    800038b4:	f7860613          	addi	a2,a2,-136 # 80004828 <__tbss_end+0x1a0>
    800038b8:	050402a3          	sb	a6,69(s0)
    800038bc:	400c                	lw	a1,0(s0)
    800038be:	631c                	ld	a5,0(a4)
    800038c0:	0805f813          	andi	a6,a1,128
    800038c4:	00878513          	addi	a0,a5,8
    800038c8:	00080d63          	beqz	a6,800038e2 <_printf_i+0x1c0>
    800038cc:	639c                	ld	a5,0(a5)
    800038ce:	e308                	sd	a0,0(a4)
    800038d0:	0015f713          	andi	a4,a1,1
    800038d4:	c701                	beqz	a4,800038dc <_printf_i+0x1ba>
    800038d6:	0205e593          	ori	a1,a1,32
    800038da:	c00c                	sw	a1,0(s0)
    800038dc:	cf99                	beqz	a5,800038fa <_printf_i+0x1d8>
    800038de:	4841                	li	a6,16
    800038e0:	b73d                	j	8000380e <_printf_i+0xec>
    800038e2:	439c                	lw	a5,0(a5)
    800038e4:	0405f813          	andi	a6,a1,64
    800038e8:	e308                	sd	a0,0(a4)
    800038ea:	00080563          	beqz	a6,800038f4 <_printf_i+0x1d2>
    800038ee:	17c2                	slli	a5,a5,0x30
    800038f0:	93c1                	srli	a5,a5,0x30
    800038f2:	bff9                	j	800038d0 <_printf_i+0x1ae>
    800038f4:	1782                	slli	a5,a5,0x20
    800038f6:	9381                	srli	a5,a5,0x20
    800038f8:	bfe1                	j	800038d0 <_printf_i+0x1ae>
    800038fa:	4018                	lw	a4,0(s0)
    800038fc:	fdf77713          	andi	a4,a4,-33
    80003900:	c018                	sw	a4,0(s0)
    80003902:	bff1                	j	800038de <_printf_i+0x1bc>
    80003904:	4829                	li	a6,10
    80003906:	b721                	j	8000380e <_printf_i+0xec>
    80003908:	4190                	lw	a2,0(a1)
    8000390a:	631c                	ld	a5,0(a4)
    8000390c:	49cc                	lw	a1,20(a1)
    8000390e:	08067813          	andi	a6,a2,128
    80003912:	00878513          	addi	a0,a5,8
    80003916:	00080963          	beqz	a6,80003928 <_printf_i+0x206>
    8000391a:	e308                	sd	a0,0(a4)
    8000391c:	639c                	ld	a5,0(a5)
    8000391e:	e38c                	sd	a1,0(a5)
    80003920:	00042823          	sw	zero,16(s0)
    80003924:	84b6                	mv	s1,a3
    80003926:	bf3d                	j	80003864 <_printf_i+0x142>
    80003928:	e308                	sd	a0,0(a4)
    8000392a:	04067613          	andi	a2,a2,64
    8000392e:	639c                	ld	a5,0(a5)
    80003930:	c601                	beqz	a2,80003938 <_printf_i+0x216>
    80003932:	00b79023          	sh	a1,0(a5)
    80003936:	b7ed                	j	80003920 <_printf_i+0x1fe>
    80003938:	c38c                	sw	a1,0(a5)
    8000393a:	b7dd                	j	80003920 <_printf_i+0x1fe>
    8000393c:	631c                	ld	a5,0(a4)
    8000393e:	41d0                	lw	a2,4(a1)
    80003940:	4581                	li	a1,0
    80003942:	00878693          	addi	a3,a5,8
    80003946:	e314                	sd	a3,0(a4)
    80003948:	6384                	ld	s1,0(a5)
    8000394a:	8526                	mv	a0,s1
    8000394c:	650000ef          	jal	80003f9c <memchr>
    80003950:	c119                	beqz	a0,80003956 <_printf_i+0x234>
    80003952:	8d05                	sub	a0,a0,s1
    80003954:	c048                	sw	a0,4(s0)
    80003956:	405c                	lw	a5,4(s0)
    80003958:	c81c                	sw	a5,16(s0)
    8000395a:	040401a3          	sb	zero,67(s0)
    8000395e:	b719                	j	80003864 <_printf_i+0x142>
    80003960:	4814                	lw	a3,16(s0)
    80003962:	8626                	mv	a2,s1
    80003964:	85ce                	mv	a1,s3
    80003966:	854a                	mv	a0,s2
    80003968:	9a02                	jalr	s4
    8000396a:	f15507e3          	beq	a0,s5,80003878 <_printf_i+0x156>
    8000396e:	401c                	lw	a5,0(s0)
    80003970:	8b89                	andi	a5,a5,2
    80003972:	eb85                	bnez	a5,800039a2 <_printf_i+0x280>
    80003974:	4458                	lw	a4,12(s0)
    80003976:	47b2                	lw	a5,12(sp)
    80003978:	0007051b          	sext.w	a0,a4
    8000397c:	eef75fe3          	bge	a4,a5,8000387a <_printf_i+0x158>
    80003980:	0007851b          	sext.w	a0,a5
    80003984:	bddd                	j	8000387a <_printf_i+0x158>
    80003986:	4685                	li	a3,1
    80003988:	8656                	mv	a2,s5
    8000398a:	85ce                	mv	a1,s3
    8000398c:	854a                	mv	a0,s2
    8000398e:	9a02                	jalr	s4
    80003990:	ef6504e3          	beq	a0,s6,80003878 <_printf_i+0x156>
    80003994:	2485                	addiw	s1,s1,1
    80003996:	445c                	lw	a5,12(s0)
    80003998:	4732                	lw	a4,12(sp)
    8000399a:	9f99                	subw	a5,a5,a4
    8000399c:	fef4c5e3          	blt	s1,a5,80003986 <_printf_i+0x264>
    800039a0:	bfd1                	j	80003974 <_printf_i+0x252>
    800039a2:	4481                	li	s1,0
    800039a4:	01940a93          	addi	s5,s0,25
    800039a8:	5b7d                	li	s6,-1
    800039aa:	b7f5                	j	80003996 <_printf_i+0x274>

00000000800039ac <__sflush_r>:
    800039ac:	01059783          	lh	a5,16(a1)
    800039b0:	7179                	addi	sp,sp,-48
    800039b2:	f022                	sd	s0,32(sp)
    800039b4:	ec26                	sd	s1,24(sp)
    800039b6:	f406                	sd	ra,40(sp)
    800039b8:	e84a                	sd	s2,16(sp)
    800039ba:	e44e                	sd	s3,8(sp)
    800039bc:	0087f713          	andi	a4,a5,8
    800039c0:	84aa                	mv	s1,a0
    800039c2:	842e                	mv	s0,a1
    800039c4:	eb69                	bnez	a4,80003a96 <__sflush_r+0xea>
    800039c6:	4598                	lw	a4,8(a1)
    800039c8:	00e04563          	bgtz	a4,800039d2 <__sflush_r+0x26>
    800039cc:	5db8                	lw	a4,120(a1)
    800039ce:	0ae05b63          	blez	a4,80003a84 <__sflush_r+0xd8>
    800039d2:	6838                	ld	a4,80(s0)
    800039d4:	cb45                	beqz	a4,80003a84 <__sflush_r+0xd8>
    800039d6:	0004a903          	lw	s2,0(s1)
    800039da:	03379693          	slli	a3,a5,0x33
    800039de:	0004a023          	sw	zero,0(s1)
    800039e2:	7c0c                	ld	a1,56(s0)
    800039e4:	0606de63          	bgez	a3,80003a60 <__sflush_r+0xb4>
    800039e8:	6c50                	ld	a2,152(s0)
    800039ea:	01045783          	lhu	a5,16(s0)
    800039ee:	8b91                	andi	a5,a5,4
    800039f0:	c799                	beqz	a5,800039fe <__sflush_r+0x52>
    800039f2:	441c                	lw	a5,8(s0)
    800039f4:	8e1d                	sub	a2,a2,a5
    800039f6:	703c                	ld	a5,96(s0)
    800039f8:	c399                	beqz	a5,800039fe <__sflush_r+0x52>
    800039fa:	5c3c                	lw	a5,120(s0)
    800039fc:	8e1d                	sub	a2,a2,a5
    800039fe:	683c                	ld	a5,80(s0)
    80003a00:	7c0c                	ld	a1,56(s0)
    80003a02:	4681                	li	a3,0
    80003a04:	8526                	mv	a0,s1
    80003a06:	9782                	jalr	a5
    80003a08:	577d                	li	a4,-1
    80003a0a:	01045783          	lhu	a5,16(s0)
    80003a0e:	00e51d63          	bne	a0,a4,80003a28 <__sflush_r+0x7c>
    80003a12:	4094                	lw	a3,0(s1)
    80003a14:	4775                	li	a4,29
    80003a16:	06d76963          	bltu	a4,a3,80003a88 <__sflush_r+0xdc>
    80003a1a:	20400737          	lui	a4,0x20400
    80003a1e:	0705                	addi	a4,a4,1 # 20400001 <__heap_size+0x203e0001>
    80003a20:	00d75733          	srl	a4,a4,a3
    80003a24:	8b05                	andi	a4,a4,1
    80003a26:	c32d                	beqz	a4,80003a88 <__sflush_r+0xdc>
    80003a28:	6c18                	ld	a4,24(s0)
    80003a2a:	00042423          	sw	zero,8(s0)
    80003a2e:	e018                	sd	a4,0(s0)
    80003a30:	03379713          	slli	a4,a5,0x33
    80003a34:	00075863          	bgez	a4,80003a44 <__sflush_r+0x98>
    80003a38:	57fd                	li	a5,-1
    80003a3a:	00f51463          	bne	a0,a5,80003a42 <__sflush_r+0x96>
    80003a3e:	409c                	lw	a5,0(s1)
    80003a40:	e391                	bnez	a5,80003a44 <__sflush_r+0x98>
    80003a42:	ec48                	sd	a0,152(s0)
    80003a44:	702c                	ld	a1,96(s0)
    80003a46:	0124a023          	sw	s2,0(s1)
    80003a4a:	cd8d                	beqz	a1,80003a84 <__sflush_r+0xd8>
    80003a4c:	07c40793          	addi	a5,s0,124
    80003a50:	00f58563          	beq	a1,a5,80003a5a <__sflush_r+0xae>
    80003a54:	8526                	mv	a0,s1
    80003a56:	fecff0ef          	jal	80003242 <_free_r>
    80003a5a:	06043023          	sd	zero,96(s0)
    80003a5e:	a01d                	j	80003a84 <__sflush_r+0xd8>
    80003a60:	4601                	li	a2,0
    80003a62:	4685                	li	a3,1
    80003a64:	8526                	mv	a0,s1
    80003a66:	9702                	jalr	a4
    80003a68:	57fd                	li	a5,-1
    80003a6a:	862a                	mv	a2,a0
    80003a6c:	f6f51fe3          	bne	a0,a5,800039ea <__sflush_r+0x3e>
    80003a70:	409c                	lw	a5,0(s1)
    80003a72:	dfa5                	beqz	a5,800039ea <__sflush_r+0x3e>
    80003a74:	4775                	li	a4,29
    80003a76:	00e78563          	beq	a5,a4,80003a80 <__sflush_r+0xd4>
    80003a7a:	4759                	li	a4,22
    80003a7c:	04e79663          	bne	a5,a4,80003ac8 <__sflush_r+0x11c>
    80003a80:	0124a023          	sw	s2,0(s1)
    80003a84:	4501                	li	a0,0
    80003a86:	a881                	j	80003ad6 <__sflush_r+0x12a>
    80003a88:	0407e793          	ori	a5,a5,64
    80003a8c:	0107979b          	slliw	a5,a5,0x10
    80003a90:	4107d79b          	sraiw	a5,a5,0x10
    80003a94:	a835                	j	80003ad0 <__sflush_r+0x124>
    80003a96:	0185b983          	ld	s3,24(a1)
    80003a9a:	fe0985e3          	beqz	s3,80003a84 <__sflush_r+0xd8>
    80003a9e:	0005b903          	ld	s2,0(a1)
    80003aa2:	8b8d                	andi	a5,a5,3
    80003aa4:	0135b023          	sd	s3,0(a1)
    80003aa8:	4139093b          	subw	s2,s2,s3
    80003aac:	4701                	li	a4,0
    80003aae:	e391                	bnez	a5,80003ab2 <__sflush_r+0x106>
    80003ab0:	5198                	lw	a4,32(a1)
    80003ab2:	c458                	sw	a4,12(s0)
    80003ab4:	fd2058e3          	blez	s2,80003a84 <__sflush_r+0xd8>
    80003ab8:	643c                	ld	a5,72(s0)
    80003aba:	7c0c                	ld	a1,56(s0)
    80003abc:	86ca                	mv	a3,s2
    80003abe:	864e                	mv	a2,s3
    80003ac0:	8526                	mv	a0,s1
    80003ac2:	9782                	jalr	a5
    80003ac4:	02a04063          	bgtz	a0,80003ae4 <__sflush_r+0x138>
    80003ac8:	01041783          	lh	a5,16(s0)
    80003acc:	0407e793          	ori	a5,a5,64
    80003ad0:	00f41823          	sh	a5,16(s0)
    80003ad4:	557d                	li	a0,-1
    80003ad6:	70a2                	ld	ra,40(sp)
    80003ad8:	7402                	ld	s0,32(sp)
    80003ada:	64e2                	ld	s1,24(sp)
    80003adc:	6942                	ld	s2,16(sp)
    80003ade:	69a2                	ld	s3,8(sp)
    80003ae0:	6145                	addi	sp,sp,48
    80003ae2:	8082                	ret
    80003ae4:	99aa                	add	s3,s3,a0
    80003ae6:	40a9093b          	subw	s2,s2,a0
    80003aea:	b7e9                	j	80003ab4 <__sflush_r+0x108>

0000000080003aec <_fflush_r>:
    80003aec:	6d9c                	ld	a5,24(a1)
    80003aee:	cb8d                	beqz	a5,80003b20 <_fflush_r+0x34>
    80003af0:	1101                	addi	sp,sp,-32
    80003af2:	e822                	sd	s0,16(sp)
    80003af4:	ec06                	sd	ra,24(sp)
    80003af6:	842a                	mv	s0,a0
    80003af8:	c519                	beqz	a0,80003b06 <_fflush_r+0x1a>
    80003afa:	613c                	ld	a5,64(a0)
    80003afc:	e789                	bnez	a5,80003b06 <_fflush_r+0x1a>
    80003afe:	e42e                	sd	a1,8(sp)
    80003b00:	b60ff0ef          	jal	80002e60 <__sinit>
    80003b04:	65a2                	ld	a1,8(sp)
    80003b06:	01059783          	lh	a5,16(a1)
    80003b0a:	c791                	beqz	a5,80003b16 <_fflush_r+0x2a>
    80003b0c:	8522                	mv	a0,s0
    80003b0e:	6442                	ld	s0,16(sp)
    80003b10:	60e2                	ld	ra,24(sp)
    80003b12:	6105                	addi	sp,sp,32
    80003b14:	bd61                	j	800039ac <__sflush_r>
    80003b16:	60e2                	ld	ra,24(sp)
    80003b18:	6442                	ld	s0,16(sp)
    80003b1a:	4501                	li	a0,0
    80003b1c:	6105                	addi	sp,sp,32
    80003b1e:	8082                	ret
    80003b20:	4501                	li	a0,0
    80003b22:	8082                	ret

0000000080003b24 <fflush>:
    80003b24:	85aa                	mv	a1,a0
    80003b26:	ed19                	bnez	a0,80003b44 <fflush+0x20>
    80003b28:	00001617          	auipc	a2,0x1
    80003b2c:	f8060613          	addi	a2,a2,-128 # 80004aa8 <__sglue>
    80003b30:	00000597          	auipc	a1,0x0
    80003b34:	fbc58593          	addi	a1,a1,-68 # 80003aec <_fflush_r>
    80003b38:	00001517          	auipc	a0,0x1
    80003b3c:	f8850513          	addi	a0,a0,-120 # 80004ac0 <_impure_data>
    80003b40:	baaff06f          	j	80002eea <_fwalk_sglue>
    80003b44:	00001517          	auipc	a0,0x1
    80003b48:	00c53503          	ld	a0,12(a0) # 80004b50 <_impure_ptr>
    80003b4c:	b745                	j	80003aec <_fflush_r>

0000000080003b4e <__sfvwrite_r>:
    80003b4e:	6a1c                	ld	a5,16(a2)
    80003b50:	e399                	bnez	a5,80003b56 <__sfvwrite_r+0x8>
    80003b52:	4501                	li	a0,0
    80003b54:	8082                	ret
    80003b56:	0105d783          	lhu	a5,16(a1)
    80003b5a:	7159                	addi	sp,sp,-112
    80003b5c:	f0a2                	sd	s0,96(sp)
    80003b5e:	e8ca                	sd	s2,80(sp)
    80003b60:	e0d2                	sd	s4,64(sp)
    80003b62:	f486                	sd	ra,104(sp)
    80003b64:	eca6                	sd	s1,88(sp)
    80003b66:	e4ce                	sd	s3,72(sp)
    80003b68:	fc56                	sd	s5,56(sp)
    80003b6a:	f85a                	sd	s6,48(sp)
    80003b6c:	f45e                	sd	s7,40(sp)
    80003b6e:	f062                	sd	s8,32(sp)
    80003b70:	ec66                	sd	s9,24(sp)
    80003b72:	e86a                	sd	s10,16(sp)
    80003b74:	e46e                	sd	s11,8(sp)
    80003b76:	8ba1                	andi	a5,a5,8
    80003b78:	892a                	mv	s2,a0
    80003b7a:	842e                	mv	s0,a1
    80003b7c:	8a32                	mv	s4,a2
    80003b7e:	cfc1                	beqz	a5,80003c16 <__sfvwrite_r+0xc8>
    80003b80:	6d9c                	ld	a5,24(a1)
    80003b82:	cbd1                	beqz	a5,80003c16 <__sfvwrite_r+0xc8>
    80003b84:	01041783          	lh	a5,16(s0)
    80003b88:	000a3983          	ld	s3,0(s4)
    80003b8c:	0027f713          	andi	a4,a5,2
    80003b90:	e765                	bnez	a4,80003c78 <__sfvwrite_r+0x12a>
    80003b92:	8b85                	andi	a5,a5,1
    80003b94:	4a81                	li	s5,0
    80003b96:	16078063          	beqz	a5,80003cf6 <__sfvwrite_r+0x1a8>
    80003b9a:	4501                	li	a0,0
    80003b9c:	4b81                	li	s7,0
    80003b9e:	4b01                	li	s6,0
    80003ba0:	240b0063          	beqz	s6,80003de0 <__sfvwrite_r+0x292>
    80003ba4:	e919                	bnez	a0,80003bba <__sfvwrite_r+0x6c>
    80003ba6:	865a                	mv	a2,s6
    80003ba8:	45a9                	li	a1,10
    80003baa:	855e                	mv	a0,s7
    80003bac:	3f0000ef          	jal	80003f9c <memchr>
    80003bb0:	22050f63          	beqz	a0,80003dee <__sfvwrite_r+0x2a0>
    80003bb4:	0505                	addi	a0,a0,1
    80003bb6:	41750abb          	subw	s5,a0,s7
    80003bba:	8c56                	mv	s8,s5
    80003bbc:	015b7363          	bgeu	s6,s5,80003bc2 <__sfvwrite_r+0x74>
    80003bc0:	8c5a                	mv	s8,s6
    80003bc2:	6008                	ld	a0,0(s0)
    80003bc4:	6c1c                	ld	a5,24(s0)
    80003bc6:	4444                	lw	s1,12(s0)
    80003bc8:	5014                	lw	a3,32(s0)
    80003bca:	22a7f563          	bgeu	a5,a0,80003df4 <__sfvwrite_r+0x2a6>
    80003bce:	9cb5                	addw	s1,s1,a3
    80003bd0:	2384d263          	bge	s1,s8,80003df4 <__sfvwrite_r+0x2a6>
    80003bd4:	85de                	mv	a1,s7
    80003bd6:	8626                	mv	a2,s1
    80003bd8:	56e000ef          	jal	80004146 <memmove>
    80003bdc:	601c                	ld	a5,0(s0)
    80003bde:	85a2                	mv	a1,s0
    80003be0:	854a                	mv	a0,s2
    80003be2:	97a6                	add	a5,a5,s1
    80003be4:	e01c                	sd	a5,0(s0)
    80003be6:	f07ff0ef          	jal	80003aec <_fflush_r>
    80003bea:	0e051f63          	bnez	a0,80003ce8 <__sfvwrite_r+0x19a>
    80003bee:	409a8abb          	subw	s5,s5,s1
    80003bf2:	4505                	li	a0,1
    80003bf4:	000a9763          	bnez	s5,80003c02 <__sfvwrite_r+0xb4>
    80003bf8:	85a2                	mv	a1,s0
    80003bfa:	854a                	mv	a0,s2
    80003bfc:	ef1ff0ef          	jal	80003aec <_fflush_r>
    80003c00:	e565                	bnez	a0,80003ce8 <__sfvwrite_r+0x19a>
    80003c02:	010a3783          	ld	a5,16(s4)
    80003c06:	9ba6                	add	s7,s7,s1
    80003c08:	409b0b33          	sub	s6,s6,s1
    80003c0c:	8f85                	sub	a5,a5,s1
    80003c0e:	00fa3823          	sd	a5,16(s4)
    80003c12:	f7d9                	bnez	a5,80003ba0 <__sfvwrite_r+0x52>
    80003c14:	a091                	j	80003c58 <__sfvwrite_r+0x10a>
    80003c16:	85a2                	mv	a1,s0
    80003c18:	854a                	mv	a0,s2
    80003c1a:	2b4000ef          	jal	80003ece <__swsetup_r>
    80003c1e:	d13d                	beqz	a0,80003b84 <__sfvwrite_r+0x36>
    80003c20:	557d                	li	a0,-1
    80003c22:	a825                	j	80003c5a <__sfvwrite_r+0x10c>
    80003c24:	0009ba83          	ld	s5,0(s3)
    80003c28:	0089b483          	ld	s1,8(s3)
    80003c2c:	09c1                	addi	s3,s3,16
    80003c2e:	643c                	ld	a5,72(s0)
    80003c30:	7c0c                	ld	a1,56(s0)
    80003c32:	d8ed                	beqz	s1,80003c24 <__sfvwrite_r+0xd6>
    80003c34:	86a6                	mv	a3,s1
    80003c36:	009b7363          	bgeu	s6,s1,80003c3c <__sfvwrite_r+0xee>
    80003c3a:	86da                	mv	a3,s6
    80003c3c:	2681                	sext.w	a3,a3
    80003c3e:	8656                	mv	a2,s5
    80003c40:	854a                	mv	a0,s2
    80003c42:	9782                	jalr	a5
    80003c44:	0aa05263          	blez	a0,80003ce8 <__sfvwrite_r+0x19a>
    80003c48:	010a3783          	ld	a5,16(s4)
    80003c4c:	9aaa                	add	s5,s5,a0
    80003c4e:	8c89                	sub	s1,s1,a0
    80003c50:	8f89                	sub	a5,a5,a0
    80003c52:	00fa3823          	sd	a5,16(s4)
    80003c56:	ffe1                	bnez	a5,80003c2e <__sfvwrite_r+0xe0>
    80003c58:	4501                	li	a0,0
    80003c5a:	70a6                	ld	ra,104(sp)
    80003c5c:	7406                	ld	s0,96(sp)
    80003c5e:	64e6                	ld	s1,88(sp)
    80003c60:	6946                	ld	s2,80(sp)
    80003c62:	69a6                	ld	s3,72(sp)
    80003c64:	6a06                	ld	s4,64(sp)
    80003c66:	7ae2                	ld	s5,56(sp)
    80003c68:	7b42                	ld	s6,48(sp)
    80003c6a:	7ba2                	ld	s7,40(sp)
    80003c6c:	7c02                	ld	s8,32(sp)
    80003c6e:	6ce2                	ld	s9,24(sp)
    80003c70:	6d42                	ld	s10,16(sp)
    80003c72:	6da2                	ld	s11,8(sp)
    80003c74:	6165                	addi	sp,sp,112
    80003c76:	8082                	ret
    80003c78:	80000b37          	lui	s6,0x80000
    80003c7c:	4a81                	li	s5,0
    80003c7e:	4481                	li	s1,0
    80003c80:	c00b4b13          	xori	s6,s6,-1024
    80003c84:	b76d                	j	80003c2e <__sfvwrite_r+0xe0>
    80003c86:	0009ba83          	ld	s5,0(s3)
    80003c8a:	0089bc83          	ld	s9,8(s3)
    80003c8e:	09c1                	addi	s3,s3,16
    80003c90:	4444                	lw	s1,12(s0)
    80003c92:	01041783          	lh	a5,16(s0)
    80003c96:	6008                	ld	a0,0(s0)
    80003c98:	8d26                	mv	s10,s1
    80003c9a:	fe0c86e3          	beqz	s9,80003c86 <__sfvwrite_r+0x138>
    80003c9e:	2007f713          	andi	a4,a5,512
    80003ca2:	c37d                	beqz	a4,80003d88 <__sfvwrite_r+0x23a>
    80003ca4:	089ce763          	bltu	s9,s1,80003d32 <__sfvwrite_r+0x1e4>
    80003ca8:	4807f713          	andi	a4,a5,1152
    80003cac:	c359                	beqz	a4,80003d32 <__sfvwrite_r+0x1e4>
    80003cae:	5004                	lw	s1,32(s0)
    80003cb0:	6c0c                	ld	a1,24(s0)
    80003cb2:	029b84bb          	mulw	s1,s7,s1
    80003cb6:	8d0d                	sub	a0,a0,a1
    80003cb8:	00050d9b          	sext.w	s11,a0
    80003cbc:	001d8713          	addi	a4,s11,1
    80003cc0:	9766                	add	a4,a4,s9
    80003cc2:	0384c4bb          	divw	s1,s1,s8
    80003cc6:	00e4f563          	bgeu	s1,a4,80003cd0 <__sfvwrite_r+0x182>
    80003cca:	2505                	addiw	a0,a0,1
    80003ccc:	019504bb          	addw	s1,a0,s9
    80003cd0:	4007f793          	andi	a5,a5,1024
    80003cd4:	cbc9                	beqz	a5,80003d66 <__sfvwrite_r+0x218>
    80003cd6:	85a6                	mv	a1,s1
    80003cd8:	854a                	mv	a0,s2
    80003cda:	e8bfe0ef          	jal	80002b64 <_malloc_r>
    80003cde:	8d2a                	mv	s10,a0
    80003ce0:	e11d                	bnez	a0,80003d06 <__sfvwrite_r+0x1b8>
    80003ce2:	47b1                	li	a5,12
    80003ce4:	00f92023          	sw	a5,0(s2)
    80003ce8:	01045783          	lhu	a5,16(s0)
    80003cec:	0407e793          	ori	a5,a5,64
    80003cf0:	00f41823          	sh	a5,16(s0)
    80003cf4:	b735                	j	80003c20 <__sfvwrite_r+0xd2>
    80003cf6:	80000b37          	lui	s6,0x80000
    80003cfa:	4c81                	li	s9,0
    80003cfc:	fffb4b13          	not	s6,s6
    80003d00:	4b8d                	li	s7,3
    80003d02:	4c09                	li	s8,2
    80003d04:	b771                	j	80003c90 <__sfvwrite_r+0x142>
    80003d06:	6c0c                	ld	a1,24(s0)
    80003d08:	866e                	mv	a2,s11
    80003d0a:	d12ff0ef          	jal	8000321c <memcpy>
    80003d0e:	01045783          	lhu	a5,16(s0)
    80003d12:	b7f7f793          	andi	a5,a5,-1153
    80003d16:	0807e793          	ori	a5,a5,128
    80003d1a:	00f41823          	sh	a5,16(s0)
    80003d1e:	01a43c23          	sd	s10,24(s0)
    80003d22:	d004                	sw	s1,32(s0)
    80003d24:	9d6e                	add	s10,s10,s11
    80003d26:	41b484bb          	subw	s1,s1,s11
    80003d2a:	01a43023          	sd	s10,0(s0)
    80003d2e:	c444                	sw	s1,12(s0)
    80003d30:	8d66                	mv	s10,s9
    80003d32:	84e6                	mv	s1,s9
    80003d34:	01acf363          	bgeu	s9,s10,80003d3a <__sfvwrite_r+0x1ec>
    80003d38:	8d66                	mv	s10,s9
    80003d3a:	6008                	ld	a0,0(s0)
    80003d3c:	866a                	mv	a2,s10
    80003d3e:	85d6                	mv	a1,s5
    80003d40:	406000ef          	jal	80004146 <memmove>
    80003d44:	445c                	lw	a5,12(s0)
    80003d46:	41a787bb          	subw	a5,a5,s10
    80003d4a:	c45c                	sw	a5,12(s0)
    80003d4c:	601c                	ld	a5,0(s0)
    80003d4e:	97ea                	add	a5,a5,s10
    80003d50:	e01c                	sd	a5,0(s0)
    80003d52:	010a3783          	ld	a5,16(s4)
    80003d56:	9aa6                	add	s5,s5,s1
    80003d58:	409c8cb3          	sub	s9,s9,s1
    80003d5c:	8f85                	sub	a5,a5,s1
    80003d5e:	00fa3823          	sd	a5,16(s4)
    80003d62:	f79d                	bnez	a5,80003c90 <__sfvwrite_r+0x142>
    80003d64:	bdd5                	j	80003c58 <__sfvwrite_r+0x10a>
    80003d66:	8626                	mv	a2,s1
    80003d68:	854a                	mv	a0,s2
    80003d6a:	402000ef          	jal	8000416c <_realloc_r>
    80003d6e:	8d2a                	mv	s10,a0
    80003d70:	f55d                	bnez	a0,80003d1e <__sfvwrite_r+0x1d0>
    80003d72:	6c0c                	ld	a1,24(s0)
    80003d74:	854a                	mv	a0,s2
    80003d76:	cccff0ef          	jal	80003242 <_free_r>
    80003d7a:	01045783          	lhu	a5,16(s0)
    80003d7e:	f7f7f793          	andi	a5,a5,-129
    80003d82:	00f41823          	sh	a5,16(s0)
    80003d86:	bfb1                	j	80003ce2 <__sfvwrite_r+0x194>
    80003d88:	6c1c                	ld	a5,24(s0)
    80003d8a:	00a7e563          	bltu	a5,a0,80003d94 <__sfvwrite_r+0x246>
    80003d8e:	5014                	lw	a3,32(s0)
    80003d90:	02dcf763          	bgeu	s9,a3,80003dbe <__sfvwrite_r+0x270>
    80003d94:	009cf363          	bgeu	s9,s1,80003d9a <__sfvwrite_r+0x24c>
    80003d98:	84e6                	mv	s1,s9
    80003d9a:	8626                	mv	a2,s1
    80003d9c:	85d6                	mv	a1,s5
    80003d9e:	3a8000ef          	jal	80004146 <memmove>
    80003da2:	445c                	lw	a5,12(s0)
    80003da4:	4097873b          	subw	a4,a5,s1
    80003da8:	601c                	ld	a5,0(s0)
    80003daa:	c458                	sw	a4,12(s0)
    80003dac:	97a6                	add	a5,a5,s1
    80003dae:	e01c                	sd	a5,0(s0)
    80003db0:	f34d                	bnez	a4,80003d52 <__sfvwrite_r+0x204>
    80003db2:	85a2                	mv	a1,s0
    80003db4:	854a                	mv	a0,s2
    80003db6:	d37ff0ef          	jal	80003aec <_fflush_r>
    80003dba:	dd41                	beqz	a0,80003d52 <__sfvwrite_r+0x204>
    80003dbc:	b735                	j	80003ce8 <__sfvwrite_r+0x19a>
    80003dbe:	87e6                	mv	a5,s9
    80003dc0:	019b7363          	bgeu	s6,s9,80003dc6 <__sfvwrite_r+0x278>
    80003dc4:	87da                	mv	a5,s6
    80003dc6:	02d7c7bb          	divw	a5,a5,a3
    80003dca:	6438                	ld	a4,72(s0)
    80003dcc:	7c0c                	ld	a1,56(s0)
    80003dce:	8656                	mv	a2,s5
    80003dd0:	854a                	mv	a0,s2
    80003dd2:	02d786bb          	mulw	a3,a5,a3
    80003dd6:	9702                	jalr	a4
    80003dd8:	84aa                	mv	s1,a0
    80003dda:	f6a04ce3          	bgtz	a0,80003d52 <__sfvwrite_r+0x204>
    80003dde:	b729                	j	80003ce8 <__sfvwrite_r+0x19a>
    80003de0:	0009bb83          	ld	s7,0(s3)
    80003de4:	0089bb03          	ld	s6,8(s3)
    80003de8:	4501                	li	a0,0
    80003dea:	09c1                	addi	s3,s3,16
    80003dec:	bb55                	j	80003ba0 <__sfvwrite_r+0x52>
    80003dee:	001b0a9b          	addiw	s5,s6,1 # ffffffff80000001 <__heap_end+0xfffffffefffdb001>
    80003df2:	b3e1                	j	80003bba <__sfvwrite_r+0x6c>
    80003df4:	00dc4b63          	blt	s8,a3,80003e0a <__sfvwrite_r+0x2bc>
    80003df8:	643c                	ld	a5,72(s0)
    80003dfa:	7c0c                	ld	a1,56(s0)
    80003dfc:	865e                	mv	a2,s7
    80003dfe:	854a                	mv	a0,s2
    80003e00:	9782                	jalr	a5
    80003e02:	84aa                	mv	s1,a0
    80003e04:	dea045e3          	bgtz	a0,80003bee <__sfvwrite_r+0xa0>
    80003e08:	b5c5                	j	80003ce8 <__sfvwrite_r+0x19a>
    80003e0a:	8662                	mv	a2,s8
    80003e0c:	85de                	mv	a1,s7
    80003e0e:	338000ef          	jal	80004146 <memmove>
    80003e12:	445c                	lw	a5,12(s0)
    80003e14:	84e2                	mv	s1,s8
    80003e16:	418787bb          	subw	a5,a5,s8
    80003e1a:	c45c                	sw	a5,12(s0)
    80003e1c:	601c                	ld	a5,0(s0)
    80003e1e:	97e2                	add	a5,a5,s8
    80003e20:	e01c                	sd	a5,0(s0)
    80003e22:	b3f1                	j	80003bee <__sfvwrite_r+0xa0>

0000000080003e24 <__swbuf_r>:
    80003e24:	7179                	addi	sp,sp,-48
    80003e26:	f022                	sd	s0,32(sp)
    80003e28:	ec26                	sd	s1,24(sp)
    80003e2a:	e84a                	sd	s2,16(sp)
    80003e2c:	f406                	sd	ra,40(sp)
    80003e2e:	e44e                	sd	s3,8(sp)
    80003e30:	892a                	mv	s2,a0
    80003e32:	84ae                	mv	s1,a1
    80003e34:	8432                	mv	s0,a2
    80003e36:	c509                	beqz	a0,80003e40 <__swbuf_r+0x1c>
    80003e38:	613c                	ld	a5,64(a0)
    80003e3a:	e399                	bnez	a5,80003e40 <__swbuf_r+0x1c>
    80003e3c:	824ff0ef          	jal	80002e60 <__sinit>
    80003e40:	541c                	lw	a5,40(s0)
    80003e42:	c45c                	sw	a5,12(s0)
    80003e44:	01045783          	lhu	a5,16(s0)
    80003e48:	8ba1                	andi	a5,a5,8
    80003e4a:	c399                	beqz	a5,80003e50 <__swbuf_r+0x2c>
    80003e4c:	6c1c                	ld	a5,24(s0)
    80003e4e:	ef99                	bnez	a5,80003e6c <__swbuf_r+0x48>
    80003e50:	85a2                	mv	a1,s0
    80003e52:	854a                	mv	a0,s2
    80003e54:	07a000ef          	jal	80003ece <__swsetup_r>
    80003e58:	c911                	beqz	a0,80003e6c <__swbuf_r+0x48>
    80003e5a:	54fd                	li	s1,-1
    80003e5c:	70a2                	ld	ra,40(sp)
    80003e5e:	7402                	ld	s0,32(sp)
    80003e60:	6942                	ld	s2,16(sp)
    80003e62:	69a2                	ld	s3,8(sp)
    80003e64:	8526                	mv	a0,s1
    80003e66:	64e2                	ld	s1,24(sp)
    80003e68:	6145                	addi	sp,sp,48
    80003e6a:	8082                	ret
    80003e6c:	601c                	ld	a5,0(s0)
    80003e6e:	6c18                	ld	a4,24(s0)
    80003e70:	0ff4f993          	zext.b	s3,s1
    80003e74:	84ce                	mv	s1,s3
    80003e76:	40e7853b          	subw	a0,a5,a4
    80003e7a:	501c                	lw	a5,32(s0)
    80003e7c:	00f54763          	blt	a0,a5,80003e8a <__swbuf_r+0x66>
    80003e80:	85a2                	mv	a1,s0
    80003e82:	854a                	mv	a0,s2
    80003e84:	c69ff0ef          	jal	80003aec <_fflush_r>
    80003e88:	f969                	bnez	a0,80003e5a <__swbuf_r+0x36>
    80003e8a:	445c                	lw	a5,12(s0)
    80003e8c:	37fd                	addiw	a5,a5,-1
    80003e8e:	c45c                	sw	a5,12(s0)
    80003e90:	601c                	ld	a5,0(s0)
    80003e92:	00178713          	addi	a4,a5,1
    80003e96:	e018                	sd	a4,0(s0)
    80003e98:	01378023          	sb	s3,0(a5)
    80003e9c:	5018                	lw	a4,32(s0)
    80003e9e:	0015079b          	addiw	a5,a0,1
    80003ea2:	00f70963          	beq	a4,a5,80003eb4 <__swbuf_r+0x90>
    80003ea6:	01045783          	lhu	a5,16(s0)
    80003eaa:	8b85                	andi	a5,a5,1
    80003eac:	dbc5                	beqz	a5,80003e5c <__swbuf_r+0x38>
    80003eae:	47a9                	li	a5,10
    80003eb0:	faf496e3          	bne	s1,a5,80003e5c <__swbuf_r+0x38>
    80003eb4:	85a2                	mv	a1,s0
    80003eb6:	854a                	mv	a0,s2
    80003eb8:	c35ff0ef          	jal	80003aec <_fflush_r>
    80003ebc:	d145                	beqz	a0,80003e5c <__swbuf_r+0x38>
    80003ebe:	bf71                	j	80003e5a <__swbuf_r+0x36>

0000000080003ec0 <__swbuf>:
    80003ec0:	862e                	mv	a2,a1
    80003ec2:	85aa                	mv	a1,a0
    80003ec4:	00001517          	auipc	a0,0x1
    80003ec8:	c8c53503          	ld	a0,-884(a0) # 80004b50 <_impure_ptr>
    80003ecc:	bfa1                	j	80003e24 <__swbuf_r>

0000000080003ece <__swsetup_r>:
    80003ece:	1101                	addi	sp,sp,-32
    80003ed0:	e822                	sd	s0,16(sp)
    80003ed2:	e426                	sd	s1,8(sp)
    80003ed4:	ec06                	sd	ra,24(sp)
    80003ed6:	84aa                	mv	s1,a0
    80003ed8:	00001517          	auipc	a0,0x1
    80003edc:	c7853503          	ld	a0,-904(a0) # 80004b50 <_impure_ptr>
    80003ee0:	842e                	mv	s0,a1
    80003ee2:	c509                	beqz	a0,80003eec <__swsetup_r+0x1e>
    80003ee4:	613c                	ld	a5,64(a0)
    80003ee6:	e399                	bnez	a5,80003eec <__swsetup_r+0x1e>
    80003ee8:	f79fe0ef          	jal	80002e60 <__sinit>
    80003eec:	01041783          	lh	a5,16(s0)
    80003ef0:	0087f713          	andi	a4,a5,8
    80003ef4:	eb29                	bnez	a4,80003f46 <__swsetup_r+0x78>
    80003ef6:	0107f713          	andi	a4,a5,16
    80003efa:	eb09                	bnez	a4,80003f0c <__swsetup_r+0x3e>
    80003efc:	4725                	li	a4,9
    80003efe:	c098                	sw	a4,0(s1)
    80003f00:	0407e793          	ori	a5,a5,64
    80003f04:	00f41823          	sh	a5,16(s0)
    80003f08:	557d                	li	a0,-1
    80003f0a:	a8ad                	j	80003f84 <__swsetup_r+0xb6>
    80003f0c:	8b91                	andi	a5,a5,4
    80003f0e:	c795                	beqz	a5,80003f3a <__swsetup_r+0x6c>
    80003f10:	702c                	ld	a1,96(s0)
    80003f12:	c991                	beqz	a1,80003f26 <__swsetup_r+0x58>
    80003f14:	07c40793          	addi	a5,s0,124
    80003f18:	00f58563          	beq	a1,a5,80003f22 <__swsetup_r+0x54>
    80003f1c:	8526                	mv	a0,s1
    80003f1e:	b24ff0ef          	jal	80003242 <_free_r>
    80003f22:	06043023          	sd	zero,96(s0)
    80003f26:	01045783          	lhu	a5,16(s0)
    80003f2a:	00042423          	sw	zero,8(s0)
    80003f2e:	fdb7f793          	andi	a5,a5,-37
    80003f32:	00f41823          	sh	a5,16(s0)
    80003f36:	6c1c                	ld	a5,24(s0)
    80003f38:	e01c                	sd	a5,0(s0)
    80003f3a:	01045783          	lhu	a5,16(s0)
    80003f3e:	0087e793          	ori	a5,a5,8
    80003f42:	00f41823          	sh	a5,16(s0)
    80003f46:	6c1c                	ld	a5,24(s0)
    80003f48:	ef89                	bnez	a5,80003f62 <__swsetup_r+0x94>
    80003f4a:	01045783          	lhu	a5,16(s0)
    80003f4e:	20000713          	li	a4,512
    80003f52:	2807f793          	andi	a5,a5,640
    80003f56:	00e78663          	beq	a5,a4,80003f62 <__swsetup_r+0x94>
    80003f5a:	85a2                	mv	a1,s0
    80003f5c:	8526                	mv	a0,s1
    80003f5e:	2ea000ef          	jal	80004248 <__smakebuf_r>
    80003f62:	01041783          	lh	a5,16(s0)
    80003f66:	0017f713          	andi	a4,a5,1
    80003f6a:	c315                	beqz	a4,80003f8e <__swsetup_r+0xc0>
    80003f6c:	5018                	lw	a4,32(s0)
    80003f6e:	00042623          	sw	zero,12(s0)
    80003f72:	40e0073b          	negw	a4,a4
    80003f76:	d418                	sw	a4,40(s0)
    80003f78:	6c18                	ld	a4,24(s0)
    80003f7a:	4501                	li	a0,0
    80003f7c:	e701                	bnez	a4,80003f84 <__swsetup_r+0xb6>
    80003f7e:	0807f713          	andi	a4,a5,128
    80003f82:	ff3d                	bnez	a4,80003f00 <__swsetup_r+0x32>
    80003f84:	60e2                	ld	ra,24(sp)
    80003f86:	6442                	ld	s0,16(sp)
    80003f88:	64a2                	ld	s1,8(sp)
    80003f8a:	6105                	addi	sp,sp,32
    80003f8c:	8082                	ret
    80003f8e:	0027f713          	andi	a4,a5,2
    80003f92:	4681                	li	a3,0
    80003f94:	e311                	bnez	a4,80003f98 <__swsetup_r+0xca>
    80003f96:	5014                	lw	a3,32(s0)
    80003f98:	c454                	sw	a3,12(s0)
    80003f9a:	bff9                	j	80003f78 <__swsetup_r+0xaa>

0000000080003f9c <memchr>:
    80003f9c:	0ff5f593          	zext.b	a1,a1
    80003fa0:	962a                	add	a2,a2,a0
    80003fa2:	00c51463          	bne	a0,a2,80003faa <memchr+0xe>
    80003fa6:	4501                	li	a0,0
    80003fa8:	8082                	ret
    80003faa:	00054783          	lbu	a5,0(a0)
    80003fae:	feb78de3          	beq	a5,a1,80003fa8 <memchr+0xc>
    80003fb2:	0505                	addi	a0,a0,1
    80003fb4:	b7fd                	j	80003fa2 <memchr+0x6>

0000000080003fb6 <_init_signal_r>:
    80003fb6:	793c                	ld	a5,112(a0)
    80003fb8:	eb95                	bnez	a5,80003fec <_init_signal_r+0x36>
    80003fba:	1141                	addi	sp,sp,-16
    80003fbc:	10000593          	li	a1,256
    80003fc0:	e022                	sd	s0,0(sp)
    80003fc2:	e406                	sd	ra,8(sp)
    80003fc4:	842a                	mv	s0,a0
    80003fc6:	b9ffe0ef          	jal	80002b64 <_malloc_r>
    80003fca:	87aa                	mv	a5,a0
    80003fcc:	f828                	sd	a0,112(s0)
    80003fce:	557d                	li	a0,-1
    80003fd0:	cb91                	beqz	a5,80003fe4 <_init_signal_r+0x2e>
    80003fd2:	853e                	mv	a0,a5
    80003fd4:	10078793          	addi	a5,a5,256
    80003fd8:	00053023          	sd	zero,0(a0)
    80003fdc:	0521                	addi	a0,a0,8
    80003fde:	fef51de3          	bne	a0,a5,80003fd8 <_init_signal_r+0x22>
    80003fe2:	4501                	li	a0,0
    80003fe4:	60a2                	ld	ra,8(sp)
    80003fe6:	6402                	ld	s0,0(sp)
    80003fe8:	0141                	addi	sp,sp,16
    80003fea:	8082                	ret
    80003fec:	4501                	li	a0,0
    80003fee:	8082                	ret

0000000080003ff0 <_signal_r>:
    80003ff0:	1101                	addi	sp,sp,-32
    80003ff2:	e426                	sd	s1,8(sp)
    80003ff4:	ec06                	sd	ra,24(sp)
    80003ff6:	e822                	sd	s0,16(sp)
    80003ff8:	e04a                	sd	s2,0(sp)
    80003ffa:	47fd                	li	a5,31
    80003ffc:	84aa                	mv	s1,a0
    80003ffe:	00b7f663          	bgeu	a5,a1,8000400a <_signal_r+0x1a>
    80004002:	47d9                	li	a5,22
    80004004:	c11c                	sw	a5,0(a0)
    80004006:	557d                	li	a0,-1
    80004008:	a819                	j	8000401e <_signal_r+0x2e>
    8000400a:	793c                	ld	a5,112(a0)
    8000400c:	842e                	mv	s0,a1
    8000400e:	8932                	mv	s2,a2
    80004010:	cf89                	beqz	a5,8000402a <_signal_r+0x3a>
    80004012:	78bc                	ld	a5,112(s1)
    80004014:	040e                	slli	s0,s0,0x3
    80004016:	97a2                	add	a5,a5,s0
    80004018:	6388                	ld	a0,0(a5)
    8000401a:	0127b023          	sd	s2,0(a5)
    8000401e:	60e2                	ld	ra,24(sp)
    80004020:	6442                	ld	s0,16(sp)
    80004022:	64a2                	ld	s1,8(sp)
    80004024:	6902                	ld	s2,0(sp)
    80004026:	6105                	addi	sp,sp,32
    80004028:	8082                	ret
    8000402a:	f8dff0ef          	jal	80003fb6 <_init_signal_r>
    8000402e:	d175                	beqz	a0,80004012 <_signal_r+0x22>
    80004030:	bfd9                	j	80004006 <_signal_r+0x16>

0000000080004032 <_raise_r>:
    80004032:	1101                	addi	sp,sp,-32
    80004034:	e822                	sd	s0,16(sp)
    80004036:	ec06                	sd	ra,24(sp)
    80004038:	47fd                	li	a5,31
    8000403a:	842a                	mv	s0,a0
    8000403c:	00b7f963          	bgeu	a5,a1,8000404e <_raise_r+0x1c>
    80004040:	47d9                	li	a5,22
    80004042:	c11c                	sw	a5,0(a0)
    80004044:	557d                	li	a0,-1
    80004046:	60e2                	ld	ra,24(sp)
    80004048:	6442                	ld	s0,16(sp)
    8000404a:	6105                	addi	sp,sp,32
    8000404c:	8082                	ret
    8000404e:	793c                	ld	a5,112(a0)
    80004050:	862e                	mv	a2,a1
    80004052:	c791                	beqz	a5,8000405e <_raise_r+0x2c>
    80004054:	00359713          	slli	a4,a1,0x3
    80004058:	97ba                	add	a5,a5,a4
    8000405a:	6398                	ld	a4,0(a5)
    8000405c:	ef01                	bnez	a4,80004074 <_raise_r+0x42>
    8000405e:	8522                	mv	a0,s0
    80004060:	e432                	sd	a2,8(sp)
    80004062:	0e2000ef          	jal	80004144 <_getpid_r>
    80004066:	85aa                	mv	a1,a0
    80004068:	8522                	mv	a0,s0
    8000406a:	6442                	ld	s0,16(sp)
    8000406c:	6622                	ld	a2,8(sp)
    8000406e:	60e2                	ld	ra,24(sp)
    80004070:	6105                	addi	sp,sp,32
    80004072:	a065                	j	8000411a <_kill_r>
    80004074:	4685                	li	a3,1
    80004076:	00d70d63          	beq	a4,a3,80004090 <_raise_r+0x5e>
    8000407a:	56fd                	li	a3,-1
    8000407c:	00d71663          	bne	a4,a3,80004088 <_raise_r+0x56>
    80004080:	47d9                	li	a5,22
    80004082:	c11c                	sw	a5,0(a0)
    80004084:	4505                	li	a0,1
    80004086:	b7c1                	j	80004046 <_raise_r+0x14>
    80004088:	0007b023          	sd	zero,0(a5)
    8000408c:	852e                	mv	a0,a1
    8000408e:	9702                	jalr	a4
    80004090:	4501                	li	a0,0
    80004092:	bf55                	j	80004046 <_raise_r+0x14>

0000000080004094 <__sigtramp_r>:
    80004094:	47fd                	li	a5,31
    80004096:	00b7f463          	bgeu	a5,a1,8000409e <__sigtramp_r+0xa>
    8000409a:	557d                	li	a0,-1
    8000409c:	8082                	ret
    8000409e:	793c                	ld	a5,112(a0)
    800040a0:	1101                	addi	sp,sp,-32
    800040a2:	e822                	sd	s0,16(sp)
    800040a4:	e426                	sd	s1,8(sp)
    800040a6:	ec06                	sd	ra,24(sp)
    800040a8:	84aa                	mv	s1,a0
    800040aa:	842e                	mv	s0,a1
    800040ac:	c795                	beqz	a5,800040d8 <__sigtramp_r+0x44>
    800040ae:	78b8                	ld	a4,112(s1)
    800040b0:	00341793          	slli	a5,s0,0x3
    800040b4:	4505                	li	a0,1
    800040b6:	973e                	add	a4,a4,a5
    800040b8:	631c                	ld	a5,0(a4)
    800040ba:	c39d                	beqz	a5,800040e0 <__sigtramp_r+0x4c>
    800040bc:	56fd                	li	a3,-1
    800040be:	4509                	li	a0,2
    800040c0:	02d78063          	beq	a5,a3,800040e0 <__sigtramp_r+0x4c>
    800040c4:	4685                	li	a3,1
    800040c6:	450d                	li	a0,3
    800040c8:	00d78c63          	beq	a5,a3,800040e0 <__sigtramp_r+0x4c>
    800040cc:	8522                	mv	a0,s0
    800040ce:	00073023          	sd	zero,0(a4)
    800040d2:	9782                	jalr	a5
    800040d4:	4501                	li	a0,0
    800040d6:	a029                	j	800040e0 <__sigtramp_r+0x4c>
    800040d8:	edfff0ef          	jal	80003fb6 <_init_signal_r>
    800040dc:	d969                	beqz	a0,800040ae <__sigtramp_r+0x1a>
    800040de:	557d                	li	a0,-1
    800040e0:	60e2                	ld	ra,24(sp)
    800040e2:	6442                	ld	s0,16(sp)
    800040e4:	64a2                	ld	s1,8(sp)
    800040e6:	6105                	addi	sp,sp,32
    800040e8:	8082                	ret

00000000800040ea <raise>:
    800040ea:	85aa                	mv	a1,a0
    800040ec:	00001517          	auipc	a0,0x1
    800040f0:	a6453503          	ld	a0,-1436(a0) # 80004b50 <_impure_ptr>
    800040f4:	bf3d                	j	80004032 <_raise_r>

00000000800040f6 <signal>:
    800040f6:	862e                	mv	a2,a1
    800040f8:	85aa                	mv	a1,a0
    800040fa:	00001517          	auipc	a0,0x1
    800040fe:	a5653503          	ld	a0,-1450(a0) # 80004b50 <_impure_ptr>
    80004102:	b5fd                	j	80003ff0 <_signal_r>

0000000080004104 <_init_signal>:
    80004104:	00001517          	auipc	a0,0x1
    80004108:	a4c53503          	ld	a0,-1460(a0) # 80004b50 <_impure_ptr>
    8000410c:	b56d                	j	80003fb6 <_init_signal_r>

000000008000410e <__sigtramp>:
    8000410e:	85aa                	mv	a1,a0
    80004110:	00001517          	auipc	a0,0x1
    80004114:	a4053503          	ld	a0,-1472(a0) # 80004b50 <_impure_ptr>
    80004118:	bfb5                	j	80004094 <__sigtramp_r>

000000008000411a <_kill_r>:
    8000411a:	1141                	addi	sp,sp,-16
    8000411c:	e022                	sd	s0,0(sp)
    8000411e:	842a                	mv	s0,a0
    80004120:	852e                	mv	a0,a1
    80004122:	85b2                	mv	a1,a2
    80004124:	8601a023          	sw	zero,-1952(gp) # 80004bb0 <errno>
    80004128:	e406                	sd	ra,8(sp)
    8000412a:	27c000ef          	jal	800043a6 <_kill>
    8000412e:	57fd                	li	a5,-1
    80004130:	00f51663          	bne	a0,a5,8000413c <_kill_r+0x22>
    80004134:	8601a783          	lw	a5,-1952(gp) # 80004bb0 <errno>
    80004138:	c391                	beqz	a5,8000413c <_kill_r+0x22>
    8000413a:	c01c                	sw	a5,0(s0)
    8000413c:	60a2                	ld	ra,8(sp)
    8000413e:	6402                	ld	s0,0(sp)
    80004140:	0141                	addi	sp,sp,16
    80004142:	8082                	ret

0000000080004144 <_getpid_r>:
    80004144:	ac99                	j	8000439a <_getpid>

0000000080004146 <memmove>:
    80004146:	c215                	beqz	a2,8000416a <memmove+0x24>
    80004148:	832a                	mv	t1,a0
    8000414a:	4685                	li	a3,1
    8000414c:	00b56763          	bltu	a0,a1,8000415a <memmove+0x14>
    80004150:	56fd                	li	a3,-1
    80004152:	fff60713          	addi	a4,a2,-1
    80004156:	933a                	add	t1,t1,a4
    80004158:	95ba                	add	a1,a1,a4
    8000415a:	00058383          	lb	t2,0(a1)
    8000415e:	00730023          	sb	t2,0(t1)
    80004162:	167d                	addi	a2,a2,-1
    80004164:	9336                	add	t1,t1,a3
    80004166:	95b6                	add	a1,a1,a3
    80004168:	fa6d                	bnez	a2,8000415a <memmove+0x14>
    8000416a:	8082                	ret

000000008000416c <_realloc_r>:
    8000416c:	7179                	addi	sp,sp,-48
    8000416e:	f022                	sd	s0,32(sp)
    80004170:	f406                	sd	ra,40(sp)
    80004172:	ec26                	sd	s1,24(sp)
    80004174:	e84a                	sd	s2,16(sp)
    80004176:	e44e                	sd	s3,8(sp)
    80004178:	e052                	sd	s4,0(sp)
    8000417a:	8432                	mv	s0,a2
    8000417c:	e999                	bnez	a1,80004192 <_realloc_r+0x26>
    8000417e:	7402                	ld	s0,32(sp)
    80004180:	70a2                	ld	ra,40(sp)
    80004182:	64e2                	ld	s1,24(sp)
    80004184:	6942                	ld	s2,16(sp)
    80004186:	69a2                	ld	s3,8(sp)
    80004188:	6a02                	ld	s4,0(sp)
    8000418a:	85b2                	mv	a1,a2
    8000418c:	6145                	addi	sp,sp,48
    8000418e:	9d7fe06f          	j	80002b64 <_malloc_r>
    80004192:	ee09                	bnez	a2,800041ac <_realloc_r+0x40>
    80004194:	8aeff0ef          	jal	80003242 <_free_r>
    80004198:	4481                	li	s1,0
    8000419a:	70a2                	ld	ra,40(sp)
    8000419c:	7402                	ld	s0,32(sp)
    8000419e:	6942                	ld	s2,16(sp)
    800041a0:	69a2                	ld	s3,8(sp)
    800041a2:	6a02                	ld	s4,0(sp)
    800041a4:	8526                	mv	a0,s1
    800041a6:	64e2                	ld	s1,24(sp)
    800041a8:	6145                	addi	sp,sp,48
    800041aa:	8082                	ret
    800041ac:	8a2a                	mv	s4,a0
    800041ae:	84ae                	mv	s1,a1
    800041b0:	188000ef          	jal	80004338 <_malloc_usable_size_r>
    800041b4:	892a                	mv	s2,a0
    800041b6:	00856663          	bltu	a0,s0,800041c2 <_realloc_r+0x56>
    800041ba:	00155793          	srli	a5,a0,0x1
    800041be:	fc87eee3          	bltu	a5,s0,8000419a <_realloc_r+0x2e>
    800041c2:	85a2                	mv	a1,s0
    800041c4:	8552                	mv	a0,s4
    800041c6:	99ffe0ef          	jal	80002b64 <_malloc_r>
    800041ca:	89aa                	mv	s3,a0
    800041cc:	e119                	bnez	a0,800041d2 <_realloc_r+0x66>
    800041ce:	84ce                	mv	s1,s3
    800041d0:	b7e9                	j	8000419a <_realloc_r+0x2e>
    800041d2:	8622                	mv	a2,s0
    800041d4:	00897363          	bgeu	s2,s0,800041da <_realloc_r+0x6e>
    800041d8:	864a                	mv	a2,s2
    800041da:	85a6                	mv	a1,s1
    800041dc:	854e                	mv	a0,s3
    800041de:	83eff0ef          	jal	8000321c <memcpy>
    800041e2:	85a6                	mv	a1,s1
    800041e4:	8552                	mv	a0,s4
    800041e6:	85cff0ef          	jal	80003242 <_free_r>
    800041ea:	b7d5                	j	800041ce <_realloc_r+0x62>

00000000800041ec <__swhatbuf_r>:
    800041ec:	7175                	addi	sp,sp,-144
    800041ee:	e122                	sd	s0,128(sp)
    800041f0:	842e                	mv	s0,a1
    800041f2:	01259583          	lh	a1,18(a1)
    800041f6:	fca6                	sd	s1,120(sp)
    800041f8:	f8ca                	sd	s2,112(sp)
    800041fa:	e506                	sd	ra,136(sp)
    800041fc:	84b2                	mv	s1,a2
    800041fe:	8936                	mv	s2,a3
    80004200:	0205d363          	bgez	a1,80004226 <__swhatbuf_r+0x3a>
    80004204:	01045783          	lhu	a5,16(s0)
    80004208:	0807f793          	andi	a5,a5,128
    8000420c:	eb95                	bnez	a5,80004240 <__swhatbuf_r+0x54>
    8000420e:	40000713          	li	a4,1024
    80004212:	60aa                	ld	ra,136(sp)
    80004214:	640a                	ld	s0,128(sp)
    80004216:	00f92023          	sw	a5,0(s2)
    8000421a:	e098                	sd	a4,0(s1)
    8000421c:	7946                	ld	s2,112(sp)
    8000421e:	74e6                	ld	s1,120(sp)
    80004220:	4501                	li	a0,0
    80004222:	6149                	addi	sp,sp,144
    80004224:	8082                	ret
    80004226:	0030                	addi	a2,sp,8
    80004228:	0be000ef          	jal	800042e6 <_fstat_r>
    8000422c:	fc054ce3          	bltz	a0,80004204 <__swhatbuf_r+0x18>
    80004230:	47b2                	lw	a5,12(sp)
    80004232:	673d                	lui	a4,0xf
    80004234:	8ff9                	and	a5,a5,a4
    80004236:	6709                	lui	a4,0x2
    80004238:	8f99                	sub	a5,a5,a4
    8000423a:	0017b793          	seqz	a5,a5
    8000423e:	bfc1                	j	8000420e <__swhatbuf_r+0x22>
    80004240:	4781                	li	a5,0
    80004242:	04000713          	li	a4,64
    80004246:	b7f1                	j	80004212 <__swhatbuf_r+0x26>

0000000080004248 <__smakebuf_r>:
    80004248:	0105d783          	lhu	a5,16(a1)
    8000424c:	7139                	addi	sp,sp,-64
    8000424e:	f822                	sd	s0,48(sp)
    80004250:	fc06                	sd	ra,56(sp)
    80004252:	f426                	sd	s1,40(sp)
    80004254:	f04a                	sd	s2,32(sp)
    80004256:	ec4e                	sd	s3,24(sp)
    80004258:	8b89                	andi	a5,a5,2
    8000425a:	842e                	mv	s0,a1
    8000425c:	cf91                	beqz	a5,80004278 <__smakebuf_r+0x30>
    8000425e:	07f40793          	addi	a5,s0,127
    80004262:	e01c                	sd	a5,0(s0)
    80004264:	ec1c                	sd	a5,24(s0)
    80004266:	4785                	li	a5,1
    80004268:	d01c                	sw	a5,32(s0)
    8000426a:	70e2                	ld	ra,56(sp)
    8000426c:	7442                	ld	s0,48(sp)
    8000426e:	74a2                	ld	s1,40(sp)
    80004270:	7902                	ld	s2,32(sp)
    80004272:	69e2                	ld	s3,24(sp)
    80004274:	6121                	addi	sp,sp,64
    80004276:	8082                	ret
    80004278:	0054                	addi	a3,sp,4
    8000427a:	0030                	addi	a2,sp,8
    8000427c:	84aa                	mv	s1,a0
    8000427e:	f6fff0ef          	jal	800041ec <__swhatbuf_r>
    80004282:	69a2                	ld	s3,8(sp)
    80004284:	892a                	mv	s2,a0
    80004286:	8526                	mv	a0,s1
    80004288:	85ce                	mv	a1,s3
    8000428a:	8dbfe0ef          	jal	80002b64 <_malloc_r>
    8000428e:	ed01                	bnez	a0,800042a6 <__smakebuf_r+0x5e>
    80004290:	01041783          	lh	a5,16(s0)
    80004294:	2007f713          	andi	a4,a5,512
    80004298:	fb69                	bnez	a4,8000426a <__smakebuf_r+0x22>
    8000429a:	9bf1                	andi	a5,a5,-4
    8000429c:	0027e793          	ori	a5,a5,2
    800042a0:	00f41823          	sh	a5,16(s0)
    800042a4:	bf6d                	j	8000425e <__smakebuf_r+0x16>
    800042a6:	01045783          	lhu	a5,16(s0)
    800042aa:	e008                	sd	a0,0(s0)
    800042ac:	ec08                	sd	a0,24(s0)
    800042ae:	0807e793          	ori	a5,a5,128
    800042b2:	00f41823          	sh	a5,16(s0)
    800042b6:	4792                	lw	a5,4(sp)
    800042b8:	03342023          	sw	s3,32(s0)
    800042bc:	cf91                	beqz	a5,800042d8 <__smakebuf_r+0x90>
    800042be:	01241583          	lh	a1,18(s0)
    800042c2:	8526                	mv	a0,s1
    800042c4:	04c000ef          	jal	80004310 <_isatty_r>
    800042c8:	c901                	beqz	a0,800042d8 <__smakebuf_r+0x90>
    800042ca:	01045783          	lhu	a5,16(s0)
    800042ce:	9bf1                	andi	a5,a5,-4
    800042d0:	0017e793          	ori	a5,a5,1
    800042d4:	00f41823          	sh	a5,16(s0)
    800042d8:	01045783          	lhu	a5,16(s0)
    800042dc:	0127e533          	or	a0,a5,s2
    800042e0:	00a41823          	sh	a0,16(s0)
    800042e4:	b759                	j	8000426a <__smakebuf_r+0x22>

00000000800042e6 <_fstat_r>:
    800042e6:	1141                	addi	sp,sp,-16
    800042e8:	e022                	sd	s0,0(sp)
    800042ea:	842a                	mv	s0,a0
    800042ec:	852e                	mv	a0,a1
    800042ee:	85b2                	mv	a1,a2
    800042f0:	8601a023          	sw	zero,-1952(gp) # 80004bb0 <errno>
    800042f4:	e406                	sd	ra,8(sp)
    800042f6:	090000ef          	jal	80004386 <_fstat>
    800042fa:	57fd                	li	a5,-1
    800042fc:	00f51663          	bne	a0,a5,80004308 <_fstat_r+0x22>
    80004300:	8601a783          	lw	a5,-1952(gp) # 80004bb0 <errno>
    80004304:	c391                	beqz	a5,80004308 <_fstat_r+0x22>
    80004306:	c01c                	sw	a5,0(s0)
    80004308:	60a2                	ld	ra,8(sp)
    8000430a:	6402                	ld	s0,0(sp)
    8000430c:	0141                	addi	sp,sp,16
    8000430e:	8082                	ret

0000000080004310 <_isatty_r>:
    80004310:	1141                	addi	sp,sp,-16
    80004312:	e022                	sd	s0,0(sp)
    80004314:	842a                	mv	s0,a0
    80004316:	852e                	mv	a0,a1
    80004318:	8601a023          	sw	zero,-1952(gp) # 80004bb0 <errno>
    8000431c:	e406                	sd	ra,8(sp)
    8000431e:	080000ef          	jal	8000439e <_isatty>
    80004322:	57fd                	li	a5,-1
    80004324:	00f51663          	bne	a0,a5,80004330 <_isatty_r+0x20>
    80004328:	8601a783          	lw	a5,-1952(gp) # 80004bb0 <errno>
    8000432c:	c391                	beqz	a5,80004330 <_isatty_r+0x20>
    8000432e:	c01c                	sw	a5,0(s0)
    80004330:	60a2                	ld	ra,8(sp)
    80004332:	6402                	ld	s0,0(sp)
    80004334:	0141                	addi	sp,sp,16
    80004336:	8082                	ret

0000000080004338 <_malloc_usable_size_r>:
    80004338:	ff85b503          	ld	a0,-8(a1)
    8000433c:	0005079b          	sext.w	a5,a0
    80004340:	1561                	addi	a0,a0,-8
    80004342:	0007d663          	bgez	a5,8000434e <_malloc_usable_size_r+0x16>
    80004346:	95aa                	add	a1,a1,a0
    80004348:	6188                	ld	a0,0(a1)
    8000434a:	17e1                	addi	a5,a5,-8
    8000434c:	953e                	add	a0,a0,a5
    8000434e:	8082                	ret

0000000080004350 <_close>:
#include <errno.h>
#include "syscall.h"

int _close(int file)
{
    80004350:	1141                	addi	sp,sp,-16
    80004352:	e406                	sd	ra,8(sp)
    errno = EBADF;
    80004354:	158000ef          	jal	800044ac <__errno>
    return -1;
}
    80004358:	60a2                	ld	ra,8(sp)
    errno = EBADF;
    8000435a:	47a5                	li	a5,9
    8000435c:	c11c                	sw	a5,0(a0)
}
    8000435e:	557d                	li	a0,-1
    80004360:	0141                	addi	sp,sp,16
    80004362:	8082                	ret

0000000080004364 <_exit>:
#include "syscall.h"
#include "htif.h"

void __attribute__ ((noreturn)) _exit(int code)
{
    uint64_t cmd = HTIF_TOHOST(0, 0, (code << 1) | 0x1);
    80004364:	0015179b          	slliw	a5,a0,0x1
    80004368:	0017e793          	ori	a5,a5,1
    8000436c:	2781                	sext.w	a5,a5
    8000436e:	07c2                	slli	a5,a5,0x10
    80004370:	83c1                	srli	a5,a5,0x10
    80004372:	00000717          	auipc	a4,0x0
    80004376:	6ce70713          	addi	a4,a4,1742 # 80004a40 <tohost>
    for (;;) {
        fromhost = 0;
    8000437a:	00000697          	auipc	a3,0x0
    8000437e:	6c06b723          	sd	zero,1742(a3) # 80004a48 <fromhost>
        tohost = cmd;
    80004382:	e31c                	sd	a5,0(a4)
    for (;;) {
    80004384:	bfdd                	j	8000437a <_exit+0x16>

0000000080004386 <_fstat>:
#include <errno.h>
#include <sys/stat.h>
#include "syscall.h"

int _fstat(int file, struct stat *st)
{
    80004386:	1141                	addi	sp,sp,-16
    80004388:	e406                	sd	ra,8(sp)
    errno = EBADF;
    8000438a:	122000ef          	jal	800044ac <__errno>
    return -1;
}
    8000438e:	60a2                	ld	ra,8(sp)
    errno = EBADF;
    80004390:	47a5                	li	a5,9
    80004392:	c11c                	sw	a5,0(a0)
}
    80004394:	557d                	li	a0,-1
    80004396:	0141                	addi	sp,sp,16
    80004398:	8082                	ret

000000008000439a <_getpid>:
#include "syscall.h"

int _getpid(void)
{
    return 1;
}
    8000439a:	4505                	li	a0,1
    8000439c:	8082                	ret

000000008000439e <_isatty>:
#include <unistd.h>
#include "syscall.h"

int _isatty(int file)
{
    return (file == STDOUT_FILENO || file == STDERR_FILENO);
    8000439e:	357d                	addiw	a0,a0,-1
}
    800043a0:	00253513          	sltiu	a0,a0,2
    800043a4:	8082                	ret

00000000800043a6 <_kill>:
#include <errno.h>
#include "syscall.h"

int _kill(int pid, int sig)
{
    800043a6:	1141                	addi	sp,sp,-16
    800043a8:	e406                	sd	ra,8(sp)
    errno = EINVAL;
    800043aa:	102000ef          	jal	800044ac <__errno>
    return -1;
}
    800043ae:	60a2                	ld	ra,8(sp)
    errno = EINVAL;
    800043b0:	47d9                	li	a5,22
    800043b2:	c11c                	sw	a5,0(a0)
}
    800043b4:	557d                	li	a0,-1
    800043b6:	0141                	addi	sp,sp,16
    800043b8:	8082                	ret

00000000800043ba <_lseek>:
#include <errno.h>
#include <sys/types.h>
#include "syscall.h"

off_t _lseek(int file, off_t ptr, int dir)
{
    800043ba:	1141                	addi	sp,sp,-16
    800043bc:	e406                	sd	ra,8(sp)
    errno = EBADF;
    800043be:	0ee000ef          	jal	800044ac <__errno>
    return -1;
}
    800043c2:	60a2                	ld	ra,8(sp)
    errno = EBADF;
    800043c4:	47a5                	li	a5,9
    800043c6:	c11c                	sw	a5,0(a0)
}
    800043c8:	557d                	li	a0,-1
    800043ca:	0141                	addi	sp,sp,16
    800043cc:	8082                	ret

00000000800043ce <_read>:
#include <errno.h>
#include <sys/types.h>
#include "syscall.h"

ssize_t _read(int file, void *ptr, size_t len)
{
    800043ce:	1141                	addi	sp,sp,-16
    800043d0:	e406                	sd	ra,8(sp)
    errno = ENOSYS;
    800043d2:	0da000ef          	jal	800044ac <__errno>
    return -1;
}
    800043d6:	60a2                	ld	ra,8(sp)
    errno = ENOSYS;
    800043d8:	05800793          	li	a5,88
    800043dc:	c11c                	sw	a5,0(a0)
}
    800043de:	557d                	li	a0,-1
    800043e0:	0141                	addi	sp,sp,16
    800043e2:	8082                	ret

00000000800043e4 <_sbrk>:
{
    extern char __heap_end[];
    char *newbrk;
    char *oldbrk;

    oldbrk = curbrk;
    800043e4:	00000717          	auipc	a4,0x0
    800043e8:	77470713          	addi	a4,a4,1908 # 80004b58 <curbrk>
    800043ec:	631c                	ld	a5,0(a4)
    newbrk = oldbrk + incr;
    if (unlikely((newbrk < _end) || (newbrk >= __heap_end))) {
    800043ee:	be018693          	addi	a3,gp,-1056 # 80004f30 <_end>
    newbrk = oldbrk + incr;
    800043f2:	953e                	add	a0,a0,a5
    if (unlikely((newbrk < _end) || (newbrk >= __heap_end))) {
    800043f4:	00d56b63          	bltu	a0,a3,8000440a <_sbrk+0x26>
    800043f8:	00021697          	auipc	a3,0x21
    800043fc:	c0868693          	addi	a3,a3,-1016 # 80025000 <__heap_end>
    80004400:	00d57563          	bgeu	a0,a3,8000440a <_sbrk+0x26>
        errno = ENOMEM;
        return (void *)(-1);
    }

    curbrk = newbrk;
    80004404:	e308                	sd	a0,0(a4)
    return oldbrk;
}
    80004406:	853e                	mv	a0,a5
    80004408:	8082                	ret
{
    8000440a:	1141                	addi	sp,sp,-16
    8000440c:	e406                	sd	ra,8(sp)
        errno = ENOMEM;
    8000440e:	09e000ef          	jal	800044ac <__errno>
}
    80004412:	60a2                	ld	ra,8(sp)
        errno = ENOMEM;
    80004414:	47b1                	li	a5,12
    80004416:	c11c                	sw	a5,0(a0)
        return (void *)(-1);
    80004418:	57fd                	li	a5,-1
}
    8000441a:	853e                	mv	a0,a5
    8000441c:	0141                	addi	sp,sp,16
    8000441e:	8082                	ret

0000000080004420 <_write>:
#include <sys/types.h>
#include "syscall.h"

ssize_t _write(int fd, const void *ptr, size_t len)
{
    return SYSCALL3(SYS_write, fd, (uintptr_t)ptr, len);
    80004420:	04000693          	li	a3,64
    80004424:	a80d                	j	80004456 <htif_syscall>

0000000080004426 <__init_tls>:
#include <string.h>

void __init_tls(void)
{
    80004426:	1141                	addi	sp,sp,-16
    extern char __tdata_start[];
    extern char __tbss_offset[];
    extern char __tdata_size[];
    extern char __tbss_size[];

    memcpy(__thread_self, __tdata_start, (size_t)__tdata_size);
    80004428:	00000613          	li	a2,0
    8000442c:	00000597          	auipc	a1,0x0
    80004430:	25c58593          	addi	a1,a1,604 # 80004688 <__tbss_end>
    80004434:	8512                	mv	a0,tp
{
    80004436:	e022                	sd	s0,0(sp)
    80004438:	e406                	sd	ra,8(sp)
    memcpy(__thread_self, __tdata_start, (size_t)__tdata_size);
    8000443a:	8412                	mv	s0,tp
    8000443c:	de1fe0ef          	jal	8000321c <memcpy>
    memset(__thread_self + (size_t)__tbss_offset, 0, (size_t)__tbss_size);
    80004440:	00000513          	li	a0,0
    80004444:	9522                	add	a0,a0,s0
}
    80004446:	6402                	ld	s0,0(sp)
    80004448:	60a2                	ld	ra,8(sp)
    memset(__thread_self + (size_t)__tbss_offset, 0, (size_t)__tbss_size);
    8000444a:	00000613          	li	a2,0
    8000444e:	4581                	li	a1,0
}
    80004450:	0141                	addi	sp,sp,16
    memset(__thread_self + (size_t)__tbss_offset, 0, (size_t)__tbss_size);
    80004452:	dbbfe06f          	j	8000320c <memset>

0000000080004456 <htif_syscall>:
volatile uint64_t fromhost __attribute__ ((section (".htif")));

static spinlock_t htif_lock = SPINLOCK_INIT;

long htif_syscall(uint64_t a0, uint64_t a1, uint64_t a2, unsigned long n)
{
    80004456:	7139                	addi	sp,sp,-64
    volatile uint64_t buf[8];
    uint64_t sc;

    buf[0] = n;
    80004458:	e036                	sd	a3,0(sp)
    buf[1] = a0;
    8000445a:	e42a                	sd	a0,8(sp)
    buf[2] = a1;
    buf[3] = a2;

    sc = HTIF_TOHOST(0, 0, (uintptr_t)&buf);
    8000445c:	fff007b7          	lui	a5,0xfff00
    buf[2] = a1;
    80004460:	e82e                	sd	a1,16(sp)
    sc = HTIF_TOHOST(0, 0, (uintptr_t)&buf);
    80004462:	83c1                	srli	a5,a5,0x10
    buf[3] = a2;
    80004464:	ec32                	sd	a2,24(sp)
    sc = HTIF_TOHOST(0, 0, (uintptr_t)&buf);
    80004466:	860a                	mv	a2,sp
    80004468:	8e7d                	and	a2,a2,a5
    spin_lock(&htif_lock);
    8000446a:	86818713          	addi	a4,gp,-1944 # 80004bb8 <htif_lock>

static inline long atomic_swap_acquire(atomic_t *p, atomic_t v)
{
    long n;
#ifdef __riscv_atomic
    __asm__ __volatile__ (
    8000446e:	56fd                	li	a3,-1
    return *((volatile const atomic_t *)p);
    80004470:	431c                	lw	a5,0(a4)

static inline void spin_lock(spinlock_t *lock)
{
    do {
#ifdef __riscv_atomic
        while (atomic_load(&lock->lock));
    80004472:	fffd                	bnez	a5,80004470 <htif_syscall+0x1a>
    __asm__ __volatile__ (
    80004474:	0cd727af          	amoswap.w.aq	a5,a3,(a4)
#endif
    } while (atomic_swap_acquire(&lock->lock, -1));
    80004478:	ffe5                	bnez	a5,80004470 <htif_syscall+0x1a>
static inline void wmb(void) { fence(w, w); }
    8000447a:	0110000f          	fence	w,w
    wmb();
    tohost = sc;
    8000447e:	00000697          	auipc	a3,0x0
    80004482:	5c268693          	addi	a3,a3,1474 # 80004a40 <tohost>
    80004486:	e290                	sd	a2,0(a3)
    while (fromhost == 0);
    80004488:	669c                	ld	a5,8(a3)
    8000448a:	dffd                	beqz	a5,80004488 <htif_syscall+0x32>
    fromhost = 0;
    8000448c:	00000797          	auipc	a5,0x0
    80004490:	5a07be23          	sd	zero,1468(a5) # 80004a48 <fromhost>
}

static inline void atomic_clear_release(atomic_t *p)
{
#ifdef __riscv_atomic
    __asm__ __volatile__ (
    80004494:	0a07202f          	amoswap.w.rl	zero,zero,(a4)
static inline void rmb(void) { fence(r, r); }
    80004498:	0220000f          	fence	r,r
    spin_unlock(&htif_lock);

    rmb();
    return buf[0];
    8000449c:	6502                	ld	a0,0(sp)
}
    8000449e:	6121                	addi	sp,sp,64
    800044a0:	8082                	ret

00000000800044a2 <atexit>:
    800044a2:	85aa                	mv	a1,a0
    800044a4:	4681                	li	a3,0
    800044a6:	4601                	li	a2,0
    800044a8:	4501                	li	a0,0
    800044aa:	a045                	j	8000454a <__register_exitproc>

00000000800044ac <__errno>:
    800044ac:	00000517          	auipc	a0,0x0
    800044b0:	6a453503          	ld	a0,1700(a0) # 80004b50 <_impure_ptr>
    800044b4:	8082                	ret

00000000800044b6 <__libc_init_array>:
    800044b6:	1101                	addi	sp,sp,-32
    800044b8:	e822                	sd	s0,16(sp)
    800044ba:	e426                	sd	s1,8(sp)
    800044bc:	00000417          	auipc	s0,0x0
    800044c0:	58440413          	addi	s0,s0,1412 # 80004a40 <tohost>
    800044c4:	00000497          	auipc	s1,0x0
    800044c8:	57c48493          	addi	s1,s1,1404 # 80004a40 <tohost>
    800044cc:	8c81                	sub	s1,s1,s0
    800044ce:	e04a                	sd	s2,0(sp)
    800044d0:	ec06                	sd	ra,24(sp)
    800044d2:	848d                	srai	s1,s1,0x3
    800044d4:	4901                	li	s2,0
    800044d6:	02991563          	bne	s2,s1,80004500 <__libc_init_array+0x4a>
    800044da:	00000417          	auipc	s0,0x0
    800044de:	56640413          	addi	s0,s0,1382 # 80004a40 <tohost>
    800044e2:	00000497          	auipc	s1,0x0
    800044e6:	55e48493          	addi	s1,s1,1374 # 80004a40 <tohost>
    800044ea:	8c81                	sub	s1,s1,s0
    800044ec:	848d                	srai	s1,s1,0x3
    800044ee:	4901                	li	s2,0
    800044f0:	00991d63          	bne	s2,s1,8000450a <__libc_init_array+0x54>
    800044f4:	60e2                	ld	ra,24(sp)
    800044f6:	6442                	ld	s0,16(sp)
    800044f8:	64a2                	ld	s1,8(sp)
    800044fa:	6902                	ld	s2,0(sp)
    800044fc:	6105                	addi	sp,sp,32
    800044fe:	8082                	ret
    80004500:	601c                	ld	a5,0(s0)
    80004502:	0905                	addi	s2,s2,1
    80004504:	0421                	addi	s0,s0,8
    80004506:	9782                	jalr	a5
    80004508:	b7f9                	j	800044d6 <__libc_init_array+0x20>
    8000450a:	601c                	ld	a5,0(s0)
    8000450c:	0905                	addi	s2,s2,1
    8000450e:	0421                	addi	s0,s0,8
    80004510:	9782                	jalr	a5
    80004512:	bff9                	j	800044f0 <__libc_init_array+0x3a>

0000000080004514 <__libc_fini_array>:
    80004514:	1101                	addi	sp,sp,-32
    80004516:	e822                	sd	s0,16(sp)
    80004518:	e426                	sd	s1,8(sp)
    8000451a:	00000417          	auipc	s0,0x0
    8000451e:	52640413          	addi	s0,s0,1318 # 80004a40 <tohost>
    80004522:	00000497          	auipc	s1,0x0
    80004526:	51e48493          	addi	s1,s1,1310 # 80004a40 <tohost>
    8000452a:	8c05                	sub	s0,s0,s1
    8000452c:	ec06                	sd	ra,24(sp)
    8000452e:	840d                	srai	s0,s0,0x3
    80004530:	e411                	bnez	s0,8000453c <__libc_fini_array+0x28>
    80004532:	60e2                	ld	ra,24(sp)
    80004534:	6442                	ld	s0,16(sp)
    80004536:	64a2                	ld	s1,8(sp)
    80004538:	6105                	addi	sp,sp,32
    8000453a:	8082                	ret
    8000453c:	147d                	addi	s0,s0,-1
    8000453e:	00341793          	slli	a5,s0,0x3
    80004542:	97a6                	add	a5,a5,s1
    80004544:	639c                	ld	a5,0(a5)
    80004546:	9782                	jalr	a5
    80004548:	b7e5                	j	80004530 <__libc_fini_array+0x1c>

000000008000454a <__register_exitproc>:
    8000454a:	88aa                	mv	a7,a0
    8000454c:	87818513          	addi	a0,gp,-1928 # 80004bc8 <__atexit>
    80004550:	6118                	ld	a4,0(a0)
    80004552:	ef01                	bnez	a4,8000456a <__register_exitproc+0x20>
    80004554:	ac818793          	addi	a5,gp,-1336 # 80004e18 <__atexit0>
    80004558:	e11c                	sd	a5,0(a0)
    8000455a:	00000713          	li	a4,0
    8000455e:	c701                	beqz	a4,80004566 <__register_exitproc+0x1c>
    80004560:	6318                	ld	a4,0(a4)
    80004562:	10e7b823          	sd	a4,272(a5)
    80004566:	ac818713          	addi	a4,gp,-1336 # 80004e18 <__atexit0>
    8000456a:	471c                	lw	a5,8(a4)
    8000456c:	487d                	li	a6,31
    8000456e:	557d                	li	a0,-1
    80004570:	04f84763          	blt	a6,a5,800045be <__register_exitproc+0x74>
    80004574:	02088d63          	beqz	a7,800045ae <__register_exitproc+0x64>
    80004578:	11073803          	ld	a6,272(a4)
    8000457c:	04080163          	beqz	a6,800045be <__register_exitproc+0x74>
    80004580:	00379513          	slli	a0,a5,0x3
    80004584:	9542                	add	a0,a0,a6
    80004586:	e110                	sd	a2,0(a0)
    80004588:	20082303          	lw	t1,512(a6)
    8000458c:	4605                	li	a2,1
    8000458e:	00f6163b          	sllw	a2,a2,a5
    80004592:	00c36333          	or	t1,t1,a2
    80004596:	20682023          	sw	t1,512(a6)
    8000459a:	10d53023          	sd	a3,256(a0)
    8000459e:	4689                	li	a3,2
    800045a0:	00d89763          	bne	a7,a3,800045ae <__register_exitproc+0x64>
    800045a4:	20482683          	lw	a3,516(a6)
    800045a8:	8ed1                	or	a3,a3,a2
    800045aa:	20d82223          	sw	a3,516(a6)
    800045ae:	0017869b          	addiw	a3,a5,1
    800045b2:	0789                	addi	a5,a5,2
    800045b4:	078e                	slli	a5,a5,0x3
    800045b6:	c714                	sw	a3,8(a4)
    800045b8:	973e                	add	a4,a4,a5
    800045ba:	e30c                	sd	a1,0(a4)
    800045bc:	4501                	li	a0,0
    800045be:	8082                	ret

00000000800045c0 <__call_exitprocs>:
    800045c0:	711d                	addi	sp,sp,-96
    800045c2:	f852                	sd	s4,48(sp)
    800045c4:	f456                	sd	s5,40(sp)
    800045c6:	f05a                	sd	s6,32(sp)
    800045c8:	ec5e                	sd	s7,24(sp)
    800045ca:	ec86                	sd	ra,88(sp)
    800045cc:	e8a2                	sd	s0,80(sp)
    800045ce:	e4a6                	sd	s1,72(sp)
    800045d0:	e0ca                	sd	s2,64(sp)
    800045d2:	fc4e                	sd	s3,56(sp)
    800045d4:	e862                	sd	s8,16(sp)
    800045d6:	e466                	sd	s9,8(sp)
    800045d8:	8aaa                	mv	s5,a0
    800045da:	8a2e                	mv	s4,a1
    800045dc:	87818b13          	addi	s6,gp,-1928 # 80004bc8 <__atexit>
    800045e0:	4b85                	li	s7,1
    800045e2:	000b3483          	ld	s1,0(s6)
    800045e6:	cc81                	beqz	s1,800045fe <__call_exitprocs+0x3e>
    800045e8:	4480                	lw	s0,8(s1)
    800045ea:	1104b983          	ld	s3,272(s1)
    800045ee:	fff4091b          	addiw	s2,s0,-1
    800045f2:	040e                	slli	s0,s0,0x3
    800045f4:	00898cb3          	add	s9,s3,s0
    800045f8:	9426                	add	s0,s0,s1
    800045fa:	00095f63          	bgez	s2,80004618 <__call_exitprocs+0x58>
    800045fe:	60e6                	ld	ra,88(sp)
    80004600:	6446                	ld	s0,80(sp)
    80004602:	64a6                	ld	s1,72(sp)
    80004604:	6906                	ld	s2,64(sp)
    80004606:	79e2                	ld	s3,56(sp)
    80004608:	7a42                	ld	s4,48(sp)
    8000460a:	7aa2                	ld	s5,40(sp)
    8000460c:	7b02                	ld	s6,32(sp)
    8000460e:	6be2                	ld	s7,24(sp)
    80004610:	6c42                	ld	s8,16(sp)
    80004612:	6ca2                	ld	s9,8(sp)
    80004614:	6125                	addi	sp,sp,96
    80004616:	8082                	ret
    80004618:	000a0c63          	beqz	s4,80004630 <__call_exitprocs+0x70>
    8000461c:	00099663          	bnez	s3,80004628 <__call_exitprocs+0x68>
    80004620:	397d                	addiw	s2,s2,-1
    80004622:	1ce1                	addi	s9,s9,-8
    80004624:	1461                	addi	s0,s0,-8
    80004626:	bfd1                	j	800045fa <__call_exitprocs+0x3a>
    80004628:	0f8cb783          	ld	a5,248(s9)
    8000462c:	ff479ae3          	bne	a5,s4,80004620 <__call_exitprocs+0x60>
    80004630:	449c                	lw	a5,8(s1)
    80004632:	6418                	ld	a4,8(s0)
    80004634:	37fd                	addiw	a5,a5,-1
    80004636:	03279963          	bne	a5,s2,80004668 <__call_exitprocs+0xa8>
    8000463a:	0124a423          	sw	s2,8(s1)
    8000463e:	d36d                	beqz	a4,80004620 <__call_exitprocs+0x60>
    80004640:	0084ac03          	lw	s8,8(s1)
    80004644:	00098963          	beqz	s3,80004656 <__call_exitprocs+0x96>
    80004648:	2009a783          	lw	a5,512(s3)
    8000464c:	012b96bb          	sllw	a3,s7,s2
    80004650:	8ff5                	and	a5,a5,a3
    80004652:	2781                	sext.w	a5,a5
    80004654:	ef89                	bnez	a5,8000466e <__call_exitprocs+0xae>
    80004656:	9702                	jalr	a4
    80004658:	4498                	lw	a4,8(s1)
    8000465a:	000b3783          	ld	a5,0(s6)
    8000465e:	f98712e3          	bne	a4,s8,800045e2 <__call_exitprocs+0x22>
    80004662:	faf48fe3          	beq	s1,a5,80004620 <__call_exitprocs+0x60>
    80004666:	bfb5                	j	800045e2 <__call_exitprocs+0x22>
    80004668:	00043423          	sd	zero,8(s0)
    8000466c:	bfc9                	j	8000463e <__call_exitprocs+0x7e>
    8000466e:	2049a783          	lw	a5,516(s3)
    80004672:	ff8cb583          	ld	a1,-8(s9)
    80004676:	8ff5                	and	a5,a5,a3
    80004678:	2781                	sext.w	a5,a5
    8000467a:	e781                	bnez	a5,80004682 <__call_exitprocs+0xc2>
    8000467c:	8556                	mv	a0,s5
    8000467e:	9702                	jalr	a4
    80004680:	bfe1                	j	80004658 <__call_exitprocs+0x98>
    80004682:	852e                	mv	a0,a1
    80004684:	9702                	jalr	a4
    80004686:	bfc9                	j	80004658 <__call_exitprocs+0x98>
