
/home/wtl/Voyager/tapeout-Voyager/software/embench/build_meek/picojpeg.riscv:     file format elf64-littleriscv


Disassembly of section .text:

0000000080000000 <_start>:
    .global _start
    .type _start, @function
_start:
    .cfi_startproc

    li x1, 0
    80000000:	4081                	li	ra,0
    li x2, 0
    80000002:	4101                	li	sp,0
    li x3, 0
    80000004:	4181                	li	gp,0
    li x4, 0
    80000006:	4201                	li	tp,0
    li x5, 0
    80000008:	4281                	li	t0,0
    li x6, 0
    8000000a:	4301                	li	t1,0
    li x7, 0
    8000000c:	4381                	li	t2,0
    li x8, 0
    8000000e:	4401                	li	s0,0
    li x9, 0
    80000010:	4481                	li	s1,0
    li x10, 0
    80000012:	4501                	li	a0,0
    li x11, 0
    80000014:	4581                	li	a1,0
    li x12, 0
    80000016:	4601                	li	a2,0
    li x13, 0
    80000018:	4681                	li	a3,0
    li x14, 0
    8000001a:	4701                	li	a4,0
    li x15, 0
    8000001c:	4781                	li	a5,0
    li x16, 0
    8000001e:	4801                	li	a6,0
    li x17, 0
    80000020:	4881                	li	a7,0
    li x18, 0
    80000022:	4901                	li	s2,0
    li x19, 0
    80000024:	4981                	li	s3,0
    li x20, 0
    80000026:	4a01                	li	s4,0
    li x21, 0
    80000028:	4a81                	li	s5,0
    li x22, 0
    8000002a:	4b01                	li	s6,0
    li x23, 0
    8000002c:	4b81                	li	s7,0
    li x24, 0
    8000002e:	4c01                	li	s8,0
    li x25, 0
    80000030:	4c81                	li	s9,0
    li x26, 0
    80000032:	4d01                	li	s10,0
    li x27, 0
    80000034:	4d81                	li	s11,0
    li x28, 0
    80000036:	4e01                	li	t3,0
    li x29, 0
    80000038:	4e81                	li	t4,0
    li x30, 0
    8000003a:	4f01                	li	t5,0
    li x31, 0
    8000003c:	4f81                	li	t6,0

    li t0, (MSTATUS_FS | MSTATUS_XS | MSTATUS_VS)
    8000003e:	62f9                	lui	t0,0x1e
    80000040:	6002829b          	addiw	t0,t0,1536 # 1e600 <__stack_size+0x16600>
    csrs mstatus, t0
    80000044:	3002a073          	csrs	mstatus,t0

#ifdef __riscv_flen
    /* Initialize FPU if present */
    la t0, 1f
    80000048:	00000297          	auipc	t0,0x0
    8000004c:	09028293          	addi	t0,t0,144 # 800000d8 <_start+0xd8>
    csrw mtvec, t0
    80000050:	30529073          	csrw	mtvec,t0

    fscsr zero
    80000054:	00301073          	fscsr	zero
    fmv.s.x f0,  zero
    80000058:	f0000053          	fmv.w.x	ft0,zero
    fmv.s.x f1,  zero
    8000005c:	f00000d3          	fmv.w.x	ft1,zero
    fmv.s.x f2,  zero
    80000060:	f0000153          	fmv.w.x	ft2,zero
    fmv.s.x f3,  zero
    80000064:	f00001d3          	fmv.w.x	ft3,zero
    fmv.s.x f4,  zero
    80000068:	f0000253          	fmv.w.x	ft4,zero
    fmv.s.x f5,  zero
    8000006c:	f00002d3          	fmv.w.x	ft5,zero
    fmv.s.x f6,  zero
    80000070:	f0000353          	fmv.w.x	ft6,zero
    fmv.s.x f7,  zero
    80000074:	f00003d3          	fmv.w.x	ft7,zero
    fmv.s.x f8,  zero
    80000078:	f0000453          	fmv.w.x	fs0,zero
    fmv.s.x f9,  zero
    8000007c:	f00004d3          	fmv.w.x	fs1,zero
    fmv.s.x f10, zero
    80000080:	f0000553          	fmv.w.x	fa0,zero
    fmv.s.x f11, zero
    80000084:	f00005d3          	fmv.w.x	fa1,zero
    fmv.s.x f12, zero
    80000088:	f0000653          	fmv.w.x	fa2,zero
    fmv.s.x f13, zero
    8000008c:	f00006d3          	fmv.w.x	fa3,zero
    fmv.s.x f14, zero
    80000090:	f0000753          	fmv.w.x	fa4,zero
    fmv.s.x f15, zero
    80000094:	f00007d3          	fmv.w.x	fa5,zero
    fmv.s.x f16, zero
    80000098:	f0000853          	fmv.w.x	fa6,zero
    fmv.s.x f17, zero
    8000009c:	f00008d3          	fmv.w.x	fa7,zero
    fmv.s.x f18, zero
    800000a0:	f0000953          	fmv.w.x	fs2,zero
    fmv.s.x f19, zero
    800000a4:	f00009d3          	fmv.w.x	fs3,zero
    fmv.s.x f20, zero
    800000a8:	f0000a53          	fmv.w.x	fs4,zero
    fmv.s.x f21, zero
    800000ac:	f0000ad3          	fmv.w.x	fs5,zero
    fmv.s.x f22, zero
    800000b0:	f0000b53          	fmv.w.x	fs6,zero
    fmv.s.x f23, zero
    800000b4:	f0000bd3          	fmv.w.x	fs7,zero
    fmv.s.x f24, zero
    800000b8:	f0000c53          	fmv.w.x	fs8,zero
    fmv.s.x f25, zero
    800000bc:	f0000cd3          	fmv.w.x	fs9,zero
    fmv.s.x f26, zero
    800000c0:	f0000d53          	fmv.w.x	fs10,zero
    fmv.s.x f27, zero
    800000c4:	f0000dd3          	fmv.w.x	fs11,zero
    fmv.s.x f28, zero
    800000c8:	f0000e53          	fmv.w.x	ft8,zero
    fmv.s.x f29, zero
    800000cc:	f0000ed3          	fmv.w.x	ft9,zero
    fmv.s.x f30, zero
    800000d0:	f0000f53          	fmv.w.x	ft10,zero
    fmv.s.x f31, zero
    800000d4:	f0000fd3          	fmv.w.x	ft11,zero

    /* Initialize global pointer; disable relaxation to avoid relaxing
       the address calculation to "addi gp, gp, 0" */
    .option push
    .option norelax
    la gp, __global_pointer$
    800000d8:	00007197          	auipc	gp,0x7
    800000dc:	6e018193          	addi	gp,gp,1760 # 800077b8 <__global_pointer$>
    .option pop

    /* Initialize thread pointer */
    csrr s0, mhartid
    800000e0:	f1402473          	csrr	s0,mhartid
    lui t0, %hi(__stack_shift)
    addi t0, t0, %lo(__stack_shift)
    800000e4:	00f00293          	li	t0,15
    la tp, __stack_start
    800000e8:	00028217          	auipc	tp,0x28
    800000ec:	f1820213          	addi	tp,tp,-232 # 80028000 <__heap_end>
    sll t0, s0, t0
    800000f0:	005412b3          	sll	t0,s0,t0
    add tp, tp, t0
    800000f4:	9216                	add	tp,tp,t0

    /* Initialize stack pointer */
    lui t0, %hi(__stack_size)
    800000f6:	62a1                	lui	t0,0x8
    addi t0, t0, %lo(__stack_size)
    800000f8:	00028293          	mv	t0,t0
    add sp, tp, t0
    800000fc:	00520133          	add	sp,tp,t0

    /* Initialize trap vector */
    la t0, trap_entry
    80000100:	00000297          	auipc	t0,0x0
    80000104:	04428293          	addi	t0,t0,68 # 80000144 <trap_entry>
    csrw mtvec, t0
    80000108:	30529073          	csrw	mtvec,t0

    /* Initialize TLS */
    call __init_tls
    8000010c:	4ba060ef          	jal	800065c6 <__init_tls>

    /* Skip global initialization if not the designated boot hart */
    la t0, __boot_hart
    80000110:	00000293          	li	t0,0
    bne s0, t0, _start_secondary
    80000114:	00540463          	beq	s0,t0,8000011c <_start+0x11c>
    80000118:	0f60006f          	j	8000020e <_start_secondary>

    /* Zero BSS segment */
    la t0, __bss_start
    8000011c:	82018293          	addi	t0,gp,-2016 # 80006fd8 <uart_lock>
    la t1, __bss_end
    80000120:	56818313          	addi	t1,gp,1384 # 80007d20 <_end>
    bgeu t0, t1, 2f
    80000124:	0062f763          	bgeu	t0,t1,80000132 <_start+0x132>
1:
    SREG zero, (t0)
    80000128:	0002b023          	sd	zero,0(t0)
    addi t0, t0, REGBYTES
    8000012c:	02a1                	addi	t0,t0,8
    bltu t0, t1, 1b
    8000012e:	fe62ede3          	bltu	t0,t1,80000128 <_start+0x128>
2:

    /* Call global constructors */
    la a0, __libc_fini_array
    80000132:	00006517          	auipc	a0,0x6
    80000136:	58250513          	addi	a0,a0,1410 # 800066b4 <__libc_fini_array>
    call atexit
    8000013a:	508060ef          	jal	80006642 <atexit>
    call __libc_init_array
    8000013e:	518060ef          	jal	80006656 <__libc_init_array>

    /* Call main function */
    tail _start_main
    80000142:	a075                	j	800001ee <_start_main>

0000000080000144 <trap_entry>:
    .cfi_endproc


    .align 2
trap_entry:
    csrw mscratch, sp
    80000144:	34011073          	csrw	mscratch,sp
    addi sp, sp, -(32*REGBYTES)
    80000148:	7111                	addi	sp,sp,-256

    /* Save trap frame */
    SREG x1, 1*REGBYTES(sp)
    8000014a:	e406                	sd	ra,8(sp)
    csrr x1, mscratch
    8000014c:	340020f3          	csrr	ra,mscratch
    SREG x1, 2*REGBYTES(sp)
    80000150:	e806                	sd	ra,16(sp)
    SREG x3, 3*REGBYTES(sp)
    80000152:	ec0e                	sd	gp,24(sp)
    SREG x4, 4*REGBYTES(sp)
    80000154:	f012                	sd	tp,32(sp)
    SREG x5, 5*REGBYTES(sp)
    80000156:	f416                	sd	t0,40(sp)
    SREG x6, 6*REGBYTES(sp)
    80000158:	f81a                	sd	t1,48(sp)
    SREG x7, 7*REGBYTES(sp)
    8000015a:	fc1e                	sd	t2,56(sp)
    SREG x8, 8*REGBYTES(sp)
    8000015c:	e0a2                	sd	s0,64(sp)
    SREG x9, 9*REGBYTES(sp)
    8000015e:	e4a6                	sd	s1,72(sp)
    SREG x10, 10*REGBYTES(sp)
    80000160:	e8aa                	sd	a0,80(sp)
    SREG x11, 11*REGBYTES(sp)
    80000162:	ecae                	sd	a1,88(sp)
    SREG x12, 12*REGBYTES(sp)
    80000164:	f0b2                	sd	a2,96(sp)
    SREG x13, 13*REGBYTES(sp)
    80000166:	f4b6                	sd	a3,104(sp)
    SREG x14, 14*REGBYTES(sp)
    80000168:	f8ba                	sd	a4,112(sp)
    SREG x15, 15*REGBYTES(sp)
    8000016a:	fcbe                	sd	a5,120(sp)
    SREG x16, 16*REGBYTES(sp)
    8000016c:	e142                	sd	a6,128(sp)
    SREG x17, 17*REGBYTES(sp)
    8000016e:	e546                	sd	a7,136(sp)
    SREG x18, 18*REGBYTES(sp)
    80000170:	e94a                	sd	s2,144(sp)
    SREG x19, 19*REGBYTES(sp)
    80000172:	ed4e                	sd	s3,152(sp)
    SREG x20, 20*REGBYTES(sp)
    80000174:	f152                	sd	s4,160(sp)
    SREG x21, 21*REGBYTES(sp)
    80000176:	f556                	sd	s5,168(sp)
    SREG x22, 22*REGBYTES(sp)
    80000178:	f95a                	sd	s6,176(sp)
    SREG x23, 23*REGBYTES(sp)
    8000017a:	fd5e                	sd	s7,184(sp)
    SREG x24, 24*REGBYTES(sp)
    8000017c:	e1e2                	sd	s8,192(sp)
    SREG x25, 25*REGBYTES(sp)
    8000017e:	e5e6                	sd	s9,200(sp)
    SREG x26, 26*REGBYTES(sp)
    80000180:	e9ea                	sd	s10,208(sp)
    SREG x27, 27*REGBYTES(sp)
    80000182:	edee                	sd	s11,216(sp)
    SREG x28, 28*REGBYTES(sp)
    80000184:	f1f2                	sd	t3,224(sp)
    SREG x29, 29*REGBYTES(sp)
    80000186:	f5f6                	sd	t4,232(sp)
    SREG x30, 30*REGBYTES(sp)
    80000188:	f9fa                	sd	t5,240(sp)
    SREG x31, 31*REGBYTES(sp)
    8000018a:	fdfe                	sd	t6,248(sp)

    /* Invoke higher-level trap handler */
    csrr a0, mepc
    8000018c:	34102573          	csrr	a0,mepc
    csrr a1, mcause
    80000190:	342025f3          	csrr	a1,mcause
    csrr a2, mtval
    80000194:	34302673          	csrr	a2,mtval
    mv a3, sp
    80000198:	868a                	mv	a3,sp
    call handle_trap
    8000019a:	142000ef          	jal	800002dc <handle_trap>
    csrw mepc, a0
    8000019e:	34151073          	csrw	mepc,a0

    /* Remain in M-mode after return */
    li t0, MSTATUS_MPP
    800001a2:	6289                	lui	t0,0x2
    800001a4:	8002829b          	addiw	t0,t0,-2048 # 1800 <__stack_align+0x17f0>
    csrs mstatus, t0
    800001a8:	3002a073          	csrs	mstatus,t0

    LREG x1, 1*REGBYTES(sp)
    800001ac:	60a2                	ld	ra,8(sp)
    LREG x3, 3*REGBYTES(sp)
    800001ae:	61e2                	ld	gp,24(sp)
    LREG x4, 4*REGBYTES(sp)
    800001b0:	7202                	ld	tp,32(sp)
    LREG x5, 5*REGBYTES(sp)
    800001b2:	72a2                	ld	t0,40(sp)
    LREG x6, 6*REGBYTES(sp)
    800001b4:	7342                	ld	t1,48(sp)
    LREG x7, 7*REGBYTES(sp)
    800001b6:	73e2                	ld	t2,56(sp)
    LREG x8, 8*REGBYTES(sp)
    800001b8:	6406                	ld	s0,64(sp)
    LREG x9, 9*REGBYTES(sp)
    800001ba:	64a6                	ld	s1,72(sp)
    LREG x10, 10*REGBYTES(sp)
    800001bc:	6546                	ld	a0,80(sp)
    LREG x11, 11*REGBYTES(sp)
    800001be:	65e6                	ld	a1,88(sp)
    LREG x12, 12*REGBYTES(sp)
    800001c0:	7606                	ld	a2,96(sp)
    LREG x13, 13*REGBYTES(sp)
    800001c2:	76a6                	ld	a3,104(sp)
    LREG x14, 14*REGBYTES(sp)
    800001c4:	7746                	ld	a4,112(sp)
    LREG x15, 15*REGBYTES(sp)
    800001c6:	77e6                	ld	a5,120(sp)
    LREG x16, 16*REGBYTES(sp)
    800001c8:	680a                	ld	a6,128(sp)
    LREG x17, 17*REGBYTES(sp)
    800001ca:	68aa                	ld	a7,136(sp)
    LREG x18, 18*REGBYTES(sp)
    800001cc:	694a                	ld	s2,144(sp)
    LREG x19, 19*REGBYTES(sp)
    800001ce:	69ea                	ld	s3,152(sp)
    LREG x20, 20*REGBYTES(sp)
    800001d0:	7a0a                	ld	s4,160(sp)
    LREG x21, 21*REGBYTES(sp)
    800001d2:	7aaa                	ld	s5,168(sp)
    LREG x22, 22*REGBYTES(sp)
    800001d4:	7b4a                	ld	s6,176(sp)
    LREG x23, 23*REGBYTES(sp)
    800001d6:	7bea                	ld	s7,184(sp)
    LREG x24, 24*REGBYTES(sp)
    800001d8:	6c0e                	ld	s8,192(sp)
    LREG x25, 25*REGBYTES(sp)
    800001da:	6cae                	ld	s9,200(sp)
    LREG x26, 26*REGBYTES(sp)
    800001dc:	6d4e                	ld	s10,208(sp)
    LREG x27, 27*REGBYTES(sp)
    800001de:	6dee                	ld	s11,216(sp)
    LREG x28, 28*REGBYTES(sp)
    800001e0:	7e0e                	ld	t3,224(sp)
    LREG x29, 29*REGBYTES(sp)
    800001e2:	7eae                	ld	t4,232(sp)
    LREG x30, 30*REGBYTES(sp)
    800001e4:	7f4e                	ld	t5,240(sp)
    LREG x31, 31*REGBYTES(sp)
    800001e6:	7fee                	ld	t6,248(sp)
    /* Restore sp last */
    LREG x2, 2*REGBYTES(sp)
    800001e8:	6142                	ld	sp,16(sp)

    mret
    800001ea:	30200073          	mret

00000000800001ee <_start_main>:
    .endm

    .global _start_main
    .type _start_main, @function
_start_main:
    BARRIER_PASS __boot_sync
    800001ee:	52fd                	li	t0,-1
    800001f0:	0110000f          	fence	w,w
    800001f4:	4451a423          	sw	t0,1096(gp) # 80007c00 <__boot_sync>
    ENTER main
    800001f8:	4505                	li	a0,1
    800001fa:	00007597          	auipc	a1,0x7
    800001fe:	c9e58593          	addi	a1,a1,-866 # 80006e98 <argv>
    80000202:	8101b603          	ld	a2,-2032(gp) # 80006fc8 <environ>
    80000206:	02a000ef          	jal	80000230 <main>
    8000020a:	23d0406f          	j	80004c46 <exit>

000000008000020e <_start_secondary>:

    .global _start_secondary
    .type _start_secondary, @function
_start_secondary:
    /* Synchronize secondary harts */
    BARRIER_WAIT __boot_sync
    8000020e:	4481a283          	lw	t0,1096(gp) # 80007c00 <__boot_sync>
    80000212:	fe028ee3          	beqz	t0,8000020e <_start_secondary>
    80000216:	0220000f          	fence	r,r
    ENTER __main
    8000021a:	4505                	li	a0,1
    8000021c:	00007597          	auipc	a1,0x7
    80000220:	c7c58593          	addi	a1,a1,-900 # 80006e98 <argv>
    80000224:	8101b603          	ld	a2,-2032(gp) # 80006fc8 <environ>
    80000228:	710000ef          	jal	80000938 <__main>
    8000022c:	21b0406f          	j	80004c46 <exit>

0000000080000230 <main>:
    80000230:	fe010113          	addi	sp,sp,-32
    80000234:	00113c23          	sd	ra,24(sp)
    80000238:	15d000ef          	jal	80000b94 <initialise_board>
    8000023c:	1b1040ef          	jal	80004bec <initialise_benchmark>
    80000240:	00100513          	li	a0,1
    80000244:	1ad040ef          	jal	80004bf0 <warm_caches>
    80000248:	2d0000ef          	jal	80000518 <rStartup>
    8000024c:	151000ef          	jal	80000b9c <start_trigger>
    80000250:	1a5040ef          	jal	80004bf4 <benchmark>
    80000254:	00a12623          	sw	a0,12(sp)
    80000258:	14d000ef          	jal	80000ba4 <stop_trigger>
    8000025c:	698000ef          	jal	800008f4 <rCleanup>
    80000260:	00c12503          	lw	a0,12(sp)
    80000264:	10d040ef          	jal	80004b70 <verify_benchmark>
    80000268:	01813083          	ld	ra,24(sp)
    8000026c:	00153513          	seqz	a0,a0
    80000270:	02010113          	addi	sp,sp,32
    80000274:	00008067          	ret

0000000080000278 <mtimecmp_cfg>:
    80000278:	f1402873          	csrr	a6,mhartid
    8000027c:	004017b7          	lui	a5,0x401
    80000280:	80078793          	addi	a5,a5,-2048 # 400800 <__heap_size+0x3e0800>
    80000284:	00f80833          	add	a6,a6,a5
    80000288:	0200c6b7          	lui	a3,0x200c
    8000028c:	0200c537          	lui	a0,0x200c
    80000290:	00381813          	slli	a6,a6,0x3
    80000294:	ffc68693          	addi	a3,a3,-4 # 200bffc <__heap_size+0x1febffc>
    80000298:	ff850513          	addi	a0,a0,-8 # 200bff8 <__heap_size+0x1febff8>
    8000029c:	0006a703          	lw	a4,0(a3)
    800002a0:	00052783          	lw	a5,0(a0)
    800002a4:	0006a583          	lw	a1,0(a3)
    800002a8:	0007061b          	sext.w	a2,a4
    800002ac:	0007879b          	sext.w	a5,a5
    800002b0:	feb716e3          	bne	a4,a1,8000029c <mtimecmp_cfg+0x24>
    800002b4:	02079793          	slli	a5,a5,0x20
    800002b8:	0207d793          	srli	a5,a5,0x20
    800002bc:	02061613          	slli	a2,a2,0x20
    800002c0:	00f66633          	or	a2,a2,a5
    800002c4:	02060613          	addi	a2,a2,32
    800002c8:	0006079b          	sext.w	a5,a2
    800002cc:	00f82023          	sw	a5,0(a6)
    800002d0:	42065613          	srai	a2,a2,0x20
    800002d4:	00c82223          	sw	a2,4(a6)
    800002d8:	00008067          	ret

00000000800002dc <handle_trap>:
    800002dc:	f14027f3          	csrr	a5,mhartid
    800002e0:	0805dc63          	bgez	a1,80000378 <handle_trap+0x9c>
    800002e4:	34402773          	csrr	a4,mip
    800002e8:	00877713          	andi	a4,a4,8
    800002ec:	00070c63          	beqz	a4,80000304 <handle_trap+0x28>
    800002f0:	00800737          	lui	a4,0x800
    800002f4:	00e787b3          	add	a5,a5,a4
    800002f8:	00279793          	slli	a5,a5,0x2
    800002fc:	0007a023          	sw	zero,0(a5)
    80000300:	00008067          	ret
    80000304:	34402773          	csrr	a4,mip
    80000308:	08077713          	andi	a4,a4,128
    8000030c:	06070a63          	beqz	a4,80000380 <handle_trap+0xa4>
    80000310:	06079e63          	bnez	a5,8000038c <handle_trap+0xb0>
    80000314:	9101a783          	lw	a5,-1776(gp) # 800070c8 <timer_flags>
    80000318:	91018713          	addi	a4,gp,-1776 # 800070c8 <timer_flags>
    8000031c:	0017879b          	addiw	a5,a5,1
    80000320:	00f72023          	sw	a5,0(a4) # 800000 <__heap_size+0x7e0000>
    80000324:	00072683          	lw	a3,0(a4)
    80000328:	03100793          	li	a5,49
    8000032c:	0cd7ce63          	blt	a5,a3,80000408 <handle_trap+0x12c>
    80000330:	0200c6b7          	lui	a3,0x200c
    80000334:	0200c837          	lui	a6,0x200c
    80000338:	ffc68693          	addi	a3,a3,-4 # 200bffc <__heap_size+0x1febffc>
    8000033c:	ff880813          	addi	a6,a6,-8 # 200bff8 <__heap_size+0x1febff8>
    80000340:	0006a703          	lw	a4,0(a3)
    80000344:	00082783          	lw	a5,0(a6)
    80000348:	0006a603          	lw	a2,0(a3)
    8000034c:	0007059b          	sext.w	a1,a4
    80000350:	0007879b          	sext.w	a5,a5
    80000354:	fec716e3          	bne	a4,a2,80000340 <handle_trap+0x64>
    80000358:	02079793          	slli	a5,a5,0x20
    8000035c:	02059593          	slli	a1,a1,0x20
    80000360:	0207d793          	srli	a5,a5,0x20
    80000364:	00f5e7b3          	or	a5,a1,a5
    80000368:	02078793          	addi	a5,a5,32
    8000036c:	02004737          	lui	a4,0x2004
    80000370:	00f73023          	sd	a5,0(a4) # 2004000 <__heap_size+0x1fe4000>
    80000374:	00008067          	ret
    80000378:	00b00793          	li	a5,11
    8000037c:	00f58463          	beq	a1,a5,80000384 <handle_trap+0xa8>
    80000380:	00008067          	ret
    80000384:	00450513          	addi	a0,a0,4
    80000388:	00008067          	ret
    8000038c:	00100713          	li	a4,1
    80000390:	08e78e63          	beq	a5,a4,8000042c <handle_trap+0x150>
    80000394:	00200713          	li	a4,2
    80000398:	0ee78c63          	beq	a5,a4,80000490 <handle_trap+0x1b4>
    8000039c:	00300713          	li	a4,3
    800003a0:	fee790e3          	bne	a5,a4,80000380 <handle_trap+0xa4>
    800003a4:	91c1a783          	lw	a5,-1764(gp) # 800070d4 <timer_flags+0xc>
    800003a8:	91018713          	addi	a4,gp,-1776 # 800070c8 <timer_flags>
    800003ac:	0017879b          	addiw	a5,a5,1
    800003b0:	00f72623          	sw	a5,12(a4)
    800003b4:	00c72683          	lw	a3,12(a4)
    800003b8:	03100793          	li	a5,49
    800003bc:	14d7c863          	blt	a5,a3,8000050c <handle_trap+0x230>
    800003c0:	0200c6b7          	lui	a3,0x200c
    800003c4:	0200c837          	lui	a6,0x200c
    800003c8:	ffc68693          	addi	a3,a3,-4 # 200bffc <__heap_size+0x1febffc>
    800003cc:	ff880813          	addi	a6,a6,-8 # 200bff8 <__heap_size+0x1febff8>
    800003d0:	0006a703          	lw	a4,0(a3)
    800003d4:	00082783          	lw	a5,0(a6)
    800003d8:	0006a603          	lw	a2,0(a3)
    800003dc:	0007059b          	sext.w	a1,a4
    800003e0:	0007879b          	sext.w	a5,a5
    800003e4:	fec716e3          	bne	a4,a2,800003d0 <handle_trap+0xf4>
    800003e8:	02079793          	slli	a5,a5,0x20
    800003ec:	02059593          	slli	a1,a1,0x20
    800003f0:	0207d793          	srli	a5,a5,0x20
    800003f4:	00f5e7b3          	or	a5,a1,a5
    800003f8:	02004737          	lui	a4,0x2004
    800003fc:	02078793          	addi	a5,a5,32
    80000400:	00f73c23          	sd	a5,24(a4) # 2004018 <__heap_size+0x1fe4018>
    80000404:	00008067          	ret
    80000408:	00072703          	lw	a4,0(a4)
    8000040c:	f6e7dae3          	bge	a5,a4,80000380 <handle_trap+0xa4>
    80000410:	304027f3          	csrr	a5,mie
    80000414:	f7f7f793          	andi	a5,a5,-129
    80000418:	30479073          	csrw	mie,a5
    8000041c:	300027f3          	csrr	a5,mstatus
    80000420:	ff77f793          	andi	a5,a5,-9
    80000424:	30079073          	csrw	mstatus,a5
    80000428:	00008067          	ret
    8000042c:	9141a783          	lw	a5,-1772(gp) # 800070cc <timer_flags+0x4>
    80000430:	91018713          	addi	a4,gp,-1776 # 800070c8 <timer_flags>
    80000434:	0017879b          	addiw	a5,a5,1
    80000438:	00f72223          	sw	a5,4(a4)
    8000043c:	00472683          	lw	a3,4(a4)
    80000440:	03100793          	li	a5,49
    80000444:	0ad7c863          	blt	a5,a3,800004f4 <handle_trap+0x218>
    80000448:	0200c6b7          	lui	a3,0x200c
    8000044c:	0200c837          	lui	a6,0x200c
    80000450:	ffc68693          	addi	a3,a3,-4 # 200bffc <__heap_size+0x1febffc>
    80000454:	ff880813          	addi	a6,a6,-8 # 200bff8 <__heap_size+0x1febff8>
    80000458:	0006a703          	lw	a4,0(a3)
    8000045c:	00082783          	lw	a5,0(a6)
    80000460:	0006a603          	lw	a2,0(a3)
    80000464:	0007059b          	sext.w	a1,a4
    80000468:	0007879b          	sext.w	a5,a5
    8000046c:	fec716e3          	bne	a4,a2,80000458 <handle_trap+0x17c>
    80000470:	02079793          	slli	a5,a5,0x20
    80000474:	02059593          	slli	a1,a1,0x20
    80000478:	0207d793          	srli	a5,a5,0x20
    8000047c:	00f5e7b3          	or	a5,a1,a5
    80000480:	02004737          	lui	a4,0x2004
    80000484:	02078793          	addi	a5,a5,32
    80000488:	00f73423          	sd	a5,8(a4) # 2004008 <__heap_size+0x1fe4008>
    8000048c:	00008067          	ret
    80000490:	9181a783          	lw	a5,-1768(gp) # 800070d0 <timer_flags+0x8>
    80000494:	91018713          	addi	a4,gp,-1776 # 800070c8 <timer_flags>
    80000498:	0017879b          	addiw	a5,a5,1
    8000049c:	00f72423          	sw	a5,8(a4)
    800004a0:	00872683          	lw	a3,8(a4)
    800004a4:	03100793          	li	a5,49
    800004a8:	04d7cc63          	blt	a5,a3,80000500 <handle_trap+0x224>
    800004ac:	0200c6b7          	lui	a3,0x200c
    800004b0:	0200c837          	lui	a6,0x200c
    800004b4:	ffc68693          	addi	a3,a3,-4 # 200bffc <__heap_size+0x1febffc>
    800004b8:	ff880813          	addi	a6,a6,-8 # 200bff8 <__heap_size+0x1febff8>
    800004bc:	0006a703          	lw	a4,0(a3)
    800004c0:	00082783          	lw	a5,0(a6)
    800004c4:	0006a603          	lw	a2,0(a3)
    800004c8:	0007059b          	sext.w	a1,a4
    800004cc:	0007879b          	sext.w	a5,a5
    800004d0:	fec716e3          	bne	a4,a2,800004bc <handle_trap+0x1e0>
    800004d4:	02079793          	slli	a5,a5,0x20
    800004d8:	02059593          	slli	a1,a1,0x20
    800004dc:	0207d793          	srli	a5,a5,0x20
    800004e0:	00f5e7b3          	or	a5,a1,a5
    800004e4:	02004737          	lui	a4,0x2004
    800004e8:	02078793          	addi	a5,a5,32
    800004ec:	00f73823          	sd	a5,16(a4) # 2004010 <__heap_size+0x1fe4010>
    800004f0:	00008067          	ret
    800004f4:	00472703          	lw	a4,4(a4)
    800004f8:	e8e7d4e3          	bge	a5,a4,80000380 <handle_trap+0xa4>
    800004fc:	f15ff06f          	j	80000410 <handle_trap+0x134>
    80000500:	00872703          	lw	a4,8(a4)
    80000504:	e6e7dee3          	bge	a5,a4,80000380 <handle_trap+0xa4>
    80000508:	f09ff06f          	j	80000410 <handle_trap+0x134>
    8000050c:	00c72703          	lw	a4,12(a4)
    80000510:	e6e7d8e3          	bge	a5,a4,80000380 <handle_trap+0xa4>
    80000514:	efdff06f          	j	80000410 <handle_trap+0x134>

0000000080000518 <rStartup>:
    80000518:	ff010113          	addi	sp,sp,-16
    8000051c:	00113423          	sd	ra,8(sp)
    80000520:	00813023          	sd	s0,0(sp)
    80000524:	00400593          	li	a1,4
    80000528:	3805a02b          	.word	0x3805a02b
    8000052c:	006405b7          	lui	a1,0x640
    80000530:	01258593          	addi	a1,a1,18 # 640012 <__heap_size+0x620012>
    80000534:	00200613          	li	a2,2
    80000538:	0cc5b02b          	.word	0x0cc5b02b
    8000053c:	106405b7          	lui	a1,0x10640
    80000540:	01258593          	addi	a1,a1,18 # 10640012 <__heap_size+0x10620012>
    80000544:	0cc5b02b          	.word	0x0cc5b02b
    80000548:	206405b7          	lui	a1,0x20640
    8000054c:	01258593          	addi	a1,a1,18 # 20640012 <__heap_size+0x20620012>
    80000550:	0cc5b02b          	.word	0x0cc5b02b
    80000554:	306405b7          	lui	a1,0x30640
    80000558:	01258593          	addi	a1,a1,18 # 30640012 <__heap_size+0x30620012>
    8000055c:	0cc5b02b          	.word	0x0cc5b02b
    80000560:	406405b7          	lui	a1,0x40640
    80000564:	01258593          	addi	a1,a1,18 # 40640012 <__heap_size+0x40620012>
    80000568:	0cc5b02b          	.word	0x0cc5b02b
    8000056c:	506405b7          	lui	a1,0x50640
    80000570:	01258593          	addi	a1,a1,18 # 50640012 <__heap_size+0x50620012>
    80000574:	0cc5b02b          	.word	0x0cc5b02b
    80000578:	606405b7          	lui	a1,0x60640
    8000057c:	01258593          	addi	a1,a1,18 # 60640012 <__heap_size+0x60620012>
    80000580:	0cc5b02b          	.word	0x0cc5b02b
    80000584:	20e405b7          	lui	a1,0x20e40
    80000588:	01258593          	addi	a1,a1,18 # 20e40012 <__heap_size+0x20e20012>
    8000058c:	0cc5b02b          	.word	0x0cc5b02b
    80000590:	30e405b7          	lui	a1,0x30e40
    80000594:	01258593          	addi	a1,a1,18 # 30e40012 <__heap_size+0x30e20012>
    80000598:	0cc5b02b          	.word	0x0cc5b02b
    8000059c:	40e405b7          	lui	a1,0x40e40
    800005a0:	01258593          	addi	a1,a1,18 # 40e40012 <__heap_size+0x40e20012>
    800005a4:	0cc5b02b          	.word	0x0cc5b02b
    800005a8:	02001737          	lui	a4,0x2001
    800005ac:	00671713          	slli	a4,a4,0x6
    800005b0:	00100693          	li	a3,1
    800005b4:	200007b7          	lui	a5,0x20000
    800005b8:	01270713          	addi	a4,a4,18 # 2001012 <__heap_size+0x1fe1012>
    800005bc:	10000537          	lui	a0,0x10000
    800005c0:	01f69693          	slli	a3,a3,0x1f
    800005c4:	00e7e5b3          	or	a1,a5,a4
    800005c8:	00200613          	li	a2,2
    800005cc:	0cc5b02b          	.word	0x0cc5b02b
    800005d0:	00a787b3          	add	a5,a5,a0
    800005d4:	fed798e3          	bne	a5,a3,800005c4 <rStartup+0xac>
    800005d8:	02011737          	lui	a4,0x2011
    800005dc:	00671713          	slli	a4,a4,0x6
    800005e0:	00100693          	li	a3,1
    800005e4:	200007b7          	lui	a5,0x20000
    800005e8:	01270713          	addi	a4,a4,18 # 2011012 <__heap_size+0x1ff1012>
    800005ec:	10000537          	lui	a0,0x10000
    800005f0:	01f69693          	slli	a3,a3,0x1f
    800005f4:	00e7e5b3          	or	a1,a5,a4
    800005f8:	00200613          	li	a2,2
    800005fc:	0cc5b02b          	.word	0x0cc5b02b
    80000600:	00a787b3          	add	a5,a5,a0
    80000604:	fed798e3          	bne	a5,a3,800005f4 <rStartup+0xdc>
    80000608:	046605b7          	lui	a1,0x4660
    8000060c:	02258593          	addi	a1,a1,34 # 4660022 <__heap_size+0x4640022>
    80000610:	0cc5b02b          	.word	0x0cc5b02b
    80000614:	146605b7          	lui	a1,0x14660
    80000618:	02258593          	addi	a1,a1,34 # 14660022 <__heap_size+0x14640022>
    8000061c:	0cc5b02b          	.word	0x0cc5b02b
    80000620:	246605b7          	lui	a1,0x24660
    80000624:	02258593          	addi	a1,a1,34 # 24660022 <__heap_size+0x24640022>
    80000628:	0cc5b02b          	.word	0x0cc5b02b
    8000062c:	346605b7          	lui	a1,0x34660
    80000630:	02258593          	addi	a1,a1,34 # 34660022 <__heap_size+0x34640022>
    80000634:	0cc5b02b          	.word	0x0cc5b02b
    80000638:	24e605b7          	lui	a1,0x24e60
    8000063c:	02258593          	addi	a1,a1,34 # 24e60022 <__heap_size+0x24e40022>
    80000640:	0cc5b02b          	.word	0x0cc5b02b
    80000644:	34e605b7          	lui	a1,0x34e60
    80000648:	02258593          	addi	a1,a1,34 # 34e60022 <__heap_size+0x34e40022>
    8000064c:	0cc5b02b          	.word	0x0cc5b02b
    80000650:	44e605b7          	lui	a1,0x44e60
    80000654:	02258593          	addi	a1,a1,34 # 44e60022 <__heap_size+0x44e40022>
    80000658:	0cc5b02b          	.word	0x0cc5b02b
    8000065c:	04043737          	lui	a4,0x4043
    80000660:	00571713          	slli	a4,a4,0x5
    80000664:	00100693          	li	a3,1
    80000668:	200007b7          	lui	a5,0x20000
    8000066c:	02270713          	addi	a4,a4,34 # 4043022 <__heap_size+0x4023022>
    80000670:	10000537          	lui	a0,0x10000
    80000674:	01f69693          	slli	a3,a3,0x1f
    80000678:	00e7e5b3          	or	a1,a5,a4
    8000067c:	00200613          	li	a2,2
    80000680:	0cc5b02b          	.word	0x0cc5b02b
    80000684:	00a787b3          	add	a5,a5,a0
    80000688:	fed798e3          	bne	a5,a3,80000678 <rStartup+0x160>
    8000068c:	04063737          	lui	a4,0x4063
    80000690:	00571713          	slli	a4,a4,0x5
    80000694:	00100693          	li	a3,1
    80000698:	200007b7          	lui	a5,0x20000
    8000069c:	02270713          	addi	a4,a4,34 # 4063022 <__heap_size+0x4043022>
    800006a0:	10000537          	lui	a0,0x10000
    800006a4:	01f69693          	slli	a3,a3,0x1f
    800006a8:	00e7e5b3          	or	a1,a5,a4
    800006ac:	00200613          	li	a2,2
    800006b0:	0cc5b02b          	.word	0x0cc5b02b
    800006b4:	00a787b3          	add	a5,a5,a0
    800006b8:	fed798e3          	bne	a5,a3,800006a8 <rStartup+0x190>
    800006bc:	1e6205b7          	lui	a1,0x1e620
    800006c0:	03258593          	addi	a1,a1,50 # 1e620032 <__heap_size+0x1e600032>
    800006c4:	0cc5b02b          	.word	0x0cc5b02b
    800006c8:	2e6205b7          	lui	a1,0x2e620
    800006cc:	03258593          	addi	a1,a1,50 # 2e620032 <__heap_size+0x2e600032>
    800006d0:	0cc5b02b          	.word	0x0cc5b02b
    800006d4:	3e6205b7          	lui	a1,0x3e620
    800006d8:	03258593          	addi	a1,a1,50 # 3e620032 <__heap_size+0x3e600032>
    800006dc:	0cc5b02b          	.word	0x0cc5b02b
    800006e0:	5e6205b7          	lui	a1,0x5e620
    800006e4:	03258593          	addi	a1,a1,50 # 5e620032 <__heap_size+0x5e600032>
    800006e8:	0cc5b02b          	.word	0x0cc5b02b
    800006ec:	6e6205b7          	lui	a1,0x6e620
    800006f0:	03258593          	addi	a1,a1,50 # 6e620032 <__heap_size+0x6e600032>
    800006f4:	0cc5b02b          	.word	0x0cc5b02b
    800006f8:	7e6205b7          	lui	a1,0x7e620
    800006fc:	03258593          	addi	a1,a1,50 # 7e620032 <__heap_size+0x7e600032>
    80000700:	0cc5b02b          	.word	0x0cc5b02b
    80000704:	25ea05b7          	lui	a1,0x25ea0
    80000708:	01258593          	addi	a1,a1,18 # 25ea0012 <__heap_size+0x25e80012>
    8000070c:	0cc5b02b          	.word	0x0cc5b02b
    80000710:	35ea05b7          	lui	a1,0x35ea0
    80000714:	01258593          	addi	a1,a1,18 # 35ea0012 <__heap_size+0x35e80012>
    80000718:	0cc5b02b          	.word	0x0cc5b02b
    8000071c:	102205b7          	lui	a1,0x10220
    80000720:	00458593          	addi	a1,a1,4 # 10220004 <__heap_size+0x10200004>
    80000724:	0cc5b02b          	.word	0x0cc5b02b
    80000728:	202405b7          	lui	a1,0x20240
    8000072c:	01458593          	addi	a1,a1,20 # 20240014 <__heap_size+0x20220014>
    80000730:	0cc5b02b          	.word	0x0cc5b02b
    80000734:	302605b7          	lui	a1,0x30260
    80000738:	02458593          	addi	a1,a1,36 # 30260024 <__heap_size+0x30240024>
    8000073c:	0cc5b02b          	.word	0x0cc5b02b
    80000740:	402805b7          	lui	a1,0x40280
    80000744:	03458593          	addi	a1,a1,52 # 40280034 <__heap_size+0x40260034>
    80000748:	0cc5b02b          	.word	0x0cc5b02b
    8000074c:	00001f37          	lui	t5,0x1
    80000750:	00001eb7          	lui	t4,0x1
    80000754:	00001e37          	lui	t3,0x1
    80000758:	00001337          	lui	t1,0x1
    8000075c:	000018b7          	lui	a7,0x1
    80000760:	00001837          	lui	a6,0x1
    80000764:	00001537          	lui	a0,0x1
    80000768:	08000693          	li	a3,128
    8000076c:	00000713          	li	a4,0
    80000770:	00100293          	li	t0,1
    80000774:	813f0f13          	addi	t5,t5,-2029 # 813 <__stack_align+0x803>
    80000778:	823e8e93          	addi	t4,t4,-2013 # 823 <__stack_align+0x813>
    8000077c:	833e0e13          	addi	t3,t3,-1997 # 833 <__stack_align+0x823>
    80000780:	87330313          	addi	t1,t1,-1933 # 873 <__stack_align+0x863>
    80000784:	c7388893          	addi	a7,a7,-909 # c73 <__stack_align+0xc63>
    80000788:	85380813          	addi	a6,a6,-1965 # 853 <__stack_align+0x843>
    8000078c:	c5350513          	addi	a0,a0,-941 # c53 <__stack_align+0xc43>
    80000790:	00400f93          	li	t6,4
    80000794:	00e297bb          	sllw	a5,t0,a4
    80000798:	01079793          	slli	a5,a5,0x10
    8000079c:	00d7e7b3          	or	a5,a5,a3
    800007a0:	01e7e5b3          	or	a1,a5,t5
    800007a4:	00200613          	li	a2,2
    800007a8:	0cc5b02b          	.word	0x0cc5b02b
    800007ac:	01d7e5b3          	or	a1,a5,t4
    800007b0:	0cc5b02b          	.word	0x0cc5b02b
    800007b4:	01c7e5b3          	or	a1,a5,t3
    800007b8:	0cc5b02b          	.word	0x0cc5b02b
    800007bc:	4137e593          	ori	a1,a5,1043
    800007c0:	0cc5b02b          	.word	0x0cc5b02b
    800007c4:	4237e593          	ori	a1,a5,1059
    800007c8:	0cc5b02b          	.word	0x0cc5b02b
    800007cc:	4337e593          	ori	a1,a5,1075
    800007d0:	0cc5b02b          	.word	0x0cc5b02b
    800007d4:	0067e5b3          	or	a1,a5,t1
    800007d8:	0cc5b02b          	.word	0x0cc5b02b
    800007dc:	4737e593          	ori	a1,a5,1139
    800007e0:	0cc5b02b          	.word	0x0cc5b02b
    800007e4:	0117e5b3          	or	a1,a5,a7
    800007e8:	0cc5b02b          	.word	0x0cc5b02b
    800007ec:	0107e5b3          	or	a1,a5,a6
    800007f0:	0cc5b02b          	.word	0x0cc5b02b
    800007f4:	4537e593          	ori	a1,a5,1107
    800007f8:	0cc5b02b          	.word	0x0cc5b02b
    800007fc:	00a7e5b3          	or	a1,a5,a0
    80000800:	0cc5b02b          	.word	0x0cc5b02b
    80000804:	0017071b          	addiw	a4,a4,1
    80000808:	08068693          	addi	a3,a3,128
    8000080c:	f9f714e3          	bne	a4,t6,80000794 <rStartup+0x27c>
    80000810:	00500593          	li	a1,5
    80000814:	0cc5b02b          	.word	0x0cc5b02b
    80000818:	00f00593          	li	a1,15
    8000081c:	fa05a02b          	.word	0xfa05a02b
    80000820:	fc00452b          	.word	0xfc00452b
    80000824:	82018413          	addi	s0,gp,-2016 # 80006fd8 <uart_lock>
    80000828:	00050593          	mv	a1,a0
    8000082c:	00100713          	li	a4,1
    80000830:	0ce427af          	amoswap.w.aq	a5,a4,(s0)
    80000834:	0007879b          	sext.w	a5,a5
    80000838:	fe079ce3          	bnez	a5,80000830 <rStartup+0x318>
    8000083c:	00006517          	auipc	a0,0x6
    80000840:	fec50513          	addi	a0,a0,-20 # 80006828 <__tbss_end>
    80000844:	09f040ef          	jal	800050e2 <iprintf>
    80000848:	0a04202f          	amoswap.w.rl	zero,zero,(s0)
    8000084c:	304027f3          	csrr	a5,mie
    80000850:	0087e793          	ori	a5,a5,8
    80000854:	30479073          	csrw	mie,a5
    80000858:	300027f3          	csrr	a5,mstatus
    8000085c:	0087e793          	ori	a5,a5,8
    80000860:	30079073          	csrw	mstatus,a5
    80000864:	f14027f3          	csrr	a5,mhartid
    80000868:	00800737          	lui	a4,0x800
    8000086c:	00e787b3          	add	a5,a5,a4
    80000870:	00279793          	slli	a5,a5,0x2
    80000874:	00100713          	li	a4,1
    80000878:	00e7a023          	sw	a4,0(a5) # 20000000 <__heap_size+0x1ffe0000>
    8000087c:	3600452b          	.word	0x3600452b
    80000880:	fe050ee3          	beqz	a0,8000087c <rStartup+0x364>
    80000884:	00100593          	li	a1,1
    80000888:	2c05a02b          	.word	0x2c05a02b
    8000088c:	9edff0ef          	jal	80000278 <mtimecmp_cfg>
    80000890:	304027f3          	csrr	a5,mie
    80000894:	0807e793          	ori	a5,a5,128
    80000898:	30479073          	csrw	mie,a5
    8000089c:	6200002b          	.word	0x6200002b
    800008a0:	00100593          	li	a1,1
    800008a4:	e005a02b          	.word	0xe005a02b
    800008a8:	00100713          	li	a4,1
    800008ac:	0ce427af          	amoswap.w.aq	a5,a4,(s0)
    800008b0:	0007879b          	sext.w	a5,a5
    800008b4:	fe079ce3          	bnez	a5,800008ac <rStartup+0x394>
    800008b8:	000016b7          	lui	a3,0x1
    800008bc:	38868693          	addi	a3,a3,904 # 1388 <__stack_align+0x1378>
    800008c0:	00100613          	li	a2,1
    800008c4:	00000593          	li	a1,0
    800008c8:	00006517          	auipc	a0,0x6
    800008cc:	f8050513          	addi	a0,a0,-128 # 80006848 <__tbss_end+0x20>
    800008d0:	013040ef          	jal	800050e2 <iprintf>
    800008d4:	00006517          	auipc	a0,0x6
    800008d8:	fbc50513          	addi	a0,a0,-68 # 80006890 <__tbss_end+0x68>
    800008dc:	007040ef          	jal	800050e2 <iprintf>
    800008e0:	0a04202f          	amoswap.w.rl	zero,zero,(s0)
    800008e4:	00813083          	ld	ra,8(sp)
    800008e8:	00013403          	ld	s0,0(sp)
    800008ec:	01010113          	addi	sp,sp,16
    800008f0:	00008067          	ret

00000000800008f4 <rCleanup>:
    800008f4:	00200593          	li	a1,2
    800008f8:	e005a02b          	.word	0xe005a02b
    800008fc:	01a00793          	li	a5,26
    80000900:	00000013          	nop
    80000904:	fff7879b          	addiw	a5,a5,-1
    80000908:	fe079ce3          	bnez	a5,80000900 <rCleanup+0xc>
    8000090c:	6400002b          	.word	0x6400002b
    80000910:	000207b7          	lui	a5,0x20
    80000914:	ffe78793          	addi	a5,a5,-2 # 1fffe <__stack_size+0x17ffe>
    80000918:	00000593          	li	a1,0
    8000091c:	00000613          	li	a2,0
    80000920:	0cc5f52b          	.word	0x0cc5f52b
    80000924:	fea7fae3          	bgeu	a5,a0,80000918 <rCleanup+0x24>
    80000928:	00200593          	li	a1,2
    8000092c:	2c05a02b          	.word	0x2c05a02b
    80000930:	6000002b          	.word	0x6000002b
    80000934:	00008067          	ret

0000000080000938 <__main>:
    80000938:	ff010113          	addi	sp,sp,-16
    8000093c:	00113423          	sd	ra,8(sp)
    80000940:	f14027f3          	csrr	a5,mhartid
    80000944:	00300713          	li	a4,3
    80000948:	0ae78e63          	beq	a5,a4,80000a04 <__main+0xcc>
    8000094c:	0af76263          	bltu	a4,a5,800009f0 <__main+0xb8>
    80000950:	00100713          	li	a4,1
    80000954:	04e78a63          	beq	a5,a4,800009a8 <__main+0x70>
    80000958:	00200693          	li	a3,2
    8000095c:	0ed79c63          	bne	a5,a3,80000a54 <__main+0x11c>
    80000960:	304027f3          	csrr	a5,mie
    80000964:	0087e793          	ori	a5,a5,8
    80000968:	30479073          	csrw	mie,a5
    8000096c:	300027f3          	csrr	a5,mstatus
    80000970:	0087e793          	ori	a5,a5,8
    80000974:	30079073          	csrw	mstatus,a5
    80000978:	f14027f3          	csrr	a5,mhartid
    8000097c:	008006b7          	lui	a3,0x800
    80000980:	00d787b3          	add	a5,a5,a3
    80000984:	00279793          	slli	a5,a5,0x2
    80000988:	00e7a023          	sw	a4,0(a5)
    8000098c:	8edff0ef          	jal	80000278 <mtimecmp_cfg>
    80000990:	304027f3          	csrr	a5,mie
    80000994:	0807e793          	ori	a5,a5,128
    80000998:	30479073          	csrw	mie,a5
    8000099c:	00200513          	li	a0,2
    800009a0:	0b8000ef          	jal	80000a58 <checker>
    800009a4:	0000006f          	j	800009a4 <__main+0x6c>
    800009a8:	30402773          	csrr	a4,mie
    800009ac:	00876713          	ori	a4,a4,8
    800009b0:	30471073          	csrw	mie,a4
    800009b4:	30002773          	csrr	a4,mstatus
    800009b8:	00876713          	ori	a4,a4,8
    800009bc:	30071073          	csrw	mstatus,a4
    800009c0:	f1402773          	csrr	a4,mhartid
    800009c4:	008006b7          	lui	a3,0x800
    800009c8:	00d70733          	add	a4,a4,a3
    800009cc:	00271713          	slli	a4,a4,0x2
    800009d0:	00f72023          	sw	a5,0(a4) # 800000 <__heap_size+0x7e0000>
    800009d4:	8a5ff0ef          	jal	80000278 <mtimecmp_cfg>
    800009d8:	304027f3          	csrr	a5,mie
    800009dc:	0807e793          	ori	a5,a5,128
    800009e0:	30479073          	csrw	mie,a5
    800009e4:	00100513          	li	a0,1
    800009e8:	070000ef          	jal	80000a58 <checker>
    800009ec:	fb9ff06f          	j	800009a4 <__main+0x6c>
    800009f0:	00400713          	li	a4,4
    800009f4:	04e79e63          	bne	a5,a4,80000a50 <__main+0x118>
    800009f8:	00400513          	li	a0,4
    800009fc:	05c000ef          	jal	80000a58 <checker>
    80000a00:	fa5ff06f          	j	800009a4 <__main+0x6c>
    80000a04:	304027f3          	csrr	a5,mie
    80000a08:	0087e793          	ori	a5,a5,8
    80000a0c:	30479073          	csrw	mie,a5
    80000a10:	300027f3          	csrr	a5,mstatus
    80000a14:	0087e793          	ori	a5,a5,8
    80000a18:	30079073          	csrw	mstatus,a5
    80000a1c:	f14027f3          	csrr	a5,mhartid
    80000a20:	00800737          	lui	a4,0x800
    80000a24:	00e787b3          	add	a5,a5,a4
    80000a28:	00279793          	slli	a5,a5,0x2
    80000a2c:	00100713          	li	a4,1
    80000a30:	00e7a023          	sw	a4,0(a5)
    80000a34:	845ff0ef          	jal	80000278 <mtimecmp_cfg>
    80000a38:	304027f3          	csrr	a5,mie
    80000a3c:	0807e793          	ori	a5,a5,128
    80000a40:	30479073          	csrw	mie,a5
    80000a44:	00300513          	li	a0,3
    80000a48:	010000ef          	jal	80000a58 <checker>
    80000a4c:	f59ff06f          	j	800009a4 <__main+0x6c>
    80000a50:	f55ff06f          	j	800009a4 <__main+0x6c>
    80000a54:	f51ff06f          	j	800009a4 <__main+0x6c>

0000000080000a58 <checker>:
    80000a58:	00100593          	li	a1,1
    80000a5c:	0205a02b          	.word	0x0205a02b
    80000a60:	2c05a02b          	.word	0x2c05a02b
    80000a64:	8000002b          	.word	0x8000002b
    80000a68:	a200002b          	.word	0xa200002b
    80000a6c:	000015b7          	lui	a1,0x1
    80000a70:	38858593          	addi	a1,a1,904 # 1388 <__stack_align+0x1378>
    80000a74:	f205a02b          	.word	0xf205a02b
    80000a78:	00100593          	li	a1,1
    80000a7c:	ec05a02b          	.word	0xec05a02b
    80000a80:	00000593          	li	a1,0
    80000a84:	ec05a02b          	.word	0xec05a02b
    80000a88:	02000593          	li	a1,32
    80000a8c:	ec05a02b          	.word	0xec05a02b
    80000a90:	00000593          	li	a1,0
    80000a94:	ec05a02b          	.word	0xec05a02b
    80000a98:	ea00002b          	.word	0xea00002b
    80000a9c:	e600002b          	.word	0xe600002b
    80000aa0:	c800002b          	.word	0xc800002b
    80000aa4:	00200793          	li	a5,2
    80000aa8:	00800713          	li	a4,8
    80000aac:	0100006f          	j	80000abc <checker+0x64>
    80000ab0:	c200452b          	.word	0xc200452b
    80000ab4:	01857513          	andi	a0,a0,24
    80000ab8:	04e50a63          	beq	a0,a4,80000b0c <checker+0xb4>
    80000abc:	0e00452b          	.word	0x0e00452b
    80000ac0:	fef518e3          	bne	a0,a5,80000ab0 <checker+0x58>
    80000ac4:	04000593          	li	a1,64
    80000ac8:	ec05a02b          	.word	0xec05a02b
    80000acc:	00000593          	li	a1,0
    80000ad0:	ec05a02b          	.word	0xec05a02b
    80000ad4:	e400002b          	.word	0xe400002b
    80000ad8:	c000002b          	.word	0xc000002b
    80000adc:	00000013          	nop
    80000ae0:	00000013          	nop
    80000ae4:	00000013          	nop
    80000ae8:	00000013          	nop
    80000aec:	00000013          	nop
    80000af0:	00200793          	li	a5,2
    80000af4:	0e00452b          	.word	0x0e00452b
    80000af8:	fef51ee3          	bne	a0,a5,80000af4 <checker+0x9c>
    80000afc:	8600002b          	.word	0x8600002b
    80000b00:	00200593          	li	a1,2
    80000b04:	2c05a02b          	.word	0x2c05a02b
    80000b08:	0000006f          	j	80000b08 <checker+0xb0>
    80000b0c:	c000002b          	.word	0xc000002b
    80000b10:	00001067          	.word	0x00001067
    80000b14:	fa9ff06f          	j	80000abc <checker+0x64>

0000000080000b18 <task_synthetic_malloc>:
    80000b18:	ff010113          	addi	sp,sp,-16
    80000b1c:	00813023          	sd	s0,0(sp)
    80000b20:	00050413          	mv	s0,a0
    80000b24:	08000513          	li	a0,128
    80000b28:	00113423          	sd	ra,8(sp)
    80000b2c:	140040ef          	jal	80004c6c <malloc>
    80000b30:	04050863          	beqz	a0,80000b80 <task_synthetic_malloc+0x68>
    80000b34:	0004069b          	sext.w	a3,s0
    80000b38:	00050793          	mv	a5,a0
    80000b3c:	08050613          	addi	a2,a0,128
    80000b40:	00050713          	mv	a4,a0
    80000b44:	00d72023          	sw	a3,0(a4) # 800000 <__heap_size+0x7e0000>
    80000b48:	00470713          	addi	a4,a4,4
    80000b4c:	0016869b          	addiw	a3,a3,1 # 800001 <__heap_size+0x7e0001>
    80000b50:	fec71ae3          	bne	a4,a2,80000b44 <task_synthetic_malloc+0x2c>
    80000b54:	00000413          	li	s0,0
    80000b58:	0007a703          	lw	a4,0(a5)
    80000b5c:	00478793          	addi	a5,a5,4
    80000b60:	0087043b          	addw	s0,a4,s0
    80000b64:	fec79ae3          	bne	a5,a2,80000b58 <task_synthetic_malloc+0x40>
    80000b68:	110040ef          	jal	80004c78 <free>
    80000b6c:	00813083          	ld	ra,8(sp)
    80000b70:	00040513          	mv	a0,s0
    80000b74:	00013403          	ld	s0,0(sp)
    80000b78:	01010113          	addi	sp,sp,16
    80000b7c:	00008067          	ret
    80000b80:	00006517          	auipc	a0,0x6
    80000b84:	d4050513          	addi	a0,a0,-704 # 800068c0 <__tbss_end+0x98>
    80000b88:	55a040ef          	jal	800050e2 <iprintf>
    80000b8c:	00000513          	li	a0,0
    80000b90:	0b6040ef          	jal	80004c46 <exit>

0000000080000b94 <initialise_board>:
    80000b94:	00000513          	li	a0,0
    80000b98:	00008067          	ret

0000000080000b9c <start_trigger>:
    80000b9c:	00000513          	li	a0,0
    80000ba0:	00008067          	ret

0000000080000ba4 <stop_trigger>:
    80000ba4:	00000513          	li	a0,0
    80000ba8:	00008067          	ret

0000000080000bac <rand_beebs>:
    80000bac:	84018713          	addi	a4,gp,-1984 # 80006ff8 <seed>
    80000bb0:	00073503          	ld	a0,0(a4)
    80000bb4:	41c657b7          	lui	a5,0x41c65
    80000bb8:	e6d78793          	addi	a5,a5,-403 # 41c64e6d <__heap_size+0x41c44e6d>
    80000bbc:	02f50533          	mul	a0,a0,a5
    80000bc0:	000037b7          	lui	a5,0x3
    80000bc4:	03978793          	addi	a5,a5,57 # 3039 <__stack_align+0x3029>
    80000bc8:	00f50533          	add	a0,a0,a5
    80000bcc:	02151513          	slli	a0,a0,0x21
    80000bd0:	02155513          	srli	a0,a0,0x21
    80000bd4:	00a73023          	sd	a0,0(a4)
    80000bd8:	01055513          	srli	a0,a0,0x10
    80000bdc:	00008067          	ret

0000000080000be0 <srand_beebs>:
    80000be0:	02051513          	slli	a0,a0,0x20
    80000be4:	02055513          	srli	a0,a0,0x20
    80000be8:	84a1b023          	sd	a0,-1984(gp) # 80006ff8 <seed>
    80000bec:	00008067          	ret

0000000080000bf0 <init_heap_beebs>:
    80000bf0:	0075f793          	andi	a5,a1,7
    80000bf4:	00079c63          	bnez	a5,80000c0c <init_heap_beebs+0x1c>
    80000bf8:	00b505b3          	add	a1,a0,a1
    80000bfc:	82a1bc23          	sd	a0,-1992(gp) # 80006ff0 <heap_ptr>
    80000c00:	82b1b823          	sd	a1,-2000(gp) # 80006fe8 <heap_end>
    80000c04:	8201b423          	sd	zero,-2008(gp) # 80006fe0 <heap_requested>
    80000c08:	00008067          	ret
    80000c0c:	ff010113          	addi	sp,sp,-16
    80000c10:	00006697          	auipc	a3,0x6
    80000c14:	cd068693          	addi	a3,a3,-816 # 800068e0 <__tbss_end+0xb8>
    80000c18:	00006617          	auipc	a2,0x6
    80000c1c:	dc060613          	addi	a2,a2,-576 # 800069d8 <__func__.0>
    80000c20:	04100593          	li	a1,65
    80000c24:	00006517          	auipc	a0,0x6
    80000c28:	cdc50513          	addi	a0,a0,-804 # 80006900 <__tbss_end+0xd8>
    80000c2c:	00113423          	sd	ra,8(sp)
    80000c30:	7cd030ef          	jal	80004bfc <__assert_func>

0000000080000c34 <check_heap_beebs>:
    80000c34:	8281b783          	ld	a5,-2008(gp) # 80006fe0 <heap_requested>
    80000c38:	00f507b3          	add	a5,a0,a5
    80000c3c:	8301b503          	ld	a0,-2000(gp) # 80006fe8 <heap_end>
    80000c40:	00f53533          	sltu	a0,a0,a5
    80000c44:	00154513          	xori	a0,a0,1
    80000c48:	00008067          	ret

0000000080000c4c <malloc_beebs>:
    80000c4c:	00050793          	mv	a5,a0
    80000c50:	04050a63          	beqz	a0,80000ca4 <malloc_beebs+0x58>
    80000c54:	83818613          	addi	a2,gp,-1992 # 80006ff0 <heap_ptr>
    80000c58:	00063503          	ld	a0,0(a2)
    80000c5c:	82818693          	addi	a3,gp,-2008 # 80006fe0 <heap_requested>
    80000c60:	0006b583          	ld	a1,0(a3)
    80000c64:	00f50733          	add	a4,a0,a5
    80000c68:	00777813          	andi	a6,a4,7
    80000c6c:	00b787b3          	add	a5,a5,a1
    80000c70:	00081c63          	bnez	a6,80000c88 <malloc_beebs+0x3c>
    80000c74:	00f6b023          	sd	a5,0(a3)
    80000c78:	8301b783          	ld	a5,-2000(gp) # 80006fe8 <heap_end>
    80000c7c:	02e7e463          	bltu	a5,a4,80000ca4 <malloc_beebs+0x58>
    80000c80:	00e63023          	sd	a4,0(a2)
    80000c84:	00008067          	ret
    80000c88:	00800593          	li	a1,8
    80000c8c:	410585b3          	sub	a1,a1,a6
    80000c90:	00b787b3          	add	a5,a5,a1
    80000c94:	00f6b023          	sd	a5,0(a3)
    80000c98:	00b70733          	add	a4,a4,a1
    80000c9c:	8301b783          	ld	a5,-2000(gp) # 80006fe8 <heap_end>
    80000ca0:	fee7f0e3          	bgeu	a5,a4,80000c80 <malloc_beebs+0x34>
    80000ca4:	00000513          	li	a0,0
    80000ca8:	00008067          	ret

0000000080000cac <calloc_beebs>:
    80000cac:	02b50633          	mul	a2,a0,a1
    80000cb0:	06060a63          	beqz	a2,80000d24 <calloc_beebs+0x78>
    80000cb4:	83818513          	addi	a0,gp,-1992 # 80006ff0 <heap_ptr>
    80000cb8:	00053783          	ld	a5,0(a0)
    80000cbc:	82818593          	addi	a1,gp,-2008 # 80006fe0 <heap_requested>
    80000cc0:	0005b703          	ld	a4,0(a1)
    80000cc4:	00c786b3          	add	a3,a5,a2
    80000cc8:	0076f893          	andi	a7,a3,7
    80000ccc:	00e60733          	add	a4,a2,a4
    80000cd0:	02089c63          	bnez	a7,80000d08 <calloc_beebs+0x5c>
    80000cd4:	00e5b023          	sd	a4,0(a1)
    80000cd8:	8301b703          	ld	a4,-2000(gp) # 80006fe8 <heap_end>
    80000cdc:	04d76463          	bltu	a4,a3,80000d24 <calloc_beebs+0x78>
    80000ce0:	00d53023          	sd	a3,0(a0)
    80000ce4:	04078263          	beqz	a5,80000d28 <calloc_beebs+0x7c>
    80000ce8:	ff010113          	addi	sp,sp,-16
    80000cec:	00000593          	li	a1,0
    80000cf0:	00078513          	mv	a0,a5
    80000cf4:	00113423          	sd	ra,8(sp)
    80000cf8:	6a6040ef          	jal	8000539e <memset>
    80000cfc:	00813083          	ld	ra,8(sp)
    80000d00:	01010113          	addi	sp,sp,16
    80000d04:	00008067          	ret
    80000d08:	00800813          	li	a6,8
    80000d0c:	41180833          	sub	a6,a6,a7
    80000d10:	01070733          	add	a4,a4,a6
    80000d14:	00e5b023          	sd	a4,0(a1)
    80000d18:	010686b3          	add	a3,a3,a6
    80000d1c:	8301b703          	ld	a4,-2000(gp) # 80006fe8 <heap_end>
    80000d20:	fcd770e3          	bgeu	a4,a3,80000ce0 <calloc_beebs+0x34>
    80000d24:	00000793          	li	a5,0
    80000d28:	00078513          	mv	a0,a5
    80000d2c:	00008067          	ret

0000000080000d30 <realloc_beebs>:
    80000d30:	06050c63          	beqz	a0,80000da8 <realloc_beebs+0x78>
    80000d34:	fe010113          	addi	sp,sp,-32
    80000d38:	00813823          	sd	s0,16(sp)
    80000d3c:	00050413          	mv	s0,a0
    80000d40:	00058513          	mv	a0,a1
    80000d44:	00913423          	sd	s1,8(sp)
    80000d48:	00113c23          	sd	ra,24(sp)
    80000d4c:	00058493          	mv	s1,a1
    80000d50:	efdff0ef          	jal	80000c4c <malloc_beebs>
    80000d54:	02050e63          	beqz	a0,80000d90 <realloc_beebs+0x60>
    80000d58:	00040793          	mv	a5,s0
    80000d5c:	00050713          	mv	a4,a0
    80000d60:	00940633          	add	a2,s0,s1
    80000d64:	00048c63          	beqz	s1,80000d7c <realloc_beebs+0x4c>
    80000d68:	0007c683          	lbu	a3,0(a5)
    80000d6c:	00178793          	addi	a5,a5,1
    80000d70:	00170713          	addi	a4,a4,1
    80000d74:	fed70fa3          	sb	a3,-1(a4)
    80000d78:	fec798e3          	bne	a5,a2,80000d68 <realloc_beebs+0x38>
    80000d7c:	01813083          	ld	ra,24(sp)
    80000d80:	01013403          	ld	s0,16(sp)
    80000d84:	00813483          	ld	s1,8(sp)
    80000d88:	02010113          	addi	sp,sp,32
    80000d8c:	00008067          	ret
    80000d90:	01813083          	ld	ra,24(sp)
    80000d94:	01013403          	ld	s0,16(sp)
    80000d98:	00813483          	ld	s1,8(sp)
    80000d9c:	00000513          	li	a0,0
    80000da0:	02010113          	addi	sp,sp,32
    80000da4:	00008067          	ret
    80000da8:	00000513          	li	a0,0
    80000dac:	00008067          	ret

0000000080000db0 <free_beebs>:
    80000db0:	00008067          	ret

0000000080000db4 <upsampleCb>:
    80000db4:	00151513          	slli	a0,a0,0x1
    80000db8:	92018293          	addi	t0,gp,-1760 # 800070d8 <gCoeffBuf>
    80000dbc:	fe010113          	addi	sp,sp,-32
    80000dc0:	00a282b3          	add	t0,t0,a0
    80000dc4:	9a018f93          	addi	t6,gp,-1632 # 80007158 <gMCUBufG>
    80000dc8:	aa018f13          	addi	t5,gp,-1376 # 80007258 <gMCUBufB>
    80000dcc:	00828893          	addi	a7,t0,8
    80000dd0:	00813c23          	sd	s0,24(sp)
    80000dd4:	00913823          	sd	s1,16(sp)
    80000dd8:	01213423          	sd	s2,8(sp)
    80000ddc:	01313023          	sd	s3,0(sp)
    80000de0:	00bf8fb3          	add	t6,t6,a1
    80000de4:	00bf0f33          	add	t5,t5,a1
    80000de8:	04828293          	addi	t0,t0,72
    80000dec:	05800e93          	li	t4,88
    80000df0:	0ff00513          	li	a0,255
    80000df4:	0c600e13          	li	t3,198
    80000df8:	0ff00393          	li	t2,255
    80000dfc:	fff00313          	li	t1,-1
    80000e00:	ff888813          	addi	a6,a7,-8
    80000e04:	000f0613          	mv	a2,t5
    80000e08:	000f8693          	mv	a3,t6
    80000e0c:	00081403          	lh	s0,0(a6)
    80000e10:	0006c583          	lbu	a1,0(a3)
    80000e14:	0016c483          	lbu	s1,1(a3)
    80000e18:	0ff47793          	zext.b	a5,s0
    80000e1c:	02fe873b          	mulw	a4,t4,a5
    80000e20:	00280813          	addi	a6,a6,2
    80000e24:	0087571b          	srliw	a4,a4,0x8
    80000e28:	fd47071b          	addiw	a4,a4,-44
    80000e2c:	03071713          	slli	a4,a4,0x30
    80000e30:	03075713          	srli	a4,a4,0x30
    80000e34:	40e585bb          	subw	a1,a1,a4
    80000e38:	40e484bb          	subw	s1,s1,a4
    80000e3c:	03059593          	slli	a1,a1,0x30
    80000e40:	03049493          	slli	s1,s1,0x30
    80000e44:	0305d593          	srli	a1,a1,0x30
    80000e48:	0304d493          	srli	s1,s1,0x30
    80000e4c:	22b57c63          	bgeu	a0,a1,80001084 <upsampleCb+0x2d0>
    80000e50:	0105991b          	slliw	s2,a1,0x10
    80000e54:	4109591b          	sraiw	s2,s2,0x10
    80000e58:	02091993          	slli	s3,s2,0x20
    80000e5c:	00000593          	li	a1,0
    80000e60:	1c09d863          	bgez	s3,80001030 <upsampleCb+0x27c>
    80000e64:	00b68023          	sb	a1,0(a3)
    80000e68:	20957a63          	bgeu	a0,s1,8000107c <upsampleCb+0x2c8>
    80000e6c:	0104959b          	slliw	a1,s1,0x10
    80000e70:	4105d59b          	sraiw	a1,a1,0x10
    80000e74:	02059913          	slli	s2,a1,0x20
    80000e78:	00000493          	li	s1,0
    80000e7c:	1a095e63          	bgez	s2,80001038 <upsampleCb+0x284>
    80000e80:	0086c583          	lbu	a1,8(a3)
    80000e84:	009680a3          	sb	s1,1(a3)
    80000e88:	40e585bb          	subw	a1,a1,a4
    80000e8c:	03059593          	slli	a1,a1,0x30
    80000e90:	0305d593          	srli	a1,a1,0x30
    80000e94:	1eb57063          	bgeu	a0,a1,80001074 <upsampleCb+0x2c0>
    80000e98:	0105959b          	slliw	a1,a1,0x10
    80000e9c:	4105d59b          	sraiw	a1,a1,0x10
    80000ea0:	02059913          	slli	s2,a1,0x20
    80000ea4:	00000493          	li	s1,0
    80000ea8:	1a095463          	bgez	s2,80001050 <upsampleCb+0x29c>
    80000eac:	0096c583          	lbu	a1,9(a3)
    80000eb0:	00968423          	sb	s1,8(a3)
    80000eb4:	40e5873b          	subw	a4,a1,a4
    80000eb8:	03071713          	slli	a4,a4,0x30
    80000ebc:	03075713          	srli	a4,a4,0x30
    80000ec0:	1ae57663          	bgeu	a0,a4,8000106c <upsampleCb+0x2b8>
    80000ec4:	00f75713          	srli	a4,a4,0xf
    80000ec8:	00173713          	seqz	a4,a4
    80000ecc:	40e0073b          	negw	a4,a4
    80000ed0:	0ff77493          	zext.b	s1,a4
    80000ed4:	02fe07bb          	mulw	a5,t3,a5
    80000ed8:	0ff47413          	zext.b	s0,s0
    80000edc:	f1d4041b          	addiw	s0,s0,-227
    80000ee0:	00064703          	lbu	a4,0(a2)
    80000ee4:	00164583          	lbu	a1,1(a2)
    80000ee8:	009684a3          	sb	s1,9(a3)
    80000eec:	0087d79b          	srliw	a5,a5,0x8
    80000ef0:	008787bb          	addw	a5,a5,s0
    80000ef4:	03079793          	slli	a5,a5,0x30
    80000ef8:	0307d793          	srli	a5,a5,0x30
    80000efc:	00f7073b          	addw	a4,a4,a5
    80000f00:	00f585bb          	addw	a1,a1,a5
    80000f04:	03071713          	slli	a4,a4,0x30
    80000f08:	03059593          	slli	a1,a1,0x30
    80000f0c:	03075713          	srli	a4,a4,0x30
    80000f10:	0305d593          	srli	a1,a1,0x30
    80000f14:	10e57a63          	bgeu	a0,a4,80001028 <upsampleCb+0x274>
    80000f18:	0107141b          	slliw	s0,a4,0x10
    80000f1c:	4104541b          	sraiw	s0,s0,0x10
    80000f20:	02041493          	slli	s1,s0,0x20
    80000f24:	00000713          	li	a4,0
    80000f28:	0a04d663          	bgez	s1,80000fd4 <upsampleCb+0x220>
    80000f2c:	00e60023          	sb	a4,0(a2)
    80000f30:	0eb57863          	bgeu	a0,a1,80001020 <upsampleCb+0x26c>
    80000f34:	0105971b          	slliw	a4,a1,0x10
    80000f38:	4107571b          	sraiw	a4,a4,0x10
    80000f3c:	02071413          	slli	s0,a4,0x20
    80000f40:	00000593          	li	a1,0
    80000f44:	08045c63          	bgez	s0,80000fdc <upsampleCb+0x228>
    80000f48:	00864703          	lbu	a4,8(a2)
    80000f4c:	00b600a3          	sb	a1,1(a2)
    80000f50:	00f7073b          	addw	a4,a4,a5
    80000f54:	03071713          	slli	a4,a4,0x30
    80000f58:	03075713          	srli	a4,a4,0x30
    80000f5c:	0ae57e63          	bgeu	a0,a4,80001018 <upsampleCb+0x264>
    80000f60:	0107171b          	slliw	a4,a4,0x10
    80000f64:	4107571b          	sraiw	a4,a4,0x10
    80000f68:	02071413          	slli	s0,a4,0x20
    80000f6c:	00000593          	li	a1,0
    80000f70:	08045263          	bgez	s0,80000ff4 <upsampleCb+0x240>
    80000f74:	00964703          	lbu	a4,9(a2)
    80000f78:	00b60423          	sb	a1,8(a2)
    80000f7c:	00f707bb          	addw	a5,a4,a5
    80000f80:	03079793          	slli	a5,a5,0x30
    80000f84:	0307d793          	srli	a5,a5,0x30
    80000f88:	08f57463          	bgeu	a0,a5,80001010 <upsampleCb+0x25c>
    80000f8c:	00f7d793          	srli	a5,a5,0xf
    80000f90:	0017b793          	seqz	a5,a5
    80000f94:	40f007bb          	negw	a5,a5
    80000f98:	0ff7f593          	zext.b	a1,a5
    80000f9c:	00b604a3          	sb	a1,9(a2)
    80000fa0:	00268693          	addi	a3,a3,2
    80000fa4:	00260613          	addi	a2,a2,2
    80000fa8:	e71812e3          	bne	a6,a7,80000e0c <upsampleCb+0x58>
    80000fac:	01080893          	addi	a7,a6,16
    80000fb0:	010f8f93          	addi	t6,t6,16
    80000fb4:	010f0f13          	addi	t5,t5,16
    80000fb8:	e51294e3          	bne	t0,a7,80000e00 <upsampleCb+0x4c>
    80000fbc:	01813403          	ld	s0,24(sp)
    80000fc0:	01013483          	ld	s1,16(sp)
    80000fc4:	00813903          	ld	s2,8(sp)
    80000fc8:	00013983          	ld	s3,0(sp)
    80000fcc:	02010113          	addi	sp,sp,32
    80000fd0:	00008067          	ret
    80000fd4:	00660023          	sb	t1,0(a2)
    80000fd8:	04b3f463          	bgeu	t2,a1,80001020 <upsampleCb+0x26c>
    80000fdc:	00864703          	lbu	a4,8(a2)
    80000fe0:	006600a3          	sb	t1,1(a2)
    80000fe4:	00f7073b          	addw	a4,a4,a5
    80000fe8:	03071713          	slli	a4,a4,0x30
    80000fec:	03075713          	srli	a4,a4,0x30
    80000ff0:	02e57463          	bgeu	a0,a4,80001018 <upsampleCb+0x264>
    80000ff4:	00964703          	lbu	a4,9(a2)
    80000ff8:	00660423          	sb	t1,8(a2)
    80000ffc:	0ff00593          	li	a1,255
    80001000:	00f707bb          	addw	a5,a4,a5
    80001004:	03079793          	slli	a5,a5,0x30
    80001008:	0307d793          	srli	a5,a5,0x30
    8000100c:	f8f568e3          	bltu	a0,a5,80000f9c <upsampleCb+0x1e8>
    80001010:	0ff7f593          	zext.b	a1,a5
    80001014:	f89ff06f          	j	80000f9c <upsampleCb+0x1e8>
    80001018:	0ff77593          	zext.b	a1,a4
    8000101c:	f59ff06f          	j	80000f74 <upsampleCb+0x1c0>
    80001020:	0ff5f593          	zext.b	a1,a1
    80001024:	f25ff06f          	j	80000f48 <upsampleCb+0x194>
    80001028:	0ff77713          	zext.b	a4,a4
    8000102c:	f01ff06f          	j	80000f2c <upsampleCb+0x178>
    80001030:	00668023          	sb	t1,0(a3)
    80001034:	04957463          	bgeu	a0,s1,8000107c <upsampleCb+0x2c8>
    80001038:	0086c583          	lbu	a1,8(a3)
    8000103c:	006680a3          	sb	t1,1(a3)
    80001040:	40e585bb          	subw	a1,a1,a4
    80001044:	03059593          	slli	a1,a1,0x30
    80001048:	0305d593          	srli	a1,a1,0x30
    8000104c:	02b57463          	bgeu	a0,a1,80001074 <upsampleCb+0x2c0>
    80001050:	0096c583          	lbu	a1,9(a3)
    80001054:	00668423          	sb	t1,8(a3)
    80001058:	0ff00493          	li	s1,255
    8000105c:	40e5873b          	subw	a4,a1,a4
    80001060:	03071713          	slli	a4,a4,0x30
    80001064:	03075713          	srli	a4,a4,0x30
    80001068:	e6e566e3          	bltu	a0,a4,80000ed4 <upsampleCb+0x120>
    8000106c:	0ff77493          	zext.b	s1,a4
    80001070:	e65ff06f          	j	80000ed4 <upsampleCb+0x120>
    80001074:	0ff5f493          	zext.b	s1,a1
    80001078:	e35ff06f          	j	80000eac <upsampleCb+0xf8>
    8000107c:	0ff4f493          	zext.b	s1,s1
    80001080:	e01ff06f          	j	80000e80 <upsampleCb+0xcc>
    80001084:	0ff5f593          	zext.b	a1,a1
    80001088:	dddff06f          	j	80000e64 <upsampleCb+0xb0>

000000008000108c <upsampleCbH>:
    8000108c:	00151513          	slli	a0,a0,0x1
    80001090:	92018f93          	addi	t6,gp,-1760 # 800070d8 <gCoeffBuf>
    80001094:	fe010113          	addi	sp,sp,-32
    80001098:	00af8fb3          	add	t6,t6,a0
    8000109c:	9a018e93          	addi	t4,gp,-1632 # 80007158 <gMCUBufG>
    800010a0:	aa018e13          	addi	t3,gp,-1376 # 80007258 <gMCUBufB>
    800010a4:	008f8813          	addi	a6,t6,8
    800010a8:	00813c23          	sd	s0,24(sp)
    800010ac:	00913823          	sd	s1,16(sp)
    800010b0:	01213423          	sd	s2,8(sp)
    800010b4:	00be8eb3          	add	t4,t4,a1
    800010b8:	00be0e33          	add	t3,t3,a1
    800010bc:	088f8f93          	addi	t6,t6,136
    800010c0:	05800313          	li	t1,88
    800010c4:	0ff00513          	li	a0,255
    800010c8:	0c600893          	li	a7,198
    800010cc:	0ff00293          	li	t0,255
    800010d0:	fff00f13          	li	t5,-1
    800010d4:	ff880593          	addi	a1,a6,-8
    800010d8:	000e0613          	mv	a2,t3
    800010dc:	000e8693          	mv	a3,t4
    800010e0:	00059483          	lh	s1,0(a1)
    800010e4:	0006c403          	lbu	s0,0(a3)
    800010e8:	0016c703          	lbu	a4,1(a3)
    800010ec:	0ff4f793          	zext.b	a5,s1
    800010f0:	02f303bb          	mulw	t2,t1,a5
    800010f4:	00258593          	addi	a1,a1,2
    800010f8:	0083d39b          	srliw	t2,t2,0x8
    800010fc:	fd43839b          	addiw	t2,t2,-44
    80001100:	03039393          	slli	t2,t2,0x30
    80001104:	0303d393          	srli	t2,t2,0x30
    80001108:	4074043b          	subw	s0,s0,t2
    8000110c:	4077073b          	subw	a4,a4,t2
    80001110:	03041393          	slli	t2,s0,0x30
    80001114:	03071713          	slli	a4,a4,0x30
    80001118:	0303d393          	srli	t2,t2,0x30
    8000111c:	03075713          	srli	a4,a4,0x30
    80001120:	10757263          	bgeu	a0,t2,80001224 <upsampleCbH+0x198>
    80001124:	0103941b          	slliw	s0,t2,0x10
    80001128:	4104541b          	sraiw	s0,s0,0x10
    8000112c:	02041913          	slli	s2,s0,0x20
    80001130:	00000393          	li	t2,0
    80001134:	0c095e63          	bgez	s2,80001210 <upsampleCbH+0x184>
    80001138:	00768023          	sb	t2,0(a3)
    8000113c:	0ee57063          	bgeu	a0,a4,8000121c <upsampleCbH+0x190>
    80001140:	00f75713          	srli	a4,a4,0xf
    80001144:	00173713          	seqz	a4,a4
    80001148:	40e0073b          	negw	a4,a4
    8000114c:	0ff77413          	zext.b	s0,a4
    80001150:	02f887bb          	mulw	a5,a7,a5
    80001154:	0ff4f493          	zext.b	s1,s1
    80001158:	f1d4849b          	addiw	s1,s1,-227
    8000115c:	00064383          	lbu	t2,0(a2)
    80001160:	00164703          	lbu	a4,1(a2)
    80001164:	008680a3          	sb	s0,1(a3)
    80001168:	0087d79b          	srliw	a5,a5,0x8
    8000116c:	009787bb          	addw	a5,a5,s1
    80001170:	03079793          	slli	a5,a5,0x30
    80001174:	0307d793          	srli	a5,a5,0x30
    80001178:	00f383bb          	addw	t2,t2,a5
    8000117c:	00f707bb          	addw	a5,a4,a5
    80001180:	03039713          	slli	a4,t2,0x30
    80001184:	03079793          	slli	a5,a5,0x30
    80001188:	03075713          	srli	a4,a4,0x30
    8000118c:	0307d793          	srli	a5,a5,0x30
    80001190:	06e57c63          	bgeu	a0,a4,80001208 <upsampleCbH+0x17c>
    80001194:	0107139b          	slliw	t2,a4,0x10
    80001198:	4103d39b          	sraiw	t2,t2,0x10
    8000119c:	02039413          	slli	s0,t2,0x20
    800011a0:	00000713          	li	a4,0
    800011a4:	04045863          	bgez	s0,800011f4 <upsampleCbH+0x168>
    800011a8:	00e60023          	sb	a4,0(a2)
    800011ac:	04f57a63          	bgeu	a0,a5,80001200 <upsampleCbH+0x174>
    800011b0:	00f7d793          	srli	a5,a5,0xf
    800011b4:	0017b793          	seqz	a5,a5
    800011b8:	40f007bb          	negw	a5,a5
    800011bc:	0ff7f713          	zext.b	a4,a5
    800011c0:	00e600a3          	sb	a4,1(a2)
    800011c4:	00268693          	addi	a3,a3,2
    800011c8:	00260613          	addi	a2,a2,2
    800011cc:	f1059ae3          	bne	a1,a6,800010e0 <upsampleCbH+0x54>
    800011d0:	01058813          	addi	a6,a1,16
    800011d4:	008e8e93          	addi	t4,t4,8
    800011d8:	008e0e13          	addi	t3,t3,8
    800011dc:	ef0f9ce3          	bne	t6,a6,800010d4 <upsampleCbH+0x48>
    800011e0:	01813403          	ld	s0,24(sp)
    800011e4:	01013483          	ld	s1,16(sp)
    800011e8:	00813903          	ld	s2,8(sp)
    800011ec:	02010113          	addi	sp,sp,32
    800011f0:	00008067          	ret
    800011f4:	01e60023          	sb	t5,0(a2)
    800011f8:	0ff00713          	li	a4,255
    800011fc:	fcf2e2e3          	bltu	t0,a5,800011c0 <upsampleCbH+0x134>
    80001200:	0ff7f713          	zext.b	a4,a5
    80001204:	fbdff06f          	j	800011c0 <upsampleCbH+0x134>
    80001208:	0ff77713          	zext.b	a4,a4
    8000120c:	f9dff06f          	j	800011a8 <upsampleCbH+0x11c>
    80001210:	01e68023          	sb	t5,0(a3)
    80001214:	0ff00413          	li	s0,255
    80001218:	f2e56ce3          	bltu	a0,a4,80001150 <upsampleCbH+0xc4>
    8000121c:	0ff77413          	zext.b	s0,a4
    80001220:	f31ff06f          	j	80001150 <upsampleCbH+0xc4>
    80001224:	0ff3f393          	zext.b	t2,t2
    80001228:	f11ff06f          	j	80001138 <upsampleCbH+0xac>

000000008000122c <upsampleCbV>:
    8000122c:	9a018e13          	addi	t3,gp,-1632 # 80007158 <gMCUBufG>
    80001230:	ff010113          	addi	sp,sp,-16
    80001234:	00151813          	slli	a6,a0,0x1
    80001238:	00be0e33          	add	t3,t3,a1
    8000123c:	aa018f13          	addi	t5,gp,-1376 # 80007258 <gMCUBufB>
    80001240:	93018793          	addi	a5,gp,-1744 # 800070e8 <gCoeffBuf+0x10>
    80001244:	00813423          	sd	s0,8(sp)
    80001248:	00913023          	sd	s1,0(sp)
    8000124c:	00bf0f33          	add	t5,t5,a1
    80001250:	00f80833          	add	a6,a6,a5
    80001254:	040e0f93          	addi	t6,t3,64
    80001258:	05800313          	li	t1,88
    8000125c:	0ff00513          	li	a0,255
    80001260:	fff00e93          	li	t4,-1
    80001264:	0c600893          	li	a7,198
    80001268:	ff080593          	addi	a1,a6,-16
    8000126c:	000f0613          	mv	a2,t5
    80001270:	000e0693          	mv	a3,t3
    80001274:	0b00006f          	j	80001324 <upsampleCbV+0xf8>
    80001278:	0102939b          	slliw	t2,t0,0x10
    8000127c:	4103d39b          	sraiw	t2,t2,0x10
    80001280:	02039493          	slli	s1,t2,0x20
    80001284:	00000293          	li	t0,0
    80001288:	1204de63          	bgez	s1,800013c4 <upsampleCbV+0x198>
    8000128c:	00568023          	sb	t0,0(a3)
    80001290:	0ee57263          	bgeu	a0,a4,80001374 <upsampleCbV+0x148>
    80001294:	00f75713          	srli	a4,a4,0xf
    80001298:	00173713          	seqz	a4,a4
    8000129c:	40e0073b          	negw	a4,a4
    800012a0:	0ff77393          	zext.b	t2,a4
    800012a4:	02f887bb          	mulw	a5,a7,a5
    800012a8:	0ff47413          	zext.b	s0,s0
    800012ac:	f1d4041b          	addiw	s0,s0,-227
    800012b0:	00064283          	lbu	t0,0(a2)
    800012b4:	00864703          	lbu	a4,8(a2)
    800012b8:	00768423          	sb	t2,8(a3)
    800012bc:	0087d79b          	srliw	a5,a5,0x8
    800012c0:	008787bb          	addw	a5,a5,s0
    800012c4:	03079793          	slli	a5,a5,0x30
    800012c8:	0307d793          	srli	a5,a5,0x30
    800012cc:	00f282bb          	addw	t0,t0,a5
    800012d0:	00f707bb          	addw	a5,a4,a5
    800012d4:	03029713          	slli	a4,t0,0x30
    800012d8:	03079793          	slli	a5,a5,0x30
    800012dc:	03075713          	srli	a4,a4,0x30
    800012e0:	0307d793          	srli	a5,a5,0x30
    800012e4:	0ce57c63          	bgeu	a0,a4,800013bc <upsampleCbV+0x190>
    800012e8:	0107129b          	slliw	t0,a4,0x10
    800012ec:	4102d29b          	sraiw	t0,t0,0x10
    800012f0:	02029393          	slli	t2,t0,0x20
    800012f4:	00000713          	li	a4,0
    800012f8:	0803d263          	bgez	t2,8000137c <upsampleCbV+0x150>
    800012fc:	00e60023          	sb	a4,0(a2)
    80001300:	08f57463          	bgeu	a0,a5,80001388 <upsampleCbV+0x15c>
    80001304:	00f7d793          	srli	a5,a5,0xf
    80001308:	0017b793          	seqz	a5,a5
    8000130c:	40f007bb          	negw	a5,a5
    80001310:	0ff7f713          	zext.b	a4,a5
    80001314:	00e60423          	sb	a4,8(a2)
    80001318:	00168693          	addi	a3,a3,1
    8000131c:	00160613          	addi	a2,a2,1
    80001320:	07058e63          	beq	a1,a6,8000139c <upsampleCbV+0x170>
    80001324:	00059403          	lh	s0,0(a1)
    80001328:	0006c383          	lbu	t2,0(a3)
    8000132c:	0086c703          	lbu	a4,8(a3)
    80001330:	0ff47793          	zext.b	a5,s0
    80001334:	02f302bb          	mulw	t0,t1,a5
    80001338:	00258593          	addi	a1,a1,2
    8000133c:	0082d29b          	srliw	t0,t0,0x8
    80001340:	fd42829b          	addiw	t0,t0,-44
    80001344:	03029293          	slli	t0,t0,0x30
    80001348:	0302d293          	srli	t0,t0,0x30
    8000134c:	405383bb          	subw	t2,t2,t0
    80001350:	4057073b          	subw	a4,a4,t0
    80001354:	03039293          	slli	t0,t2,0x30
    80001358:	03071713          	slli	a4,a4,0x30
    8000135c:	0302d293          	srli	t0,t0,0x30
    80001360:	03075713          	srli	a4,a4,0x30
    80001364:	f0556ae3          	bltu	a0,t0,80001278 <upsampleCbV+0x4c>
    80001368:	0ff2f293          	zext.b	t0,t0
    8000136c:	00568023          	sb	t0,0(a3)
    80001370:	f2e562e3          	bltu	a0,a4,80001294 <upsampleCbV+0x68>
    80001374:	0ff77393          	zext.b	t2,a4
    80001378:	f2dff06f          	j	800012a4 <upsampleCbV+0x78>
    8000137c:	01d60023          	sb	t4,0(a2)
    80001380:	0ff00713          	li	a4,255
    80001384:	f8f568e3          	bltu	a0,a5,80001314 <upsampleCbV+0xe8>
    80001388:	0ff7f713          	zext.b	a4,a5
    8000138c:	00e60423          	sb	a4,8(a2)
    80001390:	00168693          	addi	a3,a3,1
    80001394:	00160613          	addi	a2,a2,1
    80001398:	f90596e3          	bne	a1,a6,80001324 <upsampleCbV+0xf8>
    8000139c:	010e0e13          	addi	t3,t3,16
    800013a0:	010f0f13          	addi	t5,t5,16
    800013a4:	01058813          	addi	a6,a1,16
    800013a8:	edfe10e3          	bne	t3,t6,80001268 <upsampleCbV+0x3c>
    800013ac:	00813403          	ld	s0,8(sp)
    800013b0:	00013483          	ld	s1,0(sp)
    800013b4:	01010113          	addi	sp,sp,16
    800013b8:	00008067          	ret
    800013bc:	0ff77713          	zext.b	a4,a4
    800013c0:	f3dff06f          	j	800012fc <upsampleCbV+0xd0>
    800013c4:	01d68023          	sb	t4,0(a3)
    800013c8:	0ff00393          	li	t2,255
    800013cc:	ece56ce3          	bltu	a0,a4,800012a4 <upsampleCbV+0x78>
    800013d0:	0ff77393          	zext.b	t2,a4
    800013d4:	ed1ff06f          	j	800012a4 <upsampleCbV+0x78>

00000000800013d8 <upsampleCr>:
    800013d8:	00151513          	slli	a0,a0,0x1
    800013dc:	92018293          	addi	t0,gp,-1760 # 800070d8 <gCoeffBuf>
    800013e0:	fe010113          	addi	sp,sp,-32
    800013e4:	00a282b3          	add	t0,t0,a0
    800013e8:	ba018f93          	addi	t6,gp,-1120 # 80007358 <gMCUBufR>
    800013ec:	9a018f13          	addi	t5,gp,-1632 # 80007158 <gMCUBufG>
    800013f0:	00828893          	addi	a7,t0,8
    800013f4:	00813c23          	sd	s0,24(sp)
    800013f8:	00913823          	sd	s1,16(sp)
    800013fc:	01213423          	sd	s2,8(sp)
    80001400:	00bf8fb3          	add	t6,t6,a1
    80001404:	00bf0f33          	add	t5,t5,a1
    80001408:	04828293          	addi	t0,t0,72
    8000140c:	06700e93          	li	t4,103
    80001410:	0ff00513          	li	a0,255
    80001414:	0b700e13          	li	t3,183
    80001418:	0ff00393          	li	t2,255
    8000141c:	fff00313          	li	t1,-1
    80001420:	ff888813          	addi	a6,a7,-8
    80001424:	000f0613          	mv	a2,t5
    80001428:	000f8693          	mv	a3,t6
    8000142c:	00081483          	lh	s1,0(a6)
    80001430:	0006c583          	lbu	a1,0(a3)
    80001434:	0016c403          	lbu	s0,1(a3)
    80001438:	0ff4f793          	zext.b	a5,s1
    8000143c:	02fe873b          	mulw	a4,t4,a5
    80001440:	0ff4f493          	zext.b	s1,s1
    80001444:	f4d4849b          	addiw	s1,s1,-179
    80001448:	00280813          	addi	a6,a6,2
    8000144c:	0087571b          	srliw	a4,a4,0x8
    80001450:	0097073b          	addw	a4,a4,s1
    80001454:	03071713          	slli	a4,a4,0x30
    80001458:	03075713          	srli	a4,a4,0x30
    8000145c:	00e585bb          	addw	a1,a1,a4
    80001460:	00e4043b          	addw	s0,s0,a4
    80001464:	03059593          	slli	a1,a1,0x30
    80001468:	03041413          	slli	s0,s0,0x30
    8000146c:	0305d593          	srli	a1,a1,0x30
    80001470:	03045413          	srli	s0,s0,0x30
    80001474:	22b57663          	bgeu	a0,a1,800016a0 <upsampleCr+0x2c8>
    80001478:	0105949b          	slliw	s1,a1,0x10
    8000147c:	4104d49b          	sraiw	s1,s1,0x10
    80001480:	02049913          	slli	s2,s1,0x20
    80001484:	00000593          	li	a1,0
    80001488:	1c095263          	bgez	s2,8000164c <upsampleCr+0x274>
    8000148c:	00b68023          	sb	a1,0(a3)
    80001490:	20857463          	bgeu	a0,s0,80001698 <upsampleCr+0x2c0>
    80001494:	0104159b          	slliw	a1,s0,0x10
    80001498:	4105d59b          	sraiw	a1,a1,0x10
    8000149c:	02059493          	slli	s1,a1,0x20
    800014a0:	00000413          	li	s0,0
    800014a4:	1a04d863          	bgez	s1,80001654 <upsampleCr+0x27c>
    800014a8:	0086c583          	lbu	a1,8(a3)
    800014ac:	008680a3          	sb	s0,1(a3)
    800014b0:	00e585bb          	addw	a1,a1,a4
    800014b4:	03059593          	slli	a1,a1,0x30
    800014b8:	0305d593          	srli	a1,a1,0x30
    800014bc:	1cb57a63          	bgeu	a0,a1,80001690 <upsampleCr+0x2b8>
    800014c0:	0105959b          	slliw	a1,a1,0x10
    800014c4:	4105d59b          	sraiw	a1,a1,0x10
    800014c8:	02059493          	slli	s1,a1,0x20
    800014cc:	00000413          	li	s0,0
    800014d0:	1804de63          	bgez	s1,8000166c <upsampleCr+0x294>
    800014d4:	0096c583          	lbu	a1,9(a3)
    800014d8:	00868423          	sb	s0,8(a3)
    800014dc:	00e5873b          	addw	a4,a1,a4
    800014e0:	03071713          	slli	a4,a4,0x30
    800014e4:	03075713          	srli	a4,a4,0x30
    800014e8:	1ae57063          	bgeu	a0,a4,80001688 <upsampleCr+0x2b0>
    800014ec:	00f75713          	srli	a4,a4,0xf
    800014f0:	00173713          	seqz	a4,a4
    800014f4:	40e0073b          	negw	a4,a4
    800014f8:	0ff77413          	zext.b	s0,a4
    800014fc:	02fe07bb          	mulw	a5,t3,a5
    80001500:	00064703          	lbu	a4,0(a2)
    80001504:	00164583          	lbu	a1,1(a2)
    80001508:	008684a3          	sb	s0,9(a3)
    8000150c:	0087d79b          	srliw	a5,a5,0x8
    80001510:	fa57879b          	addiw	a5,a5,-91
    80001514:	03079793          	slli	a5,a5,0x30
    80001518:	0307d793          	srli	a5,a5,0x30
    8000151c:	40f7073b          	subw	a4,a4,a5
    80001520:	40f585bb          	subw	a1,a1,a5
    80001524:	03071713          	slli	a4,a4,0x30
    80001528:	03059593          	slli	a1,a1,0x30
    8000152c:	03075713          	srli	a4,a4,0x30
    80001530:	0305d593          	srli	a1,a1,0x30
    80001534:	10e57863          	bgeu	a0,a4,80001644 <upsampleCr+0x26c>
    80001538:	0107141b          	slliw	s0,a4,0x10
    8000153c:	4104541b          	sraiw	s0,s0,0x10
    80001540:	02041493          	slli	s1,s0,0x20
    80001544:	00000713          	li	a4,0
    80001548:	0a04d463          	bgez	s1,800015f0 <upsampleCr+0x218>
    8000154c:	00e60023          	sb	a4,0(a2)
    80001550:	0eb57663          	bgeu	a0,a1,8000163c <upsampleCr+0x264>
    80001554:	0105971b          	slliw	a4,a1,0x10
    80001558:	4107571b          	sraiw	a4,a4,0x10
    8000155c:	02071413          	slli	s0,a4,0x20
    80001560:	00000593          	li	a1,0
    80001564:	08045a63          	bgez	s0,800015f8 <upsampleCr+0x220>
    80001568:	00864703          	lbu	a4,8(a2)
    8000156c:	00b600a3          	sb	a1,1(a2)
    80001570:	40f7073b          	subw	a4,a4,a5
    80001574:	03071713          	slli	a4,a4,0x30
    80001578:	03075713          	srli	a4,a4,0x30
    8000157c:	0ae57c63          	bgeu	a0,a4,80001634 <upsampleCr+0x25c>
    80001580:	0107171b          	slliw	a4,a4,0x10
    80001584:	4107571b          	sraiw	a4,a4,0x10
    80001588:	02071413          	slli	s0,a4,0x20
    8000158c:	00000593          	li	a1,0
    80001590:	08045063          	bgez	s0,80001610 <upsampleCr+0x238>
    80001594:	00964703          	lbu	a4,9(a2)
    80001598:	00b60423          	sb	a1,8(a2)
    8000159c:	40f707bb          	subw	a5,a4,a5
    800015a0:	03079793          	slli	a5,a5,0x30
    800015a4:	0307d793          	srli	a5,a5,0x30
    800015a8:	08f57263          	bgeu	a0,a5,8000162c <upsampleCr+0x254>
    800015ac:	00f7d793          	srli	a5,a5,0xf
    800015b0:	0017b793          	seqz	a5,a5
    800015b4:	40f007bb          	negw	a5,a5
    800015b8:	0ff7f593          	zext.b	a1,a5
    800015bc:	00b604a3          	sb	a1,9(a2)
    800015c0:	00268693          	addi	a3,a3,2
    800015c4:	00260613          	addi	a2,a2,2
    800015c8:	e71812e3          	bne	a6,a7,8000142c <upsampleCr+0x54>
    800015cc:	01080893          	addi	a7,a6,16
    800015d0:	010f8f93          	addi	t6,t6,16
    800015d4:	010f0f13          	addi	t5,t5,16
    800015d8:	e51294e3          	bne	t0,a7,80001420 <upsampleCr+0x48>
    800015dc:	01813403          	ld	s0,24(sp)
    800015e0:	01013483          	ld	s1,16(sp)
    800015e4:	00813903          	ld	s2,8(sp)
    800015e8:	02010113          	addi	sp,sp,32
    800015ec:	00008067          	ret
    800015f0:	00660023          	sb	t1,0(a2)
    800015f4:	04b3f463          	bgeu	t2,a1,8000163c <upsampleCr+0x264>
    800015f8:	00864703          	lbu	a4,8(a2)
    800015fc:	006600a3          	sb	t1,1(a2)
    80001600:	40f7073b          	subw	a4,a4,a5
    80001604:	03071713          	slli	a4,a4,0x30
    80001608:	03075713          	srli	a4,a4,0x30
    8000160c:	02e57463          	bgeu	a0,a4,80001634 <upsampleCr+0x25c>
    80001610:	00964703          	lbu	a4,9(a2)
    80001614:	00660423          	sb	t1,8(a2)
    80001618:	0ff00593          	li	a1,255
    8000161c:	40f707bb          	subw	a5,a4,a5
    80001620:	03079793          	slli	a5,a5,0x30
    80001624:	0307d793          	srli	a5,a5,0x30
    80001628:	f8f56ae3          	bltu	a0,a5,800015bc <upsampleCr+0x1e4>
    8000162c:	0ff7f593          	zext.b	a1,a5
    80001630:	f8dff06f          	j	800015bc <upsampleCr+0x1e4>
    80001634:	0ff77593          	zext.b	a1,a4
    80001638:	f5dff06f          	j	80001594 <upsampleCr+0x1bc>
    8000163c:	0ff5f593          	zext.b	a1,a1
    80001640:	f29ff06f          	j	80001568 <upsampleCr+0x190>
    80001644:	0ff77713          	zext.b	a4,a4
    80001648:	f05ff06f          	j	8000154c <upsampleCr+0x174>
    8000164c:	00668023          	sb	t1,0(a3)
    80001650:	04857463          	bgeu	a0,s0,80001698 <upsampleCr+0x2c0>
    80001654:	0086c583          	lbu	a1,8(a3)
    80001658:	006680a3          	sb	t1,1(a3)
    8000165c:	00e585bb          	addw	a1,a1,a4
    80001660:	03059593          	slli	a1,a1,0x30
    80001664:	0305d593          	srli	a1,a1,0x30
    80001668:	02b57463          	bgeu	a0,a1,80001690 <upsampleCr+0x2b8>
    8000166c:	0096c583          	lbu	a1,9(a3)
    80001670:	00668423          	sb	t1,8(a3)
    80001674:	0ff00413          	li	s0,255
    80001678:	00e5873b          	addw	a4,a1,a4
    8000167c:	03071713          	slli	a4,a4,0x30
    80001680:	03075713          	srli	a4,a4,0x30
    80001684:	e6e56ce3          	bltu	a0,a4,800014fc <upsampleCr+0x124>
    80001688:	0ff77413          	zext.b	s0,a4
    8000168c:	e71ff06f          	j	800014fc <upsampleCr+0x124>
    80001690:	0ff5f413          	zext.b	s0,a1
    80001694:	e41ff06f          	j	800014d4 <upsampleCr+0xfc>
    80001698:	0ff47413          	zext.b	s0,s0
    8000169c:	e0dff06f          	j	800014a8 <upsampleCr+0xd0>
    800016a0:	0ff5f593          	zext.b	a1,a1
    800016a4:	de9ff06f          	j	8000148c <upsampleCr+0xb4>

00000000800016a8 <upsampleCrH>:
    800016a8:	00151513          	slli	a0,a0,0x1
    800016ac:	92018f93          	addi	t6,gp,-1760 # 800070d8 <gCoeffBuf>
    800016b0:	00af8fb3          	add	t6,t6,a0
    800016b4:	ff010113          	addi	sp,sp,-16
    800016b8:	ba018e93          	addi	t4,gp,-1120 # 80007358 <gMCUBufR>
    800016bc:	9a018e13          	addi	t3,gp,-1632 # 80007158 <gMCUBufG>
    800016c0:	008f8813          	addi	a6,t6,8
    800016c4:	00813423          	sd	s0,8(sp)
    800016c8:	00913023          	sd	s1,0(sp)
    800016cc:	00be8eb3          	add	t4,t4,a1
    800016d0:	00be0e33          	add	t3,t3,a1
    800016d4:	088f8f93          	addi	t6,t6,136
    800016d8:	06700313          	li	t1,103
    800016dc:	0ff00513          	li	a0,255
    800016e0:	0b700893          	li	a7,183
    800016e4:	0ff00293          	li	t0,255
    800016e8:	fff00f13          	li	t5,-1
    800016ec:	ff880593          	addi	a1,a6,-8
    800016f0:	000e0613          	mv	a2,t3
    800016f4:	000e8693          	mv	a3,t4
    800016f8:	00059483          	lh	s1,0(a1)
    800016fc:	0006c403          	lbu	s0,0(a3)
    80001700:	0016c703          	lbu	a4,1(a3)
    80001704:	0ff4f793          	zext.b	a5,s1
    80001708:	02f303bb          	mulw	t2,t1,a5
    8000170c:	0ff4f493          	zext.b	s1,s1
    80001710:	f4d4849b          	addiw	s1,s1,-179
    80001714:	00258593          	addi	a1,a1,2
    80001718:	0083d39b          	srliw	t2,t2,0x8
    8000171c:	009383bb          	addw	t2,t2,s1
    80001720:	03039393          	slli	t2,t2,0x30
    80001724:	0303d393          	srli	t2,t2,0x30
    80001728:	0074043b          	addw	s0,s0,t2
    8000172c:	0077073b          	addw	a4,a4,t2
    80001730:	03041393          	slli	t2,s0,0x30
    80001734:	03071713          	slli	a4,a4,0x30
    80001738:	0303d393          	srli	t2,t2,0x30
    8000173c:	03075713          	srli	a4,a4,0x30
    80001740:	0e757c63          	bgeu	a0,t2,80001838 <upsampleCrH+0x190>
    80001744:	0103941b          	slliw	s0,t2,0x10
    80001748:	4104541b          	sraiw	s0,s0,0x10
    8000174c:	02041493          	slli	s1,s0,0x20
    80001750:	00000393          	li	t2,0
    80001754:	0c04d863          	bgez	s1,80001824 <upsampleCrH+0x17c>
    80001758:	00768023          	sb	t2,0(a3)
    8000175c:	0ce57a63          	bgeu	a0,a4,80001830 <upsampleCrH+0x188>
    80001760:	00f75713          	srli	a4,a4,0xf
    80001764:	00173713          	seqz	a4,a4
    80001768:	40e0073b          	negw	a4,a4
    8000176c:	0ff77413          	zext.b	s0,a4
    80001770:	02f887bb          	mulw	a5,a7,a5
    80001774:	00064383          	lbu	t2,0(a2)
    80001778:	00164703          	lbu	a4,1(a2)
    8000177c:	008680a3          	sb	s0,1(a3)
    80001780:	0087d79b          	srliw	a5,a5,0x8
    80001784:	fa57879b          	addiw	a5,a5,-91
    80001788:	03079793          	slli	a5,a5,0x30
    8000178c:	0307d793          	srli	a5,a5,0x30
    80001790:	40f383bb          	subw	t2,t2,a5
    80001794:	40f707bb          	subw	a5,a4,a5
    80001798:	03039713          	slli	a4,t2,0x30
    8000179c:	03079793          	slli	a5,a5,0x30
    800017a0:	03075713          	srli	a4,a4,0x30
    800017a4:	0307d793          	srli	a5,a5,0x30
    800017a8:	06e57a63          	bgeu	a0,a4,8000181c <upsampleCrH+0x174>
    800017ac:	0107139b          	slliw	t2,a4,0x10
    800017b0:	4103d39b          	sraiw	t2,t2,0x10
    800017b4:	02039413          	slli	s0,t2,0x20
    800017b8:	00000713          	li	a4,0
    800017bc:	04045663          	bgez	s0,80001808 <upsampleCrH+0x160>
    800017c0:	00e60023          	sb	a4,0(a2)
    800017c4:	04f57863          	bgeu	a0,a5,80001814 <upsampleCrH+0x16c>
    800017c8:	00f7d793          	srli	a5,a5,0xf
    800017cc:	0017b793          	seqz	a5,a5
    800017d0:	40f007bb          	negw	a5,a5
    800017d4:	0ff7f713          	zext.b	a4,a5
    800017d8:	00e600a3          	sb	a4,1(a2)
    800017dc:	00268693          	addi	a3,a3,2
    800017e0:	00260613          	addi	a2,a2,2
    800017e4:	f1059ae3          	bne	a1,a6,800016f8 <upsampleCrH+0x50>
    800017e8:	01058813          	addi	a6,a1,16
    800017ec:	008e8e93          	addi	t4,t4,8
    800017f0:	008e0e13          	addi	t3,t3,8
    800017f4:	ef0f9ce3          	bne	t6,a6,800016ec <upsampleCrH+0x44>
    800017f8:	00813403          	ld	s0,8(sp)
    800017fc:	00013483          	ld	s1,0(sp)
    80001800:	01010113          	addi	sp,sp,16
    80001804:	00008067          	ret
    80001808:	01e60023          	sb	t5,0(a2)
    8000180c:	0ff00713          	li	a4,255
    80001810:	fcf2e4e3          	bltu	t0,a5,800017d8 <upsampleCrH+0x130>
    80001814:	0ff7f713          	zext.b	a4,a5
    80001818:	fc1ff06f          	j	800017d8 <upsampleCrH+0x130>
    8000181c:	0ff77713          	zext.b	a4,a4
    80001820:	fa1ff06f          	j	800017c0 <upsampleCrH+0x118>
    80001824:	01e68023          	sb	t5,0(a3)
    80001828:	0ff00413          	li	s0,255
    8000182c:	f4e562e3          	bltu	a0,a4,80001770 <upsampleCrH+0xc8>
    80001830:	0ff77413          	zext.b	s0,a4
    80001834:	f3dff06f          	j	80001770 <upsampleCrH+0xc8>
    80001838:	0ff3f393          	zext.b	t2,t2
    8000183c:	f1dff06f          	j	80001758 <upsampleCrH+0xb0>

0000000080001840 <upsampleCrV>:
    80001840:	ba018e13          	addi	t3,gp,-1120 # 80007358 <gMCUBufR>
    80001844:	00151813          	slli	a6,a0,0x1
    80001848:	ff010113          	addi	sp,sp,-16
    8000184c:	00be0e33          	add	t3,t3,a1
    80001850:	9a018f13          	addi	t5,gp,-1632 # 80007158 <gMCUBufG>
    80001854:	93018793          	addi	a5,gp,-1744 # 800070e8 <gCoeffBuf+0x10>
    80001858:	00813423          	sd	s0,8(sp)
    8000185c:	00bf0f33          	add	t5,t5,a1
    80001860:	00f80833          	add	a6,a6,a5
    80001864:	040e0f93          	addi	t6,t3,64
    80001868:	06700313          	li	t1,103
    8000186c:	0ff00513          	li	a0,255
    80001870:	fff00e93          	li	t4,-1
    80001874:	0b700893          	li	a7,183
    80001878:	ff080593          	addi	a1,a6,-16
    8000187c:	000f0613          	mv	a2,t5
    80001880:	000e0693          	mv	a3,t3
    80001884:	0a80006f          	j	8000192c <upsampleCrV+0xec>
    80001888:	0102939b          	slliw	t2,t0,0x10
    8000188c:	4103d39b          	sraiw	t2,t2,0x10
    80001890:	02039413          	slli	s0,t2,0x20
    80001894:	00000293          	li	t0,0
    80001898:	12045c63          	bgez	s0,800019d0 <upsampleCrV+0x190>
    8000189c:	00568023          	sb	t0,0(a3)
    800018a0:	0ee57263          	bgeu	a0,a4,80001984 <upsampleCrV+0x144>
    800018a4:	00f75713          	srli	a4,a4,0xf
    800018a8:	00173713          	seqz	a4,a4
    800018ac:	40e0073b          	negw	a4,a4
    800018b0:	0ff77393          	zext.b	t2,a4
    800018b4:	02f887bb          	mulw	a5,a7,a5
    800018b8:	00064283          	lbu	t0,0(a2)
    800018bc:	00864703          	lbu	a4,8(a2)
    800018c0:	00768423          	sb	t2,8(a3)
    800018c4:	0087d79b          	srliw	a5,a5,0x8
    800018c8:	fa57879b          	addiw	a5,a5,-91
    800018cc:	03079793          	slli	a5,a5,0x30
    800018d0:	0307d793          	srli	a5,a5,0x30
    800018d4:	40f282bb          	subw	t0,t0,a5
    800018d8:	40f707bb          	subw	a5,a4,a5
    800018dc:	03029713          	slli	a4,t0,0x30
    800018e0:	03079793          	slli	a5,a5,0x30
    800018e4:	03075713          	srli	a4,a4,0x30
    800018e8:	0307d793          	srli	a5,a5,0x30
    800018ec:	0ce57e63          	bgeu	a0,a4,800019c8 <upsampleCrV+0x188>
    800018f0:	0107129b          	slliw	t0,a4,0x10
    800018f4:	4102d29b          	sraiw	t0,t0,0x10
    800018f8:	02029393          	slli	t2,t0,0x20
    800018fc:	00000713          	li	a4,0
    80001900:	0803d663          	bgez	t2,8000198c <upsampleCrV+0x14c>
    80001904:	00e60023          	sb	a4,0(a2)
    80001908:	08f57863          	bgeu	a0,a5,80001998 <upsampleCrV+0x158>
    8000190c:	00f7d793          	srli	a5,a5,0xf
    80001910:	0017b793          	seqz	a5,a5
    80001914:	40f007bb          	negw	a5,a5
    80001918:	0ff7f713          	zext.b	a4,a5
    8000191c:	00e60423          	sb	a4,8(a2)
    80001920:	00168693          	addi	a3,a3,1
    80001924:	00160613          	addi	a2,a2,1
    80001928:	09058263          	beq	a1,a6,800019ac <upsampleCrV+0x16c>
    8000192c:	00059403          	lh	s0,0(a1)
    80001930:	0006c383          	lbu	t2,0(a3)
    80001934:	0086c703          	lbu	a4,8(a3)
    80001938:	0ff47793          	zext.b	a5,s0
    8000193c:	02f302bb          	mulw	t0,t1,a5
    80001940:	0ff47413          	zext.b	s0,s0
    80001944:	f4d4041b          	addiw	s0,s0,-179
    80001948:	00258593          	addi	a1,a1,2
    8000194c:	0082d29b          	srliw	t0,t0,0x8
    80001950:	008282bb          	addw	t0,t0,s0
    80001954:	03029293          	slli	t0,t0,0x30
    80001958:	0302d293          	srli	t0,t0,0x30
    8000195c:	005383bb          	addw	t2,t2,t0
    80001960:	0057073b          	addw	a4,a4,t0
    80001964:	03039293          	slli	t0,t2,0x30
    80001968:	03071713          	slli	a4,a4,0x30
    8000196c:	0302d293          	srli	t0,t0,0x30
    80001970:	03075713          	srli	a4,a4,0x30
    80001974:	f0556ae3          	bltu	a0,t0,80001888 <upsampleCrV+0x48>
    80001978:	0ff2f293          	zext.b	t0,t0
    8000197c:	00568023          	sb	t0,0(a3)
    80001980:	f2e562e3          	bltu	a0,a4,800018a4 <upsampleCrV+0x64>
    80001984:	0ff77393          	zext.b	t2,a4
    80001988:	f2dff06f          	j	800018b4 <upsampleCrV+0x74>
    8000198c:	01d60023          	sb	t4,0(a2)
    80001990:	0ff00713          	li	a4,255
    80001994:	f8f564e3          	bltu	a0,a5,8000191c <upsampleCrV+0xdc>
    80001998:	0ff7f713          	zext.b	a4,a5
    8000199c:	00e60423          	sb	a4,8(a2)
    800019a0:	00168693          	addi	a3,a3,1
    800019a4:	00160613          	addi	a2,a2,1
    800019a8:	f90592e3          	bne	a1,a6,8000192c <upsampleCrV+0xec>
    800019ac:	010e0e13          	addi	t3,t3,16
    800019b0:	010f0f13          	addi	t5,t5,16
    800019b4:	01058813          	addi	a6,a1,16
    800019b8:	edfe10e3          	bne	t3,t6,80001878 <upsampleCrV+0x38>
    800019bc:	00813403          	ld	s0,8(sp)
    800019c0:	01010113          	addi	sp,sp,16
    800019c4:	00008067          	ret
    800019c8:	0ff77713          	zext.b	a4,a4
    800019cc:	f39ff06f          	j	80001904 <upsampleCrV+0xc4>
    800019d0:	01d68023          	sb	t4,0(a3)
    800019d4:	0ff00393          	li	t2,255
    800019d8:	ece56ee3          	bltu	a0,a4,800018b4 <upsampleCrV+0x74>
    800019dc:	0ff77393          	zext.b	t2,a4
    800019e0:	ed5ff06f          	j	800018b4 <upsampleCrV+0x74>

00000000800019e4 <getChar>:
    800019e4:	fe010113          	addi	sp,sp,-32
    800019e8:	00813823          	sd	s0,16(sp)
    800019ec:	00913423          	sd	s1,8(sp)
    800019f0:	00113c23          	sd	ra,24(sp)
    800019f4:	8bc18413          	addi	s0,gp,-1860 # 80007074 <gInBufLeft>
    800019f8:	00044783          	lbu	a5,0(s0)
    800019fc:	8bd18493          	addi	s1,gp,-1859 # 80007075 <gInBufOfs>
    80001a00:	02078c63          	beqz	a5,80001a38 <getChar+0x54>
    80001a04:	0004c703          	lbu	a4,0(s1)
    80001a08:	92018693          	addi	a3,gp,-1760 # 800070d8 <gCoeffBuf>
    80001a0c:	fff7879b          	addiw	a5,a5,-1
    80001a10:	00e686b3          	add	a3,a3,a4
    80001a14:	3806c503          	lbu	a0,896(a3)
    80001a18:	0017071b          	addiw	a4,a4,1
    80001a1c:	00f40023          	sb	a5,0(s0)
    80001a20:	00e48023          	sb	a4,0(s1)
    80001a24:	01813083          	ld	ra,24(sp)
    80001a28:	01013403          	ld	s0,16(sp)
    80001a2c:	00813483          	ld	s1,8(sp)
    80001a30:	02010113          	addi	sp,sp,32
    80001a34:	00008067          	ret
    80001a38:	00400793          	li	a5,4
    80001a3c:	00f48023          	sb	a5,0(s1)
    80001a40:	8a018e23          	sb	zero,-1860(gp) # 80007074 <gInBufLeft>
    80001a44:	8501b683          	ld	a3,-1968(gp) # 80007008 <g_pCallback_data>
    80001a48:	00040613          	mv	a2,s0
    80001a4c:	0fc00593          	li	a1,252
    80001a50:	ca418513          	addi	a0,gp,-860 # 8000745c <gInBuf+0x4>
    80001a54:	8581b783          	ld	a5,-1960(gp) # 80007010 <g_pNeedBytesCallback>
    80001a58:	000780e7          	jalr	a5
    80001a5c:	00050463          	beqz	a0,80001a64 <getChar+0x80>
    80001a60:	84a186a3          	sb	a0,-1971(gp) # 80007005 <gCallbackStatus>
    80001a64:	00044783          	lbu	a5,0(s0)
    80001a68:	f8079ee3          	bnez	a5,80001a04 <getChar+0x20>
    80001a6c:	8be18713          	addi	a4,gp,-1858 # 80007076 <gTemFlag>
    80001a70:	00074783          	lbu	a5,0(a4)
    80001a74:	0d900513          	li	a0,217
    80001a78:	fff7c793          	not	a5,a5
    80001a7c:	0ff7f793          	zext.b	a5,a5
    80001a80:	00f70023          	sb	a5,0(a4)
    80001a84:	fa0780e3          	beqz	a5,80001a24 <getChar+0x40>
    80001a88:	0ff00513          	li	a0,255
    80001a8c:	f99ff06f          	j	80001a24 <getChar+0x40>

0000000080001a90 <getBit>:
    80001a90:	fd010113          	addi	sp,sp,-48
    80001a94:	00913c23          	sd	s1,24(sp)
    80001a98:	01213823          	sd	s2,16(sp)
    80001a9c:	01313423          	sd	s3,8(sp)
    80001aa0:	02113423          	sd	ra,40(sp)
    80001aa4:	8ba18493          	addi	s1,gp,-1862 # 80007072 <gBitBuf>
    80001aa8:	8b818913          	addi	s2,gp,-1864 # 80007070 <gBitsLeft>
    80001aac:	0004d503          	lhu	a0,0(s1)
    80001ab0:	00094783          	lbu	a5,0(s2)
    80001ab4:	00f55993          	srli	s3,a0,0xf
    80001ab8:	02078863          	beqz	a5,80001ae8 <getBit+0x58>
    80001abc:	fff7879b          	addiw	a5,a5,-1
    80001ac0:	00f90023          	sb	a5,0(s2)
    80001ac4:	02813083          	ld	ra,40(sp)
    80001ac8:	0015151b          	slliw	a0,a0,0x1
    80001acc:	00a49023          	sh	a0,0(s1)
    80001ad0:	01013903          	ld	s2,16(sp)
    80001ad4:	01813483          	ld	s1,24(sp)
    80001ad8:	00098513          	mv	a0,s3
    80001adc:	00813983          	ld	s3,8(sp)
    80001ae0:	03010113          	addi	sp,sp,48
    80001ae4:	00008067          	ret
    80001ae8:	02813023          	sd	s0,32(sp)
    80001aec:	ef9ff0ef          	jal	800019e4 <getChar>
    80001af0:	0ff00793          	li	a5,255
    80001af4:	00050413          	mv	s0,a0
    80001af8:	02f50463          	beq	a0,a5,80001b20 <getBit+0x90>
    80001afc:	0004d703          	lhu	a4,0(s1)
    80001b00:	00094783          	lbu	a5,0(s2)
    80001b04:	00e46533          	or	a0,s0,a4
    80001b08:	0087879b          	addiw	a5,a5,8
    80001b0c:	03051513          	slli	a0,a0,0x30
    80001b10:	02013403          	ld	s0,32(sp)
    80001b14:	03055513          	srli	a0,a0,0x30
    80001b18:	0ff7f793          	zext.b	a5,a5
    80001b1c:	fa1ff06f          	j	80001abc <getBit+0x2c>
    80001b20:	ec5ff0ef          	jal	800019e4 <getChar>
    80001b24:	fc050ce3          	beqz	a0,80001afc <getBit+0x6c>
    80001b28:	8bd18813          	addi	a6,gp,-1859 # 80007075 <gInBufOfs>
    80001b2c:	00084783          	lbu	a5,0(a6)
    80001b30:	8bc18593          	addi	a1,gp,-1860 # 80007074 <gInBufLeft>
    80001b34:	0005c603          	lbu	a2,0(a1)
    80001b38:	fff7871b          	addiw	a4,a5,-1
    80001b3c:	92018693          	addi	a3,gp,-1760 # 800070d8 <gCoeffBuf>
    80001b40:	0ff77713          	zext.b	a4,a4
    80001b44:	ffe7879b          	addiw	a5,a5,-2
    80001b48:	0ff7f793          	zext.b	a5,a5
    80001b4c:	00e68733          	add	a4,a3,a4
    80001b50:	38a70023          	sb	a0,896(a4)
    80001b54:	00f686b3          	add	a3,a3,a5
    80001b58:	0026071b          	addiw	a4,a2,2
    80001b5c:	00f80023          	sb	a5,0(a6)
    80001b60:	fff00793          	li	a5,-1
    80001b64:	38f68023          	sb	a5,896(a3)
    80001b68:	00e58023          	sb	a4,0(a1)
    80001b6c:	f91ff06f          	j	80001afc <getBit+0x6c>

0000000080001b70 <huffDecode>:
    80001b70:	fc010113          	addi	sp,sp,-64
    80001b74:	01313c23          	sd	s3,24(sp)
    80001b78:	01613023          	sd	s6,0(sp)
    80001b7c:	00050993          	mv	s3,a0
    80001b80:	00010b37          	lui	s6,0x10
    80001b84:	02913423          	sd	s1,40(sp)
    80001b88:	03213023          	sd	s2,32(sp)
    80001b8c:	01413823          	sd	s4,16(sp)
    80001b90:	01513423          	sd	s5,8(sp)
    80001b94:	02113c23          	sd	ra,56(sp)
    80001b98:	02813823          	sd	s0,48(sp)
    80001b9c:	00058a13          	mv	s4,a1
    80001ba0:	02098913          	addi	s2,s3,32
    80001ba4:	eedff0ef          	jal	80001a90 <getBit>
    80001ba8:	00000493          	li	s1,0
    80001bac:	fffb0b13          	addi	s6,s6,-1 # ffff <__stack_size+0x7fff>
    80001bb0:	01000a93          	li	s5,16
    80001bb4:	00095703          	lhu	a4,0(s2)
    80001bb8:	0015179b          	slliw	a5,a0,0x1
    80001bbc:	03079413          	slli	s0,a5,0x30
    80001bc0:	0005079b          	sext.w	a5,a0
    80001bc4:	03045413          	srli	s0,s0,0x30
    80001bc8:	00f76463          	bltu	a4,a5,80001bd0 <huffDecode+0x60>
    80001bcc:	05671663          	bne	a4,s6,80001c18 <huffDecode+0xa8>
    80001bd0:	ec1ff0ef          	jal	80001a90 <getBit>
    80001bd4:	00856533          	or	a0,a0,s0
    80001bd8:	03051513          	slli	a0,a0,0x30
    80001bdc:	00148493          	addi	s1,s1,1
    80001be0:	03055513          	srli	a0,a0,0x30
    80001be4:	00290913          	addi	s2,s2,2
    80001be8:	fd5496e3          	bne	s1,s5,80001bb4 <huffDecode+0x44>
    80001bec:	00000513          	li	a0,0
    80001bf0:	03813083          	ld	ra,56(sp)
    80001bf4:	03013403          	ld	s0,48(sp)
    80001bf8:	02813483          	ld	s1,40(sp)
    80001bfc:	02013903          	ld	s2,32(sp)
    80001c00:	01813983          	ld	s3,24(sp)
    80001c04:	01013a03          	ld	s4,16(sp)
    80001c08:	00813a83          	ld	s5,8(sp)
    80001c0c:	00013b03          	ld	s6,0(sp)
    80001c10:	04010113          	addi	sp,sp,64
    80001c14:	00008067          	ret
    80001c18:	0004849b          	sext.w	s1,s1
    80001c1c:	009987b3          	add	a5,s3,s1
    80001c20:	00149493          	slli	s1,s1,0x1
    80001c24:	0407c783          	lbu	a5,64(a5)
    80001c28:	009989b3          	add	s3,s3,s1
    80001c2c:	0009d703          	lhu	a4,0(s3)
    80001c30:	00a787bb          	addw	a5,a5,a0
    80001c34:	40e787b3          	sub	a5,a5,a4
    80001c38:	0ff7f793          	zext.b	a5,a5
    80001c3c:	00fa0a33          	add	s4,s4,a5
    80001c40:	000a4503          	lbu	a0,0(s4)
    80001c44:	fadff06f          	j	80001bf0 <huffDecode+0x80>

0000000080001c48 <getBits>:
    80001c48:	fb010113          	addi	sp,sp,-80
    80001c4c:	03413023          	sd	s4,32(sp)
    80001c50:	8ba18a13          	addi	s4,gp,-1862 # 80007072 <gBitBuf>
    80001c54:	02913c23          	sd	s1,56(sp)
    80001c58:	000a5483          	lhu	s1,0(s4)
    80001c5c:	03213823          	sd	s2,48(sp)
    80001c60:	03313423          	sd	s3,40(sp)
    80001c64:	01513c23          	sd	s5,24(sp)
    80001c68:	01713423          	sd	s7,8(sp)
    80001c6c:	04113423          	sd	ra,72(sp)
    80001c70:	01613823          	sd	s6,16(sp)
    80001c74:	8b818a93          	addi	s5,gp,-1864 # 80007070 <gBitsLeft>
    80001c78:	00800693          	li	a3,8
    80001c7c:	000ac703          	lbu	a4,0(s5)
    80001c80:	00050913          	mv	s2,a0
    80001c84:	00058b93          	mv	s7,a1
    80001c88:	00048793          	mv	a5,s1
    80001c8c:	00050993          	mv	s3,a0
    80001c90:	04a6ee63          	bltu	a3,a0,80001cec <getBits+0xa4>
    80001c94:	0007879b          	sext.w	a5,a5
    80001c98:	00098b1b          	sext.w	s6,s3
    80001c9c:	0b376e63          	bltu	a4,s3,80001d58 <getBits+0x110>
    80001ca0:	4137073b          	subw	a4,a4,s3
    80001ca4:	016797bb          	sllw	a5,a5,s6
    80001ca8:	00ea8023          	sb	a4,0(s5)
    80001cac:	00fa1023          	sh	a5,0(s4)
    80001cb0:	01000793          	li	a5,16
    80001cb4:	04813083          	ld	ra,72(sp)
    80001cb8:	412787bb          	subw	a5,a5,s2
    80001cbc:	40f4d53b          	sraw	a0,s1,a5
    80001cc0:	03051513          	slli	a0,a0,0x30
    80001cc4:	03813483          	ld	s1,56(sp)
    80001cc8:	03013903          	ld	s2,48(sp)
    80001ccc:	02813983          	ld	s3,40(sp)
    80001cd0:	02013a03          	ld	s4,32(sp)
    80001cd4:	01813a83          	ld	s5,24(sp)
    80001cd8:	01013b03          	ld	s6,16(sp)
    80001cdc:	00813b83          	ld	s7,8(sp)
    80001ce0:	03055513          	srli	a0,a0,0x30
    80001ce4:	05010113          	addi	sp,sp,80
    80001ce8:	00008067          	ret
    80001cec:	04813023          	sd	s0,64(sp)
    80001cf0:	00e4973b          	sllw	a4,s1,a4
    80001cf4:	ff85099b          	addiw	s3,a0,-8
    80001cf8:	00ea1023          	sh	a4,0(s4)
    80001cfc:	ce9ff0ef          	jal	800019e4 <getChar>
    80001d00:	0ff9f993          	zext.b	s3,s3
    80001d04:	00050413          	mv	s0,a0
    80001d08:	000b8663          	beqz	s7,80001d14 <getBits+0xcc>
    80001d0c:	0ff00793          	li	a5,255
    80001d10:	08f50e63          	beq	a0,a5,80001dac <getBits+0x164>
    80001d14:	000a5783          	lhu	a5,0(s4)
    80001d18:	000ac703          	lbu	a4,0(s5)
    80001d1c:	00800693          	li	a3,8
    80001d20:	00f467b3          	or	a5,s0,a5
    80001d24:	0107979b          	slliw	a5,a5,0x10
    80001d28:	40e686bb          	subw	a3,a3,a4
    80001d2c:	0107d79b          	srliw	a5,a5,0x10
    80001d30:	00d797bb          	sllw	a5,a5,a3
    80001d34:	03079793          	slli	a5,a5,0x30
    80001d38:	0307d793          	srli	a5,a5,0x30
    80001d3c:	0087d693          	srli	a3,a5,0x8
    80001d40:	f004f493          	andi	s1,s1,-256
    80001d44:	04013403          	ld	s0,64(sp)
    80001d48:	0096e4b3          	or	s1,a3,s1
    80001d4c:	0007879b          	sext.w	a5,a5
    80001d50:	00098b1b          	sext.w	s6,s3
    80001d54:	f53776e3          	bgeu	a4,s3,80001ca0 <getBits+0x58>
    80001d58:	04813023          	sd	s0,64(sp)
    80001d5c:	00e797bb          	sllw	a5,a5,a4
    80001d60:	00fa1023          	sh	a5,0(s4)
    80001d64:	c81ff0ef          	jal	800019e4 <getChar>
    80001d68:	00050413          	mv	s0,a0
    80001d6c:	000b8663          	beqz	s7,80001d78 <getBits+0x130>
    80001d70:	0ff00793          	li	a5,255
    80001d74:	08f50463          	beq	a0,a5,80001dfc <getBits+0x1b4>
    80001d78:	000a5703          	lhu	a4,0(s4)
    80001d7c:	000ac783          	lbu	a5,0(s5)
    80001d80:	00e46433          	or	s0,s0,a4
    80001d84:	40fb0b3b          	subw	s6,s6,a5
    80001d88:	0104141b          	slliw	s0,s0,0x10
    80001d8c:	0087879b          	addiw	a5,a5,8
    80001d90:	0104541b          	srliw	s0,s0,0x10
    80001d94:	413787bb          	subw	a5,a5,s3
    80001d98:	0164143b          	sllw	s0,s0,s6
    80001d9c:	00fa8023          	sb	a5,0(s5)
    80001da0:	008a1023          	sh	s0,0(s4)
    80001da4:	04013403          	ld	s0,64(sp)
    80001da8:	f09ff06f          	j	80001cb0 <getBits+0x68>
    80001dac:	c39ff0ef          	jal	800019e4 <getChar>
    80001db0:	f60502e3          	beqz	a0,80001d14 <getBits+0xcc>
    80001db4:	8bd18813          	addi	a6,gp,-1859 # 80007075 <gInBufOfs>
    80001db8:	00084783          	lbu	a5,0(a6)
    80001dbc:	8bc18593          	addi	a1,gp,-1860 # 80007074 <gInBufLeft>
    80001dc0:	0005c603          	lbu	a2,0(a1)
    80001dc4:	fff7871b          	addiw	a4,a5,-1
    80001dc8:	92018693          	addi	a3,gp,-1760 # 800070d8 <gCoeffBuf>
    80001dcc:	0ff77713          	zext.b	a4,a4
    80001dd0:	ffe7879b          	addiw	a5,a5,-2
    80001dd4:	0ff7f793          	zext.b	a5,a5
    80001dd8:	00e68733          	add	a4,a3,a4
    80001ddc:	38a70023          	sb	a0,896(a4)
    80001de0:	00f686b3          	add	a3,a3,a5
    80001de4:	0026071b          	addiw	a4,a2,2
    80001de8:	00f80023          	sb	a5,0(a6)
    80001dec:	fff00793          	li	a5,-1
    80001df0:	38f68023          	sb	a5,896(a3)
    80001df4:	00e58023          	sb	a4,0(a1)
    80001df8:	f1dff06f          	j	80001d14 <getBits+0xcc>
    80001dfc:	be9ff0ef          	jal	800019e4 <getChar>
    80001e00:	f6050ce3          	beqz	a0,80001d78 <getBits+0x130>
    80001e04:	8bd18813          	addi	a6,gp,-1859 # 80007075 <gInBufOfs>
    80001e08:	00084783          	lbu	a5,0(a6)
    80001e0c:	8bc18593          	addi	a1,gp,-1860 # 80007074 <gInBufLeft>
    80001e10:	0005c603          	lbu	a2,0(a1)
    80001e14:	fff7871b          	addiw	a4,a5,-1
    80001e18:	92018693          	addi	a3,gp,-1760 # 800070d8 <gCoeffBuf>
    80001e1c:	0ff77713          	zext.b	a4,a4
    80001e20:	ffe7879b          	addiw	a5,a5,-2
    80001e24:	0ff7f793          	zext.b	a5,a5
    80001e28:	00e68733          	add	a4,a3,a4
    80001e2c:	38a70023          	sb	a0,896(a4)
    80001e30:	00f686b3          	add	a3,a3,a5
    80001e34:	0026071b          	addiw	a4,a2,2
    80001e38:	00f80023          	sb	a5,0(a6)
    80001e3c:	fff00793          	li	a5,-1
    80001e40:	38f68023          	sb	a5,896(a3)
    80001e44:	00e58023          	sb	a4,0(a1)
    80001e48:	f31ff06f          	j	80001d78 <getBits+0x130>

0000000080001e4c <processMarkers>:
    80001e4c:	f7010113          	addi	sp,sp,-144
    80001e50:	08813023          	sd	s0,128(sp)
    80001e54:	08113423          	sd	ra,136(sp)
    80001e58:	00a13423          	sd	a0,8(sp)
    80001e5c:	0ff00413          	li	s0,255
    80001e60:	00000593          	li	a1,0
    80001e64:	00800513          	li	a0,8
    80001e68:	de1ff0ef          	jal	80001c48 <getBits>
    80001e6c:	0ff57513          	zext.b	a0,a0
    80001e70:	fe8518e3          	bne	a0,s0,80001e60 <processMarkers+0x14>
    80001e74:	00000593          	li	a1,0
    80001e78:	00800513          	li	a0,8
    80001e7c:	dcdff0ef          	jal	80001c48 <getBits>
    80001e80:	0ff57513          	zext.b	a0,a0
    80001e84:	fe8508e3          	beq	a0,s0,80001e74 <processMarkers+0x28>
    80001e88:	fc050ce3          	beqz	a0,80001e60 <processMarkers+0x14>
    80001e8c:	0d700793          	li	a5,215
    80001e90:	04a7e263          	bltu	a5,a0,80001ed4 <processMarkers+0x88>
    80001e94:	0c400793          	li	a5,196
    80001e98:	06a7fe63          	bgeu	a5,a0,80001f14 <processMarkers+0xc8>
    80001e9c:	03b5069b          	addiw	a3,a0,59
    80001ea0:	00080737          	lui	a4,0x80
    80001ea4:	00100793          	li	a5,1
    80001ea8:	00d797b3          	sll	a5,a5,a3
    80001eac:	80870713          	addi	a4,a4,-2040 # 7f808 <__heap_size+0x5f808>
    80001eb0:	00e7f733          	and	a4,a5,a4
    80001eb4:	26071063          	bnez	a4,80002114 <processMarkers+0x2c8>
    80001eb8:	7777f793          	andi	a5,a5,1911
    80001ebc:	22079e63          	bnez	a5,800020f8 <processMarkers+0x2ac>
    80001ec0:	08813083          	ld	ra,136(sp)
    80001ec4:	08013403          	ld	s0,128(sp)
    80001ec8:	01100513          	li	a0,17
    80001ecc:	09010113          	addi	sp,sp,144
    80001ed0:	00008067          	ret
    80001ed4:	0db00793          	li	a5,219
    80001ed8:	2cf50a63          	beq	a0,a5,800021ac <processMarkers+0x360>
    80001edc:	20a7fe63          	bgeu	a5,a0,800020f8 <processMarkers+0x2ac>
    80001ee0:	0dd00793          	li	a5,221
    80001ee4:	26f51c63          	bne	a0,a5,8000215c <processMarkers+0x310>
    80001ee8:	00000593          	li	a1,0
    80001eec:	01000513          	li	a0,16
    80001ef0:	d59ff0ef          	jal	80001c48 <getBits>
    80001ef4:	0005079b          	sext.w	a5,a0
    80001ef8:	00400713          	li	a4,4
    80001efc:	f6e792e3          	bne	a5,a4,80001e60 <processMarkers+0x14>
    80001f00:	00000593          	li	a1,0
    80001f04:	01000513          	li	a0,16
    80001f08:	d41ff0ef          	jal	80001c48 <getBits>
    80001f0c:	88a19823          	sh	a0,-1904(gp) # 80007048 <gRestartInterval>
    80001f10:	f51ff06f          	j	80001e60 <processMarkers+0x14>
    80001f14:	1cf51663          	bne	a0,a5,800020e0 <processMarkers+0x294>
    80001f18:	00000593          	li	a1,0
    80001f1c:	01000513          	li	a0,16
    80001f20:	d29ff0ef          	jal	80001c48 <getBits>
    80001f24:	0005069b          	sext.w	a3,a0
    80001f28:	00100713          	li	a4,1
    80001f2c:	f2d77ae3          	bgeu	a4,a3,80001e60 <processMarkers+0x14>
    80001f30:	ffe5079b          	addiw	a5,a0,-2
    80001f34:	05813023          	sd	s8,64(sp)
    80001f38:	03079c13          	slli	s8,a5,0x30
    80001f3c:	030c5c13          	srli	s8,s8,0x30
    80001f40:	3c0c0e63          	beqz	s8,8000231c <processMarkers+0x4d0>
    80001f44:	05513c23          	sd	s5,88(sp)
    80001f48:	00010ab7          	lui	s5,0x10
    80001f4c:	07413023          	sd	s4,96(sp)
    80001f50:	03913c23          	sd	s9,56(sp)
    80001f54:	06913c23          	sd	s1,120(sp)
    80001f58:	07213823          	sd	s2,112(sp)
    80001f5c:	07313423          	sd	s3,104(sp)
    80001f60:	05613823          	sd	s6,80(sp)
    80001f64:	05713423          	sd	s7,72(sp)
    80001f68:	03a13823          	sd	s10,48(sp)
    80001f6c:	03b13423          	sd	s11,40(sp)
    80001f70:	8c018c93          	addi	s9,gp,-1856 # 80007078 <gValidHuffTables>
    80001f74:	02010a13          	addi	s4,sp,32
    80001f78:	fffa8a93          	addi	s5,s5,-1 # ffff <__stack_size+0x7fff>
    80001f7c:	00000593          	li	a1,0
    80001f80:	00800513          	li	a0,8
    80001f84:	cc5ff0ef          	jal	80001c48 <getBits>
    80001f88:	00e57993          	andi	s3,a0,14
    80001f8c:	0ff57793          	zext.b	a5,a0
    80001f90:	18099e63          	bnez	s3,8000212c <processMarkers+0x2e0>
    80001f94:	0f07f713          	andi	a4,a5,240
    80001f98:	01000693          	li	a3,16
    80001f9c:	18e6e863          	bltu	a3,a4,8000212c <processMarkers+0x2e0>
    80001fa0:	0037d793          	srli	a5,a5,0x3
    80001fa4:	00157513          	andi	a0,a0,1
    80001fa8:	00a7ebb3          	or	s7,a5,a0
    80001fac:	000cc703          	lbu	a4,0(s9)
    80001fb0:	00005697          	auipc	a3,0x5
    80001fb4:	a9068693          	addi	a3,a3,-1392 # 80006a40 <CSWTCH.306>
    80001fb8:	003b9793          	slli	a5,s7,0x3
    80001fbc:	00f687b3          	add	a5,a3,a5
    80001fc0:	00100693          	li	a3,1
    80001fc4:	017696bb          	sllw	a3,a3,s7
    80001fc8:	0007b483          	ld	s1,0(a5)
    80001fcc:	0207bb03          	ld	s6,32(a5)
    80001fd0:	01010d13          	addi	s10,sp,16
    80001fd4:	00d767b3          	or	a5,a4,a3
    80001fd8:	00fc8023          	sb	a5,0(s9)
    80001fdc:	000d0d93          	mv	s11,s10
    80001fe0:	00000913          	li	s2,0
    80001fe4:	00000593          	li	a1,0
    80001fe8:	00800513          	li	a0,8
    80001fec:	c5dff0ef          	jal	80001c48 <getBits>
    80001ff0:	0ff57713          	zext.b	a4,a0
    80001ff4:	0127073b          	addw	a4,a4,s2
    80001ff8:	00ad8023          	sb	a0,0(s11)
    80001ffc:	03071913          	slli	s2,a4,0x30
    80002000:	001d8d93          	addi	s11,s11,1
    80002004:	03095913          	srli	s2,s2,0x30
    80002008:	fd4d9ee3          	bne	s11,s4,80001fe4 <processMarkers+0x198>
    8000200c:	00100713          	li	a4,1
    80002010:	0ff00793          	li	a5,255
    80002014:	01776463          	bltu	a4,s7,8000201c <processMarkers+0x1d0>
    80002018:	00c00793          	li	a5,12
    8000201c:	00090b9b          	sext.w	s7,s2
    80002020:	1127e663          	bltu	a5,s2,8000212c <processMarkers+0x2e0>
    80002024:	00000d93          	li	s11,0
    80002028:	02090463          	beqz	s2,80002050 <processMarkers+0x204>
    8000202c:	00000593          	li	a1,0
    80002030:	00800513          	li	a0,8
    80002034:	c15ff0ef          	jal	80001c48 <getBits>
    80002038:	01bb0733          	add	a4,s6,s11
    8000203c:	001d879b          	addiw	a5,s11,1
    80002040:	00a70023          	sb	a0,0(a4)
    80002044:	0ff7f713          	zext.b	a4,a5
    80002048:	00070d93          	mv	s11,a4
    8000204c:	ff7760e3          	bltu	a4,s7,8000202c <processMarkers+0x1e0>
    80002050:	0119079b          	addiw	a5,s2,17
    80002054:	03079793          	slli	a5,a5,0x30
    80002058:	0307d793          	srli	a5,a5,0x30
    8000205c:	0cfc6863          	bltu	s8,a5,8000212c <processMarkers+0x2e0>
    80002060:	40fc07bb          	subw	a5,s8,a5
    80002064:	03079c13          	slli	s8,a5,0x30
    80002068:	030c5c13          	srli	s8,s8,0x30
    8000206c:	04048593          	addi	a1,s1,64
    80002070:	00000793          	li	a5,0
    80002074:	0400006f          	j	800020b4 <processMarkers+0x268>
    80002078:	03031513          	slli	a0,t1,0x30
    8000207c:	00098713          	mv	a4,s3
    80002080:	03055513          	srli	a0,a0,0x30
    80002084:	00068793          	mv	a5,a3
    80002088:	0ff8f993          	zext.b	s3,a7
    8000208c:	01049023          	sh	a6,0(s1)
    80002090:	02a49023          	sh	a0,32(s1)
    80002094:	0017979b          	slliw	a5,a5,0x1
    80002098:	00e58023          	sb	a4,0(a1)
    8000209c:	03079793          	slli	a5,a5,0x30
    800020a0:	001d0d13          	addi	s10,s10,1
    800020a4:	0307d793          	srli	a5,a5,0x30
    800020a8:	00248493          	addi	s1,s1,2
    800020ac:	00158593          	addi	a1,a1,1
    800020b0:	07aa0c63          	beq	s4,s10,80002128 <processMarkers+0x2dc>
    800020b4:	000d4703          	lbu	a4,0(s10)
    800020b8:	00078813          	mv	a6,a5
    800020bc:	000a8513          	mv	a0,s5
    800020c0:	00f706bb          	addw	a3,a4,a5
    800020c4:	03069693          	slli	a3,a3,0x30
    800020c8:	0306d693          	srli	a3,a3,0x30
    800020cc:	013708bb          	addw	a7,a4,s3
    800020d0:	fff6831b          	addiw	t1,a3,-1
    800020d4:	fa0712e3          	bnez	a4,80002078 <processMarkers+0x22c>
    800020d8:	00000813          	li	a6,0
    800020dc:	fb1ff06f          	j	8000208c <processMarkers+0x240>
    800020e0:	00100793          	li	a5,1
    800020e4:	02f50863          	beq	a0,a5,80002114 <processMarkers+0x2c8>
    800020e8:	0405079b          	addiw	a5,a0,64
    800020ec:	0ff7f793          	zext.b	a5,a5
    800020f0:	00300713          	li	a4,3
    800020f4:	06f76463          	bltu	a4,a5,8000215c <processMarkers+0x310>
    800020f8:	00813783          	ld	a5,8(sp)
    800020fc:	00a78023          	sb	a0,0(a5)
    80002100:	08813083          	ld	ra,136(sp)
    80002104:	08013403          	ld	s0,128(sp)
    80002108:	00000513          	li	a0,0
    8000210c:	09010113          	addi	sp,sp,144
    80002110:	00008067          	ret
    80002114:	08813083          	ld	ra,136(sp)
    80002118:	08013403          	ld	s0,128(sp)
    8000211c:	01200513          	li	a0,18
    80002120:	09010113          	addi	sp,sp,144
    80002124:	00008067          	ret
    80002128:	e40c1ae3          	bnez	s8,80001f7c <processMarkers+0x130>
    8000212c:	07813483          	ld	s1,120(sp)
    80002130:	07013903          	ld	s2,112(sp)
    80002134:	06813983          	ld	s3,104(sp)
    80002138:	06013a03          	ld	s4,96(sp)
    8000213c:	05813a83          	ld	s5,88(sp)
    80002140:	05013b03          	ld	s6,80(sp)
    80002144:	04813b83          	ld	s7,72(sp)
    80002148:	04013c03          	ld	s8,64(sp)
    8000214c:	03813c83          	ld	s9,56(sp)
    80002150:	03013d03          	ld	s10,48(sp)
    80002154:	02813d83          	ld	s11,40(sp)
    80002158:	d09ff06f          	j	80001e60 <processMarkers+0x14>
    8000215c:	00000593          	li	a1,0
    80002160:	01000513          	li	a0,16
    80002164:	ae5ff0ef          	jal	80001c48 <getBits>
    80002168:	0005069b          	sext.w	a3,a0
    8000216c:	00100713          	li	a4,1
    80002170:	ced778e3          	bgeu	a4,a3,80001e60 <processMarkers+0x14>
    80002174:	ffe5079b          	addiw	a5,a0,-2
    80002178:	06913c23          	sd	s1,120(sp)
    8000217c:	03079493          	slli	s1,a5,0x30
    80002180:	0304d493          	srli	s1,s1,0x30
    80002184:	02048063          	beqz	s1,800021a4 <processMarkers+0x358>
    80002188:	fff4849b          	addiw	s1,s1,-1
    8000218c:	03049493          	slli	s1,s1,0x30
    80002190:	00000593          	li	a1,0
    80002194:	00800513          	li	a0,8
    80002198:	0304d493          	srli	s1,s1,0x30
    8000219c:	aadff0ef          	jal	80001c48 <getBits>
    800021a0:	fe0494e3          	bnez	s1,80002188 <processMarkers+0x33c>
    800021a4:	07813483          	ld	s1,120(sp)
    800021a8:	cb9ff06f          	j	80001e60 <processMarkers+0x14>
    800021ac:	00000593          	li	a1,0
    800021b0:	01000513          	li	a0,16
    800021b4:	a95ff0ef          	jal	80001c48 <getBits>
    800021b8:	0005069b          	sext.w	a3,a0
    800021bc:	00100713          	li	a4,1
    800021c0:	cad770e3          	bgeu	a4,a3,80001e60 <processMarkers+0x14>
    800021c4:	ffe5079b          	addiw	a5,a0,-2
    800021c8:	05613823          	sd	s6,80(sp)
    800021cc:	03079b13          	slli	s6,a5,0x30
    800021d0:	030b5b13          	srli	s6,s6,0x30
    800021d4:	140b0063          	beqz	s6,80002314 <processMarkers+0x4c8>
    800021d8:	05513c23          	sd	s5,88(sp)
    800021dc:	05713423          	sd	s7,72(sp)
    800021e0:	03a13823          	sd	s10,48(sp)
    800021e4:	03b13423          	sd	s11,40(sp)
    800021e8:	06913c23          	sd	s1,120(sp)
    800021ec:	07213823          	sd	s2,112(sp)
    800021f0:	07313423          	sd	s3,104(sp)
    800021f4:	07413023          	sd	s4,96(sp)
    800021f8:	05813023          	sd	s8,64(sp)
    800021fc:	03913c23          	sd	s9,56(sp)
    80002200:	8bf18b93          	addi	s7,gp,-1857 # 80007077 <gValidQuantTables>
    80002204:	e2018d93          	addi	s11,gp,-480 # 800075d8 <gQuant0>
    80002208:	da018d13          	addi	s10,gp,-608 # 80007558 <gQuant1>
    8000220c:	00005a97          	auipc	s5,0x5
    80002210:	8b4a8a93          	addi	s5,s5,-1868 # 80006ac0 <CSWTCH.299>
    80002214:	00000593          	li	a1,0
    80002218:	00800513          	li	a0,8
    8000221c:	a2dff0ef          	jal	80001c48 <getBits>
    80002220:	0ff57913          	zext.b	s2,a0
    80002224:	00e97793          	andi	a5,s2,14
    80002228:	00495993          	srli	s3,s2,0x4
    8000222c:	00f97913          	andi	s2,s2,15
    80002230:	ee079ee3          	bnez	a5,8000212c <processMarkers+0x2e0>
    80002234:	000bc703          	lbu	a4,0(s7)
    80002238:	012037b3          	snez	a5,s2
    8000223c:	00178793          	addi	a5,a5,1
    80002240:	00e7e7b3          	or	a5,a5,a4
    80002244:	e2018493          	addi	s1,gp,-480 # 800075d8 <gQuant0>
    80002248:	00fb8023          	sb	a5,0(s7)
    8000224c:	da018c93          	addi	s9,gp,-608 # 80007558 <gQuant1>
    80002250:	00048a13          	mv	s4,s1
    80002254:	0140006f          	j	80002268 <processMarkers+0x41c>
    80002258:	00fc9023          	sh	a5,0(s9)
    8000225c:	002c8c93          	addi	s9,s9,2
    80002260:	00248493          	addi	s1,s1,2
    80002264:	039a0a63          	beq	s4,s9,80002298 <processMarkers+0x44c>
    80002268:	00000593          	li	a1,0
    8000226c:	00800513          	li	a0,8
    80002270:	9d9ff0ef          	jal	80001c48 <getBits>
    80002274:	00050c13          	mv	s8,a0
    80002278:	06099e63          	bnez	s3,800022f4 <processMarkers+0x4a8>
    8000227c:	010c179b          	slliw	a5,s8,0x10
    80002280:	4107d79b          	sraiw	a5,a5,0x10
    80002284:	fc091ae3          	bnez	s2,80002258 <processMarkers+0x40c>
    80002288:	00f49023          	sh	a5,0(s1)
    8000228c:	002c8c93          	addi	s9,s9,2
    80002290:	00248493          	addi	s1,s1,2
    80002294:	fd9a1ae3          	bne	s4,s9,80002268 <processMarkers+0x41c>
    80002298:	000d8713          	mv	a4,s11
    8000229c:	00090463          	beqz	s2,800022a4 <processMarkers+0x458>
    800022a0:	000d0713          	mv	a4,s10
    800022a4:	00004697          	auipc	a3,0x4
    800022a8:	7dc68693          	addi	a3,a3,2012 # 80006a80 <gWinogradQuant>
    800022ac:	00071603          	lh	a2,0(a4)
    800022b0:	0006c783          	lbu	a5,0(a3)
    800022b4:	00270713          	addi	a4,a4,2
    800022b8:	00168693          	addi	a3,a3,1
    800022bc:	02c787b3          	mul	a5,a5,a2
    800022c0:	00478793          	addi	a5,a5,4
    800022c4:	4037d793          	srai	a5,a5,0x3
    800022c8:	fef71f23          	sh	a5,-2(a4)
    800022cc:	feda90e3          	bne	s5,a3,800022ac <processMarkers+0x460>
    800022d0:	08100793          	li	a5,129
    800022d4:	00099463          	bnez	s3,800022dc <processMarkers+0x490>
    800022d8:	04100793          	li	a5,65
    800022dc:	e4fb68e3          	bltu	s6,a5,8000212c <processMarkers+0x2e0>
    800022e0:	40fb07bb          	subw	a5,s6,a5
    800022e4:	03079b13          	slli	s6,a5,0x30
    800022e8:	030b5b13          	srli	s6,s6,0x30
    800022ec:	f20b14e3          	bnez	s6,80002214 <processMarkers+0x3c8>
    800022f0:	e3dff06f          	j	8000212c <processMarkers+0x2e0>
    800022f4:	00000593          	li	a1,0
    800022f8:	00800513          	li	a0,8
    800022fc:	94dff0ef          	jal	80001c48 <getBits>
    80002300:	008c179b          	slliw	a5,s8,0x8
    80002304:	00a787bb          	addw	a5,a5,a0
    80002308:	03079c13          	slli	s8,a5,0x30
    8000230c:	030c5c13          	srli	s8,s8,0x30
    80002310:	f6dff06f          	j	8000227c <processMarkers+0x430>
    80002314:	05013b03          	ld	s6,80(sp)
    80002318:	b49ff06f          	j	80001e60 <processMarkers+0x14>
    8000231c:	04013c03          	ld	s8,64(sp)
    80002320:	b41ff06f          	j	80001e60 <processMarkers+0x14>

0000000080002324 <pjpeg_decode_mcu>:
    80002324:	f7010113          	addi	sp,sp,-144
    80002328:	07413023          	sd	s4,96(sp)
    8000232c:	08113423          	sd	ra,136(sp)
    80002330:	05513c23          	sd	s5,88(sp)
    80002334:	84d18a13          	addi	s4,gp,-1971 # 80007005 <gCallbackStatus>
    80002338:	000a4a83          	lbu	s5,0(s4)
    8000233c:	000a9a63          	bnez	s5,80002350 <pjpeg_decode_mcu+0x2c>
    80002340:	86618793          	addi	a5,gp,-1946 # 8000701e <gNumMCUSRemaining>
    80002344:	0007d783          	lhu	a5,0(a5)
    80002348:	02079063          	bnez	a5,80002368 <pjpeg_decode_mcu+0x44>
    8000234c:	00100a93          	li	s5,1
    80002350:	08813083          	ld	ra,136(sp)
    80002354:	06013a03          	ld	s4,96(sp)
    80002358:	000a8513          	mv	a0,s5
    8000235c:	05813a83          	ld	s5,88(sp)
    80002360:	09010113          	addi	sp,sp,144
    80002364:	00008067          	ret
    80002368:	07213823          	sd	s2,112(sp)
    8000236c:	89018913          	addi	s2,gp,-1904 # 80007048 <gRestartInterval>
    80002370:	00095783          	lhu	a5,0(s2)
    80002374:	08813023          	sd	s0,128(sp)
    80002378:	06913c23          	sd	s1,120(sp)
    8000237c:	07313423          	sd	s3,104(sp)
    80002380:	1c079063          	bnez	a5,80002540 <pjpeg_decode_mcu+0x21c>
    80002384:	86e18693          	addi	a3,gp,-1938 # 80007026 <gMaxBlocksPerMCU>
    80002388:	0006c783          	lbu	a5,0(a3)
    8000238c:	1c078e63          	beqz	a5,80002568 <pjpeg_decode_mcu+0x244>
    80002390:	05613823          	sd	s6,80(sp)
    80002394:	05713423          	sd	s7,72(sp)
    80002398:	05813023          	sd	s8,64(sp)
    8000239c:	03913c23          	sd	s9,56(sp)
    800023a0:	03a13823          	sd	s10,48(sp)
    800023a4:	03b13423          	sd	s11,40(sp)
    800023a8:	86018993          	addi	s3,gp,-1952 # 80007018 <gMCUOrg>
    800023ac:	00000913          	li	s2,0
    800023b0:	92018413          	addi	s0,gp,-1760 # 800070d8 <gCoeffBuf>
    800023b4:	00004497          	auipc	s1,0x4
    800023b8:	68c48493          	addi	s1,s1,1676 # 80006a40 <CSWTCH.306>
    800023bc:	01513c23          	sd	s5,24(sp)
    800023c0:	00d13023          	sd	a3,0(sp)
    800023c4:	0009cb83          	lbu	s7,0(s3)
    800023c8:	89818793          	addi	a5,gp,-1896 # 80007050 <gCompQuant>
    800023cc:	e2018c93          	addi	s9,gp,-480 # 800075d8 <gQuant0>
    800023d0:	017787b3          	add	a5,a5,s7
    800023d4:	0007c703          	lbu	a4,0(a5)
    800023d8:	88018793          	addi	a5,gp,-1920 # 80007038 <gCompDCTab>
    800023dc:	017787b3          	add	a5,a5,s7
    800023e0:	0007c783          	lbu	a5,0(a5)
    800023e4:	00070463          	beqz	a4,800023ec <pjpeg_decode_mcu+0xc8>
    800023e8:	da018c93          	addi	s9,gp,-608 # 80007558 <gQuant1>
    800023ec:	2c078e63          	beqz	a5,800026c8 <pjpeg_decode_mcu+0x3a4>
    800023f0:	ea018513          	addi	a0,gp,-352 # 80007658 <gHuffTab1>
    800023f4:	ef018593          	addi	a1,gp,-272 # 800076a8 <gHuffVal1>
    800023f8:	f78ff0ef          	jal	80001b70 <huffDecode>
    800023fc:	00050b13          	mv	s6,a0
    80002400:	00f57513          	andi	a0,a0,15
    80002404:	00000613          	li	a2,0
    80002408:	2c051e63          	bnez	a0,800026e4 <pjpeg_decode_mcu+0x3c0>
    8000240c:	fffb0b1b          	addiw	s6,s6,-1
    80002410:	0ffb7b13          	zext.b	s6,s6
    80002414:	00e00793          	li	a5,14
    80002418:	0367e463          	bltu	a5,s6,80002440 <pjpeg_decode_mcu+0x11c>
    8000241c:	001b1793          	slli	a5,s6,0x1
    80002420:	00f487b3          	add	a5,s1,a5
    80002424:	0807d683          	lhu	a3,128(a5)
    80002428:	0006071b          	sext.w	a4,a2
    8000242c:	00d77a63          	bgeu	a4,a3,80002440 <pjpeg_decode_mcu+0x11c>
    80002430:	0a07d783          	lhu	a5,160(a5)
    80002434:	00c7863b          	addw	a2,a5,a2
    80002438:	03061613          	slli	a2,a2,0x30
    8000243c:	03065613          	srli	a2,a2,0x30
    80002440:	8c818793          	addi	a5,gp,-1848 # 80007080 <gLastDC>
    80002444:	001b9693          	slli	a3,s7,0x1
    80002448:	00d786b3          	add	a3,a5,a3
    8000244c:	0006d783          	lhu	a5,0(a3)
    80002450:	000cd583          	lhu	a1,0(s9)
    80002454:	87818713          	addi	a4,gp,-1928 # 80007030 <gCompACTab>
    80002458:	00c787bb          	addw	a5,a5,a2
    8000245c:	03079793          	slli	a5,a5,0x30
    80002460:	0307d793          	srli	a5,a5,0x30
    80002464:	02f5863b          	mulw	a2,a1,a5
    80002468:	01770733          	add	a4,a4,s7
    8000246c:	84c18593          	addi	a1,gp,-1972 # 80007004 <gReduce>
    80002470:	00074703          	lbu	a4,0(a4)
    80002474:	0005c583          	lbu	a1,0(a1)
    80002478:	00f69023          	sh	a5,0(a3)
    8000247c:	00e037b3          	snez	a5,a4
    80002480:	00c41023          	sh	a2,0(s0)
    80002484:	26058863          	beqz	a1,800026f4 <pjpeg_decode_mcu+0x3d0>
    80002488:	3c0788e3          	beqz	a5,80003058 <pjpeg_decode_mcu+0xd34>
    8000248c:	f6018b93          	addi	s7,gp,-160 # 80007718 <gHuffVal3>
    80002490:	16018c13          	addi	s8,gp,352 # 80007918 <gHuffTab3>
    80002494:	00100d93          	li	s11,1
    80002498:	00f00c93          	li	s9,15
    8000249c:	03000d13          	li	s10,48
    800024a0:	03f00b13          	li	s6,63
    800024a4:	000b8593          	mv	a1,s7
    800024a8:	000c0513          	mv	a0,s8
    800024ac:	ec4ff0ef          	jal	80001b70 <huffDecode>
    800024b0:	00050a93          	mv	s5,a0
    800024b4:	00f57513          	andi	a0,a0,15
    800024b8:	1a051c63          	bnez	a0,80002670 <pjpeg_decode_mcu+0x34c>
    800024bc:	004ada9b          	srliw	s5,s5,0x4
    800024c0:	0ffafa93          	zext.b	s5,s5
    800024c4:	019a9e63          	bne	s5,s9,800024e0 <pjpeg_decode_mcu+0x1bc>
    800024c8:	1dbd6463          	bltu	s10,s11,80002690 <pjpeg_decode_mcu+0x36c>
    800024cc:	00fd8d9b          	addiw	s11,s11,15
    800024d0:	0ffdfd93          	zext.b	s11,s11
    800024d4:	001d8d9b          	addiw	s11,s11,1
    800024d8:	0ffdfd93          	zext.b	s11,s11
    800024dc:	fdbb74e3          	bgeu	s6,s11,800024a4 <pjpeg_decode_mcu+0x180>
    800024e0:	00041783          	lh	a5,0(s0)
    800024e4:	0ff00713          	li	a4,255
    800024e8:	0407879b          	addiw	a5,a5,64
    800024ec:	0077d79b          	srliw	a5,a5,0x7
    800024f0:	0807879b          	addiw	a5,a5,128
    800024f4:	03079793          	slli	a5,a5,0x30
    800024f8:	0307d793          	srli	a5,a5,0x30
    800024fc:	3af77ae3          	bgeu	a4,a5,800030b0 <pjpeg_decode_mcu+0xd8c>
    80002500:	00f7d793          	srli	a5,a5,0xf
    80002504:	0017b793          	seqz	a5,a5
    80002508:	40f007bb          	negw	a5,a5
    8000250c:	0ff7f793          	zext.b	a5,a5
    80002510:	87018713          	addi	a4,gp,-1936 # 80007028 <gScanType>
    80002514:	00072603          	lw	a2,0(a4)
    80002518:	00400693          	li	a3,4
    8000251c:	0ac6e663          	bltu	a3,a2,800025c8 <pjpeg_decode_mcu+0x2a4>
    80002520:	00076703          	lwu	a4,0(a4)
    80002524:	00004697          	auipc	a3,0x4
    80002528:	4c468693          	addi	a3,a3,1220 # 800069e8 <__func__.0+0x10>
    8000252c:	00271713          	slli	a4,a4,0x2
    80002530:	00d70733          	add	a4,a4,a3
    80002534:	00072703          	lw	a4,0(a4)
    80002538:	00d70733          	add	a4,a4,a3
    8000253c:	00070067          	jr	a4
    80002540:	88c18493          	addi	s1,gp,-1908 # 80007044 <gRestartsLeft>
    80002544:	0004d783          	lhu	a5,0(s1)
    80002548:	380784e3          	beqz	a5,800030d0 <pjpeg_decode_mcu+0xdac>
    8000254c:	86e18693          	addi	a3,gp,-1938 # 80007026 <gMaxBlocksPerMCU>
    80002550:	0006c703          	lbu	a4,0(a3)
    80002554:	fff7879b          	addiw	a5,a5,-1
    80002558:	00f49023          	sh	a5,0(s1)
    8000255c:	e2071ae3          	bnez	a4,80002390 <pjpeg_decode_mcu+0x6c>
    80002560:	000a4783          	lbu	a5,0(s4)
    80002564:	34079ae3          	bnez	a5,800030b8 <pjpeg_decode_mcu+0xd94>
    80002568:	86618713          	addi	a4,gp,-1946 # 8000701e <gNumMCUSRemaining>
    8000256c:	00075783          	lhu	a5,0(a4)
    80002570:	08013403          	ld	s0,128(sp)
    80002574:	08813083          	ld	ra,136(sp)
    80002578:	fff7879b          	addiw	a5,a5,-1
    8000257c:	00f71023          	sh	a5,0(a4)
    80002580:	07813483          	ld	s1,120(sp)
    80002584:	07013903          	ld	s2,112(sp)
    80002588:	06813983          	ld	s3,104(sp)
    8000258c:	06013a03          	ld	s4,96(sp)
    80002590:	000a8513          	mv	a0,s5
    80002594:	05813a83          	ld	s5,88(sp)
    80002598:	09010113          	addi	sp,sp,144
    8000259c:	00008067          	ret
    800025a0:	00200713          	li	a4,2
    800025a4:	62e90ae3          	beq	s2,a4,800033d8 <pjpeg_decode_mcu+0x10b4>
    800025a8:	01277463          	bgeu	a4,s2,800025b0 <pjpeg_decode_mcu+0x28c>
    800025ac:	4100106f          	j	800039bc <pjpeg_decode_mcu+0x1698>
    800025b0:	08090663          	beqz	s2,8000263c <pjpeg_decode_mcu+0x318>
    800025b4:	30f40023          	sb	a5,768(s0)
    800025b8:	10f40023          	sb	a5,256(s0)
    800025bc:	20f40023          	sb	a5,512(s0)
    800025c0:	0080006f          	j	800025c8 <pjpeg_decode_mcu+0x2a4>
    800025c4:	28f40023          	sb	a5,640(s0)
    800025c8:	00013783          	ld	a5,0(sp)
    800025cc:	0019091b          	addiw	s2,s2,1
    800025d0:	0ff97913          	zext.b	s2,s2
    800025d4:	0007c783          	lbu	a5,0(a5)
    800025d8:	00198993          	addi	s3,s3,1
    800025dc:	def964e3          	bltu	s2,a5,800023c4 <pjpeg_decode_mcu+0xa0>
    800025e0:	01813a83          	ld	s5,24(sp)
    800025e4:	05013b03          	ld	s6,80(sp)
    800025e8:	04813b83          	ld	s7,72(sp)
    800025ec:	04013c03          	ld	s8,64(sp)
    800025f0:	03813c83          	ld	s9,56(sp)
    800025f4:	03013d03          	ld	s10,48(sp)
    800025f8:	02813d83          	ld	s11,40(sp)
    800025fc:	f65ff06f          	j	80002560 <pjpeg_decode_mcu+0x23c>
    80002600:	00200713          	li	a4,2
    80002604:	4ee900e3          	beq	s2,a4,800032e4 <pjpeg_decode_mcu+0xfc0>
    80002608:	01277463          	bgeu	a4,s2,80002610 <pjpeg_decode_mcu+0x2ec>
    8000260c:	4b00106f          	j	80003abc <pjpeg_decode_mcu+0x1798>
    80002610:	02090663          	beqz	s2,8000263c <pjpeg_decode_mcu+0x318>
    80002614:	2cf40023          	sb	a5,704(s0)
    80002618:	0cf40023          	sb	a5,192(s0)
    8000261c:	1cf40023          	sb	a5,448(s0)
    80002620:	fa9ff06f          	j	800025c8 <pjpeg_decode_mcu+0x2a4>
    80002624:	00100713          	li	a4,1
    80002628:	42e908e3          	beq	s2,a4,80003258 <pjpeg_decode_mcu+0xf34>
    8000262c:	00200713          	li	a4,2
    80002630:	00e91463          	bne	s2,a4,80002638 <pjpeg_decode_mcu+0x314>
    80002634:	6d40106f          	j	80003d08 <pjpeg_decode_mcu+0x19e4>
    80002638:	f80918e3          	bnez	s2,800025c8 <pjpeg_decode_mcu+0x2a4>
    8000263c:	28f40023          	sb	a5,640(s0)
    80002640:	08f40023          	sb	a5,128(s0)
    80002644:	18f40023          	sb	a5,384(s0)
    80002648:	f81ff06f          	j	800025c8 <pjpeg_decode_mcu+0x2a4>
    8000264c:	00500713          	li	a4,5
    80002650:	ff2766e3          	bltu	a4,s2,8000263c <pjpeg_decode_mcu+0x318>
    80002654:	00004697          	auipc	a3,0x4
    80002658:	3a868693          	addi	a3,a3,936 # 800069fc <__func__.0+0x24>
    8000265c:	00291713          	slli	a4,s2,0x2
    80002660:	00d70733          	add	a4,a4,a3
    80002664:	00072703          	lw	a4,0(a4)
    80002668:	00d70733          	add	a4,a4,a3
    8000266c:	00070067          	jr	a4
    80002670:	004ada9b          	srliw	s5,s5,0x4
    80002674:	00100593          	li	a1,1
    80002678:	0ffafa93          	zext.b	s5,s5
    8000267c:	dccff0ef          	jal	80001c48 <getBits>
    80002680:	e40a8ae3          	beqz	s5,800024d4 <pjpeg_decode_mcu+0x1b0>
    80002684:	015d87b3          	add	a5,s11,s5
    80002688:	015d8dbb          	addw	s11,s11,s5
    8000268c:	e4fb52e3          	bge	s6,a5,800024d0 <pjpeg_decode_mcu+0x1ac>
    80002690:	05013b03          	ld	s6,80(sp)
    80002694:	04813b83          	ld	s7,72(sp)
    80002698:	04013c03          	ld	s8,64(sp)
    8000269c:	03813c83          	ld	s9,56(sp)
    800026a0:	03013d03          	ld	s10,48(sp)
    800026a4:	02813d83          	ld	s11,40(sp)
    800026a8:	01c00a93          	li	s5,28
    800026ac:	000a4783          	lbu	a5,0(s4)
    800026b0:	200794e3          	bnez	a5,800030b8 <pjpeg_decode_mcu+0xd94>
    800026b4:	08013403          	ld	s0,128(sp)
    800026b8:	07813483          	ld	s1,120(sp)
    800026bc:	07013903          	ld	s2,112(sp)
    800026c0:	06813983          	ld	s3,104(sp)
    800026c4:	c8dff06f          	j	80002350 <pjpeg_decode_mcu+0x2c>
    800026c8:	f0018513          	addi	a0,gp,-256 # 800076b8 <gHuffTab0>
    800026cc:	f5018593          	addi	a1,gp,-176 # 80007708 <gHuffVal0>
    800026d0:	ca0ff0ef          	jal	80001b70 <huffDecode>
    800026d4:	00050b13          	mv	s6,a0
    800026d8:	00f57513          	andi	a0,a0,15
    800026dc:	00000613          	li	a2,0
    800026e0:	d20506e3          	beqz	a0,8000240c <pjpeg_decode_mcu+0xe8>
    800026e4:	00100593          	li	a1,1
    800026e8:	d60ff0ef          	jal	80001c48 <getBits>
    800026ec:	00050613          	mv	a2,a0
    800026f0:	d1dff06f          	j	8000240c <pjpeg_decode_mcu+0xe8>
    800026f4:	14078ce3          	beqz	a5,8000304c <pjpeg_decode_mcu+0xd28>
    800026f8:	f6018b93          	addi	s7,gp,-160 # 80007718 <gHuffVal3>
    800026fc:	16018c13          	addi	s8,gp,352 # 80007918 <gHuffTab3>
    80002700:	00100a93          	li	s5,1
    80002704:	00f00d13          	li	s10,15
    80002708:	03000d93          	li	s11,48
    8000270c:	03f00b13          	li	s6,63
    80002710:	01213423          	sd	s2,8(sp)
    80002714:	01313823          	sd	s3,16(sp)
    80002718:	000b8593          	mv	a1,s7
    8000271c:	000c0513          	mv	a0,s8
    80002720:	c50ff0ef          	jal	80001b70 <huffDecode>
    80002724:	00f57913          	andi	s2,a0,15
    80002728:	00050993          	mv	s3,a0
    8000272c:	2c091863          	bnez	s2,800029fc <pjpeg_decode_mcu+0x6d8>
    80002730:	0045579b          	srliw	a5,a0,0x4
    80002734:	0ff7f793          	zext.b	a5,a5
    80002738:	13a796e3          	bne	a5,s10,80003064 <pjpeg_decode_mcu+0xd40>
    8000273c:	f55deae3          	bltu	s11,s5,80002690 <pjpeg_decode_mcu+0x36c>
    80002740:	010a871b          	addiw	a4,s5,16
    80002744:	0ff77713          	zext.b	a4,a4
    80002748:	000a879b          	sext.w	a5,s5
    8000274c:	00f487b3          	add	a5,s1,a5
    80002750:	0c078783          	lb	a5,192(a5)
    80002754:	001a8a9b          	addiw	s5,s5,1
    80002758:	0ffafa93          	zext.b	s5,s5
    8000275c:	00179793          	slli	a5,a5,0x1
    80002760:	00f407b3          	add	a5,s0,a5
    80002764:	00079023          	sh	zero,0(a5)
    80002768:	feea90e3          	bne	s5,a4,80002748 <pjpeg_decode_mcu+0x424>
    8000276c:	fb5b76e3          	bgeu	s6,s5,80002718 <pjpeg_decode_mcu+0x3f4>
    80002770:	00813903          	ld	s2,8(sp)
    80002774:	01013983          	ld	s3,16(sp)
    80002778:	92018793          	addi	a5,gp,-1760 # 800070d8 <gCoeffBuf>
    8000277c:	9a018313          	addi	t1,gp,-1632 # 80007158 <gMCUBufG>
    80002780:	0c400e13          	li	t3,196
    80002784:	11500893          	li	a7,277
    80002788:	29d00813          	li	a6,669
    8000278c:	16a00513          	li	a0,362
    80002790:	2140006f          	j	800029a4 <pjpeg_decode_mcu+0x680>
    80002794:	030e9b13          	slli	s6,t4,0x30
    80002798:	03061613          	slli	a2,a2,0x30
    8000279c:	030b5b13          	srli	s6,s6,0x30
    800027a0:	03065613          	srli	a2,a2,0x30
    800027a4:	41660ebb          	subw	t4,a2,s6
    800027a8:	03059593          	slli	a1,a1,0x30
    800027ac:	030f1f13          	slli	t5,t5,0x30
    800027b0:	030e9e93          	slli	t4,t4,0x30
    800027b4:	030f5f13          	srli	t5,t5,0x30
    800027b8:	0305d593          	srli	a1,a1,0x30
    800027bc:	030ede93          	srli	t4,t4,0x30
    800027c0:	40be83bb          	subw	t2,t4,a1
    800027c4:	41e586bb          	subw	a3,a1,t5
    800027c8:	01e383bb          	addw	t2,t2,t5
    800027cc:	0106969b          	slliw	a3,a3,0x10
    800027d0:	4106d69b          	sraiw	a3,a3,0x10
    800027d4:	0103939b          	slliw	t2,t2,0x10
    800027d8:	0166063b          	addw	a2,a2,s6
    800027dc:	01e585bb          	addw	a1,a1,t5
    800027e0:	031686b3          	mul	a3,a3,a7
    800027e4:	4103d39b          	sraiw	t2,t2,0x10
    800027e8:	03061613          	slli	a2,a2,0x30
    800027ec:	03059593          	slli	a1,a1,0x30
    800027f0:	030a9a93          	slli	s5,s5,0x30
    800027f4:	03029293          	slli	t0,t0,0x30
    800027f8:	0305d593          	srli	a1,a1,0x30
    800027fc:	0302d293          	srli	t0,t0,0x30
    80002800:	03065613          	srli	a2,a2,0x30
    80002804:	030ada93          	srli	s5,s5,0x30
    80002808:	03c383b3          	mul	t2,t2,t3
    8000280c:	40c58f3b          	subw	t5,a1,a2
    80002810:	405a8bbb          	subw	s7,s5,t0
    80002814:	010f1f1b          	slliw	t5,t5,0x10
    80002818:	010b9b9b          	slliw	s7,s7,0x10
    8000281c:	030f9b13          	slli	s6,t6,0x30
    80002820:	410f5f1b          	sraiw	t5,t5,0x10
    80002824:	410bdb9b          	sraiw	s7,s7,0x10
    80002828:	03071713          	slli	a4,a4,0x30
    8000282c:	030b5b13          	srli	s6,s6,0x30
    80002830:	03075713          	srli	a4,a4,0x30
    80002834:	02af0f33          	mul	t5,t5,a0
    80002838:	010e9e9b          	slliw	t4,t4,0x10
    8000283c:	410ede9b          	sraiw	t4,t4,0x10
    80002840:	00b6063b          	addw	a2,a2,a1
    80002844:	416705bb          	subw	a1,a4,s6
    80002848:	0167073b          	addw	a4,a4,s6
    8000284c:	03071c13          	slli	s8,a4,0x30
    80002850:	08068693          	addi	a3,a3,128
    80002854:	4086d693          	srai	a3,a3,0x8
    80002858:	08038393          	addi	t2,t2,128
    8000285c:	02ab8bb3          	mul	s7,s7,a0
    80002860:	03061613          	slli	a2,a2,0x30
    80002864:	03069693          	slli	a3,a3,0x30
    80002868:	4083d393          	srai	t2,t2,0x8
    8000286c:	03065613          	srli	a2,a2,0x30
    80002870:	0306d693          	srli	a3,a3,0x30
    80002874:	03039393          	slli	t2,t2,0x30
    80002878:	0303d393          	srli	t2,t2,0x30
    8000287c:	40d60fbb          	subw	t6,a2,a3
    80002880:	007f8fbb          	addw	t6,t6,t2
    80002884:	030e8733          	mul	a4,t4,a6
    80002888:	005a8abb          	addw	s5,s5,t0
    8000288c:	030a9a93          	slli	s5,s5,0x30
    80002890:	080f0f13          	addi	t5,t5,128
    80002894:	030f9f93          	slli	t6,t6,0x30
    80002898:	03059593          	slli	a1,a1,0x30
    8000289c:	080b8b93          	addi	s7,s7,128
    800028a0:	030ada93          	srli	s5,s5,0x30
    800028a4:	0305d593          	srli	a1,a1,0x30
    800028a8:	030fdf93          	srli	t6,t6,0x30
    800028ac:	408f5f13          	srai	t5,t5,0x8
    800028b0:	408bdb93          	srai	s7,s7,0x8
    800028b4:	415582bb          	subw	t0,a1,s5
    800028b8:	01558ebb          	addw	t4,a1,s5
    800028bc:	01ff0f3b          	addw	t5,t5,t6
    800028c0:	08070593          	addi	a1,a4,128
    800028c4:	030b9b93          	slli	s7,s7,0x30
    800028c8:	030bdb93          	srli	s7,s7,0x30
    800028cc:	030f1f13          	slli	t5,t5,0x30
    800028d0:	4085d593          	srai	a1,a1,0x8
    800028d4:	030f5f13          	srli	t5,t5,0x30
    800028d8:	030c5c13          	srli	s8,s8,0x30
    800028dc:	017282bb          	addw	t0,t0,s7
    800028e0:	40b385bb          	subw	a1,t2,a1
    800028e4:	015c0b3b          	addw	s6,s8,s5
    800028e8:	417e8ebb          	subw	t4,t4,s7
    800028ec:	01e585bb          	addw	a1,a1,t5
    800028f0:	03029293          	slli	t0,t0,0x30
    800028f4:	415c0abb          	subw	s5,s8,s5
    800028f8:	0302d293          	srli	t0,t0,0x30
    800028fc:	40c686bb          	subw	a3,a3,a2
    80002900:	030b1713          	slli	a4,s6,0x30
    80002904:	03059593          	slli	a1,a1,0x30
    80002908:	030a9a93          	slli	s5,s5,0x30
    8000290c:	030e9e93          	slli	t4,t4,0x30
    80002910:	0305d593          	srli	a1,a1,0x30
    80002914:	03075713          	srli	a4,a4,0x30
    80002918:	030ada93          	srli	s5,s5,0x30
    8000291c:	030ede93          	srli	t4,t4,0x30
    80002920:	005686bb          	addw	a3,a3,t0
    80002924:	00e60bbb          	addw	s7,a2,a4
    80002928:	01df0b3b          	addw	s6,t5,t4
    8000292c:	407686bb          	subw	a3,a3,t2
    80002930:	41ee8ebb          	subw	t4,t4,t5
    80002934:	40ba83bb          	subw	t2,s5,a1
    80002938:	005f8fbb          	addw	t6,t6,t0
    8000293c:	40c7073b          	subw	a4,a4,a2
    80002940:	015585bb          	addw	a1,a1,s5
    80002944:	0106969b          	slliw	a3,a3,0x10
    80002948:	010b129b          	slliw	t0,s6,0x10
    8000294c:	01039f1b          	slliw	t5,t2,0x10
    80002950:	0105959b          	slliw	a1,a1,0x10
    80002954:	010e961b          	slliw	a2,t4,0x10
    80002958:	010f9f9b          	slliw	t6,t6,0x10
    8000295c:	0107171b          	slliw	a4,a4,0x10
    80002960:	01779023          	sh	s7,0(a5)
    80002964:	4106d69b          	sraiw	a3,a3,0x10
    80002968:	4102d29b          	sraiw	t0,t0,0x10
    8000296c:	410f5f1b          	sraiw	t5,t5,0x10
    80002970:	4105d59b          	sraiw	a1,a1,0x10
    80002974:	4106561b          	sraiw	a2,a2,0x10
    80002978:	410fdf9b          	sraiw	t6,t6,0x10
    8000297c:	4107571b          	sraiw	a4,a4,0x10
    80002980:	00d79123          	sh	a3,2(a5)
    80002984:	00579223          	sh	t0,4(a5)
    80002988:	01e79323          	sh	t5,6(a5)
    8000298c:	00b79423          	sh	a1,8(a5)
    80002990:	00c79523          	sh	a2,10(a5)
    80002994:	01f79623          	sh	t6,12(a5)
    80002998:	00e79723          	sh	a4,14(a5)
    8000299c:	01078793          	addi	a5,a5,16
    800029a0:	10678a63          	beq	a5,t1,80002ab4 <pjpeg_decode_mcu+0x790>
    800029a4:	00279583          	lh	a1,2(a5)
    800029a8:	00479a83          	lh	s5,4(a5)
    800029ac:	00679e83          	lh	t4,6(a5)
    800029b0:	00879f83          	lh	t6,8(a5)
    800029b4:	00a79603          	lh	a2,10(a5)
    800029b8:	0155e6b3          	or	a3,a1,s5
    800029bc:	00c79283          	lh	t0,12(a5)
    800029c0:	00dee6b3          	or	a3,t4,a3
    800029c4:	00e79f03          	lh	t5,14(a5)
    800029c8:	00dfe6b3          	or	a3,t6,a3
    800029cc:	00d666b3          	or	a3,a2,a3
    800029d0:	00d2e6b3          	or	a3,t0,a3
    800029d4:	00df66b3          	or	a3,t5,a3
    800029d8:	00079703          	lh	a4,0(a5)
    800029dc:	da069ce3          	bnez	a3,80002794 <pjpeg_decode_mcu+0x470>
    800029e0:	00070693          	mv	a3,a4
    800029e4:	00070293          	mv	t0,a4
    800029e8:	00070f13          	mv	t5,a4
    800029ec:	00070593          	mv	a1,a4
    800029f0:	00070613          	mv	a2,a4
    800029f4:	00070f93          	mv	t6,a4
    800029f8:	f89ff06f          	j	80002980 <pjpeg_decode_mcu+0x65c>
    800029fc:	00100593          	li	a1,1
    80002a00:	00090513          	mv	a0,s2
    80002a04:	a44ff0ef          	jal	80001c48 <getBits>
    80002a08:	0049d79b          	srliw	a5,s3,0x4
    80002a0c:	0ff7f793          	zext.b	a5,a5
    80002a10:	06079263          	bnez	a5,80002a74 <pjpeg_decode_mcu+0x750>
    80002a14:	fff9079b          	addiw	a5,s2,-1
    80002a18:	0ff7f793          	zext.b	a5,a5
    80002a1c:	00179793          	slli	a5,a5,0x1
    80002a20:	00f487b3          	add	a5,s1,a5
    80002a24:	0807d683          	lhu	a3,128(a5)
    80002a28:	0005071b          	sext.w	a4,a0
    80002a2c:	00d77a63          	bgeu	a4,a3,80002a40 <pjpeg_decode_mcu+0x71c>
    80002a30:	0a07d783          	lhu	a5,160(a5)
    80002a34:	00a787bb          	addw	a5,a5,a0
    80002a38:	03079513          	slli	a0,a5,0x30
    80002a3c:	03055513          	srli	a0,a0,0x30
    80002a40:	001a9793          	slli	a5,s5,0x1
    80002a44:	00fc87b3          	add	a5,s9,a5
    80002a48:	0007d703          	lhu	a4,0(a5)
    80002a4c:	015487b3          	add	a5,s1,s5
    80002a50:	0c078783          	lb	a5,192(a5)
    80002a54:	02a7073b          	mulw	a4,a4,a0
    80002a58:	001a8a9b          	addiw	s5,s5,1
    80002a5c:	00179793          	slli	a5,a5,0x1
    80002a60:	00f407b3          	add	a5,s0,a5
    80002a64:	0ffafa93          	zext.b	s5,s5
    80002a68:	00e79023          	sh	a4,0(a5)
    80002a6c:	cb5b76e3          	bgeu	s6,s5,80002718 <pjpeg_decode_mcu+0x3f4>
    80002a70:	d01ff06f          	j	80002770 <pjpeg_decode_mcu+0x44c>
    80002a74:	015786b3          	add	a3,a5,s5
    80002a78:	01578abb          	addw	s5,a5,s5
    80002a7c:	c0db4ae3          	blt	s6,a3,80002690 <pjpeg_decode_mcu+0x36c>
    80002a80:	0ffafa93          	zext.b	s5,s5
    80002a84:	40fa873b          	subw	a4,s5,a5
    80002a88:	0ff77713          	zext.b	a4,a4
    80002a8c:	00e48733          	add	a4,s1,a4
    80002a90:	0c070703          	lb	a4,192(a4)
    80002a94:	fff7879b          	addiw	a5,a5,-1
    80002a98:	03079793          	slli	a5,a5,0x30
    80002a9c:	00171713          	slli	a4,a4,0x1
    80002aa0:	00e40733          	add	a4,s0,a4
    80002aa4:	0307d793          	srli	a5,a5,0x30
    80002aa8:	00071023          	sh	zero,0(a4)
    80002aac:	fc079ce3          	bnez	a5,80002a84 <pjpeg_decode_mcu+0x760>
    80002ab0:	f65ff06f          	j	80002a14 <pjpeg_decode_mcu+0x6f0>
    80002ab4:	92018713          	addi	a4,gp,-1760 # 800070d8 <gCoeffBuf>
    80002ab8:	93018f13          	addi	t5,gp,-1744 # 800070e8 <gCoeffBuf+0x10>
    80002abc:	0c400b13          	li	s6,196
    80002ac0:	11500393          	li	t2,277
    80002ac4:	29d00293          	li	t0,669
    80002ac8:	16a00f93          	li	t6,362
    80002acc:	0ff00e13          	li	t3,255
    80002ad0:	07c0006f          	j	80002b4c <pjpeg_decode_mcu+0x828>
    80002ad4:	0407879b          	addiw	a5,a5,64
    80002ad8:	0077d79b          	srliw	a5,a5,0x7
    80002adc:	0807879b          	addiw	a5,a5,128
    80002ae0:	03079693          	slli	a3,a5,0x30
    80002ae4:	0306d693          	srli	a3,a3,0x30
    80002ae8:	0ff7f793          	zext.b	a5,a5
    80002aec:	00de7a63          	bgeu	t3,a3,80002b00 <pjpeg_decode_mcu+0x7dc>
    80002af0:	00f6d793          	srli	a5,a3,0xf
    80002af4:	0017b793          	seqz	a5,a5
    80002af8:	40f007bb          	negw	a5,a5
    80002afc:	0ff7f793          	zext.b	a5,a5
    80002b00:	0107979b          	slliw	a5,a5,0x10
    80002b04:	4107d79b          	sraiw	a5,a5,0x10
    80002b08:	00078893          	mv	a7,a5
    80002b0c:	00078813          	mv	a6,a5
    80002b10:	00078513          	mv	a0,a5
    80002b14:	00078593          	mv	a1,a5
    80002b18:	00078693          	mv	a3,a5
    80002b1c:	00078e93          	mv	t4,a5
    80002b20:	00078613          	mv	a2,a5
    80002b24:	01171023          	sh	a7,0(a4)
    80002b28:	01071823          	sh	a6,16(a4)
    80002b2c:	02a71023          	sh	a0,32(a4)
    80002b30:	02b71823          	sh	a1,48(a4)
    80002b34:	04d71023          	sh	a3,64(a4)
    80002b38:	05d71823          	sh	t4,80(a4)
    80002b3c:	06c71023          	sh	a2,96(a4)
    80002b40:	06f71823          	sh	a5,112(a4)
    80002b44:	00270713          	addi	a4,a4,2
    80002b48:	39e70e63          	beq	a4,t5,80002ee4 <pjpeg_decode_mcu+0xbc0>
    80002b4c:	01071803          	lh	a6,16(a4)
    80002b50:	02071e83          	lh	t4,32(a4)
    80002b54:	03071a83          	lh	s5,48(a4)
    80002b58:	04071883          	lh	a7,64(a4)
    80002b5c:	05071583          	lh	a1,80(a4)
    80002b60:	010ee6b3          	or	a3,t4,a6
    80002b64:	06071603          	lh	a2,96(a4)
    80002b68:	00dae6b3          	or	a3,s5,a3
    80002b6c:	07071503          	lh	a0,112(a4)
    80002b70:	00d8e6b3          	or	a3,a7,a3
    80002b74:	00d5e6b3          	or	a3,a1,a3
    80002b78:	00d666b3          	or	a3,a2,a3
    80002b7c:	00d566b3          	or	a3,a0,a3
    80002b80:	00071783          	lh	a5,0(a4)
    80002b84:	f40688e3          	beqz	a3,80002ad4 <pjpeg_decode_mcu+0x7b0>
    80002b88:	030a9693          	slli	a3,s5,0x30
    80002b8c:	03059593          	slli	a1,a1,0x30
    80002b90:	0305d593          	srli	a1,a1,0x30
    80002b94:	03081b93          	slli	s7,a6,0x30
    80002b98:	0306d693          	srli	a3,a3,0x30
    80002b9c:	03051513          	slli	a0,a0,0x30
    80002ba0:	030bdb93          	srli	s7,s7,0x30
    80002ba4:	03055513          	srli	a0,a0,0x30
    80002ba8:	40d5883b          	subw	a6,a1,a3
    80002bac:	01750dbb          	addw	s11,a0,s7
    80002bb0:	00b686bb          	addw	a3,a3,a1
    80002bb4:	03081813          	slli	a6,a6,0x30
    80002bb8:	40ab85bb          	subw	a1,s7,a0
    80002bbc:	03085813          	srli	a6,a6,0x30
    80002bc0:	03069a93          	slli	s5,a3,0x30
    80002bc4:	030d9d93          	slli	s11,s11,0x30
    80002bc8:	030ada93          	srli	s5,s5,0x30
    80002bcc:	417806bb          	subw	a3,a6,s7
    80002bd0:	030ddd93          	srli	s11,s11,0x30
    80002bd4:	01059b9b          	slliw	s7,a1,0x10
    80002bd8:	030e9c13          	slli	s8,t4,0x30
    80002bdc:	03061613          	slli	a2,a2,0x30
    80002be0:	030c5c13          	srli	s8,s8,0x30
    80002be4:	415d85bb          	subw	a1,s11,s5
    80002be8:	03065613          	srli	a2,a2,0x30
    80002bec:	00a686bb          	addw	a3,a3,a0
    80002bf0:	410bdb9b          	sraiw	s7,s7,0x10
    80002bf4:	40cc053b          	subw	a0,s8,a2
    80002bf8:	027b8bb3          	mul	s7,s7,t2
    80002bfc:	0105959b          	slliw	a1,a1,0x10
    80002c00:	0106969b          	slliw	a3,a3,0x10
    80002c04:	4105d59b          	sraiw	a1,a1,0x10
    80002c08:	4106d69b          	sraiw	a3,a3,0x10
    80002c0c:	0105151b          	slliw	a0,a0,0x10
    80002c10:	0108181b          	slliw	a6,a6,0x10
    80002c14:	4105551b          	sraiw	a0,a0,0x10
    80002c18:	4108581b          	sraiw	a6,a6,0x10
    80002c1c:	03079e93          	slli	t4,a5,0x30
    80002c20:	03f585b3          	mul	a1,a1,t6
    80002c24:	03089d13          	slli	s10,a7,0x30
    80002c28:	030ede93          	srli	t4,t4,0x30
    80002c2c:	030d5d13          	srli	s10,s10,0x30
    80002c30:	01dd0cbb          	addw	s9,s10,t4
    80002c34:	0186063b          	addw	a2,a2,s8
    80002c38:	03061c13          	slli	s8,a2,0x30
    80002c3c:	030c9c93          	slli	s9,s9,0x30
    80002c40:	015d863b          	addw	a2,s11,s5
    80002c44:	030c5c13          	srli	s8,s8,0x30
    80002c48:	036686b3          	mul	a3,a3,s6
    80002c4c:	030cdc93          	srli	s9,s9,0x30
    80002c50:	03061613          	slli	a2,a2,0x30
    80002c54:	03065613          	srli	a2,a2,0x30
    80002c58:	019c07bb          	addw	a5,s8,s9
    80002c5c:	080b8b93          	addi	s7,s7,128
    80002c60:	01061a9b          	slliw	s5,a2,0x10
    80002c64:	408bdb93          	srai	s7,s7,0x8
    80002c68:	0107979b          	slliw	a5,a5,0x10
    80002c6c:	4107d79b          	sraiw	a5,a5,0x10
    80002c70:	03f50533          	mul	a0,a0,t6
    80002c74:	08058593          	addi	a1,a1,128
    80002c78:	410ada9b          	sraiw	s5,s5,0x10
    80002c7c:	030b9b93          	slli	s7,s7,0x30
    80002c80:	08068693          	addi	a3,a3,128
    80002c84:	030bdb93          	srli	s7,s7,0x30
    80002c88:	4085d593          	srai	a1,a1,0x8
    80002c8c:	00fa88bb          	addw	a7,s5,a5
    80002c90:	41ae8ebb          	subw	t4,t4,s10
    80002c94:	4086d693          	srai	a3,a3,0x8
    80002c98:	02580833          	mul	a6,a6,t0
    80002c9c:	08050513          	addi	a0,a0,128
    80002ca0:	417585bb          	subw	a1,a1,s7
    80002ca4:	0408889b          	addiw	a7,a7,64
    80002ca8:	030e9e93          	slli	t4,t4,0x30
    80002cac:	03069693          	slli	a3,a3,0x30
    80002cb0:	40855513          	srai	a0,a0,0x8
    80002cb4:	0306d693          	srli	a3,a3,0x30
    80002cb8:	030ede93          	srli	t4,t4,0x30
    80002cbc:	00c585bb          	addw	a1,a1,a2
    80002cc0:	08080813          	addi	a6,a6,128
    80002cc4:	0078d89b          	srliw	a7,a7,0x7
    80002cc8:	40885813          	srai	a6,a6,0x8
    80002ccc:	03051513          	slli	a0,a0,0x30
    80002cd0:	00d585bb          	addw	a1,a1,a3
    80002cd4:	0808889b          	addiw	a7,a7,128
    80002cd8:	40cb8bbb          	subw	s7,s7,a2
    80002cdc:	4106883b          	subw	a6,a3,a6
    80002ce0:	418e863b          	subw	a2,t4,s8
    80002ce4:	03055513          	srli	a0,a0,0x30
    80002ce8:	01dc0ebb          	addw	t4,s8,t4
    80002cec:	40db8bbb          	subw	s7,s7,a3
    80002cf0:	418c8cbb          	subw	s9,s9,s8
    80002cf4:	010586bb          	addw	a3,a1,a6
    80002cf8:	00a6063b          	addw	a2,a2,a0
    80002cfc:	03089813          	slli	a6,a7,0x30
    80002d00:	40ae8ebb          	subw	t4,t4,a0
    80002d04:	010b9b9b          	slliw	s7,s7,0x10
    80002d08:	01059c1b          	slliw	s8,a1,0x10
    80002d0c:	0106969b          	slliw	a3,a3,0x10
    80002d10:	010c9c9b          	slliw	s9,s9,0x10
    80002d14:	0106161b          	slliw	a2,a2,0x10
    80002d18:	010e9e9b          	slliw	t4,t4,0x10
    80002d1c:	03085813          	srli	a6,a6,0x30
    80002d20:	410bdb9b          	sraiw	s7,s7,0x10
    80002d24:	410c5c1b          	sraiw	s8,s8,0x10
    80002d28:	4106d69b          	sraiw	a3,a3,0x10
    80002d2c:	410cdc9b          	sraiw	s9,s9,0x10
    80002d30:	4106561b          	sraiw	a2,a2,0x10
    80002d34:	410ede9b          	sraiw	t4,t4,0x10
    80002d38:	0ff8f893          	zext.b	a7,a7
    80002d3c:	010e7a63          	bgeu	t3,a6,80002d50 <pjpeg_decode_mcu+0xa2c>
    80002d40:	00f85593          	srli	a1,a6,0xf
    80002d44:	0015b593          	seqz	a1,a1
    80002d48:	40b005bb          	negw	a1,a1
    80002d4c:	0ff5f893          	zext.b	a7,a1
    80002d50:	00cb883b          	addw	a6,s7,a2
    80002d54:	0408081b          	addiw	a6,a6,64
    80002d58:	0078581b          	srliw	a6,a6,0x7
    80002d5c:	0808081b          	addiw	a6,a6,128
    80002d60:	03081593          	slli	a1,a6,0x30
    80002d64:	0108989b          	slliw	a7,a7,0x10
    80002d68:	0305d593          	srli	a1,a1,0x30
    80002d6c:	4108d89b          	sraiw	a7,a7,0x10
    80002d70:	0ff87813          	zext.b	a6,a6
    80002d74:	00be7a63          	bgeu	t3,a1,80002d88 <pjpeg_decode_mcu+0xa64>
    80002d78:	00f5d593          	srli	a1,a1,0xf
    80002d7c:	0015b593          	seqz	a1,a1
    80002d80:	40b005bb          	negw	a1,a1
    80002d84:	0ff5f813          	zext.b	a6,a1
    80002d88:	01dc053b          	addw	a0,s8,t4
    80002d8c:	0405051b          	addiw	a0,a0,64
    80002d90:	0075551b          	srliw	a0,a0,0x7
    80002d94:	0805051b          	addiw	a0,a0,128
    80002d98:	03051593          	slli	a1,a0,0x30
    80002d9c:	0108181b          	slliw	a6,a6,0x10
    80002da0:	0305d593          	srli	a1,a1,0x30
    80002da4:	4108581b          	sraiw	a6,a6,0x10
    80002da8:	0ff57513          	zext.b	a0,a0
    80002dac:	00be7a63          	bgeu	t3,a1,80002dc0 <pjpeg_decode_mcu+0xa9c>
    80002db0:	00f5d593          	srli	a1,a1,0xf
    80002db4:	0015b593          	seqz	a1,a1
    80002db8:	40b005bb          	negw	a1,a1
    80002dbc:	0ff5f513          	zext.b	a0,a1
    80002dc0:	40dc85bb          	subw	a1,s9,a3
    80002dc4:	0405859b          	addiw	a1,a1,64
    80002dc8:	0075d59b          	srliw	a1,a1,0x7
    80002dcc:	0805859b          	addiw	a1,a1,128
    80002dd0:	03059d13          	slli	s10,a1,0x30
    80002dd4:	0105151b          	slliw	a0,a0,0x10
    80002dd8:	030d5d13          	srli	s10,s10,0x30
    80002ddc:	4105551b          	sraiw	a0,a0,0x10
    80002de0:	0ff5f593          	zext.b	a1,a1
    80002de4:	01ae7a63          	bgeu	t3,s10,80002df8 <pjpeg_decode_mcu+0xad4>
    80002de8:	00fd5593          	srli	a1,s10,0xf
    80002dec:	0015b593          	seqz	a1,a1
    80002df0:	40b005bb          	negw	a1,a1
    80002df4:	0ff5f593          	zext.b	a1,a1
    80002df8:	019686bb          	addw	a3,a3,s9
    80002dfc:	0406869b          	addiw	a3,a3,64
    80002e00:	0076d69b          	srliw	a3,a3,0x7
    80002e04:	0806869b          	addiw	a3,a3,128
    80002e08:	03069c93          	slli	s9,a3,0x30
    80002e0c:	0105959b          	slliw	a1,a1,0x10
    80002e10:	030cdc93          	srli	s9,s9,0x30
    80002e14:	4105d59b          	sraiw	a1,a1,0x10
    80002e18:	0ff6f693          	zext.b	a3,a3
    80002e1c:	019e7a63          	bgeu	t3,s9,80002e30 <pjpeg_decode_mcu+0xb0c>
    80002e20:	00fcd693          	srli	a3,s9,0xf
    80002e24:	0016b693          	seqz	a3,a3
    80002e28:	40d006bb          	negw	a3,a3
    80002e2c:	0ff6f693          	zext.b	a3,a3
    80002e30:	418e8ebb          	subw	t4,t4,s8
    80002e34:	040e8e9b          	addiw	t4,t4,64
    80002e38:	007ede9b          	srliw	t4,t4,0x7
    80002e3c:	080e8e9b          	addiw	t4,t4,128
    80002e40:	030e9c13          	slli	s8,t4,0x30
    80002e44:	0106969b          	slliw	a3,a3,0x10
    80002e48:	030c5c13          	srli	s8,s8,0x30
    80002e4c:	4106d69b          	sraiw	a3,a3,0x10
    80002e50:	0ffefe93          	zext.b	t4,t4
    80002e54:	018e7a63          	bgeu	t3,s8,80002e68 <pjpeg_decode_mcu+0xb44>
    80002e58:	00fc5e93          	srli	t4,s8,0xf
    80002e5c:	001ebe93          	seqz	t4,t4
    80002e60:	41d00ebb          	negw	t4,t4
    80002e64:	0ffefe93          	zext.b	t4,t4
    80002e68:	4176063b          	subw	a2,a2,s7
    80002e6c:	0406061b          	addiw	a2,a2,64
    80002e70:	0076561b          	srliw	a2,a2,0x7
    80002e74:	0806061b          	addiw	a2,a2,128
    80002e78:	03061b93          	slli	s7,a2,0x30
    80002e7c:	010e9e9b          	slliw	t4,t4,0x10
    80002e80:	030bdb93          	srli	s7,s7,0x30
    80002e84:	410ede9b          	sraiw	t4,t4,0x10
    80002e88:	0ff67613          	zext.b	a2,a2
    80002e8c:	017e7a63          	bgeu	t3,s7,80002ea0 <pjpeg_decode_mcu+0xb7c>
    80002e90:	00fbd613          	srli	a2,s7,0xf
    80002e94:	00163613          	seqz	a2,a2
    80002e98:	40c0063b          	negw	a2,a2
    80002e9c:	0ff67613          	zext.b	a2,a2
    80002ea0:	415787bb          	subw	a5,a5,s5
    80002ea4:	0407879b          	addiw	a5,a5,64
    80002ea8:	0077d79b          	srliw	a5,a5,0x7
    80002eac:	0807879b          	addiw	a5,a5,128
    80002eb0:	03079a93          	slli	s5,a5,0x30
    80002eb4:	0106161b          	slliw	a2,a2,0x10
    80002eb8:	030ada93          	srli	s5,s5,0x30
    80002ebc:	4106561b          	sraiw	a2,a2,0x10
    80002ec0:	0ff7f793          	zext.b	a5,a5
    80002ec4:	015e7a63          	bgeu	t3,s5,80002ed8 <pjpeg_decode_mcu+0xbb4>
    80002ec8:	00fad793          	srli	a5,s5,0xf
    80002ecc:	0017b793          	seqz	a5,a5
    80002ed0:	40f007bb          	negw	a5,a5
    80002ed4:	0ff7f793          	zext.b	a5,a5
    80002ed8:	0107979b          	slliw	a5,a5,0x10
    80002edc:	4107d79b          	sraiw	a5,a5,0x10
    80002ee0:	c45ff06f          	j	80002b24 <pjpeg_decode_mcu+0x800>
    80002ee4:	87018793          	addi	a5,gp,-1936 # 80007028 <gScanType>
    80002ee8:	0007a683          	lw	a3,0(a5)
    80002eec:	00400713          	li	a4,4
    80002ef0:	ecd76c63          	bltu	a4,a3,800025c8 <pjpeg_decode_mcu+0x2a4>
    80002ef4:	0007e783          	lwu	a5,0(a5)
    80002ef8:	00004717          	auipc	a4,0x4
    80002efc:	b1c70713          	addi	a4,a4,-1252 # 80006a14 <__func__.0+0x3c>
    80002f00:	00279793          	slli	a5,a5,0x2
    80002f04:	00e787b3          	add	a5,a5,a4
    80002f08:	0007a783          	lw	a5,0(a5)
    80002f0c:	00e787b3          	add	a5,a5,a4
    80002f10:	00078067          	jr	a5
    80002f14:	aa018593          	addi	a1,gp,-1376 # 80007258 <gMCUBufB>
    80002f18:	9a018613          	addi	a2,gp,-1632 # 80007158 <gMCUBufG>
    80002f1c:	ba018693          	addi	a3,gp,-1120 # 80007358 <gMCUBufR>
    80002f20:	92018793          	addi	a5,gp,-1760 # 800070d8 <gCoeffBuf>
    80002f24:	0007c703          	lbu	a4,0(a5)
    80002f28:	00278793          	addi	a5,a5,2
    80002f2c:	00168693          	addi	a3,a3,1
    80002f30:	00e60023          	sb	a4,0(a2)
    80002f34:	00e58023          	sb	a4,0(a1)
    80002f38:	fee68fa3          	sb	a4,-1(a3)
    80002f3c:	00160613          	addi	a2,a2,1
    80002f40:	00158593          	addi	a1,a1,1
    80002f44:	fe6790e3          	bne	a5,t1,80002f24 <pjpeg_decode_mcu+0xc00>
    80002f48:	e80ff06f          	j	800025c8 <pjpeg_decode_mcu+0x2a4>
    80002f4c:	00500793          	li	a5,5
    80002f50:	2127e2e3          	bltu	a5,s2,80003954 <pjpeg_decode_mcu+0x1630>
    80002f54:	00004717          	auipc	a4,0x4
    80002f58:	ad470713          	addi	a4,a4,-1324 # 80006a28 <__func__.0+0x50>
    80002f5c:	00291793          	slli	a5,s2,0x2
    80002f60:	00e787b3          	add	a5,a5,a4
    80002f64:	0007a783          	lw	a5,0(a5)
    80002f68:	00e787b3          	add	a5,a5,a4
    80002f6c:	00078067          	jr	a5
    80002f70:	00200793          	li	a5,2
    80002f74:	20f90a63          	beq	s2,a5,80003188 <pjpeg_decode_mcu+0xe64>
    80002f78:	2127eee3          	bltu	a5,s2,80003994 <pjpeg_decode_mcu+0x1670>
    80002f7c:	54090ae3          	beqz	s2,80003cd0 <pjpeg_decode_mcu+0x19ac>
    80002f80:	b2018593          	addi	a1,gp,-1248 # 800072d8 <gMCUBufB+0x80>
    80002f84:	a2018613          	addi	a2,gp,-1504 # 800071d8 <gMCUBufG+0x80>
    80002f88:	c2018693          	addi	a3,gp,-992 # 800073d8 <gMCUBufR+0x80>
    80002f8c:	92018793          	addi	a5,gp,-1760 # 800070d8 <gCoeffBuf>
    80002f90:	0007c703          	lbu	a4,0(a5)
    80002f94:	00278793          	addi	a5,a5,2
    80002f98:	00168693          	addi	a3,a3,1
    80002f9c:	00e60023          	sb	a4,0(a2)
    80002fa0:	00e58023          	sb	a4,0(a1)
    80002fa4:	fee68fa3          	sb	a4,-1(a3)
    80002fa8:	00160613          	addi	a2,a2,1
    80002fac:	00158593          	addi	a1,a1,1
    80002fb0:	fe6790e3          	bne	a5,t1,80002f90 <pjpeg_decode_mcu+0xc6c>
    80002fb4:	e14ff06f          	j	800025c8 <pjpeg_decode_mcu+0x2a4>
    80002fb8:	00200793          	li	a5,2
    80002fbc:	1af90863          	beq	s2,a5,8000316c <pjpeg_decode_mcu+0xe48>
    80002fc0:	3f27eee3          	bltu	a5,s2,80003bbc <pjpeg_decode_mcu+0x1898>
    80002fc4:	420900e3          	beqz	s2,80003be4 <pjpeg_decode_mcu+0x18c0>
    80002fc8:	ae018593          	addi	a1,gp,-1312 # 80007298 <gMCUBufB+0x40>
    80002fcc:	9e018613          	addi	a2,gp,-1568 # 80007198 <gMCUBufG+0x40>
    80002fd0:	be018693          	addi	a3,gp,-1056 # 80007398 <gMCUBufR+0x40>
    80002fd4:	92018793          	addi	a5,gp,-1760 # 800070d8 <gCoeffBuf>
    80002fd8:	0007c703          	lbu	a4,0(a5)
    80002fdc:	00278793          	addi	a5,a5,2
    80002fe0:	00168693          	addi	a3,a3,1
    80002fe4:	00e60023          	sb	a4,0(a2)
    80002fe8:	00e58023          	sb	a4,0(a1)
    80002fec:	fee68fa3          	sb	a4,-1(a3)
    80002ff0:	00160613          	addi	a2,a2,1
    80002ff4:	00158593          	addi	a1,a1,1
    80002ff8:	fe6790e3          	bne	a5,t1,80002fd8 <pjpeg_decode_mcu+0xcb4>
    80002ffc:	dccff06f          	j	800025c8 <pjpeg_decode_mcu+0x2a4>
    80003000:	00100793          	li	a5,1
    80003004:	1af90063          	beq	s2,a5,800031a4 <pjpeg_decode_mcu+0xe80>
    80003008:	00200793          	li	a5,2
    8000300c:	40f908e3          	beq	s2,a5,80003c1c <pjpeg_decode_mcu+0x18f8>
    80003010:	da091c63          	bnez	s2,800025c8 <pjpeg_decode_mcu+0x2a4>
    80003014:	aa018593          	addi	a1,gp,-1376 # 80007258 <gMCUBufB>
    80003018:	9a018613          	addi	a2,gp,-1632 # 80007158 <gMCUBufG>
    8000301c:	ba018693          	addi	a3,gp,-1120 # 80007358 <gMCUBufR>
    80003020:	92018793          	addi	a5,gp,-1760 # 800070d8 <gCoeffBuf>
    80003024:	0007c703          	lbu	a4,0(a5)
    80003028:	00278793          	addi	a5,a5,2
    8000302c:	00168693          	addi	a3,a3,1
    80003030:	00e60023          	sb	a4,0(a2)
    80003034:	00e58023          	sb	a4,0(a1)
    80003038:	fee68fa3          	sb	a4,-1(a3)
    8000303c:	00160613          	addi	a2,a2,1
    80003040:	00158593          	addi	a1,a1,1
    80003044:	fe6790e3          	bne	a5,t1,80003024 <pjpeg_decode_mcu+0xd00>
    80003048:	d80ff06f          	j	800025c8 <pjpeg_decode_mcu+0x2a4>
    8000304c:	06018b93          	addi	s7,gp,96 # 80007818 <gHuffVal2>
    80003050:	1b018c13          	addi	s8,gp,432 # 80007968 <gHuffTab2>
    80003054:	eacff06f          	j	80002700 <pjpeg_decode_mcu+0x3dc>
    80003058:	06018b93          	addi	s7,gp,96 # 80007818 <gHuffVal2>
    8000305c:	1b018c13          	addi	s8,gp,432 # 80007968 <gHuffTab2>
    80003060:	c34ff06f          	j	80002494 <pjpeg_decode_mcu+0x170>
    80003064:	03f00613          	li	a2,63
    80003068:	4156063b          	subw	a2,a2,s5
    8000306c:	00004697          	auipc	a3,0x4
    80003070:	a9568693          	addi	a3,a3,-1387 # 80006b01 <ZAG+0x1>
    80003074:	00813903          	ld	s2,8(sp)
    80003078:	01013983          	ld	s3,16(sp)
    8000307c:	015686b3          	add	a3,a3,s5
    80003080:	0ff67613          	zext.b	a2,a2
    80003084:	00004717          	auipc	a4,0x4
    80003088:	a7c70713          	addi	a4,a4,-1412 # 80006b00 <ZAG>
    8000308c:	01570733          	add	a4,a4,s5
    80003090:	00c686b3          	add	a3,a3,a2
    80003094:	00070783          	lb	a5,0(a4)
    80003098:	00170713          	addi	a4,a4,1
    8000309c:	00179793          	slli	a5,a5,0x1
    800030a0:	00f407b3          	add	a5,s0,a5
    800030a4:	00079023          	sh	zero,0(a5)
    800030a8:	fee696e3          	bne	a3,a4,80003094 <pjpeg_decode_mcu+0xd70>
    800030ac:	eccff06f          	j	80002778 <pjpeg_decode_mcu+0x454>
    800030b0:	0ff7f793          	zext.b	a5,a5
    800030b4:	c5cff06f          	j	80002510 <pjpeg_decode_mcu+0x1ec>
    800030b8:	08013403          	ld	s0,128(sp)
    800030bc:	07813483          	ld	s1,120(sp)
    800030c0:	07013903          	ld	s2,112(sp)
    800030c4:	06813983          	ld	s3,104(sp)
    800030c8:	00078a93          	mv	s5,a5
    800030cc:	a84ff06f          	j	80002350 <pjpeg_decode_mcu+0x2c>
    800030d0:	60000413          	li	s0,1536
    800030d4:	0ff00993          	li	s3,255
    800030d8:	0140006f          	j	800030ec <pjpeg_decode_mcu+0xdc8>
    800030dc:	fff4041b          	addiw	s0,s0,-1
    800030e0:	03041413          	slli	s0,s0,0x30
    800030e4:	03045413          	srli	s0,s0,0x30
    800030e8:	0a0402e3          	beqz	s0,8000398c <pjpeg_decode_mcu+0x1668>
    800030ec:	8f9fe0ef          	jal	800019e4 <getChar>
    800030f0:	ff3516e3          	bne	a0,s3,800030dc <pjpeg_decode_mcu+0xdb8>
    800030f4:	0ff00993          	li	s3,255
    800030f8:	0140006f          	j	8000310c <pjpeg_decode_mcu+0xde8>
    800030fc:	fff4041b          	addiw	s0,s0,-1
    80003100:	03041413          	slli	s0,s0,0x30
    80003104:	03045413          	srli	s0,s0,0x30
    80003108:	080402e3          	beqz	s0,8000398c <pjpeg_decode_mcu+0x1668>
    8000310c:	8d9fe0ef          	jal	800019e4 <getChar>
    80003110:	ff3506e3          	beq	a0,s3,800030fc <pjpeg_decode_mcu+0xdd8>
    80003114:	88e18713          	addi	a4,gp,-1906 # 80007046 <gNextRestartNum>
    80003118:	00075783          	lhu	a5,0(a4)
    8000311c:	0005051b          	sext.w	a0,a0
    80003120:	0d078693          	addi	a3,a5,208
    80003124:	06a694e3          	bne	a3,a0,8000398c <pjpeg_decode_mcu+0x1668>
    80003128:	00095683          	lhu	a3,0(s2)
    8000312c:	0017879b          	addiw	a5,a5,1
    80003130:	0077f793          	andi	a5,a5,7
    80003134:	00f71023          	sh	a5,0(a4)
    80003138:	00100593          	li	a1,1
    8000313c:	00800793          	li	a5,8
    80003140:	00800513          	li	a0,8
    80003144:	8af18c23          	sb	a5,-1864(gp) # 80007070 <gBitsLeft>
    80003148:	00d49023          	sh	a3,0(s1)
    8000314c:	8c01a423          	sw	zero,-1848(gp) # 80007080 <gLastDC>
    80003150:	8c019623          	sh	zero,-1844(gp) # 80007084 <gLastDC+0x4>
    80003154:	af5fe0ef          	jal	80001c48 <getBits>
    80003158:	00100593          	li	a1,1
    8000315c:	00800513          	li	a0,8
    80003160:	ae9fe0ef          	jal	80001c48 <getBits>
    80003164:	0004d783          	lhu	a5,0(s1)
    80003168:	be4ff06f          	j	8000254c <pjpeg_decode_mcu+0x228>
    8000316c:	00000593          	li	a1,0
    80003170:	00000513          	li	a0,0
    80003174:	f19fd0ef          	jal	8000108c <upsampleCbH>
    80003178:	04000593          	li	a1,64
    8000317c:	00400513          	li	a0,4
    80003180:	f0dfd0ef          	jal	8000108c <upsampleCbH>
    80003184:	c44ff06f          	j	800025c8 <pjpeg_decode_mcu+0x2a4>
    80003188:	00000593          	li	a1,0
    8000318c:	00000513          	li	a0,0
    80003190:	89cfe0ef          	jal	8000122c <upsampleCbV>
    80003194:	08000593          	li	a1,128
    80003198:	02000513          	li	a0,32
    8000319c:	890fe0ef          	jal	8000122c <upsampleCbV>
    800031a0:	c28ff06f          	j	800025c8 <pjpeg_decode_mcu+0x2a4>
    800031a4:	aa018613          	addi	a2,gp,-1376 # 80007258 <gMCUBufB>
    800031a8:	9a018593          	addi	a1,gp,-1632 # 80007158 <gMCUBufG>
    800031ac:	92018513          	addi	a0,gp,-1760 # 800070d8 <gCoeffBuf>
    800031b0:	ae018e93          	addi	t4,gp,-1312 # 80007298 <gMCUBufB+0x40>
    800031b4:	05800e13          	li	t3,88
    800031b8:	02c00313          	li	t1,44
    800031bc:	0ff00813          	li	a6,255
    800031c0:	0c600893          	li	a7,198
    800031c4:	00051783          	lh	a5,0(a0)
    800031c8:	0005cf03          	lbu	t5,0(a1)
    800031cc:	00250513          	addi	a0,a0,2
    800031d0:	0ff7f693          	zext.b	a3,a5
    800031d4:	02de073b          	mulw	a4,t3,a3
    800031d8:	0087571b          	srliw	a4,a4,0x8
    800031dc:	40e3073b          	subw	a4,t1,a4
    800031e0:	01e7073b          	addw	a4,a4,t5
    800031e4:	03071f13          	slli	t5,a4,0x30
    800031e8:	030f5f13          	srli	t5,t5,0x30
    800031ec:	0ff77713          	zext.b	a4,a4
    800031f0:	01e87a63          	bgeu	a6,t5,80003204 <pjpeg_decode_mcu+0xee0>
    800031f4:	00ff5713          	srli	a4,t5,0xf
    800031f8:	00173713          	seqz	a4,a4
    800031fc:	40e0073b          	negw	a4,a4
    80003200:	0ff77713          	zext.b	a4,a4
    80003204:	02d886bb          	mulw	a3,a7,a3
    80003208:	00064f03          	lbu	t5,0(a2)
    8000320c:	0ff7f793          	zext.b	a5,a5
    80003210:	f1d7879b          	addiw	a5,a5,-227
    80003214:	00e58023          	sb	a4,0(a1)
    80003218:	00158593          	addi	a1,a1,1
    8000321c:	0086d69b          	srliw	a3,a3,0x8
    80003220:	00d787bb          	addw	a5,a5,a3
    80003224:	01e787bb          	addw	a5,a5,t5
    80003228:	03079713          	slli	a4,a5,0x30
    8000322c:	03075713          	srli	a4,a4,0x30
    80003230:	0ff7f793          	zext.b	a5,a5
    80003234:	00e87a63          	bgeu	a6,a4,80003248 <pjpeg_decode_mcu+0xf24>
    80003238:	00f75793          	srli	a5,a4,0xf
    8000323c:	0017b793          	seqz	a5,a5
    80003240:	40f007bb          	negw	a5,a5
    80003244:	0ff7f793          	zext.b	a5,a5
    80003248:	00f60023          	sb	a5,0(a2)
    8000324c:	00160613          	addi	a2,a2,1
    80003250:	f7d61ae3          	bne	a2,t4,800031c4 <pjpeg_decode_mcu+0xea0>
    80003254:	b74ff06f          	j	800025c8 <pjpeg_decode_mcu+0x2a4>
    80003258:	05800713          	li	a4,88
    8000325c:	02f7073b          	mulw	a4,a4,a5
    80003260:	08044683          	lbu	a3,128(s0)
    80003264:	0ff00593          	li	a1,255
    80003268:	0007861b          	sext.w	a2,a5
    8000326c:	02c6869b          	addiw	a3,a3,44
    80003270:	0087571b          	srliw	a4,a4,0x8
    80003274:	40e686bb          	subw	a3,a3,a4
    80003278:	03069713          	slli	a4,a3,0x30
    8000327c:	03075713          	srli	a4,a4,0x30
    80003280:	0ff6f693          	zext.b	a3,a3
    80003284:	00e5fa63          	bgeu	a1,a4,80003298 <pjpeg_decode_mcu+0xf74>
    80003288:	00f75713          	srli	a4,a4,0xf
    8000328c:	00173713          	seqz	a4,a4
    80003290:	40e0073b          	negw	a4,a4
    80003294:	0ff77693          	zext.b	a3,a4
    80003298:	0c600713          	li	a4,198
    8000329c:	02c7063b          	mulw	a2,a4,a2
    800032a0:	18044703          	lbu	a4,384(s0)
    800032a4:	08d40023          	sb	a3,128(s0)
    800032a8:	0ff00693          	li	a3,255
    800032ac:	f1d7071b          	addiw	a4,a4,-227
    800032b0:	00f707bb          	addw	a5,a4,a5
    800032b4:	0086571b          	srliw	a4,a2,0x8
    800032b8:	00e787bb          	addw	a5,a5,a4
    800032bc:	03079713          	slli	a4,a5,0x30
    800032c0:	03075713          	srli	a4,a4,0x30
    800032c4:	0ff7f793          	zext.b	a5,a5
    800032c8:	b6e6fe63          	bgeu	a3,a4,80002644 <pjpeg_decode_mcu+0x320>
    800032cc:	00f75793          	srli	a5,a4,0xf
    800032d0:	0017b793          	seqz	a5,a5
    800032d4:	40f007bb          	negw	a5,a5
    800032d8:	0ff7f793          	zext.b	a5,a5
    800032dc:	18f40023          	sb	a5,384(s0)
    800032e0:	ae8ff06f          	j	800025c8 <pjpeg_decode_mcu+0x2a4>
    800032e4:	05800613          	li	a2,88
    800032e8:	02f6063b          	mulw	a2,a2,a5
    800032ec:	08044683          	lbu	a3,128(s0)
    800032f0:	0c044703          	lbu	a4,192(s0)
    800032f4:	0ff00513          	li	a0,255
    800032f8:	0007859b          	sext.w	a1,a5
    800032fc:	0086561b          	srliw	a2,a2,0x8
    80003300:	fd46061b          	addiw	a2,a2,-44
    80003304:	03061613          	slli	a2,a2,0x30
    80003308:	03065613          	srli	a2,a2,0x30
    8000330c:	40c686bb          	subw	a3,a3,a2
    80003310:	40c7073b          	subw	a4,a4,a2
    80003314:	03069693          	slli	a3,a3,0x30
    80003318:	03071713          	slli	a4,a4,0x30
    8000331c:	0306d693          	srli	a3,a3,0x30
    80003320:	03075713          	srli	a4,a4,0x30
    80003324:	3ad572e3          	bgeu	a0,a3,80003ec8 <pjpeg_decode_mcu+0x1ba4>
    80003328:	0106961b          	slliw	a2,a3,0x10
    8000332c:	4106561b          	sraiw	a2,a2,0x10
    80003330:	02061513          	slli	a0,a2,0x20
    80003334:	00000693          	li	a3,0
    80003338:	36055ce3          	bgez	a0,80003eb0 <pjpeg_decode_mcu+0x1b8c>
    8000333c:	08d40023          	sb	a3,128(s0)
    80003340:	0ff00693          	li	a3,255
    80003344:	36e6fee3          	bgeu	a3,a4,80003ec0 <pjpeg_decode_mcu+0x1b9c>
    80003348:	00f75713          	srli	a4,a4,0xf
    8000334c:	00173713          	seqz	a4,a4
    80003350:	40e0073b          	negw	a4,a4
    80003354:	0ff77613          	zext.b	a2,a4
    80003358:	0c600693          	li	a3,198
    8000335c:	02b686bb          	mulw	a3,a3,a1
    80003360:	f1d7859b          	addiw	a1,a5,-227
    80003364:	18044703          	lbu	a4,384(s0)
    80003368:	1c044783          	lbu	a5,448(s0)
    8000336c:	0cc40023          	sb	a2,192(s0)
    80003370:	0ff00613          	li	a2,255
    80003374:	0086d69b          	srliw	a3,a3,0x8
    80003378:	00b686bb          	addw	a3,a3,a1
    8000337c:	03069693          	slli	a3,a3,0x30
    80003380:	0306d693          	srli	a3,a3,0x30
    80003384:	00d7073b          	addw	a4,a4,a3
    80003388:	00d787bb          	addw	a5,a5,a3
    8000338c:	03071713          	slli	a4,a4,0x30
    80003390:	03079793          	slli	a5,a5,0x30
    80003394:	03075713          	srli	a4,a4,0x30
    80003398:	0307d793          	srli	a5,a5,0x30
    8000339c:	30e676e3          	bgeu	a2,a4,80003ea8 <pjpeg_decode_mcu+0x1b84>
    800033a0:	0107169b          	slliw	a3,a4,0x10
    800033a4:	4106d69b          	sraiw	a3,a3,0x10
    800033a8:	02069613          	slli	a2,a3,0x20
    800033ac:	00000713          	li	a4,0
    800033b0:	2c065ee3          	bgez	a2,80003e8c <pjpeg_decode_mcu+0x1b68>
    800033b4:	18e40023          	sb	a4,384(s0)
    800033b8:	0ff00713          	li	a4,255
    800033bc:	2ef770e3          	bgeu	a4,a5,80003e9c <pjpeg_decode_mcu+0x1b78>
    800033c0:	00f7d793          	srli	a5,a5,0xf
    800033c4:	0017b793          	seqz	a5,a5
    800033c8:	40f007bb          	negw	a5,a5
    800033cc:	0ff7f713          	zext.b	a4,a5
    800033d0:	1ce40023          	sb	a4,448(s0)
    800033d4:	9f4ff06f          	j	800025c8 <pjpeg_decode_mcu+0x2a4>
    800033d8:	05800613          	li	a2,88
    800033dc:	02f6063b          	mulw	a2,a2,a5
    800033e0:	08044683          	lbu	a3,128(s0)
    800033e4:	10044703          	lbu	a4,256(s0)
    800033e8:	0ff00513          	li	a0,255
    800033ec:	0007859b          	sext.w	a1,a5
    800033f0:	0086561b          	srliw	a2,a2,0x8
    800033f4:	fd46061b          	addiw	a2,a2,-44
    800033f8:	03061613          	slli	a2,a2,0x30
    800033fc:	03065613          	srli	a2,a2,0x30
    80003400:	40c686bb          	subw	a3,a3,a2
    80003404:	40c7073b          	subw	a4,a4,a2
    80003408:	03069693          	slli	a3,a3,0x30
    8000340c:	03071713          	slli	a4,a4,0x30
    80003410:	0306d693          	srli	a3,a3,0x30
    80003414:	03075713          	srli	a4,a4,0x30
    80003418:	20d57ae3          	bgeu	a0,a3,80003e2c <pjpeg_decode_mcu+0x1b08>
    8000341c:	0106961b          	slliw	a2,a3,0x10
    80003420:	4106561b          	sraiw	a2,a2,0x10
    80003424:	02061513          	slli	a0,a2,0x20
    80003428:	00000693          	li	a3,0
    8000342c:	1e0554e3          	bgez	a0,80003e14 <pjpeg_decode_mcu+0x1af0>
    80003430:	08d40023          	sb	a3,128(s0)
    80003434:	0ff00693          	li	a3,255
    80003438:	1ee6f6e3          	bgeu	a3,a4,80003e24 <pjpeg_decode_mcu+0x1b00>
    8000343c:	00f75713          	srli	a4,a4,0xf
    80003440:	00173713          	seqz	a4,a4
    80003444:	40e0073b          	negw	a4,a4
    80003448:	0ff77613          	zext.b	a2,a4
    8000344c:	0c600693          	li	a3,198
    80003450:	02b686bb          	mulw	a3,a3,a1
    80003454:	f1d7859b          	addiw	a1,a5,-227
    80003458:	18044703          	lbu	a4,384(s0)
    8000345c:	20044783          	lbu	a5,512(s0)
    80003460:	10c40023          	sb	a2,256(s0)
    80003464:	0ff00613          	li	a2,255
    80003468:	0086d69b          	srliw	a3,a3,0x8
    8000346c:	00b686bb          	addw	a3,a3,a1
    80003470:	03069693          	slli	a3,a3,0x30
    80003474:	0306d693          	srli	a3,a3,0x30
    80003478:	00d7073b          	addw	a4,a4,a3
    8000347c:	00d787bb          	addw	a5,a5,a3
    80003480:	03071713          	slli	a4,a4,0x30
    80003484:	03079793          	slli	a5,a5,0x30
    80003488:	03075713          	srli	a4,a4,0x30
    8000348c:	0307d793          	srli	a5,a5,0x30
    80003490:	16e67ee3          	bgeu	a2,a4,80003e0c <pjpeg_decode_mcu+0x1ae8>
    80003494:	0107169b          	slliw	a3,a4,0x10
    80003498:	4106d69b          	sraiw	a3,a3,0x10
    8000349c:	02069613          	slli	a2,a3,0x20
    800034a0:	00000713          	li	a4,0
    800034a4:	140656e3          	bgez	a2,80003df0 <pjpeg_decode_mcu+0x1acc>
    800034a8:	18e40023          	sb	a4,384(s0)
    800034ac:	0ff00713          	li	a4,255
    800034b0:	14f778e3          	bgeu	a4,a5,80003e00 <pjpeg_decode_mcu+0x1adc>
    800034b4:	00f7d793          	srli	a5,a5,0xf
    800034b8:	0017b793          	seqz	a5,a5
    800034bc:	40f007bb          	negw	a5,a5
    800034c0:	0ff7f713          	zext.b	a4,a5
    800034c4:	20e40023          	sb	a4,512(s0)
    800034c8:	900ff06f          	j	800025c8 <pjpeg_decode_mcu+0x2a4>
    800034cc:	00000593          	li	a1,0
    800034d0:	00000513          	li	a0,0
    800034d4:	8e1fd0ef          	jal	80000db4 <upsampleCb>
    800034d8:	04000593          	li	a1,64
    800034dc:	00400513          	li	a0,4
    800034e0:	8d5fd0ef          	jal	80000db4 <upsampleCb>
    800034e4:	08000593          	li	a1,128
    800034e8:	02000513          	li	a0,32
    800034ec:	8c9fd0ef          	jal	80000db4 <upsampleCb>
    800034f0:	0c000593          	li	a1,192
    800034f4:	02400513          	li	a0,36
    800034f8:	8bdfd0ef          	jal	80000db4 <upsampleCb>
    800034fc:	8ccff06f          	j	800025c8 <pjpeg_decode_mcu+0x2a4>
    80003500:	b2018593          	addi	a1,gp,-1248 # 800072d8 <gMCUBufB+0x80>
    80003504:	a2018613          	addi	a2,gp,-1504 # 800071d8 <gMCUBufG+0x80>
    80003508:	c2018693          	addi	a3,gp,-992 # 800073d8 <gMCUBufR+0x80>
    8000350c:	92018793          	addi	a5,gp,-1760 # 800070d8 <gCoeffBuf>
    80003510:	0007c703          	lbu	a4,0(a5)
    80003514:	00278793          	addi	a5,a5,2
    80003518:	00168693          	addi	a3,a3,1
    8000351c:	00e60023          	sb	a4,0(a2)
    80003520:	00e58023          	sb	a4,0(a1)
    80003524:	fee68fa3          	sb	a4,-1(a3)
    80003528:	00160613          	addi	a2,a2,1
    8000352c:	00158593          	addi	a1,a1,1
    80003530:	fe6790e3          	bne	a5,t1,80003510 <pjpeg_decode_mcu+0x11ec>
    80003534:	894ff06f          	j	800025c8 <pjpeg_decode_mcu+0x2a4>
    80003538:	ae018593          	addi	a1,gp,-1312 # 80007298 <gMCUBufB+0x40>
    8000353c:	9e018613          	addi	a2,gp,-1568 # 80007198 <gMCUBufG+0x40>
    80003540:	be018693          	addi	a3,gp,-1056 # 80007398 <gMCUBufR+0x40>
    80003544:	92018793          	addi	a5,gp,-1760 # 800070d8 <gCoeffBuf>
    80003548:	0007c703          	lbu	a4,0(a5)
    8000354c:	00278793          	addi	a5,a5,2
    80003550:	00168693          	addi	a3,a3,1
    80003554:	00e60023          	sb	a4,0(a2)
    80003558:	00e58023          	sb	a4,0(a1)
    8000355c:	fee68fa3          	sb	a4,-1(a3)
    80003560:	00160613          	addi	a2,a2,1
    80003564:	00158593          	addi	a1,a1,1
    80003568:	fe6790e3          	bne	a5,t1,80003548 <pjpeg_decode_mcu+0x1224>
    8000356c:	85cff06f          	j	800025c8 <pjpeg_decode_mcu+0x2a4>
    80003570:	00000593          	li	a1,0
    80003574:	00000513          	li	a0,0
    80003578:	e61fd0ef          	jal	800013d8 <upsampleCr>
    8000357c:	04000593          	li	a1,64
    80003580:	00400513          	li	a0,4
    80003584:	e55fd0ef          	jal	800013d8 <upsampleCr>
    80003588:	08000593          	li	a1,128
    8000358c:	02000513          	li	a0,32
    80003590:	e49fd0ef          	jal	800013d8 <upsampleCr>
    80003594:	0c000593          	li	a1,192
    80003598:	02400513          	li	a0,36
    8000359c:	e3dfd0ef          	jal	800013d8 <upsampleCr>
    800035a0:	828ff06f          	j	800025c8 <pjpeg_decode_mcu+0x2a4>
    800035a4:	b6018593          	addi	a1,gp,-1184 # 80007318 <gMCUBufB+0xc0>
    800035a8:	a6018613          	addi	a2,gp,-1440 # 80007218 <gMCUBufG+0xc0>
    800035ac:	c6018693          	addi	a3,gp,-928 # 80007418 <gMCUBufR+0xc0>
    800035b0:	92018793          	addi	a5,gp,-1760 # 800070d8 <gCoeffBuf>
    800035b4:	0007c703          	lbu	a4,0(a5)
    800035b8:	00278793          	addi	a5,a5,2
    800035bc:	00168693          	addi	a3,a3,1
    800035c0:	00e60023          	sb	a4,0(a2)
    800035c4:	00e58023          	sb	a4,0(a1)
    800035c8:	fee68fa3          	sb	a4,-1(a3)
    800035cc:	00160613          	addi	a2,a2,1
    800035d0:	00158593          	addi	a1,a1,1
    800035d4:	fe6790e3          	bne	a5,t1,800035b4 <pjpeg_decode_mcu+0x1290>
    800035d8:	ff1fe06f          	j	800025c8 <pjpeg_decode_mcu+0x2a4>
    800035dc:	05800613          	li	a2,88
    800035e0:	02f6063b          	mulw	a2,a2,a5
    800035e4:	08044683          	lbu	a3,128(s0)
    800035e8:	0c044703          	lbu	a4,192(s0)
    800035ec:	0ff00513          	li	a0,255
    800035f0:	0007859b          	sext.w	a1,a5
    800035f4:	0086561b          	srliw	a2,a2,0x8
    800035f8:	fd46061b          	addiw	a2,a2,-44
    800035fc:	03061613          	slli	a2,a2,0x30
    80003600:	03065613          	srli	a2,a2,0x30
    80003604:	40c686bb          	subw	a3,a3,a2
    80003608:	40c7073b          	subw	a4,a4,a2
    8000360c:	03069693          	slli	a3,a3,0x30
    80003610:	03071713          	slli	a4,a4,0x30
    80003614:	0306d693          	srli	a3,a3,0x30
    80003618:	03075713          	srli	a4,a4,0x30
    8000361c:	22d57ce3          	bgeu	a0,a3,80004054 <pjpeg_decode_mcu+0x1d30>
    80003620:	0106981b          	slliw	a6,a3,0x10
    80003624:	4108581b          	sraiw	a6,a6,0x10
    80003628:	02081893          	slli	a7,a6,0x20
    8000362c:	00000693          	li	a3,0
    80003630:	1c08d0e3          	bgez	a7,80003ff0 <pjpeg_decode_mcu+0x1ccc>
    80003634:	08d40023          	sb	a3,128(s0)
    80003638:	0ff00693          	li	a3,255
    8000363c:	20e6f8e3          	bgeu	a3,a4,8000404c <pjpeg_decode_mcu+0x1d28>
    80003640:	0107171b          	slliw	a4,a4,0x10
    80003644:	4107571b          	sraiw	a4,a4,0x10
    80003648:	02071513          	slli	a0,a4,0x20
    8000364c:	00000693          	li	a3,0
    80003650:	1a0556e3          	bgez	a0,80003ffc <pjpeg_decode_mcu+0x1cd8>
    80003654:	10044703          	lbu	a4,256(s0)
    80003658:	0cd40023          	sb	a3,192(s0)
    8000365c:	0ff00693          	li	a3,255
    80003660:	40c7073b          	subw	a4,a4,a2
    80003664:	03071713          	slli	a4,a4,0x30
    80003668:	03075713          	srli	a4,a4,0x30
    8000366c:	1ce6fce3          	bgeu	a3,a4,80004044 <pjpeg_decode_mcu+0x1d20>
    80003670:	0107171b          	slliw	a4,a4,0x10
    80003674:	4107571b          	sraiw	a4,a4,0x10
    80003678:	02071513          	slli	a0,a4,0x20
    8000367c:	00000693          	li	a3,0
    80003680:	18055ee3          	bgez	a0,8000401c <pjpeg_decode_mcu+0x1cf8>
    80003684:	14044703          	lbu	a4,320(s0)
    80003688:	10d40023          	sb	a3,256(s0)
    8000368c:	0ff00693          	li	a3,255
    80003690:	40c7073b          	subw	a4,a4,a2
    80003694:	03071713          	slli	a4,a4,0x30
    80003698:	03075713          	srli	a4,a4,0x30
    8000369c:	1ae6f0e3          	bgeu	a3,a4,8000403c <pjpeg_decode_mcu+0x1d18>
    800036a0:	00f75713          	srli	a4,a4,0xf
    800036a4:	00173713          	seqz	a4,a4
    800036a8:	40e0073b          	negw	a4,a4
    800036ac:	0ff77613          	zext.b	a2,a4
    800036b0:	0c600693          	li	a3,198
    800036b4:	02b686bb          	mulw	a3,a3,a1
    800036b8:	f1d7859b          	addiw	a1,a5,-227
    800036bc:	18044703          	lbu	a4,384(s0)
    800036c0:	1c044783          	lbu	a5,448(s0)
    800036c4:	14c40023          	sb	a2,320(s0)
    800036c8:	0ff00613          	li	a2,255
    800036cc:	0086d69b          	srliw	a3,a3,0x8
    800036d0:	00b686bb          	addw	a3,a3,a1
    800036d4:	03069693          	slli	a3,a3,0x30
    800036d8:	0306d693          	srli	a3,a3,0x30
    800036dc:	00d7073b          	addw	a4,a4,a3
    800036e0:	00d787bb          	addw	a5,a5,a3
    800036e4:	03071713          	slli	a4,a4,0x30
    800036e8:	03079793          	slli	a5,a5,0x30
    800036ec:	03075713          	srli	a4,a4,0x30
    800036f0:	0307d793          	srli	a5,a5,0x30
    800036f4:	0ee67ae3          	bgeu	a2,a4,80003fe8 <pjpeg_decode_mcu+0x1cc4>
    800036f8:	0107159b          	slliw	a1,a4,0x10
    800036fc:	4105d59b          	sraiw	a1,a1,0x10
    80003700:	02059513          	slli	a0,a1,0x20
    80003704:	00000713          	li	a4,0
    80003708:	72055663          	bgez	a0,80003e34 <pjpeg_decode_mcu+0x1b10>
    8000370c:	18e40023          	sb	a4,384(s0)
    80003710:	0ff00713          	li	a4,255
    80003714:	0cf776e3          	bgeu	a4,a5,80003fe0 <pjpeg_decode_mcu+0x1cbc>
    80003718:	0107979b          	slliw	a5,a5,0x10
    8000371c:	4107d79b          	sraiw	a5,a5,0x10
    80003720:	02079613          	slli	a2,a5,0x20
    80003724:	00000713          	li	a4,0
    80003728:	70065c63          	bgez	a2,80003e40 <pjpeg_decode_mcu+0x1b1c>
    8000372c:	20044783          	lbu	a5,512(s0)
    80003730:	1ce40023          	sb	a4,448(s0)
    80003734:	0ff00713          	li	a4,255
    80003738:	00d787bb          	addw	a5,a5,a3
    8000373c:	03079793          	slli	a5,a5,0x30
    80003740:	0307d793          	srli	a5,a5,0x30
    80003744:	08f77ae3          	bgeu	a4,a5,80003fd8 <pjpeg_decode_mcu+0x1cb4>
    80003748:	0107979b          	slliw	a5,a5,0x10
    8000374c:	4107d79b          	sraiw	a5,a5,0x10
    80003750:	02079613          	slli	a2,a5,0x20
    80003754:	00000713          	li	a4,0
    80003758:	70065463          	bgez	a2,80003e60 <pjpeg_decode_mcu+0x1b3c>
    8000375c:	24044783          	lbu	a5,576(s0)
    80003760:	20e40023          	sb	a4,512(s0)
    80003764:	0ff00713          	li	a4,255
    80003768:	00d787bb          	addw	a5,a5,a3
    8000376c:	03079793          	slli	a5,a5,0x30
    80003770:	0307d793          	srli	a5,a5,0x30
    80003774:	70f77663          	bgeu	a4,a5,80003e80 <pjpeg_decode_mcu+0x1b5c>
    80003778:	00f7d793          	srli	a5,a5,0xf
    8000377c:	0017b793          	seqz	a5,a5
    80003780:	40f007bb          	negw	a5,a5
    80003784:	0ff7f713          	zext.b	a4,a5
    80003788:	24e40023          	sb	a4,576(s0)
    8000378c:	e3dfe06f          	j	800025c8 <pjpeg_decode_mcu+0x2a4>
    80003790:	06700613          	li	a2,103
    80003794:	02f6063b          	mulw	a2,a2,a5
    80003798:	f4d7851b          	addiw	a0,a5,-179
    8000379c:	28044683          	lbu	a3,640(s0)
    800037a0:	2c044703          	lbu	a4,704(s0)
    800037a4:	0ff00593          	li	a1,255
    800037a8:	0007879b          	sext.w	a5,a5
    800037ac:	0086561b          	srliw	a2,a2,0x8
    800037b0:	00a6063b          	addw	a2,a2,a0
    800037b4:	03061613          	slli	a2,a2,0x30
    800037b8:	03065613          	srli	a2,a2,0x30
    800037bc:	00c686bb          	addw	a3,a3,a2
    800037c0:	00c7073b          	addw	a4,a4,a2
    800037c4:	03069693          	slli	a3,a3,0x30
    800037c8:	03071713          	slli	a4,a4,0x30
    800037cc:	0306d693          	srli	a3,a3,0x30
    800037d0:	03075713          	srli	a4,a4,0x30
    800037d4:	7cd5fc63          	bgeu	a1,a3,80003fac <pjpeg_decode_mcu+0x1c88>
    800037d8:	0106951b          	slliw	a0,a3,0x10
    800037dc:	4105551b          	sraiw	a0,a0,0x10
    800037e0:	02051813          	slli	a6,a0,0x20
    800037e4:	00000693          	li	a3,0
    800037e8:	76085063          	bgez	a6,80003f48 <pjpeg_decode_mcu+0x1c24>
    800037ec:	28d40023          	sb	a3,640(s0)
    800037f0:	0ff00693          	li	a3,255
    800037f4:	7ae6f863          	bgeu	a3,a4,80003fa4 <pjpeg_decode_mcu+0x1c80>
    800037f8:	0107171b          	slliw	a4,a4,0x10
    800037fc:	4107571b          	sraiw	a4,a4,0x10
    80003800:	02071593          	slli	a1,a4,0x20
    80003804:	00000693          	li	a3,0
    80003808:	7405d663          	bgez	a1,80003f54 <pjpeg_decode_mcu+0x1c30>
    8000380c:	30044703          	lbu	a4,768(s0)
    80003810:	2cd40023          	sb	a3,704(s0)
    80003814:	0ff00693          	li	a3,255
    80003818:	00c7073b          	addw	a4,a4,a2
    8000381c:	03071713          	slli	a4,a4,0x30
    80003820:	03075713          	srli	a4,a4,0x30
    80003824:	76e6fc63          	bgeu	a3,a4,80003f9c <pjpeg_decode_mcu+0x1c78>
    80003828:	0107171b          	slliw	a4,a4,0x10
    8000382c:	4107571b          	sraiw	a4,a4,0x10
    80003830:	02071593          	slli	a1,a4,0x20
    80003834:	00000693          	li	a3,0
    80003838:	7205de63          	bgez	a1,80003f74 <pjpeg_decode_mcu+0x1c50>
    8000383c:	34044703          	lbu	a4,832(s0)
    80003840:	30d40023          	sb	a3,768(s0)
    80003844:	0ff00693          	li	a3,255
    80003848:	00c7073b          	addw	a4,a4,a2
    8000384c:	03071713          	slli	a4,a4,0x30
    80003850:	03075713          	srli	a4,a4,0x30
    80003854:	74e6f063          	bgeu	a3,a4,80003f94 <pjpeg_decode_mcu+0x1c70>
    80003858:	00f75713          	srli	a4,a4,0xf
    8000385c:	00173713          	seqz	a4,a4
    80003860:	40e0073b          	negw	a4,a4
    80003864:	0ff77613          	zext.b	a2,a4
    80003868:	0b700693          	li	a3,183
    8000386c:	02f686bb          	mulw	a3,a3,a5
    80003870:	08044703          	lbu	a4,128(s0)
    80003874:	0c044783          	lbu	a5,192(s0)
    80003878:	34c40023          	sb	a2,832(s0)
    8000387c:	0ff00613          	li	a2,255
    80003880:	0086d69b          	srliw	a3,a3,0x8
    80003884:	fa56869b          	addiw	a3,a3,-91
    80003888:	03069693          	slli	a3,a3,0x30
    8000388c:	0306d693          	srli	a3,a3,0x30
    80003890:	40d7073b          	subw	a4,a4,a3
    80003894:	40d787bb          	subw	a5,a5,a3
    80003898:	03071713          	slli	a4,a4,0x30
    8000389c:	03079793          	slli	a5,a5,0x30
    800038a0:	03075713          	srli	a4,a4,0x30
    800038a4:	0307d793          	srli	a5,a5,0x30
    800038a8:	68e67c63          	bgeu	a2,a4,80003f40 <pjpeg_decode_mcu+0x1c1c>
    800038ac:	0107159b          	slliw	a1,a4,0x10
    800038b0:	4105d59b          	sraiw	a1,a1,0x10
    800038b4:	02059513          	slli	a0,a1,0x20
    800038b8:	00000713          	li	a4,0
    800038bc:	60055e63          	bgez	a0,80003ed8 <pjpeg_decode_mcu+0x1bb4>
    800038c0:	08e40023          	sb	a4,128(s0)
    800038c4:	0ff00713          	li	a4,255
    800038c8:	66f77863          	bgeu	a4,a5,80003f38 <pjpeg_decode_mcu+0x1c14>
    800038cc:	0107979b          	slliw	a5,a5,0x10
    800038d0:	4107d79b          	sraiw	a5,a5,0x10
    800038d4:	02079613          	slli	a2,a5,0x20
    800038d8:	00000713          	li	a4,0
    800038dc:	60065463          	bgez	a2,80003ee4 <pjpeg_decode_mcu+0x1bc0>
    800038e0:	10044783          	lbu	a5,256(s0)
    800038e4:	0ce40023          	sb	a4,192(s0)
    800038e8:	0ff00713          	li	a4,255
    800038ec:	40d787bb          	subw	a5,a5,a3
    800038f0:	03079793          	slli	a5,a5,0x30
    800038f4:	0307d793          	srli	a5,a5,0x30
    800038f8:	62f77c63          	bgeu	a4,a5,80003f30 <pjpeg_decode_mcu+0x1c0c>
    800038fc:	0107979b          	slliw	a5,a5,0x10
    80003900:	4107d79b          	sraiw	a5,a5,0x10
    80003904:	02079613          	slli	a2,a5,0x20
    80003908:	00000713          	li	a4,0
    8000390c:	5e065c63          	bgez	a2,80003f04 <pjpeg_decode_mcu+0x1be0>
    80003910:	14044783          	lbu	a5,320(s0)
    80003914:	10e40023          	sb	a4,256(s0)
    80003918:	0ff00713          	li	a4,255
    8000391c:	40d787bb          	subw	a5,a5,a3
    80003920:	03079793          	slli	a5,a5,0x30
    80003924:	0307d793          	srli	a5,a5,0x30
    80003928:	5ef77e63          	bgeu	a4,a5,80003f24 <pjpeg_decode_mcu+0x1c00>
    8000392c:	00f7d793          	srli	a5,a5,0xf
    80003930:	0017b793          	seqz	a5,a5
    80003934:	40f007bb          	negw	a5,a5
    80003938:	0ff7f713          	zext.b	a4,a5
    8000393c:	14e40023          	sb	a4,320(s0)
    80003940:	c89fe06f          	j	800025c8 <pjpeg_decode_mcu+0x2a4>
    80003944:	34f40023          	sb	a5,832(s0)
    80003948:	14f40023          	sb	a5,320(s0)
    8000394c:	24f40023          	sb	a5,576(s0)
    80003950:	c79fe06f          	j	800025c8 <pjpeg_decode_mcu+0x2a4>
    80003954:	aa018593          	addi	a1,gp,-1376 # 80007258 <gMCUBufB>
    80003958:	9a018613          	addi	a2,gp,-1632 # 80007158 <gMCUBufG>
    8000395c:	ba018693          	addi	a3,gp,-1120 # 80007358 <gMCUBufR>
    80003960:	92018793          	addi	a5,gp,-1760 # 800070d8 <gCoeffBuf>
    80003964:	0007c703          	lbu	a4,0(a5)
    80003968:	00278793          	addi	a5,a5,2
    8000396c:	00168693          	addi	a3,a3,1
    80003970:	00e60023          	sb	a4,0(a2)
    80003974:	00e58023          	sb	a4,0(a1)
    80003978:	fee68fa3          	sb	a4,-1(a3)
    8000397c:	00160613          	addi	a2,a2,1
    80003980:	00158593          	addi	a1,a1,1
    80003984:	fe6790e3          	bne	a5,t1,80003964 <pjpeg_decode_mcu+0x1640>
    80003988:	c41fe06f          	j	800025c8 <pjpeg_decode_mcu+0x2a4>
    8000398c:	01d00a93          	li	s5,29
    80003990:	d1dfe06f          	j	800026ac <pjpeg_decode_mcu+0x388>
    80003994:	00300793          	li	a5,3
    80003998:	00f90463          	beq	s2,a5,800039a0 <pjpeg_decode_mcu+0x167c>
    8000399c:	c2dfe06f          	j	800025c8 <pjpeg_decode_mcu+0x2a4>
    800039a0:	00000593          	li	a1,0
    800039a4:	00000513          	li	a0,0
    800039a8:	e99fd0ef          	jal	80001840 <upsampleCrV>
    800039ac:	08000593          	li	a1,128
    800039b0:	02000513          	li	a0,32
    800039b4:	e8dfd0ef          	jal	80001840 <upsampleCrV>
    800039b8:	c11fe06f          	j	800025c8 <pjpeg_decode_mcu+0x2a4>
    800039bc:	00300713          	li	a4,3
    800039c0:	00e90463          	beq	s2,a4,800039c8 <pjpeg_decode_mcu+0x16a4>
    800039c4:	c05fe06f          	j	800025c8 <pjpeg_decode_mcu+0x2a4>
    800039c8:	06700613          	li	a2,103
    800039cc:	02f6063b          	mulw	a2,a2,a5
    800039d0:	f4d7851b          	addiw	a0,a5,-179
    800039d4:	28044683          	lbu	a3,640(s0)
    800039d8:	30044703          	lbu	a4,768(s0)
    800039dc:	0ff00593          	li	a1,255
    800039e0:	0007879b          	sext.w	a5,a5
    800039e4:	0086561b          	srliw	a2,a2,0x8
    800039e8:	00a6063b          	addw	a2,a2,a0
    800039ec:	03061613          	slli	a2,a2,0x30
    800039f0:	03065613          	srli	a2,a2,0x30
    800039f4:	00c686bb          	addw	a3,a3,a2
    800039f8:	00c7073b          	addw	a4,a4,a2
    800039fc:	03069693          	slli	a3,a3,0x30
    80003a00:	03071713          	slli	a4,a4,0x30
    80003a04:	0306d693          	srli	a3,a3,0x30
    80003a08:	03075713          	srli	a4,a4,0x30
    80003a0c:	3cd5fe63          	bgeu	a1,a3,80003de8 <pjpeg_decode_mcu+0x1ac4>
    80003a10:	0106961b          	slliw	a2,a3,0x10
    80003a14:	4106561b          	sraiw	a2,a2,0x10
    80003a18:	02061593          	slli	a1,a2,0x20
    80003a1c:	00000693          	li	a3,0
    80003a20:	3a05d863          	bgez	a1,80003dd0 <pjpeg_decode_mcu+0x1aac>
    80003a24:	28d40023          	sb	a3,640(s0)
    80003a28:	0ff00693          	li	a3,255
    80003a2c:	3ae6fa63          	bgeu	a3,a4,80003de0 <pjpeg_decode_mcu+0x1abc>
    80003a30:	00f75713          	srli	a4,a4,0xf
    80003a34:	00173713          	seqz	a4,a4
    80003a38:	40e0073b          	negw	a4,a4
    80003a3c:	0ff77613          	zext.b	a2,a4
    80003a40:	0b700693          	li	a3,183
    80003a44:	02f686bb          	mulw	a3,a3,a5
    80003a48:	08044703          	lbu	a4,128(s0)
    80003a4c:	10044783          	lbu	a5,256(s0)
    80003a50:	30c40023          	sb	a2,768(s0)
    80003a54:	0ff00613          	li	a2,255
    80003a58:	0086d69b          	srliw	a3,a3,0x8
    80003a5c:	fa56869b          	addiw	a3,a3,-91
    80003a60:	03069693          	slli	a3,a3,0x30
    80003a64:	0306d693          	srli	a3,a3,0x30
    80003a68:	40d7073b          	subw	a4,a4,a3
    80003a6c:	40d787bb          	subw	a5,a5,a3
    80003a70:	03071713          	slli	a4,a4,0x30
    80003a74:	03079793          	slli	a5,a5,0x30
    80003a78:	03075713          	srli	a4,a4,0x30
    80003a7c:	0307d793          	srli	a5,a5,0x30
    80003a80:	54e67863          	bgeu	a2,a4,80003fd0 <pjpeg_decode_mcu+0x1cac>
    80003a84:	0107169b          	slliw	a3,a4,0x10
    80003a88:	4106d69b          	sraiw	a3,a3,0x10
    80003a8c:	02069613          	slli	a2,a3,0x20
    80003a90:	00000713          	li	a4,0
    80003a94:	52065063          	bgez	a2,80003fb4 <pjpeg_decode_mcu+0x1c90>
    80003a98:	08e40023          	sb	a4,128(s0)
    80003a9c:	0ff00713          	li	a4,255
    80003aa0:	52f77263          	bgeu	a4,a5,80003fc4 <pjpeg_decode_mcu+0x1ca0>
    80003aa4:	00f7d793          	srli	a5,a5,0xf
    80003aa8:	0017b793          	seqz	a5,a5
    80003aac:	40f007bb          	negw	a5,a5
    80003ab0:	0ff7f713          	zext.b	a4,a5
    80003ab4:	10e40023          	sb	a4,256(s0)
    80003ab8:	b11fe06f          	j	800025c8 <pjpeg_decode_mcu+0x2a4>
    80003abc:	00300713          	li	a4,3
    80003ac0:	00e90463          	beq	s2,a4,80003ac8 <pjpeg_decode_mcu+0x17a4>
    80003ac4:	b05fe06f          	j	800025c8 <pjpeg_decode_mcu+0x2a4>
    80003ac8:	06700613          	li	a2,103
    80003acc:	02f6063b          	mulw	a2,a2,a5
    80003ad0:	f4d7851b          	addiw	a0,a5,-179
    80003ad4:	28044683          	lbu	a3,640(s0)
    80003ad8:	2c044703          	lbu	a4,704(s0)
    80003adc:	0ff00593          	li	a1,255
    80003ae0:	0007879b          	sext.w	a5,a5
    80003ae4:	0086561b          	srliw	a2,a2,0x8
    80003ae8:	00a6063b          	addw	a2,a2,a0
    80003aec:	03061613          	slli	a2,a2,0x30
    80003af0:	03065613          	srli	a2,a2,0x30
    80003af4:	00c686bb          	addw	a3,a3,a2
    80003af8:	00c7073b          	addw	a4,a4,a2
    80003afc:	03069693          	slli	a3,a3,0x30
    80003b00:	03071713          	slli	a4,a4,0x30
    80003b04:	0306d693          	srli	a3,a3,0x30
    80003b08:	03075713          	srli	a4,a4,0x30
    80003b0c:	3cd5f263          	bgeu	a1,a3,80003ed0 <pjpeg_decode_mcu+0x1bac>
    80003b10:	0106961b          	slliw	a2,a3,0x10
    80003b14:	4106561b          	sraiw	a2,a2,0x10
    80003b18:	02061593          	slli	a1,a2,0x20
    80003b1c:	00000693          	li	a3,0
    80003b20:	2805dc63          	bgez	a1,80003db8 <pjpeg_decode_mcu+0x1a94>
    80003b24:	28d40023          	sb	a3,640(s0)
    80003b28:	0ff00693          	li	a3,255
    80003b2c:	28e6fe63          	bgeu	a3,a4,80003dc8 <pjpeg_decode_mcu+0x1aa4>
    80003b30:	00f75713          	srli	a4,a4,0xf
    80003b34:	00173713          	seqz	a4,a4
    80003b38:	40e0073b          	negw	a4,a4
    80003b3c:	0ff77613          	zext.b	a2,a4
    80003b40:	0b700693          	li	a3,183
    80003b44:	02f686bb          	mulw	a3,a3,a5
    80003b48:	08044703          	lbu	a4,128(s0)
    80003b4c:	0c044783          	lbu	a5,192(s0)
    80003b50:	2cc40023          	sb	a2,704(s0)
    80003b54:	0ff00613          	li	a2,255
    80003b58:	0086d69b          	srliw	a3,a3,0x8
    80003b5c:	fa56869b          	addiw	a3,a3,-91
    80003b60:	03069693          	slli	a3,a3,0x30
    80003b64:	0306d693          	srli	a3,a3,0x30
    80003b68:	40d7073b          	subw	a4,a4,a3
    80003b6c:	40d787bb          	subw	a5,a5,a3
    80003b70:	03071713          	slli	a4,a4,0x30
    80003b74:	03079793          	slli	a5,a5,0x30
    80003b78:	03075713          	srli	a4,a4,0x30
    80003b7c:	0307d793          	srli	a5,a5,0x30
    80003b80:	22e67863          	bgeu	a2,a4,80003db0 <pjpeg_decode_mcu+0x1a8c>
    80003b84:	0107169b          	slliw	a3,a4,0x10
    80003b88:	4106d69b          	sraiw	a3,a3,0x10
    80003b8c:	02069613          	slli	a2,a3,0x20
    80003b90:	00000713          	li	a4,0
    80003b94:	20065063          	bgez	a2,80003d94 <pjpeg_decode_mcu+0x1a70>
    80003b98:	08e40023          	sb	a4,128(s0)
    80003b9c:	0ff00713          	li	a4,255
    80003ba0:	20f77263          	bgeu	a4,a5,80003da4 <pjpeg_decode_mcu+0x1a80>
    80003ba4:	00f7d793          	srli	a5,a5,0xf
    80003ba8:	0017b793          	seqz	a5,a5
    80003bac:	40f007bb          	negw	a5,a5
    80003bb0:	0ff7f713          	zext.b	a4,a5
    80003bb4:	0ce40023          	sb	a4,192(s0)
    80003bb8:	a11fe06f          	j	800025c8 <pjpeg_decode_mcu+0x2a4>
    80003bbc:	00300793          	li	a5,3
    80003bc0:	00f90463          	beq	s2,a5,80003bc8 <pjpeg_decode_mcu+0x18a4>
    80003bc4:	a05fe06f          	j	800025c8 <pjpeg_decode_mcu+0x2a4>
    80003bc8:	00000593          	li	a1,0
    80003bcc:	00000513          	li	a0,0
    80003bd0:	ad9fd0ef          	jal	800016a8 <upsampleCrH>
    80003bd4:	04000593          	li	a1,64
    80003bd8:	00400513          	li	a0,4
    80003bdc:	acdfd0ef          	jal	800016a8 <upsampleCrH>
    80003be0:	9e9fe06f          	j	800025c8 <pjpeg_decode_mcu+0x2a4>
    80003be4:	aa018593          	addi	a1,gp,-1376 # 80007258 <gMCUBufB>
    80003be8:	9a018613          	addi	a2,gp,-1632 # 80007158 <gMCUBufG>
    80003bec:	ba018693          	addi	a3,gp,-1120 # 80007358 <gMCUBufR>
    80003bf0:	92018793          	addi	a5,gp,-1760 # 800070d8 <gCoeffBuf>
    80003bf4:	0007c703          	lbu	a4,0(a5)
    80003bf8:	00278793          	addi	a5,a5,2
    80003bfc:	00168693          	addi	a3,a3,1
    80003c00:	00e60023          	sb	a4,0(a2)
    80003c04:	00e58023          	sb	a4,0(a1)
    80003c08:	fee68fa3          	sb	a4,-1(a3)
    80003c0c:	00160613          	addi	a2,a2,1
    80003c10:	00158593          	addi	a1,a1,1
    80003c14:	fe6790e3          	bne	a5,t1,80003bf4 <pjpeg_decode_mcu+0x18d0>
    80003c18:	9b1fe06f          	j	800025c8 <pjpeg_decode_mcu+0x2a4>
    80003c1c:	9a018693          	addi	a3,gp,-1632 # 80007158 <gMCUBufG>
    80003c20:	ba018613          	addi	a2,gp,-1120 # 80007358 <gMCUBufR>
    80003c24:	92018593          	addi	a1,gp,-1760 # 800070d8 <gCoeffBuf>
    80003c28:	9e018e13          	addi	t3,gp,-1568 # 80007198 <gMCUBufG+0x40>
    80003c2c:	06700313          	li	t1,103
    80003c30:	0ff00513          	li	a0,255
    80003c34:	0b700893          	li	a7,183
    80003c38:	05b00813          	li	a6,91
    80003c3c:	00059703          	lh	a4,0(a1)
    80003c40:	00064f03          	lbu	t5,0(a2)
    80003c44:	00258593          	addi	a1,a1,2
    80003c48:	0ff77793          	zext.b	a5,a4
    80003c4c:	02f30ebb          	mulw	t4,t1,a5
    80003c50:	0ff77713          	zext.b	a4,a4
    80003c54:	f4d7071b          	addiw	a4,a4,-179
    80003c58:	008ede9b          	srliw	t4,t4,0x8
    80003c5c:	01d7073b          	addw	a4,a4,t4
    80003c60:	01e7073b          	addw	a4,a4,t5
    80003c64:	03071e93          	slli	t4,a4,0x30
    80003c68:	030ede93          	srli	t4,t4,0x30
    80003c6c:	0ff77713          	zext.b	a4,a4
    80003c70:	01d57a63          	bgeu	a0,t4,80003c84 <pjpeg_decode_mcu+0x1960>
    80003c74:	00fed713          	srli	a4,t4,0xf
    80003c78:	00173713          	seqz	a4,a4
    80003c7c:	40e0073b          	negw	a4,a4
    80003c80:	0ff77713          	zext.b	a4,a4
    80003c84:	02f887bb          	mulw	a5,a7,a5
    80003c88:	0006ce83          	lbu	t4,0(a3)
    80003c8c:	00e60023          	sb	a4,0(a2)
    80003c90:	00160613          	addi	a2,a2,1
    80003c94:	0087d79b          	srliw	a5,a5,0x8
    80003c98:	40f807bb          	subw	a5,a6,a5
    80003c9c:	01d787bb          	addw	a5,a5,t4
    80003ca0:	03079713          	slli	a4,a5,0x30
    80003ca4:	03075713          	srli	a4,a4,0x30
    80003ca8:	0ff7f793          	zext.b	a5,a5
    80003cac:	00e57a63          	bgeu	a0,a4,80003cc0 <pjpeg_decode_mcu+0x199c>
    80003cb0:	00f75793          	srli	a5,a4,0xf
    80003cb4:	0017b793          	seqz	a5,a5
    80003cb8:	40f007bb          	negw	a5,a5
    80003cbc:	0ff7f793          	zext.b	a5,a5
    80003cc0:	00f68023          	sb	a5,0(a3)
    80003cc4:	00168693          	addi	a3,a3,1
    80003cc8:	f7c69ae3          	bne	a3,t3,80003c3c <pjpeg_decode_mcu+0x1918>
    80003ccc:	8fdfe06f          	j	800025c8 <pjpeg_decode_mcu+0x2a4>
    80003cd0:	aa018593          	addi	a1,gp,-1376 # 80007258 <gMCUBufB>
    80003cd4:	9a018613          	addi	a2,gp,-1632 # 80007158 <gMCUBufG>
    80003cd8:	ba018693          	addi	a3,gp,-1120 # 80007358 <gMCUBufR>
    80003cdc:	92018793          	addi	a5,gp,-1760 # 800070d8 <gCoeffBuf>
    80003ce0:	0007c703          	lbu	a4,0(a5)
    80003ce4:	00278793          	addi	a5,a5,2
    80003ce8:	00168693          	addi	a3,a3,1
    80003cec:	00e60023          	sb	a4,0(a2)
    80003cf0:	00e58023          	sb	a4,0(a1)
    80003cf4:	fee68fa3          	sb	a4,-1(a3)
    80003cf8:	00160613          	addi	a2,a2,1
    80003cfc:	00158593          	addi	a1,a1,1
    80003d00:	fe6790e3          	bne	a5,t1,80003ce0 <pjpeg_decode_mcu+0x19bc>
    80003d04:	8c5fe06f          	j	800025c8 <pjpeg_decode_mcu+0x2a4>
    80003d08:	06700713          	li	a4,103
    80003d0c:	02f706bb          	mulw	a3,a4,a5
    80003d10:	28044703          	lbu	a4,640(s0)
    80003d14:	0007861b          	sext.w	a2,a5
    80003d18:	0ff00593          	li	a1,255
    80003d1c:	f4d7071b          	addiw	a4,a4,-179
    80003d20:	00f707bb          	addw	a5,a4,a5
    80003d24:	0086d71b          	srliw	a4,a3,0x8
    80003d28:	00e787bb          	addw	a5,a5,a4
    80003d2c:	03079713          	slli	a4,a5,0x30
    80003d30:	03075713          	srli	a4,a4,0x30
    80003d34:	0ff7f793          	zext.b	a5,a5
    80003d38:	00e5fa63          	bgeu	a1,a4,80003d4c <pjpeg_decode_mcu+0x1a28>
    80003d3c:	00f75793          	srli	a5,a4,0xf
    80003d40:	0017b793          	seqz	a5,a5
    80003d44:	40f007bb          	negw	a5,a5
    80003d48:	0ff7f793          	zext.b	a5,a5
    80003d4c:	0b700713          	li	a4,183
    80003d50:	02c706bb          	mulw	a3,a4,a2
    80003d54:	08044703          	lbu	a4,128(s0)
    80003d58:	28f40023          	sb	a5,640(s0)
    80003d5c:	0ff00613          	li	a2,255
    80003d60:	05b7079b          	addiw	a5,a4,91
    80003d64:	0086d71b          	srliw	a4,a3,0x8
    80003d68:	40e787bb          	subw	a5,a5,a4
    80003d6c:	03079713          	slli	a4,a5,0x30
    80003d70:	03075713          	srli	a4,a4,0x30
    80003d74:	0ff7f793          	zext.b	a5,a5
    80003d78:	00e67a63          	bgeu	a2,a4,80003d8c <pjpeg_decode_mcu+0x1a68>
    80003d7c:	00f75793          	srli	a5,a4,0xf
    80003d80:	0017b793          	seqz	a5,a5
    80003d84:	40f007bb          	negw	a5,a5
    80003d88:	0ff7f793          	zext.b	a5,a5
    80003d8c:	08f40023          	sb	a5,128(s0)
    80003d90:	839fe06f          	j	800025c8 <pjpeg_decode_mcu+0x2a4>
    80003d94:	fff00713          	li	a4,-1
    80003d98:	08e40023          	sb	a4,128(s0)
    80003d9c:	0ff00713          	li	a4,255
    80003da0:	e0f76ae3          	bltu	a4,a5,80003bb4 <pjpeg_decode_mcu+0x1890>
    80003da4:	0ff7f713          	zext.b	a4,a5
    80003da8:	0ce40023          	sb	a4,192(s0)
    80003dac:	81dfe06f          	j	800025c8 <pjpeg_decode_mcu+0x2a4>
    80003db0:	0ff77713          	zext.b	a4,a4
    80003db4:	de5ff06f          	j	80003b98 <pjpeg_decode_mcu+0x1874>
    80003db8:	fff00693          	li	a3,-1
    80003dbc:	28d40023          	sb	a3,640(s0)
    80003dc0:	0ff00613          	li	a2,255
    80003dc4:	d6e66ee3          	bltu	a2,a4,80003b40 <pjpeg_decode_mcu+0x181c>
    80003dc8:	0ff77613          	zext.b	a2,a4
    80003dcc:	d75ff06f          	j	80003b40 <pjpeg_decode_mcu+0x181c>
    80003dd0:	fff00693          	li	a3,-1
    80003dd4:	28d40023          	sb	a3,640(s0)
    80003dd8:	0ff00613          	li	a2,255
    80003ddc:	c6e662e3          	bltu	a2,a4,80003a40 <pjpeg_decode_mcu+0x171c>
    80003de0:	0ff77613          	zext.b	a2,a4
    80003de4:	c5dff06f          	j	80003a40 <pjpeg_decode_mcu+0x171c>
    80003de8:	0ff6f693          	zext.b	a3,a3
    80003dec:	c39ff06f          	j	80003a24 <pjpeg_decode_mcu+0x1700>
    80003df0:	fff00713          	li	a4,-1
    80003df4:	18e40023          	sb	a4,384(s0)
    80003df8:	0ff00713          	li	a4,255
    80003dfc:	ecf76463          	bltu	a4,a5,800034c4 <pjpeg_decode_mcu+0x11a0>
    80003e00:	0ff7f713          	zext.b	a4,a5
    80003e04:	20e40023          	sb	a4,512(s0)
    80003e08:	fc0fe06f          	j	800025c8 <pjpeg_decode_mcu+0x2a4>
    80003e0c:	0ff77713          	zext.b	a4,a4
    80003e10:	e98ff06f          	j	800034a8 <pjpeg_decode_mcu+0x1184>
    80003e14:	fff00693          	li	a3,-1
    80003e18:	08d40023          	sb	a3,128(s0)
    80003e1c:	0ff00613          	li	a2,255
    80003e20:	e2e66663          	bltu	a2,a4,8000344c <pjpeg_decode_mcu+0x1128>
    80003e24:	0ff77613          	zext.b	a2,a4
    80003e28:	e24ff06f          	j	8000344c <pjpeg_decode_mcu+0x1128>
    80003e2c:	0ff6f693          	zext.b	a3,a3
    80003e30:	e00ff06f          	j	80003430 <pjpeg_decode_mcu+0x110c>
    80003e34:	fff00713          	li	a4,-1
    80003e38:	18e40023          	sb	a4,384(s0)
    80003e3c:	1af67263          	bgeu	a2,a5,80003fe0 <pjpeg_decode_mcu+0x1cbc>
    80003e40:	20044783          	lbu	a5,512(s0)
    80003e44:	fff00713          	li	a4,-1
    80003e48:	1ce40023          	sb	a4,448(s0)
    80003e4c:	00d787bb          	addw	a5,a5,a3
    80003e50:	03079793          	slli	a5,a5,0x30
    80003e54:	0307d793          	srli	a5,a5,0x30
    80003e58:	0ff00713          	li	a4,255
    80003e5c:	16f77e63          	bgeu	a4,a5,80003fd8 <pjpeg_decode_mcu+0x1cb4>
    80003e60:	24044783          	lbu	a5,576(s0)
    80003e64:	fff00713          	li	a4,-1
    80003e68:	20e40023          	sb	a4,512(s0)
    80003e6c:	00d787bb          	addw	a5,a5,a3
    80003e70:	03079793          	slli	a5,a5,0x30
    80003e74:	0307d793          	srli	a5,a5,0x30
    80003e78:	0ff00713          	li	a4,255
    80003e7c:	90f766e3          	bltu	a4,a5,80003788 <pjpeg_decode_mcu+0x1464>
    80003e80:	0ff7f713          	zext.b	a4,a5
    80003e84:	24e40023          	sb	a4,576(s0)
    80003e88:	f40fe06f          	j	800025c8 <pjpeg_decode_mcu+0x2a4>
    80003e8c:	fff00713          	li	a4,-1
    80003e90:	18e40023          	sb	a4,384(s0)
    80003e94:	0ff00713          	li	a4,255
    80003e98:	d2f76c63          	bltu	a4,a5,800033d0 <pjpeg_decode_mcu+0x10ac>
    80003e9c:	0ff7f713          	zext.b	a4,a5
    80003ea0:	1ce40023          	sb	a4,448(s0)
    80003ea4:	f24fe06f          	j	800025c8 <pjpeg_decode_mcu+0x2a4>
    80003ea8:	0ff77713          	zext.b	a4,a4
    80003eac:	d08ff06f          	j	800033b4 <pjpeg_decode_mcu+0x1090>
    80003eb0:	fff00693          	li	a3,-1
    80003eb4:	08d40023          	sb	a3,128(s0)
    80003eb8:	0ff00613          	li	a2,255
    80003ebc:	c8e66e63          	bltu	a2,a4,80003358 <pjpeg_decode_mcu+0x1034>
    80003ec0:	0ff77613          	zext.b	a2,a4
    80003ec4:	c94ff06f          	j	80003358 <pjpeg_decode_mcu+0x1034>
    80003ec8:	0ff6f693          	zext.b	a3,a3
    80003ecc:	c70ff06f          	j	8000333c <pjpeg_decode_mcu+0x1018>
    80003ed0:	0ff6f693          	zext.b	a3,a3
    80003ed4:	c51ff06f          	j	80003b24 <pjpeg_decode_mcu+0x1800>
    80003ed8:	fff00713          	li	a4,-1
    80003edc:	08e40023          	sb	a4,128(s0)
    80003ee0:	04f67c63          	bgeu	a2,a5,80003f38 <pjpeg_decode_mcu+0x1c14>
    80003ee4:	10044783          	lbu	a5,256(s0)
    80003ee8:	fff00713          	li	a4,-1
    80003eec:	0ce40023          	sb	a4,192(s0)
    80003ef0:	40d787bb          	subw	a5,a5,a3
    80003ef4:	03079793          	slli	a5,a5,0x30
    80003ef8:	0307d793          	srli	a5,a5,0x30
    80003efc:	0ff00713          	li	a4,255
    80003f00:	02f77863          	bgeu	a4,a5,80003f30 <pjpeg_decode_mcu+0x1c0c>
    80003f04:	14044783          	lbu	a5,320(s0)
    80003f08:	fff00713          	li	a4,-1
    80003f0c:	10e40023          	sb	a4,256(s0)
    80003f10:	40d787bb          	subw	a5,a5,a3
    80003f14:	03079793          	slli	a5,a5,0x30
    80003f18:	0307d793          	srli	a5,a5,0x30
    80003f1c:	0ff00713          	li	a4,255
    80003f20:	a0f76ee3          	bltu	a4,a5,8000393c <pjpeg_decode_mcu+0x1618>
    80003f24:	0ff7f713          	zext.b	a4,a5
    80003f28:	14e40023          	sb	a4,320(s0)
    80003f2c:	e9cfe06f          	j	800025c8 <pjpeg_decode_mcu+0x2a4>
    80003f30:	0ff7f713          	zext.b	a4,a5
    80003f34:	9ddff06f          	j	80003910 <pjpeg_decode_mcu+0x15ec>
    80003f38:	0ff7f713          	zext.b	a4,a5
    80003f3c:	9a5ff06f          	j	800038e0 <pjpeg_decode_mcu+0x15bc>
    80003f40:	0ff77713          	zext.b	a4,a4
    80003f44:	97dff06f          	j	800038c0 <pjpeg_decode_mcu+0x159c>
    80003f48:	fff00693          	li	a3,-1
    80003f4c:	28d40023          	sb	a3,640(s0)
    80003f50:	04e5fa63          	bgeu	a1,a4,80003fa4 <pjpeg_decode_mcu+0x1c80>
    80003f54:	30044703          	lbu	a4,768(s0)
    80003f58:	fff00693          	li	a3,-1
    80003f5c:	2cd40023          	sb	a3,704(s0)
    80003f60:	00c7073b          	addw	a4,a4,a2
    80003f64:	03071713          	slli	a4,a4,0x30
    80003f68:	03075713          	srli	a4,a4,0x30
    80003f6c:	0ff00693          	li	a3,255
    80003f70:	02e6f663          	bgeu	a3,a4,80003f9c <pjpeg_decode_mcu+0x1c78>
    80003f74:	34044703          	lbu	a4,832(s0)
    80003f78:	fff00693          	li	a3,-1
    80003f7c:	30d40023          	sb	a3,768(s0)
    80003f80:	00c7073b          	addw	a4,a4,a2
    80003f84:	03071713          	slli	a4,a4,0x30
    80003f88:	03075713          	srli	a4,a4,0x30
    80003f8c:	0ff00613          	li	a2,255
    80003f90:	8ce66ce3          	bltu	a2,a4,80003868 <pjpeg_decode_mcu+0x1544>
    80003f94:	0ff77613          	zext.b	a2,a4
    80003f98:	8d1ff06f          	j	80003868 <pjpeg_decode_mcu+0x1544>
    80003f9c:	0ff77693          	zext.b	a3,a4
    80003fa0:	89dff06f          	j	8000383c <pjpeg_decode_mcu+0x1518>
    80003fa4:	0ff77693          	zext.b	a3,a4
    80003fa8:	865ff06f          	j	8000380c <pjpeg_decode_mcu+0x14e8>
    80003fac:	0ff6f693          	zext.b	a3,a3
    80003fb0:	83dff06f          	j	800037ec <pjpeg_decode_mcu+0x14c8>
    80003fb4:	fff00713          	li	a4,-1
    80003fb8:	08e40023          	sb	a4,128(s0)
    80003fbc:	0ff00713          	li	a4,255
    80003fc0:	aef76ae3          	bltu	a4,a5,80003ab4 <pjpeg_decode_mcu+0x1790>
    80003fc4:	0ff7f713          	zext.b	a4,a5
    80003fc8:	10e40023          	sb	a4,256(s0)
    80003fcc:	dfcfe06f          	j	800025c8 <pjpeg_decode_mcu+0x2a4>
    80003fd0:	0ff77713          	zext.b	a4,a4
    80003fd4:	ac5ff06f          	j	80003a98 <pjpeg_decode_mcu+0x1774>
    80003fd8:	0ff7f713          	zext.b	a4,a5
    80003fdc:	f80ff06f          	j	8000375c <pjpeg_decode_mcu+0x1438>
    80003fe0:	0ff7f713          	zext.b	a4,a5
    80003fe4:	f48ff06f          	j	8000372c <pjpeg_decode_mcu+0x1408>
    80003fe8:	0ff77713          	zext.b	a4,a4
    80003fec:	f20ff06f          	j	8000370c <pjpeg_decode_mcu+0x13e8>
    80003ff0:	fff00693          	li	a3,-1
    80003ff4:	08d40023          	sb	a3,128(s0)
    80003ff8:	04e57a63          	bgeu	a0,a4,8000404c <pjpeg_decode_mcu+0x1d28>
    80003ffc:	10044703          	lbu	a4,256(s0)
    80004000:	fff00693          	li	a3,-1
    80004004:	0cd40023          	sb	a3,192(s0)
    80004008:	40c7073b          	subw	a4,a4,a2
    8000400c:	03071713          	slli	a4,a4,0x30
    80004010:	03075713          	srli	a4,a4,0x30
    80004014:	0ff00693          	li	a3,255
    80004018:	02e6f663          	bgeu	a3,a4,80004044 <pjpeg_decode_mcu+0x1d20>
    8000401c:	14044703          	lbu	a4,320(s0)
    80004020:	fff00693          	li	a3,-1
    80004024:	10d40023          	sb	a3,256(s0)
    80004028:	40c7073b          	subw	a4,a4,a2
    8000402c:	03071713          	slli	a4,a4,0x30
    80004030:	03075713          	srli	a4,a4,0x30
    80004034:	0ff00613          	li	a2,255
    80004038:	e6e66c63          	bltu	a2,a4,800036b0 <pjpeg_decode_mcu+0x138c>
    8000403c:	0ff77613          	zext.b	a2,a4
    80004040:	e70ff06f          	j	800036b0 <pjpeg_decode_mcu+0x138c>
    80004044:	0ff77693          	zext.b	a3,a4
    80004048:	e3cff06f          	j	80003684 <pjpeg_decode_mcu+0x1360>
    8000404c:	0ff77693          	zext.b	a3,a4
    80004050:	e04ff06f          	j	80003654 <pjpeg_decode_mcu+0x1330>
    80004054:	0ff6f693          	zext.b	a3,a3
    80004058:	ddcff06f          	j	80003634 <pjpeg_decode_mcu+0x1310>

000000008000405c <pjpeg_decode_init>:
    8000405c:	00058793          	mv	a5,a1
    80004060:	f6010113          	addi	sp,sp,-160
    80004064:	84f1bc23          	sd	a5,-1960(gp) # 80007010 <g_pNeedBytesCallback>
    80004068:	08113c23          	sd	ra,152(sp)
    8000406c:	08913423          	sd	s1,136(sp)
    80004070:	07413823          	sd	s4,112(sp)
    80004074:	07513423          	sd	s5,104(sp)
    80004078:	03b13c23          	sd	s11,56(sp)
    8000407c:	84c1b823          	sd	a2,-1968(gp) # 80007008 <g_pCallback_data>
    80004080:	84d18623          	sb	a3,-1972(gp) # 80007004 <gReduce>
    80004084:	840186a3          	sb	zero,-1971(gp) # 80007005 <gCallbackStatus>
    80004088:	8a019b23          	sh	zero,-1866(gp) # 8000706e <gImageXSize>
    8000408c:	8a019a23          	sh	zero,-1868(gp) # 8000706c <gImageYSize>
    80004090:	8a0189a3          	sb	zero,-1869(gp) # 8000706b <gCompsInFrame>
    80004094:	88019823          	sh	zero,-1904(gp) # 80007048 <gRestartInterval>
    80004098:	880185a3          	sb	zero,-1909(gp) # 80007043 <gCompsInScan>
    8000409c:	8c018023          	sb	zero,-1856(gp) # 80007078 <gValidHuffTables>
    800040a0:	8a018fa3          	sb	zero,-1857(gp) # 80007077 <gValidQuantTables>
    800040a4:	8a018f23          	sb	zero,-1858(gp) # 80007076 <gTemFlag>
    800040a8:	8a018ea3          	sb	zero,-1859(gp) # 80007075 <gInBufOfs>
    800040ac:	8a018e23          	sb	zero,-1860(gp) # 80007074 <gInBufLeft>
    800040b0:	8a019d23          	sh	zero,-1862(gp) # 80007072 <gBitBuf>
    800040b4:	00800793          	li	a5,8
    800040b8:	00053023          	sd	zero,0(a0)
    800040bc:	00053423          	sd	zero,8(a0)
    800040c0:	00053823          	sd	zero,16(a0)
    800040c4:	00053c23          	sd	zero,24(a0)
    800040c8:	02053023          	sd	zero,32(a0)
    800040cc:	02053423          	sd	zero,40(a0)
    800040d0:	02053823          	sd	zero,48(a0)
    800040d4:	00000593          	li	a1,0
    800040d8:	00050493          	mv	s1,a0
    800040dc:	8b818d93          	addi	s11,gp,-1864 # 80007070 <gBitsLeft>
    800040e0:	00800513          	li	a0,8
    800040e4:	00fd8023          	sb	a5,0(s11)
    800040e8:	b61fd0ef          	jal	80001c48 <getBits>
    800040ec:	84d18a93          	addi	s5,gp,-1971 # 80007005 <gCallbackStatus>
    800040f0:	00000593          	li	a1,0
    800040f4:	00800513          	li	a0,8
    800040f8:	b51fd0ef          	jal	80001c48 <getBits>
    800040fc:	000aca03          	lbu	s4,0(s5)
    80004100:	020a0263          	beqz	s4,80004124 <pjpeg_decode_init+0xc8>
    80004104:	09813083          	ld	ra,152(sp)
    80004108:	08813483          	ld	s1,136(sp)
    8000410c:	06813a83          	ld	s5,104(sp)
    80004110:	03813d83          	ld	s11,56(sp)
    80004114:	000a0513          	mv	a0,s4
    80004118:	07013a03          	ld	s4,112(sp)
    8000411c:	0a010113          	addi	sp,sp,160
    80004120:	00008067          	ret
    80004124:	00000593          	li	a1,0
    80004128:	00800513          	li	a0,8
    8000412c:	08813823          	sd	s0,144(sp)
    80004130:	07613023          	sd	s6,96(sp)
    80004134:	05813823          	sd	s8,80(sp)
    80004138:	b11fd0ef          	jal	80001c48 <getBits>
    8000413c:	00050413          	mv	s0,a0
    80004140:	00000593          	li	a1,0
    80004144:	00800513          	li	a0,8
    80004148:	b01fd0ef          	jal	80001c48 <getBits>
    8000414c:	00001b37          	lui	s6,0x1
    80004150:	0ff47413          	zext.b	s0,s0
    80004154:	0ff00793          	li	a5,255
    80004158:	0ff57c13          	zext.b	s8,a0
    8000415c:	fffb0b13          	addi	s6,s6,-1 # fff <__stack_align+0xfef>
    80004160:	12f40863          	beq	s0,a5,80004290 <pjpeg_decode_init+0x234>
    80004164:	09213023          	sd	s2,128(sp)
    80004168:	07313c23          	sd	s3,120(sp)
    8000416c:	05713c23          	sd	s7,88(sp)
    80004170:	05913423          	sd	s9,72(sp)
    80004174:	05a13023          	sd	s10,64(sp)
    80004178:	8ba18b93          	addi	s7,gp,-1862 # 80007072 <gBitBuf>
    8000417c:	000bd403          	lhu	s0,0(s7)
    80004180:	000dc703          	lbu	a4,0(s11)
    80004184:	00700d13          	li	s10,7
    80004188:	0084179b          	slliw	a5,s0,0x8
    8000418c:	00800993          	li	s3,8
    80004190:	0ff00c93          	li	s9,255
    80004194:	0d800913          	li	s2,216
    80004198:	0d900a13          	li	s4,217
    8000419c:	ff87069b          	addiw	a3,a4,-8
    800041a0:	0004041b          	sext.w	s0,s0
    800041a4:	04ed7663          	bgeu	s10,a4,800041f0 <pjpeg_decode_init+0x194>
    800041a8:	03079793          	slli	a5,a5,0x30
    800041ac:	0307d793          	srli	a5,a5,0x30
    800041b0:	fffb0b1b          	addiw	s6,s6,-1
    800041b4:	030b1b13          	slli	s6,s6,0x30
    800041b8:	00845713          	srli	a4,s0,0x8
    800041bc:	00dd8023          	sb	a3,0(s11)
    800041c0:	00fb9023          	sh	a5,0(s7)
    800041c4:	030b5b13          	srli	s6,s6,0x30
    800041c8:	00070413          	mv	s0,a4
    800041cc:	079c0863          	beq	s8,s9,8000423c <pjpeg_decode_init+0x1e0>
    800041d0:	060b0a63          	beqz	s6,80004244 <pjpeg_decode_init+0x1e8>
    800041d4:	000dc703          	lbu	a4,0(s11)
    800041d8:	00040c13          	mv	s8,s0
    800041dc:	000bd403          	lhu	s0,0(s7)
    800041e0:	ff87069b          	addiw	a3,a4,-8
    800041e4:	0084179b          	slliw	a5,s0,0x8
    800041e8:	0004041b          	sext.w	s0,s0
    800041ec:	faed6ee3          	bltu	s10,a4,800041a8 <pjpeg_decode_init+0x14c>
    800041f0:	00e4173b          	sllw	a4,s0,a4
    800041f4:	00eb9023          	sh	a4,0(s7)
    800041f8:	fecfd0ef          	jal	800019e4 <getChar>
    800041fc:	000bd783          	lhu	a5,0(s7)
    80004200:	000dc703          	lbu	a4,0(s11)
    80004204:	fffb0b1b          	addiw	s6,s6,-1
    80004208:	00f567b3          	or	a5,a0,a5
    8000420c:	0107979b          	slliw	a5,a5,0x10
    80004210:	40e9873b          	subw	a4,s3,a4
    80004214:	0107d79b          	srliw	a5,a5,0x10
    80004218:	00e797bb          	sllw	a5,a5,a4
    8000421c:	03079793          	slli	a5,a5,0x30
    80004220:	0307d793          	srli	a5,a5,0x30
    80004224:	030b1b13          	slli	s6,s6,0x30
    80004228:	00845713          	srli	a4,s0,0x8
    8000422c:	00fb9023          	sh	a5,0(s7)
    80004230:	030b5b13          	srli	s6,s6,0x30
    80004234:	00070413          	mv	s0,a4
    80004238:	f99c1ce3          	bne	s8,s9,800041d0 <pjpeg_decode_init+0x174>
    8000423c:	1f270663          	beq	a4,s2,80004428 <pjpeg_decode_init+0x3cc>
    80004240:	f94718e3          	bne	a4,s4,800041d0 <pjpeg_decode_init+0x174>
    80004244:	01300a13          	li	s4,19
    80004248:	08013903          	ld	s2,128(sp)
    8000424c:	07813983          	ld	s3,120(sp)
    80004250:	05813b83          	ld	s7,88(sp)
    80004254:	04813c83          	ld	s9,72(sp)
    80004258:	04013d03          	ld	s10,64(sp)
    8000425c:	000ac703          	lbu	a4,0(s5)
    80004260:	7e071263          	bnez	a4,80004a44 <pjpeg_decode_init+0x9e8>
    80004264:	09013403          	ld	s0,144(sp)
    80004268:	09813083          	ld	ra,152(sp)
    8000426c:	06013b03          	ld	s6,96(sp)
    80004270:	05013c03          	ld	s8,80(sp)
    80004274:	08813483          	ld	s1,136(sp)
    80004278:	06813a83          	ld	s5,104(sp)
    8000427c:	03813d83          	ld	s11,56(sp)
    80004280:	000a0513          	mv	a0,s4
    80004284:	07013a03          	ld	s4,112(sp)
    80004288:	0a010113          	addi	sp,sp,160
    8000428c:	00008067          	ret
    80004290:	0d800793          	li	a5,216
    80004294:	ecfc18e3          	bne	s8,a5,80004164 <pjpeg_decode_init+0x108>
    80004298:	02f10513          	addi	a0,sp,47
    8000429c:	bb1fd0ef          	jal	80001e4c <processMarkers>
    800042a0:	00050a13          	mv	s4,a0
    800042a4:	fa051ce3          	bnez	a0,8000425c <pjpeg_decode_init+0x200>
    800042a8:	02f14703          	lbu	a4,47(sp)
    800042ac:	0c200693          	li	a3,194
    800042b0:	52d70463          	beq	a4,a3,800047d8 <pjpeg_decode_init+0x77c>
    800042b4:	0c900693          	li	a3,201
    800042b8:	50d70c63          	beq	a4,a3,800047d0 <pjpeg_decode_init+0x774>
    800042bc:	0c000693          	li	a3,192
    800042c0:	18d71463          	bne	a4,a3,80004448 <pjpeg_decode_init+0x3ec>
    800042c4:	00000593          	li	a1,0
    800042c8:	01000513          	li	a0,16
    800042cc:	97dfd0ef          	jal	80001c48 <getBits>
    800042d0:	00050413          	mv	s0,a0
    800042d4:	00000593          	li	a1,0
    800042d8:	00800513          	li	a0,8
    800042dc:	96dfd0ef          	jal	80001c48 <getBits>
    800042e0:	0005071b          	sext.w	a4,a0
    800042e4:	00800693          	li	a3,8
    800042e8:	52d71463          	bne	a4,a3,80004810 <pjpeg_decode_init+0x7b4>
    800042ec:	00000593          	li	a1,0
    800042f0:	01000513          	li	a0,16
    800042f4:	09213023          	sd	s2,128(sp)
    800042f8:	951fd0ef          	jal	80001c48 <getBits>
    800042fc:	fff5069b          	addiw	a3,a0,-1
    80004300:	8b418793          	addi	a5,gp,-1868 # 8000706c <gImageYSize>
    80004304:	03069713          	slli	a4,a3,0x30
    80004308:	00a79023          	sh	a0,0(a5)
    8000430c:	03075713          	srli	a4,a4,0x30
    80004310:	00004937          	lui	s2,0x4
    80004314:	55277063          	bgeu	a4,s2,80004854 <pjpeg_decode_init+0x7f8>
    80004318:	00000593          	li	a1,0
    8000431c:	01000513          	li	a0,16
    80004320:	929fd0ef          	jal	80001c48 <getBits>
    80004324:	fff5069b          	addiw	a3,a0,-1
    80004328:	8b618793          	addi	a5,gp,-1866 # 8000706e <gImageXSize>
    8000432c:	03069713          	slli	a4,a3,0x30
    80004330:	00a79023          	sh	a0,0(a5)
    80004334:	03075713          	srli	a4,a4,0x30
    80004338:	65277c63          	bgeu	a4,s2,80004990 <pjpeg_decode_init+0x934>
    8000433c:	00000593          	li	a1,0
    80004340:	00800513          	li	a0,8
    80004344:	905fd0ef          	jal	80001c48 <getBits>
    80004348:	0ff57713          	zext.b	a4,a0
    8000434c:	8b318913          	addi	s2,gp,-1869 # 8000706b <gCompsInFrame>
    80004350:	00e90023          	sb	a4,0(s2) # 4000 <__stack_align+0x3ff0>
    80004354:	00300693          	li	a3,3
    80004358:	6ee6e063          	bltu	a3,a4,80004a38 <pjpeg_decode_init+0x9dc>
    8000435c:	0017169b          	slliw	a3,a4,0x1
    80004360:	00e686bb          	addw	a3,a3,a4
    80004364:	0086869b          	addiw	a3,a3,8
    80004368:	0004041b          	sext.w	s0,s0
    8000436c:	66869a63          	bne	a3,s0,800049e0 <pjpeg_decode_init+0x984>
    80004370:	6e070463          	beqz	a4,80004a58 <pjpeg_decode_init+0x9fc>
    80004374:	05713c23          	sd	s7,88(sp)
    80004378:	8a018693          	addi	a3,gp,-1888 # 80007058 <gCompVSamp>
    8000437c:	8a818b93          	addi	s7,gp,-1880 # 80007060 <gCompHSamp>
    80004380:	89818413          	addi	s0,gp,-1896 # 80007050 <gCompQuant>
    80004384:	07313c23          	sd	s3,120(sp)
    80004388:	05913423          	sd	s9,72(sp)
    8000438c:	05a13023          	sd	s10,64(sp)
    80004390:	000b8c93          	mv	s9,s7
    80004394:	00068c13          	mv	s8,a3
    80004398:	00040b13          	mv	s6,s0
    8000439c:	8b018993          	addi	s3,gp,-1872 # 80007068 <gCompIdent>
    800043a0:	00100d13          	li	s10,1
    800043a4:	0200006f          	j	800043c4 <pjpeg_decode_init+0x368>
    800043a8:	00094703          	lbu	a4,0(s2)
    800043ac:	00198993          	addi	s3,s3,1
    800043b0:	001c8c93          	addi	s9,s9,1
    800043b4:	001c0c13          	addi	s8,s8,1
    800043b8:	001b0b13          	addi	s6,s6,1
    800043bc:	8a018693          	addi	a3,gp,-1888 # 80007058 <gCompVSamp>
    800043c0:	08ea7863          	bgeu	s4,a4,80004450 <pjpeg_decode_init+0x3f4>
    800043c4:	00000593          	li	a1,0
    800043c8:	00800513          	li	a0,8
    800043cc:	87dfd0ef          	jal	80001c48 <getBits>
    800043d0:	00050713          	mv	a4,a0
    800043d4:	00000593          	li	a1,0
    800043d8:	00e98023          	sb	a4,0(s3)
    800043dc:	00400513          	li	a0,4
    800043e0:	869fd0ef          	jal	80001c48 <getBits>
    800043e4:	00050713          	mv	a4,a0
    800043e8:	00000593          	li	a1,0
    800043ec:	00ec8023          	sb	a4,0(s9)
    800043f0:	00400513          	li	a0,4
    800043f4:	855fd0ef          	jal	80001c48 <getBits>
    800043f8:	00050713          	mv	a4,a0
    800043fc:	00ec0023          	sb	a4,0(s8)
    80004400:	00000593          	li	a1,0
    80004404:	00800513          	li	a0,8
    80004408:	841fd0ef          	jal	80001c48 <getBits>
    8000440c:	0ff57713          	zext.b	a4,a0
    80004410:	001a079b          	addiw	a5,s4,1
    80004414:	00eb0023          	sb	a4,0(s6)
    80004418:	0ff7fa13          	zext.b	s4,a5
    8000441c:	f8ed76e3          	bgeu	s10,a4,800043a8 <pjpeg_decode_init+0x34c>
    80004420:	02400a13          	li	s4,36
    80004424:	e25ff06f          	j	80004248 <pjpeg_decode_init+0x1ec>
    80004428:	0087d793          	srli	a5,a5,0x8
    8000442c:	e1879ce3          	bne	a5,s8,80004244 <pjpeg_decode_init+0x1e8>
    80004430:	08013903          	ld	s2,128(sp)
    80004434:	07813983          	ld	s3,120(sp)
    80004438:	05813b83          	ld	s7,88(sp)
    8000443c:	04813c83          	ld	s9,72(sp)
    80004440:	04013d03          	ld	s10,64(sp)
    80004444:	e55ff06f          	j	80004298 <pjpeg_decode_init+0x23c>
    80004448:	01400a13          	li	s4,20
    8000444c:	e11ff06f          	j	8000425c <pjpeg_decode_init+0x200>
    80004450:	000aca03          	lbu	s4,0(s5)
    80004454:	2e0a1263          	bnez	s4,80004738 <pjpeg_decode_init+0x6dc>
    80004458:	33a70063          	beq	a4,s10,80004778 <pjpeg_decode_init+0x71c>
    8000445c:	00300793          	li	a5,3
    80004460:	38f71063          	bne	a4,a5,800047e0 <pjpeg_decode_init+0x784>
    80004464:	001bc703          	lbu	a4,1(s7)
    80004468:	01b00a13          	li	s4,27
    8000446c:	2da71663          	bne	a4,s10,80004738 <pjpeg_decode_init+0x6dc>
    80004470:	0016c703          	lbu	a4,1(a3)
    80004474:	2da71263          	bne	a4,s10,80004738 <pjpeg_decode_init+0x6dc>
    80004478:	002bc703          	lbu	a4,2(s7)
    8000447c:	2ba71e63          	bne	a4,s10,80004738 <pjpeg_decode_init+0x6dc>
    80004480:	0026c703          	lbu	a4,2(a3)
    80004484:	2ba71a63          	bne	a4,s10,80004738 <pjpeg_decode_init+0x6dc>
    80004488:	000bc703          	lbu	a4,0(s7)
    8000448c:	51a70863          	beq	a4,s10,8000499c <pjpeg_decode_init+0x940>
    80004490:	00200613          	li	a2,2
    80004494:	01b00a13          	li	s4,27
    80004498:	2ac71063          	bne	a4,a2,80004738 <pjpeg_decode_init+0x6dc>
    8000449c:	0006c683          	lbu	a3,0(a3)
    800044a0:	00100613          	li	a2,1
    800044a4:	56c68663          	beq	a3,a2,80004a10 <pjpeg_decode_init+0x9b4>
    800044a8:	28e69863          	bne	a3,a4,80004738 <pjpeg_decode_init+0x6dc>
    800044ac:	00400793          	li	a5,4
    800044b0:	86f1a823          	sw	a5,-1936(gp) # 80007028 <gScanType>
    800044b4:	00600793          	li	a5,6
    800044b8:	86f18723          	sb	a5,-1938(gp) # 80007026 <gMaxBlocksPerMCU>
    800044bc:	8601a023          	sw	zero,-1952(gp) # 80007018 <gMCUOrg>
    800044c0:	20100793          	li	a5,513
    800044c4:	86f19223          	sh	a5,-1948(gp) # 8000701c <gMCUOrg+0x4>
    800044c8:	00f00613          	li	a2,15
    800044cc:	01000793          	li	a5,16
    800044d0:	8b618713          	addi	a4,gp,-1866 # 8000706e <gImageXSize>
    800044d4:	00075683          	lhu	a3,0(a4)
    800044d8:	86d18593          	addi	a1,gp,-1939 # 80007025 <gMaxMCUXSize>
    800044dc:	86c18513          	addi	a0,gp,-1940 # 80007024 <gMaxMCUYSize>
    800044e0:	01000713          	li	a4,16
    800044e4:	00b13823          	sd	a1,16(sp)
    800044e8:	00e58023          	sb	a4,0(a1)
    800044ec:	00a13c23          	sd	a0,24(sp)
    800044f0:	00f50023          	sb	a5,0(a0)
    800044f4:	00f68693          	addi	a3,a3,15
    800044f8:	00400593          	li	a1,4
    800044fc:	8b418713          	addi	a4,gp,-1868 # 8000706c <gImageYSize>
    80004500:	00075703          	lhu	a4,0(a4)
    80004504:	ff878793          	addi	a5,a5,-8
    80004508:	00f037b3          	snez	a5,a5
    8000450c:	00c7073b          	addw	a4,a4,a2
    80004510:	00378793          	addi	a5,a5,3
    80004514:	40b6d6bb          	sraw	a3,a3,a1
    80004518:	40f757bb          	sraw	a5,a4,a5
    8000451c:	03079793          	slli	a5,a5,0x30
    80004520:	03069713          	slli	a4,a3,0x30
    80004524:	0307d793          	srli	a5,a5,0x30
    80004528:	03075713          	srli	a4,a4,0x30
    8000452c:	02f706bb          	mulw	a3,a4,a5
    80004530:	86a18613          	addi	a2,gp,-1942 # 80007022 <gMaxMCUSPerRow>
    80004534:	00e61023          	sh	a4,0(a2)
    80004538:	02f10513          	addi	a0,sp,47
    8000453c:	86818713          	addi	a4,gp,-1944 # 80007020 <gMaxMCUSPerCol>
    80004540:	00f71023          	sh	a5,0(a4)
    80004544:	86d19323          	sh	a3,-1946(gp) # 8000701e <gNumMCUSRemaining>
    80004548:	905fd0ef          	jal	80001e4c <processMarkers>
    8000454c:	00050a13          	mv	s4,a0
    80004550:	1e051063          	bnez	a0,80004730 <pjpeg_decode_init+0x6d4>
    80004554:	02f14683          	lbu	a3,47(sp)
    80004558:	0da00713          	li	a4,218
    8000455c:	2ae69663          	bne	a3,a4,80004808 <pjpeg_decode_init+0x7ac>
    80004560:	00000593          	li	a1,0
    80004564:	01000513          	li	a0,16
    80004568:	ee0fd0ef          	jal	80001c48 <getBits>
    8000456c:	00050b13          	mv	s6,a0
    80004570:	00000593          	li	a1,0
    80004574:	00800513          	li	a0,8
    80004578:	ed0fd0ef          	jal	80001c48 <getBits>
    8000457c:	0ff57713          	zext.b	a4,a0
    80004580:	ffdb069b          	addiw	a3,s6,-3
    80004584:	03069d13          	slli	s10,a3,0x30
    80004588:	88b18993          	addi	s3,gp,-1909 # 80007043 <gCompsInScan>
    8000458c:	00171613          	slli	a2,a4,0x1
    80004590:	00e98023          	sb	a4,0(s3)
    80004594:	030d5d13          	srli	s10,s10,0x30
    80004598:	00360693          	addi	a3,a2,3
    8000459c:	2ba69863          	bne	a3,s10,8000484c <pjpeg_decode_init+0x7f0>
    800045a0:	fff7071b          	addiw	a4,a4,-1
    800045a4:	0ff77713          	zext.b	a4,a4
    800045a8:	00200693          	li	a3,2
    800045ac:	2ae6e063          	bltu	a3,a4,8000484c <pjpeg_decode_init+0x7f0>
    800045b0:	88818b13          	addi	s6,gp,-1912 # 80007040 <gCompList>
    800045b4:	000b0c93          	mv	s9,s6
    800045b8:	88018b93          	addi	s7,gp,-1920 # 80007038 <gCompDCTab>
    800045bc:	87818c13          	addi	s8,gp,-1928 # 80007030 <gCompACTab>
    800045c0:	00000593          	li	a1,0
    800045c4:	00800513          	li	a0,8
    800045c8:	e80fd0ef          	jal	80001c48 <getBits>
    800045cc:	00050e13          	mv	t3,a0
    800045d0:	0ffe7e13          	zext.b	t3,t3
    800045d4:	00000593          	li	a1,0
    800045d8:	00800513          	li	a0,8
    800045dc:	01c13423          	sd	t3,8(sp)
    800045e0:	e68fd0ef          	jal	80001c48 <getBits>
    800045e4:	00094283          	lbu	t0,0(s2)
    800045e8:	ffed071b          	addiw	a4,s10,-2
    800045ec:	000d0f13          	mv	t5,s10
    800045f0:	03071d13          	slli	s10,a4,0x30
    800045f4:	0ff57513          	zext.b	a0,a0
    800045f8:	030d5d13          	srli	s10,s10,0x30
    800045fc:	42028a63          	beqz	t0,80004a30 <pjpeg_decode_init+0x9d4>
    80004600:	00813e03          	ld	t3,8(sp)
    80004604:	8b018693          	addi	a3,gp,-1872 # 80007068 <gCompIdent>
    80004608:	00000713          	li	a4,0
    8000460c:	0100006f          	j	8000461c <pjpeg_decode_init+0x5c0>
    80004610:	0017071b          	addiw	a4,a4,1
    80004614:	0ff77593          	zext.b	a1,a4
    80004618:	4055fc63          	bgeu	a1,t0,80004a30 <pjpeg_decode_init+0x9d4>
    8000461c:	0006c583          	lbu	a1,0(a3)
    80004620:	00168693          	addi	a3,a3,1
    80004624:	ffc596e3          	bne	a1,t3,80004610 <pjpeg_decode_init+0x5b4>
    80004628:	0009c683          	lbu	a3,0(s3)
    8000462c:	0045529b          	srliw	t0,a0,0x4
    80004630:	00eb8e33          	add	t3,s7,a4
    80004634:	00ec05b3          	add	a1,s8,a4
    80004638:	00f57513          	andi	a0,a0,15
    8000463c:	001a079b          	addiw	a5,s4,1
    80004640:	00ec8023          	sb	a4,0(s9)
    80004644:	005e0023          	sb	t0,0(t3)
    80004648:	00a58023          	sb	a0,0(a1)
    8000464c:	0ff7fa13          	zext.b	s4,a5
    80004650:	001c8c93          	addi	s9,s9,1
    80004654:	f6da66e3          	bltu	s4,a3,800045c0 <pjpeg_decode_init+0x564>
    80004658:	00000593          	li	a1,0
    8000465c:	00800513          	li	a0,8
    80004660:	01e13423          	sd	t5,8(sp)
    80004664:	de4fd0ef          	jal	80001c48 <getBits>
    80004668:	00050793          	mv	a5,a0
    8000466c:	00000593          	li	a1,0
    80004670:	00800513          	li	a0,8
    80004674:	84f185a3          	sb	a5,-1973(gp) # 80007003 <spectral_start>
    80004678:	dd0fd0ef          	jal	80001c48 <getBits>
    8000467c:	00050793          	mv	a5,a0
    80004680:	00000593          	li	a1,0
    80004684:	00400513          	li	a0,4
    80004688:	84f18523          	sb	a5,-1974(gp) # 80007002 <spectral_end>
    8000468c:	dbcfd0ef          	jal	80001c48 <getBits>
    80004690:	00050793          	mv	a5,a0
    80004694:	00000593          	li	a1,0
    80004698:	00400513          	li	a0,4
    8000469c:	84f184a3          	sb	a5,-1975(gp) # 80007001 <successive_high>
    800046a0:	da8fd0ef          	jal	80001c48 <getBits>
    800046a4:	00813f03          	ld	t5,8(sp)
    800046a8:	84a18423          	sb	a0,-1976(gp) # 80007000 <successive_low>
    800046ac:	ffbf0f1b          	addiw	t5,t5,-5
    800046b0:	030f1a13          	slli	s4,t5,0x30
    800046b4:	030a5a13          	srli	s4,s4,0x30
    800046b8:	020a0063          	beqz	s4,800046d8 <pjpeg_decode_init+0x67c>
    800046bc:	fffa0a1b          	addiw	s4,s4,-1
    800046c0:	030a1a13          	slli	s4,s4,0x30
    800046c4:	00000593          	li	a1,0
    800046c8:	00800513          	li	a0,8
    800046cc:	030a5a13          	srli	s4,s4,0x30
    800046d0:	d78fd0ef          	jal	80001c48 <getBits>
    800046d4:	fe0a14e3          	bnez	s4,800046bc <pjpeg_decode_init+0x660>
    800046d8:	0009c583          	lbu	a1,0(s3)
    800046dc:	18058263          	beqz	a1,80004860 <pjpeg_decode_init+0x804>
    800046e0:	8c01ce03          	lbu	t3,-1856(gp) # 80007078 <gValidHuffTables>
    800046e4:	016585b3          	add	a1,a1,s6
    800046e8:	88818693          	addi	a3,gp,-1912 # 80007040 <gCompList>
    800046ec:	00100513          	li	a0,1
    800046f0:	0080006f          	j	800046f8 <pjpeg_decode_init+0x69c>
    800046f4:	12b68263          	beq	a3,a1,80004818 <pjpeg_decode_init+0x7bc>
    800046f8:	0006c703          	lbu	a4,0(a3)
    800046fc:	00168693          	addi	a3,a3,1
    80004700:	00ec07b3          	add	a5,s8,a4
    80004704:	0007c783          	lbu	a5,0(a5)
    80004708:	00eb8733          	add	a4,s7,a4
    8000470c:	00074703          	lbu	a4,0(a4)
    80004710:	0027879b          	addiw	a5,a5,2
    80004714:	00f517bb          	sllw	a5,a0,a5
    80004718:	00e5173b          	sllw	a4,a0,a4
    8000471c:	00e7e7b3          	or	a5,a5,a4
    80004720:	0007879b          	sext.w	a5,a5
    80004724:	00fe7733          	and	a4,t3,a5
    80004728:	fcf706e3          	beq	a4,a5,800046f4 <pjpeg_decode_init+0x698>
    8000472c:	01800a13          	li	s4,24
    80004730:	000ac703          	lbu	a4,0(s5)
    80004734:	2a071263          	bnez	a4,800049d8 <pjpeg_decode_init+0x97c>
    80004738:	09013403          	ld	s0,144(sp)
    8000473c:	09813083          	ld	ra,152(sp)
    80004740:	08013903          	ld	s2,128(sp)
    80004744:	07813983          	ld	s3,120(sp)
    80004748:	06013b03          	ld	s6,96(sp)
    8000474c:	05813b83          	ld	s7,88(sp)
    80004750:	05013c03          	ld	s8,80(sp)
    80004754:	04813c83          	ld	s9,72(sp)
    80004758:	04013d03          	ld	s10,64(sp)
    8000475c:	08813483          	ld	s1,136(sp)
    80004760:	06813a83          	ld	s5,104(sp)
    80004764:	03813d83          	ld	s11,56(sp)
    80004768:	000a0513          	mv	a0,s4
    8000476c:	07013a03          	ld	s4,112(sp)
    80004770:	0a010113          	addi	sp,sp,160
    80004774:	00008067          	ret
    80004778:	000bc703          	lbu	a4,0(s7)
    8000477c:	01b00a13          	li	s4,27
    80004780:	fba71ce3          	bne	a4,s10,80004738 <pjpeg_decode_init+0x6dc>
    80004784:	0006c703          	lbu	a4,0(a3)
    80004788:	fba718e3          	bne	a4,s10,80004738 <pjpeg_decode_init+0x6dc>
    8000478c:	8601a823          	sw	zero,-1936(gp) # 80007028 <gScanType>
    80004790:	87a18723          	sb	s10,-1938(gp) # 80007026 <gMaxBlocksPerMCU>
    80004794:	86018023          	sb	zero,-1952(gp) # 80007018 <gMCUOrg>
    80004798:	00700613          	li	a2,7
    8000479c:	00800793          	li	a5,8
    800047a0:	8b618713          	addi	a4,gp,-1866 # 8000706e <gImageXSize>
    800047a4:	00075683          	lhu	a3,0(a4)
    800047a8:	86d18593          	addi	a1,gp,-1939 # 80007025 <gMaxMCUXSize>
    800047ac:	86c18513          	addi	a0,gp,-1940 # 80007024 <gMaxMCUYSize>
    800047b0:	00800713          	li	a4,8
    800047b4:	00b13823          	sd	a1,16(sp)
    800047b8:	00e58023          	sb	a4,0(a1)
    800047bc:	00a13c23          	sd	a0,24(sp)
    800047c0:	00f50023          	sb	a5,0(a0)
    800047c4:	00768693          	addi	a3,a3,7
    800047c8:	00300593          	li	a1,3
    800047cc:	d31ff06f          	j	800044fc <pjpeg_decode_init+0x4a0>
    800047d0:	01100a13          	li	s4,17
    800047d4:	a89ff06f          	j	8000425c <pjpeg_decode_init+0x200>
    800047d8:	02500a13          	li	s4,37
    800047dc:	a81ff06f          	j	8000425c <pjpeg_decode_init+0x200>
    800047e0:	07813983          	ld	s3,120(sp)
    800047e4:	05813b83          	ld	s7,88(sp)
    800047e8:	04813c83          	ld	s9,72(sp)
    800047ec:	04013d03          	ld	s10,64(sp)
    800047f0:	09013403          	ld	s0,144(sp)
    800047f4:	08013903          	ld	s2,128(sp)
    800047f8:	06013b03          	ld	s6,96(sp)
    800047fc:	05013c03          	ld	s8,80(sp)
    80004800:	01a00a13          	li	s4,26
    80004804:	901ff06f          	j	80004104 <pjpeg_decode_init+0xa8>
    80004808:	01200a13          	li	s4,18
    8000480c:	f25ff06f          	j	80004730 <pjpeg_decode_init+0x6d4>
    80004810:	00700a13          	li	s4,7
    80004814:	a49ff06f          	j	8000425c <pjpeg_decode_init+0x200>
    80004818:	8bf1c703          	lbu	a4,-1857(gp) # 80007077 <gValidQuantTables>
    8000481c:	0080006f          	j	80004824 <pjpeg_decode_init+0x7c8>
    80004820:	05658063          	beq	a1,s6,80004860 <pjpeg_decode_init+0x804>
    80004824:	000b4783          	lbu	a5,0(s6)
    80004828:	001b0b13          	addi	s6,s6,1
    8000482c:	00f407b3          	add	a5,s0,a5
    80004830:	0007c783          	lbu	a5,0(a5)
    80004834:	00f037b3          	snez	a5,a5
    80004838:	00178793          	addi	a5,a5,1
    8000483c:	00f777b3          	and	a5,a4,a5
    80004840:	fe0790e3          	bnez	a5,80004820 <pjpeg_decode_init+0x7c4>
    80004844:	01700a13          	li	s4,23
    80004848:	ee9ff06f          	j	80004730 <pjpeg_decode_init+0x6d4>
    8000484c:	00e00a13          	li	s4,14
    80004850:	ee1ff06f          	j	80004730 <pjpeg_decode_init+0x6d4>
    80004854:	08013903          	ld	s2,128(sp)
    80004858:	00800a13          	li	s4,8
    8000485c:	a01ff06f          	j	8000425c <pjpeg_decode_init+0x200>
    80004860:	8c01a423          	sw	zero,-1848(gp) # 80007080 <gLastDC>
    80004864:	8c019623          	sh	zero,-1844(gp) # 80007084 <gLastDC+0x4>
    80004868:	8901d783          	lhu	a5,-1904(gp) # 80007048 <gRestartInterval>
    8000486c:	00078663          	beqz	a5,80004878 <pjpeg_decode_init+0x81c>
    80004870:	88f19623          	sh	a5,-1908(gp) # 80007044 <gRestartsLeft>
    80004874:	88019723          	sh	zero,-1906(gp) # 80007046 <gNextRestartNum>
    80004878:	000dc583          	lbu	a1,0(s11)
    8000487c:	8bd18313          	addi	t1,gp,-1859 # 80007075 <gInBufOfs>
    80004880:	8bc18893          	addi	a7,gp,-1860 # 80007074 <gInBufLeft>
    80004884:	00034783          	lbu	a5,0(t1)
    80004888:	0008c703          	lbu	a4,0(a7)
    8000488c:	8ba1d603          	lhu	a2,-1862(gp) # 80007072 <gBitBuf>
    80004890:	92018693          	addi	a3,gp,-1760 # 800070d8 <gCoeffBuf>
    80004894:	02058063          	beqz	a1,800048b4 <pjpeg_decode_init+0x858>
    80004898:	fff7879b          	addiw	a5,a5,-1
    8000489c:	0ff7f593          	zext.b	a1,a5
    800048a0:	0017071b          	addiw	a4,a4,1
    800048a4:	00b685b3          	add	a1,a3,a1
    800048a8:	0ff7f793          	zext.b	a5,a5
    800048ac:	0ff77713          	zext.b	a4,a4
    800048b0:	38c58023          	sb	a2,896(a1)
    800048b4:	fff7879b          	addiw	a5,a5,-1
    800048b8:	0ff7f793          	zext.b	a5,a5
    800048bc:	00f686b3          	add	a3,a3,a5
    800048c0:	0086561b          	srliw	a2,a2,0x8
    800048c4:	0017071b          	addiw	a4,a4,1
    800048c8:	00f30023          	sb	a5,0(t1)
    800048cc:	00100593          	li	a1,1
    800048d0:	00800793          	li	a5,8
    800048d4:	00800513          	li	a0,8
    800048d8:	38c68023          	sb	a2,896(a3)
    800048dc:	00e88023          	sb	a4,0(a7)
    800048e0:	00fd8023          	sb	a5,0(s11)
    800048e4:	b64fd0ef          	jal	80001c48 <getBits>
    800048e8:	00100593          	li	a1,1
    800048ec:	00800513          	li	a0,8
    800048f0:	b58fd0ef          	jal	80001c48 <getBits>
    800048f4:	000aca03          	lbu	s4,0(s5)
    800048f8:	e40a10e3          	bnez	s4,80004738 <pjpeg_decode_init+0x6dc>
    800048fc:	8b618793          	addi	a5,gp,-1866 # 8000706e <gImageXSize>
    80004900:	0007d603          	lhu	a2,0(a5)
    80004904:	8b418793          	addi	a5,gp,-1868 # 8000706c <gImageYSize>
    80004908:	0007d883          	lhu	a7,0(a5)
    8000490c:	86a18793          	addi	a5,gp,-1942 # 80007022 <gMaxMCUSPerRow>
    80004910:	0007d803          	lhu	a6,0(a5)
    80004914:	01013783          	ld	a5,16(sp)
    80004918:	fff00593          	li	a1,-1
    8000491c:	0205d593          	srli	a1,a1,0x20
    80004920:	0007c703          	lbu	a4,0(a5)
    80004924:	01813783          	ld	a5,24(sp)
    80004928:	00094683          	lbu	a3,0(s2)
    8000492c:	00b77733          	and	a4,a4,a1
    80004930:	0007c503          	lbu	a0,0(a5)
    80004934:	86818793          	addi	a5,gp,-1944 # 80007020 <gMaxMCUSPerCol>
    80004938:	0007d303          	lhu	t1,0(a5)
    8000493c:	02051513          	slli	a0,a0,0x20
    80004940:	00a76733          	or	a4,a4,a0
    80004944:	00e4bc23          	sd	a4,24(s1)
    80004948:	ba018713          	addi	a4,gp,-1120 # 80007358 <gMCUBufR>
    8000494c:	00b67633          	and	a2,a2,a1
    80004950:	00b6f6b3          	and	a3,a3,a1
    80004954:	02089893          	slli	a7,a7,0x20
    80004958:	02081813          	slli	a6,a6,0x20
    8000495c:	02e4b023          	sd	a4,32(s1)
    80004960:	9a018713          	addi	a4,gp,-1632 # 80007158 <gMCUBufG>
    80004964:	01166633          	or	a2,a2,a7
    80004968:	8701a583          	lw	a1,-1936(gp) # 80007028 <gScanType>
    8000496c:	0106e6b3          	or	a3,a3,a6
    80004970:	02e4b423          	sd	a4,40(s1)
    80004974:	aa018713          	addi	a4,gp,-1376 # 80007258 <gMCUBufB>
    80004978:	00c4b023          	sd	a2,0(s1)
    8000497c:	00b4aa23          	sw	a1,20(s1)
    80004980:	00d4b423          	sd	a3,8(s1)
    80004984:	0064a823          	sw	t1,16(s1)
    80004988:	02e4b823          	sd	a4,48(s1)
    8000498c:	dadff06f          	j	80004738 <pjpeg_decode_init+0x6dc>
    80004990:	08013903          	ld	s2,128(sp)
    80004994:	00900a13          	li	s4,9
    80004998:	8c5ff06f          	j	8000425c <pjpeg_decode_init+0x200>
    8000499c:	0006c703          	lbu	a4,0(a3)
    800049a0:	00100793          	li	a5,1
    800049a4:	04f70463          	beq	a4,a5,800049ec <pjpeg_decode_init+0x990>
    800049a8:	00200693          	li	a3,2
    800049ac:	01b00a13          	li	s4,27
    800049b0:	d8d714e3          	bne	a4,a3,80004738 <pjpeg_decode_init+0x6dc>
    800049b4:	00300793          	li	a5,3
    800049b8:	86f1a823          	sw	a5,-1936(gp) # 80007028 <gScanType>
    800049bc:	00400793          	li	a5,4
    800049c0:	86f18723          	sb	a5,-1938(gp) # 80007026 <gMaxBlocksPerMCU>
    800049c4:	020107b7          	lui	a5,0x2010
    800049c8:	86f1a023          	sw	a5,-1952(gp) # 80007018 <gMCUOrg>
    800049cc:	00f00613          	li	a2,15
    800049d0:	01000793          	li	a5,16
    800049d4:	dcdff06f          	j	800047a0 <pjpeg_decode_init+0x744>
    800049d8:	00070a13          	mv	s4,a4
    800049dc:	d5dff06f          	j	80004738 <pjpeg_decode_init+0x6dc>
    800049e0:	08013903          	ld	s2,128(sp)
    800049e4:	00b00a13          	li	s4,11
    800049e8:	875ff06f          	j	8000425c <pjpeg_decode_init+0x200>
    800049ec:	86e1a823          	sw	a4,-1936(gp) # 80007028 <gScanType>
    800049f0:	00300713          	li	a4,3
    800049f4:	86018793          	addi	a5,gp,-1952 # 80007018 <gMCUOrg>
    800049f8:	86e18723          	sb	a4,-1938(gp) # 80007026 <gMaxBlocksPerMCU>
    800049fc:	10000713          	li	a4,256
    80004a00:	00e79023          	sh	a4,0(a5) # 2010000 <__heap_size+0x1ff0000>
    80004a04:	00200713          	li	a4,2
    80004a08:	00e78123          	sb	a4,2(a5)
    80004a0c:	d8dff06f          	j	80004798 <pjpeg_decode_init+0x73c>
    80004a10:	86e1a823          	sw	a4,-1936(gp) # 80007028 <gScanType>
    80004a14:	00400793          	li	a5,4
    80004a18:	86f18723          	sb	a5,-1938(gp) # 80007026 <gMaxBlocksPerMCU>
    80004a1c:	020107b7          	lui	a5,0x2010
    80004a20:	86f1a023          	sw	a5,-1952(gp) # 80007018 <gMCUOrg>
    80004a24:	00700613          	li	a2,7
    80004a28:	00800793          	li	a5,8
    80004a2c:	aa5ff06f          	j	800044d0 <pjpeg_decode_init+0x474>
    80004a30:	00f00a13          	li	s4,15
    80004a34:	cfdff06f          	j	80004730 <pjpeg_decode_init+0x6d4>
    80004a38:	08013903          	ld	s2,128(sp)
    80004a3c:	00a00a13          	li	s4,10
    80004a40:	81dff06f          	j	8000425c <pjpeg_decode_init+0x200>
    80004a44:	09013403          	ld	s0,144(sp)
    80004a48:	06013b03          	ld	s6,96(sp)
    80004a4c:	05013c03          	ld	s8,80(sp)
    80004a50:	00070a13          	mv	s4,a4
    80004a54:	eb0ff06f          	j	80004104 <pjpeg_decode_init+0xa8>
    80004a58:	000aca03          	lbu	s4,0(s5)
    80004a5c:	d80a0ae3          	beqz	s4,800047f0 <pjpeg_decode_init+0x794>
    80004a60:	09013403          	ld	s0,144(sp)
    80004a64:	08013903          	ld	s2,128(sp)
    80004a68:	06013b03          	ld	s6,96(sp)
    80004a6c:	05013c03          	ld	s8,80(sp)
    80004a70:	e94ff06f          	j	80004104 <pjpeg_decode_init+0xa8>

0000000080004a74 <pjpeg_need_bytes_callback>:
    80004a74:	fe010113          	addi	sp,sp,-32
    80004a78:	00913423          	sd	s1,8(sp)
    80004a7c:	8d018493          	addi	s1,gp,-1840 # 80007088 <jpeg_off>
    80004a80:	0004e783          	lwu	a5,0(s1)
    80004a84:	00813823          	sd	s0,16(sp)
    80004a88:	23a00413          	li	s0,570
    80004a8c:	01213023          	sd	s2,0(sp)
    80004a90:	00113c23          	sd	ra,24(sp)
    80004a94:	40f40433          	sub	s0,s0,a5
    80004a98:	00060913          	mv	s2,a2
    80004a9c:	0085f463          	bgeu	a1,s0,80004aa4 <pjpeg_need_bytes_callback+0x30>
    80004aa0:	00058413          	mv	s0,a1
    80004aa4:	00002597          	auipc	a1,0x2
    80004aa8:	09c58593          	addi	a1,a1,156 # 80006b40 <jpeg_data>
    80004aac:	00040613          	mv	a2,s0
    80004ab0:	00f585b3          	add	a1,a1,a5
    80004ab4:	0fb000ef          	jal	800053ae <memcpy>
    80004ab8:	00890023          	sb	s0,0(s2)
    80004abc:	0004a783          	lw	a5,0(s1)
    80004ac0:	01813083          	ld	ra,24(sp)
    80004ac4:	00013903          	ld	s2,0(sp)
    80004ac8:	008787bb          	addw	a5,a5,s0
    80004acc:	01013403          	ld	s0,16(sp)
    80004ad0:	00f4a023          	sw	a5,0(s1)
    80004ad4:	00000513          	li	a0,0
    80004ad8:	00813483          	ld	s1,8(sp)
    80004adc:	02010113          	addi	sp,sp,32
    80004ae0:	00008067          	ret

0000000080004ae4 <benchmark_body>:
    80004ae4:	08a05263          	blez	a0,80004b68 <benchmark_body+0x84>
    80004ae8:	fd010113          	addi	sp,sp,-48
    80004aec:	02813023          	sd	s0,32(sp)
    80004af0:	00913c23          	sd	s1,24(sp)
    80004af4:	01213823          	sd	s2,16(sp)
    80004af8:	01313423          	sd	s3,8(sp)
    80004afc:	01413023          	sd	s4,0(sp)
    80004b00:	02113423          	sd	ra,40(sp)
    80004b04:	00050913          	mv	s2,a0
    80004b08:	00000493          	li	s1,0
    80004b0c:	00000a17          	auipc	s4,0x0
    80004b10:	f68a0a13          	addi	s4,s4,-152 # 80004a74 <pjpeg_need_bytes_callback>
    80004b14:	20018993          	addi	s3,gp,512 # 800079b8 <pInfo>
    80004b18:	00100413          	li	s0,1
    80004b1c:	00000693          	li	a3,0
    80004b20:	00000613          	li	a2,0
    80004b24:	000a0593          	mv	a1,s4
    80004b28:	00098513          	mv	a0,s3
    80004b2c:	8c01a823          	sw	zero,-1840(gp) # 80007088 <jpeg_off>
    80004b30:	d2cff0ef          	jal	8000405c <pjpeg_decode_init>
    80004b34:	ff0fd0ef          	jal	80002324 <pjpeg_decode_mcu>
    80004b38:	fe851ee3          	bne	a0,s0,80004b34 <benchmark_body+0x50>
    80004b3c:	0014849b          	addiw	s1,s1,1
    80004b40:	fc991ee3          	bne	s2,s1,80004b1c <benchmark_body+0x38>
    80004b44:	02813083          	ld	ra,40(sp)
    80004b48:	02013403          	ld	s0,32(sp)
    80004b4c:	01813483          	ld	s1,24(sp)
    80004b50:	01013903          	ld	s2,16(sp)
    80004b54:	00813983          	ld	s3,8(sp)
    80004b58:	00013a03          	ld	s4,0(sp)
    80004b5c:	00000513          	li	a0,0
    80004b60:	03010113          	addi	sp,sp,48
    80004b64:	00008067          	ret
    80004b68:	00000513          	li	a0,0
    80004b6c:	00008067          	ret

0000000080004b70 <verify_benchmark>:
    80004b70:	fe010113          	addi	sp,sp,-32
    80004b74:	00913423          	sd	s1,8(sp)
    80004b78:	20018493          	addi	s1,gp,512 # 800079b8 <pInfo>
    80004b7c:	0204b503          	ld	a0,32(s1)
    80004b80:	04000613          	li	a2,64
    80004b84:	00002597          	auipc	a1,0x2
    80004b88:	1fc58593          	addi	a1,a1,508 # 80006d80 <r_ref.2>
    80004b8c:	00813823          	sd	s0,16(sp)
    80004b90:	00113c23          	sd	ra,24(sp)
    80004b94:	640000ef          	jal	800051d4 <memcmp>
    80004b98:	00000413          	li	s0,0
    80004b9c:	02051c63          	bnez	a0,80004bd4 <verify_benchmark+0x64>
    80004ba0:	00050413          	mv	s0,a0
    80004ba4:	0284b503          	ld	a0,40(s1)
    80004ba8:	04000613          	li	a2,64
    80004bac:	00002597          	auipc	a1,0x2
    80004bb0:	21458593          	addi	a1,a1,532 # 80006dc0 <g_ref.1>
    80004bb4:	620000ef          	jal	800051d4 <memcmp>
    80004bb8:	00051e63          	bnez	a0,80004bd4 <verify_benchmark+0x64>
    80004bbc:	0304b503          	ld	a0,48(s1)
    80004bc0:	04000613          	li	a2,64
    80004bc4:	00002597          	auipc	a1,0x2
    80004bc8:	23c58593          	addi	a1,a1,572 # 80006e00 <b_ref.0>
    80004bcc:	608000ef          	jal	800051d4 <memcmp>
    80004bd0:	00153413          	seqz	s0,a0
    80004bd4:	01813083          	ld	ra,24(sp)
    80004bd8:	00040513          	mv	a0,s0
    80004bdc:	01013403          	ld	s0,16(sp)
    80004be0:	00813483          	ld	s1,8(sp)
    80004be4:	02010113          	addi	sp,sp,32
    80004be8:	00008067          	ret

0000000080004bec <initialise_benchmark>:
    80004bec:	00008067          	ret

0000000080004bf0 <warm_caches>:
    80004bf0:	ef5ff06f          	j	80004ae4 <benchmark_body>

0000000080004bf4 <benchmark>:
    80004bf4:	00600513          	li	a0,6
    80004bf8:	eedff06f          	j	80004ae4 <benchmark_body>

0000000080004bfc <__assert_func>:
    80004bfc:	1141                	addi	sp,sp,-16
    80004bfe:	00002797          	auipc	a5,0x2
    80004c02:	3ba7b783          	ld	a5,954(a5) # 80006fb8 <_impure_ptr>
    80004c06:	8832                	mv	a6,a2
    80004c08:	e406                	sd	ra,8(sp)
    80004c0a:	88aa                	mv	a7,a0
    80004c0c:	872e                	mv	a4,a1
    80004c0e:	6f88                	ld	a0,24(a5)
    80004c10:	8636                	mv	a2,a3
    80004c12:	00002797          	auipc	a5,0x2
    80004c16:	d3e78793          	addi	a5,a5,-706 # 80006950 <__tbss_end+0x128>
    80004c1a:	00081763          	bnez	a6,80004c28 <__assert_func+0x2c>
    80004c1e:	00002797          	auipc	a5,0x2
    80004c22:	d9a78793          	addi	a5,a5,-614 # 800069b8 <__tbss_end+0x190>
    80004c26:	883e                	mv	a6,a5
    80004c28:	86c6                	mv	a3,a7
    80004c2a:	00002597          	auipc	a1,0x2
    80004c2e:	d3658593          	addi	a1,a1,-714 # 80006960 <__tbss_end+0x138>
    80004c32:	3fa000ef          	jal	8000502c <fiprintf>
    80004c36:	78e000ef          	jal	800053c4 <abort>

0000000080004c3a <__assert>:
    80004c3a:	1141                	addi	sp,sp,-16
    80004c3c:	86b2                	mv	a3,a2
    80004c3e:	4601                	li	a2,0
    80004c40:	e406                	sd	ra,8(sp)
    80004c42:	fbbff0ef          	jal	80004bfc <__assert_func>

0000000080004c46 <exit>:
    80004c46:	1141                	addi	sp,sp,-16
    80004c48:	e022                	sd	s0,0(sp)
    80004c4a:	e406                	sd	ra,8(sp)
    80004c4c:	00002797          	auipc	a5,0x2
    80004c50:	b1478793          	addi	a5,a5,-1260 # 80006760 <__call_exitprocs>
    80004c54:	842a                	mv	s0,a0
    80004c56:	c781                	beqz	a5,80004c5e <exit+0x18>
    80004c58:	4581                	li	a1,0
    80004c5a:	307010ef          	jal	80006760 <__call_exitprocs>
    80004c5e:	8e81b783          	ld	a5,-1816(gp) # 800070a0 <__stdio_exit_handler>
    80004c62:	c391                	beqz	a5,80004c66 <exit+0x20>
    80004c64:	9782                	jalr	a5
    80004c66:	8522                	mv	a0,s0
    80004c68:	09d010ef          	jal	80006504 <_exit>

0000000080004c6c <malloc>:
    80004c6c:	85aa                	mv	a1,a0
    80004c6e:	00002517          	auipc	a0,0x2
    80004c72:	34a53503          	ld	a0,842(a0) # 80006fb8 <_impure_ptr>
    80004c76:	a0ad                	j	80004ce0 <_malloc_r>

0000000080004c78 <free>:
    80004c78:	85aa                	mv	a1,a0
    80004c7a:	00002517          	auipc	a0,0x2
    80004c7e:	33e53503          	ld	a0,830(a0) # 80006fb8 <_impure_ptr>
    80004c82:	7520006f          	j	800053d4 <_free_r>

0000000080004c86 <sbrk_aligned>:
    80004c86:	1101                	addi	sp,sp,-32
    80004c88:	e04a                	sd	s2,0(sp)
    80004c8a:	8d818913          	addi	s2,gp,-1832 # 80007090 <__malloc_sbrk_start>
    80004c8e:	00093783          	ld	a5,0(s2)
    80004c92:	e822                	sd	s0,16(sp)
    80004c94:	e426                	sd	s1,8(sp)
    80004c96:	ec06                	sd	ra,24(sp)
    80004c98:	84aa                	mv	s1,a0
    80004c9a:	842e                	mv	s0,a1
    80004c9c:	e791                	bnez	a5,80004ca8 <sbrk_aligned+0x22>
    80004c9e:	4581                	li	a1,0
    80004ca0:	6aa000ef          	jal	8000534a <_sbrk_r>
    80004ca4:	00a93023          	sd	a0,0(s2)
    80004ca8:	85a2                	mv	a1,s0
    80004caa:	8526                	mv	a0,s1
    80004cac:	69e000ef          	jal	8000534a <_sbrk_r>
    80004cb0:	597d                	li	s2,-1
    80004cb2:	01251a63          	bne	a0,s2,80004cc6 <sbrk_aligned+0x40>
    80004cb6:	547d                	li	s0,-1
    80004cb8:	60e2                	ld	ra,24(sp)
    80004cba:	8522                	mv	a0,s0
    80004cbc:	6442                	ld	s0,16(sp)
    80004cbe:	64a2                	ld	s1,8(sp)
    80004cc0:	6902                	ld	s2,0(sp)
    80004cc2:	6105                	addi	sp,sp,32
    80004cc4:	8082                	ret
    80004cc6:	00750413          	addi	s0,a0,7
    80004cca:	9861                	andi	s0,s0,-8
    80004ccc:	fe8506e3          	beq	a0,s0,80004cb8 <sbrk_aligned+0x32>
    80004cd0:	40a405b3          	sub	a1,s0,a0
    80004cd4:	8526                	mv	a0,s1
    80004cd6:	674000ef          	jal	8000534a <_sbrk_r>
    80004cda:	fd251fe3          	bne	a0,s2,80004cb8 <sbrk_aligned+0x32>
    80004cde:	bfe1                	j	80004cb6 <sbrk_aligned+0x30>

0000000080004ce0 <_malloc_r>:
    80004ce0:	00758793          	addi	a5,a1,7
    80004ce4:	7179                	addi	sp,sp,-48
    80004ce6:	9be1                	andi	a5,a5,-8
    80004ce8:	ec26                	sd	s1,24(sp)
    80004cea:	e84a                	sd	s2,16(sp)
    80004cec:	f406                	sd	ra,40(sp)
    80004cee:	f022                	sd	s0,32(sp)
    80004cf0:	e44e                	sd	s3,8(sp)
    80004cf2:	e052                	sd	s4,0(sp)
    80004cf4:	07a1                	addi	a5,a5,8
    80004cf6:	4741                	li	a4,16
    80004cf8:	892a                	mv	s2,a0
    80004cfa:	44c1                	li	s1,16
    80004cfc:	00e7e363          	bltu	a5,a4,80004d02 <_malloc_r+0x22>
    80004d00:	84be                	mv	s1,a5
    80004d02:	80000737          	lui	a4,0x80000
    80004d06:	fff74713          	not	a4,a4
    80004d0a:	00f76463          	bltu	a4,a5,80004d12 <_malloc_r+0x32>
    80004d0e:	00b4fe63          	bgeu	s1,a1,80004d2a <_malloc_r+0x4a>
    80004d12:	47b1                	li	a5,12
    80004d14:	00f92023          	sw	a5,0(s2)
    80004d18:	4501                	li	a0,0
    80004d1a:	70a2                	ld	ra,40(sp)
    80004d1c:	7402                	ld	s0,32(sp)
    80004d1e:	64e2                	ld	s1,24(sp)
    80004d20:	6942                	ld	s2,16(sp)
    80004d22:	69a2                	ld	s3,8(sp)
    80004d24:	6a02                	ld	s4,0(sp)
    80004d26:	6145                	addi	sp,sp,48
    80004d28:	8082                	ret
    80004d2a:	854a                	mv	a0,s2
    80004d2c:	0e4000ef          	jal	80004e10 <__malloc_lock>
    80004d30:	8e018993          	addi	s3,gp,-1824 # 80007098 <__malloc_free_list>
    80004d34:	0009b783          	ld	a5,0(s3)
    80004d38:	843e                	mv	s0,a5
    80004d3a:	ec21                	bnez	s0,80004d92 <_malloc_r+0xb2>
    80004d3c:	85a6                	mv	a1,s1
    80004d3e:	854a                	mv	a0,s2
    80004d40:	f47ff0ef          	jal	80004c86 <sbrk_aligned>
    80004d44:	57fd                	li	a5,-1
    80004d46:	842a                	mv	s0,a0
    80004d48:	0af51f63          	bne	a0,a5,80004e06 <_malloc_r+0x126>
    80004d4c:	0009b403          	ld	s0,0(s3)
    80004d50:	87a2                	mv	a5,s0
    80004d52:	efd1                	bnez	a5,80004dee <_malloc_r+0x10e>
    80004d54:	c055                	beqz	s0,80004df8 <_malloc_r+0x118>
    80004d56:	00043a03          	ld	s4,0(s0)
    80004d5a:	4581                	li	a1,0
    80004d5c:	854a                	mv	a0,s2
    80004d5e:	9a22                	add	s4,s4,s0
    80004d60:	5ea000ef          	jal	8000534a <_sbrk_r>
    80004d64:	08aa1a63          	bne	s4,a0,80004df8 <_malloc_r+0x118>
    80004d68:	601c                	ld	a5,0(s0)
    80004d6a:	854a                	mv	a0,s2
    80004d6c:	8c9d                	sub	s1,s1,a5
    80004d6e:	85a6                	mv	a1,s1
    80004d70:	f17ff0ef          	jal	80004c86 <sbrk_aligned>
    80004d74:	57fd                	li	a5,-1
    80004d76:	08f50163          	beq	a0,a5,80004df8 <_malloc_r+0x118>
    80004d7a:	601c                	ld	a5,0(s0)
    80004d7c:	97a6                	add	a5,a5,s1
    80004d7e:	e01c                	sd	a5,0(s0)
    80004d80:	0009b783          	ld	a5,0(s3)
    80004d84:	c3d9                	beqz	a5,80004e0a <_malloc_r+0x12a>
    80004d86:	6798                	ld	a4,8(a5)
    80004d88:	06871663          	bne	a4,s0,80004df4 <_malloc_r+0x114>
    80004d8c:	0007b423          	sd	zero,8(a5)
    80004d90:	a015                	j	80004db4 <_malloc_r+0xd4>
    80004d92:	6014                	ld	a3,0(s0)
    80004d94:	9e85                	subw	a3,a3,s1
    80004d96:	0406c963          	bltz	a3,80004de8 <_malloc_r+0x108>
    80004d9a:	473d                	li	a4,15
    80004d9c:	02d75e63          	bge	a4,a3,80004dd8 <_malloc_r+0xf8>
    80004da0:	e004                	sd	s1,0(s0)
    80004da2:	00940733          	add	a4,s0,s1
    80004da6:	02879763          	bne	a5,s0,80004dd4 <_malloc_r+0xf4>
    80004daa:	00e9b023          	sd	a4,0(s3)
    80004dae:	641c                	ld	a5,8(s0)
    80004db0:	e314                	sd	a3,0(a4)
    80004db2:	e71c                	sd	a5,8(a4)
    80004db4:	854a                	mv	a0,s2
    80004db6:	05c000ef          	jal	80004e12 <__malloc_unlock>
    80004dba:	00f40513          	addi	a0,s0,15
    80004dbe:	00840793          	addi	a5,s0,8
    80004dc2:	9961                	andi	a0,a0,-8
    80004dc4:	40f507bb          	subw	a5,a0,a5
    80004dc8:	dba9                	beqz	a5,80004d1a <_malloc_r+0x3a>
    80004dca:	943e                	add	s0,s0,a5
    80004dcc:	40f007bb          	negw	a5,a5
    80004dd0:	e01c                	sd	a5,0(s0)
    80004dd2:	b7a1                	j	80004d1a <_malloc_r+0x3a>
    80004dd4:	e798                	sd	a4,8(a5)
    80004dd6:	bfe1                	j	80004dae <_malloc_r+0xce>
    80004dd8:	6418                	ld	a4,8(s0)
    80004dda:	00879563          	bne	a5,s0,80004de4 <_malloc_r+0x104>
    80004dde:	00e9b023          	sd	a4,0(s3)
    80004de2:	bfc9                	j	80004db4 <_malloc_r+0xd4>
    80004de4:	e798                	sd	a4,8(a5)
    80004de6:	b7f9                	j	80004db4 <_malloc_r+0xd4>
    80004de8:	87a2                	mv	a5,s0
    80004dea:	6400                	ld	s0,8(s0)
    80004dec:	b7b9                	j	80004d3a <_malloc_r+0x5a>
    80004dee:	843e                	mv	s0,a5
    80004df0:	679c                	ld	a5,8(a5)
    80004df2:	b785                	j	80004d52 <_malloc_r+0x72>
    80004df4:	87ba                	mv	a5,a4
    80004df6:	b779                	j	80004d84 <_malloc_r+0xa4>
    80004df8:	47b1                	li	a5,12
    80004dfa:	00f92023          	sw	a5,0(s2)
    80004dfe:	854a                	mv	a0,s2
    80004e00:	012000ef          	jal	80004e12 <__malloc_unlock>
    80004e04:	bf11                	j	80004d18 <_malloc_r+0x38>
    80004e06:	e104                	sd	s1,0(a0)
    80004e08:	b775                	j	80004db4 <_malloc_r+0xd4>
    80004e0a:	00003423          	sd	zero,8(zero) # 8 <__boot_hart+0x8>
    80004e0e:	9002                	ebreak

0000000080004e10 <__malloc_lock>:
    80004e10:	8082                	ret

0000000080004e12 <__malloc_unlock>:
    80004e12:	8082                	ret

0000000080004e14 <__fp_lock>:
    80004e14:	4501                	li	a0,0
    80004e16:	8082                	ret

0000000080004e18 <std>:
    80004e18:	1141                	addi	sp,sp,-16
    80004e1a:	e022                	sd	s0,0(sp)
    80004e1c:	e406                	sd	ra,8(sp)
    80004e1e:	842a                	mv	s0,a0
    80004e20:	00b51823          	sh	a1,16(a0)
    80004e24:	00c51923          	sh	a2,18(a0)
    80004e28:	00053023          	sd	zero,0(a0)
    80004e2c:	00053423          	sd	zero,8(a0)
    80004e30:	0a052623          	sw	zero,172(a0)
    80004e34:	00053c23          	sd	zero,24(a0)
    80004e38:	02052023          	sw	zero,32(a0)
    80004e3c:	02052423          	sw	zero,40(a0)
    80004e40:	4621                	li	a2,8
    80004e42:	4581                	li	a1,0
    80004e44:	0a450513          	addi	a0,a0,164
    80004e48:	556000ef          	jal	8000539e <memset>
    80004e4c:	00000797          	auipc	a5,0x0
    80004e50:	2c478793          	addi	a5,a5,708 # 80005110 <__sread>
    80004e54:	e03c                	sd	a5,64(s0)
    80004e56:	00000797          	auipc	a5,0x0
    80004e5a:	2f078793          	addi	a5,a5,752 # 80005146 <__swrite>
    80004e5e:	e43c                	sd	a5,72(s0)
    80004e60:	00000797          	auipc	a5,0x0
    80004e64:	33678793          	addi	a5,a5,822 # 80005196 <__sseek>
    80004e68:	e83c                	sd	a5,80(s0)
    80004e6a:	00000797          	auipc	a5,0x0
    80004e6e:	36478793          	addi	a5,a5,868 # 800051ce <__sclose>
    80004e72:	60a2                	ld	ra,8(sp)
    80004e74:	fc00                	sd	s0,56(s0)
    80004e76:	ec3c                	sd	a5,88(s0)
    80004e78:	6402                	ld	s0,0(sp)
    80004e7a:	0141                	addi	sp,sp,16
    80004e7c:	8082                	ret

0000000080004e7e <stdio_exit_handler>:
    80004e7e:	00002617          	auipc	a2,0x2
    80004e82:	09260613          	addi	a2,a2,146 # 80006f10 <__sglue>
    80004e86:	00001597          	auipc	a1,0x1
    80004e8a:	dfa58593          	addi	a1,a1,-518 # 80005c80 <_fflush_r>
    80004e8e:	00002517          	auipc	a0,0x2
    80004e92:	09a50513          	addi	a0,a0,154 # 80006f28 <_impure_data>
    80004e96:	a2c1                	j	80005056 <_fwalk_sglue>

0000000080004e98 <cleanup_stdio>:
    80004e98:	650c                	ld	a1,8(a0)
    80004e9a:	1141                	addi	sp,sp,-16
    80004e9c:	e022                	sd	s0,0(sp)
    80004e9e:	e406                	sd	ra,8(sp)
    80004ea0:	23818793          	addi	a5,gp,568 # 800079f0 <__sf>
    80004ea4:	842a                	mv	s0,a0
    80004ea6:	00f58463          	beq	a1,a5,80004eae <cleanup_stdio+0x16>
    80004eaa:	5d7000ef          	jal	80005c80 <_fflush_r>
    80004eae:	680c                	ld	a1,16(s0)
    80004eb0:	2e818793          	addi	a5,gp,744 # 80007aa0 <__sf+0xb0>
    80004eb4:	00f58563          	beq	a1,a5,80004ebe <cleanup_stdio+0x26>
    80004eb8:	8522                	mv	a0,s0
    80004eba:	5c7000ef          	jal	80005c80 <_fflush_r>
    80004ebe:	6c0c                	ld	a1,24(s0)
    80004ec0:	39818793          	addi	a5,gp,920 # 80007b50 <__sf+0x160>
    80004ec4:	00f58863          	beq	a1,a5,80004ed4 <cleanup_stdio+0x3c>
    80004ec8:	8522                	mv	a0,s0
    80004eca:	6402                	ld	s0,0(sp)
    80004ecc:	60a2                	ld	ra,8(sp)
    80004ece:	0141                	addi	sp,sp,16
    80004ed0:	5b10006f          	j	80005c80 <_fflush_r>
    80004ed4:	60a2                	ld	ra,8(sp)
    80004ed6:	6402                	ld	s0,0(sp)
    80004ed8:	0141                	addi	sp,sp,16
    80004eda:	8082                	ret

0000000080004edc <global_stdio_init.part.0>:
    80004edc:	1141                	addi	sp,sp,-16
    80004ede:	00000797          	auipc	a5,0x0
    80004ee2:	fa078793          	addi	a5,a5,-96 # 80004e7e <stdio_exit_handler>
    80004ee6:	4601                	li	a2,0
    80004ee8:	4591                	li	a1,4
    80004eea:	23818513          	addi	a0,gp,568 # 800079f0 <__sf>
    80004eee:	e406                	sd	ra,8(sp)
    80004ef0:	8ef1b423          	sd	a5,-1816(gp) # 800070a0 <__stdio_exit_handler>
    80004ef4:	f25ff0ef          	jal	80004e18 <std>
    80004ef8:	4605                	li	a2,1
    80004efa:	45a5                	li	a1,9
    80004efc:	2e818513          	addi	a0,gp,744 # 80007aa0 <__sf+0xb0>
    80004f00:	f19ff0ef          	jal	80004e18 <std>
    80004f04:	60a2                	ld	ra,8(sp)
    80004f06:	4609                	li	a2,2
    80004f08:	45c9                	li	a1,18
    80004f0a:	39818513          	addi	a0,gp,920 # 80007b50 <__sf+0x160>
    80004f0e:	0141                	addi	sp,sp,16
    80004f10:	b721                	j	80004e18 <std>

0000000080004f12 <__fp_unlock>:
    80004f12:	4501                	li	a0,0
    80004f14:	8082                	ret

0000000080004f16 <__sfp>:
    80004f16:	1101                	addi	sp,sp,-32
    80004f18:	e04a                	sd	s2,0(sp)
    80004f1a:	ec06                	sd	ra,24(sp)
    80004f1c:	e822                	sd	s0,16(sp)
    80004f1e:	e426                	sd	s1,8(sp)
    80004f20:	8e81b783          	ld	a5,-1816(gp) # 800070a0 <__stdio_exit_handler>
    80004f24:	892a                	mv	s2,a0
    80004f26:	e399                	bnez	a5,80004f2c <__sfp+0x16>
    80004f28:	fb5ff0ef          	jal	80004edc <global_stdio_init.part.0>
    80004f2c:	00002497          	auipc	s1,0x2
    80004f30:	fe448493          	addi	s1,s1,-28 # 80006f10 <__sglue>
    80004f34:	6880                	ld	s0,16(s1)
    80004f36:	449c                	lw	a5,8(s1)
    80004f38:	37fd                	addiw	a5,a5,-1
    80004f3a:	0207d163          	bgez	a5,80004f5c <__sfp+0x46>
    80004f3e:	609c                	ld	a5,0(s1)
    80004f40:	e7c1                	bnez	a5,80004fc8 <__sfp+0xb2>
    80004f42:	2d800593          	li	a1,728
    80004f46:	854a                	mv	a0,s2
    80004f48:	d99ff0ef          	jal	80004ce0 <_malloc_r>
    80004f4c:	842a                	mv	s0,a0
    80004f4e:	e12d                	bnez	a0,80004fb0 <__sfp+0x9a>
    80004f50:	0004b023          	sd	zero,0(s1)
    80004f54:	47b1                	li	a5,12
    80004f56:	00f92023          	sw	a5,0(s2)
    80004f5a:	a089                	j	80004f9c <__sfp+0x86>
    80004f5c:	01041703          	lh	a4,16(s0)
    80004f60:	e729                	bnez	a4,80004faa <__sfp+0x94>
    80004f62:	77c1                	lui	a5,0xffff0
    80004f64:	0785                	addi	a5,a5,1 # ffffffffffff0001 <__heap_end+0xffffffff7ffc8001>
    80004f66:	0a042623          	sw	zero,172(s0)
    80004f6a:	00043023          	sd	zero,0(s0)
    80004f6e:	00043423          	sd	zero,8(s0)
    80004f72:	c81c                	sw	a5,16(s0)
    80004f74:	00043c23          	sd	zero,24(s0)
    80004f78:	02042023          	sw	zero,32(s0)
    80004f7c:	02042423          	sw	zero,40(s0)
    80004f80:	4621                	li	a2,8
    80004f82:	4581                	li	a1,0
    80004f84:	0a440513          	addi	a0,s0,164
    80004f88:	416000ef          	jal	8000539e <memset>
    80004f8c:	06043023          	sd	zero,96(s0)
    80004f90:	06042423          	sw	zero,104(s0)
    80004f94:	08043023          	sd	zero,128(s0)
    80004f98:	08042423          	sw	zero,136(s0)
    80004f9c:	60e2                	ld	ra,24(sp)
    80004f9e:	8522                	mv	a0,s0
    80004fa0:	6442                	ld	s0,16(sp)
    80004fa2:	64a2                	ld	s1,8(sp)
    80004fa4:	6902                	ld	s2,0(sp)
    80004fa6:	6105                	addi	sp,sp,32
    80004fa8:	8082                	ret
    80004faa:	0b040413          	addi	s0,s0,176
    80004fae:	b769                	j	80004f38 <__sfp+0x22>
    80004fb0:	4791                	li	a5,4
    80004fb2:	00053023          	sd	zero,0(a0)
    80004fb6:	c51c                	sw	a5,8(a0)
    80004fb8:	0561                	addi	a0,a0,24
    80004fba:	e808                	sd	a0,16(s0)
    80004fbc:	2c000613          	li	a2,704
    80004fc0:	4581                	li	a1,0
    80004fc2:	3dc000ef          	jal	8000539e <memset>
    80004fc6:	e080                	sd	s0,0(s1)
    80004fc8:	6084                	ld	s1,0(s1)
    80004fca:	b7ad                	j	80004f34 <__sfp+0x1e>

0000000080004fcc <__sinit>:
    80004fcc:	613c                	ld	a5,64(a0)
    80004fce:	eb91                	bnez	a5,80004fe2 <__sinit+0x16>
    80004fd0:	00000797          	auipc	a5,0x0
    80004fd4:	ec878793          	addi	a5,a5,-312 # 80004e98 <cleanup_stdio>
    80004fd8:	e13c                	sd	a5,64(a0)
    80004fda:	8e81b783          	ld	a5,-1816(gp) # 800070a0 <__stdio_exit_handler>
    80004fde:	e391                	bnez	a5,80004fe2 <__sinit+0x16>
    80004fe0:	bdf5                	j	80004edc <global_stdio_init.part.0>
    80004fe2:	8082                	ret

0000000080004fe4 <__sfp_lock_acquire>:
    80004fe4:	8082                	ret

0000000080004fe6 <__sfp_lock_release>:
    80004fe6:	8082                	ret

0000000080004fe8 <__fp_lock_all>:
    80004fe8:	00002617          	auipc	a2,0x2
    80004fec:	f2860613          	addi	a2,a2,-216 # 80006f10 <__sglue>
    80004ff0:	00000597          	auipc	a1,0x0
    80004ff4:	e2458593          	addi	a1,a1,-476 # 80004e14 <__fp_lock>
    80004ff8:	4501                	li	a0,0
    80004ffa:	a8b1                	j	80005056 <_fwalk_sglue>

0000000080004ffc <__fp_unlock_all>:
    80004ffc:	00002617          	auipc	a2,0x2
    80005000:	f1460613          	addi	a2,a2,-236 # 80006f10 <__sglue>
    80005004:	00000597          	auipc	a1,0x0
    80005008:	f0e58593          	addi	a1,a1,-242 # 80004f12 <__fp_unlock>
    8000500c:	4501                	li	a0,0
    8000500e:	a0a1                	j	80005056 <_fwalk_sglue>

0000000080005010 <_fiprintf_r>:
    80005010:	715d                	addi	sp,sp,-80
    80005012:	f436                	sd	a3,40(sp)
    80005014:	1034                	addi	a3,sp,40
    80005016:	ec06                	sd	ra,24(sp)
    80005018:	f83a                	sd	a4,48(sp)
    8000501a:	fc3e                	sd	a5,56(sp)
    8000501c:	e0c2                	sd	a6,64(sp)
    8000501e:	e4c6                	sd	a7,72(sp)
    80005020:	e436                	sd	a3,8(sp)
    80005022:	4e8000ef          	jal	8000550a <_vfiprintf_r>
    80005026:	60e2                	ld	ra,24(sp)
    80005028:	6161                	addi	sp,sp,80
    8000502a:	8082                	ret

000000008000502c <fiprintf>:
    8000502c:	715d                	addi	sp,sp,-80
    8000502e:	f032                	sd	a2,32(sp)
    80005030:	f436                	sd	a3,40(sp)
    80005032:	862e                	mv	a2,a1
    80005034:	1014                	addi	a3,sp,32
    80005036:	85aa                	mv	a1,a0
    80005038:	00002517          	auipc	a0,0x2
    8000503c:	f8053503          	ld	a0,-128(a0) # 80006fb8 <_impure_ptr>
    80005040:	ec06                	sd	ra,24(sp)
    80005042:	f83a                	sd	a4,48(sp)
    80005044:	fc3e                	sd	a5,56(sp)
    80005046:	e0c2                	sd	a6,64(sp)
    80005048:	e4c6                	sd	a7,72(sp)
    8000504a:	e436                	sd	a3,8(sp)
    8000504c:	4be000ef          	jal	8000550a <_vfiprintf_r>
    80005050:	60e2                	ld	ra,24(sp)
    80005052:	6161                	addi	sp,sp,80
    80005054:	8082                	ret

0000000080005056 <_fwalk_sglue>:
    80005056:	715d                	addi	sp,sp,-80
    80005058:	e0a2                	sd	s0,64(sp)
    8000505a:	fc26                	sd	s1,56(sp)
    8000505c:	f44e                	sd	s3,40(sp)
    8000505e:	f052                	sd	s4,32(sp)
    80005060:	e85a                	sd	s6,16(sp)
    80005062:	e45e                	sd	s7,8(sp)
    80005064:	e486                	sd	ra,72(sp)
    80005066:	f84a                	sd	s2,48(sp)
    80005068:	ec56                	sd	s5,24(sp)
    8000506a:	89aa                	mv	s3,a0
    8000506c:	8a2e                	mv	s4,a1
    8000506e:	8432                	mv	s0,a2
    80005070:	4481                	li	s1,0
    80005072:	4b05                	li	s6,1
    80005074:	5bfd                	li	s7,-1
    80005076:	01043903          	ld	s2,16(s0)
    8000507a:	00842a83          	lw	s5,8(s0)
    8000507e:	3afd                	addiw	s5,s5,-1
    80005080:	020ad063          	bgez	s5,800050a0 <_fwalk_sglue+0x4a>
    80005084:	6000                	ld	s0,0(s0)
    80005086:	f865                	bnez	s0,80005076 <_fwalk_sglue+0x20>
    80005088:	60a6                	ld	ra,72(sp)
    8000508a:	6406                	ld	s0,64(sp)
    8000508c:	7942                	ld	s2,48(sp)
    8000508e:	79a2                	ld	s3,40(sp)
    80005090:	7a02                	ld	s4,32(sp)
    80005092:	6ae2                	ld	s5,24(sp)
    80005094:	6b42                	ld	s6,16(sp)
    80005096:	6ba2                	ld	s7,8(sp)
    80005098:	8526                	mv	a0,s1
    8000509a:	74e2                	ld	s1,56(sp)
    8000509c:	6161                	addi	sp,sp,80
    8000509e:	8082                	ret
    800050a0:	01095783          	lhu	a5,16(s2)
    800050a4:	00fb7b63          	bgeu	s6,a5,800050ba <_fwalk_sglue+0x64>
    800050a8:	01291783          	lh	a5,18(s2)
    800050ac:	01778763          	beq	a5,s7,800050ba <_fwalk_sglue+0x64>
    800050b0:	85ca                	mv	a1,s2
    800050b2:	854e                	mv	a0,s3
    800050b4:	9a02                	jalr	s4
    800050b6:	8cc9                	or	s1,s1,a0
    800050b8:	2481                	sext.w	s1,s1
    800050ba:	0b090913          	addi	s2,s2,176
    800050be:	b7c1                	j	8000507e <_fwalk_sglue+0x28>

00000000800050c0 <_iprintf_r>:
    800050c0:	715d                	addi	sp,sp,-80
    800050c2:	f032                	sd	a2,32(sp)
    800050c4:	f436                	sd	a3,40(sp)
    800050c6:	f83a                	sd	a4,48(sp)
    800050c8:	fc3e                	sd	a5,56(sp)
    800050ca:	e0c2                	sd	a6,64(sp)
    800050cc:	e4c6                	sd	a7,72(sp)
    800050ce:	862e                	mv	a2,a1
    800050d0:	690c                	ld	a1,16(a0)
    800050d2:	1014                	addi	a3,sp,32
    800050d4:	ec06                	sd	ra,24(sp)
    800050d6:	e436                	sd	a3,8(sp)
    800050d8:	432000ef          	jal	8000550a <_vfiprintf_r>
    800050dc:	60e2                	ld	ra,24(sp)
    800050de:	6161                	addi	sp,sp,80
    800050e0:	8082                	ret

00000000800050e2 <iprintf>:
    800050e2:	711d                	addi	sp,sp,-96
    800050e4:	f832                	sd	a2,48(sp)
    800050e6:	fc36                	sd	a3,56(sp)
    800050e8:	e4be                	sd	a5,72(sp)
    800050ea:	f42e                	sd	a1,40(sp)
    800050ec:	e0ba                	sd	a4,64(sp)
    800050ee:	e8c2                	sd	a6,80(sp)
    800050f0:	ecc6                	sd	a7,88(sp)
    800050f2:	00002797          	auipc	a5,0x2
    800050f6:	ec67b783          	ld	a5,-314(a5) # 80006fb8 <_impure_ptr>
    800050fa:	6b8c                	ld	a1,16(a5)
    800050fc:	1034                	addi	a3,sp,40
    800050fe:	862a                	mv	a2,a0
    80005100:	853e                	mv	a0,a5
    80005102:	ec06                	sd	ra,24(sp)
    80005104:	e436                	sd	a3,8(sp)
    80005106:	404000ef          	jal	8000550a <_vfiprintf_r>
    8000510a:	60e2                	ld	ra,24(sp)
    8000510c:	6125                	addi	sp,sp,96
    8000510e:	8082                	ret

0000000080005110 <__sread>:
    80005110:	1141                	addi	sp,sp,-16
    80005112:	e022                	sd	s0,0(sp)
    80005114:	842e                	mv	s0,a1
    80005116:	01259583          	lh	a1,18(a1)
    8000511a:	e406                	sd	ra,8(sp)
    8000511c:	202000ef          	jal	8000531e <_read_r>
    80005120:	00054963          	bltz	a0,80005132 <__sread+0x22>
    80005124:	6c5c                	ld	a5,152(s0)
    80005126:	97aa                	add	a5,a5,a0
    80005128:	ec5c                	sd	a5,152(s0)
    8000512a:	60a2                	ld	ra,8(sp)
    8000512c:	6402                	ld	s0,0(sp)
    8000512e:	0141                	addi	sp,sp,16
    80005130:	8082                	ret
    80005132:	01045783          	lhu	a5,16(s0)
    80005136:	777d                	lui	a4,0xfffff
    80005138:	177d                	addi	a4,a4,-1 # ffffffffffffefff <__heap_end+0xffffffff7ffd6fff>
    8000513a:	8ff9                	and	a5,a5,a4
    8000513c:	00f41823          	sh	a5,16(s0)
    80005140:	b7ed                	j	8000512a <__sread+0x1a>

0000000080005142 <__seofread>:
    80005142:	4501                	li	a0,0
    80005144:	8082                	ret

0000000080005146 <__swrite>:
    80005146:	0105d783          	lhu	a5,16(a1)
    8000514a:	7179                	addi	sp,sp,-48
    8000514c:	f022                	sd	s0,32(sp)
    8000514e:	ec26                	sd	s1,24(sp)
    80005150:	e84a                	sd	s2,16(sp)
    80005152:	e44e                	sd	s3,8(sp)
    80005154:	f406                	sd	ra,40(sp)
    80005156:	1007f793          	andi	a5,a5,256
    8000515a:	84aa                	mv	s1,a0
    8000515c:	842e                	mv	s0,a1
    8000515e:	8932                	mv	s2,a2
    80005160:	89b6                	mv	s3,a3
    80005162:	c799                	beqz	a5,80005170 <__swrite+0x2a>
    80005164:	01259583          	lh	a1,18(a1)
    80005168:	4689                	li	a3,2
    8000516a:	4601                	li	a2,0
    8000516c:	186000ef          	jal	800052f2 <_lseek_r>
    80005170:	01045783          	lhu	a5,16(s0)
    80005174:	777d                	lui	a4,0xfffff
    80005176:	177d                	addi	a4,a4,-1 # ffffffffffffefff <__heap_end+0xffffffff7ffd6fff>
    80005178:	8ff9                	and	a5,a5,a4
    8000517a:	01241583          	lh	a1,18(s0)
    8000517e:	00f41823          	sh	a5,16(s0)
    80005182:	7402                	ld	s0,32(sp)
    80005184:	70a2                	ld	ra,40(sp)
    80005186:	86ce                	mv	a3,s3
    80005188:	864a                	mv	a2,s2
    8000518a:	69a2                	ld	s3,8(sp)
    8000518c:	6942                	ld	s2,16(sp)
    8000518e:	8526                	mv	a0,s1
    80005190:	64e2                	ld	s1,24(sp)
    80005192:	6145                	addi	sp,sp,48
    80005194:	aaf9                	j	80005372 <_write_r>

0000000080005196 <__sseek>:
    80005196:	1141                	addi	sp,sp,-16
    80005198:	e022                	sd	s0,0(sp)
    8000519a:	842e                	mv	s0,a1
    8000519c:	01259583          	lh	a1,18(a1)
    800051a0:	e406                	sd	ra,8(sp)
    800051a2:	150000ef          	jal	800052f2 <_lseek_r>
    800051a6:	577d                	li	a4,-1
    800051a8:	01045783          	lhu	a5,16(s0)
    800051ac:	00e51b63          	bne	a0,a4,800051c2 <__sseek+0x2c>
    800051b0:	777d                	lui	a4,0xfffff
    800051b2:	177d                	addi	a4,a4,-1 # ffffffffffffefff <__heap_end+0xffffffff7ffd6fff>
    800051b4:	8ff9                	and	a5,a5,a4
    800051b6:	00f41823          	sh	a5,16(s0)
    800051ba:	60a2                	ld	ra,8(sp)
    800051bc:	6402                	ld	s0,0(sp)
    800051be:	0141                	addi	sp,sp,16
    800051c0:	8082                	ret
    800051c2:	6705                	lui	a4,0x1
    800051c4:	8fd9                	or	a5,a5,a4
    800051c6:	00f41823          	sh	a5,16(s0)
    800051ca:	ec48                	sd	a0,152(s0)
    800051cc:	b7fd                	j	800051ba <__sseek+0x24>

00000000800051ce <__sclose>:
    800051ce:	01259583          	lh	a1,18(a1)
    800051d2:	a025                	j	800051fa <_close_r>

00000000800051d4 <memcmp>:
    800051d4:	4701                	li	a4,0
    800051d6:	00e61463          	bne	a2,a4,800051de <memcmp+0xa>
    800051da:	4501                	li	a0,0
    800051dc:	8082                	ret
    800051de:	00e507b3          	add	a5,a0,a4
    800051e2:	0705                	addi	a4,a4,1 # 1001 <__stack_align+0xff1>
    800051e4:	00e586b3          	add	a3,a1,a4
    800051e8:	0007c783          	lbu	a5,0(a5)
    800051ec:	fff6c683          	lbu	a3,-1(a3)
    800051f0:	fed783e3          	beq	a5,a3,800051d6 <memcmp+0x2>
    800051f4:	40d7853b          	subw	a0,a5,a3
    800051f8:	8082                	ret

00000000800051fa <_close_r>:
    800051fa:	1141                	addi	sp,sp,-16
    800051fc:	e022                	sd	s0,0(sp)
    800051fe:	842a                	mv	s0,a0
    80005200:	852e                	mv	a0,a1
    80005202:	8e01a823          	sw	zero,-1808(gp) # 800070a8 <errno>
    80005206:	e406                	sd	ra,8(sp)
    80005208:	2e8010ef          	jal	800064f0 <_close>
    8000520c:	57fd                	li	a5,-1
    8000520e:	00f51663          	bne	a0,a5,8000521a <_close_r+0x20>
    80005212:	8f01a783          	lw	a5,-1808(gp) # 800070a8 <errno>
    80005216:	c391                	beqz	a5,8000521a <_close_r+0x20>
    80005218:	c01c                	sw	a5,0(s0)
    8000521a:	60a2                	ld	ra,8(sp)
    8000521c:	6402                	ld	s0,0(sp)
    8000521e:	0141                	addi	sp,sp,16
    80005220:	8082                	ret

0000000080005222 <_reclaim_reent>:
    80005222:	00002797          	auipc	a5,0x2
    80005226:	d967b783          	ld	a5,-618(a5) # 80006fb8 <_impure_ptr>
    8000522a:	0ca78363          	beq	a5,a0,800052f0 <_reclaim_reent+0xce>
    8000522e:	7d1c                	ld	a5,56(a0)
    80005230:	7179                	addi	sp,sp,-48
    80005232:	f022                	sd	s0,32(sp)
    80005234:	f406                	sd	ra,40(sp)
    80005236:	ec26                	sd	s1,24(sp)
    80005238:	e84a                	sd	s2,16(sp)
    8000523a:	e44e                	sd	s3,8(sp)
    8000523c:	842a                	mv	s0,a0
    8000523e:	cb8d                	beqz	a5,80005270 <_reclaim_reent+0x4e>
    80005240:	6f9c                	ld	a5,24(a5)
    80005242:	c38d                	beqz	a5,80005264 <_reclaim_reent+0x42>
    80005244:	4481                	li	s1,0
    80005246:	20000913          	li	s2,512
    8000524a:	7c1c                	ld	a5,56(s0)
    8000524c:	6f9c                	ld	a5,24(a5)
    8000524e:	97a6                	add	a5,a5,s1
    80005250:	638c                	ld	a1,0(a5)
    80005252:	e1c9                	bnez	a1,800052d4 <_reclaim_reent+0xb2>
    80005254:	04a1                	addi	s1,s1,8
    80005256:	ff249ae3          	bne	s1,s2,8000524a <_reclaim_reent+0x28>
    8000525a:	7c1c                	ld	a5,56(s0)
    8000525c:	8522                	mv	a0,s0
    8000525e:	6f8c                	ld	a1,24(a5)
    80005260:	174000ef          	jal	800053d4 <_free_r>
    80005264:	7c1c                	ld	a5,56(s0)
    80005266:	638c                	ld	a1,0(a5)
    80005268:	c581                	beqz	a1,80005270 <_reclaim_reent+0x4e>
    8000526a:	8522                	mv	a0,s0
    8000526c:	168000ef          	jal	800053d4 <_free_r>
    80005270:	740c                	ld	a1,40(s0)
    80005272:	c581                	beqz	a1,8000527a <_reclaim_reent+0x58>
    80005274:	8522                	mv	a0,s0
    80005276:	15e000ef          	jal	800053d4 <_free_r>
    8000527a:	7c0c                	ld	a1,56(s0)
    8000527c:	c581                	beqz	a1,80005284 <_reclaim_reent+0x62>
    8000527e:	8522                	mv	a0,s0
    80005280:	154000ef          	jal	800053d4 <_free_r>
    80005284:	6c2c                	ld	a1,88(s0)
    80005286:	c581                	beqz	a1,8000528e <_reclaim_reent+0x6c>
    80005288:	8522                	mv	a0,s0
    8000528a:	14a000ef          	jal	800053d4 <_free_r>
    8000528e:	702c                	ld	a1,96(s0)
    80005290:	c581                	beqz	a1,80005298 <_reclaim_reent+0x76>
    80005292:	8522                	mv	a0,s0
    80005294:	140000ef          	jal	800053d4 <_free_r>
    80005298:	742c                	ld	a1,104(s0)
    8000529a:	c581                	beqz	a1,800052a2 <_reclaim_reent+0x80>
    8000529c:	8522                	mv	a0,s0
    8000529e:	136000ef          	jal	800053d4 <_free_r>
    800052a2:	644c                	ld	a1,136(s0)
    800052a4:	c581                	beqz	a1,800052ac <_reclaim_reent+0x8a>
    800052a6:	8522                	mv	a0,s0
    800052a8:	12c000ef          	jal	800053d4 <_free_r>
    800052ac:	604c                	ld	a1,128(s0)
    800052ae:	c581                	beqz	a1,800052b6 <_reclaim_reent+0x94>
    800052b0:	8522                	mv	a0,s0
    800052b2:	122000ef          	jal	800053d4 <_free_r>
    800052b6:	682c                	ld	a1,80(s0)
    800052b8:	c581                	beqz	a1,800052c0 <_reclaim_reent+0x9e>
    800052ba:	8522                	mv	a0,s0
    800052bc:	118000ef          	jal	800053d4 <_free_r>
    800052c0:	603c                	ld	a5,64(s0)
    800052c2:	c385                	beqz	a5,800052e2 <_reclaim_reent+0xc0>
    800052c4:	8522                	mv	a0,s0
    800052c6:	7402                	ld	s0,32(sp)
    800052c8:	70a2                	ld	ra,40(sp)
    800052ca:	64e2                	ld	s1,24(sp)
    800052cc:	6942                	ld	s2,16(sp)
    800052ce:	69a2                	ld	s3,8(sp)
    800052d0:	6145                	addi	sp,sp,48
    800052d2:	8782                	jr	a5
    800052d4:	0005b983          	ld	s3,0(a1)
    800052d8:	8522                	mv	a0,s0
    800052da:	0fa000ef          	jal	800053d4 <_free_r>
    800052de:	85ce                	mv	a1,s3
    800052e0:	bf8d                	j	80005252 <_reclaim_reent+0x30>
    800052e2:	70a2                	ld	ra,40(sp)
    800052e4:	7402                	ld	s0,32(sp)
    800052e6:	64e2                	ld	s1,24(sp)
    800052e8:	6942                	ld	s2,16(sp)
    800052ea:	69a2                	ld	s3,8(sp)
    800052ec:	6145                	addi	sp,sp,48
    800052ee:	8082                	ret
    800052f0:	8082                	ret

00000000800052f2 <_lseek_r>:
    800052f2:	1141                	addi	sp,sp,-16
    800052f4:	e022                	sd	s0,0(sp)
    800052f6:	842a                	mv	s0,a0
    800052f8:	852e                	mv	a0,a1
    800052fa:	85b2                	mv	a1,a2
    800052fc:	8636                	mv	a2,a3
    800052fe:	8e01a823          	sw	zero,-1808(gp) # 800070a8 <errno>
    80005302:	e406                	sd	ra,8(sp)
    80005304:	256010ef          	jal	8000655a <_lseek>
    80005308:	57fd                	li	a5,-1
    8000530a:	00f51663          	bne	a0,a5,80005316 <_lseek_r+0x24>
    8000530e:	8f01a783          	lw	a5,-1808(gp) # 800070a8 <errno>
    80005312:	c391                	beqz	a5,80005316 <_lseek_r+0x24>
    80005314:	c01c                	sw	a5,0(s0)
    80005316:	60a2                	ld	ra,8(sp)
    80005318:	6402                	ld	s0,0(sp)
    8000531a:	0141                	addi	sp,sp,16
    8000531c:	8082                	ret

000000008000531e <_read_r>:
    8000531e:	1141                	addi	sp,sp,-16
    80005320:	e022                	sd	s0,0(sp)
    80005322:	842a                	mv	s0,a0
    80005324:	852e                	mv	a0,a1
    80005326:	85b2                	mv	a1,a2
    80005328:	8636                	mv	a2,a3
    8000532a:	8e01a823          	sw	zero,-1808(gp) # 800070a8 <errno>
    8000532e:	e406                	sd	ra,8(sp)
    80005330:	23e010ef          	jal	8000656e <_read>
    80005334:	57fd                	li	a5,-1
    80005336:	00f51663          	bne	a0,a5,80005342 <_read_r+0x24>
    8000533a:	8f01a783          	lw	a5,-1808(gp) # 800070a8 <errno>
    8000533e:	c391                	beqz	a5,80005342 <_read_r+0x24>
    80005340:	c01c                	sw	a5,0(s0)
    80005342:	60a2                	ld	ra,8(sp)
    80005344:	6402                	ld	s0,0(sp)
    80005346:	0141                	addi	sp,sp,16
    80005348:	8082                	ret

000000008000534a <_sbrk_r>:
    8000534a:	1141                	addi	sp,sp,-16
    8000534c:	e022                	sd	s0,0(sp)
    8000534e:	842a                	mv	s0,a0
    80005350:	852e                	mv	a0,a1
    80005352:	8e01a823          	sw	zero,-1808(gp) # 800070a8 <errno>
    80005356:	e406                	sd	ra,8(sp)
    80005358:	22c010ef          	jal	80006584 <_sbrk>
    8000535c:	57fd                	li	a5,-1
    8000535e:	00f51663          	bne	a0,a5,8000536a <_sbrk_r+0x20>
    80005362:	8f01a783          	lw	a5,-1808(gp) # 800070a8 <errno>
    80005366:	c391                	beqz	a5,8000536a <_sbrk_r+0x20>
    80005368:	c01c                	sw	a5,0(s0)
    8000536a:	60a2                	ld	ra,8(sp)
    8000536c:	6402                	ld	s0,0(sp)
    8000536e:	0141                	addi	sp,sp,16
    80005370:	8082                	ret

0000000080005372 <_write_r>:
    80005372:	1141                	addi	sp,sp,-16
    80005374:	e022                	sd	s0,0(sp)
    80005376:	842a                	mv	s0,a0
    80005378:	852e                	mv	a0,a1
    8000537a:	85b2                	mv	a1,a2
    8000537c:	8636                	mv	a2,a3
    8000537e:	8e01a823          	sw	zero,-1808(gp) # 800070a8 <errno>
    80005382:	e406                	sd	ra,8(sp)
    80005384:	23c010ef          	jal	800065c0 <_write>
    80005388:	57fd                	li	a5,-1
    8000538a:	00f51663          	bne	a0,a5,80005396 <_write_r+0x24>
    8000538e:	8f01a783          	lw	a5,-1808(gp) # 800070a8 <errno>
    80005392:	c391                	beqz	a5,80005396 <_write_r+0x24>
    80005394:	c01c                	sw	a5,0(s0)
    80005396:	60a2                	ld	ra,8(sp)
    80005398:	6402                	ld	s0,0(sp)
    8000539a:	0141                	addi	sp,sp,16
    8000539c:	8082                	ret

000000008000539e <memset>:
    8000539e:	832a                	mv	t1,a0
    800053a0:	c611                	beqz	a2,800053ac <memset+0xe>
    800053a2:	00b30023          	sb	a1,0(t1)
    800053a6:	167d                	addi	a2,a2,-1
    800053a8:	0305                	addi	t1,t1,1
    800053aa:	fe65                	bnez	a2,800053a2 <memset+0x4>
    800053ac:	8082                	ret

00000000800053ae <memcpy>:
    800053ae:	832a                	mv	t1,a0
    800053b0:	ca09                	beqz	a2,800053c2 <memcpy+0x14>
    800053b2:	00058383          	lb	t2,0(a1)
    800053b6:	00730023          	sb	t2,0(t1)
    800053ba:	167d                	addi	a2,a2,-1
    800053bc:	0305                	addi	t1,t1,1
    800053be:	0585                	addi	a1,a1,1
    800053c0:	fa6d                	bnez	a2,800053b2 <memcpy+0x4>
    800053c2:	8082                	ret

00000000800053c4 <abort>:
    800053c4:	1141                	addi	sp,sp,-16
    800053c6:	4519                	li	a0,6
    800053c8:	e406                	sd	ra,8(sp)
    800053ca:	6b9000ef          	jal	80006282 <raise>
    800053ce:	4505                	li	a0,1
    800053d0:	134010ef          	jal	80006504 <_exit>

00000000800053d4 <_free_r>:
    800053d4:	c1c5                	beqz	a1,80005474 <_free_r+0xa0>
    800053d6:	ff85b783          	ld	a5,-8(a1)
    800053da:	1101                	addi	sp,sp,-32
    800053dc:	e822                	sd	s0,16(sp)
    800053de:	ec06                	sd	ra,24(sp)
    800053e0:	ff858413          	addi	s0,a1,-8
    800053e4:	0007d363          	bgez	a5,800053ea <_free_r+0x16>
    800053e8:	943e                	add	s0,s0,a5
    800053ea:	e42a                	sd	a0,8(sp)
    800053ec:	a25ff0ef          	jal	80004e10 <__malloc_lock>
    800053f0:	8e018713          	addi	a4,gp,-1824 # 80007098 <__malloc_free_list>
    800053f4:	631c                	ld	a5,0(a4)
    800053f6:	6522                	ld	a0,8(sp)
    800053f8:	eb89                	bnez	a5,8000540a <_free_r+0x36>
    800053fa:	00043423          	sd	zero,8(s0)
    800053fe:	e300                	sd	s0,0(a4)
    80005400:	6442                	ld	s0,16(sp)
    80005402:	60e2                	ld	ra,24(sp)
    80005404:	6105                	addi	sp,sp,32
    80005406:	a0dff06f          	j	80004e12 <__malloc_unlock>
    8000540a:	00f47d63          	bgeu	s0,a5,80005424 <_free_r+0x50>
    8000540e:	6010                	ld	a2,0(s0)
    80005410:	00c406b3          	add	a3,s0,a2
    80005414:	00d79663          	bne	a5,a3,80005420 <_free_r+0x4c>
    80005418:	6394                	ld	a3,0(a5)
    8000541a:	679c                	ld	a5,8(a5)
    8000541c:	96b2                	add	a3,a3,a2
    8000541e:	e014                	sd	a3,0(s0)
    80005420:	e41c                	sd	a5,8(s0)
    80005422:	bff1                	j	800053fe <_free_r+0x2a>
    80005424:	873e                	mv	a4,a5
    80005426:	679c                	ld	a5,8(a5)
    80005428:	c399                	beqz	a5,8000542e <_free_r+0x5a>
    8000542a:	fef47de3          	bgeu	s0,a5,80005424 <_free_r+0x50>
    8000542e:	6314                	ld	a3,0(a4)
    80005430:	00d70633          	add	a2,a4,a3
    80005434:	00861f63          	bne	a2,s0,80005452 <_free_r+0x7e>
    80005438:	6010                	ld	a2,0(s0)
    8000543a:	96b2                	add	a3,a3,a2
    8000543c:	e314                	sd	a3,0(a4)
    8000543e:	00d70633          	add	a2,a4,a3
    80005442:	fac79fe3          	bne	a5,a2,80005400 <_free_r+0x2c>
    80005446:	6390                	ld	a2,0(a5)
    80005448:	679c                	ld	a5,8(a5)
    8000544a:	96b2                	add	a3,a3,a2
    8000544c:	e314                	sd	a3,0(a4)
    8000544e:	e71c                	sd	a5,8(a4)
    80005450:	bf45                	j	80005400 <_free_r+0x2c>
    80005452:	00c47563          	bgeu	s0,a2,8000545c <_free_r+0x88>
    80005456:	47b1                	li	a5,12
    80005458:	c11c                	sw	a5,0(a0)
    8000545a:	b75d                	j	80005400 <_free_r+0x2c>
    8000545c:	6010                	ld	a2,0(s0)
    8000545e:	00c406b3          	add	a3,s0,a2
    80005462:	00d79663          	bne	a5,a3,8000546e <_free_r+0x9a>
    80005466:	6394                	ld	a3,0(a5)
    80005468:	679c                	ld	a5,8(a5)
    8000546a:	96b2                	add	a3,a3,a2
    8000546c:	e014                	sd	a3,0(s0)
    8000546e:	e41c                	sd	a5,8(s0)
    80005470:	e700                	sd	s0,8(a4)
    80005472:	b779                	j	80005400 <_free_r+0x2c>
    80005474:	8082                	ret

0000000080005476 <__sfputc_r>:
    80005476:	465c                	lw	a5,12(a2)
    80005478:	fff7871b          	addiw	a4,a5,-1
    8000547c:	c658                	sw	a4,12(a2)
    8000547e:	00075a63          	bgez	a4,80005492 <__sfputc_r+0x1c>
    80005482:	561c                	lw	a5,40(a2)
    80005484:	00f74563          	blt	a4,a5,8000548e <__sfputc_r+0x18>
    80005488:	47a9                	li	a5,10
    8000548a:	00f59463          	bne	a1,a5,80005492 <__sfputc_r+0x1c>
    8000548e:	32d0006f          	j	80005fba <__swbuf_r>
    80005492:	621c                	ld	a5,0(a2)
    80005494:	852e                	mv	a0,a1
    80005496:	00178713          	addi	a4,a5,1
    8000549a:	e218                	sd	a4,0(a2)
    8000549c:	00b78023          	sb	a1,0(a5)
    800054a0:	8082                	ret

00000000800054a2 <__sfputs_r>:
    800054a2:	7179                	addi	sp,sp,-48
    800054a4:	f022                	sd	s0,32(sp)
    800054a6:	ec26                	sd	s1,24(sp)
    800054a8:	e84a                	sd	s2,16(sp)
    800054aa:	e44e                	sd	s3,8(sp)
    800054ac:	e052                	sd	s4,0(sp)
    800054ae:	f406                	sd	ra,40(sp)
    800054b0:	892a                	mv	s2,a0
    800054b2:	89ae                	mv	s3,a1
    800054b4:	8432                	mv	s0,a2
    800054b6:	00d604b3          	add	s1,a2,a3
    800054ba:	5a7d                	li	s4,-1
    800054bc:	00941463          	bne	s0,s1,800054c4 <__sfputs_r+0x22>
    800054c0:	4501                	li	a0,0
    800054c2:	a811                	j	800054d6 <__sfputs_r+0x34>
    800054c4:	00044583          	lbu	a1,0(s0)
    800054c8:	864e                	mv	a2,s3
    800054ca:	854a                	mv	a0,s2
    800054cc:	fabff0ef          	jal	80005476 <__sfputc_r>
    800054d0:	0405                	addi	s0,s0,1
    800054d2:	ff4515e3          	bne	a0,s4,800054bc <__sfputs_r+0x1a>
    800054d6:	70a2                	ld	ra,40(sp)
    800054d8:	7402                	ld	s0,32(sp)
    800054da:	64e2                	ld	s1,24(sp)
    800054dc:	6942                	ld	s2,16(sp)
    800054de:	69a2                	ld	s3,8(sp)
    800054e0:	6a02                	ld	s4,0(sp)
    800054e2:	6145                	addi	sp,sp,48
    800054e4:	8082                	ret

00000000800054e6 <__sprint_r>:
    800054e6:	6a1c                	ld	a5,16(a2)
    800054e8:	1141                	addi	sp,sp,-16
    800054ea:	e022                	sd	s0,0(sp)
    800054ec:	e406                	sd	ra,8(sp)
    800054ee:	8432                	mv	s0,a2
    800054f0:	cb99                	beqz	a5,80005506 <__sprint_r+0x20>
    800054f2:	7f2000ef          	jal	80005ce4 <__sfvwrite_r>
    800054f6:	00043823          	sd	zero,16(s0)
    800054fa:	60a2                	ld	ra,8(sp)
    800054fc:	00042423          	sw	zero,8(s0)
    80005500:	6402                	ld	s0,0(sp)
    80005502:	0141                	addi	sp,sp,16
    80005504:	8082                	ret
    80005506:	4501                	li	a0,0
    80005508:	bfcd                	j	800054fa <__sprint_r+0x14>

000000008000550a <_vfiprintf_r>:
    8000550a:	7155                	addi	sp,sp,-208
    8000550c:	e1a2                	sd	s0,192(sp)
    8000550e:	fd26                	sd	s1,184(sp)
    80005510:	f94a                	sd	s2,176(sp)
    80005512:	f54e                	sd	s3,168(sp)
    80005514:	f152                	sd	s4,160(sp)
    80005516:	e586                	sd	ra,200(sp)
    80005518:	ed56                	sd	s5,152(sp)
    8000551a:	e95a                	sd	s6,144(sp)
    8000551c:	e55e                	sd	s7,136(sp)
    8000551e:	e162                	sd	s8,128(sp)
    80005520:	fce6                	sd	s9,120(sp)
    80005522:	f8ea                	sd	s10,112(sp)
    80005524:	8a2a                	mv	s4,a0
    80005526:	892e                	mv	s2,a1
    80005528:	84b2                	mv	s1,a2
    8000552a:	8436                	mv	s0,a3
    8000552c:	4981                	li	s3,0
    8000552e:	c509                	beqz	a0,80005538 <_vfiprintf_r+0x2e>
    80005530:	613c                	ld	a5,64(a0)
    80005532:	e399                	bnez	a5,80005538 <_vfiprintf_r+0x2e>
    80005534:	a99ff0ef          	jal	80004fcc <__sinit>
    80005538:	01095783          	lhu	a5,16(s2)
    8000553c:	8ba1                	andi	a5,a5,8
    8000553e:	cbe1                	beqz	a5,8000560e <_vfiprintf_r+0x104>
    80005540:	01893783          	ld	a5,24(s2)
    80005544:	c7e9                	beqz	a5,8000560e <_vfiprintf_r+0x104>
    80005546:	02000793          	li	a5,32
    8000554a:	02f104a3          	sb	a5,41(sp)
    8000554e:	5afd                	li	s5,-1
    80005550:	03000793          	li	a5,48
    80005554:	d202                	sw	zero,36(sp)
    80005556:	02f10523          	sb	a5,42(sp)
    8000555a:	e422                	sd	s0,8(sp)
    8000555c:	02500b93          	li	s7,37
    80005560:	020a9c13          	slli	s8,s5,0x20
    80005564:	00001b17          	auipc	s6,0x1
    80005568:	42cb0b13          	addi	s6,s6,1068 # 80006990 <__tbss_end+0x168>
    8000556c:	4c85                	li	s9,1
    8000556e:	8426                	mv	s0,s1
    80005570:	00044783          	lbu	a5,0(s0)
    80005574:	c399                	beqz	a5,8000557a <_vfiprintf_r+0x70>
    80005576:	0d779063          	bne	a5,s7,80005636 <_vfiprintf_r+0x12c>
    8000557a:	40940d3b          	subw	s10,s0,s1
    8000557e:	000d0e63          	beqz	s10,8000559a <_vfiprintf_r+0x90>
    80005582:	86ea                	mv	a3,s10
    80005584:	8626                	mv	a2,s1
    80005586:	85ca                	mv	a1,s2
    80005588:	8552                	mv	a0,s4
    8000558a:	f19ff0ef          	jal	800054a2 <__sfputs_r>
    8000558e:	1d550963          	beq	a0,s5,80005760 <_vfiprintf_r+0x256>
    80005592:	5792                	lw	a5,36(sp)
    80005594:	01a787bb          	addw	a5,a5,s10
    80005598:	d23e                	sw	a5,36(sp)
    8000559a:	00044783          	lbu	a5,0(s0)
    8000559e:	1c078163          	beqz	a5,80005760 <_vfiprintf_r+0x256>
    800055a2:	00140493          	addi	s1,s0,1
    800055a6:	e862                	sd	s8,16(sp)
    800055a8:	ec02                	sd	zero,24(sp)
    800055aa:	040109a3          	sb	zero,83(sp)
    800055ae:	d482                	sw	zero,104(sp)
    800055b0:	0004c583          	lbu	a1,0(s1)
    800055b4:	4615                	li	a2,5
    800055b6:	855a                	mv	a0,s6
    800055b8:	37d000ef          	jal	80006134 <memchr>
    800055bc:	47c2                	lw	a5,16(sp)
    800055be:	00148413          	addi	s0,s1,1
    800055c2:	ed25                	bnez	a0,8000563a <_vfiprintf_r+0x130>
    800055c4:	0107f713          	andi	a4,a5,16
    800055c8:	c709                	beqz	a4,800055d2 <_vfiprintf_r+0xc8>
    800055ca:	02000713          	li	a4,32
    800055ce:	04e109a3          	sb	a4,83(sp)
    800055d2:	0087f713          	andi	a4,a5,8
    800055d6:	c709                	beqz	a4,800055e0 <_vfiprintf_r+0xd6>
    800055d8:	02b00713          	li	a4,43
    800055dc:	04e109a3          	sb	a4,83(sp)
    800055e0:	0004c683          	lbu	a3,0(s1)
    800055e4:	02a00713          	li	a4,42
    800055e8:	06e68163          	beq	a3,a4,8000564a <_vfiprintf_r+0x140>
    800055ec:	47f2                	lw	a5,28(sp)
    800055ee:	8426                	mv	s0,s1
    800055f0:	4681                	li	a3,0
    800055f2:	4625                	li	a2,9
    800055f4:	4829                	li	a6,10
    800055f6:	00044703          	lbu	a4,0(s0)
    800055fa:	00140513          	addi	a0,s0,1
    800055fe:	fd07059b          	addiw	a1,a4,-48
    80005602:	872e                	mv	a4,a1
    80005604:	08b67a63          	bgeu	a2,a1,80005698 <_vfiprintf_r+0x18e>
    80005608:	caa9                	beqz	a3,8000565a <_vfiprintf_r+0x150>
    8000560a:	ce3e                	sw	a5,28(sp)
    8000560c:	a0b9                	j	8000565a <_vfiprintf_r+0x150>
    8000560e:	85ca                	mv	a1,s2
    80005610:	8552                	mv	a0,s4
    80005612:	255000ef          	jal	80006066 <__swsetup_r>
    80005616:	d905                	beqz	a0,80005546 <_vfiprintf_r+0x3c>
    80005618:	557d                	li	a0,-1
    8000561a:	60ae                	ld	ra,200(sp)
    8000561c:	640e                	ld	s0,192(sp)
    8000561e:	74ea                	ld	s1,184(sp)
    80005620:	794a                	ld	s2,176(sp)
    80005622:	79aa                	ld	s3,168(sp)
    80005624:	7a0a                	ld	s4,160(sp)
    80005626:	6aea                	ld	s5,152(sp)
    80005628:	6b4a                	ld	s6,144(sp)
    8000562a:	6baa                	ld	s7,136(sp)
    8000562c:	6c0a                	ld	s8,128(sp)
    8000562e:	7ce6                	ld	s9,120(sp)
    80005630:	7d46                	ld	s10,112(sp)
    80005632:	6169                	addi	sp,sp,208
    80005634:	8082                	ret
    80005636:	0405                	addi	s0,s0,1
    80005638:	bf25                	j	80005570 <_vfiprintf_r+0x66>
    8000563a:	41650533          	sub	a0,a0,s6
    8000563e:	00ac953b          	sllw	a0,s9,a0
    80005642:	8fc9                	or	a5,a5,a0
    80005644:	c83e                	sw	a5,16(sp)
    80005646:	84a2                	mv	s1,s0
    80005648:	b7a5                	j	800055b0 <_vfiprintf_r+0xa6>
    8000564a:	6722                	ld	a4,8(sp)
    8000564c:	00870693          	addi	a3,a4,8
    80005650:	4318                	lw	a4,0(a4)
    80005652:	e436                	sd	a3,8(sp)
    80005654:	02074b63          	bltz	a4,8000568a <_vfiprintf_r+0x180>
    80005658:	ce3a                	sw	a4,28(sp)
    8000565a:	00044703          	lbu	a4,0(s0)
    8000565e:	02e00793          	li	a5,46
    80005662:	06f71163          	bne	a4,a5,800056c4 <_vfiprintf_r+0x1ba>
    80005666:	00144703          	lbu	a4,1(s0)
    8000566a:	02a00793          	li	a5,42
    8000566e:	02f71b63          	bne	a4,a5,800056a4 <_vfiprintf_r+0x19a>
    80005672:	67a2                	ld	a5,8(sp)
    80005674:	0409                	addi	s0,s0,2
    80005676:	00878713          	addi	a4,a5,8
    8000567a:	e43a                	sd	a4,8(sp)
    8000567c:	4398                	lw	a4,0(a5)
    8000567e:	87ba                	mv	a5,a4
    80005680:	00075363          	bgez	a4,80005686 <_vfiprintf_r+0x17c>
    80005684:	57fd                	li	a5,-1
    80005686:	ca3e                	sw	a5,20(sp)
    80005688:	a835                	j	800056c4 <_vfiprintf_r+0x1ba>
    8000568a:	40e0073b          	negw	a4,a4
    8000568e:	0027e793          	ori	a5,a5,2
    80005692:	ce3a                	sw	a4,28(sp)
    80005694:	c83e                	sw	a5,16(sp)
    80005696:	b7d1                	j	8000565a <_vfiprintf_r+0x150>
    80005698:	02f807bb          	mulw	a5,a6,a5
    8000569c:	842a                	mv	s0,a0
    8000569e:	4685                	li	a3,1
    800056a0:	9fb9                	addw	a5,a5,a4
    800056a2:	bf91                	j	800055f6 <_vfiprintf_r+0xec>
    800056a4:	0405                	addi	s0,s0,1
    800056a6:	ca02                	sw	zero,20(sp)
    800056a8:	4681                	li	a3,0
    800056aa:	4781                	li	a5,0
    800056ac:	4625                	li	a2,9
    800056ae:	4829                	li	a6,10
    800056b0:	00044703          	lbu	a4,0(s0)
    800056b4:	00140513          	addi	a0,s0,1
    800056b8:	fd07059b          	addiw	a1,a4,-48
    800056bc:	872e                	mv	a4,a1
    800056be:	06b67c63          	bgeu	a2,a1,80005736 <_vfiprintf_r+0x22c>
    800056c2:	f2f1                	bnez	a3,80005686 <_vfiprintf_r+0x17c>
    800056c4:	00044583          	lbu	a1,0(s0)
    800056c8:	460d                	li	a2,3
    800056ca:	00001517          	auipc	a0,0x1
    800056ce:	2ce50513          	addi	a0,a0,718 # 80006998 <__tbss_end+0x170>
    800056d2:	263000ef          	jal	80006134 <memchr>
    800056d6:	cd11                	beqz	a0,800056f2 <_vfiprintf_r+0x1e8>
    800056d8:	00001797          	auipc	a5,0x1
    800056dc:	2c078793          	addi	a5,a5,704 # 80006998 <__tbss_end+0x170>
    800056e0:	8d1d                	sub	a0,a0,a5
    800056e2:	47c2                	lw	a5,16(sp)
    800056e4:	04000713          	li	a4,64
    800056e8:	00a7173b          	sllw	a4,a4,a0
    800056ec:	8fd9                	or	a5,a5,a4
    800056ee:	0405                	addi	s0,s0,1
    800056f0:	c83e                	sw	a5,16(sp)
    800056f2:	00044583          	lbu	a1,0(s0)
    800056f6:	4619                	li	a2,6
    800056f8:	00001517          	auipc	a0,0x1
    800056fc:	2a850513          	addi	a0,a0,680 # 800069a0 <__tbss_end+0x178>
    80005700:	00140493          	addi	s1,s0,1
    80005704:	02b10423          	sb	a1,40(sp)
    80005708:	22d000ef          	jal	80006134 <memchr>
    8000570c:	c135                	beqz	a0,80005770 <_vfiprintf_r+0x266>
    8000570e:	00000793          	li	a5,0
    80005712:	eb85                	bnez	a5,80005742 <_vfiprintf_r+0x238>
    80005714:	4742                	lw	a4,16(sp)
    80005716:	67a2                	ld	a5,8(sp)
    80005718:	10077713          	andi	a4,a4,256
    8000571c:	00878693          	addi	a3,a5,8
    80005720:	c709                	beqz	a4,8000572a <_vfiprintf_r+0x220>
    80005722:	07bd                	addi	a5,a5,15
    80005724:	9bc1                	andi	a5,a5,-16
    80005726:	01078693          	addi	a3,a5,16
    8000572a:	e436                	sd	a3,8(sp)
    8000572c:	5792                	lw	a5,36(sp)
    8000572e:	013787bb          	addw	a5,a5,s3
    80005732:	d23e                	sw	a5,36(sp)
    80005734:	bd2d                	j	8000556e <_vfiprintf_r+0x64>
    80005736:	02f807bb          	mulw	a5,a6,a5
    8000573a:	842a                	mv	s0,a0
    8000573c:	4685                	li	a3,1
    8000573e:	9fb9                	addw	a5,a5,a4
    80005740:	bf85                	j	800056b0 <_vfiprintf_r+0x1a6>
    80005742:	0038                	addi	a4,sp,8
    80005744:	00000697          	auipc	a3,0x0
    80005748:	d5e68693          	addi	a3,a3,-674 # 800054a2 <__sfputs_r>
    8000574c:	864a                	mv	a2,s2
    8000574e:	080c                	addi	a1,sp,16
    80005750:	8552                	mv	a0,s4
    80005752:	00000097          	auipc	ra,0x0
    80005756:	000000e7          	jalr	zero # 0 <__boot_hart>
    8000575a:	89aa                	mv	s3,a0
    8000575c:	fd5518e3          	bne	a0,s5,8000572c <_vfiprintf_r+0x222>
    80005760:	01095783          	lhu	a5,16(s2)
    80005764:	0407f793          	andi	a5,a5,64
    80005768:	ea0798e3          	bnez	a5,80005618 <_vfiprintf_r+0x10e>
    8000576c:	5512                	lw	a0,36(sp)
    8000576e:	b575                	j	8000561a <_vfiprintf_r+0x110>
    80005770:	0038                	addi	a4,sp,8
    80005772:	00000697          	auipc	a3,0x0
    80005776:	d3068693          	addi	a3,a3,-720 # 800054a2 <__sfputs_r>
    8000577a:	864a                	mv	a2,s2
    8000577c:	080c                	addi	a1,sp,16
    8000577e:	8552                	mv	a0,s4
    80005780:	136000ef          	jal	800058b6 <_printf_i>
    80005784:	bfd9                	j	8000575a <_vfiprintf_r+0x250>

0000000080005786 <vfiprintf>:
    80005786:	86b2                	mv	a3,a2
    80005788:	862e                	mv	a2,a1
    8000578a:	85aa                	mv	a1,a0
    8000578c:	00002517          	auipc	a0,0x2
    80005790:	82c53503          	ld	a0,-2004(a0) # 80006fb8 <_impure_ptr>
    80005794:	d77ff06f          	j	8000550a <_vfiprintf_r>

0000000080005798 <_printf_common>:
    80005798:	715d                	addi	sp,sp,-80
    8000579a:	f052                	sd	s4,32(sp)
    8000579c:	ec56                	sd	s5,24(sp)
    8000579e:	8a36                	mv	s4,a3
    800057a0:	8aba                	mv	s5,a4
    800057a2:	4994                	lw	a3,16(a1)
    800057a4:	4598                	lw	a4,8(a1)
    800057a6:	e0a2                	sd	s0,64(sp)
    800057a8:	f84a                	sd	s2,48(sp)
    800057aa:	f44e                	sd	s3,40(sp)
    800057ac:	e486                	sd	ra,72(sp)
    800057ae:	fc26                	sd	s1,56(sp)
    800057b0:	e85a                	sd	s6,16(sp)
    800057b2:	e45e                	sd	s7,8(sp)
    800057b4:	89aa                	mv	s3,a0
    800057b6:	842e                	mv	s0,a1
    800057b8:	8932                	mv	s2,a2
    800057ba:	87ba                	mv	a5,a4
    800057bc:	00e6c363          	blt	a3,a4,800057c2 <_printf_common+0x2a>
    800057c0:	87b6                	mv	a5,a3
    800057c2:	00f92023          	sw	a5,0(s2)
    800057c6:	04344703          	lbu	a4,67(s0)
    800057ca:	c701                	beqz	a4,800057d2 <_printf_common+0x3a>
    800057cc:	2785                	addiw	a5,a5,1
    800057ce:	00f92023          	sw	a5,0(s2)
    800057d2:	401c                	lw	a5,0(s0)
    800057d4:	0207f793          	andi	a5,a5,32
    800057d8:	c791                	beqz	a5,800057e4 <_printf_common+0x4c>
    800057da:	00092783          	lw	a5,0(s2)
    800057de:	2789                	addiw	a5,a5,2
    800057e0:	00f92023          	sw	a5,0(s2)
    800057e4:	4004                	lw	s1,0(s0)
    800057e6:	8899                	andi	s1,s1,6
    800057e8:	e891                	bnez	s1,800057fc <_printf_common+0x64>
    800057ea:	01940b13          	addi	s6,s0,25
    800057ee:	5bfd                	li	s7,-1
    800057f0:	445c                	lw	a5,12(s0)
    800057f2:	00092703          	lw	a4,0(s2)
    800057f6:	9f99                	subw	a5,a5,a4
    800057f8:	06f4c063          	blt	s1,a5,80005858 <_printf_common+0xc0>
    800057fc:	04344783          	lbu	a5,67(s0)
    80005800:	00f03633          	snez	a2,a5
    80005804:	00f036b3          	snez	a3,a5
    80005808:	401c                	lw	a5,0(s0)
    8000580a:	0207f793          	andi	a5,a5,32
    8000580e:	ebb5                	bnez	a5,80005882 <_printf_common+0xea>
    80005810:	04340613          	addi	a2,s0,67
    80005814:	85d2                	mv	a1,s4
    80005816:	854e                	mv	a0,s3
    80005818:	9a82                	jalr	s5
    8000581a:	57fd                	li	a5,-1
    8000581c:	04f50563          	beq	a0,a5,80005866 <_printf_common+0xce>
    80005820:	401c                	lw	a5,0(s0)
    80005822:	4711                	li	a4,4
    80005824:	4481                	li	s1,0
    80005826:	8b99                	andi	a5,a5,6
    80005828:	00e79b63          	bne	a5,a4,8000583e <_printf_common+0xa6>
    8000582c:	00092783          	lw	a5,0(s2)
    80005830:	4444                	lw	s1,12(s0)
    80005832:	9c9d                	subw	s1,s1,a5
    80005834:	02049793          	slli	a5,s1,0x20
    80005838:	0007d363          	bgez	a5,8000583e <_printf_common+0xa6>
    8000583c:	4481                	li	s1,0
    8000583e:	441c                	lw	a5,8(s0)
    80005840:	4818                	lw	a4,16(s0)
    80005842:	00f75463          	bge	a4,a5,8000584a <_printf_common+0xb2>
    80005846:	9f99                	subw	a5,a5,a4
    80005848:	9cbd                	addw	s1,s1,a5
    8000584a:	4901                	li	s2,0
    8000584c:	0469                	addi	s0,s0,26
    8000584e:	5b7d                	li	s6,-1
    80005850:	05249a63          	bne	s1,s2,800058a4 <_printf_common+0x10c>
    80005854:	4501                	li	a0,0
    80005856:	a809                	j	80005868 <_printf_common+0xd0>
    80005858:	4685                	li	a3,1
    8000585a:	865a                	mv	a2,s6
    8000585c:	85d2                	mv	a1,s4
    8000585e:	854e                	mv	a0,s3
    80005860:	9a82                	jalr	s5
    80005862:	01751e63          	bne	a0,s7,8000587e <_printf_common+0xe6>
    80005866:	557d                	li	a0,-1
    80005868:	60a6                	ld	ra,72(sp)
    8000586a:	6406                	ld	s0,64(sp)
    8000586c:	74e2                	ld	s1,56(sp)
    8000586e:	7942                	ld	s2,48(sp)
    80005870:	79a2                	ld	s3,40(sp)
    80005872:	7a02                	ld	s4,32(sp)
    80005874:	6ae2                	ld	s5,24(sp)
    80005876:	6b42                	ld	s6,16(sp)
    80005878:	6ba2                	ld	s7,8(sp)
    8000587a:	6161                	addi	sp,sp,80
    8000587c:	8082                	ret
    8000587e:	2485                	addiw	s1,s1,1
    80005880:	bf85                	j	800057f0 <_printf_common+0x58>
    80005882:	00d407b3          	add	a5,s0,a3
    80005886:	03000693          	li	a3,48
    8000588a:	04d781a3          	sb	a3,67(a5)
    8000588e:	0016071b          	addiw	a4,a2,1
    80005892:	0026069b          	addiw	a3,a2,2
    80005896:	04544603          	lbu	a2,69(s0)
    8000589a:	00e407b3          	add	a5,s0,a4
    8000589e:	04c781a3          	sb	a2,67(a5)
    800058a2:	b7bd                	j	80005810 <_printf_common+0x78>
    800058a4:	4685                	li	a3,1
    800058a6:	8622                	mv	a2,s0
    800058a8:	85d2                	mv	a1,s4
    800058aa:	854e                	mv	a0,s3
    800058ac:	9a82                	jalr	s5
    800058ae:	fb650ce3          	beq	a0,s6,80005866 <_printf_common+0xce>
    800058b2:	2905                	addiw	s2,s2,1
    800058b4:	bf71                	j	80005850 <_printf_common+0xb8>

00000000800058b6 <_printf_i>:
    800058b6:	715d                	addi	sp,sp,-80
    800058b8:	e0a2                	sd	s0,64(sp)
    800058ba:	f84a                	sd	s2,48(sp)
    800058bc:	f44e                	sd	s3,40(sp)
    800058be:	f052                	sd	s4,32(sp)
    800058c0:	e486                	sd	ra,72(sp)
    800058c2:	fc26                	sd	s1,56(sp)
    800058c4:	ec56                	sd	s5,24(sp)
    800058c6:	e85a                	sd	s6,16(sp)
    800058c8:	0185c803          	lbu	a6,24(a1)
    800058cc:	07800793          	li	a5,120
    800058d0:	892a                	mv	s2,a0
    800058d2:	842e                	mv	s0,a1
    800058d4:	89b2                	mv	s3,a2
    800058d6:	8a36                	mv	s4,a3
    800058d8:	0307e263          	bltu	a5,a6,800058fc <_printf_i+0x46>
    800058dc:	06200793          	li	a5,98
    800058e0:	04358693          	addi	a3,a1,67
    800058e4:	0307e163          	bltu	a5,a6,80005906 <_printf_i+0x50>
    800058e8:	1c080663          	beqz	a6,80005ab4 <_printf_i+0x1fe>
    800058ec:	05800793          	li	a5,88
    800058f0:	00001617          	auipc	a2,0x1
    800058f4:	0b860613          	addi	a2,a2,184 # 800069a8 <__tbss_end+0x180>
    800058f8:	14f80a63          	beq	a6,a5,80005a4c <_printf_i+0x196>
    800058fc:	04240493          	addi	s1,s0,66
    80005900:	05040123          	sb	a6,66(s0)
    80005904:	a815                	j	80005938 <_printf_i+0x82>
    80005906:	f9d8079b          	addiw	a5,a6,-99
    8000590a:	0ff7f793          	zext.b	a5,a5
    8000590e:	4655                	li	a2,21
    80005910:	fef666e3          	bltu	a2,a5,800058fc <_printf_i+0x46>
    80005914:	00001617          	auipc	a2,0x1
    80005918:	52c60613          	addi	a2,a2,1324 # 80006e40 <b_ref.0+0x40>
    8000591c:	078a                	slli	a5,a5,0x2
    8000591e:	97b2                	add	a5,a5,a2
    80005920:	439c                	lw	a5,0(a5)
    80005922:	97b2                	add	a5,a5,a2
    80005924:	8782                	jr	a5
    80005926:	631c                	ld	a5,0(a4)
    80005928:	04258493          	addi	s1,a1,66
    8000592c:	00878693          	addi	a3,a5,8
    80005930:	439c                	lw	a5,0(a5)
    80005932:	e314                	sd	a3,0(a4)
    80005934:	04f58123          	sb	a5,66(a1)
    80005938:	4785                	li	a5,1
    8000593a:	aa4d                	j	80005aec <_printf_i+0x236>
    8000593c:	419c                	lw	a5,0(a1)
    8000593e:	6308                	ld	a0,0(a4)
    80005940:	0807f613          	andi	a2,a5,128
    80005944:	00850593          	addi	a1,a0,8
    80005948:	c20d                	beqz	a2,8000596a <_printf_i+0xb4>
    8000594a:	611c                	ld	a5,0(a0)
    8000594c:	e30c                	sd	a1,0(a4)
    8000594e:	0007d863          	bgez	a5,8000595e <_printf_i+0xa8>
    80005952:	02d00713          	li	a4,45
    80005956:	40f007b3          	neg	a5,a5
    8000595a:	04e401a3          	sb	a4,67(s0)
    8000595e:	00001617          	auipc	a2,0x1
    80005962:	04a60613          	addi	a2,a2,74 # 800069a8 <__tbss_end+0x180>
    80005966:	4829                	li	a6,10
    80005968:	a83d                	j	800059a6 <_printf_i+0xf0>
    8000596a:	0407f613          	andi	a2,a5,64
    8000596e:	411c                	lw	a5,0(a0)
    80005970:	e30c                	sd	a1,0(a4)
    80005972:	de71                	beqz	a2,8000594e <_printf_i+0x98>
    80005974:	0107979b          	slliw	a5,a5,0x10
    80005978:	4107d79b          	sraiw	a5,a5,0x10
    8000597c:	bfc9                	j	8000594e <_printf_i+0x98>
    8000597e:	4190                	lw	a2,0(a1)
    80005980:	631c                	ld	a5,0(a4)
    80005982:	08067513          	andi	a0,a2,128
    80005986:	00878593          	addi	a1,a5,8
    8000598a:	cd41                	beqz	a0,80005a22 <_printf_i+0x16c>
    8000598c:	639c                	ld	a5,0(a5)
    8000598e:	e30c                	sd	a1,0(a4)
    80005990:	06f00713          	li	a4,111
    80005994:	00001617          	auipc	a2,0x1
    80005998:	01460613          	addi	a2,a2,20 # 800069a8 <__tbss_end+0x180>
    8000599c:	0ee81e63          	bne	a6,a4,80005a98 <_printf_i+0x1e2>
    800059a0:	4821                	li	a6,8
    800059a2:	040401a3          	sb	zero,67(s0)
    800059a6:	4058                	lw	a4,4(s0)
    800059a8:	c418                	sw	a4,8(s0)
    800059aa:	00074563          	bltz	a4,800059b4 <_printf_i+0xfe>
    800059ae:	400c                	lw	a1,0(s0)
    800059b0:	99ed                	andi	a1,a1,-5
    800059b2:	c00c                	sw	a1,0(s0)
    800059b4:	e399                	bnez	a5,800059ba <_printf_i+0x104>
    800059b6:	84b6                	mv	s1,a3
    800059b8:	cf19                	beqz	a4,800059d6 <_printf_i+0x120>
    800059ba:	84b6                	mv	s1,a3
    800059bc:	0307f733          	remu	a4,a5,a6
    800059c0:	14fd                	addi	s1,s1,-1
    800059c2:	9732                	add	a4,a4,a2
    800059c4:	00074703          	lbu	a4,0(a4)
    800059c8:	00e48023          	sb	a4,0(s1)
    800059cc:	873e                	mv	a4,a5
    800059ce:	0307d7b3          	divu	a5,a5,a6
    800059d2:	ff0775e3          	bgeu	a4,a6,800059bc <_printf_i+0x106>
    800059d6:	47a1                	li	a5,8
    800059d8:	00f81e63          	bne	a6,a5,800059f4 <_printf_i+0x13e>
    800059dc:	401c                	lw	a5,0(s0)
    800059de:	8b85                	andi	a5,a5,1
    800059e0:	cb91                	beqz	a5,800059f4 <_printf_i+0x13e>
    800059e2:	4058                	lw	a4,4(s0)
    800059e4:	481c                	lw	a5,16(s0)
    800059e6:	00e7c763          	blt	a5,a4,800059f4 <_printf_i+0x13e>
    800059ea:	03000793          	li	a5,48
    800059ee:	fef48fa3          	sb	a5,-1(s1)
    800059f2:	14fd                	addi	s1,s1,-1
    800059f4:	8e85                	sub	a3,a3,s1
    800059f6:	c814                	sw	a3,16(s0)
    800059f8:	8752                	mv	a4,s4
    800059fa:	86ce                	mv	a3,s3
    800059fc:	0070                	addi	a2,sp,12
    800059fe:	85a2                	mv	a1,s0
    80005a00:	854a                	mv	a0,s2
    80005a02:	d97ff0ef          	jal	80005798 <_printf_common>
    80005a06:	5afd                	li	s5,-1
    80005a08:	0f551663          	bne	a0,s5,80005af4 <_printf_i+0x23e>
    80005a0c:	557d                	li	a0,-1
    80005a0e:	60a6                	ld	ra,72(sp)
    80005a10:	6406                	ld	s0,64(sp)
    80005a12:	74e2                	ld	s1,56(sp)
    80005a14:	7942                	ld	s2,48(sp)
    80005a16:	79a2                	ld	s3,40(sp)
    80005a18:	7a02                	ld	s4,32(sp)
    80005a1a:	6ae2                	ld	s5,24(sp)
    80005a1c:	6b42                	ld	s6,16(sp)
    80005a1e:	6161                	addi	sp,sp,80
    80005a20:	8082                	ret
    80005a22:	439c                	lw	a5,0(a5)
    80005a24:	04067613          	andi	a2,a2,64
    80005a28:	e30c                	sd	a1,0(a4)
    80005a2a:	c601                	beqz	a2,80005a32 <_printf_i+0x17c>
    80005a2c:	17c2                	slli	a5,a5,0x30
    80005a2e:	93c1                	srli	a5,a5,0x30
    80005a30:	b785                	j	80005990 <_printf_i+0xda>
    80005a32:	1782                	slli	a5,a5,0x20
    80005a34:	9381                	srli	a5,a5,0x20
    80005a36:	bfa9                	j	80005990 <_printf_i+0xda>
    80005a38:	419c                	lw	a5,0(a1)
    80005a3a:	0a07e793          	ori	a5,a5,160
    80005a3e:	c19c                	sw	a5,0(a1)
    80005a40:	07800813          	li	a6,120
    80005a44:	00001617          	auipc	a2,0x1
    80005a48:	f7c60613          	addi	a2,a2,-132 # 800069c0 <__tbss_end+0x198>
    80005a4c:	050402a3          	sb	a6,69(s0)
    80005a50:	400c                	lw	a1,0(s0)
    80005a52:	631c                	ld	a5,0(a4)
    80005a54:	0805f813          	andi	a6,a1,128
    80005a58:	00878513          	addi	a0,a5,8
    80005a5c:	00080d63          	beqz	a6,80005a76 <_printf_i+0x1c0>
    80005a60:	639c                	ld	a5,0(a5)
    80005a62:	e308                	sd	a0,0(a4)
    80005a64:	0015f713          	andi	a4,a1,1
    80005a68:	c701                	beqz	a4,80005a70 <_printf_i+0x1ba>
    80005a6a:	0205e593          	ori	a1,a1,32
    80005a6e:	c00c                	sw	a1,0(s0)
    80005a70:	cf99                	beqz	a5,80005a8e <_printf_i+0x1d8>
    80005a72:	4841                	li	a6,16
    80005a74:	b73d                	j	800059a2 <_printf_i+0xec>
    80005a76:	439c                	lw	a5,0(a5)
    80005a78:	0405f813          	andi	a6,a1,64
    80005a7c:	e308                	sd	a0,0(a4)
    80005a7e:	00080563          	beqz	a6,80005a88 <_printf_i+0x1d2>
    80005a82:	17c2                	slli	a5,a5,0x30
    80005a84:	93c1                	srli	a5,a5,0x30
    80005a86:	bff9                	j	80005a64 <_printf_i+0x1ae>
    80005a88:	1782                	slli	a5,a5,0x20
    80005a8a:	9381                	srli	a5,a5,0x20
    80005a8c:	bfe1                	j	80005a64 <_printf_i+0x1ae>
    80005a8e:	4018                	lw	a4,0(s0)
    80005a90:	fdf77713          	andi	a4,a4,-33
    80005a94:	c018                	sw	a4,0(s0)
    80005a96:	bff1                	j	80005a72 <_printf_i+0x1bc>
    80005a98:	4829                	li	a6,10
    80005a9a:	b721                	j	800059a2 <_printf_i+0xec>
    80005a9c:	4190                	lw	a2,0(a1)
    80005a9e:	631c                	ld	a5,0(a4)
    80005aa0:	49cc                	lw	a1,20(a1)
    80005aa2:	08067813          	andi	a6,a2,128
    80005aa6:	00878513          	addi	a0,a5,8
    80005aaa:	00080963          	beqz	a6,80005abc <_printf_i+0x206>
    80005aae:	e308                	sd	a0,0(a4)
    80005ab0:	639c                	ld	a5,0(a5)
    80005ab2:	e38c                	sd	a1,0(a5)
    80005ab4:	00042823          	sw	zero,16(s0)
    80005ab8:	84b6                	mv	s1,a3
    80005aba:	bf3d                	j	800059f8 <_printf_i+0x142>
    80005abc:	e308                	sd	a0,0(a4)
    80005abe:	04067613          	andi	a2,a2,64
    80005ac2:	639c                	ld	a5,0(a5)
    80005ac4:	c601                	beqz	a2,80005acc <_printf_i+0x216>
    80005ac6:	00b79023          	sh	a1,0(a5)
    80005aca:	b7ed                	j	80005ab4 <_printf_i+0x1fe>
    80005acc:	c38c                	sw	a1,0(a5)
    80005ace:	b7dd                	j	80005ab4 <_printf_i+0x1fe>
    80005ad0:	631c                	ld	a5,0(a4)
    80005ad2:	41d0                	lw	a2,4(a1)
    80005ad4:	4581                	li	a1,0
    80005ad6:	00878693          	addi	a3,a5,8
    80005ada:	e314                	sd	a3,0(a4)
    80005adc:	6384                	ld	s1,0(a5)
    80005ade:	8526                	mv	a0,s1
    80005ae0:	654000ef          	jal	80006134 <memchr>
    80005ae4:	c119                	beqz	a0,80005aea <_printf_i+0x234>
    80005ae6:	8d05                	sub	a0,a0,s1
    80005ae8:	c048                	sw	a0,4(s0)
    80005aea:	405c                	lw	a5,4(s0)
    80005aec:	c81c                	sw	a5,16(s0)
    80005aee:	040401a3          	sb	zero,67(s0)
    80005af2:	b719                	j	800059f8 <_printf_i+0x142>
    80005af4:	4814                	lw	a3,16(s0)
    80005af6:	8626                	mv	a2,s1
    80005af8:	85ce                	mv	a1,s3
    80005afa:	854a                	mv	a0,s2
    80005afc:	9a02                	jalr	s4
    80005afe:	f15507e3          	beq	a0,s5,80005a0c <_printf_i+0x156>
    80005b02:	401c                	lw	a5,0(s0)
    80005b04:	8b89                	andi	a5,a5,2
    80005b06:	eb85                	bnez	a5,80005b36 <_printf_i+0x280>
    80005b08:	4458                	lw	a4,12(s0)
    80005b0a:	47b2                	lw	a5,12(sp)
    80005b0c:	0007051b          	sext.w	a0,a4
    80005b10:	eef75fe3          	bge	a4,a5,80005a0e <_printf_i+0x158>
    80005b14:	0007851b          	sext.w	a0,a5
    80005b18:	bddd                	j	80005a0e <_printf_i+0x158>
    80005b1a:	4685                	li	a3,1
    80005b1c:	8656                	mv	a2,s5
    80005b1e:	85ce                	mv	a1,s3
    80005b20:	854a                	mv	a0,s2
    80005b22:	9a02                	jalr	s4
    80005b24:	ef6504e3          	beq	a0,s6,80005a0c <_printf_i+0x156>
    80005b28:	2485                	addiw	s1,s1,1
    80005b2a:	445c                	lw	a5,12(s0)
    80005b2c:	4732                	lw	a4,12(sp)
    80005b2e:	9f99                	subw	a5,a5,a4
    80005b30:	fef4c5e3          	blt	s1,a5,80005b1a <_printf_i+0x264>
    80005b34:	bfd1                	j	80005b08 <_printf_i+0x252>
    80005b36:	4481                	li	s1,0
    80005b38:	01940a93          	addi	s5,s0,25
    80005b3c:	5b7d                	li	s6,-1
    80005b3e:	b7f5                	j	80005b2a <_printf_i+0x274>

0000000080005b40 <__sflush_r>:
    80005b40:	01059783          	lh	a5,16(a1)
    80005b44:	7179                	addi	sp,sp,-48
    80005b46:	f022                	sd	s0,32(sp)
    80005b48:	ec26                	sd	s1,24(sp)
    80005b4a:	f406                	sd	ra,40(sp)
    80005b4c:	e84a                	sd	s2,16(sp)
    80005b4e:	e44e                	sd	s3,8(sp)
    80005b50:	0087f713          	andi	a4,a5,8
    80005b54:	84aa                	mv	s1,a0
    80005b56:	842e                	mv	s0,a1
    80005b58:	eb69                	bnez	a4,80005c2a <__sflush_r+0xea>
    80005b5a:	4598                	lw	a4,8(a1)
    80005b5c:	00e04563          	bgtz	a4,80005b66 <__sflush_r+0x26>
    80005b60:	5db8                	lw	a4,120(a1)
    80005b62:	0ae05b63          	blez	a4,80005c18 <__sflush_r+0xd8>
    80005b66:	6838                	ld	a4,80(s0)
    80005b68:	cb45                	beqz	a4,80005c18 <__sflush_r+0xd8>
    80005b6a:	0004a903          	lw	s2,0(s1)
    80005b6e:	03379693          	slli	a3,a5,0x33
    80005b72:	0004a023          	sw	zero,0(s1)
    80005b76:	7c0c                	ld	a1,56(s0)
    80005b78:	0606de63          	bgez	a3,80005bf4 <__sflush_r+0xb4>
    80005b7c:	6c50                	ld	a2,152(s0)
    80005b7e:	01045783          	lhu	a5,16(s0)
    80005b82:	8b91                	andi	a5,a5,4
    80005b84:	c799                	beqz	a5,80005b92 <__sflush_r+0x52>
    80005b86:	441c                	lw	a5,8(s0)
    80005b88:	8e1d                	sub	a2,a2,a5
    80005b8a:	703c                	ld	a5,96(s0)
    80005b8c:	c399                	beqz	a5,80005b92 <__sflush_r+0x52>
    80005b8e:	5c3c                	lw	a5,120(s0)
    80005b90:	8e1d                	sub	a2,a2,a5
    80005b92:	683c                	ld	a5,80(s0)
    80005b94:	7c0c                	ld	a1,56(s0)
    80005b96:	4681                	li	a3,0
    80005b98:	8526                	mv	a0,s1
    80005b9a:	9782                	jalr	a5
    80005b9c:	577d                	li	a4,-1
    80005b9e:	01045783          	lhu	a5,16(s0)
    80005ba2:	00e51d63          	bne	a0,a4,80005bbc <__sflush_r+0x7c>
    80005ba6:	4094                	lw	a3,0(s1)
    80005ba8:	4775                	li	a4,29
    80005baa:	06d76963          	bltu	a4,a3,80005c1c <__sflush_r+0xdc>
    80005bae:	20400737          	lui	a4,0x20400
    80005bb2:	0705                	addi	a4,a4,1 # 20400001 <__heap_size+0x203e0001>
    80005bb4:	00d75733          	srl	a4,a4,a3
    80005bb8:	8b05                	andi	a4,a4,1
    80005bba:	c32d                	beqz	a4,80005c1c <__sflush_r+0xdc>
    80005bbc:	6c18                	ld	a4,24(s0)
    80005bbe:	00042423          	sw	zero,8(s0)
    80005bc2:	e018                	sd	a4,0(s0)
    80005bc4:	03379713          	slli	a4,a5,0x33
    80005bc8:	00075863          	bgez	a4,80005bd8 <__sflush_r+0x98>
    80005bcc:	57fd                	li	a5,-1
    80005bce:	00f51463          	bne	a0,a5,80005bd6 <__sflush_r+0x96>
    80005bd2:	409c                	lw	a5,0(s1)
    80005bd4:	e391                	bnez	a5,80005bd8 <__sflush_r+0x98>
    80005bd6:	ec48                	sd	a0,152(s0)
    80005bd8:	702c                	ld	a1,96(s0)
    80005bda:	0124a023          	sw	s2,0(s1)
    80005bde:	cd8d                	beqz	a1,80005c18 <__sflush_r+0xd8>
    80005be0:	07c40793          	addi	a5,s0,124
    80005be4:	00f58563          	beq	a1,a5,80005bee <__sflush_r+0xae>
    80005be8:	8526                	mv	a0,s1
    80005bea:	feaff0ef          	jal	800053d4 <_free_r>
    80005bee:	06043023          	sd	zero,96(s0)
    80005bf2:	a01d                	j	80005c18 <__sflush_r+0xd8>
    80005bf4:	4601                	li	a2,0
    80005bf6:	4685                	li	a3,1
    80005bf8:	8526                	mv	a0,s1
    80005bfa:	9702                	jalr	a4
    80005bfc:	57fd                	li	a5,-1
    80005bfe:	862a                	mv	a2,a0
    80005c00:	f6f51fe3          	bne	a0,a5,80005b7e <__sflush_r+0x3e>
    80005c04:	409c                	lw	a5,0(s1)
    80005c06:	dfa5                	beqz	a5,80005b7e <__sflush_r+0x3e>
    80005c08:	4775                	li	a4,29
    80005c0a:	00e78563          	beq	a5,a4,80005c14 <__sflush_r+0xd4>
    80005c0e:	4759                	li	a4,22
    80005c10:	04e79663          	bne	a5,a4,80005c5c <__sflush_r+0x11c>
    80005c14:	0124a023          	sw	s2,0(s1)
    80005c18:	4501                	li	a0,0
    80005c1a:	a881                	j	80005c6a <__sflush_r+0x12a>
    80005c1c:	0407e793          	ori	a5,a5,64
    80005c20:	0107979b          	slliw	a5,a5,0x10
    80005c24:	4107d79b          	sraiw	a5,a5,0x10
    80005c28:	a835                	j	80005c64 <__sflush_r+0x124>
    80005c2a:	0185b983          	ld	s3,24(a1)
    80005c2e:	fe0985e3          	beqz	s3,80005c18 <__sflush_r+0xd8>
    80005c32:	0005b903          	ld	s2,0(a1)
    80005c36:	8b8d                	andi	a5,a5,3
    80005c38:	0135b023          	sd	s3,0(a1)
    80005c3c:	4139093b          	subw	s2,s2,s3
    80005c40:	4701                	li	a4,0
    80005c42:	e391                	bnez	a5,80005c46 <__sflush_r+0x106>
    80005c44:	5198                	lw	a4,32(a1)
    80005c46:	c458                	sw	a4,12(s0)
    80005c48:	fd2058e3          	blez	s2,80005c18 <__sflush_r+0xd8>
    80005c4c:	643c                	ld	a5,72(s0)
    80005c4e:	7c0c                	ld	a1,56(s0)
    80005c50:	86ca                	mv	a3,s2
    80005c52:	864e                	mv	a2,s3
    80005c54:	8526                	mv	a0,s1
    80005c56:	9782                	jalr	a5
    80005c58:	02a04063          	bgtz	a0,80005c78 <__sflush_r+0x138>
    80005c5c:	01041783          	lh	a5,16(s0)
    80005c60:	0407e793          	ori	a5,a5,64
    80005c64:	00f41823          	sh	a5,16(s0)
    80005c68:	557d                	li	a0,-1
    80005c6a:	70a2                	ld	ra,40(sp)
    80005c6c:	7402                	ld	s0,32(sp)
    80005c6e:	64e2                	ld	s1,24(sp)
    80005c70:	6942                	ld	s2,16(sp)
    80005c72:	69a2                	ld	s3,8(sp)
    80005c74:	6145                	addi	sp,sp,48
    80005c76:	8082                	ret
    80005c78:	99aa                	add	s3,s3,a0
    80005c7a:	40a9093b          	subw	s2,s2,a0
    80005c7e:	b7e9                	j	80005c48 <__sflush_r+0x108>

0000000080005c80 <_fflush_r>:
    80005c80:	6d9c                	ld	a5,24(a1)
    80005c82:	cb95                	beqz	a5,80005cb6 <_fflush_r+0x36>
    80005c84:	1101                	addi	sp,sp,-32
    80005c86:	e822                	sd	s0,16(sp)
    80005c88:	ec06                	sd	ra,24(sp)
    80005c8a:	842a                	mv	s0,a0
    80005c8c:	c519                	beqz	a0,80005c9a <_fflush_r+0x1a>
    80005c8e:	613c                	ld	a5,64(a0)
    80005c90:	e789                	bnez	a5,80005c9a <_fflush_r+0x1a>
    80005c92:	e42e                	sd	a1,8(sp)
    80005c94:	b38ff0ef          	jal	80004fcc <__sinit>
    80005c98:	65a2                	ld	a1,8(sp)
    80005c9a:	01059783          	lh	a5,16(a1)
    80005c9e:	c799                	beqz	a5,80005cac <_fflush_r+0x2c>
    80005ca0:	8522                	mv	a0,s0
    80005ca2:	6442                	ld	s0,16(sp)
    80005ca4:	60e2                	ld	ra,24(sp)
    80005ca6:	6105                	addi	sp,sp,32
    80005ca8:	e99ff06f          	j	80005b40 <__sflush_r>
    80005cac:	60e2                	ld	ra,24(sp)
    80005cae:	6442                	ld	s0,16(sp)
    80005cb0:	4501                	li	a0,0
    80005cb2:	6105                	addi	sp,sp,32
    80005cb4:	8082                	ret
    80005cb6:	4501                	li	a0,0
    80005cb8:	8082                	ret

0000000080005cba <fflush>:
    80005cba:	85aa                	mv	a1,a0
    80005cbc:	ed19                	bnez	a0,80005cda <fflush+0x20>
    80005cbe:	00001617          	auipc	a2,0x1
    80005cc2:	25260613          	addi	a2,a2,594 # 80006f10 <__sglue>
    80005cc6:	00000597          	auipc	a1,0x0
    80005cca:	fba58593          	addi	a1,a1,-70 # 80005c80 <_fflush_r>
    80005cce:	00001517          	auipc	a0,0x1
    80005cd2:	25a50513          	addi	a0,a0,602 # 80006f28 <_impure_data>
    80005cd6:	b80ff06f          	j	80005056 <_fwalk_sglue>
    80005cda:	00001517          	auipc	a0,0x1
    80005cde:	2de53503          	ld	a0,734(a0) # 80006fb8 <_impure_ptr>
    80005ce2:	bf79                	j	80005c80 <_fflush_r>

0000000080005ce4 <__sfvwrite_r>:
    80005ce4:	6a1c                	ld	a5,16(a2)
    80005ce6:	e399                	bnez	a5,80005cec <__sfvwrite_r+0x8>
    80005ce8:	4501                	li	a0,0
    80005cea:	8082                	ret
    80005cec:	0105d783          	lhu	a5,16(a1)
    80005cf0:	7159                	addi	sp,sp,-112
    80005cf2:	f0a2                	sd	s0,96(sp)
    80005cf4:	e8ca                	sd	s2,80(sp)
    80005cf6:	e0d2                	sd	s4,64(sp)
    80005cf8:	f486                	sd	ra,104(sp)
    80005cfa:	eca6                	sd	s1,88(sp)
    80005cfc:	e4ce                	sd	s3,72(sp)
    80005cfe:	fc56                	sd	s5,56(sp)
    80005d00:	f85a                	sd	s6,48(sp)
    80005d02:	f45e                	sd	s7,40(sp)
    80005d04:	f062                	sd	s8,32(sp)
    80005d06:	ec66                	sd	s9,24(sp)
    80005d08:	e86a                	sd	s10,16(sp)
    80005d0a:	e46e                	sd	s11,8(sp)
    80005d0c:	8ba1                	andi	a5,a5,8
    80005d0e:	892a                	mv	s2,a0
    80005d10:	842e                	mv	s0,a1
    80005d12:	8a32                	mv	s4,a2
    80005d14:	cfc1                	beqz	a5,80005dac <__sfvwrite_r+0xc8>
    80005d16:	6d9c                	ld	a5,24(a1)
    80005d18:	cbd1                	beqz	a5,80005dac <__sfvwrite_r+0xc8>
    80005d1a:	01041783          	lh	a5,16(s0)
    80005d1e:	000a3983          	ld	s3,0(s4)
    80005d22:	0027f713          	andi	a4,a5,2
    80005d26:	e765                	bnez	a4,80005e0e <__sfvwrite_r+0x12a>
    80005d28:	8b85                	andi	a5,a5,1
    80005d2a:	4a81                	li	s5,0
    80005d2c:	16078063          	beqz	a5,80005e8c <__sfvwrite_r+0x1a8>
    80005d30:	4501                	li	a0,0
    80005d32:	4b81                	li	s7,0
    80005d34:	4b01                	li	s6,0
    80005d36:	240b0063          	beqz	s6,80005f76 <__sfvwrite_r+0x292>
    80005d3a:	e919                	bnez	a0,80005d50 <__sfvwrite_r+0x6c>
    80005d3c:	865a                	mv	a2,s6
    80005d3e:	45a9                	li	a1,10
    80005d40:	855e                	mv	a0,s7
    80005d42:	3f2000ef          	jal	80006134 <memchr>
    80005d46:	22050f63          	beqz	a0,80005f84 <__sfvwrite_r+0x2a0>
    80005d4a:	0505                	addi	a0,a0,1
    80005d4c:	41750abb          	subw	s5,a0,s7
    80005d50:	8c56                	mv	s8,s5
    80005d52:	015b7363          	bgeu	s6,s5,80005d58 <__sfvwrite_r+0x74>
    80005d56:	8c5a                	mv	s8,s6
    80005d58:	6008                	ld	a0,0(s0)
    80005d5a:	6c1c                	ld	a5,24(s0)
    80005d5c:	4444                	lw	s1,12(s0)
    80005d5e:	5014                	lw	a3,32(s0)
    80005d60:	22a7f563          	bgeu	a5,a0,80005f8a <__sfvwrite_r+0x2a6>
    80005d64:	9cb5                	addw	s1,s1,a3
    80005d66:	2384d263          	bge	s1,s8,80005f8a <__sfvwrite_r+0x2a6>
    80005d6a:	85de                	mv	a1,s7
    80005d6c:	8626                	mv	a2,s1
    80005d6e:	578000ef          	jal	800062e6 <memmove>
    80005d72:	601c                	ld	a5,0(s0)
    80005d74:	85a2                	mv	a1,s0
    80005d76:	854a                	mv	a0,s2
    80005d78:	97a6                	add	a5,a5,s1
    80005d7a:	e01c                	sd	a5,0(s0)
    80005d7c:	f05ff0ef          	jal	80005c80 <_fflush_r>
    80005d80:	0e051f63          	bnez	a0,80005e7e <__sfvwrite_r+0x19a>
    80005d84:	409a8abb          	subw	s5,s5,s1
    80005d88:	4505                	li	a0,1
    80005d8a:	000a9763          	bnez	s5,80005d98 <__sfvwrite_r+0xb4>
    80005d8e:	85a2                	mv	a1,s0
    80005d90:	854a                	mv	a0,s2
    80005d92:	eefff0ef          	jal	80005c80 <_fflush_r>
    80005d96:	e565                	bnez	a0,80005e7e <__sfvwrite_r+0x19a>
    80005d98:	010a3783          	ld	a5,16(s4)
    80005d9c:	9ba6                	add	s7,s7,s1
    80005d9e:	409b0b33          	sub	s6,s6,s1
    80005da2:	8f85                	sub	a5,a5,s1
    80005da4:	00fa3823          	sd	a5,16(s4)
    80005da8:	f7d9                	bnez	a5,80005d36 <__sfvwrite_r+0x52>
    80005daa:	a091                	j	80005dee <__sfvwrite_r+0x10a>
    80005dac:	85a2                	mv	a1,s0
    80005dae:	854a                	mv	a0,s2
    80005db0:	2b6000ef          	jal	80006066 <__swsetup_r>
    80005db4:	d13d                	beqz	a0,80005d1a <__sfvwrite_r+0x36>
    80005db6:	557d                	li	a0,-1
    80005db8:	a825                	j	80005df0 <__sfvwrite_r+0x10c>
    80005dba:	0009ba83          	ld	s5,0(s3)
    80005dbe:	0089b483          	ld	s1,8(s3)
    80005dc2:	09c1                	addi	s3,s3,16
    80005dc4:	643c                	ld	a5,72(s0)
    80005dc6:	7c0c                	ld	a1,56(s0)
    80005dc8:	d8ed                	beqz	s1,80005dba <__sfvwrite_r+0xd6>
    80005dca:	86a6                	mv	a3,s1
    80005dcc:	009b7363          	bgeu	s6,s1,80005dd2 <__sfvwrite_r+0xee>
    80005dd0:	86da                	mv	a3,s6
    80005dd2:	2681                	sext.w	a3,a3
    80005dd4:	8656                	mv	a2,s5
    80005dd6:	854a                	mv	a0,s2
    80005dd8:	9782                	jalr	a5
    80005dda:	0aa05263          	blez	a0,80005e7e <__sfvwrite_r+0x19a>
    80005dde:	010a3783          	ld	a5,16(s4)
    80005de2:	9aaa                	add	s5,s5,a0
    80005de4:	8c89                	sub	s1,s1,a0
    80005de6:	8f89                	sub	a5,a5,a0
    80005de8:	00fa3823          	sd	a5,16(s4)
    80005dec:	ffe1                	bnez	a5,80005dc4 <__sfvwrite_r+0xe0>
    80005dee:	4501                	li	a0,0
    80005df0:	70a6                	ld	ra,104(sp)
    80005df2:	7406                	ld	s0,96(sp)
    80005df4:	64e6                	ld	s1,88(sp)
    80005df6:	6946                	ld	s2,80(sp)
    80005df8:	69a6                	ld	s3,72(sp)
    80005dfa:	6a06                	ld	s4,64(sp)
    80005dfc:	7ae2                	ld	s5,56(sp)
    80005dfe:	7b42                	ld	s6,48(sp)
    80005e00:	7ba2                	ld	s7,40(sp)
    80005e02:	7c02                	ld	s8,32(sp)
    80005e04:	6ce2                	ld	s9,24(sp)
    80005e06:	6d42                	ld	s10,16(sp)
    80005e08:	6da2                	ld	s11,8(sp)
    80005e0a:	6165                	addi	sp,sp,112
    80005e0c:	8082                	ret
    80005e0e:	80000b37          	lui	s6,0x80000
    80005e12:	4a81                	li	s5,0
    80005e14:	4481                	li	s1,0
    80005e16:	c00b4b13          	xori	s6,s6,-1024
    80005e1a:	b76d                	j	80005dc4 <__sfvwrite_r+0xe0>
    80005e1c:	0009ba83          	ld	s5,0(s3)
    80005e20:	0089bc83          	ld	s9,8(s3)
    80005e24:	09c1                	addi	s3,s3,16
    80005e26:	4444                	lw	s1,12(s0)
    80005e28:	01041783          	lh	a5,16(s0)
    80005e2c:	6008                	ld	a0,0(s0)
    80005e2e:	8d26                	mv	s10,s1
    80005e30:	fe0c86e3          	beqz	s9,80005e1c <__sfvwrite_r+0x138>
    80005e34:	2007f713          	andi	a4,a5,512
    80005e38:	c37d                	beqz	a4,80005f1e <__sfvwrite_r+0x23a>
    80005e3a:	089ce763          	bltu	s9,s1,80005ec8 <__sfvwrite_r+0x1e4>
    80005e3e:	4807f713          	andi	a4,a5,1152
    80005e42:	c359                	beqz	a4,80005ec8 <__sfvwrite_r+0x1e4>
    80005e44:	5004                	lw	s1,32(s0)
    80005e46:	6c0c                	ld	a1,24(s0)
    80005e48:	029b84bb          	mulw	s1,s7,s1
    80005e4c:	8d0d                	sub	a0,a0,a1
    80005e4e:	00050d9b          	sext.w	s11,a0
    80005e52:	001d8713          	addi	a4,s11,1
    80005e56:	9766                	add	a4,a4,s9
    80005e58:	0384c4bb          	divw	s1,s1,s8
    80005e5c:	00e4f563          	bgeu	s1,a4,80005e66 <__sfvwrite_r+0x182>
    80005e60:	2505                	addiw	a0,a0,1
    80005e62:	019504bb          	addw	s1,a0,s9
    80005e66:	4007f793          	andi	a5,a5,1024
    80005e6a:	cbc9                	beqz	a5,80005efc <__sfvwrite_r+0x218>
    80005e6c:	85a6                	mv	a1,s1
    80005e6e:	854a                	mv	a0,s2
    80005e70:	e71fe0ef          	jal	80004ce0 <_malloc_r>
    80005e74:	8d2a                	mv	s10,a0
    80005e76:	e11d                	bnez	a0,80005e9c <__sfvwrite_r+0x1b8>
    80005e78:	47b1                	li	a5,12
    80005e7a:	00f92023          	sw	a5,0(s2)
    80005e7e:	01045783          	lhu	a5,16(s0)
    80005e82:	0407e793          	ori	a5,a5,64
    80005e86:	00f41823          	sh	a5,16(s0)
    80005e8a:	b735                	j	80005db6 <__sfvwrite_r+0xd2>
    80005e8c:	80000b37          	lui	s6,0x80000
    80005e90:	4c81                	li	s9,0
    80005e92:	fffb4b13          	not	s6,s6
    80005e96:	4b8d                	li	s7,3
    80005e98:	4c09                	li	s8,2
    80005e9a:	b771                	j	80005e26 <__sfvwrite_r+0x142>
    80005e9c:	6c0c                	ld	a1,24(s0)
    80005e9e:	866e                	mv	a2,s11
    80005ea0:	d0eff0ef          	jal	800053ae <memcpy>
    80005ea4:	01045783          	lhu	a5,16(s0)
    80005ea8:	b7f7f793          	andi	a5,a5,-1153
    80005eac:	0807e793          	ori	a5,a5,128
    80005eb0:	00f41823          	sh	a5,16(s0)
    80005eb4:	01a43c23          	sd	s10,24(s0)
    80005eb8:	d004                	sw	s1,32(s0)
    80005eba:	9d6e                	add	s10,s10,s11
    80005ebc:	41b484bb          	subw	s1,s1,s11
    80005ec0:	01a43023          	sd	s10,0(s0)
    80005ec4:	c444                	sw	s1,12(s0)
    80005ec6:	8d66                	mv	s10,s9
    80005ec8:	84e6                	mv	s1,s9
    80005eca:	01acf363          	bgeu	s9,s10,80005ed0 <__sfvwrite_r+0x1ec>
    80005ece:	8d66                	mv	s10,s9
    80005ed0:	6008                	ld	a0,0(s0)
    80005ed2:	866a                	mv	a2,s10
    80005ed4:	85d6                	mv	a1,s5
    80005ed6:	410000ef          	jal	800062e6 <memmove>
    80005eda:	445c                	lw	a5,12(s0)
    80005edc:	41a787bb          	subw	a5,a5,s10
    80005ee0:	c45c                	sw	a5,12(s0)
    80005ee2:	601c                	ld	a5,0(s0)
    80005ee4:	97ea                	add	a5,a5,s10
    80005ee6:	e01c                	sd	a5,0(s0)
    80005ee8:	010a3783          	ld	a5,16(s4)
    80005eec:	9aa6                	add	s5,s5,s1
    80005eee:	409c8cb3          	sub	s9,s9,s1
    80005ef2:	8f85                	sub	a5,a5,s1
    80005ef4:	00fa3823          	sd	a5,16(s4)
    80005ef8:	f79d                	bnez	a5,80005e26 <__sfvwrite_r+0x142>
    80005efa:	bdd5                	j	80005dee <__sfvwrite_r+0x10a>
    80005efc:	8626                	mv	a2,s1
    80005efe:	854a                	mv	a0,s2
    80005f00:	40c000ef          	jal	8000630c <_realloc_r>
    80005f04:	8d2a                	mv	s10,a0
    80005f06:	f55d                	bnez	a0,80005eb4 <__sfvwrite_r+0x1d0>
    80005f08:	6c0c                	ld	a1,24(s0)
    80005f0a:	854a                	mv	a0,s2
    80005f0c:	cc8ff0ef          	jal	800053d4 <_free_r>
    80005f10:	01045783          	lhu	a5,16(s0)
    80005f14:	f7f7f793          	andi	a5,a5,-129
    80005f18:	00f41823          	sh	a5,16(s0)
    80005f1c:	bfb1                	j	80005e78 <__sfvwrite_r+0x194>
    80005f1e:	6c1c                	ld	a5,24(s0)
    80005f20:	00a7e563          	bltu	a5,a0,80005f2a <__sfvwrite_r+0x246>
    80005f24:	5014                	lw	a3,32(s0)
    80005f26:	02dcf763          	bgeu	s9,a3,80005f54 <__sfvwrite_r+0x270>
    80005f2a:	009cf363          	bgeu	s9,s1,80005f30 <__sfvwrite_r+0x24c>
    80005f2e:	84e6                	mv	s1,s9
    80005f30:	8626                	mv	a2,s1
    80005f32:	85d6                	mv	a1,s5
    80005f34:	3b2000ef          	jal	800062e6 <memmove>
    80005f38:	445c                	lw	a5,12(s0)
    80005f3a:	4097873b          	subw	a4,a5,s1
    80005f3e:	601c                	ld	a5,0(s0)
    80005f40:	c458                	sw	a4,12(s0)
    80005f42:	97a6                	add	a5,a5,s1
    80005f44:	e01c                	sd	a5,0(s0)
    80005f46:	f34d                	bnez	a4,80005ee8 <__sfvwrite_r+0x204>
    80005f48:	85a2                	mv	a1,s0
    80005f4a:	854a                	mv	a0,s2
    80005f4c:	d35ff0ef          	jal	80005c80 <_fflush_r>
    80005f50:	dd41                	beqz	a0,80005ee8 <__sfvwrite_r+0x204>
    80005f52:	b735                	j	80005e7e <__sfvwrite_r+0x19a>
    80005f54:	87e6                	mv	a5,s9
    80005f56:	019b7363          	bgeu	s6,s9,80005f5c <__sfvwrite_r+0x278>
    80005f5a:	87da                	mv	a5,s6
    80005f5c:	02d7c7bb          	divw	a5,a5,a3
    80005f60:	6438                	ld	a4,72(s0)
    80005f62:	7c0c                	ld	a1,56(s0)
    80005f64:	8656                	mv	a2,s5
    80005f66:	854a                	mv	a0,s2
    80005f68:	02d786bb          	mulw	a3,a5,a3
    80005f6c:	9702                	jalr	a4
    80005f6e:	84aa                	mv	s1,a0
    80005f70:	f6a04ce3          	bgtz	a0,80005ee8 <__sfvwrite_r+0x204>
    80005f74:	b729                	j	80005e7e <__sfvwrite_r+0x19a>
    80005f76:	0009bb83          	ld	s7,0(s3)
    80005f7a:	0089bb03          	ld	s6,8(s3)
    80005f7e:	4501                	li	a0,0
    80005f80:	09c1                	addi	s3,s3,16
    80005f82:	bb55                	j	80005d36 <__sfvwrite_r+0x52>
    80005f84:	001b0a9b          	addiw	s5,s6,1 # ffffffff80000001 <__heap_end+0xfffffffefffd8001>
    80005f88:	b3e1                	j	80005d50 <__sfvwrite_r+0x6c>
    80005f8a:	00dc4b63          	blt	s8,a3,80005fa0 <__sfvwrite_r+0x2bc>
    80005f8e:	643c                	ld	a5,72(s0)
    80005f90:	7c0c                	ld	a1,56(s0)
    80005f92:	865e                	mv	a2,s7
    80005f94:	854a                	mv	a0,s2
    80005f96:	9782                	jalr	a5
    80005f98:	84aa                	mv	s1,a0
    80005f9a:	dea045e3          	bgtz	a0,80005d84 <__sfvwrite_r+0xa0>
    80005f9e:	b5c5                	j	80005e7e <__sfvwrite_r+0x19a>
    80005fa0:	8662                	mv	a2,s8
    80005fa2:	85de                	mv	a1,s7
    80005fa4:	342000ef          	jal	800062e6 <memmove>
    80005fa8:	445c                	lw	a5,12(s0)
    80005faa:	84e2                	mv	s1,s8
    80005fac:	418787bb          	subw	a5,a5,s8
    80005fb0:	c45c                	sw	a5,12(s0)
    80005fb2:	601c                	ld	a5,0(s0)
    80005fb4:	97e2                	add	a5,a5,s8
    80005fb6:	e01c                	sd	a5,0(s0)
    80005fb8:	b3f1                	j	80005d84 <__sfvwrite_r+0xa0>

0000000080005fba <__swbuf_r>:
    80005fba:	7179                	addi	sp,sp,-48
    80005fbc:	f022                	sd	s0,32(sp)
    80005fbe:	ec26                	sd	s1,24(sp)
    80005fc0:	e84a                	sd	s2,16(sp)
    80005fc2:	f406                	sd	ra,40(sp)
    80005fc4:	e44e                	sd	s3,8(sp)
    80005fc6:	892a                	mv	s2,a0
    80005fc8:	84ae                	mv	s1,a1
    80005fca:	8432                	mv	s0,a2
    80005fcc:	c509                	beqz	a0,80005fd6 <__swbuf_r+0x1c>
    80005fce:	613c                	ld	a5,64(a0)
    80005fd0:	e399                	bnez	a5,80005fd6 <__swbuf_r+0x1c>
    80005fd2:	ffbfe0ef          	jal	80004fcc <__sinit>
    80005fd6:	541c                	lw	a5,40(s0)
    80005fd8:	c45c                	sw	a5,12(s0)
    80005fda:	01045783          	lhu	a5,16(s0)
    80005fde:	8ba1                	andi	a5,a5,8
    80005fe0:	c399                	beqz	a5,80005fe6 <__swbuf_r+0x2c>
    80005fe2:	6c1c                	ld	a5,24(s0)
    80005fe4:	ef99                	bnez	a5,80006002 <__swbuf_r+0x48>
    80005fe6:	85a2                	mv	a1,s0
    80005fe8:	854a                	mv	a0,s2
    80005fea:	07c000ef          	jal	80006066 <__swsetup_r>
    80005fee:	c911                	beqz	a0,80006002 <__swbuf_r+0x48>
    80005ff0:	54fd                	li	s1,-1
    80005ff2:	70a2                	ld	ra,40(sp)
    80005ff4:	7402                	ld	s0,32(sp)
    80005ff6:	6942                	ld	s2,16(sp)
    80005ff8:	69a2                	ld	s3,8(sp)
    80005ffa:	8526                	mv	a0,s1
    80005ffc:	64e2                	ld	s1,24(sp)
    80005ffe:	6145                	addi	sp,sp,48
    80006000:	8082                	ret
    80006002:	601c                	ld	a5,0(s0)
    80006004:	6c18                	ld	a4,24(s0)
    80006006:	0ff4f993          	zext.b	s3,s1
    8000600a:	84ce                	mv	s1,s3
    8000600c:	40e7853b          	subw	a0,a5,a4
    80006010:	501c                	lw	a5,32(s0)
    80006012:	00f54763          	blt	a0,a5,80006020 <__swbuf_r+0x66>
    80006016:	85a2                	mv	a1,s0
    80006018:	854a                	mv	a0,s2
    8000601a:	c67ff0ef          	jal	80005c80 <_fflush_r>
    8000601e:	f969                	bnez	a0,80005ff0 <__swbuf_r+0x36>
    80006020:	445c                	lw	a5,12(s0)
    80006022:	37fd                	addiw	a5,a5,-1
    80006024:	c45c                	sw	a5,12(s0)
    80006026:	601c                	ld	a5,0(s0)
    80006028:	00178713          	addi	a4,a5,1
    8000602c:	e018                	sd	a4,0(s0)
    8000602e:	01378023          	sb	s3,0(a5)
    80006032:	5018                	lw	a4,32(s0)
    80006034:	0015079b          	addiw	a5,a0,1
    80006038:	00f70963          	beq	a4,a5,8000604a <__swbuf_r+0x90>
    8000603c:	01045783          	lhu	a5,16(s0)
    80006040:	8b85                	andi	a5,a5,1
    80006042:	dbc5                	beqz	a5,80005ff2 <__swbuf_r+0x38>
    80006044:	47a9                	li	a5,10
    80006046:	faf496e3          	bne	s1,a5,80005ff2 <__swbuf_r+0x38>
    8000604a:	85a2                	mv	a1,s0
    8000604c:	854a                	mv	a0,s2
    8000604e:	c33ff0ef          	jal	80005c80 <_fflush_r>
    80006052:	d145                	beqz	a0,80005ff2 <__swbuf_r+0x38>
    80006054:	bf71                	j	80005ff0 <__swbuf_r+0x36>

0000000080006056 <__swbuf>:
    80006056:	862e                	mv	a2,a1
    80006058:	85aa                	mv	a1,a0
    8000605a:	00001517          	auipc	a0,0x1
    8000605e:	f5e53503          	ld	a0,-162(a0) # 80006fb8 <_impure_ptr>
    80006062:	f59ff06f          	j	80005fba <__swbuf_r>

0000000080006066 <__swsetup_r>:
    80006066:	1101                	addi	sp,sp,-32
    80006068:	e822                	sd	s0,16(sp)
    8000606a:	e426                	sd	s1,8(sp)
    8000606c:	ec06                	sd	ra,24(sp)
    8000606e:	84aa                	mv	s1,a0
    80006070:	00001517          	auipc	a0,0x1
    80006074:	f4853503          	ld	a0,-184(a0) # 80006fb8 <_impure_ptr>
    80006078:	842e                	mv	s0,a1
    8000607a:	c509                	beqz	a0,80006084 <__swsetup_r+0x1e>
    8000607c:	613c                	ld	a5,64(a0)
    8000607e:	e399                	bnez	a5,80006084 <__swsetup_r+0x1e>
    80006080:	f4dfe0ef          	jal	80004fcc <__sinit>
    80006084:	01041783          	lh	a5,16(s0)
    80006088:	0087f713          	andi	a4,a5,8
    8000608c:	eb29                	bnez	a4,800060de <__swsetup_r+0x78>
    8000608e:	0107f713          	andi	a4,a5,16
    80006092:	eb09                	bnez	a4,800060a4 <__swsetup_r+0x3e>
    80006094:	4725                	li	a4,9
    80006096:	c098                	sw	a4,0(s1)
    80006098:	0407e793          	ori	a5,a5,64
    8000609c:	00f41823          	sh	a5,16(s0)
    800060a0:	557d                	li	a0,-1
    800060a2:	a8ad                	j	8000611c <__swsetup_r+0xb6>
    800060a4:	8b91                	andi	a5,a5,4
    800060a6:	c795                	beqz	a5,800060d2 <__swsetup_r+0x6c>
    800060a8:	702c                	ld	a1,96(s0)
    800060aa:	c991                	beqz	a1,800060be <__swsetup_r+0x58>
    800060ac:	07c40793          	addi	a5,s0,124
    800060b0:	00f58563          	beq	a1,a5,800060ba <__swsetup_r+0x54>
    800060b4:	8526                	mv	a0,s1
    800060b6:	b1eff0ef          	jal	800053d4 <_free_r>
    800060ba:	06043023          	sd	zero,96(s0)
    800060be:	01045783          	lhu	a5,16(s0)
    800060c2:	00042423          	sw	zero,8(s0)
    800060c6:	fdb7f793          	andi	a5,a5,-37
    800060ca:	00f41823          	sh	a5,16(s0)
    800060ce:	6c1c                	ld	a5,24(s0)
    800060d0:	e01c                	sd	a5,0(s0)
    800060d2:	01045783          	lhu	a5,16(s0)
    800060d6:	0087e793          	ori	a5,a5,8
    800060da:	00f41823          	sh	a5,16(s0)
    800060de:	6c1c                	ld	a5,24(s0)
    800060e0:	ef89                	bnez	a5,800060fa <__swsetup_r+0x94>
    800060e2:	01045783          	lhu	a5,16(s0)
    800060e6:	20000713          	li	a4,512
    800060ea:	2807f793          	andi	a5,a5,640
    800060ee:	00e78663          	beq	a5,a4,800060fa <__swsetup_r+0x94>
    800060f2:	85a2                	mv	a1,s0
    800060f4:	8526                	mv	a0,s1
    800060f6:	2f2000ef          	jal	800063e8 <__smakebuf_r>
    800060fa:	01041783          	lh	a5,16(s0)
    800060fe:	0017f713          	andi	a4,a5,1
    80006102:	c315                	beqz	a4,80006126 <__swsetup_r+0xc0>
    80006104:	5018                	lw	a4,32(s0)
    80006106:	00042623          	sw	zero,12(s0)
    8000610a:	40e0073b          	negw	a4,a4
    8000610e:	d418                	sw	a4,40(s0)
    80006110:	6c18                	ld	a4,24(s0)
    80006112:	4501                	li	a0,0
    80006114:	e701                	bnez	a4,8000611c <__swsetup_r+0xb6>
    80006116:	0807f713          	andi	a4,a5,128
    8000611a:	ff3d                	bnez	a4,80006098 <__swsetup_r+0x32>
    8000611c:	60e2                	ld	ra,24(sp)
    8000611e:	6442                	ld	s0,16(sp)
    80006120:	64a2                	ld	s1,8(sp)
    80006122:	6105                	addi	sp,sp,32
    80006124:	8082                	ret
    80006126:	0027f713          	andi	a4,a5,2
    8000612a:	4681                	li	a3,0
    8000612c:	e311                	bnez	a4,80006130 <__swsetup_r+0xca>
    8000612e:	5014                	lw	a3,32(s0)
    80006130:	c454                	sw	a3,12(s0)
    80006132:	bff9                	j	80006110 <__swsetup_r+0xaa>

0000000080006134 <memchr>:
    80006134:	0ff5f593          	zext.b	a1,a1
    80006138:	962a                	add	a2,a2,a0
    8000613a:	00c51463          	bne	a0,a2,80006142 <memchr+0xe>
    8000613e:	4501                	li	a0,0
    80006140:	8082                	ret
    80006142:	00054783          	lbu	a5,0(a0)
    80006146:	feb78de3          	beq	a5,a1,80006140 <memchr+0xc>
    8000614a:	0505                	addi	a0,a0,1
    8000614c:	b7fd                	j	8000613a <memchr+0x6>

000000008000614e <_init_signal_r>:
    8000614e:	793c                	ld	a5,112(a0)
    80006150:	eb95                	bnez	a5,80006184 <_init_signal_r+0x36>
    80006152:	1141                	addi	sp,sp,-16
    80006154:	10000593          	li	a1,256
    80006158:	e022                	sd	s0,0(sp)
    8000615a:	e406                	sd	ra,8(sp)
    8000615c:	842a                	mv	s0,a0
    8000615e:	b83fe0ef          	jal	80004ce0 <_malloc_r>
    80006162:	87aa                	mv	a5,a0
    80006164:	f828                	sd	a0,112(s0)
    80006166:	557d                	li	a0,-1
    80006168:	cb91                	beqz	a5,8000617c <_init_signal_r+0x2e>
    8000616a:	853e                	mv	a0,a5
    8000616c:	10078793          	addi	a5,a5,256
    80006170:	00053023          	sd	zero,0(a0)
    80006174:	0521                	addi	a0,a0,8
    80006176:	fef51de3          	bne	a0,a5,80006170 <_init_signal_r+0x22>
    8000617a:	4501                	li	a0,0
    8000617c:	60a2                	ld	ra,8(sp)
    8000617e:	6402                	ld	s0,0(sp)
    80006180:	0141                	addi	sp,sp,16
    80006182:	8082                	ret
    80006184:	4501                	li	a0,0
    80006186:	8082                	ret

0000000080006188 <_signal_r>:
    80006188:	1101                	addi	sp,sp,-32
    8000618a:	e426                	sd	s1,8(sp)
    8000618c:	ec06                	sd	ra,24(sp)
    8000618e:	e822                	sd	s0,16(sp)
    80006190:	e04a                	sd	s2,0(sp)
    80006192:	47fd                	li	a5,31
    80006194:	84aa                	mv	s1,a0
    80006196:	00b7f663          	bgeu	a5,a1,800061a2 <_signal_r+0x1a>
    8000619a:	47d9                	li	a5,22
    8000619c:	c11c                	sw	a5,0(a0)
    8000619e:	557d                	li	a0,-1
    800061a0:	a819                	j	800061b6 <_signal_r+0x2e>
    800061a2:	793c                	ld	a5,112(a0)
    800061a4:	842e                	mv	s0,a1
    800061a6:	8932                	mv	s2,a2
    800061a8:	cf89                	beqz	a5,800061c2 <_signal_r+0x3a>
    800061aa:	78bc                	ld	a5,112(s1)
    800061ac:	040e                	slli	s0,s0,0x3
    800061ae:	97a2                	add	a5,a5,s0
    800061b0:	6388                	ld	a0,0(a5)
    800061b2:	0127b023          	sd	s2,0(a5)
    800061b6:	60e2                	ld	ra,24(sp)
    800061b8:	6442                	ld	s0,16(sp)
    800061ba:	64a2                	ld	s1,8(sp)
    800061bc:	6902                	ld	s2,0(sp)
    800061be:	6105                	addi	sp,sp,32
    800061c0:	8082                	ret
    800061c2:	f8dff0ef          	jal	8000614e <_init_signal_r>
    800061c6:	d175                	beqz	a0,800061aa <_signal_r+0x22>
    800061c8:	bfd9                	j	8000619e <_signal_r+0x16>

00000000800061ca <_raise_r>:
    800061ca:	1101                	addi	sp,sp,-32
    800061cc:	e822                	sd	s0,16(sp)
    800061ce:	ec06                	sd	ra,24(sp)
    800061d0:	47fd                	li	a5,31
    800061d2:	842a                	mv	s0,a0
    800061d4:	00b7f963          	bgeu	a5,a1,800061e6 <_raise_r+0x1c>
    800061d8:	47d9                	li	a5,22
    800061da:	c11c                	sw	a5,0(a0)
    800061dc:	557d                	li	a0,-1
    800061de:	60e2                	ld	ra,24(sp)
    800061e0:	6442                	ld	s0,16(sp)
    800061e2:	6105                	addi	sp,sp,32
    800061e4:	8082                	ret
    800061e6:	793c                	ld	a5,112(a0)
    800061e8:	862e                	mv	a2,a1
    800061ea:	c791                	beqz	a5,800061f6 <_raise_r+0x2c>
    800061ec:	00359713          	slli	a4,a1,0x3
    800061f0:	97ba                	add	a5,a5,a4
    800061f2:	6398                	ld	a4,0(a5)
    800061f4:	ef01                	bnez	a4,8000620c <_raise_r+0x42>
    800061f6:	8522                	mv	a0,s0
    800061f8:	e432                	sd	a2,8(sp)
    800061fa:	0ea000ef          	jal	800062e4 <_getpid_r>
    800061fe:	85aa                	mv	a1,a0
    80006200:	8522                	mv	a0,s0
    80006202:	6442                	ld	s0,16(sp)
    80006204:	6622                	ld	a2,8(sp)
    80006206:	60e2                	ld	ra,24(sp)
    80006208:	6105                	addi	sp,sp,32
    8000620a:	a845                	j	800062ba <_kill_r>
    8000620c:	4685                	li	a3,1
    8000620e:	00d70d63          	beq	a4,a3,80006228 <_raise_r+0x5e>
    80006212:	56fd                	li	a3,-1
    80006214:	00d71663          	bne	a4,a3,80006220 <_raise_r+0x56>
    80006218:	47d9                	li	a5,22
    8000621a:	c11c                	sw	a5,0(a0)
    8000621c:	4505                	li	a0,1
    8000621e:	b7c1                	j	800061de <_raise_r+0x14>
    80006220:	0007b023          	sd	zero,0(a5)
    80006224:	852e                	mv	a0,a1
    80006226:	9702                	jalr	a4
    80006228:	4501                	li	a0,0
    8000622a:	bf55                	j	800061de <_raise_r+0x14>

000000008000622c <__sigtramp_r>:
    8000622c:	47fd                	li	a5,31
    8000622e:	00b7f463          	bgeu	a5,a1,80006236 <__sigtramp_r+0xa>
    80006232:	557d                	li	a0,-1
    80006234:	8082                	ret
    80006236:	793c                	ld	a5,112(a0)
    80006238:	1101                	addi	sp,sp,-32
    8000623a:	e822                	sd	s0,16(sp)
    8000623c:	e426                	sd	s1,8(sp)
    8000623e:	ec06                	sd	ra,24(sp)
    80006240:	84aa                	mv	s1,a0
    80006242:	842e                	mv	s0,a1
    80006244:	c795                	beqz	a5,80006270 <__sigtramp_r+0x44>
    80006246:	78b8                	ld	a4,112(s1)
    80006248:	00341793          	slli	a5,s0,0x3
    8000624c:	4505                	li	a0,1
    8000624e:	973e                	add	a4,a4,a5
    80006250:	631c                	ld	a5,0(a4)
    80006252:	c39d                	beqz	a5,80006278 <__sigtramp_r+0x4c>
    80006254:	56fd                	li	a3,-1
    80006256:	4509                	li	a0,2
    80006258:	02d78063          	beq	a5,a3,80006278 <__sigtramp_r+0x4c>
    8000625c:	4685                	li	a3,1
    8000625e:	450d                	li	a0,3
    80006260:	00d78c63          	beq	a5,a3,80006278 <__sigtramp_r+0x4c>
    80006264:	8522                	mv	a0,s0
    80006266:	00073023          	sd	zero,0(a4)
    8000626a:	9782                	jalr	a5
    8000626c:	4501                	li	a0,0
    8000626e:	a029                	j	80006278 <__sigtramp_r+0x4c>
    80006270:	edfff0ef          	jal	8000614e <_init_signal_r>
    80006274:	d969                	beqz	a0,80006246 <__sigtramp_r+0x1a>
    80006276:	557d                	li	a0,-1
    80006278:	60e2                	ld	ra,24(sp)
    8000627a:	6442                	ld	s0,16(sp)
    8000627c:	64a2                	ld	s1,8(sp)
    8000627e:	6105                	addi	sp,sp,32
    80006280:	8082                	ret

0000000080006282 <raise>:
    80006282:	85aa                	mv	a1,a0
    80006284:	00001517          	auipc	a0,0x1
    80006288:	d3453503          	ld	a0,-716(a0) # 80006fb8 <_impure_ptr>
    8000628c:	f3fff06f          	j	800061ca <_raise_r>

0000000080006290 <signal>:
    80006290:	862e                	mv	a2,a1
    80006292:	85aa                	mv	a1,a0
    80006294:	00001517          	auipc	a0,0x1
    80006298:	d2453503          	ld	a0,-732(a0) # 80006fb8 <_impure_ptr>
    8000629c:	eedff06f          	j	80006188 <_signal_r>

00000000800062a0 <_init_signal>:
    800062a0:	00001517          	auipc	a0,0x1
    800062a4:	d1853503          	ld	a0,-744(a0) # 80006fb8 <_impure_ptr>
    800062a8:	ea7ff06f          	j	8000614e <_init_signal_r>

00000000800062ac <__sigtramp>:
    800062ac:	85aa                	mv	a1,a0
    800062ae:	00001517          	auipc	a0,0x1
    800062b2:	d0a53503          	ld	a0,-758(a0) # 80006fb8 <_impure_ptr>
    800062b6:	f77ff06f          	j	8000622c <__sigtramp_r>

00000000800062ba <_kill_r>:
    800062ba:	1141                	addi	sp,sp,-16
    800062bc:	e022                	sd	s0,0(sp)
    800062be:	842a                	mv	s0,a0
    800062c0:	852e                	mv	a0,a1
    800062c2:	85b2                	mv	a1,a2
    800062c4:	8e01a823          	sw	zero,-1808(gp) # 800070a8 <errno>
    800062c8:	e406                	sd	ra,8(sp)
    800062ca:	27c000ef          	jal	80006546 <_kill>
    800062ce:	57fd                	li	a5,-1
    800062d0:	00f51663          	bne	a0,a5,800062dc <_kill_r+0x22>
    800062d4:	8f01a783          	lw	a5,-1808(gp) # 800070a8 <errno>
    800062d8:	c391                	beqz	a5,800062dc <_kill_r+0x22>
    800062da:	c01c                	sw	a5,0(s0)
    800062dc:	60a2                	ld	ra,8(sp)
    800062de:	6402                	ld	s0,0(sp)
    800062e0:	0141                	addi	sp,sp,16
    800062e2:	8082                	ret

00000000800062e4 <_getpid_r>:
    800062e4:	ac99                	j	8000653a <_getpid>

00000000800062e6 <memmove>:
    800062e6:	c215                	beqz	a2,8000630a <memmove+0x24>
    800062e8:	832a                	mv	t1,a0
    800062ea:	4685                	li	a3,1
    800062ec:	00b56763          	bltu	a0,a1,800062fa <memmove+0x14>
    800062f0:	56fd                	li	a3,-1
    800062f2:	fff60713          	addi	a4,a2,-1
    800062f6:	933a                	add	t1,t1,a4
    800062f8:	95ba                	add	a1,a1,a4
    800062fa:	00058383          	lb	t2,0(a1)
    800062fe:	00730023          	sb	t2,0(t1)
    80006302:	167d                	addi	a2,a2,-1
    80006304:	9336                	add	t1,t1,a3
    80006306:	95b6                	add	a1,a1,a3
    80006308:	fa6d                	bnez	a2,800062fa <memmove+0x14>
    8000630a:	8082                	ret

000000008000630c <_realloc_r>:
    8000630c:	7179                	addi	sp,sp,-48
    8000630e:	f022                	sd	s0,32(sp)
    80006310:	f406                	sd	ra,40(sp)
    80006312:	ec26                	sd	s1,24(sp)
    80006314:	e84a                	sd	s2,16(sp)
    80006316:	e44e                	sd	s3,8(sp)
    80006318:	e052                	sd	s4,0(sp)
    8000631a:	8432                	mv	s0,a2
    8000631c:	e999                	bnez	a1,80006332 <_realloc_r+0x26>
    8000631e:	7402                	ld	s0,32(sp)
    80006320:	70a2                	ld	ra,40(sp)
    80006322:	64e2                	ld	s1,24(sp)
    80006324:	6942                	ld	s2,16(sp)
    80006326:	69a2                	ld	s3,8(sp)
    80006328:	6a02                	ld	s4,0(sp)
    8000632a:	85b2                	mv	a1,a2
    8000632c:	6145                	addi	sp,sp,48
    8000632e:	9b3fe06f          	j	80004ce0 <_malloc_r>
    80006332:	ee09                	bnez	a2,8000634c <_realloc_r+0x40>
    80006334:	8a0ff0ef          	jal	800053d4 <_free_r>
    80006338:	4481                	li	s1,0
    8000633a:	70a2                	ld	ra,40(sp)
    8000633c:	7402                	ld	s0,32(sp)
    8000633e:	6942                	ld	s2,16(sp)
    80006340:	69a2                	ld	s3,8(sp)
    80006342:	6a02                	ld	s4,0(sp)
    80006344:	8526                	mv	a0,s1
    80006346:	64e2                	ld	s1,24(sp)
    80006348:	6145                	addi	sp,sp,48
    8000634a:	8082                	ret
    8000634c:	8a2a                	mv	s4,a0
    8000634e:	84ae                	mv	s1,a1
    80006350:	188000ef          	jal	800064d8 <_malloc_usable_size_r>
    80006354:	892a                	mv	s2,a0
    80006356:	00856663          	bltu	a0,s0,80006362 <_realloc_r+0x56>
    8000635a:	00155793          	srli	a5,a0,0x1
    8000635e:	fc87eee3          	bltu	a5,s0,8000633a <_realloc_r+0x2e>
    80006362:	85a2                	mv	a1,s0
    80006364:	8552                	mv	a0,s4
    80006366:	97bfe0ef          	jal	80004ce0 <_malloc_r>
    8000636a:	89aa                	mv	s3,a0
    8000636c:	e119                	bnez	a0,80006372 <_realloc_r+0x66>
    8000636e:	84ce                	mv	s1,s3
    80006370:	b7e9                	j	8000633a <_realloc_r+0x2e>
    80006372:	8622                	mv	a2,s0
    80006374:	00897363          	bgeu	s2,s0,8000637a <_realloc_r+0x6e>
    80006378:	864a                	mv	a2,s2
    8000637a:	85a6                	mv	a1,s1
    8000637c:	854e                	mv	a0,s3
    8000637e:	830ff0ef          	jal	800053ae <memcpy>
    80006382:	85a6                	mv	a1,s1
    80006384:	8552                	mv	a0,s4
    80006386:	84eff0ef          	jal	800053d4 <_free_r>
    8000638a:	b7d5                	j	8000636e <_realloc_r+0x62>

000000008000638c <__swhatbuf_r>:
    8000638c:	7175                	addi	sp,sp,-144
    8000638e:	e122                	sd	s0,128(sp)
    80006390:	842e                	mv	s0,a1
    80006392:	01259583          	lh	a1,18(a1)
    80006396:	fca6                	sd	s1,120(sp)
    80006398:	f8ca                	sd	s2,112(sp)
    8000639a:	e506                	sd	ra,136(sp)
    8000639c:	84b2                	mv	s1,a2
    8000639e:	8936                	mv	s2,a3
    800063a0:	0205d363          	bgez	a1,800063c6 <__swhatbuf_r+0x3a>
    800063a4:	01045783          	lhu	a5,16(s0)
    800063a8:	0807f793          	andi	a5,a5,128
    800063ac:	eb95                	bnez	a5,800063e0 <__swhatbuf_r+0x54>
    800063ae:	40000713          	li	a4,1024
    800063b2:	60aa                	ld	ra,136(sp)
    800063b4:	640a                	ld	s0,128(sp)
    800063b6:	00f92023          	sw	a5,0(s2)
    800063ba:	e098                	sd	a4,0(s1)
    800063bc:	7946                	ld	s2,112(sp)
    800063be:	74e6                	ld	s1,120(sp)
    800063c0:	4501                	li	a0,0
    800063c2:	6149                	addi	sp,sp,144
    800063c4:	8082                	ret
    800063c6:	0030                	addi	a2,sp,8
    800063c8:	0be000ef          	jal	80006486 <_fstat_r>
    800063cc:	fc054ce3          	bltz	a0,800063a4 <__swhatbuf_r+0x18>
    800063d0:	47b2                	lw	a5,12(sp)
    800063d2:	673d                	lui	a4,0xf
    800063d4:	8ff9                	and	a5,a5,a4
    800063d6:	6709                	lui	a4,0x2
    800063d8:	8f99                	sub	a5,a5,a4
    800063da:	0017b793          	seqz	a5,a5
    800063de:	bfc1                	j	800063ae <__swhatbuf_r+0x22>
    800063e0:	4781                	li	a5,0
    800063e2:	04000713          	li	a4,64
    800063e6:	b7f1                	j	800063b2 <__swhatbuf_r+0x26>

00000000800063e8 <__smakebuf_r>:
    800063e8:	0105d783          	lhu	a5,16(a1)
    800063ec:	7139                	addi	sp,sp,-64
    800063ee:	f822                	sd	s0,48(sp)
    800063f0:	fc06                	sd	ra,56(sp)
    800063f2:	f426                	sd	s1,40(sp)
    800063f4:	f04a                	sd	s2,32(sp)
    800063f6:	ec4e                	sd	s3,24(sp)
    800063f8:	8b89                	andi	a5,a5,2
    800063fa:	842e                	mv	s0,a1
    800063fc:	cf91                	beqz	a5,80006418 <__smakebuf_r+0x30>
    800063fe:	07f40793          	addi	a5,s0,127
    80006402:	e01c                	sd	a5,0(s0)
    80006404:	ec1c                	sd	a5,24(s0)
    80006406:	4785                	li	a5,1
    80006408:	d01c                	sw	a5,32(s0)
    8000640a:	70e2                	ld	ra,56(sp)
    8000640c:	7442                	ld	s0,48(sp)
    8000640e:	74a2                	ld	s1,40(sp)
    80006410:	7902                	ld	s2,32(sp)
    80006412:	69e2                	ld	s3,24(sp)
    80006414:	6121                	addi	sp,sp,64
    80006416:	8082                	ret
    80006418:	0054                	addi	a3,sp,4
    8000641a:	0030                	addi	a2,sp,8
    8000641c:	84aa                	mv	s1,a0
    8000641e:	f6fff0ef          	jal	8000638c <__swhatbuf_r>
    80006422:	69a2                	ld	s3,8(sp)
    80006424:	892a                	mv	s2,a0
    80006426:	8526                	mv	a0,s1
    80006428:	85ce                	mv	a1,s3
    8000642a:	8b7fe0ef          	jal	80004ce0 <_malloc_r>
    8000642e:	ed01                	bnez	a0,80006446 <__smakebuf_r+0x5e>
    80006430:	01041783          	lh	a5,16(s0)
    80006434:	2007f713          	andi	a4,a5,512
    80006438:	fb69                	bnez	a4,8000640a <__smakebuf_r+0x22>
    8000643a:	9bf1                	andi	a5,a5,-4
    8000643c:	0027e793          	ori	a5,a5,2
    80006440:	00f41823          	sh	a5,16(s0)
    80006444:	bf6d                	j	800063fe <__smakebuf_r+0x16>
    80006446:	01045783          	lhu	a5,16(s0)
    8000644a:	e008                	sd	a0,0(s0)
    8000644c:	ec08                	sd	a0,24(s0)
    8000644e:	0807e793          	ori	a5,a5,128
    80006452:	00f41823          	sh	a5,16(s0)
    80006456:	4792                	lw	a5,4(sp)
    80006458:	03342023          	sw	s3,32(s0)
    8000645c:	cf91                	beqz	a5,80006478 <__smakebuf_r+0x90>
    8000645e:	01241583          	lh	a1,18(s0)
    80006462:	8526                	mv	a0,s1
    80006464:	04c000ef          	jal	800064b0 <_isatty_r>
    80006468:	c901                	beqz	a0,80006478 <__smakebuf_r+0x90>
    8000646a:	01045783          	lhu	a5,16(s0)
    8000646e:	9bf1                	andi	a5,a5,-4
    80006470:	0017e793          	ori	a5,a5,1
    80006474:	00f41823          	sh	a5,16(s0)
    80006478:	01045783          	lhu	a5,16(s0)
    8000647c:	0127e533          	or	a0,a5,s2
    80006480:	00a41823          	sh	a0,16(s0)
    80006484:	b759                	j	8000640a <__smakebuf_r+0x22>

0000000080006486 <_fstat_r>:
    80006486:	1141                	addi	sp,sp,-16
    80006488:	e022                	sd	s0,0(sp)
    8000648a:	842a                	mv	s0,a0
    8000648c:	852e                	mv	a0,a1
    8000648e:	85b2                	mv	a1,a2
    80006490:	8e01a823          	sw	zero,-1808(gp) # 800070a8 <errno>
    80006494:	e406                	sd	ra,8(sp)
    80006496:	090000ef          	jal	80006526 <_fstat>
    8000649a:	57fd                	li	a5,-1
    8000649c:	00f51663          	bne	a0,a5,800064a8 <_fstat_r+0x22>
    800064a0:	8f01a783          	lw	a5,-1808(gp) # 800070a8 <errno>
    800064a4:	c391                	beqz	a5,800064a8 <_fstat_r+0x22>
    800064a6:	c01c                	sw	a5,0(s0)
    800064a8:	60a2                	ld	ra,8(sp)
    800064aa:	6402                	ld	s0,0(sp)
    800064ac:	0141                	addi	sp,sp,16
    800064ae:	8082                	ret

00000000800064b0 <_isatty_r>:
    800064b0:	1141                	addi	sp,sp,-16
    800064b2:	e022                	sd	s0,0(sp)
    800064b4:	842a                	mv	s0,a0
    800064b6:	852e                	mv	a0,a1
    800064b8:	8e01a823          	sw	zero,-1808(gp) # 800070a8 <errno>
    800064bc:	e406                	sd	ra,8(sp)
    800064be:	080000ef          	jal	8000653e <_isatty>
    800064c2:	57fd                	li	a5,-1
    800064c4:	00f51663          	bne	a0,a5,800064d0 <_isatty_r+0x20>
    800064c8:	8f01a783          	lw	a5,-1808(gp) # 800070a8 <errno>
    800064cc:	c391                	beqz	a5,800064d0 <_isatty_r+0x20>
    800064ce:	c01c                	sw	a5,0(s0)
    800064d0:	60a2                	ld	ra,8(sp)
    800064d2:	6402                	ld	s0,0(sp)
    800064d4:	0141                	addi	sp,sp,16
    800064d6:	8082                	ret

00000000800064d8 <_malloc_usable_size_r>:
    800064d8:	ff85b503          	ld	a0,-8(a1)
    800064dc:	0005079b          	sext.w	a5,a0
    800064e0:	1561                	addi	a0,a0,-8
    800064e2:	0007d663          	bgez	a5,800064ee <_malloc_usable_size_r+0x16>
    800064e6:	95aa                	add	a1,a1,a0
    800064e8:	6188                	ld	a0,0(a1)
    800064ea:	17e1                	addi	a5,a5,-8
    800064ec:	953e                	add	a0,a0,a5
    800064ee:	8082                	ret

00000000800064f0 <_close>:
#include <errno.h>
#include "syscall.h"

int _close(int file)
{
    800064f0:	1141                	addi	sp,sp,-16
    800064f2:	e406                	sd	ra,8(sp)
    errno = EBADF;
    800064f4:	158000ef          	jal	8000664c <__errno>
    return -1;
}
    800064f8:	60a2                	ld	ra,8(sp)
    errno = EBADF;
    800064fa:	47a5                	li	a5,9
    800064fc:	c11c                	sw	a5,0(a0)
}
    800064fe:	557d                	li	a0,-1
    80006500:	0141                	addi	sp,sp,16
    80006502:	8082                	ret

0000000080006504 <_exit>:
#include "syscall.h"
#include "htif.h"

void __attribute__ ((noreturn)) _exit(int code)
{
    uint64_t cmd = HTIF_TOHOST(0, 0, (code << 1) | 0x1);
    80006504:	0015179b          	slliw	a5,a0,0x1
    80006508:	0017e793          	ori	a5,a5,1
    8000650c:	2781                	sext.w	a5,a5
    8000650e:	07c2                	slli	a5,a5,0x10
    80006510:	83c1                	srli	a5,a5,0x10
    80006512:	00001717          	auipc	a4,0x1
    80006516:	9ee70713          	addi	a4,a4,-1554 # 80006f00 <tohost>
    for (;;) {
        fromhost = 0;
    8000651a:	00001697          	auipc	a3,0x1
    8000651e:	9e06b723          	sd	zero,-1554(a3) # 80006f08 <fromhost>
        tohost = cmd;
    80006522:	e31c                	sd	a5,0(a4)
    for (;;) {
    80006524:	bfdd                	j	8000651a <_exit+0x16>

0000000080006526 <_fstat>:
#include <errno.h>
#include <sys/stat.h>
#include "syscall.h"

int _fstat(int file, struct stat *st)
{
    80006526:	1141                	addi	sp,sp,-16
    80006528:	e406                	sd	ra,8(sp)
    errno = EBADF;
    8000652a:	122000ef          	jal	8000664c <__errno>
    return -1;
}
    8000652e:	60a2                	ld	ra,8(sp)
    errno = EBADF;
    80006530:	47a5                	li	a5,9
    80006532:	c11c                	sw	a5,0(a0)
}
    80006534:	557d                	li	a0,-1
    80006536:	0141                	addi	sp,sp,16
    80006538:	8082                	ret

000000008000653a <_getpid>:
#include "syscall.h"

int _getpid(void)
{
    return 1;
}
    8000653a:	4505                	li	a0,1
    8000653c:	8082                	ret

000000008000653e <_isatty>:
#include <unistd.h>
#include "syscall.h"

int _isatty(int file)
{
    return (file == STDOUT_FILENO || file == STDERR_FILENO);
    8000653e:	357d                	addiw	a0,a0,-1
}
    80006540:	00253513          	sltiu	a0,a0,2
    80006544:	8082                	ret

0000000080006546 <_kill>:
#include <errno.h>
#include "syscall.h"

int _kill(int pid, int sig)
{
    80006546:	1141                	addi	sp,sp,-16
    80006548:	e406                	sd	ra,8(sp)
    errno = EINVAL;
    8000654a:	102000ef          	jal	8000664c <__errno>
    return -1;
}
    8000654e:	60a2                	ld	ra,8(sp)
    errno = EINVAL;
    80006550:	47d9                	li	a5,22
    80006552:	c11c                	sw	a5,0(a0)
}
    80006554:	557d                	li	a0,-1
    80006556:	0141                	addi	sp,sp,16
    80006558:	8082                	ret

000000008000655a <_lseek>:
#include <errno.h>
#include <sys/types.h>
#include "syscall.h"

off_t _lseek(int file, off_t ptr, int dir)
{
    8000655a:	1141                	addi	sp,sp,-16
    8000655c:	e406                	sd	ra,8(sp)
    errno = EBADF;
    8000655e:	0ee000ef          	jal	8000664c <__errno>
    return -1;
}
    80006562:	60a2                	ld	ra,8(sp)
    errno = EBADF;
    80006564:	47a5                	li	a5,9
    80006566:	c11c                	sw	a5,0(a0)
}
    80006568:	557d                	li	a0,-1
    8000656a:	0141                	addi	sp,sp,16
    8000656c:	8082                	ret

000000008000656e <_read>:
#include <errno.h>
#include <sys/types.h>
#include "syscall.h"

ssize_t _read(int file, void *ptr, size_t len)
{
    8000656e:	1141                	addi	sp,sp,-16
    80006570:	e406                	sd	ra,8(sp)
    errno = ENOSYS;
    80006572:	0da000ef          	jal	8000664c <__errno>
    return -1;
}
    80006576:	60a2                	ld	ra,8(sp)
    errno = ENOSYS;
    80006578:	05800793          	li	a5,88
    8000657c:	c11c                	sw	a5,0(a0)
}
    8000657e:	557d                	li	a0,-1
    80006580:	0141                	addi	sp,sp,16
    80006582:	8082                	ret

0000000080006584 <_sbrk>:
{
    extern char __heap_end[];
    char *newbrk;
    char *oldbrk;

    oldbrk = curbrk;
    80006584:	00001717          	auipc	a4,0x1
    80006588:	a3c70713          	addi	a4,a4,-1476 # 80006fc0 <curbrk>
    8000658c:	631c                	ld	a5,0(a4)
    newbrk = oldbrk + incr;
    if (unlikely((newbrk < _end) || (newbrk >= __heap_end))) {
    8000658e:	56818693          	addi	a3,gp,1384 # 80007d20 <_end>
    newbrk = oldbrk + incr;
    80006592:	953e                	add	a0,a0,a5
    if (unlikely((newbrk < _end) || (newbrk >= __heap_end))) {
    80006594:	00d56b63          	bltu	a0,a3,800065aa <_sbrk+0x26>
    80006598:	00022697          	auipc	a3,0x22
    8000659c:	a6868693          	addi	a3,a3,-1432 # 80028000 <__heap_end>
    800065a0:	00d57563          	bgeu	a0,a3,800065aa <_sbrk+0x26>
        errno = ENOMEM;
        return (void *)(-1);
    }

    curbrk = newbrk;
    800065a4:	e308                	sd	a0,0(a4)
    return oldbrk;
}
    800065a6:	853e                	mv	a0,a5
    800065a8:	8082                	ret
{
    800065aa:	1141                	addi	sp,sp,-16
    800065ac:	e406                	sd	ra,8(sp)
        errno = ENOMEM;
    800065ae:	09e000ef          	jal	8000664c <__errno>
}
    800065b2:	60a2                	ld	ra,8(sp)
        errno = ENOMEM;
    800065b4:	47b1                	li	a5,12
    800065b6:	c11c                	sw	a5,0(a0)
        return (void *)(-1);
    800065b8:	57fd                	li	a5,-1
}
    800065ba:	853e                	mv	a0,a5
    800065bc:	0141                	addi	sp,sp,16
    800065be:	8082                	ret

00000000800065c0 <_write>:
#include <sys/types.h>
#include "syscall.h"

ssize_t _write(int fd, const void *ptr, size_t len)
{
    return SYSCALL3(SYS_write, fd, (uintptr_t)ptr, len);
    800065c0:	04000693          	li	a3,64
    800065c4:	a80d                	j	800065f6 <htif_syscall>

00000000800065c6 <__init_tls>:
#include <string.h>

void __init_tls(void)
{
    800065c6:	1141                	addi	sp,sp,-16
    extern char __tdata_start[];
    extern char __tbss_offset[];
    extern char __tdata_size[];
    extern char __tbss_size[];

    memcpy(__thread_self, __tdata_start, (size_t)__tdata_size);
    800065c8:	00000613          	li	a2,0
    800065cc:	00000597          	auipc	a1,0x0
    800065d0:	25c58593          	addi	a1,a1,604 # 80006828 <__tbss_end>
    800065d4:	8512                	mv	a0,tp
{
    800065d6:	e022                	sd	s0,0(sp)
    800065d8:	e406                	sd	ra,8(sp)
    memcpy(__thread_self, __tdata_start, (size_t)__tdata_size);
    800065da:	8412                	mv	s0,tp
    800065dc:	dd3fe0ef          	jal	800053ae <memcpy>
    memset(__thread_self + (size_t)__tbss_offset, 0, (size_t)__tbss_size);
    800065e0:	00000513          	li	a0,0
    800065e4:	9522                	add	a0,a0,s0
}
    800065e6:	6402                	ld	s0,0(sp)
    800065e8:	60a2                	ld	ra,8(sp)
    memset(__thread_self + (size_t)__tbss_offset, 0, (size_t)__tbss_size);
    800065ea:	00000613          	li	a2,0
    800065ee:	4581                	li	a1,0
}
    800065f0:	0141                	addi	sp,sp,16
    memset(__thread_self + (size_t)__tbss_offset, 0, (size_t)__tbss_size);
    800065f2:	dadfe06f          	j	8000539e <memset>

00000000800065f6 <htif_syscall>:
volatile uint64_t fromhost __attribute__ ((section (".htif")));

static spinlock_t htif_lock = SPINLOCK_INIT;

long htif_syscall(uint64_t a0, uint64_t a1, uint64_t a2, unsigned long n)
{
    800065f6:	7139                	addi	sp,sp,-64
    volatile uint64_t buf[8];
    uint64_t sc;

    buf[0] = n;
    800065f8:	e036                	sd	a3,0(sp)
    buf[1] = a0;
    800065fa:	e42a                	sd	a0,8(sp)
    buf[2] = a1;
    buf[3] = a2;

    sc = HTIF_TOHOST(0, 0, (uintptr_t)&buf);
    800065fc:	fff007b7          	lui	a5,0xfff00
    buf[2] = a1;
    80006600:	e82e                	sd	a1,16(sp)
    sc = HTIF_TOHOST(0, 0, (uintptr_t)&buf);
    80006602:	83c1                	srli	a5,a5,0x10
    buf[3] = a2;
    80006604:	ec32                	sd	a2,24(sp)
    sc = HTIF_TOHOST(0, 0, (uintptr_t)&buf);
    80006606:	860a                	mv	a2,sp
    80006608:	8e7d                	and	a2,a2,a5
    spin_lock(&htif_lock);
    8000660a:	8f818713          	addi	a4,gp,-1800 # 800070b0 <htif_lock>

static inline long atomic_swap_acquire(atomic_t *p, atomic_t v)
{
    long n;
#ifdef __riscv_atomic
    __asm__ __volatile__ (
    8000660e:	56fd                	li	a3,-1
    return *((volatile const atomic_t *)p);
    80006610:	431c                	lw	a5,0(a4)

static inline void spin_lock(spinlock_t *lock)
{
    do {
#ifdef __riscv_atomic
        while (atomic_load(&lock->lock));
    80006612:	fffd                	bnez	a5,80006610 <htif_syscall+0x1a>
    __asm__ __volatile__ (
    80006614:	0cd727af          	amoswap.w.aq	a5,a3,(a4)
#endif
    } while (atomic_swap_acquire(&lock->lock, -1));
    80006618:	ffe5                	bnez	a5,80006610 <htif_syscall+0x1a>
static inline void wmb(void) { fence(w, w); }
    8000661a:	0110000f          	fence	w,w
    wmb();
    tohost = sc;
    8000661e:	00001697          	auipc	a3,0x1
    80006622:	8e268693          	addi	a3,a3,-1822 # 80006f00 <tohost>
    80006626:	e290                	sd	a2,0(a3)
    while (fromhost == 0);
    80006628:	669c                	ld	a5,8(a3)
    8000662a:	dffd                	beqz	a5,80006628 <htif_syscall+0x32>
    fromhost = 0;
    8000662c:	00001797          	auipc	a5,0x1
    80006630:	8c07be23          	sd	zero,-1828(a5) # 80006f08 <fromhost>
}

static inline void atomic_clear_release(atomic_t *p)
{
#ifdef __riscv_atomic
    __asm__ __volatile__ (
    80006634:	0a07202f          	amoswap.w.rl	zero,zero,(a4)
static inline void rmb(void) { fence(r, r); }
    80006638:	0220000f          	fence	r,r
    spin_unlock(&htif_lock);

    rmb();
    return buf[0];
    8000663c:	6502                	ld	a0,0(sp)
}
    8000663e:	6121                	addi	sp,sp,64
    80006640:	8082                	ret

0000000080006642 <atexit>:
    80006642:	85aa                	mv	a1,a0
    80006644:	4681                	li	a3,0
    80006646:	4601                	li	a2,0
    80006648:	4501                	li	a0,0
    8000664a:	a045                	j	800066ea <__register_exitproc>

000000008000664c <__errno>:
    8000664c:	00001517          	auipc	a0,0x1
    80006650:	96c53503          	ld	a0,-1684(a0) # 80006fb8 <_impure_ptr>
    80006654:	8082                	ret

0000000080006656 <__libc_init_array>:
    80006656:	1101                	addi	sp,sp,-32
    80006658:	e822                	sd	s0,16(sp)
    8000665a:	e426                	sd	s1,8(sp)
    8000665c:	00001417          	auipc	s0,0x1
    80006660:	88440413          	addi	s0,s0,-1916 # 80006ee0 <__fini_array_end>
    80006664:	00001497          	auipc	s1,0x1
    80006668:	87c48493          	addi	s1,s1,-1924 # 80006ee0 <__fini_array_end>
    8000666c:	8c81                	sub	s1,s1,s0
    8000666e:	e04a                	sd	s2,0(sp)
    80006670:	ec06                	sd	ra,24(sp)
    80006672:	848d                	srai	s1,s1,0x3
    80006674:	4901                	li	s2,0
    80006676:	02991563          	bne	s2,s1,800066a0 <__libc_init_array+0x4a>
    8000667a:	00001417          	auipc	s0,0x1
    8000667e:	86640413          	addi	s0,s0,-1946 # 80006ee0 <__fini_array_end>
    80006682:	00001497          	auipc	s1,0x1
    80006686:	85e48493          	addi	s1,s1,-1954 # 80006ee0 <__fini_array_end>
    8000668a:	8c81                	sub	s1,s1,s0
    8000668c:	848d                	srai	s1,s1,0x3
    8000668e:	4901                	li	s2,0
    80006690:	00991d63          	bne	s2,s1,800066aa <__libc_init_array+0x54>
    80006694:	60e2                	ld	ra,24(sp)
    80006696:	6442                	ld	s0,16(sp)
    80006698:	64a2                	ld	s1,8(sp)
    8000669a:	6902                	ld	s2,0(sp)
    8000669c:	6105                	addi	sp,sp,32
    8000669e:	8082                	ret
    800066a0:	601c                	ld	a5,0(s0)
    800066a2:	0905                	addi	s2,s2,1
    800066a4:	0421                	addi	s0,s0,8
    800066a6:	9782                	jalr	a5
    800066a8:	b7f9                	j	80006676 <__libc_init_array+0x20>
    800066aa:	601c                	ld	a5,0(s0)
    800066ac:	0905                	addi	s2,s2,1
    800066ae:	0421                	addi	s0,s0,8
    800066b0:	9782                	jalr	a5
    800066b2:	bff9                	j	80006690 <__libc_init_array+0x3a>

00000000800066b4 <__libc_fini_array>:
    800066b4:	1101                	addi	sp,sp,-32
    800066b6:	e822                	sd	s0,16(sp)
    800066b8:	e426                	sd	s1,8(sp)
    800066ba:	00001417          	auipc	s0,0x1
    800066be:	82640413          	addi	s0,s0,-2010 # 80006ee0 <__fini_array_end>
    800066c2:	00001497          	auipc	s1,0x1
    800066c6:	81e48493          	addi	s1,s1,-2018 # 80006ee0 <__fini_array_end>
    800066ca:	8c05                	sub	s0,s0,s1
    800066cc:	ec06                	sd	ra,24(sp)
    800066ce:	840d                	srai	s0,s0,0x3
    800066d0:	e411                	bnez	s0,800066dc <__libc_fini_array+0x28>
    800066d2:	60e2                	ld	ra,24(sp)
    800066d4:	6442                	ld	s0,16(sp)
    800066d6:	64a2                	ld	s1,8(sp)
    800066d8:	6105                	addi	sp,sp,32
    800066da:	8082                	ret
    800066dc:	147d                	addi	s0,s0,-1
    800066de:	00341793          	slli	a5,s0,0x3
    800066e2:	97a6                	add	a5,a5,s1
    800066e4:	639c                	ld	a5,0(a5)
    800066e6:	9782                	jalr	a5
    800066e8:	b7e5                	j	800066d0 <__libc_fini_array+0x1c>

00000000800066ea <__register_exitproc>:
    800066ea:	88aa                	mv	a7,a0
    800066ec:	90818513          	addi	a0,gp,-1784 # 800070c0 <__atexit>
    800066f0:	6118                	ld	a4,0(a0)
    800066f2:	ef01                	bnez	a4,8000670a <__register_exitproc+0x20>
    800066f4:	45018793          	addi	a5,gp,1104 # 80007c08 <__atexit0>
    800066f8:	e11c                	sd	a5,0(a0)
    800066fa:	00000713          	li	a4,0
    800066fe:	c701                	beqz	a4,80006706 <__register_exitproc+0x1c>
    80006700:	6318                	ld	a4,0(a4)
    80006702:	10e7b823          	sd	a4,272(a5)
    80006706:	45018713          	addi	a4,gp,1104 # 80007c08 <__atexit0>
    8000670a:	471c                	lw	a5,8(a4)
    8000670c:	487d                	li	a6,31
    8000670e:	557d                	li	a0,-1
    80006710:	04f84763          	blt	a6,a5,8000675e <__register_exitproc+0x74>
    80006714:	02088d63          	beqz	a7,8000674e <__register_exitproc+0x64>
    80006718:	11073803          	ld	a6,272(a4)
    8000671c:	04080163          	beqz	a6,8000675e <__register_exitproc+0x74>
    80006720:	00379513          	slli	a0,a5,0x3
    80006724:	9542                	add	a0,a0,a6
    80006726:	e110                	sd	a2,0(a0)
    80006728:	20082303          	lw	t1,512(a6)
    8000672c:	4605                	li	a2,1
    8000672e:	00f6163b          	sllw	a2,a2,a5
    80006732:	00c36333          	or	t1,t1,a2
    80006736:	20682023          	sw	t1,512(a6)
    8000673a:	10d53023          	sd	a3,256(a0)
    8000673e:	4689                	li	a3,2
    80006740:	00d89763          	bne	a7,a3,8000674e <__register_exitproc+0x64>
    80006744:	20482683          	lw	a3,516(a6)
    80006748:	8ed1                	or	a3,a3,a2
    8000674a:	20d82223          	sw	a3,516(a6)
    8000674e:	0017869b          	addiw	a3,a5,1
    80006752:	0789                	addi	a5,a5,2
    80006754:	078e                	slli	a5,a5,0x3
    80006756:	c714                	sw	a3,8(a4)
    80006758:	973e                	add	a4,a4,a5
    8000675a:	e30c                	sd	a1,0(a4)
    8000675c:	4501                	li	a0,0
    8000675e:	8082                	ret

0000000080006760 <__call_exitprocs>:
    80006760:	711d                	addi	sp,sp,-96
    80006762:	f852                	sd	s4,48(sp)
    80006764:	f456                	sd	s5,40(sp)
    80006766:	f05a                	sd	s6,32(sp)
    80006768:	ec5e                	sd	s7,24(sp)
    8000676a:	ec86                	sd	ra,88(sp)
    8000676c:	e8a2                	sd	s0,80(sp)
    8000676e:	e4a6                	sd	s1,72(sp)
    80006770:	e0ca                	sd	s2,64(sp)
    80006772:	fc4e                	sd	s3,56(sp)
    80006774:	e862                	sd	s8,16(sp)
    80006776:	e466                	sd	s9,8(sp)
    80006778:	8aaa                	mv	s5,a0
    8000677a:	8a2e                	mv	s4,a1
    8000677c:	90818b13          	addi	s6,gp,-1784 # 800070c0 <__atexit>
    80006780:	4b85                	li	s7,1
    80006782:	000b3483          	ld	s1,0(s6)
    80006786:	cc81                	beqz	s1,8000679e <__call_exitprocs+0x3e>
    80006788:	4480                	lw	s0,8(s1)
    8000678a:	1104b983          	ld	s3,272(s1)
    8000678e:	fff4091b          	addiw	s2,s0,-1
    80006792:	040e                	slli	s0,s0,0x3
    80006794:	00898cb3          	add	s9,s3,s0
    80006798:	9426                	add	s0,s0,s1
    8000679a:	00095f63          	bgez	s2,800067b8 <__call_exitprocs+0x58>
    8000679e:	60e6                	ld	ra,88(sp)
    800067a0:	6446                	ld	s0,80(sp)
    800067a2:	64a6                	ld	s1,72(sp)
    800067a4:	6906                	ld	s2,64(sp)
    800067a6:	79e2                	ld	s3,56(sp)
    800067a8:	7a42                	ld	s4,48(sp)
    800067aa:	7aa2                	ld	s5,40(sp)
    800067ac:	7b02                	ld	s6,32(sp)
    800067ae:	6be2                	ld	s7,24(sp)
    800067b0:	6c42                	ld	s8,16(sp)
    800067b2:	6ca2                	ld	s9,8(sp)
    800067b4:	6125                	addi	sp,sp,96
    800067b6:	8082                	ret
    800067b8:	000a0c63          	beqz	s4,800067d0 <__call_exitprocs+0x70>
    800067bc:	00099663          	bnez	s3,800067c8 <__call_exitprocs+0x68>
    800067c0:	397d                	addiw	s2,s2,-1
    800067c2:	1ce1                	addi	s9,s9,-8
    800067c4:	1461                	addi	s0,s0,-8
    800067c6:	bfd1                	j	8000679a <__call_exitprocs+0x3a>
    800067c8:	0f8cb783          	ld	a5,248(s9)
    800067cc:	ff479ae3          	bne	a5,s4,800067c0 <__call_exitprocs+0x60>
    800067d0:	449c                	lw	a5,8(s1)
    800067d2:	6418                	ld	a4,8(s0)
    800067d4:	37fd                	addiw	a5,a5,-1
    800067d6:	03279963          	bne	a5,s2,80006808 <__call_exitprocs+0xa8>
    800067da:	0124a423          	sw	s2,8(s1)
    800067de:	d36d                	beqz	a4,800067c0 <__call_exitprocs+0x60>
    800067e0:	0084ac03          	lw	s8,8(s1)
    800067e4:	00098963          	beqz	s3,800067f6 <__call_exitprocs+0x96>
    800067e8:	2009a783          	lw	a5,512(s3)
    800067ec:	012b96bb          	sllw	a3,s7,s2
    800067f0:	8ff5                	and	a5,a5,a3
    800067f2:	2781                	sext.w	a5,a5
    800067f4:	ef89                	bnez	a5,8000680e <__call_exitprocs+0xae>
    800067f6:	9702                	jalr	a4
    800067f8:	4498                	lw	a4,8(s1)
    800067fa:	000b3783          	ld	a5,0(s6)
    800067fe:	f98712e3          	bne	a4,s8,80006782 <__call_exitprocs+0x22>
    80006802:	faf48fe3          	beq	s1,a5,800067c0 <__call_exitprocs+0x60>
    80006806:	bfb5                	j	80006782 <__call_exitprocs+0x22>
    80006808:	00043423          	sd	zero,8(s0)
    8000680c:	bfc9                	j	800067de <__call_exitprocs+0x7e>
    8000680e:	2049a783          	lw	a5,516(s3)
    80006812:	ff8cb583          	ld	a1,-8(s9)
    80006816:	8ff5                	and	a5,a5,a3
    80006818:	2781                	sext.w	a5,a5
    8000681a:	e781                	bnez	a5,80006822 <__call_exitprocs+0xc2>
    8000681c:	8556                	mv	a0,s5
    8000681e:	9702                	jalr	a4
    80006820:	bfe1                	j	800067f8 <__call_exitprocs+0x98>
    80006822:	852e                	mv	a0,a1
    80006824:	9702                	jalr	a4
    80006826:	bfc9                	j	800067f8 <__call_exitprocs+0x98>
