
/home/wtl/Voyager/tapeout-Voyager/software/embench/build_meek/primecount.riscv:     file format elf64-littleriscv


Disassembly of section .text:

0000000080000000 <_start>:
    .global _start
    .type _start, @function
_start:
    .cfi_startproc

    li x1, 0
    80000000:	4081                	li	ra,0
    li x2, 0
    80000002:	4101                	li	sp,0
    li x3, 0
    80000004:	4181                	li	gp,0
    li x4, 0
    80000006:	4201                	li	tp,0
    li x5, 0
    80000008:	4281                	li	t0,0
    li x6, 0
    8000000a:	4301                	li	t1,0
    li x7, 0
    8000000c:	4381                	li	t2,0
    li x8, 0
    8000000e:	4401                	li	s0,0
    li x9, 0
    80000010:	4481                	li	s1,0
    li x10, 0
    80000012:	4501                	li	a0,0
    li x11, 0
    80000014:	4581                	li	a1,0
    li x12, 0
    80000016:	4601                	li	a2,0
    li x13, 0
    80000018:	4681                	li	a3,0
    li x14, 0
    8000001a:	4701                	li	a4,0
    li x15, 0
    8000001c:	4781                	li	a5,0
    li x16, 0
    8000001e:	4801                	li	a6,0
    li x17, 0
    80000020:	4881                	li	a7,0
    li x18, 0
    80000022:	4901                	li	s2,0
    li x19, 0
    80000024:	4981                	li	s3,0
    li x20, 0
    80000026:	4a01                	li	s4,0
    li x21, 0
    80000028:	4a81                	li	s5,0
    li x22, 0
    8000002a:	4b01                	li	s6,0
    li x23, 0
    8000002c:	4b81                	li	s7,0
    li x24, 0
    8000002e:	4c01                	li	s8,0
    li x25, 0
    80000030:	4c81                	li	s9,0
    li x26, 0
    80000032:	4d01                	li	s10,0
    li x27, 0
    80000034:	4d81                	li	s11,0
    li x28, 0
    80000036:	4e01                	li	t3,0
    li x29, 0
    80000038:	4e81                	li	t4,0
    li x30, 0
    8000003a:	4f01                	li	t5,0
    li x31, 0
    8000003c:	4f81                	li	t6,0

    li t0, (MSTATUS_FS | MSTATUS_XS | MSTATUS_VS)
    8000003e:	62f9                	lui	t0,0x1e
    80000040:	6002829b          	addiw	t0,t0,1536 # 1e600 <__stack_size+0x16600>
    csrs mstatus, t0
    80000044:	3002a073          	csrs	mstatus,t0

#ifdef __riscv_flen
    /* Initialize FPU if present */
    la t0, 1f
    80000048:	00000297          	auipc	t0,0x0
    8000004c:	09028293          	addi	t0,t0,144 # 800000d8 <_start+0xd8>
    csrw mtvec, t0
    80000050:	30529073          	csrw	mtvec,t0

    fscsr zero
    80000054:	00301073          	fscsr	zero
    fmv.s.x f0,  zero
    80000058:	f0000053          	fmv.w.x	ft0,zero
    fmv.s.x f1,  zero
    8000005c:	f00000d3          	fmv.w.x	ft1,zero
    fmv.s.x f2,  zero
    80000060:	f0000153          	fmv.w.x	ft2,zero
    fmv.s.x f3,  zero
    80000064:	f00001d3          	fmv.w.x	ft3,zero
    fmv.s.x f4,  zero
    80000068:	f0000253          	fmv.w.x	ft4,zero
    fmv.s.x f5,  zero
    8000006c:	f00002d3          	fmv.w.x	ft5,zero
    fmv.s.x f6,  zero
    80000070:	f0000353          	fmv.w.x	ft6,zero
    fmv.s.x f7,  zero
    80000074:	f00003d3          	fmv.w.x	ft7,zero
    fmv.s.x f8,  zero
    80000078:	f0000453          	fmv.w.x	fs0,zero
    fmv.s.x f9,  zero
    8000007c:	f00004d3          	fmv.w.x	fs1,zero
    fmv.s.x f10, zero
    80000080:	f0000553          	fmv.w.x	fa0,zero
    fmv.s.x f11, zero
    80000084:	f00005d3          	fmv.w.x	fa1,zero
    fmv.s.x f12, zero
    80000088:	f0000653          	fmv.w.x	fa2,zero
    fmv.s.x f13, zero
    8000008c:	f00006d3          	fmv.w.x	fa3,zero
    fmv.s.x f14, zero
    80000090:	f0000753          	fmv.w.x	fa4,zero
    fmv.s.x f15, zero
    80000094:	f00007d3          	fmv.w.x	fa5,zero
    fmv.s.x f16, zero
    80000098:	f0000853          	fmv.w.x	fa6,zero
    fmv.s.x f17, zero
    8000009c:	f00008d3          	fmv.w.x	fa7,zero
    fmv.s.x f18, zero
    800000a0:	f0000953          	fmv.w.x	fs2,zero
    fmv.s.x f19, zero
    800000a4:	f00009d3          	fmv.w.x	fs3,zero
    fmv.s.x f20, zero
    800000a8:	f0000a53          	fmv.w.x	fs4,zero
    fmv.s.x f21, zero
    800000ac:	f0000ad3          	fmv.w.x	fs5,zero
    fmv.s.x f22, zero
    800000b0:	f0000b53          	fmv.w.x	fs6,zero
    fmv.s.x f23, zero
    800000b4:	f0000bd3          	fmv.w.x	fs7,zero
    fmv.s.x f24, zero
    800000b8:	f0000c53          	fmv.w.x	fs8,zero
    fmv.s.x f25, zero
    800000bc:	f0000cd3          	fmv.w.x	fs9,zero
    fmv.s.x f26, zero
    800000c0:	f0000d53          	fmv.w.x	fs10,zero
    fmv.s.x f27, zero
    800000c4:	f0000dd3          	fmv.w.x	fs11,zero
    fmv.s.x f28, zero
    800000c8:	f0000e53          	fmv.w.x	ft8,zero
    fmv.s.x f29, zero
    800000cc:	f0000ed3          	fmv.w.x	ft9,zero
    fmv.s.x f30, zero
    800000d0:	f0000f53          	fmv.w.x	ft10,zero
    fmv.s.x f31, zero
    800000d4:	f0000fd3          	fmv.w.x	ft11,zero

    /* Initialize global pointer; disable relaxation to avoid relaxing
       the address calculation to "addi gp, gp, 0" */
    .option push
    .option norelax
    la gp, __global_pointer$
    800000d8:	00003197          	auipc	gp,0x3
    800000dc:	52018193          	addi	gp,gp,1312 # 800035f8 <__global_pointer$>
    .option pop

    /* Initialize thread pointer */
    csrr s0, mhartid
    800000e0:	f1402473          	csrr	s0,mhartid
    lui t0, %hi(__stack_shift)
    addi t0, t0, %lo(__stack_shift)
    800000e4:	00f00293          	li	t0,15
    la tp, __stack_start
    800000e8:	00024217          	auipc	tp,0x24
    800000ec:	f1820213          	addi	tp,tp,-232 # 80024000 <__heap_end>
    sll t0, s0, t0
    800000f0:	005412b3          	sll	t0,s0,t0
    add tp, tp, t0
    800000f4:	9216                	add	tp,tp,t0

    /* Initialize stack pointer */
    lui t0, %hi(__stack_size)
    800000f6:	62a1                	lui	t0,0x8
    addi t0, t0, %lo(__stack_size)
    800000f8:	00028293          	mv	t0,t0
    add sp, tp, t0
    800000fc:	00520133          	add	sp,tp,t0

    /* Initialize trap vector */
    la t0, trap_entry
    80000100:	00000297          	auipc	t0,0x0
    80000104:	04428293          	addi	t0,t0,68 # 80000144 <trap_entry>
    csrw mtvec, t0
    80000108:	30529073          	csrw	mtvec,t0

    /* Initialize TLS */
    call __init_tls
    8000010c:	76e020ef          	jal	8000287a <__init_tls>

    /* Skip global initialization if not the designated boot hart */
    la t0, __boot_hart
    80000110:	00000293          	li	t0,0
    bne s0, t0, _start_secondary
    80000114:	00540463          	beq	s0,t0,8000011c <_start+0x11c>
    80000118:	0f60006f          	j	8000020e <_start_secondary>

    /* Zero BSS segment */
    la t0, __bss_start
    8000011c:	82018293          	addi	t0,gp,-2016 # 80002e18 <uart_lock>
    la t1, __bss_end
    80000120:	bc018313          	addi	t1,gp,-1088 # 800031b8 <_end>
    bgeu t0, t1, 2f
    80000124:	0062f763          	bgeu	t0,t1,80000132 <_start+0x132>
1:
    SREG zero, (t0)
    80000128:	0002b023          	sd	zero,0(t0)
    addi t0, t0, REGBYTES
    8000012c:	02a1                	addi	t0,t0,8
    bltu t0, t1, 1b
    8000012e:	fe62ede3          	bltu	t0,t1,80000128 <_start+0x128>
2:

    /* Call global constructors */
    la a0, __libc_fini_array
    80000132:	00003517          	auipc	a0,0x3
    80000136:	83650513          	addi	a0,a0,-1994 # 80002968 <__libc_fini_array>
    call atexit
    8000013a:	7bc020ef          	jal	800028f6 <atexit>
    call __libc_init_array
    8000013e:	7cc020ef          	jal	8000290a <__libc_init_array>

    /* Call main function */
    tail _start_main
    80000142:	a075                	j	800001ee <_start_main>

0000000080000144 <trap_entry>:
    .cfi_endproc


    .align 2
trap_entry:
    csrw mscratch, sp
    80000144:	34011073          	csrw	mscratch,sp
    addi sp, sp, -(32*REGBYTES)
    80000148:	7111                	addi	sp,sp,-256

    /* Save trap frame */
    SREG x1, 1*REGBYTES(sp)
    8000014a:	e406                	sd	ra,8(sp)
    csrr x1, mscratch
    8000014c:	340020f3          	csrr	ra,mscratch
    SREG x1, 2*REGBYTES(sp)
    80000150:	e806                	sd	ra,16(sp)
    SREG x3, 3*REGBYTES(sp)
    80000152:	ec0e                	sd	gp,24(sp)
    SREG x4, 4*REGBYTES(sp)
    80000154:	f012                	sd	tp,32(sp)
    SREG x5, 5*REGBYTES(sp)
    80000156:	f416                	sd	t0,40(sp)
    SREG x6, 6*REGBYTES(sp)
    80000158:	f81a                	sd	t1,48(sp)
    SREG x7, 7*REGBYTES(sp)
    8000015a:	fc1e                	sd	t2,56(sp)
    SREG x8, 8*REGBYTES(sp)
    8000015c:	e0a2                	sd	s0,64(sp)
    SREG x9, 9*REGBYTES(sp)
    8000015e:	e4a6                	sd	s1,72(sp)
    SREG x10, 10*REGBYTES(sp)
    80000160:	e8aa                	sd	a0,80(sp)
    SREG x11, 11*REGBYTES(sp)
    80000162:	ecae                	sd	a1,88(sp)
    SREG x12, 12*REGBYTES(sp)
    80000164:	f0b2                	sd	a2,96(sp)
    SREG x13, 13*REGBYTES(sp)
    80000166:	f4b6                	sd	a3,104(sp)
    SREG x14, 14*REGBYTES(sp)
    80000168:	f8ba                	sd	a4,112(sp)
    SREG x15, 15*REGBYTES(sp)
    8000016a:	fcbe                	sd	a5,120(sp)
    SREG x16, 16*REGBYTES(sp)
    8000016c:	e142                	sd	a6,128(sp)
    SREG x17, 17*REGBYTES(sp)
    8000016e:	e546                	sd	a7,136(sp)
    SREG x18, 18*REGBYTES(sp)
    80000170:	e94a                	sd	s2,144(sp)
    SREG x19, 19*REGBYTES(sp)
    80000172:	ed4e                	sd	s3,152(sp)
    SREG x20, 20*REGBYTES(sp)
    80000174:	f152                	sd	s4,160(sp)
    SREG x21, 21*REGBYTES(sp)
    80000176:	f556                	sd	s5,168(sp)
    SREG x22, 22*REGBYTES(sp)
    80000178:	f95a                	sd	s6,176(sp)
    SREG x23, 23*REGBYTES(sp)
    8000017a:	fd5e                	sd	s7,184(sp)
    SREG x24, 24*REGBYTES(sp)
    8000017c:	e1e2                	sd	s8,192(sp)
    SREG x25, 25*REGBYTES(sp)
    8000017e:	e5e6                	sd	s9,200(sp)
    SREG x26, 26*REGBYTES(sp)
    80000180:	e9ea                	sd	s10,208(sp)
    SREG x27, 27*REGBYTES(sp)
    80000182:	edee                	sd	s11,216(sp)
    SREG x28, 28*REGBYTES(sp)
    80000184:	f1f2                	sd	t3,224(sp)
    SREG x29, 29*REGBYTES(sp)
    80000186:	f5f6                	sd	t4,232(sp)
    SREG x30, 30*REGBYTES(sp)
    80000188:	f9fa                	sd	t5,240(sp)
    SREG x31, 31*REGBYTES(sp)
    8000018a:	fdfe                	sd	t6,248(sp)

    /* Invoke higher-level trap handler */
    csrr a0, mepc
    8000018c:	34102573          	csrr	a0,mepc
    csrr a1, mcause
    80000190:	342025f3          	csrr	a1,mcause
    csrr a2, mtval
    80000194:	34302673          	csrr	a2,mtval
    mv a3, sp
    80000198:	868a                	mv	a3,sp
    call handle_trap
    8000019a:	142000ef          	jal	800002dc <handle_trap>
    csrw mepc, a0
    8000019e:	34151073          	csrw	mepc,a0

    /* Remain in M-mode after return */
    li t0, MSTATUS_MPP
    800001a2:	6289                	lui	t0,0x2
    800001a4:	8002829b          	addiw	t0,t0,-2048 # 1800 <__stack_align+0x17f0>
    csrs mstatus, t0
    800001a8:	3002a073          	csrs	mstatus,t0

    LREG x1, 1*REGBYTES(sp)
    800001ac:	60a2                	ld	ra,8(sp)
    LREG x3, 3*REGBYTES(sp)
    800001ae:	61e2                	ld	gp,24(sp)
    LREG x4, 4*REGBYTES(sp)
    800001b0:	7202                	ld	tp,32(sp)
    LREG x5, 5*REGBYTES(sp)
    800001b2:	72a2                	ld	t0,40(sp)
    LREG x6, 6*REGBYTES(sp)
    800001b4:	7342                	ld	t1,48(sp)
    LREG x7, 7*REGBYTES(sp)
    800001b6:	73e2                	ld	t2,56(sp)
    LREG x8, 8*REGBYTES(sp)
    800001b8:	6406                	ld	s0,64(sp)
    LREG x9, 9*REGBYTES(sp)
    800001ba:	64a6                	ld	s1,72(sp)
    LREG x10, 10*REGBYTES(sp)
    800001bc:	6546                	ld	a0,80(sp)
    LREG x11, 11*REGBYTES(sp)
    800001be:	65e6                	ld	a1,88(sp)
    LREG x12, 12*REGBYTES(sp)
    800001c0:	7606                	ld	a2,96(sp)
    LREG x13, 13*REGBYTES(sp)
    800001c2:	76a6                	ld	a3,104(sp)
    LREG x14, 14*REGBYTES(sp)
    800001c4:	7746                	ld	a4,112(sp)
    LREG x15, 15*REGBYTES(sp)
    800001c6:	77e6                	ld	a5,120(sp)
    LREG x16, 16*REGBYTES(sp)
    800001c8:	680a                	ld	a6,128(sp)
    LREG x17, 17*REGBYTES(sp)
    800001ca:	68aa                	ld	a7,136(sp)
    LREG x18, 18*REGBYTES(sp)
    800001cc:	694a                	ld	s2,144(sp)
    LREG x19, 19*REGBYTES(sp)
    800001ce:	69ea                	ld	s3,152(sp)
    LREG x20, 20*REGBYTES(sp)
    800001d0:	7a0a                	ld	s4,160(sp)
    LREG x21, 21*REGBYTES(sp)
    800001d2:	7aaa                	ld	s5,168(sp)
    LREG x22, 22*REGBYTES(sp)
    800001d4:	7b4a                	ld	s6,176(sp)
    LREG x23, 23*REGBYTES(sp)
    800001d6:	7bea                	ld	s7,184(sp)
    LREG x24, 24*REGBYTES(sp)
    800001d8:	6c0e                	ld	s8,192(sp)
    LREG x25, 25*REGBYTES(sp)
    800001da:	6cae                	ld	s9,200(sp)
    LREG x26, 26*REGBYTES(sp)
    800001dc:	6d4e                	ld	s10,208(sp)
    LREG x27, 27*REGBYTES(sp)
    800001de:	6dee                	ld	s11,216(sp)
    LREG x28, 28*REGBYTES(sp)
    800001e0:	7e0e                	ld	t3,224(sp)
    LREG x29, 29*REGBYTES(sp)
    800001e2:	7eae                	ld	t4,232(sp)
    LREG x30, 30*REGBYTES(sp)
    800001e4:	7f4e                	ld	t5,240(sp)
    LREG x31, 31*REGBYTES(sp)
    800001e6:	7fee                	ld	t6,248(sp)
    /* Restore sp last */
    LREG x2, 2*REGBYTES(sp)
    800001e8:	6142                	ld	sp,16(sp)

    mret
    800001ea:	30200073          	mret

00000000800001ee <_start_main>:
    .endm

    .global _start_main
    .type _start_main, @function
_start_main:
    BARRIER_PASS __boot_sync
    800001ee:	52fd                	li	t0,-1
    800001f0:	0110000f          	fence	w,w
    800001f4:	aa51a023          	sw	t0,-1376(gp) # 80003098 <__boot_sync>
    ENTER main
    800001f8:	4505                	li	a0,1
    800001fa:	00003597          	auipc	a1,0x3
    800001fe:	afe58593          	addi	a1,a1,-1282 # 80002cf8 <argv>
    80000202:	8101b603          	ld	a2,-2032(gp) # 80002e08 <environ>
    80000206:	02a000ef          	jal	80000230 <main>
    8000020a:	5150006f          	j	80000f1e <exit>

000000008000020e <_start_secondary>:

    .global _start_secondary
    .type _start_secondary, @function
_start_secondary:
    /* Synchronize secondary harts */
    BARRIER_WAIT __boot_sync
    8000020e:	aa01a283          	lw	t0,-1376(gp) # 80003098 <__boot_sync>
    80000212:	fe028ee3          	beqz	t0,8000020e <_start_secondary>
    80000216:	0220000f          	fence	r,r
    ENTER __main
    8000021a:	4505                	li	a0,1
    8000021c:	00003597          	auipc	a1,0x3
    80000220:	adc58593          	addi	a1,a1,-1316 # 80002cf8 <argv>
    80000224:	8101b603          	ld	a2,-2032(gp) # 80002e08 <environ>
    80000228:	710000ef          	jal	80000938 <__main>
    8000022c:	4f30006f          	j	80000f1e <exit>

0000000080000230 <main>:
    80000230:	fe010113          	addi	sp,sp,-32
    80000234:	00113c23          	sd	ra,24(sp)
    80000238:	15d000ef          	jal	80000b94 <initialise_board>
    8000023c:	481000ef          	jal	80000ebc <initialise_benchmark>
    80000240:	00100513          	li	a0,1
    80000244:	46d000ef          	jal	80000eb0 <warm_caches>
    80000248:	2d0000ef          	jal	80000518 <rStartup>
    8000024c:	151000ef          	jal	80000b9c <start_trigger>
    80000250:	465000ef          	jal	80000eb4 <benchmark>
    80000254:	00a12623          	sw	a0,12(sp)
    80000258:	14d000ef          	jal	80000ba4 <stop_trigger>
    8000025c:	698000ef          	jal	800008f4 <rCleanup>
    80000260:	00c12503          	lw	a0,12(sp)
    80000264:	45d000ef          	jal	80000ec0 <verify_benchmark>
    80000268:	01813083          	ld	ra,24(sp)
    8000026c:	00153513          	seqz	a0,a0
    80000270:	02010113          	addi	sp,sp,32
    80000274:	00008067          	ret

0000000080000278 <mtimecmp_cfg>:
    80000278:	f1402873          	csrr	a6,mhartid
    8000027c:	004017b7          	lui	a5,0x401
    80000280:	80078793          	addi	a5,a5,-2048 # 400800 <__heap_size+0x3e0800>
    80000284:	00f80833          	add	a6,a6,a5
    80000288:	0200c6b7          	lui	a3,0x200c
    8000028c:	0200c537          	lui	a0,0x200c
    80000290:	00381813          	slli	a6,a6,0x3
    80000294:	ffc68693          	addi	a3,a3,-4 # 200bffc <__heap_size+0x1febffc>
    80000298:	ff850513          	addi	a0,a0,-8 # 200bff8 <__heap_size+0x1febff8>
    8000029c:	0006a703          	lw	a4,0(a3)
    800002a0:	00052783          	lw	a5,0(a0)
    800002a4:	0006a583          	lw	a1,0(a3)
    800002a8:	0007061b          	sext.w	a2,a4
    800002ac:	0007879b          	sext.w	a5,a5
    800002b0:	feb716e3          	bne	a4,a1,8000029c <mtimecmp_cfg+0x24>
    800002b4:	02079793          	slli	a5,a5,0x20
    800002b8:	0207d793          	srli	a5,a5,0x20
    800002bc:	02061613          	slli	a2,a2,0x20
    800002c0:	00f66633          	or	a2,a2,a5
    800002c4:	02060613          	addi	a2,a2,32
    800002c8:	0006079b          	sext.w	a5,a2
    800002cc:	00f82023          	sw	a5,0(a6)
    800002d0:	42065613          	srai	a2,a2,0x20
    800002d4:	00c82223          	sw	a2,4(a6)
    800002d8:	00008067          	ret

00000000800002dc <handle_trap>:
    800002dc:	f14027f3          	csrr	a5,mhartid
    800002e0:	0805dc63          	bgez	a1,80000378 <handle_trap+0x9c>
    800002e4:	34402773          	csrr	a4,mip
    800002e8:	00877713          	andi	a4,a4,8
    800002ec:	00070c63          	beqz	a4,80000304 <handle_trap+0x28>
    800002f0:	00800737          	lui	a4,0x800
    800002f4:	00e787b3          	add	a5,a5,a4
    800002f8:	00279793          	slli	a5,a5,0x2
    800002fc:	0007a023          	sw	zero,0(a5)
    80000300:	00008067          	ret
    80000304:	34402773          	csrr	a4,mip
    80000308:	08077713          	andi	a4,a4,128
    8000030c:	06070a63          	beqz	a4,80000380 <handle_trap+0xa4>
    80000310:	06079e63          	bnez	a5,8000038c <handle_trap+0xb0>
    80000314:	8801a783          	lw	a5,-1920(gp) # 80002e78 <timer_flags>
    80000318:	88018713          	addi	a4,gp,-1920 # 80002e78 <timer_flags>
    8000031c:	0017879b          	addiw	a5,a5,1
    80000320:	00f72023          	sw	a5,0(a4) # 800000 <__heap_size+0x7e0000>
    80000324:	00072683          	lw	a3,0(a4)
    80000328:	03100793          	li	a5,49
    8000032c:	0cd7ce63          	blt	a5,a3,80000408 <handle_trap+0x12c>
    80000330:	0200c6b7          	lui	a3,0x200c
    80000334:	0200c837          	lui	a6,0x200c
    80000338:	ffc68693          	addi	a3,a3,-4 # 200bffc <__heap_size+0x1febffc>
    8000033c:	ff880813          	addi	a6,a6,-8 # 200bff8 <__heap_size+0x1febff8>
    80000340:	0006a703          	lw	a4,0(a3)
    80000344:	00082783          	lw	a5,0(a6)
    80000348:	0006a603          	lw	a2,0(a3)
    8000034c:	0007059b          	sext.w	a1,a4
    80000350:	0007879b          	sext.w	a5,a5
    80000354:	fec716e3          	bne	a4,a2,80000340 <handle_trap+0x64>
    80000358:	02079793          	slli	a5,a5,0x20
    8000035c:	02059593          	slli	a1,a1,0x20
    80000360:	0207d793          	srli	a5,a5,0x20
    80000364:	00f5e7b3          	or	a5,a1,a5
    80000368:	02078793          	addi	a5,a5,32
    8000036c:	02004737          	lui	a4,0x2004
    80000370:	00f73023          	sd	a5,0(a4) # 2004000 <__heap_size+0x1fe4000>
    80000374:	00008067          	ret
    80000378:	00b00793          	li	a5,11
    8000037c:	00f58463          	beq	a1,a5,80000384 <handle_trap+0xa8>
    80000380:	00008067          	ret
    80000384:	00450513          	addi	a0,a0,4
    80000388:	00008067          	ret
    8000038c:	00100713          	li	a4,1
    80000390:	08e78e63          	beq	a5,a4,8000042c <handle_trap+0x150>
    80000394:	00200713          	li	a4,2
    80000398:	0ee78c63          	beq	a5,a4,80000490 <handle_trap+0x1b4>
    8000039c:	00300713          	li	a4,3
    800003a0:	fee790e3          	bne	a5,a4,80000380 <handle_trap+0xa4>
    800003a4:	88c1a783          	lw	a5,-1908(gp) # 80002e84 <timer_flags+0xc>
    800003a8:	88018713          	addi	a4,gp,-1920 # 80002e78 <timer_flags>
    800003ac:	0017879b          	addiw	a5,a5,1
    800003b0:	00f72623          	sw	a5,12(a4)
    800003b4:	00c72683          	lw	a3,12(a4)
    800003b8:	03100793          	li	a5,49
    800003bc:	14d7c863          	blt	a5,a3,8000050c <handle_trap+0x230>
    800003c0:	0200c6b7          	lui	a3,0x200c
    800003c4:	0200c837          	lui	a6,0x200c
    800003c8:	ffc68693          	addi	a3,a3,-4 # 200bffc <__heap_size+0x1febffc>
    800003cc:	ff880813          	addi	a6,a6,-8 # 200bff8 <__heap_size+0x1febff8>
    800003d0:	0006a703          	lw	a4,0(a3)
    800003d4:	00082783          	lw	a5,0(a6)
    800003d8:	0006a603          	lw	a2,0(a3)
    800003dc:	0007059b          	sext.w	a1,a4
    800003e0:	0007879b          	sext.w	a5,a5
    800003e4:	fec716e3          	bne	a4,a2,800003d0 <handle_trap+0xf4>
    800003e8:	02079793          	slli	a5,a5,0x20
    800003ec:	02059593          	slli	a1,a1,0x20
    800003f0:	0207d793          	srli	a5,a5,0x20
    800003f4:	00f5e7b3          	or	a5,a1,a5
    800003f8:	02004737          	lui	a4,0x2004
    800003fc:	02078793          	addi	a5,a5,32
    80000400:	00f73c23          	sd	a5,24(a4) # 2004018 <__heap_size+0x1fe4018>
    80000404:	00008067          	ret
    80000408:	00072703          	lw	a4,0(a4)
    8000040c:	f6e7dae3          	bge	a5,a4,80000380 <handle_trap+0xa4>
    80000410:	304027f3          	csrr	a5,mie
    80000414:	f7f7f793          	andi	a5,a5,-129
    80000418:	30479073          	csrw	mie,a5
    8000041c:	300027f3          	csrr	a5,mstatus
    80000420:	ff77f793          	andi	a5,a5,-9
    80000424:	30079073          	csrw	mstatus,a5
    80000428:	00008067          	ret
    8000042c:	8841a783          	lw	a5,-1916(gp) # 80002e7c <timer_flags+0x4>
    80000430:	88018713          	addi	a4,gp,-1920 # 80002e78 <timer_flags>
    80000434:	0017879b          	addiw	a5,a5,1
    80000438:	00f72223          	sw	a5,4(a4)
    8000043c:	00472683          	lw	a3,4(a4)
    80000440:	03100793          	li	a5,49
    80000444:	0ad7c863          	blt	a5,a3,800004f4 <handle_trap+0x218>
    80000448:	0200c6b7          	lui	a3,0x200c
    8000044c:	0200c837          	lui	a6,0x200c
    80000450:	ffc68693          	addi	a3,a3,-4 # 200bffc <__heap_size+0x1febffc>
    80000454:	ff880813          	addi	a6,a6,-8 # 200bff8 <__heap_size+0x1febff8>
    80000458:	0006a703          	lw	a4,0(a3)
    8000045c:	00082783          	lw	a5,0(a6)
    80000460:	0006a603          	lw	a2,0(a3)
    80000464:	0007059b          	sext.w	a1,a4
    80000468:	0007879b          	sext.w	a5,a5
    8000046c:	fec716e3          	bne	a4,a2,80000458 <handle_trap+0x17c>
    80000470:	02079793          	slli	a5,a5,0x20
    80000474:	02059593          	slli	a1,a1,0x20
    80000478:	0207d793          	srli	a5,a5,0x20
    8000047c:	00f5e7b3          	or	a5,a1,a5
    80000480:	02004737          	lui	a4,0x2004
    80000484:	02078793          	addi	a5,a5,32
    80000488:	00f73423          	sd	a5,8(a4) # 2004008 <__heap_size+0x1fe4008>
    8000048c:	00008067          	ret
    80000490:	8881a783          	lw	a5,-1912(gp) # 80002e80 <timer_flags+0x8>
    80000494:	88018713          	addi	a4,gp,-1920 # 80002e78 <timer_flags>
    80000498:	0017879b          	addiw	a5,a5,1
    8000049c:	00f72423          	sw	a5,8(a4)
    800004a0:	00872683          	lw	a3,8(a4)
    800004a4:	03100793          	li	a5,49
    800004a8:	04d7cc63          	blt	a5,a3,80000500 <handle_trap+0x224>
    800004ac:	0200c6b7          	lui	a3,0x200c
    800004b0:	0200c837          	lui	a6,0x200c
    800004b4:	ffc68693          	addi	a3,a3,-4 # 200bffc <__heap_size+0x1febffc>
    800004b8:	ff880813          	addi	a6,a6,-8 # 200bff8 <__heap_size+0x1febff8>
    800004bc:	0006a703          	lw	a4,0(a3)
    800004c0:	00082783          	lw	a5,0(a6)
    800004c4:	0006a603          	lw	a2,0(a3)
    800004c8:	0007059b          	sext.w	a1,a4
    800004cc:	0007879b          	sext.w	a5,a5
    800004d0:	fec716e3          	bne	a4,a2,800004bc <handle_trap+0x1e0>
    800004d4:	02079793          	slli	a5,a5,0x20
    800004d8:	02059593          	slli	a1,a1,0x20
    800004dc:	0207d793          	srli	a5,a5,0x20
    800004e0:	00f5e7b3          	or	a5,a1,a5
    800004e4:	02004737          	lui	a4,0x2004
    800004e8:	02078793          	addi	a5,a5,32
    800004ec:	00f73823          	sd	a5,16(a4) # 2004010 <__heap_size+0x1fe4010>
    800004f0:	00008067          	ret
    800004f4:	00472703          	lw	a4,4(a4)
    800004f8:	e8e7d4e3          	bge	a5,a4,80000380 <handle_trap+0xa4>
    800004fc:	f15ff06f          	j	80000410 <handle_trap+0x134>
    80000500:	00872703          	lw	a4,8(a4)
    80000504:	e6e7dee3          	bge	a5,a4,80000380 <handle_trap+0xa4>
    80000508:	f09ff06f          	j	80000410 <handle_trap+0x134>
    8000050c:	00c72703          	lw	a4,12(a4)
    80000510:	e6e7d8e3          	bge	a5,a4,80000380 <handle_trap+0xa4>
    80000514:	efdff06f          	j	80000410 <handle_trap+0x134>

0000000080000518 <rStartup>:
    80000518:	ff010113          	addi	sp,sp,-16
    8000051c:	00113423          	sd	ra,8(sp)
    80000520:	00813023          	sd	s0,0(sp)
    80000524:	00400593          	li	a1,4
    80000528:	3805a02b          	.word	0x3805a02b
    8000052c:	006405b7          	lui	a1,0x640
    80000530:	01258593          	addi	a1,a1,18 # 640012 <__heap_size+0x620012>
    80000534:	00200613          	li	a2,2
    80000538:	0cc5b02b          	.word	0x0cc5b02b
    8000053c:	106405b7          	lui	a1,0x10640
    80000540:	01258593          	addi	a1,a1,18 # 10640012 <__heap_size+0x10620012>
    80000544:	0cc5b02b          	.word	0x0cc5b02b
    80000548:	206405b7          	lui	a1,0x20640
    8000054c:	01258593          	addi	a1,a1,18 # 20640012 <__heap_size+0x20620012>
    80000550:	0cc5b02b          	.word	0x0cc5b02b
    80000554:	306405b7          	lui	a1,0x30640
    80000558:	01258593          	addi	a1,a1,18 # 30640012 <__heap_size+0x30620012>
    8000055c:	0cc5b02b          	.word	0x0cc5b02b
    80000560:	406405b7          	lui	a1,0x40640
    80000564:	01258593          	addi	a1,a1,18 # 40640012 <__heap_size+0x40620012>
    80000568:	0cc5b02b          	.word	0x0cc5b02b
    8000056c:	506405b7          	lui	a1,0x50640
    80000570:	01258593          	addi	a1,a1,18 # 50640012 <__heap_size+0x50620012>
    80000574:	0cc5b02b          	.word	0x0cc5b02b
    80000578:	606405b7          	lui	a1,0x60640
    8000057c:	01258593          	addi	a1,a1,18 # 60640012 <__heap_size+0x60620012>
    80000580:	0cc5b02b          	.word	0x0cc5b02b
    80000584:	20e405b7          	lui	a1,0x20e40
    80000588:	01258593          	addi	a1,a1,18 # 20e40012 <__heap_size+0x20e20012>
    8000058c:	0cc5b02b          	.word	0x0cc5b02b
    80000590:	30e405b7          	lui	a1,0x30e40
    80000594:	01258593          	addi	a1,a1,18 # 30e40012 <__heap_size+0x30e20012>
    80000598:	0cc5b02b          	.word	0x0cc5b02b
    8000059c:	40e405b7          	lui	a1,0x40e40
    800005a0:	01258593          	addi	a1,a1,18 # 40e40012 <__heap_size+0x40e20012>
    800005a4:	0cc5b02b          	.word	0x0cc5b02b
    800005a8:	02001737          	lui	a4,0x2001
    800005ac:	00671713          	slli	a4,a4,0x6
    800005b0:	00100693          	li	a3,1
    800005b4:	200007b7          	lui	a5,0x20000
    800005b8:	01270713          	addi	a4,a4,18 # 2001012 <__heap_size+0x1fe1012>
    800005bc:	10000537          	lui	a0,0x10000
    800005c0:	01f69693          	slli	a3,a3,0x1f
    800005c4:	00e7e5b3          	or	a1,a5,a4
    800005c8:	00200613          	li	a2,2
    800005cc:	0cc5b02b          	.word	0x0cc5b02b
    800005d0:	00a787b3          	add	a5,a5,a0
    800005d4:	fed798e3          	bne	a5,a3,800005c4 <rStartup+0xac>
    800005d8:	02011737          	lui	a4,0x2011
    800005dc:	00671713          	slli	a4,a4,0x6
    800005e0:	00100693          	li	a3,1
    800005e4:	200007b7          	lui	a5,0x20000
    800005e8:	01270713          	addi	a4,a4,18 # 2011012 <__heap_size+0x1ff1012>
    800005ec:	10000537          	lui	a0,0x10000
    800005f0:	01f69693          	slli	a3,a3,0x1f
    800005f4:	00e7e5b3          	or	a1,a5,a4
    800005f8:	00200613          	li	a2,2
    800005fc:	0cc5b02b          	.word	0x0cc5b02b
    80000600:	00a787b3          	add	a5,a5,a0
    80000604:	fed798e3          	bne	a5,a3,800005f4 <rStartup+0xdc>
    80000608:	046605b7          	lui	a1,0x4660
    8000060c:	02258593          	addi	a1,a1,34 # 4660022 <__heap_size+0x4640022>
    80000610:	0cc5b02b          	.word	0x0cc5b02b
    80000614:	146605b7          	lui	a1,0x14660
    80000618:	02258593          	addi	a1,a1,34 # 14660022 <__heap_size+0x14640022>
    8000061c:	0cc5b02b          	.word	0x0cc5b02b
    80000620:	246605b7          	lui	a1,0x24660
    80000624:	02258593          	addi	a1,a1,34 # 24660022 <__heap_size+0x24640022>
    80000628:	0cc5b02b          	.word	0x0cc5b02b
    8000062c:	346605b7          	lui	a1,0x34660
    80000630:	02258593          	addi	a1,a1,34 # 34660022 <__heap_size+0x34640022>
    80000634:	0cc5b02b          	.word	0x0cc5b02b
    80000638:	24e605b7          	lui	a1,0x24e60
    8000063c:	02258593          	addi	a1,a1,34 # 24e60022 <__heap_size+0x24e40022>
    80000640:	0cc5b02b          	.word	0x0cc5b02b
    80000644:	34e605b7          	lui	a1,0x34e60
    80000648:	02258593          	addi	a1,a1,34 # 34e60022 <__heap_size+0x34e40022>
    8000064c:	0cc5b02b          	.word	0x0cc5b02b
    80000650:	44e605b7          	lui	a1,0x44e60
    80000654:	02258593          	addi	a1,a1,34 # 44e60022 <__heap_size+0x44e40022>
    80000658:	0cc5b02b          	.word	0x0cc5b02b
    8000065c:	04043737          	lui	a4,0x4043
    80000660:	00571713          	slli	a4,a4,0x5
    80000664:	00100693          	li	a3,1
    80000668:	200007b7          	lui	a5,0x20000
    8000066c:	02270713          	addi	a4,a4,34 # 4043022 <__heap_size+0x4023022>
    80000670:	10000537          	lui	a0,0x10000
    80000674:	01f69693          	slli	a3,a3,0x1f
    80000678:	00e7e5b3          	or	a1,a5,a4
    8000067c:	00200613          	li	a2,2
    80000680:	0cc5b02b          	.word	0x0cc5b02b
    80000684:	00a787b3          	add	a5,a5,a0
    80000688:	fed798e3          	bne	a5,a3,80000678 <rStartup+0x160>
    8000068c:	04063737          	lui	a4,0x4063
    80000690:	00571713          	slli	a4,a4,0x5
    80000694:	00100693          	li	a3,1
    80000698:	200007b7          	lui	a5,0x20000
    8000069c:	02270713          	addi	a4,a4,34 # 4063022 <__heap_size+0x4043022>
    800006a0:	10000537          	lui	a0,0x10000
    800006a4:	01f69693          	slli	a3,a3,0x1f
    800006a8:	00e7e5b3          	or	a1,a5,a4
    800006ac:	00200613          	li	a2,2
    800006b0:	0cc5b02b          	.word	0x0cc5b02b
    800006b4:	00a787b3          	add	a5,a5,a0
    800006b8:	fed798e3          	bne	a5,a3,800006a8 <rStartup+0x190>
    800006bc:	1e6205b7          	lui	a1,0x1e620
    800006c0:	03258593          	addi	a1,a1,50 # 1e620032 <__heap_size+0x1e600032>
    800006c4:	0cc5b02b          	.word	0x0cc5b02b
    800006c8:	2e6205b7          	lui	a1,0x2e620
    800006cc:	03258593          	addi	a1,a1,50 # 2e620032 <__heap_size+0x2e600032>
    800006d0:	0cc5b02b          	.word	0x0cc5b02b
    800006d4:	3e6205b7          	lui	a1,0x3e620
    800006d8:	03258593          	addi	a1,a1,50 # 3e620032 <__heap_size+0x3e600032>
    800006dc:	0cc5b02b          	.word	0x0cc5b02b
    800006e0:	5e6205b7          	lui	a1,0x5e620
    800006e4:	03258593          	addi	a1,a1,50 # 5e620032 <__heap_size+0x5e600032>
    800006e8:	0cc5b02b          	.word	0x0cc5b02b
    800006ec:	6e6205b7          	lui	a1,0x6e620
    800006f0:	03258593          	addi	a1,a1,50 # 6e620032 <__heap_size+0x6e600032>
    800006f4:	0cc5b02b          	.word	0x0cc5b02b
    800006f8:	7e6205b7          	lui	a1,0x7e620
    800006fc:	03258593          	addi	a1,a1,50 # 7e620032 <__heap_size+0x7e600032>
    80000700:	0cc5b02b          	.word	0x0cc5b02b
    80000704:	25ea05b7          	lui	a1,0x25ea0
    80000708:	01258593          	addi	a1,a1,18 # 25ea0012 <__heap_size+0x25e80012>
    8000070c:	0cc5b02b          	.word	0x0cc5b02b
    80000710:	35ea05b7          	lui	a1,0x35ea0
    80000714:	01258593          	addi	a1,a1,18 # 35ea0012 <__heap_size+0x35e80012>
    80000718:	0cc5b02b          	.word	0x0cc5b02b
    8000071c:	102205b7          	lui	a1,0x10220
    80000720:	00458593          	addi	a1,a1,4 # 10220004 <__heap_size+0x10200004>
    80000724:	0cc5b02b          	.word	0x0cc5b02b
    80000728:	202405b7          	lui	a1,0x20240
    8000072c:	01458593          	addi	a1,a1,20 # 20240014 <__heap_size+0x20220014>
    80000730:	0cc5b02b          	.word	0x0cc5b02b
    80000734:	302605b7          	lui	a1,0x30260
    80000738:	02458593          	addi	a1,a1,36 # 30260024 <__heap_size+0x30240024>
    8000073c:	0cc5b02b          	.word	0x0cc5b02b
    80000740:	402805b7          	lui	a1,0x40280
    80000744:	03458593          	addi	a1,a1,52 # 40280034 <__heap_size+0x40260034>
    80000748:	0cc5b02b          	.word	0x0cc5b02b
    8000074c:	00001f37          	lui	t5,0x1
    80000750:	00001eb7          	lui	t4,0x1
    80000754:	00001e37          	lui	t3,0x1
    80000758:	00001337          	lui	t1,0x1
    8000075c:	000018b7          	lui	a7,0x1
    80000760:	00001837          	lui	a6,0x1
    80000764:	00001537          	lui	a0,0x1
    80000768:	08000693          	li	a3,128
    8000076c:	00000713          	li	a4,0
    80000770:	00100293          	li	t0,1
    80000774:	813f0f13          	addi	t5,t5,-2029 # 813 <__stack_align+0x803>
    80000778:	823e8e93          	addi	t4,t4,-2013 # 823 <__stack_align+0x813>
    8000077c:	833e0e13          	addi	t3,t3,-1997 # 833 <__stack_align+0x823>
    80000780:	87330313          	addi	t1,t1,-1933 # 873 <__stack_align+0x863>
    80000784:	c7388893          	addi	a7,a7,-909 # c73 <__stack_align+0xc63>
    80000788:	85380813          	addi	a6,a6,-1965 # 853 <__stack_align+0x843>
    8000078c:	c5350513          	addi	a0,a0,-941 # c53 <__stack_align+0xc43>
    80000790:	00400f93          	li	t6,4
    80000794:	00e297bb          	sllw	a5,t0,a4
    80000798:	01079793          	slli	a5,a5,0x10
    8000079c:	00d7e7b3          	or	a5,a5,a3
    800007a0:	01e7e5b3          	or	a1,a5,t5
    800007a4:	00200613          	li	a2,2
    800007a8:	0cc5b02b          	.word	0x0cc5b02b
    800007ac:	01d7e5b3          	or	a1,a5,t4
    800007b0:	0cc5b02b          	.word	0x0cc5b02b
    800007b4:	01c7e5b3          	or	a1,a5,t3
    800007b8:	0cc5b02b          	.word	0x0cc5b02b
    800007bc:	4137e593          	ori	a1,a5,1043
    800007c0:	0cc5b02b          	.word	0x0cc5b02b
    800007c4:	4237e593          	ori	a1,a5,1059
    800007c8:	0cc5b02b          	.word	0x0cc5b02b
    800007cc:	4337e593          	ori	a1,a5,1075
    800007d0:	0cc5b02b          	.word	0x0cc5b02b
    800007d4:	0067e5b3          	or	a1,a5,t1
    800007d8:	0cc5b02b          	.word	0x0cc5b02b
    800007dc:	4737e593          	ori	a1,a5,1139
    800007e0:	0cc5b02b          	.word	0x0cc5b02b
    800007e4:	0117e5b3          	or	a1,a5,a7
    800007e8:	0cc5b02b          	.word	0x0cc5b02b
    800007ec:	0107e5b3          	or	a1,a5,a6
    800007f0:	0cc5b02b          	.word	0x0cc5b02b
    800007f4:	4537e593          	ori	a1,a5,1107
    800007f8:	0cc5b02b          	.word	0x0cc5b02b
    800007fc:	00a7e5b3          	or	a1,a5,a0
    80000800:	0cc5b02b          	.word	0x0cc5b02b
    80000804:	0017071b          	addiw	a4,a4,1
    80000808:	08068693          	addi	a3,a3,128
    8000080c:	f9f714e3          	bne	a4,t6,80000794 <rStartup+0x27c>
    80000810:	00500593          	li	a1,5
    80000814:	0cc5b02b          	.word	0x0cc5b02b
    80000818:	00f00593          	li	a1,15
    8000081c:	fa05a02b          	.word	0xfa05a02b
    80000820:	fc00452b          	.word	0xfc00452b
    80000824:	82018413          	addi	s0,gp,-2016 # 80002e18 <uart_lock>
    80000828:	00050593          	mv	a1,a0
    8000082c:	00100713          	li	a4,1
    80000830:	0ce427af          	amoswap.w.aq	a5,a4,(s0)
    80000834:	0007879b          	sext.w	a5,a5
    80000838:	fe079ce3          	bnez	a5,80000830 <rStartup+0x318>
    8000083c:	00002517          	auipc	a0,0x2
    80000840:	2a450513          	addi	a0,a0,676 # 80002ae0 <__tbss_end+0x4>
    80000844:	387000ef          	jal	800013ca <iprintf>
    80000848:	0a04202f          	amoswap.w.rl	zero,zero,(s0)
    8000084c:	304027f3          	csrr	a5,mie
    80000850:	0087e793          	ori	a5,a5,8
    80000854:	30479073          	csrw	mie,a5
    80000858:	300027f3          	csrr	a5,mstatus
    8000085c:	0087e793          	ori	a5,a5,8
    80000860:	30079073          	csrw	mstatus,a5
    80000864:	f14027f3          	csrr	a5,mhartid
    80000868:	00800737          	lui	a4,0x800
    8000086c:	00e787b3          	add	a5,a5,a4
    80000870:	00279793          	slli	a5,a5,0x2
    80000874:	00100713          	li	a4,1
    80000878:	00e7a023          	sw	a4,0(a5) # 20000000 <__heap_size+0x1ffe0000>
    8000087c:	3600452b          	.word	0x3600452b
    80000880:	fe050ee3          	beqz	a0,8000087c <rStartup+0x364>
    80000884:	00100593          	li	a1,1
    80000888:	2c05a02b          	.word	0x2c05a02b
    8000088c:	9edff0ef          	jal	80000278 <mtimecmp_cfg>
    80000890:	304027f3          	csrr	a5,mie
    80000894:	0807e793          	ori	a5,a5,128
    80000898:	30479073          	csrw	mie,a5
    8000089c:	6200002b          	.word	0x6200002b
    800008a0:	00100593          	li	a1,1
    800008a4:	e005a02b          	.word	0xe005a02b
    800008a8:	00100713          	li	a4,1
    800008ac:	0ce427af          	amoswap.w.aq	a5,a4,(s0)
    800008b0:	0007879b          	sext.w	a5,a5
    800008b4:	fe079ce3          	bnez	a5,800008ac <rStartup+0x394>
    800008b8:	000016b7          	lui	a3,0x1
    800008bc:	38868693          	addi	a3,a3,904 # 1388 <__stack_align+0x1378>
    800008c0:	00100613          	li	a2,1
    800008c4:	00000593          	li	a1,0
    800008c8:	00002517          	auipc	a0,0x2
    800008cc:	23850513          	addi	a0,a0,568 # 80002b00 <__tbss_end+0x24>
    800008d0:	2fb000ef          	jal	800013ca <iprintf>
    800008d4:	00002517          	auipc	a0,0x2
    800008d8:	27450513          	addi	a0,a0,628 # 80002b48 <__tbss_end+0x6c>
    800008dc:	2ef000ef          	jal	800013ca <iprintf>
    800008e0:	0a04202f          	amoswap.w.rl	zero,zero,(s0)
    800008e4:	00813083          	ld	ra,8(sp)
    800008e8:	00013403          	ld	s0,0(sp)
    800008ec:	01010113          	addi	sp,sp,16
    800008f0:	00008067          	ret

00000000800008f4 <rCleanup>:
    800008f4:	00200593          	li	a1,2
    800008f8:	e005a02b          	.word	0xe005a02b
    800008fc:	01a00793          	li	a5,26
    80000900:	00000013          	nop
    80000904:	fff7879b          	addiw	a5,a5,-1
    80000908:	fe079ce3          	bnez	a5,80000900 <rCleanup+0xc>
    8000090c:	6400002b          	.word	0x6400002b
    80000910:	000207b7          	lui	a5,0x20
    80000914:	ffe78793          	addi	a5,a5,-2 # 1fffe <__stack_size+0x17ffe>
    80000918:	00000593          	li	a1,0
    8000091c:	00000613          	li	a2,0
    80000920:	0cc5f52b          	.word	0x0cc5f52b
    80000924:	fea7fae3          	bgeu	a5,a0,80000918 <rCleanup+0x24>
    80000928:	00200593          	li	a1,2
    8000092c:	2c05a02b          	.word	0x2c05a02b
    80000930:	6000002b          	.word	0x6000002b
    80000934:	00008067          	ret

0000000080000938 <__main>:
    80000938:	ff010113          	addi	sp,sp,-16
    8000093c:	00113423          	sd	ra,8(sp)
    80000940:	f14027f3          	csrr	a5,mhartid
    80000944:	00300713          	li	a4,3
    80000948:	0ae78e63          	beq	a5,a4,80000a04 <__main+0xcc>
    8000094c:	0af76263          	bltu	a4,a5,800009f0 <__main+0xb8>
    80000950:	00100713          	li	a4,1
    80000954:	04e78a63          	beq	a5,a4,800009a8 <__main+0x70>
    80000958:	00200693          	li	a3,2
    8000095c:	0ed79c63          	bne	a5,a3,80000a54 <__main+0x11c>
    80000960:	304027f3          	csrr	a5,mie
    80000964:	0087e793          	ori	a5,a5,8
    80000968:	30479073          	csrw	mie,a5
    8000096c:	300027f3          	csrr	a5,mstatus
    80000970:	0087e793          	ori	a5,a5,8
    80000974:	30079073          	csrw	mstatus,a5
    80000978:	f14027f3          	csrr	a5,mhartid
    8000097c:	008006b7          	lui	a3,0x800
    80000980:	00d787b3          	add	a5,a5,a3
    80000984:	00279793          	slli	a5,a5,0x2
    80000988:	00e7a023          	sw	a4,0(a5)
    8000098c:	8edff0ef          	jal	80000278 <mtimecmp_cfg>
    80000990:	304027f3          	csrr	a5,mie
    80000994:	0807e793          	ori	a5,a5,128
    80000998:	30479073          	csrw	mie,a5
    8000099c:	00200513          	li	a0,2
    800009a0:	0b8000ef          	jal	80000a58 <checker>
    800009a4:	0000006f          	j	800009a4 <__main+0x6c>
    800009a8:	30402773          	csrr	a4,mie
    800009ac:	00876713          	ori	a4,a4,8
    800009b0:	30471073          	csrw	mie,a4
    800009b4:	30002773          	csrr	a4,mstatus
    800009b8:	00876713          	ori	a4,a4,8
    800009bc:	30071073          	csrw	mstatus,a4
    800009c0:	f1402773          	csrr	a4,mhartid
    800009c4:	008006b7          	lui	a3,0x800
    800009c8:	00d70733          	add	a4,a4,a3
    800009cc:	00271713          	slli	a4,a4,0x2
    800009d0:	00f72023          	sw	a5,0(a4) # 800000 <__heap_size+0x7e0000>
    800009d4:	8a5ff0ef          	jal	80000278 <mtimecmp_cfg>
    800009d8:	304027f3          	csrr	a5,mie
    800009dc:	0807e793          	ori	a5,a5,128
    800009e0:	30479073          	csrw	mie,a5
    800009e4:	00100513          	li	a0,1
    800009e8:	070000ef          	jal	80000a58 <checker>
    800009ec:	fb9ff06f          	j	800009a4 <__main+0x6c>
    800009f0:	00400713          	li	a4,4
    800009f4:	04e79e63          	bne	a5,a4,80000a50 <__main+0x118>
    800009f8:	00400513          	li	a0,4
    800009fc:	05c000ef          	jal	80000a58 <checker>
    80000a00:	fa5ff06f          	j	800009a4 <__main+0x6c>
    80000a04:	304027f3          	csrr	a5,mie
    80000a08:	0087e793          	ori	a5,a5,8
    80000a0c:	30479073          	csrw	mie,a5
    80000a10:	300027f3          	csrr	a5,mstatus
    80000a14:	0087e793          	ori	a5,a5,8
    80000a18:	30079073          	csrw	mstatus,a5
    80000a1c:	f14027f3          	csrr	a5,mhartid
    80000a20:	00800737          	lui	a4,0x800
    80000a24:	00e787b3          	add	a5,a5,a4
    80000a28:	00279793          	slli	a5,a5,0x2
    80000a2c:	00100713          	li	a4,1
    80000a30:	00e7a023          	sw	a4,0(a5)
    80000a34:	845ff0ef          	jal	80000278 <mtimecmp_cfg>
    80000a38:	304027f3          	csrr	a5,mie
    80000a3c:	0807e793          	ori	a5,a5,128
    80000a40:	30479073          	csrw	mie,a5
    80000a44:	00300513          	li	a0,3
    80000a48:	010000ef          	jal	80000a58 <checker>
    80000a4c:	f59ff06f          	j	800009a4 <__main+0x6c>
    80000a50:	f55ff06f          	j	800009a4 <__main+0x6c>
    80000a54:	f51ff06f          	j	800009a4 <__main+0x6c>

0000000080000a58 <checker>:
    80000a58:	00100593          	li	a1,1
    80000a5c:	0205a02b          	.word	0x0205a02b
    80000a60:	2c05a02b          	.word	0x2c05a02b
    80000a64:	8000002b          	.word	0x8000002b
    80000a68:	a200002b          	.word	0xa200002b
    80000a6c:	000015b7          	lui	a1,0x1
    80000a70:	38858593          	addi	a1,a1,904 # 1388 <__stack_align+0x1378>
    80000a74:	f205a02b          	.word	0xf205a02b
    80000a78:	00100593          	li	a1,1
    80000a7c:	ec05a02b          	.word	0xec05a02b
    80000a80:	00000593          	li	a1,0
    80000a84:	ec05a02b          	.word	0xec05a02b
    80000a88:	02000593          	li	a1,32
    80000a8c:	ec05a02b          	.word	0xec05a02b
    80000a90:	00000593          	li	a1,0
    80000a94:	ec05a02b          	.word	0xec05a02b
    80000a98:	ea00002b          	.word	0xea00002b
    80000a9c:	e600002b          	.word	0xe600002b
    80000aa0:	c800002b          	.word	0xc800002b
    80000aa4:	00200793          	li	a5,2
    80000aa8:	00800713          	li	a4,8
    80000aac:	0100006f          	j	80000abc <checker+0x64>
    80000ab0:	c200452b          	.word	0xc200452b
    80000ab4:	01857513          	andi	a0,a0,24
    80000ab8:	04e50a63          	beq	a0,a4,80000b0c <checker+0xb4>
    80000abc:	0e00452b          	.word	0x0e00452b
    80000ac0:	fef518e3          	bne	a0,a5,80000ab0 <checker+0x58>
    80000ac4:	04000593          	li	a1,64
    80000ac8:	ec05a02b          	.word	0xec05a02b
    80000acc:	00000593          	li	a1,0
    80000ad0:	ec05a02b          	.word	0xec05a02b
    80000ad4:	e400002b          	.word	0xe400002b
    80000ad8:	c000002b          	.word	0xc000002b
    80000adc:	00000013          	nop
    80000ae0:	00000013          	nop
    80000ae4:	00000013          	nop
    80000ae8:	00000013          	nop
    80000aec:	00000013          	nop
    80000af0:	00200793          	li	a5,2
    80000af4:	0e00452b          	.word	0x0e00452b
    80000af8:	fef51ee3          	bne	a0,a5,80000af4 <checker+0x9c>
    80000afc:	8600002b          	.word	0x8600002b
    80000b00:	00200593          	li	a1,2
    80000b04:	2c05a02b          	.word	0x2c05a02b
    80000b08:	0000006f          	j	80000b08 <checker+0xb0>
    80000b0c:	c000002b          	.word	0xc000002b
    80000b10:	00001067          	.word	0x00001067
    80000b14:	fa9ff06f          	j	80000abc <checker+0x64>

0000000080000b18 <task_synthetic_malloc>:
    80000b18:	ff010113          	addi	sp,sp,-16
    80000b1c:	00813023          	sd	s0,0(sp)
    80000b20:	00050413          	mv	s0,a0
    80000b24:	08000513          	li	a0,128
    80000b28:	00113423          	sd	ra,8(sp)
    80000b2c:	418000ef          	jal	80000f44 <malloc>
    80000b30:	04050863          	beqz	a0,80000b80 <task_synthetic_malloc+0x68>
    80000b34:	0004069b          	sext.w	a3,s0
    80000b38:	00050793          	mv	a5,a0
    80000b3c:	08050613          	addi	a2,a0,128
    80000b40:	00050713          	mv	a4,a0
    80000b44:	00d72023          	sw	a3,0(a4) # 800000 <__heap_size+0x7e0000>
    80000b48:	00470713          	addi	a4,a4,4
    80000b4c:	0016869b          	addiw	a3,a3,1 # 800001 <__heap_size+0x7e0001>
    80000b50:	fec71ae3          	bne	a4,a2,80000b44 <task_synthetic_malloc+0x2c>
    80000b54:	00000413          	li	s0,0
    80000b58:	0007a703          	lw	a4,0(a5)
    80000b5c:	00478793          	addi	a5,a5,4
    80000b60:	0087043b          	addw	s0,a4,s0
    80000b64:	fec79ae3          	bne	a5,a2,80000b58 <task_synthetic_malloc+0x40>
    80000b68:	3e8000ef          	jal	80000f50 <free>
    80000b6c:	00813083          	ld	ra,8(sp)
    80000b70:	00040513          	mv	a0,s0
    80000b74:	00013403          	ld	s0,0(sp)
    80000b78:	01010113          	addi	sp,sp,16
    80000b7c:	00008067          	ret
    80000b80:	00002517          	auipc	a0,0x2
    80000b84:	ff850513          	addi	a0,a0,-8 # 80002b78 <__tbss_end+0x9c>
    80000b88:	043000ef          	jal	800013ca <iprintf>
    80000b8c:	00000513          	li	a0,0
    80000b90:	38e000ef          	jal	80000f1e <exit>

0000000080000b94 <initialise_board>:
    80000b94:	00000513          	li	a0,0
    80000b98:	00008067          	ret

0000000080000b9c <start_trigger>:
    80000b9c:	00000513          	li	a0,0
    80000ba0:	00008067          	ret

0000000080000ba4 <stop_trigger>:
    80000ba4:	00000513          	li	a0,0
    80000ba8:	00008067          	ret

0000000080000bac <rand_beebs>:
    80000bac:	84018713          	addi	a4,gp,-1984 # 80002e38 <seed>
    80000bb0:	00073503          	ld	a0,0(a4)
    80000bb4:	41c657b7          	lui	a5,0x41c65
    80000bb8:	e6d78793          	addi	a5,a5,-403 # 41c64e6d <__heap_size+0x41c44e6d>
    80000bbc:	02f50533          	mul	a0,a0,a5
    80000bc0:	000037b7          	lui	a5,0x3
    80000bc4:	03978793          	addi	a5,a5,57 # 3039 <__stack_align+0x3029>
    80000bc8:	00f50533          	add	a0,a0,a5
    80000bcc:	02151513          	slli	a0,a0,0x21
    80000bd0:	02155513          	srli	a0,a0,0x21
    80000bd4:	00a73023          	sd	a0,0(a4)
    80000bd8:	01055513          	srli	a0,a0,0x10
    80000bdc:	00008067          	ret

0000000080000be0 <srand_beebs>:
    80000be0:	02051513          	slli	a0,a0,0x20
    80000be4:	02055513          	srli	a0,a0,0x20
    80000be8:	84a1b023          	sd	a0,-1984(gp) # 80002e38 <seed>
    80000bec:	00008067          	ret

0000000080000bf0 <init_heap_beebs>:
    80000bf0:	0075f793          	andi	a5,a1,7
    80000bf4:	00079c63          	bnez	a5,80000c0c <init_heap_beebs+0x1c>
    80000bf8:	00b505b3          	add	a1,a0,a1
    80000bfc:	82a1bc23          	sd	a0,-1992(gp) # 80002e30 <heap_ptr>
    80000c00:	82b1b823          	sd	a1,-2000(gp) # 80002e28 <heap_end>
    80000c04:	8201b423          	sd	zero,-2008(gp) # 80002e20 <heap_requested>
    80000c08:	00008067          	ret
    80000c0c:	ff010113          	addi	sp,sp,-16
    80000c10:	00002697          	auipc	a3,0x2
    80000c14:	f8868693          	addi	a3,a3,-120 # 80002b98 <__tbss_end+0xbc>
    80000c18:	00002617          	auipc	a2,0x2
    80000c1c:	07860613          	addi	a2,a2,120 # 80002c90 <__func__.0>
    80000c20:	04100593          	li	a1,65
    80000c24:	00002517          	auipc	a0,0x2
    80000c28:	f9450513          	addi	a0,a0,-108 # 80002bb8 <__tbss_end+0xdc>
    80000c2c:	00113423          	sd	ra,8(sp)
    80000c30:	2a4000ef          	jal	80000ed4 <__assert_func>

0000000080000c34 <check_heap_beebs>:
    80000c34:	8281b783          	ld	a5,-2008(gp) # 80002e20 <heap_requested>
    80000c38:	00f507b3          	add	a5,a0,a5
    80000c3c:	8301b503          	ld	a0,-2000(gp) # 80002e28 <heap_end>
    80000c40:	00f53533          	sltu	a0,a0,a5
    80000c44:	00154513          	xori	a0,a0,1
    80000c48:	00008067          	ret

0000000080000c4c <malloc_beebs>:
    80000c4c:	00050793          	mv	a5,a0
    80000c50:	04050a63          	beqz	a0,80000ca4 <malloc_beebs+0x58>
    80000c54:	83818613          	addi	a2,gp,-1992 # 80002e30 <heap_ptr>
    80000c58:	00063503          	ld	a0,0(a2)
    80000c5c:	82818693          	addi	a3,gp,-2008 # 80002e20 <heap_requested>
    80000c60:	0006b583          	ld	a1,0(a3)
    80000c64:	00f50733          	add	a4,a0,a5
    80000c68:	00777813          	andi	a6,a4,7
    80000c6c:	00b787b3          	add	a5,a5,a1
    80000c70:	00081c63          	bnez	a6,80000c88 <malloc_beebs+0x3c>
    80000c74:	00f6b023          	sd	a5,0(a3)
    80000c78:	8301b783          	ld	a5,-2000(gp) # 80002e28 <heap_end>
    80000c7c:	02e7e463          	bltu	a5,a4,80000ca4 <malloc_beebs+0x58>
    80000c80:	00e63023          	sd	a4,0(a2)
    80000c84:	00008067          	ret
    80000c88:	00800593          	li	a1,8
    80000c8c:	410585b3          	sub	a1,a1,a6
    80000c90:	00b787b3          	add	a5,a5,a1
    80000c94:	00f6b023          	sd	a5,0(a3)
    80000c98:	00b70733          	add	a4,a4,a1
    80000c9c:	8301b783          	ld	a5,-2000(gp) # 80002e28 <heap_end>
    80000ca0:	fee7f0e3          	bgeu	a5,a4,80000c80 <malloc_beebs+0x34>
    80000ca4:	00000513          	li	a0,0
    80000ca8:	00008067          	ret

0000000080000cac <calloc_beebs>:
    80000cac:	02b50633          	mul	a2,a0,a1
    80000cb0:	06060a63          	beqz	a2,80000d24 <calloc_beebs+0x78>
    80000cb4:	83818513          	addi	a0,gp,-1992 # 80002e30 <heap_ptr>
    80000cb8:	00053783          	ld	a5,0(a0)
    80000cbc:	82818593          	addi	a1,gp,-2008 # 80002e20 <heap_requested>
    80000cc0:	0005b703          	ld	a4,0(a1)
    80000cc4:	00c786b3          	add	a3,a5,a2
    80000cc8:	0076f893          	andi	a7,a3,7
    80000ccc:	00e60733          	add	a4,a2,a4
    80000cd0:	02089c63          	bnez	a7,80000d08 <calloc_beebs+0x5c>
    80000cd4:	00e5b023          	sd	a4,0(a1)
    80000cd8:	8301b703          	ld	a4,-2000(gp) # 80002e28 <heap_end>
    80000cdc:	04d76463          	bltu	a4,a3,80000d24 <calloc_beebs+0x78>
    80000ce0:	00d53023          	sd	a3,0(a0)
    80000ce4:	04078263          	beqz	a5,80000d28 <calloc_beebs+0x7c>
    80000ce8:	ff010113          	addi	sp,sp,-16
    80000cec:	00000593          	li	a1,0
    80000cf0:	00078513          	mv	a0,a5
    80000cf4:	00113423          	sd	ra,8(sp)
    80000cf8:	169000ef          	jal	80001660 <memset>
    80000cfc:	00813083          	ld	ra,8(sp)
    80000d00:	01010113          	addi	sp,sp,16
    80000d04:	00008067          	ret
    80000d08:	00800813          	li	a6,8
    80000d0c:	41180833          	sub	a6,a6,a7
    80000d10:	01070733          	add	a4,a4,a6
    80000d14:	00e5b023          	sd	a4,0(a1)
    80000d18:	010686b3          	add	a3,a3,a6
    80000d1c:	8301b703          	ld	a4,-2000(gp) # 80002e28 <heap_end>
    80000d20:	fcd770e3          	bgeu	a4,a3,80000ce0 <calloc_beebs+0x34>
    80000d24:	00000793          	li	a5,0
    80000d28:	00078513          	mv	a0,a5
    80000d2c:	00008067          	ret

0000000080000d30 <realloc_beebs>:
    80000d30:	06050c63          	beqz	a0,80000da8 <realloc_beebs+0x78>
    80000d34:	fe010113          	addi	sp,sp,-32
    80000d38:	00813823          	sd	s0,16(sp)
    80000d3c:	00050413          	mv	s0,a0
    80000d40:	00058513          	mv	a0,a1
    80000d44:	00913423          	sd	s1,8(sp)
    80000d48:	00113c23          	sd	ra,24(sp)
    80000d4c:	00058493          	mv	s1,a1
    80000d50:	efdff0ef          	jal	80000c4c <malloc_beebs>
    80000d54:	02050e63          	beqz	a0,80000d90 <realloc_beebs+0x60>
    80000d58:	00040793          	mv	a5,s0
    80000d5c:	00050713          	mv	a4,a0
    80000d60:	00940633          	add	a2,s0,s1
    80000d64:	00048c63          	beqz	s1,80000d7c <realloc_beebs+0x4c>
    80000d68:	0007c683          	lbu	a3,0(a5)
    80000d6c:	00178793          	addi	a5,a5,1
    80000d70:	00170713          	addi	a4,a4,1
    80000d74:	fed70fa3          	sb	a3,-1(a4)
    80000d78:	fec798e3          	bne	a5,a2,80000d68 <realloc_beebs+0x38>
    80000d7c:	01813083          	ld	ra,24(sp)
    80000d80:	01013403          	ld	s0,16(sp)
    80000d84:	00813483          	ld	s1,8(sp)
    80000d88:	02010113          	addi	sp,sp,32
    80000d8c:	00008067          	ret
    80000d90:	01813083          	ld	ra,24(sp)
    80000d94:	01013403          	ld	s0,16(sp)
    80000d98:	00813483          	ld	s1,8(sp)
    80000d9c:	00000513          	li	a0,0
    80000da0:	02010113          	addi	sp,sp,32
    80000da4:	00008067          	ret
    80000da8:	00000513          	li	a0,0
    80000dac:	00008067          	ret

0000000080000db0 <free_beebs>:
    80000db0:	00008067          	ret

0000000080000db4 <countPrimes>:
    80000db4:	eb010113          	addi	sp,sp,-336
    80000db8:	00200793          	li	a5,2
    80000dbc:	00f12023          	sw	a5,0(sp)
    80000dc0:	00400793          	li	a5,4
    80000dc4:	0af12423          	sw	a5,168(sp)
    80000dc8:	00200893          	li	a7,2
    80000dcc:	00300693          	li	a3,3
    80000dd0:	00100513          	li	a0,1
    80000dd4:	00100e13          	li	t3,1
    80000dd8:	031887bb          	mulw	a5,a7,a7
    80000ddc:	04f6d863          	bge	a3,a5,80000e2c <countPrimes+0x78>
    80000de0:	fff8889b          	addiw	a7,a7,-1
    80000de4:	05c05063          	blez	t3,80000e24 <countPrimes+0x70>
    80000de8:	002e1e93          	slli	t4,t3,0x2
    80000dec:	0a810593          	addi	a1,sp,168
    80000df0:	00010813          	mv	a6,sp
    80000df4:	00be8333          	add	t1,t4,a1
    80000df8:	00082603          	lw	a2,0(a6)
    80000dfc:	02c8cc63          	blt	a7,a2,80000e34 <countPrimes+0x80>
    80000e00:	0005a783          	lw	a5,0(a1)
    80000e04:	00d7d863          	bge	a5,a3,80000e14 <countPrimes+0x60>
    80000e08:	00f607bb          	addw	a5,a2,a5
    80000e0c:	fed7cee3          	blt	a5,a3,80000e08 <countPrimes+0x54>
    80000e10:	00f5a023          	sw	a5,0(a1)
    80000e14:	04d78263          	beq	a5,a3,80000e58 <countPrimes+0xa4>
    80000e18:	00458593          	addi	a1,a1,4
    80000e1c:	00480813          	addi	a6,a6,4
    80000e20:	fc659ce3          	bne	a1,t1,80000df8 <countPrimes+0x44>
    80000e24:	15010113          	addi	sp,sp,336
    80000e28:	00008067          	ret
    80000e2c:	0018889b          	addiw	a7,a7,1
    80000e30:	fa9ff06f          	j	80000dd8 <countPrimes+0x24>
    80000e34:	02900793          	li	a5,41
    80000e38:	01c7ce63          	blt	a5,t3,80000e54 <countPrimes+0xa0>
    80000e3c:	02d687bb          	mulw	a5,a3,a3
    80000e40:	150e8713          	addi	a4,t4,336
    80000e44:	00270eb3          	add	t4,a4,sp
    80000e48:	eadea823          	sw	a3,-336(t4)
    80000e4c:	001e0e1b          	addiw	t3,t3,1
    80000e50:	f4feac23          	sw	a5,-168(t4)
    80000e54:	0015051b          	addiw	a0,a0,1
    80000e58:	031887bb          	mulw	a5,a7,a7
    80000e5c:	0016869b          	addiw	a3,a3,1
    80000e60:	fcf6d6e3          	bge	a3,a5,80000e2c <countPrimes+0x78>
    80000e64:	fff8889b          	addiw	a7,a7,-1
    80000e68:	f81ff06f          	j	80000de8 <countPrimes+0x34>

0000000080000e6c <benchmark_body>:
    80000e6c:	02a05e63          	blez	a0,80000ea8 <benchmark_body+0x3c>
    80000e70:	fe010113          	addi	sp,sp,-32
    80000e74:	00813823          	sd	s0,16(sp)
    80000e78:	00913423          	sd	s1,8(sp)
    80000e7c:	00113c23          	sd	ra,24(sp)
    80000e80:	00050493          	mv	s1,a0
    80000e84:	00000413          	li	s0,0
    80000e88:	0014041b          	addiw	s0,s0,1
    80000e8c:	f29ff0ef          	jal	80000db4 <countPrimes>
    80000e90:	fe849ce3          	bne	s1,s0,80000e88 <benchmark_body+0x1c>
    80000e94:	01813083          	ld	ra,24(sp)
    80000e98:	01013403          	ld	s0,16(sp)
    80000e9c:	00813483          	ld	s1,8(sp)
    80000ea0:	02010113          	addi	sp,sp,32
    80000ea4:	00008067          	ret
    80000ea8:	00000513          	li	a0,0
    80000eac:	00008067          	ret

0000000080000eb0 <warm_caches>:
    80000eb0:	fbdff06f          	j	80000e6c <benchmark_body>

0000000080000eb4 <benchmark>:
    80000eb4:	00100513          	li	a0,1
    80000eb8:	fb5ff06f          	j	80000e6c <benchmark_body>

0000000080000ebc <initialise_benchmark>:
    80000ebc:	00008067          	ret

0000000080000ec0 <verify_benchmark>:
    80000ec0:	000017b7          	lui	a5,0x1
    80000ec4:	db878793          	addi	a5,a5,-584 # db8 <__stack_align+0xda8>
    80000ec8:	40f50533          	sub	a0,a0,a5
    80000ecc:	00153513          	seqz	a0,a0
    80000ed0:	00008067          	ret

0000000080000ed4 <__assert_func>:
    80000ed4:	1141                	addi	sp,sp,-16
    80000ed6:	00002797          	auipc	a5,0x2
    80000eda:	f227b783          	ld	a5,-222(a5) # 80002df8 <_impure_ptr>
    80000ede:	8832                	mv	a6,a2
    80000ee0:	e406                	sd	ra,8(sp)
    80000ee2:	88aa                	mv	a7,a0
    80000ee4:	872e                	mv	a4,a1
    80000ee6:	6f88                	ld	a0,24(a5)
    80000ee8:	8636                	mv	a2,a3
    80000eea:	00002797          	auipc	a5,0x2
    80000eee:	d1e78793          	addi	a5,a5,-738 # 80002c08 <__tbss_end+0x12c>
    80000ef2:	00081763          	bnez	a6,80000f00 <__assert_func+0x2c>
    80000ef6:	00002797          	auipc	a5,0x2
    80000efa:	d7a78793          	addi	a5,a5,-646 # 80002c70 <__tbss_end+0x194>
    80000efe:	883e                	mv	a6,a5
    80000f00:	86c6                	mv	a3,a7
    80000f02:	00002597          	auipc	a1,0x2
    80000f06:	d1658593          	addi	a1,a1,-746 # 80002c18 <__tbss_end+0x13c>
    80000f0a:	40a000ef          	jal	80001314 <fiprintf>
    80000f0e:	762000ef          	jal	80001670 <abort>

0000000080000f12 <__assert>:
    80000f12:	1141                	addi	sp,sp,-16
    80000f14:	86b2                	mv	a3,a2
    80000f16:	4601                	li	a2,0
    80000f18:	e406                	sd	ra,8(sp)
    80000f1a:	fbbff0ef          	jal	80000ed4 <__assert_func>

0000000080000f1e <exit>:
    80000f1e:	1141                	addi	sp,sp,-16
    80000f20:	e022                	sd	s0,0(sp)
    80000f22:	e406                	sd	ra,8(sp)
    80000f24:	00002797          	auipc	a5,0x2
    80000f28:	af078793          	addi	a5,a5,-1296 # 80002a14 <__call_exitprocs>
    80000f2c:	842a                	mv	s0,a0
    80000f2e:	c781                	beqz	a5,80000f36 <exit+0x18>
    80000f30:	4581                	li	a1,0
    80000f32:	2e3010ef          	jal	80002a14 <__call_exitprocs>
    80000f36:	8581b783          	ld	a5,-1960(gp) # 80002e50 <__stdio_exit_handler>
    80000f3a:	c391                	beqz	a5,80000f3e <exit+0x20>
    80000f3c:	9782                	jalr	a5
    80000f3e:	8522                	mv	a0,s0
    80000f40:	079010ef          	jal	800027b8 <_exit>

0000000080000f44 <malloc>:
    80000f44:	85aa                	mv	a1,a0
    80000f46:	00002517          	auipc	a0,0x2
    80000f4a:	eb253503          	ld	a0,-334(a0) # 80002df8 <_impure_ptr>
    80000f4e:	a0ad                	j	80000fb8 <_malloc_r>

0000000080000f50 <free>:
    80000f50:	85aa                	mv	a1,a0
    80000f52:	00002517          	auipc	a0,0x2
    80000f56:	ea653503          	ld	a0,-346(a0) # 80002df8 <_impure_ptr>
    80000f5a:	7260006f          	j	80001680 <_free_r>

0000000080000f5e <sbrk_aligned>:
    80000f5e:	1101                	addi	sp,sp,-32
    80000f60:	e04a                	sd	s2,0(sp)
    80000f62:	84818913          	addi	s2,gp,-1976 # 80002e40 <__malloc_sbrk_start>
    80000f66:	00093783          	ld	a5,0(s2)
    80000f6a:	e822                	sd	s0,16(sp)
    80000f6c:	e426                	sd	s1,8(sp)
    80000f6e:	ec06                	sd	ra,24(sp)
    80000f70:	84aa                	mv	s1,a0
    80000f72:	842e                	mv	s0,a1
    80000f74:	e791                	bnez	a5,80000f80 <sbrk_aligned+0x22>
    80000f76:	4581                	li	a1,0
    80000f78:	694000ef          	jal	8000160c <_sbrk_r>
    80000f7c:	00a93023          	sd	a0,0(s2)
    80000f80:	85a2                	mv	a1,s0
    80000f82:	8526                	mv	a0,s1
    80000f84:	688000ef          	jal	8000160c <_sbrk_r>
    80000f88:	597d                	li	s2,-1
    80000f8a:	01251a63          	bne	a0,s2,80000f9e <sbrk_aligned+0x40>
    80000f8e:	547d                	li	s0,-1
    80000f90:	60e2                	ld	ra,24(sp)
    80000f92:	8522                	mv	a0,s0
    80000f94:	6442                	ld	s0,16(sp)
    80000f96:	64a2                	ld	s1,8(sp)
    80000f98:	6902                	ld	s2,0(sp)
    80000f9a:	6105                	addi	sp,sp,32
    80000f9c:	8082                	ret
    80000f9e:	00750413          	addi	s0,a0,7
    80000fa2:	9861                	andi	s0,s0,-8
    80000fa4:	fe8506e3          	beq	a0,s0,80000f90 <sbrk_aligned+0x32>
    80000fa8:	40a405b3          	sub	a1,s0,a0
    80000fac:	8526                	mv	a0,s1
    80000fae:	65e000ef          	jal	8000160c <_sbrk_r>
    80000fb2:	fd251fe3          	bne	a0,s2,80000f90 <sbrk_aligned+0x32>
    80000fb6:	bfe1                	j	80000f8e <sbrk_aligned+0x30>

0000000080000fb8 <_malloc_r>:
    80000fb8:	00758793          	addi	a5,a1,7
    80000fbc:	7179                	addi	sp,sp,-48
    80000fbe:	9be1                	andi	a5,a5,-8
    80000fc0:	ec26                	sd	s1,24(sp)
    80000fc2:	e84a                	sd	s2,16(sp)
    80000fc4:	f406                	sd	ra,40(sp)
    80000fc6:	f022                	sd	s0,32(sp)
    80000fc8:	e44e                	sd	s3,8(sp)
    80000fca:	e052                	sd	s4,0(sp)
    80000fcc:	07a1                	addi	a5,a5,8
    80000fce:	4741                	li	a4,16
    80000fd0:	892a                	mv	s2,a0
    80000fd2:	44c1                	li	s1,16
    80000fd4:	00e7e363          	bltu	a5,a4,80000fda <_malloc_r+0x22>
    80000fd8:	84be                	mv	s1,a5
    80000fda:	80000737          	lui	a4,0x80000
    80000fde:	fff74713          	not	a4,a4
    80000fe2:	00f76463          	bltu	a4,a5,80000fea <_malloc_r+0x32>
    80000fe6:	00b4fe63          	bgeu	s1,a1,80001002 <_malloc_r+0x4a>
    80000fea:	47b1                	li	a5,12
    80000fec:	00f92023          	sw	a5,0(s2)
    80000ff0:	4501                	li	a0,0
    80000ff2:	70a2                	ld	ra,40(sp)
    80000ff4:	7402                	ld	s0,32(sp)
    80000ff6:	64e2                	ld	s1,24(sp)
    80000ff8:	6942                	ld	s2,16(sp)
    80000ffa:	69a2                	ld	s3,8(sp)
    80000ffc:	6a02                	ld	s4,0(sp)
    80000ffe:	6145                	addi	sp,sp,48
    80001000:	8082                	ret
    80001002:	854a                	mv	a0,s2
    80001004:	0e4000ef          	jal	800010e8 <__malloc_lock>
    80001008:	85018993          	addi	s3,gp,-1968 # 80002e48 <__malloc_free_list>
    8000100c:	0009b783          	ld	a5,0(s3)
    80001010:	843e                	mv	s0,a5
    80001012:	ec21                	bnez	s0,8000106a <_malloc_r+0xb2>
    80001014:	85a6                	mv	a1,s1
    80001016:	854a                	mv	a0,s2
    80001018:	f47ff0ef          	jal	80000f5e <sbrk_aligned>
    8000101c:	57fd                	li	a5,-1
    8000101e:	842a                	mv	s0,a0
    80001020:	0af51f63          	bne	a0,a5,800010de <_malloc_r+0x126>
    80001024:	0009b403          	ld	s0,0(s3)
    80001028:	87a2                	mv	a5,s0
    8000102a:	efd1                	bnez	a5,800010c6 <_malloc_r+0x10e>
    8000102c:	c055                	beqz	s0,800010d0 <_malloc_r+0x118>
    8000102e:	00043a03          	ld	s4,0(s0)
    80001032:	4581                	li	a1,0
    80001034:	854a                	mv	a0,s2
    80001036:	9a22                	add	s4,s4,s0
    80001038:	5d4000ef          	jal	8000160c <_sbrk_r>
    8000103c:	08aa1a63          	bne	s4,a0,800010d0 <_malloc_r+0x118>
    80001040:	601c                	ld	a5,0(s0)
    80001042:	854a                	mv	a0,s2
    80001044:	8c9d                	sub	s1,s1,a5
    80001046:	85a6                	mv	a1,s1
    80001048:	f17ff0ef          	jal	80000f5e <sbrk_aligned>
    8000104c:	57fd                	li	a5,-1
    8000104e:	08f50163          	beq	a0,a5,800010d0 <_malloc_r+0x118>
    80001052:	601c                	ld	a5,0(s0)
    80001054:	97a6                	add	a5,a5,s1
    80001056:	e01c                	sd	a5,0(s0)
    80001058:	0009b783          	ld	a5,0(s3)
    8000105c:	c3d9                	beqz	a5,800010e2 <_malloc_r+0x12a>
    8000105e:	6798                	ld	a4,8(a5)
    80001060:	06871663          	bne	a4,s0,800010cc <_malloc_r+0x114>
    80001064:	0007b423          	sd	zero,8(a5)
    80001068:	a015                	j	8000108c <_malloc_r+0xd4>
    8000106a:	6014                	ld	a3,0(s0)
    8000106c:	9e85                	subw	a3,a3,s1
    8000106e:	0406c963          	bltz	a3,800010c0 <_malloc_r+0x108>
    80001072:	473d                	li	a4,15
    80001074:	02d75e63          	bge	a4,a3,800010b0 <_malloc_r+0xf8>
    80001078:	e004                	sd	s1,0(s0)
    8000107a:	00940733          	add	a4,s0,s1
    8000107e:	02879763          	bne	a5,s0,800010ac <_malloc_r+0xf4>
    80001082:	00e9b023          	sd	a4,0(s3)
    80001086:	641c                	ld	a5,8(s0)
    80001088:	e314                	sd	a3,0(a4)
    8000108a:	e71c                	sd	a5,8(a4)
    8000108c:	854a                	mv	a0,s2
    8000108e:	05c000ef          	jal	800010ea <__malloc_unlock>
    80001092:	00f40513          	addi	a0,s0,15
    80001096:	00840793          	addi	a5,s0,8
    8000109a:	9961                	andi	a0,a0,-8
    8000109c:	40f507bb          	subw	a5,a0,a5
    800010a0:	dba9                	beqz	a5,80000ff2 <_malloc_r+0x3a>
    800010a2:	943e                	add	s0,s0,a5
    800010a4:	40f007bb          	negw	a5,a5
    800010a8:	e01c                	sd	a5,0(s0)
    800010aa:	b7a1                	j	80000ff2 <_malloc_r+0x3a>
    800010ac:	e798                	sd	a4,8(a5)
    800010ae:	bfe1                	j	80001086 <_malloc_r+0xce>
    800010b0:	6418                	ld	a4,8(s0)
    800010b2:	00879563          	bne	a5,s0,800010bc <_malloc_r+0x104>
    800010b6:	00e9b023          	sd	a4,0(s3)
    800010ba:	bfc9                	j	8000108c <_malloc_r+0xd4>
    800010bc:	e798                	sd	a4,8(a5)
    800010be:	b7f9                	j	8000108c <_malloc_r+0xd4>
    800010c0:	87a2                	mv	a5,s0
    800010c2:	6400                	ld	s0,8(s0)
    800010c4:	b7b9                	j	80001012 <_malloc_r+0x5a>
    800010c6:	843e                	mv	s0,a5
    800010c8:	679c                	ld	a5,8(a5)
    800010ca:	b785                	j	8000102a <_malloc_r+0x72>
    800010cc:	87ba                	mv	a5,a4
    800010ce:	b779                	j	8000105c <_malloc_r+0xa4>
    800010d0:	47b1                	li	a5,12
    800010d2:	00f92023          	sw	a5,0(s2)
    800010d6:	854a                	mv	a0,s2
    800010d8:	012000ef          	jal	800010ea <__malloc_unlock>
    800010dc:	bf11                	j	80000ff0 <_malloc_r+0x38>
    800010de:	e104                	sd	s1,0(a0)
    800010e0:	b775                	j	8000108c <_malloc_r+0xd4>
    800010e2:	00003423          	sd	zero,8(zero) # 8 <__boot_hart+0x8>
    800010e6:	9002                	ebreak

00000000800010e8 <__malloc_lock>:
    800010e8:	8082                	ret

00000000800010ea <__malloc_unlock>:
    800010ea:	8082                	ret

00000000800010ec <__fp_lock>:
    800010ec:	4501                	li	a0,0
    800010ee:	8082                	ret

00000000800010f0 <std>:
    800010f0:	1141                	addi	sp,sp,-16
    800010f2:	e022                	sd	s0,0(sp)
    800010f4:	e406                	sd	ra,8(sp)
    800010f6:	842a                	mv	s0,a0
    800010f8:	00b51823          	sh	a1,16(a0)
    800010fc:	00c51923          	sh	a2,18(a0)
    80001100:	00053023          	sd	zero,0(a0)
    80001104:	00053423          	sd	zero,8(a0)
    80001108:	0a052623          	sw	zero,172(a0)
    8000110c:	00053c23          	sd	zero,24(a0)
    80001110:	02052023          	sw	zero,32(a0)
    80001114:	02052423          	sw	zero,40(a0)
    80001118:	4621                	li	a2,8
    8000111a:	4581                	li	a1,0
    8000111c:	0a450513          	addi	a0,a0,164
    80001120:	540000ef          	jal	80001660 <memset>
    80001124:	00000797          	auipc	a5,0x0
    80001128:	2d478793          	addi	a5,a5,724 # 800013f8 <__sread>
    8000112c:	e03c                	sd	a5,64(s0)
    8000112e:	00000797          	auipc	a5,0x0
    80001132:	30078793          	addi	a5,a5,768 # 8000142e <__swrite>
    80001136:	e43c                	sd	a5,72(s0)
    80001138:	00000797          	auipc	a5,0x0
    8000113c:	34678793          	addi	a5,a5,838 # 8000147e <__sseek>
    80001140:	e83c                	sd	a5,80(s0)
    80001142:	00000797          	auipc	a5,0x0
    80001146:	37478793          	addi	a5,a5,884 # 800014b6 <__sclose>
    8000114a:	60a2                	ld	ra,8(sp)
    8000114c:	fc00                	sd	s0,56(s0)
    8000114e:	ec3c                	sd	a5,88(s0)
    80001150:	6402                	ld	s0,0(sp)
    80001152:	0141                	addi	sp,sp,16
    80001154:	8082                	ret

0000000080001156 <stdio_exit_handler>:
    80001156:	00002617          	auipc	a2,0x2
    8000115a:	bfa60613          	addi	a2,a2,-1030 # 80002d50 <__sglue>
    8000115e:	00001597          	auipc	a1,0x1
    80001162:	dcc58593          	addi	a1,a1,-564 # 80001f2a <_fflush_r>
    80001166:	00002517          	auipc	a0,0x2
    8000116a:	c0250513          	addi	a0,a0,-1022 # 80002d68 <_impure_data>
    8000116e:	aac1                	j	8000133e <_fwalk_sglue>

0000000080001170 <cleanup_stdio>:
    80001170:	650c                	ld	a1,8(a0)
    80001172:	1141                	addi	sp,sp,-16
    80001174:	e022                	sd	s0,0(sp)
    80001176:	e406                	sd	ra,8(sp)
    80001178:	00002797          	auipc	a5,0x2
    8000117c:	d1078793          	addi	a5,a5,-752 # 80002e88 <__sf>
    80001180:	842a                	mv	s0,a0
    80001182:	00f58463          	beq	a1,a5,8000118a <cleanup_stdio+0x1a>
    80001186:	5a5000ef          	jal	80001f2a <_fflush_r>
    8000118a:	680c                	ld	a1,16(s0)
    8000118c:	00002797          	auipc	a5,0x2
    80001190:	dac78793          	addi	a5,a5,-596 # 80002f38 <__sf+0xb0>
    80001194:	00f58563          	beq	a1,a5,8000119e <cleanup_stdio+0x2e>
    80001198:	8522                	mv	a0,s0
    8000119a:	591000ef          	jal	80001f2a <_fflush_r>
    8000119e:	6c0c                	ld	a1,24(s0)
    800011a0:	9f018793          	addi	a5,gp,-1552 # 80002fe8 <__sf+0x160>
    800011a4:	00f58863          	beq	a1,a5,800011b4 <cleanup_stdio+0x44>
    800011a8:	8522                	mv	a0,s0
    800011aa:	6402                	ld	s0,0(sp)
    800011ac:	60a2                	ld	ra,8(sp)
    800011ae:	0141                	addi	sp,sp,16
    800011b0:	57b0006f          	j	80001f2a <_fflush_r>
    800011b4:	60a2                	ld	ra,8(sp)
    800011b6:	6402                	ld	s0,0(sp)
    800011b8:	0141                	addi	sp,sp,16
    800011ba:	8082                	ret

00000000800011bc <global_stdio_init.part.0>:
    800011bc:	1141                	addi	sp,sp,-16
    800011be:	00000797          	auipc	a5,0x0
    800011c2:	f9878793          	addi	a5,a5,-104 # 80001156 <stdio_exit_handler>
    800011c6:	4601                	li	a2,0
    800011c8:	4591                	li	a1,4
    800011ca:	00002517          	auipc	a0,0x2
    800011ce:	cbe50513          	addi	a0,a0,-834 # 80002e88 <__sf>
    800011d2:	e406                	sd	ra,8(sp)
    800011d4:	84f1bc23          	sd	a5,-1960(gp) # 80002e50 <__stdio_exit_handler>
    800011d8:	f19ff0ef          	jal	800010f0 <std>
    800011dc:	4605                	li	a2,1
    800011de:	45a5                	li	a1,9
    800011e0:	00002517          	auipc	a0,0x2
    800011e4:	d5850513          	addi	a0,a0,-680 # 80002f38 <__sf+0xb0>
    800011e8:	f09ff0ef          	jal	800010f0 <std>
    800011ec:	60a2                	ld	ra,8(sp)
    800011ee:	4609                	li	a2,2
    800011f0:	45c9                	li	a1,18
    800011f2:	9f018513          	addi	a0,gp,-1552 # 80002fe8 <__sf+0x160>
    800011f6:	0141                	addi	sp,sp,16
    800011f8:	bde5                	j	800010f0 <std>

00000000800011fa <__fp_unlock>:
    800011fa:	4501                	li	a0,0
    800011fc:	8082                	ret

00000000800011fe <__sfp>:
    800011fe:	1101                	addi	sp,sp,-32
    80001200:	e04a                	sd	s2,0(sp)
    80001202:	ec06                	sd	ra,24(sp)
    80001204:	e822                	sd	s0,16(sp)
    80001206:	e426                	sd	s1,8(sp)
    80001208:	8581b783          	ld	a5,-1960(gp) # 80002e50 <__stdio_exit_handler>
    8000120c:	892a                	mv	s2,a0
    8000120e:	e399                	bnez	a5,80001214 <__sfp+0x16>
    80001210:	fadff0ef          	jal	800011bc <global_stdio_init.part.0>
    80001214:	00002497          	auipc	s1,0x2
    80001218:	b3c48493          	addi	s1,s1,-1220 # 80002d50 <__sglue>
    8000121c:	6880                	ld	s0,16(s1)
    8000121e:	449c                	lw	a5,8(s1)
    80001220:	37fd                	addiw	a5,a5,-1
    80001222:	0207d163          	bgez	a5,80001244 <__sfp+0x46>
    80001226:	609c                	ld	a5,0(s1)
    80001228:	e7c1                	bnez	a5,800012b0 <__sfp+0xb2>
    8000122a:	2d800593          	li	a1,728
    8000122e:	854a                	mv	a0,s2
    80001230:	d89ff0ef          	jal	80000fb8 <_malloc_r>
    80001234:	842a                	mv	s0,a0
    80001236:	e12d                	bnez	a0,80001298 <__sfp+0x9a>
    80001238:	0004b023          	sd	zero,0(s1)
    8000123c:	47b1                	li	a5,12
    8000123e:	00f92023          	sw	a5,0(s2)
    80001242:	a089                	j	80001284 <__sfp+0x86>
    80001244:	01041703          	lh	a4,16(s0)
    80001248:	e729                	bnez	a4,80001292 <__sfp+0x94>
    8000124a:	77c1                	lui	a5,0xffff0
    8000124c:	0785                	addi	a5,a5,1 # ffffffffffff0001 <__heap_end+0xffffffff7ffcc001>
    8000124e:	0a042623          	sw	zero,172(s0)
    80001252:	00043023          	sd	zero,0(s0)
    80001256:	00043423          	sd	zero,8(s0)
    8000125a:	c81c                	sw	a5,16(s0)
    8000125c:	00043c23          	sd	zero,24(s0)
    80001260:	02042023          	sw	zero,32(s0)
    80001264:	02042423          	sw	zero,40(s0)
    80001268:	4621                	li	a2,8
    8000126a:	4581                	li	a1,0
    8000126c:	0a440513          	addi	a0,s0,164
    80001270:	3f0000ef          	jal	80001660 <memset>
    80001274:	06043023          	sd	zero,96(s0)
    80001278:	06042423          	sw	zero,104(s0)
    8000127c:	08043023          	sd	zero,128(s0)
    80001280:	08042423          	sw	zero,136(s0)
    80001284:	60e2                	ld	ra,24(sp)
    80001286:	8522                	mv	a0,s0
    80001288:	6442                	ld	s0,16(sp)
    8000128a:	64a2                	ld	s1,8(sp)
    8000128c:	6902                	ld	s2,0(sp)
    8000128e:	6105                	addi	sp,sp,32
    80001290:	8082                	ret
    80001292:	0b040413          	addi	s0,s0,176
    80001296:	b769                	j	80001220 <__sfp+0x22>
    80001298:	4791                	li	a5,4
    8000129a:	00053023          	sd	zero,0(a0)
    8000129e:	c51c                	sw	a5,8(a0)
    800012a0:	0561                	addi	a0,a0,24
    800012a2:	e808                	sd	a0,16(s0)
    800012a4:	2c000613          	li	a2,704
    800012a8:	4581                	li	a1,0
    800012aa:	3b6000ef          	jal	80001660 <memset>
    800012ae:	e080                	sd	s0,0(s1)
    800012b0:	6084                	ld	s1,0(s1)
    800012b2:	b7ad                	j	8000121c <__sfp+0x1e>

00000000800012b4 <__sinit>:
    800012b4:	613c                	ld	a5,64(a0)
    800012b6:	eb91                	bnez	a5,800012ca <__sinit+0x16>
    800012b8:	00000797          	auipc	a5,0x0
    800012bc:	eb878793          	addi	a5,a5,-328 # 80001170 <cleanup_stdio>
    800012c0:	e13c                	sd	a5,64(a0)
    800012c2:	8581b783          	ld	a5,-1960(gp) # 80002e50 <__stdio_exit_handler>
    800012c6:	e391                	bnez	a5,800012ca <__sinit+0x16>
    800012c8:	bdd5                	j	800011bc <global_stdio_init.part.0>
    800012ca:	8082                	ret

00000000800012cc <__sfp_lock_acquire>:
    800012cc:	8082                	ret

00000000800012ce <__sfp_lock_release>:
    800012ce:	8082                	ret

00000000800012d0 <__fp_lock_all>:
    800012d0:	00002617          	auipc	a2,0x2
    800012d4:	a8060613          	addi	a2,a2,-1408 # 80002d50 <__sglue>
    800012d8:	00000597          	auipc	a1,0x0
    800012dc:	e1458593          	addi	a1,a1,-492 # 800010ec <__fp_lock>
    800012e0:	4501                	li	a0,0
    800012e2:	a8b1                	j	8000133e <_fwalk_sglue>

00000000800012e4 <__fp_unlock_all>:
    800012e4:	00002617          	auipc	a2,0x2
    800012e8:	a6c60613          	addi	a2,a2,-1428 # 80002d50 <__sglue>
    800012ec:	00000597          	auipc	a1,0x0
    800012f0:	f0e58593          	addi	a1,a1,-242 # 800011fa <__fp_unlock>
    800012f4:	4501                	li	a0,0
    800012f6:	a0a1                	j	8000133e <_fwalk_sglue>

00000000800012f8 <_fiprintf_r>:
    800012f8:	715d                	addi	sp,sp,-80
    800012fa:	f436                	sd	a3,40(sp)
    800012fc:	1034                	addi	a3,sp,40
    800012fe:	ec06                	sd	ra,24(sp)
    80001300:	f83a                	sd	a4,48(sp)
    80001302:	fc3e                	sd	a5,56(sp)
    80001304:	e0c2                	sd	a6,64(sp)
    80001306:	e4c6                	sd	a7,72(sp)
    80001308:	e436                	sd	a3,8(sp)
    8000130a:	4ac000ef          	jal	800017b6 <_vfiprintf_r>
    8000130e:	60e2                	ld	ra,24(sp)
    80001310:	6161                	addi	sp,sp,80
    80001312:	8082                	ret

0000000080001314 <fiprintf>:
    80001314:	715d                	addi	sp,sp,-80
    80001316:	f032                	sd	a2,32(sp)
    80001318:	f436                	sd	a3,40(sp)
    8000131a:	862e                	mv	a2,a1
    8000131c:	1014                	addi	a3,sp,32
    8000131e:	85aa                	mv	a1,a0
    80001320:	00002517          	auipc	a0,0x2
    80001324:	ad853503          	ld	a0,-1320(a0) # 80002df8 <_impure_ptr>
    80001328:	ec06                	sd	ra,24(sp)
    8000132a:	f83a                	sd	a4,48(sp)
    8000132c:	fc3e                	sd	a5,56(sp)
    8000132e:	e0c2                	sd	a6,64(sp)
    80001330:	e4c6                	sd	a7,72(sp)
    80001332:	e436                	sd	a3,8(sp)
    80001334:	482000ef          	jal	800017b6 <_vfiprintf_r>
    80001338:	60e2                	ld	ra,24(sp)
    8000133a:	6161                	addi	sp,sp,80
    8000133c:	8082                	ret

000000008000133e <_fwalk_sglue>:
    8000133e:	715d                	addi	sp,sp,-80
    80001340:	e0a2                	sd	s0,64(sp)
    80001342:	fc26                	sd	s1,56(sp)
    80001344:	f44e                	sd	s3,40(sp)
    80001346:	f052                	sd	s4,32(sp)
    80001348:	e85a                	sd	s6,16(sp)
    8000134a:	e45e                	sd	s7,8(sp)
    8000134c:	e486                	sd	ra,72(sp)
    8000134e:	f84a                	sd	s2,48(sp)
    80001350:	ec56                	sd	s5,24(sp)
    80001352:	89aa                	mv	s3,a0
    80001354:	8a2e                	mv	s4,a1
    80001356:	8432                	mv	s0,a2
    80001358:	4481                	li	s1,0
    8000135a:	4b05                	li	s6,1
    8000135c:	5bfd                	li	s7,-1
    8000135e:	01043903          	ld	s2,16(s0)
    80001362:	00842a83          	lw	s5,8(s0)
    80001366:	3afd                	addiw	s5,s5,-1
    80001368:	020ad063          	bgez	s5,80001388 <_fwalk_sglue+0x4a>
    8000136c:	6000                	ld	s0,0(s0)
    8000136e:	f865                	bnez	s0,8000135e <_fwalk_sglue+0x20>
    80001370:	60a6                	ld	ra,72(sp)
    80001372:	6406                	ld	s0,64(sp)
    80001374:	7942                	ld	s2,48(sp)
    80001376:	79a2                	ld	s3,40(sp)
    80001378:	7a02                	ld	s4,32(sp)
    8000137a:	6ae2                	ld	s5,24(sp)
    8000137c:	6b42                	ld	s6,16(sp)
    8000137e:	6ba2                	ld	s7,8(sp)
    80001380:	8526                	mv	a0,s1
    80001382:	74e2                	ld	s1,56(sp)
    80001384:	6161                	addi	sp,sp,80
    80001386:	8082                	ret
    80001388:	01095783          	lhu	a5,16(s2)
    8000138c:	00fb7b63          	bgeu	s6,a5,800013a2 <_fwalk_sglue+0x64>
    80001390:	01291783          	lh	a5,18(s2)
    80001394:	01778763          	beq	a5,s7,800013a2 <_fwalk_sglue+0x64>
    80001398:	85ca                	mv	a1,s2
    8000139a:	854e                	mv	a0,s3
    8000139c:	9a02                	jalr	s4
    8000139e:	8cc9                	or	s1,s1,a0
    800013a0:	2481                	sext.w	s1,s1
    800013a2:	0b090913          	addi	s2,s2,176
    800013a6:	b7c1                	j	80001366 <_fwalk_sglue+0x28>

00000000800013a8 <_iprintf_r>:
    800013a8:	715d                	addi	sp,sp,-80
    800013aa:	f032                	sd	a2,32(sp)
    800013ac:	f436                	sd	a3,40(sp)
    800013ae:	f83a                	sd	a4,48(sp)
    800013b0:	fc3e                	sd	a5,56(sp)
    800013b2:	e0c2                	sd	a6,64(sp)
    800013b4:	e4c6                	sd	a7,72(sp)
    800013b6:	862e                	mv	a2,a1
    800013b8:	690c                	ld	a1,16(a0)
    800013ba:	1014                	addi	a3,sp,32
    800013bc:	ec06                	sd	ra,24(sp)
    800013be:	e436                	sd	a3,8(sp)
    800013c0:	3f6000ef          	jal	800017b6 <_vfiprintf_r>
    800013c4:	60e2                	ld	ra,24(sp)
    800013c6:	6161                	addi	sp,sp,80
    800013c8:	8082                	ret

00000000800013ca <iprintf>:
    800013ca:	711d                	addi	sp,sp,-96
    800013cc:	f832                	sd	a2,48(sp)
    800013ce:	fc36                	sd	a3,56(sp)
    800013d0:	e4be                	sd	a5,72(sp)
    800013d2:	f42e                	sd	a1,40(sp)
    800013d4:	e0ba                	sd	a4,64(sp)
    800013d6:	e8c2                	sd	a6,80(sp)
    800013d8:	ecc6                	sd	a7,88(sp)
    800013da:	00002797          	auipc	a5,0x2
    800013de:	a1e7b783          	ld	a5,-1506(a5) # 80002df8 <_impure_ptr>
    800013e2:	6b8c                	ld	a1,16(a5)
    800013e4:	1034                	addi	a3,sp,40
    800013e6:	862a                	mv	a2,a0
    800013e8:	853e                	mv	a0,a5
    800013ea:	ec06                	sd	ra,24(sp)
    800013ec:	e436                	sd	a3,8(sp)
    800013ee:	3c8000ef          	jal	800017b6 <_vfiprintf_r>
    800013f2:	60e2                	ld	ra,24(sp)
    800013f4:	6125                	addi	sp,sp,96
    800013f6:	8082                	ret

00000000800013f8 <__sread>:
    800013f8:	1141                	addi	sp,sp,-16
    800013fa:	e022                	sd	s0,0(sp)
    800013fc:	842e                	mv	s0,a1
    800013fe:	01259583          	lh	a1,18(a1)
    80001402:	e406                	sd	ra,8(sp)
    80001404:	1dc000ef          	jal	800015e0 <_read_r>
    80001408:	00054963          	bltz	a0,8000141a <__sread+0x22>
    8000140c:	6c5c                	ld	a5,152(s0)
    8000140e:	97aa                	add	a5,a5,a0
    80001410:	ec5c                	sd	a5,152(s0)
    80001412:	60a2                	ld	ra,8(sp)
    80001414:	6402                	ld	s0,0(sp)
    80001416:	0141                	addi	sp,sp,16
    80001418:	8082                	ret
    8000141a:	01045783          	lhu	a5,16(s0)
    8000141e:	777d                	lui	a4,0xfffff
    80001420:	177d                	addi	a4,a4,-1 # ffffffffffffefff <__heap_end+0xffffffff7ffdafff>
    80001422:	8ff9                	and	a5,a5,a4
    80001424:	00f41823          	sh	a5,16(s0)
    80001428:	b7ed                	j	80001412 <__sread+0x1a>

000000008000142a <__seofread>:
    8000142a:	4501                	li	a0,0
    8000142c:	8082                	ret

000000008000142e <__swrite>:
    8000142e:	0105d783          	lhu	a5,16(a1)
    80001432:	7179                	addi	sp,sp,-48
    80001434:	f022                	sd	s0,32(sp)
    80001436:	ec26                	sd	s1,24(sp)
    80001438:	e84a                	sd	s2,16(sp)
    8000143a:	e44e                	sd	s3,8(sp)
    8000143c:	f406                	sd	ra,40(sp)
    8000143e:	1007f793          	andi	a5,a5,256
    80001442:	84aa                	mv	s1,a0
    80001444:	842e                	mv	s0,a1
    80001446:	8932                	mv	s2,a2
    80001448:	89b6                	mv	s3,a3
    8000144a:	c799                	beqz	a5,80001458 <__swrite+0x2a>
    8000144c:	01259583          	lh	a1,18(a1)
    80001450:	4689                	li	a3,2
    80001452:	4601                	li	a2,0
    80001454:	160000ef          	jal	800015b4 <_lseek_r>
    80001458:	01045783          	lhu	a5,16(s0)
    8000145c:	777d                	lui	a4,0xfffff
    8000145e:	177d                	addi	a4,a4,-1 # ffffffffffffefff <__heap_end+0xffffffff7ffdafff>
    80001460:	8ff9                	and	a5,a5,a4
    80001462:	01241583          	lh	a1,18(s0)
    80001466:	00f41823          	sh	a5,16(s0)
    8000146a:	7402                	ld	s0,32(sp)
    8000146c:	70a2                	ld	ra,40(sp)
    8000146e:	86ce                	mv	a3,s3
    80001470:	864a                	mv	a2,s2
    80001472:	69a2                	ld	s3,8(sp)
    80001474:	6942                	ld	s2,16(sp)
    80001476:	8526                	mv	a0,s1
    80001478:	64e2                	ld	s1,24(sp)
    8000147a:	6145                	addi	sp,sp,48
    8000147c:	aa65                	j	80001634 <_write_r>

000000008000147e <__sseek>:
    8000147e:	1141                	addi	sp,sp,-16
    80001480:	e022                	sd	s0,0(sp)
    80001482:	842e                	mv	s0,a1
    80001484:	01259583          	lh	a1,18(a1)
    80001488:	e406                	sd	ra,8(sp)
    8000148a:	12a000ef          	jal	800015b4 <_lseek_r>
    8000148e:	577d                	li	a4,-1
    80001490:	01045783          	lhu	a5,16(s0)
    80001494:	00e51b63          	bne	a0,a4,800014aa <__sseek+0x2c>
    80001498:	777d                	lui	a4,0xfffff
    8000149a:	177d                	addi	a4,a4,-1 # ffffffffffffefff <__heap_end+0xffffffff7ffdafff>
    8000149c:	8ff9                	and	a5,a5,a4
    8000149e:	00f41823          	sh	a5,16(s0)
    800014a2:	60a2                	ld	ra,8(sp)
    800014a4:	6402                	ld	s0,0(sp)
    800014a6:	0141                	addi	sp,sp,16
    800014a8:	8082                	ret
    800014aa:	6705                	lui	a4,0x1
    800014ac:	8fd9                	or	a5,a5,a4
    800014ae:	00f41823          	sh	a5,16(s0)
    800014b2:	ec48                	sd	a0,152(s0)
    800014b4:	b7fd                	j	800014a2 <__sseek+0x24>

00000000800014b6 <__sclose>:
    800014b6:	01259583          	lh	a1,18(a1)
    800014ba:	a009                	j	800014bc <_close_r>

00000000800014bc <_close_r>:
    800014bc:	1141                	addi	sp,sp,-16
    800014be:	e022                	sd	s0,0(sp)
    800014c0:	842a                	mv	s0,a0
    800014c2:	852e                	mv	a0,a1
    800014c4:	8601a023          	sw	zero,-1952(gp) # 80002e58 <errno>
    800014c8:	e406                	sd	ra,8(sp)
    800014ca:	2da010ef          	jal	800027a4 <_close>
    800014ce:	57fd                	li	a5,-1
    800014d0:	00f51663          	bne	a0,a5,800014dc <_close_r+0x20>
    800014d4:	8601a783          	lw	a5,-1952(gp) # 80002e58 <errno>
    800014d8:	c391                	beqz	a5,800014dc <_close_r+0x20>
    800014da:	c01c                	sw	a5,0(s0)
    800014dc:	60a2                	ld	ra,8(sp)
    800014de:	6402                	ld	s0,0(sp)
    800014e0:	0141                	addi	sp,sp,16
    800014e2:	8082                	ret

00000000800014e4 <_reclaim_reent>:
    800014e4:	00002797          	auipc	a5,0x2
    800014e8:	9147b783          	ld	a5,-1772(a5) # 80002df8 <_impure_ptr>
    800014ec:	0ca78363          	beq	a5,a0,800015b2 <_reclaim_reent+0xce>
    800014f0:	7d1c                	ld	a5,56(a0)
    800014f2:	7179                	addi	sp,sp,-48
    800014f4:	f022                	sd	s0,32(sp)
    800014f6:	f406                	sd	ra,40(sp)
    800014f8:	ec26                	sd	s1,24(sp)
    800014fa:	e84a                	sd	s2,16(sp)
    800014fc:	e44e                	sd	s3,8(sp)
    800014fe:	842a                	mv	s0,a0
    80001500:	cb8d                	beqz	a5,80001532 <_reclaim_reent+0x4e>
    80001502:	6f9c                	ld	a5,24(a5)
    80001504:	c38d                	beqz	a5,80001526 <_reclaim_reent+0x42>
    80001506:	4481                	li	s1,0
    80001508:	20000913          	li	s2,512
    8000150c:	7c1c                	ld	a5,56(s0)
    8000150e:	6f9c                	ld	a5,24(a5)
    80001510:	97a6                	add	a5,a5,s1
    80001512:	638c                	ld	a1,0(a5)
    80001514:	e1c9                	bnez	a1,80001596 <_reclaim_reent+0xb2>
    80001516:	04a1                	addi	s1,s1,8
    80001518:	ff249ae3          	bne	s1,s2,8000150c <_reclaim_reent+0x28>
    8000151c:	7c1c                	ld	a5,56(s0)
    8000151e:	8522                	mv	a0,s0
    80001520:	6f8c                	ld	a1,24(a5)
    80001522:	15e000ef          	jal	80001680 <_free_r>
    80001526:	7c1c                	ld	a5,56(s0)
    80001528:	638c                	ld	a1,0(a5)
    8000152a:	c581                	beqz	a1,80001532 <_reclaim_reent+0x4e>
    8000152c:	8522                	mv	a0,s0
    8000152e:	152000ef          	jal	80001680 <_free_r>
    80001532:	740c                	ld	a1,40(s0)
    80001534:	c581                	beqz	a1,8000153c <_reclaim_reent+0x58>
    80001536:	8522                	mv	a0,s0
    80001538:	148000ef          	jal	80001680 <_free_r>
    8000153c:	7c0c                	ld	a1,56(s0)
    8000153e:	c581                	beqz	a1,80001546 <_reclaim_reent+0x62>
    80001540:	8522                	mv	a0,s0
    80001542:	13e000ef          	jal	80001680 <_free_r>
    80001546:	6c2c                	ld	a1,88(s0)
    80001548:	c581                	beqz	a1,80001550 <_reclaim_reent+0x6c>
    8000154a:	8522                	mv	a0,s0
    8000154c:	134000ef          	jal	80001680 <_free_r>
    80001550:	702c                	ld	a1,96(s0)
    80001552:	c581                	beqz	a1,8000155a <_reclaim_reent+0x76>
    80001554:	8522                	mv	a0,s0
    80001556:	12a000ef          	jal	80001680 <_free_r>
    8000155a:	742c                	ld	a1,104(s0)
    8000155c:	c581                	beqz	a1,80001564 <_reclaim_reent+0x80>
    8000155e:	8522                	mv	a0,s0
    80001560:	120000ef          	jal	80001680 <_free_r>
    80001564:	644c                	ld	a1,136(s0)
    80001566:	c581                	beqz	a1,8000156e <_reclaim_reent+0x8a>
    80001568:	8522                	mv	a0,s0
    8000156a:	116000ef          	jal	80001680 <_free_r>
    8000156e:	604c                	ld	a1,128(s0)
    80001570:	c581                	beqz	a1,80001578 <_reclaim_reent+0x94>
    80001572:	8522                	mv	a0,s0
    80001574:	10c000ef          	jal	80001680 <_free_r>
    80001578:	682c                	ld	a1,80(s0)
    8000157a:	c581                	beqz	a1,80001582 <_reclaim_reent+0x9e>
    8000157c:	8522                	mv	a0,s0
    8000157e:	102000ef          	jal	80001680 <_free_r>
    80001582:	603c                	ld	a5,64(s0)
    80001584:	c385                	beqz	a5,800015a4 <_reclaim_reent+0xc0>
    80001586:	8522                	mv	a0,s0
    80001588:	7402                	ld	s0,32(sp)
    8000158a:	70a2                	ld	ra,40(sp)
    8000158c:	64e2                	ld	s1,24(sp)
    8000158e:	6942                	ld	s2,16(sp)
    80001590:	69a2                	ld	s3,8(sp)
    80001592:	6145                	addi	sp,sp,48
    80001594:	8782                	jr	a5
    80001596:	0005b983          	ld	s3,0(a1)
    8000159a:	8522                	mv	a0,s0
    8000159c:	0e4000ef          	jal	80001680 <_free_r>
    800015a0:	85ce                	mv	a1,s3
    800015a2:	bf8d                	j	80001514 <_reclaim_reent+0x30>
    800015a4:	70a2                	ld	ra,40(sp)
    800015a6:	7402                	ld	s0,32(sp)
    800015a8:	64e2                	ld	s1,24(sp)
    800015aa:	6942                	ld	s2,16(sp)
    800015ac:	69a2                	ld	s3,8(sp)
    800015ae:	6145                	addi	sp,sp,48
    800015b0:	8082                	ret
    800015b2:	8082                	ret

00000000800015b4 <_lseek_r>:
    800015b4:	1141                	addi	sp,sp,-16
    800015b6:	e022                	sd	s0,0(sp)
    800015b8:	842a                	mv	s0,a0
    800015ba:	852e                	mv	a0,a1
    800015bc:	85b2                	mv	a1,a2
    800015be:	8636                	mv	a2,a3
    800015c0:	8601a023          	sw	zero,-1952(gp) # 80002e58 <errno>
    800015c4:	e406                	sd	ra,8(sp)
    800015c6:	248010ef          	jal	8000280e <_lseek>
    800015ca:	57fd                	li	a5,-1
    800015cc:	00f51663          	bne	a0,a5,800015d8 <_lseek_r+0x24>
    800015d0:	8601a783          	lw	a5,-1952(gp) # 80002e58 <errno>
    800015d4:	c391                	beqz	a5,800015d8 <_lseek_r+0x24>
    800015d6:	c01c                	sw	a5,0(s0)
    800015d8:	60a2                	ld	ra,8(sp)
    800015da:	6402                	ld	s0,0(sp)
    800015dc:	0141                	addi	sp,sp,16
    800015de:	8082                	ret

00000000800015e0 <_read_r>:
    800015e0:	1141                	addi	sp,sp,-16
    800015e2:	e022                	sd	s0,0(sp)
    800015e4:	842a                	mv	s0,a0
    800015e6:	852e                	mv	a0,a1
    800015e8:	85b2                	mv	a1,a2
    800015ea:	8636                	mv	a2,a3
    800015ec:	8601a023          	sw	zero,-1952(gp) # 80002e58 <errno>
    800015f0:	e406                	sd	ra,8(sp)
    800015f2:	230010ef          	jal	80002822 <_read>
    800015f6:	57fd                	li	a5,-1
    800015f8:	00f51663          	bne	a0,a5,80001604 <_read_r+0x24>
    800015fc:	8601a783          	lw	a5,-1952(gp) # 80002e58 <errno>
    80001600:	c391                	beqz	a5,80001604 <_read_r+0x24>
    80001602:	c01c                	sw	a5,0(s0)
    80001604:	60a2                	ld	ra,8(sp)
    80001606:	6402                	ld	s0,0(sp)
    80001608:	0141                	addi	sp,sp,16
    8000160a:	8082                	ret

000000008000160c <_sbrk_r>:
    8000160c:	1141                	addi	sp,sp,-16
    8000160e:	e022                	sd	s0,0(sp)
    80001610:	842a                	mv	s0,a0
    80001612:	852e                	mv	a0,a1
    80001614:	8601a023          	sw	zero,-1952(gp) # 80002e58 <errno>
    80001618:	e406                	sd	ra,8(sp)
    8000161a:	21e010ef          	jal	80002838 <_sbrk>
    8000161e:	57fd                	li	a5,-1
    80001620:	00f51663          	bne	a0,a5,8000162c <_sbrk_r+0x20>
    80001624:	8601a783          	lw	a5,-1952(gp) # 80002e58 <errno>
    80001628:	c391                	beqz	a5,8000162c <_sbrk_r+0x20>
    8000162a:	c01c                	sw	a5,0(s0)
    8000162c:	60a2                	ld	ra,8(sp)
    8000162e:	6402                	ld	s0,0(sp)
    80001630:	0141                	addi	sp,sp,16
    80001632:	8082                	ret

0000000080001634 <_write_r>:
    80001634:	1141                	addi	sp,sp,-16
    80001636:	e022                	sd	s0,0(sp)
    80001638:	842a                	mv	s0,a0
    8000163a:	852e                	mv	a0,a1
    8000163c:	85b2                	mv	a1,a2
    8000163e:	8636                	mv	a2,a3
    80001640:	8601a023          	sw	zero,-1952(gp) # 80002e58 <errno>
    80001644:	e406                	sd	ra,8(sp)
    80001646:	22e010ef          	jal	80002874 <_write>
    8000164a:	57fd                	li	a5,-1
    8000164c:	00f51663          	bne	a0,a5,80001658 <_write_r+0x24>
    80001650:	8601a783          	lw	a5,-1952(gp) # 80002e58 <errno>
    80001654:	c391                	beqz	a5,80001658 <_write_r+0x24>
    80001656:	c01c                	sw	a5,0(s0)
    80001658:	60a2                	ld	ra,8(sp)
    8000165a:	6402                	ld	s0,0(sp)
    8000165c:	0141                	addi	sp,sp,16
    8000165e:	8082                	ret

0000000080001660 <memset>:
    80001660:	832a                	mv	t1,a0
    80001662:	c611                	beqz	a2,8000166e <memset+0xe>
    80001664:	00b30023          	sb	a1,0(t1)
    80001668:	167d                	addi	a2,a2,-1
    8000166a:	0305                	addi	t1,t1,1
    8000166c:	fe65                	bnez	a2,80001664 <memset+0x4>
    8000166e:	8082                	ret

0000000080001670 <abort>:
    80001670:	1141                	addi	sp,sp,-16
    80001672:	4519                	li	a0,6
    80001674:	e406                	sd	ra,8(sp)
    80001676:	6b3000ef          	jal	80002528 <raise>
    8000167a:	4505                	li	a0,1
    8000167c:	13c010ef          	jal	800027b8 <_exit>

0000000080001680 <_free_r>:
    80001680:	c1c5                	beqz	a1,80001720 <_free_r+0xa0>
    80001682:	ff85b783          	ld	a5,-8(a1)
    80001686:	1101                	addi	sp,sp,-32
    80001688:	e822                	sd	s0,16(sp)
    8000168a:	ec06                	sd	ra,24(sp)
    8000168c:	ff858413          	addi	s0,a1,-8
    80001690:	0007d363          	bgez	a5,80001696 <_free_r+0x16>
    80001694:	943e                	add	s0,s0,a5
    80001696:	e42a                	sd	a0,8(sp)
    80001698:	a51ff0ef          	jal	800010e8 <__malloc_lock>
    8000169c:	85018713          	addi	a4,gp,-1968 # 80002e48 <__malloc_free_list>
    800016a0:	631c                	ld	a5,0(a4)
    800016a2:	6522                	ld	a0,8(sp)
    800016a4:	eb89                	bnez	a5,800016b6 <_free_r+0x36>
    800016a6:	00043423          	sd	zero,8(s0)
    800016aa:	e300                	sd	s0,0(a4)
    800016ac:	6442                	ld	s0,16(sp)
    800016ae:	60e2                	ld	ra,24(sp)
    800016b0:	6105                	addi	sp,sp,32
    800016b2:	a39ff06f          	j	800010ea <__malloc_unlock>
    800016b6:	00f47d63          	bgeu	s0,a5,800016d0 <_free_r+0x50>
    800016ba:	6010                	ld	a2,0(s0)
    800016bc:	00c406b3          	add	a3,s0,a2
    800016c0:	00d79663          	bne	a5,a3,800016cc <_free_r+0x4c>
    800016c4:	6394                	ld	a3,0(a5)
    800016c6:	679c                	ld	a5,8(a5)
    800016c8:	96b2                	add	a3,a3,a2
    800016ca:	e014                	sd	a3,0(s0)
    800016cc:	e41c                	sd	a5,8(s0)
    800016ce:	bff1                	j	800016aa <_free_r+0x2a>
    800016d0:	873e                	mv	a4,a5
    800016d2:	679c                	ld	a5,8(a5)
    800016d4:	c399                	beqz	a5,800016da <_free_r+0x5a>
    800016d6:	fef47de3          	bgeu	s0,a5,800016d0 <_free_r+0x50>
    800016da:	6314                	ld	a3,0(a4)
    800016dc:	00d70633          	add	a2,a4,a3
    800016e0:	00861f63          	bne	a2,s0,800016fe <_free_r+0x7e>
    800016e4:	6010                	ld	a2,0(s0)
    800016e6:	96b2                	add	a3,a3,a2
    800016e8:	e314                	sd	a3,0(a4)
    800016ea:	00d70633          	add	a2,a4,a3
    800016ee:	fac79fe3          	bne	a5,a2,800016ac <_free_r+0x2c>
    800016f2:	6390                	ld	a2,0(a5)
    800016f4:	679c                	ld	a5,8(a5)
    800016f6:	96b2                	add	a3,a3,a2
    800016f8:	e314                	sd	a3,0(a4)
    800016fa:	e71c                	sd	a5,8(a4)
    800016fc:	bf45                	j	800016ac <_free_r+0x2c>
    800016fe:	00c47563          	bgeu	s0,a2,80001708 <_free_r+0x88>
    80001702:	47b1                	li	a5,12
    80001704:	c11c                	sw	a5,0(a0)
    80001706:	b75d                	j	800016ac <_free_r+0x2c>
    80001708:	6010                	ld	a2,0(s0)
    8000170a:	00c406b3          	add	a3,s0,a2
    8000170e:	00d79663          	bne	a5,a3,8000171a <_free_r+0x9a>
    80001712:	6394                	ld	a3,0(a5)
    80001714:	679c                	ld	a5,8(a5)
    80001716:	96b2                	add	a3,a3,a2
    80001718:	e014                	sd	a3,0(s0)
    8000171a:	e41c                	sd	a5,8(s0)
    8000171c:	e700                	sd	s0,8(a4)
    8000171e:	b779                	j	800016ac <_free_r+0x2c>
    80001720:	8082                	ret

0000000080001722 <__sfputc_r>:
    80001722:	465c                	lw	a5,12(a2)
    80001724:	fff7871b          	addiw	a4,a5,-1
    80001728:	c658                	sw	a4,12(a2)
    8000172a:	00075a63          	bgez	a4,8000173e <__sfputc_r+0x1c>
    8000172e:	561c                	lw	a5,40(a2)
    80001730:	00f74563          	blt	a4,a5,8000173a <__sfputc_r+0x18>
    80001734:	47a9                	li	a5,10
    80001736:	00f59463          	bne	a1,a5,8000173e <__sfputc_r+0x1c>
    8000173a:	3290006f          	j	80002262 <__swbuf_r>
    8000173e:	621c                	ld	a5,0(a2)
    80001740:	852e                	mv	a0,a1
    80001742:	00178713          	addi	a4,a5,1
    80001746:	e218                	sd	a4,0(a2)
    80001748:	00b78023          	sb	a1,0(a5)
    8000174c:	8082                	ret

000000008000174e <__sfputs_r>:
    8000174e:	7179                	addi	sp,sp,-48
    80001750:	f022                	sd	s0,32(sp)
    80001752:	ec26                	sd	s1,24(sp)
    80001754:	e84a                	sd	s2,16(sp)
    80001756:	e44e                	sd	s3,8(sp)
    80001758:	e052                	sd	s4,0(sp)
    8000175a:	f406                	sd	ra,40(sp)
    8000175c:	892a                	mv	s2,a0
    8000175e:	89ae                	mv	s3,a1
    80001760:	8432                	mv	s0,a2
    80001762:	00d604b3          	add	s1,a2,a3
    80001766:	5a7d                	li	s4,-1
    80001768:	00941463          	bne	s0,s1,80001770 <__sfputs_r+0x22>
    8000176c:	4501                	li	a0,0
    8000176e:	a811                	j	80001782 <__sfputs_r+0x34>
    80001770:	00044583          	lbu	a1,0(s0)
    80001774:	864e                	mv	a2,s3
    80001776:	854a                	mv	a0,s2
    80001778:	fabff0ef          	jal	80001722 <__sfputc_r>
    8000177c:	0405                	addi	s0,s0,1
    8000177e:	ff4515e3          	bne	a0,s4,80001768 <__sfputs_r+0x1a>
    80001782:	70a2                	ld	ra,40(sp)
    80001784:	7402                	ld	s0,32(sp)
    80001786:	64e2                	ld	s1,24(sp)
    80001788:	6942                	ld	s2,16(sp)
    8000178a:	69a2                	ld	s3,8(sp)
    8000178c:	6a02                	ld	s4,0(sp)
    8000178e:	6145                	addi	sp,sp,48
    80001790:	8082                	ret

0000000080001792 <__sprint_r>:
    80001792:	6a1c                	ld	a5,16(a2)
    80001794:	1141                	addi	sp,sp,-16
    80001796:	e022                	sd	s0,0(sp)
    80001798:	e406                	sd	ra,8(sp)
    8000179a:	8432                	mv	s0,a2
    8000179c:	cb99                	beqz	a5,800017b2 <__sprint_r+0x20>
    8000179e:	7ee000ef          	jal	80001f8c <__sfvwrite_r>
    800017a2:	00043823          	sd	zero,16(s0)
    800017a6:	60a2                	ld	ra,8(sp)
    800017a8:	00042423          	sw	zero,8(s0)
    800017ac:	6402                	ld	s0,0(sp)
    800017ae:	0141                	addi	sp,sp,16
    800017b0:	8082                	ret
    800017b2:	4501                	li	a0,0
    800017b4:	bfcd                	j	800017a6 <__sprint_r+0x14>

00000000800017b6 <_vfiprintf_r>:
    800017b6:	7155                	addi	sp,sp,-208
    800017b8:	e1a2                	sd	s0,192(sp)
    800017ba:	fd26                	sd	s1,184(sp)
    800017bc:	f94a                	sd	s2,176(sp)
    800017be:	f54e                	sd	s3,168(sp)
    800017c0:	f152                	sd	s4,160(sp)
    800017c2:	e586                	sd	ra,200(sp)
    800017c4:	ed56                	sd	s5,152(sp)
    800017c6:	e95a                	sd	s6,144(sp)
    800017c8:	e55e                	sd	s7,136(sp)
    800017ca:	e162                	sd	s8,128(sp)
    800017cc:	fce6                	sd	s9,120(sp)
    800017ce:	f8ea                	sd	s10,112(sp)
    800017d0:	8a2a                	mv	s4,a0
    800017d2:	892e                	mv	s2,a1
    800017d4:	84b2                	mv	s1,a2
    800017d6:	8436                	mv	s0,a3
    800017d8:	4981                	li	s3,0
    800017da:	c509                	beqz	a0,800017e4 <_vfiprintf_r+0x2e>
    800017dc:	613c                	ld	a5,64(a0)
    800017de:	e399                	bnez	a5,800017e4 <_vfiprintf_r+0x2e>
    800017e0:	ad5ff0ef          	jal	800012b4 <__sinit>
    800017e4:	01095783          	lhu	a5,16(s2)
    800017e8:	8ba1                	andi	a5,a5,8
    800017ea:	cbe1                	beqz	a5,800018ba <_vfiprintf_r+0x104>
    800017ec:	01893783          	ld	a5,24(s2)
    800017f0:	c7e9                	beqz	a5,800018ba <_vfiprintf_r+0x104>
    800017f2:	02000793          	li	a5,32
    800017f6:	02f104a3          	sb	a5,41(sp)
    800017fa:	5afd                	li	s5,-1
    800017fc:	03000793          	li	a5,48
    80001800:	d202                	sw	zero,36(sp)
    80001802:	02f10523          	sb	a5,42(sp)
    80001806:	e422                	sd	s0,8(sp)
    80001808:	02500b93          	li	s7,37
    8000180c:	020a9c13          	slli	s8,s5,0x20
    80001810:	00001b17          	auipc	s6,0x1
    80001814:	438b0b13          	addi	s6,s6,1080 # 80002c48 <__tbss_end+0x16c>
    80001818:	4c85                	li	s9,1
    8000181a:	8426                	mv	s0,s1
    8000181c:	00044783          	lbu	a5,0(s0)
    80001820:	c399                	beqz	a5,80001826 <_vfiprintf_r+0x70>
    80001822:	0d779063          	bne	a5,s7,800018e2 <_vfiprintf_r+0x12c>
    80001826:	40940d3b          	subw	s10,s0,s1
    8000182a:	000d0e63          	beqz	s10,80001846 <_vfiprintf_r+0x90>
    8000182e:	86ea                	mv	a3,s10
    80001830:	8626                	mv	a2,s1
    80001832:	85ca                	mv	a1,s2
    80001834:	8552                	mv	a0,s4
    80001836:	f19ff0ef          	jal	8000174e <__sfputs_r>
    8000183a:	1d550963          	beq	a0,s5,80001a0c <_vfiprintf_r+0x256>
    8000183e:	5792                	lw	a5,36(sp)
    80001840:	01a787bb          	addw	a5,a5,s10
    80001844:	d23e                	sw	a5,36(sp)
    80001846:	00044783          	lbu	a5,0(s0)
    8000184a:	1c078163          	beqz	a5,80001a0c <_vfiprintf_r+0x256>
    8000184e:	00140493          	addi	s1,s0,1
    80001852:	e862                	sd	s8,16(sp)
    80001854:	ec02                	sd	zero,24(sp)
    80001856:	040109a3          	sb	zero,83(sp)
    8000185a:	d482                	sw	zero,104(sp)
    8000185c:	0004c583          	lbu	a1,0(s1)
    80001860:	4615                	li	a2,5
    80001862:	855a                	mv	a0,s6
    80001864:	377000ef          	jal	800023da <memchr>
    80001868:	47c2                	lw	a5,16(sp)
    8000186a:	00148413          	addi	s0,s1,1
    8000186e:	ed25                	bnez	a0,800018e6 <_vfiprintf_r+0x130>
    80001870:	0107f713          	andi	a4,a5,16
    80001874:	c709                	beqz	a4,8000187e <_vfiprintf_r+0xc8>
    80001876:	02000713          	li	a4,32
    8000187a:	04e109a3          	sb	a4,83(sp)
    8000187e:	0087f713          	andi	a4,a5,8
    80001882:	c709                	beqz	a4,8000188c <_vfiprintf_r+0xd6>
    80001884:	02b00713          	li	a4,43
    80001888:	04e109a3          	sb	a4,83(sp)
    8000188c:	0004c683          	lbu	a3,0(s1)
    80001890:	02a00713          	li	a4,42
    80001894:	06e68163          	beq	a3,a4,800018f6 <_vfiprintf_r+0x140>
    80001898:	47f2                	lw	a5,28(sp)
    8000189a:	8426                	mv	s0,s1
    8000189c:	4681                	li	a3,0
    8000189e:	4625                	li	a2,9
    800018a0:	4829                	li	a6,10
    800018a2:	00044703          	lbu	a4,0(s0)
    800018a6:	00140513          	addi	a0,s0,1
    800018aa:	fd07059b          	addiw	a1,a4,-48 # fd0 <__stack_align+0xfc0>
    800018ae:	872e                	mv	a4,a1
    800018b0:	08b67a63          	bgeu	a2,a1,80001944 <_vfiprintf_r+0x18e>
    800018b4:	caa9                	beqz	a3,80001906 <_vfiprintf_r+0x150>
    800018b6:	ce3e                	sw	a5,28(sp)
    800018b8:	a0b9                	j	80001906 <_vfiprintf_r+0x150>
    800018ba:	85ca                	mv	a1,s2
    800018bc:	8552                	mv	a0,s4
    800018be:	24f000ef          	jal	8000230c <__swsetup_r>
    800018c2:	d905                	beqz	a0,800017f2 <_vfiprintf_r+0x3c>
    800018c4:	557d                	li	a0,-1
    800018c6:	60ae                	ld	ra,200(sp)
    800018c8:	640e                	ld	s0,192(sp)
    800018ca:	74ea                	ld	s1,184(sp)
    800018cc:	794a                	ld	s2,176(sp)
    800018ce:	79aa                	ld	s3,168(sp)
    800018d0:	7a0a                	ld	s4,160(sp)
    800018d2:	6aea                	ld	s5,152(sp)
    800018d4:	6b4a                	ld	s6,144(sp)
    800018d6:	6baa                	ld	s7,136(sp)
    800018d8:	6c0a                	ld	s8,128(sp)
    800018da:	7ce6                	ld	s9,120(sp)
    800018dc:	7d46                	ld	s10,112(sp)
    800018de:	6169                	addi	sp,sp,208
    800018e0:	8082                	ret
    800018e2:	0405                	addi	s0,s0,1
    800018e4:	bf25                	j	8000181c <_vfiprintf_r+0x66>
    800018e6:	41650533          	sub	a0,a0,s6
    800018ea:	00ac953b          	sllw	a0,s9,a0
    800018ee:	8fc9                	or	a5,a5,a0
    800018f0:	c83e                	sw	a5,16(sp)
    800018f2:	84a2                	mv	s1,s0
    800018f4:	b7a5                	j	8000185c <_vfiprintf_r+0xa6>
    800018f6:	6722                	ld	a4,8(sp)
    800018f8:	00870693          	addi	a3,a4,8
    800018fc:	4318                	lw	a4,0(a4)
    800018fe:	e436                	sd	a3,8(sp)
    80001900:	02074b63          	bltz	a4,80001936 <_vfiprintf_r+0x180>
    80001904:	ce3a                	sw	a4,28(sp)
    80001906:	00044703          	lbu	a4,0(s0)
    8000190a:	02e00793          	li	a5,46
    8000190e:	06f71163          	bne	a4,a5,80001970 <_vfiprintf_r+0x1ba>
    80001912:	00144703          	lbu	a4,1(s0)
    80001916:	02a00793          	li	a5,42
    8000191a:	02f71b63          	bne	a4,a5,80001950 <_vfiprintf_r+0x19a>
    8000191e:	67a2                	ld	a5,8(sp)
    80001920:	0409                	addi	s0,s0,2
    80001922:	00878713          	addi	a4,a5,8
    80001926:	e43a                	sd	a4,8(sp)
    80001928:	4398                	lw	a4,0(a5)
    8000192a:	87ba                	mv	a5,a4
    8000192c:	00075363          	bgez	a4,80001932 <_vfiprintf_r+0x17c>
    80001930:	57fd                	li	a5,-1
    80001932:	ca3e                	sw	a5,20(sp)
    80001934:	a835                	j	80001970 <_vfiprintf_r+0x1ba>
    80001936:	40e0073b          	negw	a4,a4
    8000193a:	0027e793          	ori	a5,a5,2
    8000193e:	ce3a                	sw	a4,28(sp)
    80001940:	c83e                	sw	a5,16(sp)
    80001942:	b7d1                	j	80001906 <_vfiprintf_r+0x150>
    80001944:	02f807bb          	mulw	a5,a6,a5
    80001948:	842a                	mv	s0,a0
    8000194a:	4685                	li	a3,1
    8000194c:	9fb9                	addw	a5,a5,a4
    8000194e:	bf91                	j	800018a2 <_vfiprintf_r+0xec>
    80001950:	0405                	addi	s0,s0,1
    80001952:	ca02                	sw	zero,20(sp)
    80001954:	4681                	li	a3,0
    80001956:	4781                	li	a5,0
    80001958:	4625                	li	a2,9
    8000195a:	4829                	li	a6,10
    8000195c:	00044703          	lbu	a4,0(s0)
    80001960:	00140513          	addi	a0,s0,1
    80001964:	fd07059b          	addiw	a1,a4,-48
    80001968:	872e                	mv	a4,a1
    8000196a:	06b67c63          	bgeu	a2,a1,800019e2 <_vfiprintf_r+0x22c>
    8000196e:	f2f1                	bnez	a3,80001932 <_vfiprintf_r+0x17c>
    80001970:	00044583          	lbu	a1,0(s0)
    80001974:	460d                	li	a2,3
    80001976:	00001517          	auipc	a0,0x1
    8000197a:	2da50513          	addi	a0,a0,730 # 80002c50 <__tbss_end+0x174>
    8000197e:	25d000ef          	jal	800023da <memchr>
    80001982:	cd11                	beqz	a0,8000199e <_vfiprintf_r+0x1e8>
    80001984:	00001797          	auipc	a5,0x1
    80001988:	2cc78793          	addi	a5,a5,716 # 80002c50 <__tbss_end+0x174>
    8000198c:	8d1d                	sub	a0,a0,a5
    8000198e:	47c2                	lw	a5,16(sp)
    80001990:	04000713          	li	a4,64
    80001994:	00a7173b          	sllw	a4,a4,a0
    80001998:	8fd9                	or	a5,a5,a4
    8000199a:	0405                	addi	s0,s0,1
    8000199c:	c83e                	sw	a5,16(sp)
    8000199e:	00044583          	lbu	a1,0(s0)
    800019a2:	4619                	li	a2,6
    800019a4:	00001517          	auipc	a0,0x1
    800019a8:	2b450513          	addi	a0,a0,692 # 80002c58 <__tbss_end+0x17c>
    800019ac:	00140493          	addi	s1,s0,1
    800019b0:	02b10423          	sb	a1,40(sp)
    800019b4:	227000ef          	jal	800023da <memchr>
    800019b8:	c135                	beqz	a0,80001a1c <_vfiprintf_r+0x266>
    800019ba:	00000793          	li	a5,0
    800019be:	eb85                	bnez	a5,800019ee <_vfiprintf_r+0x238>
    800019c0:	4742                	lw	a4,16(sp)
    800019c2:	67a2                	ld	a5,8(sp)
    800019c4:	10077713          	andi	a4,a4,256
    800019c8:	00878693          	addi	a3,a5,8
    800019cc:	c709                	beqz	a4,800019d6 <_vfiprintf_r+0x220>
    800019ce:	07bd                	addi	a5,a5,15
    800019d0:	9bc1                	andi	a5,a5,-16
    800019d2:	01078693          	addi	a3,a5,16
    800019d6:	e436                	sd	a3,8(sp)
    800019d8:	5792                	lw	a5,36(sp)
    800019da:	013787bb          	addw	a5,a5,s3
    800019de:	d23e                	sw	a5,36(sp)
    800019e0:	bd2d                	j	8000181a <_vfiprintf_r+0x64>
    800019e2:	02f807bb          	mulw	a5,a6,a5
    800019e6:	842a                	mv	s0,a0
    800019e8:	4685                	li	a3,1
    800019ea:	9fb9                	addw	a5,a5,a4
    800019ec:	bf85                	j	8000195c <_vfiprintf_r+0x1a6>
    800019ee:	0038                	addi	a4,sp,8
    800019f0:	00000697          	auipc	a3,0x0
    800019f4:	d5e68693          	addi	a3,a3,-674 # 8000174e <__sfputs_r>
    800019f8:	864a                	mv	a2,s2
    800019fa:	080c                	addi	a1,sp,16
    800019fc:	8552                	mv	a0,s4
    800019fe:	00000097          	auipc	ra,0x0
    80001a02:	000000e7          	jalr	zero # 0 <__boot_hart>
    80001a06:	89aa                	mv	s3,a0
    80001a08:	fd5518e3          	bne	a0,s5,800019d8 <_vfiprintf_r+0x222>
    80001a0c:	01095783          	lhu	a5,16(s2)
    80001a10:	0407f793          	andi	a5,a5,64
    80001a14:	ea0798e3          	bnez	a5,800018c4 <_vfiprintf_r+0x10e>
    80001a18:	5512                	lw	a0,36(sp)
    80001a1a:	b575                	j	800018c6 <_vfiprintf_r+0x110>
    80001a1c:	0038                	addi	a4,sp,8
    80001a1e:	00000697          	auipc	a3,0x0
    80001a22:	d3068693          	addi	a3,a3,-720 # 8000174e <__sfputs_r>
    80001a26:	864a                	mv	a2,s2
    80001a28:	080c                	addi	a1,sp,16
    80001a2a:	8552                	mv	a0,s4
    80001a2c:	134000ef          	jal	80001b60 <_printf_i>
    80001a30:	bfd9                	j	80001a06 <_vfiprintf_r+0x250>

0000000080001a32 <vfiprintf>:
    80001a32:	86b2                	mv	a3,a2
    80001a34:	862e                	mv	a2,a1
    80001a36:	85aa                	mv	a1,a0
    80001a38:	00001517          	auipc	a0,0x1
    80001a3c:	3c053503          	ld	a0,960(a0) # 80002df8 <_impure_ptr>
    80001a40:	bb9d                	j	800017b6 <_vfiprintf_r>

0000000080001a42 <_printf_common>:
    80001a42:	715d                	addi	sp,sp,-80
    80001a44:	f052                	sd	s4,32(sp)
    80001a46:	ec56                	sd	s5,24(sp)
    80001a48:	8a36                	mv	s4,a3
    80001a4a:	8aba                	mv	s5,a4
    80001a4c:	4994                	lw	a3,16(a1)
    80001a4e:	4598                	lw	a4,8(a1)
    80001a50:	e0a2                	sd	s0,64(sp)
    80001a52:	f84a                	sd	s2,48(sp)
    80001a54:	f44e                	sd	s3,40(sp)
    80001a56:	e486                	sd	ra,72(sp)
    80001a58:	fc26                	sd	s1,56(sp)
    80001a5a:	e85a                	sd	s6,16(sp)
    80001a5c:	e45e                	sd	s7,8(sp)
    80001a5e:	89aa                	mv	s3,a0
    80001a60:	842e                	mv	s0,a1
    80001a62:	8932                	mv	s2,a2
    80001a64:	87ba                	mv	a5,a4
    80001a66:	00e6c363          	blt	a3,a4,80001a6c <_printf_common+0x2a>
    80001a6a:	87b6                	mv	a5,a3
    80001a6c:	00f92023          	sw	a5,0(s2)
    80001a70:	04344703          	lbu	a4,67(s0)
    80001a74:	c701                	beqz	a4,80001a7c <_printf_common+0x3a>
    80001a76:	2785                	addiw	a5,a5,1
    80001a78:	00f92023          	sw	a5,0(s2)
    80001a7c:	401c                	lw	a5,0(s0)
    80001a7e:	0207f793          	andi	a5,a5,32
    80001a82:	c791                	beqz	a5,80001a8e <_printf_common+0x4c>
    80001a84:	00092783          	lw	a5,0(s2)
    80001a88:	2789                	addiw	a5,a5,2
    80001a8a:	00f92023          	sw	a5,0(s2)
    80001a8e:	4004                	lw	s1,0(s0)
    80001a90:	8899                	andi	s1,s1,6
    80001a92:	e891                	bnez	s1,80001aa6 <_printf_common+0x64>
    80001a94:	01940b13          	addi	s6,s0,25
    80001a98:	5bfd                	li	s7,-1
    80001a9a:	445c                	lw	a5,12(s0)
    80001a9c:	00092703          	lw	a4,0(s2)
    80001aa0:	9f99                	subw	a5,a5,a4
    80001aa2:	06f4c063          	blt	s1,a5,80001b02 <_printf_common+0xc0>
    80001aa6:	04344783          	lbu	a5,67(s0)
    80001aaa:	00f03633          	snez	a2,a5
    80001aae:	00f036b3          	snez	a3,a5
    80001ab2:	401c                	lw	a5,0(s0)
    80001ab4:	0207f793          	andi	a5,a5,32
    80001ab8:	ebb5                	bnez	a5,80001b2c <_printf_common+0xea>
    80001aba:	04340613          	addi	a2,s0,67
    80001abe:	85d2                	mv	a1,s4
    80001ac0:	854e                	mv	a0,s3
    80001ac2:	9a82                	jalr	s5
    80001ac4:	57fd                	li	a5,-1
    80001ac6:	04f50563          	beq	a0,a5,80001b10 <_printf_common+0xce>
    80001aca:	401c                	lw	a5,0(s0)
    80001acc:	4711                	li	a4,4
    80001ace:	4481                	li	s1,0
    80001ad0:	8b99                	andi	a5,a5,6
    80001ad2:	00e79b63          	bne	a5,a4,80001ae8 <_printf_common+0xa6>
    80001ad6:	00092783          	lw	a5,0(s2)
    80001ada:	4444                	lw	s1,12(s0)
    80001adc:	9c9d                	subw	s1,s1,a5
    80001ade:	02049793          	slli	a5,s1,0x20
    80001ae2:	0007d363          	bgez	a5,80001ae8 <_printf_common+0xa6>
    80001ae6:	4481                	li	s1,0
    80001ae8:	441c                	lw	a5,8(s0)
    80001aea:	4818                	lw	a4,16(s0)
    80001aec:	00f75463          	bge	a4,a5,80001af4 <_printf_common+0xb2>
    80001af0:	9f99                	subw	a5,a5,a4
    80001af2:	9cbd                	addw	s1,s1,a5
    80001af4:	4901                	li	s2,0
    80001af6:	0469                	addi	s0,s0,26
    80001af8:	5b7d                	li	s6,-1
    80001afa:	05249a63          	bne	s1,s2,80001b4e <_printf_common+0x10c>
    80001afe:	4501                	li	a0,0
    80001b00:	a809                	j	80001b12 <_printf_common+0xd0>
    80001b02:	4685                	li	a3,1
    80001b04:	865a                	mv	a2,s6
    80001b06:	85d2                	mv	a1,s4
    80001b08:	854e                	mv	a0,s3
    80001b0a:	9a82                	jalr	s5
    80001b0c:	01751e63          	bne	a0,s7,80001b28 <_printf_common+0xe6>
    80001b10:	557d                	li	a0,-1
    80001b12:	60a6                	ld	ra,72(sp)
    80001b14:	6406                	ld	s0,64(sp)
    80001b16:	74e2                	ld	s1,56(sp)
    80001b18:	7942                	ld	s2,48(sp)
    80001b1a:	79a2                	ld	s3,40(sp)
    80001b1c:	7a02                	ld	s4,32(sp)
    80001b1e:	6ae2                	ld	s5,24(sp)
    80001b20:	6b42                	ld	s6,16(sp)
    80001b22:	6ba2                	ld	s7,8(sp)
    80001b24:	6161                	addi	sp,sp,80
    80001b26:	8082                	ret
    80001b28:	2485                	addiw	s1,s1,1
    80001b2a:	bf85                	j	80001a9a <_printf_common+0x58>
    80001b2c:	00d407b3          	add	a5,s0,a3
    80001b30:	03000693          	li	a3,48
    80001b34:	04d781a3          	sb	a3,67(a5)
    80001b38:	0016071b          	addiw	a4,a2,1
    80001b3c:	0026069b          	addiw	a3,a2,2
    80001b40:	04544603          	lbu	a2,69(s0)
    80001b44:	00e407b3          	add	a5,s0,a4
    80001b48:	04c781a3          	sb	a2,67(a5)
    80001b4c:	b7bd                	j	80001aba <_printf_common+0x78>
    80001b4e:	4685                	li	a3,1
    80001b50:	8622                	mv	a2,s0
    80001b52:	85d2                	mv	a1,s4
    80001b54:	854e                	mv	a0,s3
    80001b56:	9a82                	jalr	s5
    80001b58:	fb650ce3          	beq	a0,s6,80001b10 <_printf_common+0xce>
    80001b5c:	2905                	addiw	s2,s2,1
    80001b5e:	bf71                	j	80001afa <_printf_common+0xb8>

0000000080001b60 <_printf_i>:
    80001b60:	715d                	addi	sp,sp,-80
    80001b62:	e0a2                	sd	s0,64(sp)
    80001b64:	f84a                	sd	s2,48(sp)
    80001b66:	f44e                	sd	s3,40(sp)
    80001b68:	f052                	sd	s4,32(sp)
    80001b6a:	e486                	sd	ra,72(sp)
    80001b6c:	fc26                	sd	s1,56(sp)
    80001b6e:	ec56                	sd	s5,24(sp)
    80001b70:	e85a                	sd	s6,16(sp)
    80001b72:	0185c803          	lbu	a6,24(a1)
    80001b76:	07800793          	li	a5,120
    80001b7a:	892a                	mv	s2,a0
    80001b7c:	842e                	mv	s0,a1
    80001b7e:	89b2                	mv	s3,a2
    80001b80:	8a36                	mv	s4,a3
    80001b82:	0307e263          	bltu	a5,a6,80001ba6 <_printf_i+0x46>
    80001b86:	06200793          	li	a5,98
    80001b8a:	04358693          	addi	a3,a1,67
    80001b8e:	0307e163          	bltu	a5,a6,80001bb0 <_printf_i+0x50>
    80001b92:	1c080663          	beqz	a6,80001d5e <_printf_i+0x1fe>
    80001b96:	05800793          	li	a5,88
    80001b9a:	00001617          	auipc	a2,0x1
    80001b9e:	0c660613          	addi	a2,a2,198 # 80002c60 <__tbss_end+0x184>
    80001ba2:	14f80a63          	beq	a6,a5,80001cf6 <_printf_i+0x196>
    80001ba6:	04240493          	addi	s1,s0,66
    80001baa:	05040123          	sb	a6,66(s0)
    80001bae:	a815                	j	80001be2 <_printf_i+0x82>
    80001bb0:	f9d8079b          	addiw	a5,a6,-99
    80001bb4:	0ff7f793          	zext.b	a5,a5
    80001bb8:	4655                	li	a2,21
    80001bba:	fef666e3          	bltu	a2,a5,80001ba6 <_printf_i+0x46>
    80001bbe:	00001617          	auipc	a2,0x1
    80001bc2:	0e260613          	addi	a2,a2,226 # 80002ca0 <__func__.0+0x10>
    80001bc6:	078a                	slli	a5,a5,0x2
    80001bc8:	97b2                	add	a5,a5,a2
    80001bca:	439c                	lw	a5,0(a5)
    80001bcc:	97b2                	add	a5,a5,a2
    80001bce:	8782                	jr	a5
    80001bd0:	631c                	ld	a5,0(a4)
    80001bd2:	04258493          	addi	s1,a1,66
    80001bd6:	00878693          	addi	a3,a5,8
    80001bda:	439c                	lw	a5,0(a5)
    80001bdc:	e314                	sd	a3,0(a4)
    80001bde:	04f58123          	sb	a5,66(a1)
    80001be2:	4785                	li	a5,1
    80001be4:	aa4d                	j	80001d96 <_printf_i+0x236>
    80001be6:	419c                	lw	a5,0(a1)
    80001be8:	6308                	ld	a0,0(a4)
    80001bea:	0807f613          	andi	a2,a5,128
    80001bee:	00850593          	addi	a1,a0,8
    80001bf2:	c20d                	beqz	a2,80001c14 <_printf_i+0xb4>
    80001bf4:	611c                	ld	a5,0(a0)
    80001bf6:	e30c                	sd	a1,0(a4)
    80001bf8:	0007d863          	bgez	a5,80001c08 <_printf_i+0xa8>
    80001bfc:	02d00713          	li	a4,45
    80001c00:	40f007b3          	neg	a5,a5
    80001c04:	04e401a3          	sb	a4,67(s0)
    80001c08:	00001617          	auipc	a2,0x1
    80001c0c:	05860613          	addi	a2,a2,88 # 80002c60 <__tbss_end+0x184>
    80001c10:	4829                	li	a6,10
    80001c12:	a83d                	j	80001c50 <_printf_i+0xf0>
    80001c14:	0407f613          	andi	a2,a5,64
    80001c18:	411c                	lw	a5,0(a0)
    80001c1a:	e30c                	sd	a1,0(a4)
    80001c1c:	de71                	beqz	a2,80001bf8 <_printf_i+0x98>
    80001c1e:	0107979b          	slliw	a5,a5,0x10
    80001c22:	4107d79b          	sraiw	a5,a5,0x10
    80001c26:	bfc9                	j	80001bf8 <_printf_i+0x98>
    80001c28:	4190                	lw	a2,0(a1)
    80001c2a:	631c                	ld	a5,0(a4)
    80001c2c:	08067513          	andi	a0,a2,128
    80001c30:	00878593          	addi	a1,a5,8
    80001c34:	cd41                	beqz	a0,80001ccc <_printf_i+0x16c>
    80001c36:	639c                	ld	a5,0(a5)
    80001c38:	e30c                	sd	a1,0(a4)
    80001c3a:	06f00713          	li	a4,111
    80001c3e:	00001617          	auipc	a2,0x1
    80001c42:	02260613          	addi	a2,a2,34 # 80002c60 <__tbss_end+0x184>
    80001c46:	0ee81e63          	bne	a6,a4,80001d42 <_printf_i+0x1e2>
    80001c4a:	4821                	li	a6,8
    80001c4c:	040401a3          	sb	zero,67(s0)
    80001c50:	4058                	lw	a4,4(s0)
    80001c52:	c418                	sw	a4,8(s0)
    80001c54:	00074563          	bltz	a4,80001c5e <_printf_i+0xfe>
    80001c58:	400c                	lw	a1,0(s0)
    80001c5a:	99ed                	andi	a1,a1,-5
    80001c5c:	c00c                	sw	a1,0(s0)
    80001c5e:	e399                	bnez	a5,80001c64 <_printf_i+0x104>
    80001c60:	84b6                	mv	s1,a3
    80001c62:	cf19                	beqz	a4,80001c80 <_printf_i+0x120>
    80001c64:	84b6                	mv	s1,a3
    80001c66:	0307f733          	remu	a4,a5,a6
    80001c6a:	14fd                	addi	s1,s1,-1
    80001c6c:	9732                	add	a4,a4,a2
    80001c6e:	00074703          	lbu	a4,0(a4)
    80001c72:	00e48023          	sb	a4,0(s1)
    80001c76:	873e                	mv	a4,a5
    80001c78:	0307d7b3          	divu	a5,a5,a6
    80001c7c:	ff0775e3          	bgeu	a4,a6,80001c66 <_printf_i+0x106>
    80001c80:	47a1                	li	a5,8
    80001c82:	00f81e63          	bne	a6,a5,80001c9e <_printf_i+0x13e>
    80001c86:	401c                	lw	a5,0(s0)
    80001c88:	8b85                	andi	a5,a5,1
    80001c8a:	cb91                	beqz	a5,80001c9e <_printf_i+0x13e>
    80001c8c:	4058                	lw	a4,4(s0)
    80001c8e:	481c                	lw	a5,16(s0)
    80001c90:	00e7c763          	blt	a5,a4,80001c9e <_printf_i+0x13e>
    80001c94:	03000793          	li	a5,48
    80001c98:	fef48fa3          	sb	a5,-1(s1)
    80001c9c:	14fd                	addi	s1,s1,-1
    80001c9e:	8e85                	sub	a3,a3,s1
    80001ca0:	c814                	sw	a3,16(s0)
    80001ca2:	8752                	mv	a4,s4
    80001ca4:	86ce                	mv	a3,s3
    80001ca6:	0070                	addi	a2,sp,12
    80001ca8:	85a2                	mv	a1,s0
    80001caa:	854a                	mv	a0,s2
    80001cac:	d97ff0ef          	jal	80001a42 <_printf_common>
    80001cb0:	5afd                	li	s5,-1
    80001cb2:	0f551663          	bne	a0,s5,80001d9e <_printf_i+0x23e>
    80001cb6:	557d                	li	a0,-1
    80001cb8:	60a6                	ld	ra,72(sp)
    80001cba:	6406                	ld	s0,64(sp)
    80001cbc:	74e2                	ld	s1,56(sp)
    80001cbe:	7942                	ld	s2,48(sp)
    80001cc0:	79a2                	ld	s3,40(sp)
    80001cc2:	7a02                	ld	s4,32(sp)
    80001cc4:	6ae2                	ld	s5,24(sp)
    80001cc6:	6b42                	ld	s6,16(sp)
    80001cc8:	6161                	addi	sp,sp,80
    80001cca:	8082                	ret
    80001ccc:	439c                	lw	a5,0(a5)
    80001cce:	04067613          	andi	a2,a2,64
    80001cd2:	e30c                	sd	a1,0(a4)
    80001cd4:	c601                	beqz	a2,80001cdc <_printf_i+0x17c>
    80001cd6:	17c2                	slli	a5,a5,0x30
    80001cd8:	93c1                	srli	a5,a5,0x30
    80001cda:	b785                	j	80001c3a <_printf_i+0xda>
    80001cdc:	1782                	slli	a5,a5,0x20
    80001cde:	9381                	srli	a5,a5,0x20
    80001ce0:	bfa9                	j	80001c3a <_printf_i+0xda>
    80001ce2:	419c                	lw	a5,0(a1)
    80001ce4:	0a07e793          	ori	a5,a5,160
    80001ce8:	c19c                	sw	a5,0(a1)
    80001cea:	07800813          	li	a6,120
    80001cee:	00001617          	auipc	a2,0x1
    80001cf2:	f8a60613          	addi	a2,a2,-118 # 80002c78 <__tbss_end+0x19c>
    80001cf6:	050402a3          	sb	a6,69(s0)
    80001cfa:	400c                	lw	a1,0(s0)
    80001cfc:	631c                	ld	a5,0(a4)
    80001cfe:	0805f813          	andi	a6,a1,128
    80001d02:	00878513          	addi	a0,a5,8
    80001d06:	00080d63          	beqz	a6,80001d20 <_printf_i+0x1c0>
    80001d0a:	639c                	ld	a5,0(a5)
    80001d0c:	e308                	sd	a0,0(a4)
    80001d0e:	0015f713          	andi	a4,a1,1
    80001d12:	c701                	beqz	a4,80001d1a <_printf_i+0x1ba>
    80001d14:	0205e593          	ori	a1,a1,32
    80001d18:	c00c                	sw	a1,0(s0)
    80001d1a:	cf99                	beqz	a5,80001d38 <_printf_i+0x1d8>
    80001d1c:	4841                	li	a6,16
    80001d1e:	b73d                	j	80001c4c <_printf_i+0xec>
    80001d20:	439c                	lw	a5,0(a5)
    80001d22:	0405f813          	andi	a6,a1,64
    80001d26:	e308                	sd	a0,0(a4)
    80001d28:	00080563          	beqz	a6,80001d32 <_printf_i+0x1d2>
    80001d2c:	17c2                	slli	a5,a5,0x30
    80001d2e:	93c1                	srli	a5,a5,0x30
    80001d30:	bff9                	j	80001d0e <_printf_i+0x1ae>
    80001d32:	1782                	slli	a5,a5,0x20
    80001d34:	9381                	srli	a5,a5,0x20
    80001d36:	bfe1                	j	80001d0e <_printf_i+0x1ae>
    80001d38:	4018                	lw	a4,0(s0)
    80001d3a:	fdf77713          	andi	a4,a4,-33
    80001d3e:	c018                	sw	a4,0(s0)
    80001d40:	bff1                	j	80001d1c <_printf_i+0x1bc>
    80001d42:	4829                	li	a6,10
    80001d44:	b721                	j	80001c4c <_printf_i+0xec>
    80001d46:	4190                	lw	a2,0(a1)
    80001d48:	631c                	ld	a5,0(a4)
    80001d4a:	49cc                	lw	a1,20(a1)
    80001d4c:	08067813          	andi	a6,a2,128
    80001d50:	00878513          	addi	a0,a5,8
    80001d54:	00080963          	beqz	a6,80001d66 <_printf_i+0x206>
    80001d58:	e308                	sd	a0,0(a4)
    80001d5a:	639c                	ld	a5,0(a5)
    80001d5c:	e38c                	sd	a1,0(a5)
    80001d5e:	00042823          	sw	zero,16(s0)
    80001d62:	84b6                	mv	s1,a3
    80001d64:	bf3d                	j	80001ca2 <_printf_i+0x142>
    80001d66:	e308                	sd	a0,0(a4)
    80001d68:	04067613          	andi	a2,a2,64
    80001d6c:	639c                	ld	a5,0(a5)
    80001d6e:	c601                	beqz	a2,80001d76 <_printf_i+0x216>
    80001d70:	00b79023          	sh	a1,0(a5)
    80001d74:	b7ed                	j	80001d5e <_printf_i+0x1fe>
    80001d76:	c38c                	sw	a1,0(a5)
    80001d78:	b7dd                	j	80001d5e <_printf_i+0x1fe>
    80001d7a:	631c                	ld	a5,0(a4)
    80001d7c:	41d0                	lw	a2,4(a1)
    80001d7e:	4581                	li	a1,0
    80001d80:	00878693          	addi	a3,a5,8
    80001d84:	e314                	sd	a3,0(a4)
    80001d86:	6384                	ld	s1,0(a5)
    80001d88:	8526                	mv	a0,s1
    80001d8a:	650000ef          	jal	800023da <memchr>
    80001d8e:	c119                	beqz	a0,80001d94 <_printf_i+0x234>
    80001d90:	8d05                	sub	a0,a0,s1
    80001d92:	c048                	sw	a0,4(s0)
    80001d94:	405c                	lw	a5,4(s0)
    80001d96:	c81c                	sw	a5,16(s0)
    80001d98:	040401a3          	sb	zero,67(s0)
    80001d9c:	b719                	j	80001ca2 <_printf_i+0x142>
    80001d9e:	4814                	lw	a3,16(s0)
    80001da0:	8626                	mv	a2,s1
    80001da2:	85ce                	mv	a1,s3
    80001da4:	854a                	mv	a0,s2
    80001da6:	9a02                	jalr	s4
    80001da8:	f15507e3          	beq	a0,s5,80001cb6 <_printf_i+0x156>
    80001dac:	401c                	lw	a5,0(s0)
    80001dae:	8b89                	andi	a5,a5,2
    80001db0:	eb85                	bnez	a5,80001de0 <_printf_i+0x280>
    80001db2:	4458                	lw	a4,12(s0)
    80001db4:	47b2                	lw	a5,12(sp)
    80001db6:	0007051b          	sext.w	a0,a4
    80001dba:	eef75fe3          	bge	a4,a5,80001cb8 <_printf_i+0x158>
    80001dbe:	0007851b          	sext.w	a0,a5
    80001dc2:	bddd                	j	80001cb8 <_printf_i+0x158>
    80001dc4:	4685                	li	a3,1
    80001dc6:	8656                	mv	a2,s5
    80001dc8:	85ce                	mv	a1,s3
    80001dca:	854a                	mv	a0,s2
    80001dcc:	9a02                	jalr	s4
    80001dce:	ef6504e3          	beq	a0,s6,80001cb6 <_printf_i+0x156>
    80001dd2:	2485                	addiw	s1,s1,1
    80001dd4:	445c                	lw	a5,12(s0)
    80001dd6:	4732                	lw	a4,12(sp)
    80001dd8:	9f99                	subw	a5,a5,a4
    80001dda:	fef4c5e3          	blt	s1,a5,80001dc4 <_printf_i+0x264>
    80001dde:	bfd1                	j	80001db2 <_printf_i+0x252>
    80001de0:	4481                	li	s1,0
    80001de2:	01940a93          	addi	s5,s0,25
    80001de6:	5b7d                	li	s6,-1
    80001de8:	b7f5                	j	80001dd4 <_printf_i+0x274>

0000000080001dea <__sflush_r>:
    80001dea:	01059783          	lh	a5,16(a1)
    80001dee:	7179                	addi	sp,sp,-48
    80001df0:	f022                	sd	s0,32(sp)
    80001df2:	ec26                	sd	s1,24(sp)
    80001df4:	f406                	sd	ra,40(sp)
    80001df6:	e84a                	sd	s2,16(sp)
    80001df8:	e44e                	sd	s3,8(sp)
    80001dfa:	0087f713          	andi	a4,a5,8
    80001dfe:	84aa                	mv	s1,a0
    80001e00:	842e                	mv	s0,a1
    80001e02:	eb69                	bnez	a4,80001ed4 <__sflush_r+0xea>
    80001e04:	4598                	lw	a4,8(a1)
    80001e06:	00e04563          	bgtz	a4,80001e10 <__sflush_r+0x26>
    80001e0a:	5db8                	lw	a4,120(a1)
    80001e0c:	0ae05b63          	blez	a4,80001ec2 <__sflush_r+0xd8>
    80001e10:	6838                	ld	a4,80(s0)
    80001e12:	cb45                	beqz	a4,80001ec2 <__sflush_r+0xd8>
    80001e14:	0004a903          	lw	s2,0(s1)
    80001e18:	03379693          	slli	a3,a5,0x33
    80001e1c:	0004a023          	sw	zero,0(s1)
    80001e20:	7c0c                	ld	a1,56(s0)
    80001e22:	0606de63          	bgez	a3,80001e9e <__sflush_r+0xb4>
    80001e26:	6c50                	ld	a2,152(s0)
    80001e28:	01045783          	lhu	a5,16(s0)
    80001e2c:	8b91                	andi	a5,a5,4
    80001e2e:	c799                	beqz	a5,80001e3c <__sflush_r+0x52>
    80001e30:	441c                	lw	a5,8(s0)
    80001e32:	8e1d                	sub	a2,a2,a5
    80001e34:	703c                	ld	a5,96(s0)
    80001e36:	c399                	beqz	a5,80001e3c <__sflush_r+0x52>
    80001e38:	5c3c                	lw	a5,120(s0)
    80001e3a:	8e1d                	sub	a2,a2,a5
    80001e3c:	683c                	ld	a5,80(s0)
    80001e3e:	7c0c                	ld	a1,56(s0)
    80001e40:	4681                	li	a3,0
    80001e42:	8526                	mv	a0,s1
    80001e44:	9782                	jalr	a5
    80001e46:	577d                	li	a4,-1
    80001e48:	01045783          	lhu	a5,16(s0)
    80001e4c:	00e51d63          	bne	a0,a4,80001e66 <__sflush_r+0x7c>
    80001e50:	4094                	lw	a3,0(s1)
    80001e52:	4775                	li	a4,29
    80001e54:	06d76963          	bltu	a4,a3,80001ec6 <__sflush_r+0xdc>
    80001e58:	20400737          	lui	a4,0x20400
    80001e5c:	0705                	addi	a4,a4,1 # 20400001 <__heap_size+0x203e0001>
    80001e5e:	00d75733          	srl	a4,a4,a3
    80001e62:	8b05                	andi	a4,a4,1
    80001e64:	c32d                	beqz	a4,80001ec6 <__sflush_r+0xdc>
    80001e66:	6c18                	ld	a4,24(s0)
    80001e68:	00042423          	sw	zero,8(s0)
    80001e6c:	e018                	sd	a4,0(s0)
    80001e6e:	03379713          	slli	a4,a5,0x33
    80001e72:	00075863          	bgez	a4,80001e82 <__sflush_r+0x98>
    80001e76:	57fd                	li	a5,-1
    80001e78:	00f51463          	bne	a0,a5,80001e80 <__sflush_r+0x96>
    80001e7c:	409c                	lw	a5,0(s1)
    80001e7e:	e391                	bnez	a5,80001e82 <__sflush_r+0x98>
    80001e80:	ec48                	sd	a0,152(s0)
    80001e82:	702c                	ld	a1,96(s0)
    80001e84:	0124a023          	sw	s2,0(s1)
    80001e88:	cd8d                	beqz	a1,80001ec2 <__sflush_r+0xd8>
    80001e8a:	07c40793          	addi	a5,s0,124
    80001e8e:	00f58563          	beq	a1,a5,80001e98 <__sflush_r+0xae>
    80001e92:	8526                	mv	a0,s1
    80001e94:	fecff0ef          	jal	80001680 <_free_r>
    80001e98:	06043023          	sd	zero,96(s0)
    80001e9c:	a01d                	j	80001ec2 <__sflush_r+0xd8>
    80001e9e:	4601                	li	a2,0
    80001ea0:	4685                	li	a3,1
    80001ea2:	8526                	mv	a0,s1
    80001ea4:	9702                	jalr	a4
    80001ea6:	57fd                	li	a5,-1
    80001ea8:	862a                	mv	a2,a0
    80001eaa:	f6f51fe3          	bne	a0,a5,80001e28 <__sflush_r+0x3e>
    80001eae:	409c                	lw	a5,0(s1)
    80001eb0:	dfa5                	beqz	a5,80001e28 <__sflush_r+0x3e>
    80001eb2:	4775                	li	a4,29
    80001eb4:	00e78563          	beq	a5,a4,80001ebe <__sflush_r+0xd4>
    80001eb8:	4759                	li	a4,22
    80001eba:	04e79663          	bne	a5,a4,80001f06 <__sflush_r+0x11c>
    80001ebe:	0124a023          	sw	s2,0(s1)
    80001ec2:	4501                	li	a0,0
    80001ec4:	a881                	j	80001f14 <__sflush_r+0x12a>
    80001ec6:	0407e793          	ori	a5,a5,64
    80001eca:	0107979b          	slliw	a5,a5,0x10
    80001ece:	4107d79b          	sraiw	a5,a5,0x10
    80001ed2:	a835                	j	80001f0e <__sflush_r+0x124>
    80001ed4:	0185b983          	ld	s3,24(a1)
    80001ed8:	fe0985e3          	beqz	s3,80001ec2 <__sflush_r+0xd8>
    80001edc:	0005b903          	ld	s2,0(a1)
    80001ee0:	8b8d                	andi	a5,a5,3
    80001ee2:	0135b023          	sd	s3,0(a1)
    80001ee6:	4139093b          	subw	s2,s2,s3
    80001eea:	4701                	li	a4,0
    80001eec:	e391                	bnez	a5,80001ef0 <__sflush_r+0x106>
    80001eee:	5198                	lw	a4,32(a1)
    80001ef0:	c458                	sw	a4,12(s0)
    80001ef2:	fd2058e3          	blez	s2,80001ec2 <__sflush_r+0xd8>
    80001ef6:	643c                	ld	a5,72(s0)
    80001ef8:	7c0c                	ld	a1,56(s0)
    80001efa:	86ca                	mv	a3,s2
    80001efc:	864e                	mv	a2,s3
    80001efe:	8526                	mv	a0,s1
    80001f00:	9782                	jalr	a5
    80001f02:	02a04063          	bgtz	a0,80001f22 <__sflush_r+0x138>
    80001f06:	01041783          	lh	a5,16(s0)
    80001f0a:	0407e793          	ori	a5,a5,64
    80001f0e:	00f41823          	sh	a5,16(s0)
    80001f12:	557d                	li	a0,-1
    80001f14:	70a2                	ld	ra,40(sp)
    80001f16:	7402                	ld	s0,32(sp)
    80001f18:	64e2                	ld	s1,24(sp)
    80001f1a:	6942                	ld	s2,16(sp)
    80001f1c:	69a2                	ld	s3,8(sp)
    80001f1e:	6145                	addi	sp,sp,48
    80001f20:	8082                	ret
    80001f22:	99aa                	add	s3,s3,a0
    80001f24:	40a9093b          	subw	s2,s2,a0
    80001f28:	b7e9                	j	80001ef2 <__sflush_r+0x108>

0000000080001f2a <_fflush_r>:
    80001f2a:	6d9c                	ld	a5,24(a1)
    80001f2c:	cb8d                	beqz	a5,80001f5e <_fflush_r+0x34>
    80001f2e:	1101                	addi	sp,sp,-32
    80001f30:	e822                	sd	s0,16(sp)
    80001f32:	ec06                	sd	ra,24(sp)
    80001f34:	842a                	mv	s0,a0
    80001f36:	c519                	beqz	a0,80001f44 <_fflush_r+0x1a>
    80001f38:	613c                	ld	a5,64(a0)
    80001f3a:	e789                	bnez	a5,80001f44 <_fflush_r+0x1a>
    80001f3c:	e42e                	sd	a1,8(sp)
    80001f3e:	b76ff0ef          	jal	800012b4 <__sinit>
    80001f42:	65a2                	ld	a1,8(sp)
    80001f44:	01059783          	lh	a5,16(a1)
    80001f48:	c791                	beqz	a5,80001f54 <_fflush_r+0x2a>
    80001f4a:	8522                	mv	a0,s0
    80001f4c:	6442                	ld	s0,16(sp)
    80001f4e:	60e2                	ld	ra,24(sp)
    80001f50:	6105                	addi	sp,sp,32
    80001f52:	bd61                	j	80001dea <__sflush_r>
    80001f54:	60e2                	ld	ra,24(sp)
    80001f56:	6442                	ld	s0,16(sp)
    80001f58:	4501                	li	a0,0
    80001f5a:	6105                	addi	sp,sp,32
    80001f5c:	8082                	ret
    80001f5e:	4501                	li	a0,0
    80001f60:	8082                	ret

0000000080001f62 <fflush>:
    80001f62:	85aa                	mv	a1,a0
    80001f64:	ed19                	bnez	a0,80001f82 <fflush+0x20>
    80001f66:	00001617          	auipc	a2,0x1
    80001f6a:	dea60613          	addi	a2,a2,-534 # 80002d50 <__sglue>
    80001f6e:	00000597          	auipc	a1,0x0
    80001f72:	fbc58593          	addi	a1,a1,-68 # 80001f2a <_fflush_r>
    80001f76:	00001517          	auipc	a0,0x1
    80001f7a:	df250513          	addi	a0,a0,-526 # 80002d68 <_impure_data>
    80001f7e:	bc0ff06f          	j	8000133e <_fwalk_sglue>
    80001f82:	00001517          	auipc	a0,0x1
    80001f86:	e7653503          	ld	a0,-394(a0) # 80002df8 <_impure_ptr>
    80001f8a:	b745                	j	80001f2a <_fflush_r>

0000000080001f8c <__sfvwrite_r>:
    80001f8c:	6a1c                	ld	a5,16(a2)
    80001f8e:	e399                	bnez	a5,80001f94 <__sfvwrite_r+0x8>
    80001f90:	4501                	li	a0,0
    80001f92:	8082                	ret
    80001f94:	0105d783          	lhu	a5,16(a1)
    80001f98:	7159                	addi	sp,sp,-112
    80001f9a:	f0a2                	sd	s0,96(sp)
    80001f9c:	e8ca                	sd	s2,80(sp)
    80001f9e:	e0d2                	sd	s4,64(sp)
    80001fa0:	f486                	sd	ra,104(sp)
    80001fa2:	eca6                	sd	s1,88(sp)
    80001fa4:	e4ce                	sd	s3,72(sp)
    80001fa6:	fc56                	sd	s5,56(sp)
    80001fa8:	f85a                	sd	s6,48(sp)
    80001faa:	f45e                	sd	s7,40(sp)
    80001fac:	f062                	sd	s8,32(sp)
    80001fae:	ec66                	sd	s9,24(sp)
    80001fb0:	e86a                	sd	s10,16(sp)
    80001fb2:	e46e                	sd	s11,8(sp)
    80001fb4:	8ba1                	andi	a5,a5,8
    80001fb6:	892a                	mv	s2,a0
    80001fb8:	842e                	mv	s0,a1
    80001fba:	8a32                	mv	s4,a2
    80001fbc:	cfc1                	beqz	a5,80002054 <__sfvwrite_r+0xc8>
    80001fbe:	6d9c                	ld	a5,24(a1)
    80001fc0:	cbd1                	beqz	a5,80002054 <__sfvwrite_r+0xc8>
    80001fc2:	01041783          	lh	a5,16(s0)
    80001fc6:	000a3983          	ld	s3,0(s4)
    80001fca:	0027f713          	andi	a4,a5,2
    80001fce:	e765                	bnez	a4,800020b6 <__sfvwrite_r+0x12a>
    80001fd0:	8b85                	andi	a5,a5,1
    80001fd2:	4a81                	li	s5,0
    80001fd4:	16078063          	beqz	a5,80002134 <__sfvwrite_r+0x1a8>
    80001fd8:	4501                	li	a0,0
    80001fda:	4b81                	li	s7,0
    80001fdc:	4b01                	li	s6,0
    80001fde:	240b0063          	beqz	s6,8000221e <__sfvwrite_r+0x292>
    80001fe2:	e919                	bnez	a0,80001ff8 <__sfvwrite_r+0x6c>
    80001fe4:	865a                	mv	a2,s6
    80001fe6:	45a9                	li	a1,10
    80001fe8:	855e                	mv	a0,s7
    80001fea:	3f0000ef          	jal	800023da <memchr>
    80001fee:	22050f63          	beqz	a0,8000222c <__sfvwrite_r+0x2a0>
    80001ff2:	0505                	addi	a0,a0,1
    80001ff4:	41750abb          	subw	s5,a0,s7
    80001ff8:	8c56                	mv	s8,s5
    80001ffa:	015b7363          	bgeu	s6,s5,80002000 <__sfvwrite_r+0x74>
    80001ffe:	8c5a                	mv	s8,s6
    80002000:	6008                	ld	a0,0(s0)
    80002002:	6c1c                	ld	a5,24(s0)
    80002004:	4444                	lw	s1,12(s0)
    80002006:	5014                	lw	a3,32(s0)
    80002008:	22a7f563          	bgeu	a5,a0,80002232 <__sfvwrite_r+0x2a6>
    8000200c:	9cb5                	addw	s1,s1,a3
    8000200e:	2384d263          	bge	s1,s8,80002232 <__sfvwrite_r+0x2a6>
    80002012:	85de                	mv	a1,s7
    80002014:	8626                	mv	a2,s1
    80002016:	56e000ef          	jal	80002584 <memmove>
    8000201a:	601c                	ld	a5,0(s0)
    8000201c:	85a2                	mv	a1,s0
    8000201e:	854a                	mv	a0,s2
    80002020:	97a6                	add	a5,a5,s1
    80002022:	e01c                	sd	a5,0(s0)
    80002024:	f07ff0ef          	jal	80001f2a <_fflush_r>
    80002028:	0e051f63          	bnez	a0,80002126 <__sfvwrite_r+0x19a>
    8000202c:	409a8abb          	subw	s5,s5,s1
    80002030:	4505                	li	a0,1
    80002032:	000a9763          	bnez	s5,80002040 <__sfvwrite_r+0xb4>
    80002036:	85a2                	mv	a1,s0
    80002038:	854a                	mv	a0,s2
    8000203a:	ef1ff0ef          	jal	80001f2a <_fflush_r>
    8000203e:	e565                	bnez	a0,80002126 <__sfvwrite_r+0x19a>
    80002040:	010a3783          	ld	a5,16(s4)
    80002044:	9ba6                	add	s7,s7,s1
    80002046:	409b0b33          	sub	s6,s6,s1
    8000204a:	8f85                	sub	a5,a5,s1
    8000204c:	00fa3823          	sd	a5,16(s4)
    80002050:	f7d9                	bnez	a5,80001fde <__sfvwrite_r+0x52>
    80002052:	a091                	j	80002096 <__sfvwrite_r+0x10a>
    80002054:	85a2                	mv	a1,s0
    80002056:	854a                	mv	a0,s2
    80002058:	2b4000ef          	jal	8000230c <__swsetup_r>
    8000205c:	d13d                	beqz	a0,80001fc2 <__sfvwrite_r+0x36>
    8000205e:	557d                	li	a0,-1
    80002060:	a825                	j	80002098 <__sfvwrite_r+0x10c>
    80002062:	0009ba83          	ld	s5,0(s3)
    80002066:	0089b483          	ld	s1,8(s3)
    8000206a:	09c1                	addi	s3,s3,16
    8000206c:	643c                	ld	a5,72(s0)
    8000206e:	7c0c                	ld	a1,56(s0)
    80002070:	d8ed                	beqz	s1,80002062 <__sfvwrite_r+0xd6>
    80002072:	86a6                	mv	a3,s1
    80002074:	009b7363          	bgeu	s6,s1,8000207a <__sfvwrite_r+0xee>
    80002078:	86da                	mv	a3,s6
    8000207a:	2681                	sext.w	a3,a3
    8000207c:	8656                	mv	a2,s5
    8000207e:	854a                	mv	a0,s2
    80002080:	9782                	jalr	a5
    80002082:	0aa05263          	blez	a0,80002126 <__sfvwrite_r+0x19a>
    80002086:	010a3783          	ld	a5,16(s4)
    8000208a:	9aaa                	add	s5,s5,a0
    8000208c:	8c89                	sub	s1,s1,a0
    8000208e:	8f89                	sub	a5,a5,a0
    80002090:	00fa3823          	sd	a5,16(s4)
    80002094:	ffe1                	bnez	a5,8000206c <__sfvwrite_r+0xe0>
    80002096:	4501                	li	a0,0
    80002098:	70a6                	ld	ra,104(sp)
    8000209a:	7406                	ld	s0,96(sp)
    8000209c:	64e6                	ld	s1,88(sp)
    8000209e:	6946                	ld	s2,80(sp)
    800020a0:	69a6                	ld	s3,72(sp)
    800020a2:	6a06                	ld	s4,64(sp)
    800020a4:	7ae2                	ld	s5,56(sp)
    800020a6:	7b42                	ld	s6,48(sp)
    800020a8:	7ba2                	ld	s7,40(sp)
    800020aa:	7c02                	ld	s8,32(sp)
    800020ac:	6ce2                	ld	s9,24(sp)
    800020ae:	6d42                	ld	s10,16(sp)
    800020b0:	6da2                	ld	s11,8(sp)
    800020b2:	6165                	addi	sp,sp,112
    800020b4:	8082                	ret
    800020b6:	80000b37          	lui	s6,0x80000
    800020ba:	4a81                	li	s5,0
    800020bc:	4481                	li	s1,0
    800020be:	c00b4b13          	xori	s6,s6,-1024
    800020c2:	b76d                	j	8000206c <__sfvwrite_r+0xe0>
    800020c4:	0009ba83          	ld	s5,0(s3)
    800020c8:	0089bc83          	ld	s9,8(s3)
    800020cc:	09c1                	addi	s3,s3,16
    800020ce:	4444                	lw	s1,12(s0)
    800020d0:	01041783          	lh	a5,16(s0)
    800020d4:	6008                	ld	a0,0(s0)
    800020d6:	8d26                	mv	s10,s1
    800020d8:	fe0c86e3          	beqz	s9,800020c4 <__sfvwrite_r+0x138>
    800020dc:	2007f713          	andi	a4,a5,512
    800020e0:	c37d                	beqz	a4,800021c6 <__sfvwrite_r+0x23a>
    800020e2:	089ce763          	bltu	s9,s1,80002170 <__sfvwrite_r+0x1e4>
    800020e6:	4807f713          	andi	a4,a5,1152
    800020ea:	c359                	beqz	a4,80002170 <__sfvwrite_r+0x1e4>
    800020ec:	5004                	lw	s1,32(s0)
    800020ee:	6c0c                	ld	a1,24(s0)
    800020f0:	029b84bb          	mulw	s1,s7,s1
    800020f4:	8d0d                	sub	a0,a0,a1
    800020f6:	00050d9b          	sext.w	s11,a0
    800020fa:	001d8713          	addi	a4,s11,1
    800020fe:	9766                	add	a4,a4,s9
    80002100:	0384c4bb          	divw	s1,s1,s8
    80002104:	00e4f563          	bgeu	s1,a4,8000210e <__sfvwrite_r+0x182>
    80002108:	2505                	addiw	a0,a0,1
    8000210a:	019504bb          	addw	s1,a0,s9
    8000210e:	4007f793          	andi	a5,a5,1024
    80002112:	cbc9                	beqz	a5,800021a4 <__sfvwrite_r+0x218>
    80002114:	85a6                	mv	a1,s1
    80002116:	854a                	mv	a0,s2
    80002118:	ea1fe0ef          	jal	80000fb8 <_malloc_r>
    8000211c:	8d2a                	mv	s10,a0
    8000211e:	e11d                	bnez	a0,80002144 <__sfvwrite_r+0x1b8>
    80002120:	47b1                	li	a5,12
    80002122:	00f92023          	sw	a5,0(s2)
    80002126:	01045783          	lhu	a5,16(s0)
    8000212a:	0407e793          	ori	a5,a5,64
    8000212e:	00f41823          	sh	a5,16(s0)
    80002132:	b735                	j	8000205e <__sfvwrite_r+0xd2>
    80002134:	80000b37          	lui	s6,0x80000
    80002138:	4c81                	li	s9,0
    8000213a:	fffb4b13          	not	s6,s6
    8000213e:	4b8d                	li	s7,3
    80002140:	4c09                	li	s8,2
    80002142:	b771                	j	800020ce <__sfvwrite_r+0x142>
    80002144:	6c0c                	ld	a1,24(s0)
    80002146:	866e                	mv	a2,s11
    80002148:	462000ef          	jal	800025aa <memcpy>
    8000214c:	01045783          	lhu	a5,16(s0)
    80002150:	b7f7f793          	andi	a5,a5,-1153
    80002154:	0807e793          	ori	a5,a5,128
    80002158:	00f41823          	sh	a5,16(s0)
    8000215c:	01a43c23          	sd	s10,24(s0)
    80002160:	d004                	sw	s1,32(s0)
    80002162:	9d6e                	add	s10,s10,s11
    80002164:	41b484bb          	subw	s1,s1,s11
    80002168:	01a43023          	sd	s10,0(s0)
    8000216c:	c444                	sw	s1,12(s0)
    8000216e:	8d66                	mv	s10,s9
    80002170:	84e6                	mv	s1,s9
    80002172:	01acf363          	bgeu	s9,s10,80002178 <__sfvwrite_r+0x1ec>
    80002176:	8d66                	mv	s10,s9
    80002178:	6008                	ld	a0,0(s0)
    8000217a:	866a                	mv	a2,s10
    8000217c:	85d6                	mv	a1,s5
    8000217e:	406000ef          	jal	80002584 <memmove>
    80002182:	445c                	lw	a5,12(s0)
    80002184:	41a787bb          	subw	a5,a5,s10
    80002188:	c45c                	sw	a5,12(s0)
    8000218a:	601c                	ld	a5,0(s0)
    8000218c:	97ea                	add	a5,a5,s10
    8000218e:	e01c                	sd	a5,0(s0)
    80002190:	010a3783          	ld	a5,16(s4)
    80002194:	9aa6                	add	s5,s5,s1
    80002196:	409c8cb3          	sub	s9,s9,s1
    8000219a:	8f85                	sub	a5,a5,s1
    8000219c:	00fa3823          	sd	a5,16(s4)
    800021a0:	f79d                	bnez	a5,800020ce <__sfvwrite_r+0x142>
    800021a2:	bdd5                	j	80002096 <__sfvwrite_r+0x10a>
    800021a4:	8626                	mv	a2,s1
    800021a6:	854a                	mv	a0,s2
    800021a8:	418000ef          	jal	800025c0 <_realloc_r>
    800021ac:	8d2a                	mv	s10,a0
    800021ae:	f55d                	bnez	a0,8000215c <__sfvwrite_r+0x1d0>
    800021b0:	6c0c                	ld	a1,24(s0)
    800021b2:	854a                	mv	a0,s2
    800021b4:	cccff0ef          	jal	80001680 <_free_r>
    800021b8:	01045783          	lhu	a5,16(s0)
    800021bc:	f7f7f793          	andi	a5,a5,-129
    800021c0:	00f41823          	sh	a5,16(s0)
    800021c4:	bfb1                	j	80002120 <__sfvwrite_r+0x194>
    800021c6:	6c1c                	ld	a5,24(s0)
    800021c8:	00a7e563          	bltu	a5,a0,800021d2 <__sfvwrite_r+0x246>
    800021cc:	5014                	lw	a3,32(s0)
    800021ce:	02dcf763          	bgeu	s9,a3,800021fc <__sfvwrite_r+0x270>
    800021d2:	009cf363          	bgeu	s9,s1,800021d8 <__sfvwrite_r+0x24c>
    800021d6:	84e6                	mv	s1,s9
    800021d8:	8626                	mv	a2,s1
    800021da:	85d6                	mv	a1,s5
    800021dc:	3a8000ef          	jal	80002584 <memmove>
    800021e0:	445c                	lw	a5,12(s0)
    800021e2:	4097873b          	subw	a4,a5,s1
    800021e6:	601c                	ld	a5,0(s0)
    800021e8:	c458                	sw	a4,12(s0)
    800021ea:	97a6                	add	a5,a5,s1
    800021ec:	e01c                	sd	a5,0(s0)
    800021ee:	f34d                	bnez	a4,80002190 <__sfvwrite_r+0x204>
    800021f0:	85a2                	mv	a1,s0
    800021f2:	854a                	mv	a0,s2
    800021f4:	d37ff0ef          	jal	80001f2a <_fflush_r>
    800021f8:	dd41                	beqz	a0,80002190 <__sfvwrite_r+0x204>
    800021fa:	b735                	j	80002126 <__sfvwrite_r+0x19a>
    800021fc:	87e6                	mv	a5,s9
    800021fe:	019b7363          	bgeu	s6,s9,80002204 <__sfvwrite_r+0x278>
    80002202:	87da                	mv	a5,s6
    80002204:	02d7c7bb          	divw	a5,a5,a3
    80002208:	6438                	ld	a4,72(s0)
    8000220a:	7c0c                	ld	a1,56(s0)
    8000220c:	8656                	mv	a2,s5
    8000220e:	854a                	mv	a0,s2
    80002210:	02d786bb          	mulw	a3,a5,a3
    80002214:	9702                	jalr	a4
    80002216:	84aa                	mv	s1,a0
    80002218:	f6a04ce3          	bgtz	a0,80002190 <__sfvwrite_r+0x204>
    8000221c:	b729                	j	80002126 <__sfvwrite_r+0x19a>
    8000221e:	0009bb83          	ld	s7,0(s3)
    80002222:	0089bb03          	ld	s6,8(s3)
    80002226:	4501                	li	a0,0
    80002228:	09c1                	addi	s3,s3,16
    8000222a:	bb55                	j	80001fde <__sfvwrite_r+0x52>
    8000222c:	001b0a9b          	addiw	s5,s6,1 # ffffffff80000001 <__heap_end+0xfffffffefffdc001>
    80002230:	b3e1                	j	80001ff8 <__sfvwrite_r+0x6c>
    80002232:	00dc4b63          	blt	s8,a3,80002248 <__sfvwrite_r+0x2bc>
    80002236:	643c                	ld	a5,72(s0)
    80002238:	7c0c                	ld	a1,56(s0)
    8000223a:	865e                	mv	a2,s7
    8000223c:	854a                	mv	a0,s2
    8000223e:	9782                	jalr	a5
    80002240:	84aa                	mv	s1,a0
    80002242:	dea045e3          	bgtz	a0,8000202c <__sfvwrite_r+0xa0>
    80002246:	b5c5                	j	80002126 <__sfvwrite_r+0x19a>
    80002248:	8662                	mv	a2,s8
    8000224a:	85de                	mv	a1,s7
    8000224c:	338000ef          	jal	80002584 <memmove>
    80002250:	445c                	lw	a5,12(s0)
    80002252:	84e2                	mv	s1,s8
    80002254:	418787bb          	subw	a5,a5,s8
    80002258:	c45c                	sw	a5,12(s0)
    8000225a:	601c                	ld	a5,0(s0)
    8000225c:	97e2                	add	a5,a5,s8
    8000225e:	e01c                	sd	a5,0(s0)
    80002260:	b3f1                	j	8000202c <__sfvwrite_r+0xa0>

0000000080002262 <__swbuf_r>:
    80002262:	7179                	addi	sp,sp,-48
    80002264:	f022                	sd	s0,32(sp)
    80002266:	ec26                	sd	s1,24(sp)
    80002268:	e84a                	sd	s2,16(sp)
    8000226a:	f406                	sd	ra,40(sp)
    8000226c:	e44e                	sd	s3,8(sp)
    8000226e:	892a                	mv	s2,a0
    80002270:	84ae                	mv	s1,a1
    80002272:	8432                	mv	s0,a2
    80002274:	c509                	beqz	a0,8000227e <__swbuf_r+0x1c>
    80002276:	613c                	ld	a5,64(a0)
    80002278:	e399                	bnez	a5,8000227e <__swbuf_r+0x1c>
    8000227a:	83aff0ef          	jal	800012b4 <__sinit>
    8000227e:	541c                	lw	a5,40(s0)
    80002280:	c45c                	sw	a5,12(s0)
    80002282:	01045783          	lhu	a5,16(s0)
    80002286:	8ba1                	andi	a5,a5,8
    80002288:	c399                	beqz	a5,8000228e <__swbuf_r+0x2c>
    8000228a:	6c1c                	ld	a5,24(s0)
    8000228c:	ef99                	bnez	a5,800022aa <__swbuf_r+0x48>
    8000228e:	85a2                	mv	a1,s0
    80002290:	854a                	mv	a0,s2
    80002292:	07a000ef          	jal	8000230c <__swsetup_r>
    80002296:	c911                	beqz	a0,800022aa <__swbuf_r+0x48>
    80002298:	54fd                	li	s1,-1
    8000229a:	70a2                	ld	ra,40(sp)
    8000229c:	7402                	ld	s0,32(sp)
    8000229e:	6942                	ld	s2,16(sp)
    800022a0:	69a2                	ld	s3,8(sp)
    800022a2:	8526                	mv	a0,s1
    800022a4:	64e2                	ld	s1,24(sp)
    800022a6:	6145                	addi	sp,sp,48
    800022a8:	8082                	ret
    800022aa:	601c                	ld	a5,0(s0)
    800022ac:	6c18                	ld	a4,24(s0)
    800022ae:	0ff4f993          	zext.b	s3,s1
    800022b2:	84ce                	mv	s1,s3
    800022b4:	40e7853b          	subw	a0,a5,a4
    800022b8:	501c                	lw	a5,32(s0)
    800022ba:	00f54763          	blt	a0,a5,800022c8 <__swbuf_r+0x66>
    800022be:	85a2                	mv	a1,s0
    800022c0:	854a                	mv	a0,s2
    800022c2:	c69ff0ef          	jal	80001f2a <_fflush_r>
    800022c6:	f969                	bnez	a0,80002298 <__swbuf_r+0x36>
    800022c8:	445c                	lw	a5,12(s0)
    800022ca:	37fd                	addiw	a5,a5,-1
    800022cc:	c45c                	sw	a5,12(s0)
    800022ce:	601c                	ld	a5,0(s0)
    800022d0:	00178713          	addi	a4,a5,1
    800022d4:	e018                	sd	a4,0(s0)
    800022d6:	01378023          	sb	s3,0(a5)
    800022da:	5018                	lw	a4,32(s0)
    800022dc:	0015079b          	addiw	a5,a0,1
    800022e0:	00f70963          	beq	a4,a5,800022f2 <__swbuf_r+0x90>
    800022e4:	01045783          	lhu	a5,16(s0)
    800022e8:	8b85                	andi	a5,a5,1
    800022ea:	dbc5                	beqz	a5,8000229a <__swbuf_r+0x38>
    800022ec:	47a9                	li	a5,10
    800022ee:	faf496e3          	bne	s1,a5,8000229a <__swbuf_r+0x38>
    800022f2:	85a2                	mv	a1,s0
    800022f4:	854a                	mv	a0,s2
    800022f6:	c35ff0ef          	jal	80001f2a <_fflush_r>
    800022fa:	d145                	beqz	a0,8000229a <__swbuf_r+0x38>
    800022fc:	bf71                	j	80002298 <__swbuf_r+0x36>

00000000800022fe <__swbuf>:
    800022fe:	862e                	mv	a2,a1
    80002300:	85aa                	mv	a1,a0
    80002302:	00001517          	auipc	a0,0x1
    80002306:	af653503          	ld	a0,-1290(a0) # 80002df8 <_impure_ptr>
    8000230a:	bfa1                	j	80002262 <__swbuf_r>

000000008000230c <__swsetup_r>:
    8000230c:	1101                	addi	sp,sp,-32
    8000230e:	e822                	sd	s0,16(sp)
    80002310:	e426                	sd	s1,8(sp)
    80002312:	ec06                	sd	ra,24(sp)
    80002314:	84aa                	mv	s1,a0
    80002316:	00001517          	auipc	a0,0x1
    8000231a:	ae253503          	ld	a0,-1310(a0) # 80002df8 <_impure_ptr>
    8000231e:	842e                	mv	s0,a1
    80002320:	c509                	beqz	a0,8000232a <__swsetup_r+0x1e>
    80002322:	613c                	ld	a5,64(a0)
    80002324:	e399                	bnez	a5,8000232a <__swsetup_r+0x1e>
    80002326:	f8ffe0ef          	jal	800012b4 <__sinit>
    8000232a:	01041783          	lh	a5,16(s0)
    8000232e:	0087f713          	andi	a4,a5,8
    80002332:	eb29                	bnez	a4,80002384 <__swsetup_r+0x78>
    80002334:	0107f713          	andi	a4,a5,16
    80002338:	eb09                	bnez	a4,8000234a <__swsetup_r+0x3e>
    8000233a:	4725                	li	a4,9
    8000233c:	c098                	sw	a4,0(s1)
    8000233e:	0407e793          	ori	a5,a5,64
    80002342:	00f41823          	sh	a5,16(s0)
    80002346:	557d                	li	a0,-1
    80002348:	a8ad                	j	800023c2 <__swsetup_r+0xb6>
    8000234a:	8b91                	andi	a5,a5,4
    8000234c:	c795                	beqz	a5,80002378 <__swsetup_r+0x6c>
    8000234e:	702c                	ld	a1,96(s0)
    80002350:	c991                	beqz	a1,80002364 <__swsetup_r+0x58>
    80002352:	07c40793          	addi	a5,s0,124
    80002356:	00f58563          	beq	a1,a5,80002360 <__swsetup_r+0x54>
    8000235a:	8526                	mv	a0,s1
    8000235c:	b24ff0ef          	jal	80001680 <_free_r>
    80002360:	06043023          	sd	zero,96(s0)
    80002364:	01045783          	lhu	a5,16(s0)
    80002368:	00042423          	sw	zero,8(s0)
    8000236c:	fdb7f793          	andi	a5,a5,-37
    80002370:	00f41823          	sh	a5,16(s0)
    80002374:	6c1c                	ld	a5,24(s0)
    80002376:	e01c                	sd	a5,0(s0)
    80002378:	01045783          	lhu	a5,16(s0)
    8000237c:	0087e793          	ori	a5,a5,8
    80002380:	00f41823          	sh	a5,16(s0)
    80002384:	6c1c                	ld	a5,24(s0)
    80002386:	ef89                	bnez	a5,800023a0 <__swsetup_r+0x94>
    80002388:	01045783          	lhu	a5,16(s0)
    8000238c:	20000713          	li	a4,512
    80002390:	2807f793          	andi	a5,a5,640
    80002394:	00e78663          	beq	a5,a4,800023a0 <__swsetup_r+0x94>
    80002398:	85a2                	mv	a1,s0
    8000239a:	8526                	mv	a0,s1
    8000239c:	300000ef          	jal	8000269c <__smakebuf_r>
    800023a0:	01041783          	lh	a5,16(s0)
    800023a4:	0017f713          	andi	a4,a5,1
    800023a8:	c315                	beqz	a4,800023cc <__swsetup_r+0xc0>
    800023aa:	5018                	lw	a4,32(s0)
    800023ac:	00042623          	sw	zero,12(s0)
    800023b0:	40e0073b          	negw	a4,a4
    800023b4:	d418                	sw	a4,40(s0)
    800023b6:	6c18                	ld	a4,24(s0)
    800023b8:	4501                	li	a0,0
    800023ba:	e701                	bnez	a4,800023c2 <__swsetup_r+0xb6>
    800023bc:	0807f713          	andi	a4,a5,128
    800023c0:	ff3d                	bnez	a4,8000233e <__swsetup_r+0x32>
    800023c2:	60e2                	ld	ra,24(sp)
    800023c4:	6442                	ld	s0,16(sp)
    800023c6:	64a2                	ld	s1,8(sp)
    800023c8:	6105                	addi	sp,sp,32
    800023ca:	8082                	ret
    800023cc:	0027f713          	andi	a4,a5,2
    800023d0:	4681                	li	a3,0
    800023d2:	e311                	bnez	a4,800023d6 <__swsetup_r+0xca>
    800023d4:	5014                	lw	a3,32(s0)
    800023d6:	c454                	sw	a3,12(s0)
    800023d8:	bff9                	j	800023b6 <__swsetup_r+0xaa>

00000000800023da <memchr>:
    800023da:	0ff5f593          	zext.b	a1,a1
    800023de:	962a                	add	a2,a2,a0
    800023e0:	00c51463          	bne	a0,a2,800023e8 <memchr+0xe>
    800023e4:	4501                	li	a0,0
    800023e6:	8082                	ret
    800023e8:	00054783          	lbu	a5,0(a0)
    800023ec:	feb78de3          	beq	a5,a1,800023e6 <memchr+0xc>
    800023f0:	0505                	addi	a0,a0,1
    800023f2:	b7fd                	j	800023e0 <memchr+0x6>

00000000800023f4 <_init_signal_r>:
    800023f4:	793c                	ld	a5,112(a0)
    800023f6:	eb95                	bnez	a5,8000242a <_init_signal_r+0x36>
    800023f8:	1141                	addi	sp,sp,-16
    800023fa:	10000593          	li	a1,256
    800023fe:	e022                	sd	s0,0(sp)
    80002400:	e406                	sd	ra,8(sp)
    80002402:	842a                	mv	s0,a0
    80002404:	bb5fe0ef          	jal	80000fb8 <_malloc_r>
    80002408:	87aa                	mv	a5,a0
    8000240a:	f828                	sd	a0,112(s0)
    8000240c:	557d                	li	a0,-1
    8000240e:	cb91                	beqz	a5,80002422 <_init_signal_r+0x2e>
    80002410:	853e                	mv	a0,a5
    80002412:	10078793          	addi	a5,a5,256
    80002416:	00053023          	sd	zero,0(a0)
    8000241a:	0521                	addi	a0,a0,8
    8000241c:	fef51de3          	bne	a0,a5,80002416 <_init_signal_r+0x22>
    80002420:	4501                	li	a0,0
    80002422:	60a2                	ld	ra,8(sp)
    80002424:	6402                	ld	s0,0(sp)
    80002426:	0141                	addi	sp,sp,16
    80002428:	8082                	ret
    8000242a:	4501                	li	a0,0
    8000242c:	8082                	ret

000000008000242e <_signal_r>:
    8000242e:	1101                	addi	sp,sp,-32
    80002430:	e426                	sd	s1,8(sp)
    80002432:	ec06                	sd	ra,24(sp)
    80002434:	e822                	sd	s0,16(sp)
    80002436:	e04a                	sd	s2,0(sp)
    80002438:	47fd                	li	a5,31
    8000243a:	84aa                	mv	s1,a0
    8000243c:	00b7f663          	bgeu	a5,a1,80002448 <_signal_r+0x1a>
    80002440:	47d9                	li	a5,22
    80002442:	c11c                	sw	a5,0(a0)
    80002444:	557d                	li	a0,-1
    80002446:	a819                	j	8000245c <_signal_r+0x2e>
    80002448:	793c                	ld	a5,112(a0)
    8000244a:	842e                	mv	s0,a1
    8000244c:	8932                	mv	s2,a2
    8000244e:	cf89                	beqz	a5,80002468 <_signal_r+0x3a>
    80002450:	78bc                	ld	a5,112(s1)
    80002452:	040e                	slli	s0,s0,0x3
    80002454:	97a2                	add	a5,a5,s0
    80002456:	6388                	ld	a0,0(a5)
    80002458:	0127b023          	sd	s2,0(a5)
    8000245c:	60e2                	ld	ra,24(sp)
    8000245e:	6442                	ld	s0,16(sp)
    80002460:	64a2                	ld	s1,8(sp)
    80002462:	6902                	ld	s2,0(sp)
    80002464:	6105                	addi	sp,sp,32
    80002466:	8082                	ret
    80002468:	f8dff0ef          	jal	800023f4 <_init_signal_r>
    8000246c:	d175                	beqz	a0,80002450 <_signal_r+0x22>
    8000246e:	bfd9                	j	80002444 <_signal_r+0x16>

0000000080002470 <_raise_r>:
    80002470:	1101                	addi	sp,sp,-32
    80002472:	e822                	sd	s0,16(sp)
    80002474:	ec06                	sd	ra,24(sp)
    80002476:	47fd                	li	a5,31
    80002478:	842a                	mv	s0,a0
    8000247a:	00b7f963          	bgeu	a5,a1,8000248c <_raise_r+0x1c>
    8000247e:	47d9                	li	a5,22
    80002480:	c11c                	sw	a5,0(a0)
    80002482:	557d                	li	a0,-1
    80002484:	60e2                	ld	ra,24(sp)
    80002486:	6442                	ld	s0,16(sp)
    80002488:	6105                	addi	sp,sp,32
    8000248a:	8082                	ret
    8000248c:	793c                	ld	a5,112(a0)
    8000248e:	862e                	mv	a2,a1
    80002490:	c791                	beqz	a5,8000249c <_raise_r+0x2c>
    80002492:	00359713          	slli	a4,a1,0x3
    80002496:	97ba                	add	a5,a5,a4
    80002498:	6398                	ld	a4,0(a5)
    8000249a:	ef01                	bnez	a4,800024b2 <_raise_r+0x42>
    8000249c:	8522                	mv	a0,s0
    8000249e:	e432                	sd	a2,8(sp)
    800024a0:	0e2000ef          	jal	80002582 <_getpid_r>
    800024a4:	85aa                	mv	a1,a0
    800024a6:	8522                	mv	a0,s0
    800024a8:	6442                	ld	s0,16(sp)
    800024aa:	6622                	ld	a2,8(sp)
    800024ac:	60e2                	ld	ra,24(sp)
    800024ae:	6105                	addi	sp,sp,32
    800024b0:	a065                	j	80002558 <_kill_r>
    800024b2:	4685                	li	a3,1
    800024b4:	00d70d63          	beq	a4,a3,800024ce <_raise_r+0x5e>
    800024b8:	56fd                	li	a3,-1
    800024ba:	00d71663          	bne	a4,a3,800024c6 <_raise_r+0x56>
    800024be:	47d9                	li	a5,22
    800024c0:	c11c                	sw	a5,0(a0)
    800024c2:	4505                	li	a0,1
    800024c4:	b7c1                	j	80002484 <_raise_r+0x14>
    800024c6:	0007b023          	sd	zero,0(a5)
    800024ca:	852e                	mv	a0,a1
    800024cc:	9702                	jalr	a4
    800024ce:	4501                	li	a0,0
    800024d0:	bf55                	j	80002484 <_raise_r+0x14>

00000000800024d2 <__sigtramp_r>:
    800024d2:	47fd                	li	a5,31
    800024d4:	00b7f463          	bgeu	a5,a1,800024dc <__sigtramp_r+0xa>
    800024d8:	557d                	li	a0,-1
    800024da:	8082                	ret
    800024dc:	793c                	ld	a5,112(a0)
    800024de:	1101                	addi	sp,sp,-32
    800024e0:	e822                	sd	s0,16(sp)
    800024e2:	e426                	sd	s1,8(sp)
    800024e4:	ec06                	sd	ra,24(sp)
    800024e6:	84aa                	mv	s1,a0
    800024e8:	842e                	mv	s0,a1
    800024ea:	c795                	beqz	a5,80002516 <__sigtramp_r+0x44>
    800024ec:	78b8                	ld	a4,112(s1)
    800024ee:	00341793          	slli	a5,s0,0x3
    800024f2:	4505                	li	a0,1
    800024f4:	973e                	add	a4,a4,a5
    800024f6:	631c                	ld	a5,0(a4)
    800024f8:	c39d                	beqz	a5,8000251e <__sigtramp_r+0x4c>
    800024fa:	56fd                	li	a3,-1
    800024fc:	4509                	li	a0,2
    800024fe:	02d78063          	beq	a5,a3,8000251e <__sigtramp_r+0x4c>
    80002502:	4685                	li	a3,1
    80002504:	450d                	li	a0,3
    80002506:	00d78c63          	beq	a5,a3,8000251e <__sigtramp_r+0x4c>
    8000250a:	8522                	mv	a0,s0
    8000250c:	00073023          	sd	zero,0(a4)
    80002510:	9782                	jalr	a5
    80002512:	4501                	li	a0,0
    80002514:	a029                	j	8000251e <__sigtramp_r+0x4c>
    80002516:	edfff0ef          	jal	800023f4 <_init_signal_r>
    8000251a:	d969                	beqz	a0,800024ec <__sigtramp_r+0x1a>
    8000251c:	557d                	li	a0,-1
    8000251e:	60e2                	ld	ra,24(sp)
    80002520:	6442                	ld	s0,16(sp)
    80002522:	64a2                	ld	s1,8(sp)
    80002524:	6105                	addi	sp,sp,32
    80002526:	8082                	ret

0000000080002528 <raise>:
    80002528:	85aa                	mv	a1,a0
    8000252a:	00001517          	auipc	a0,0x1
    8000252e:	8ce53503          	ld	a0,-1842(a0) # 80002df8 <_impure_ptr>
    80002532:	bf3d                	j	80002470 <_raise_r>

0000000080002534 <signal>:
    80002534:	862e                	mv	a2,a1
    80002536:	85aa                	mv	a1,a0
    80002538:	00001517          	auipc	a0,0x1
    8000253c:	8c053503          	ld	a0,-1856(a0) # 80002df8 <_impure_ptr>
    80002540:	b5fd                	j	8000242e <_signal_r>

0000000080002542 <_init_signal>:
    80002542:	00001517          	auipc	a0,0x1
    80002546:	8b653503          	ld	a0,-1866(a0) # 80002df8 <_impure_ptr>
    8000254a:	b56d                	j	800023f4 <_init_signal_r>

000000008000254c <__sigtramp>:
    8000254c:	85aa                	mv	a1,a0
    8000254e:	00001517          	auipc	a0,0x1
    80002552:	8aa53503          	ld	a0,-1878(a0) # 80002df8 <_impure_ptr>
    80002556:	bfb5                	j	800024d2 <__sigtramp_r>

0000000080002558 <_kill_r>:
    80002558:	1141                	addi	sp,sp,-16
    8000255a:	e022                	sd	s0,0(sp)
    8000255c:	842a                	mv	s0,a0
    8000255e:	852e                	mv	a0,a1
    80002560:	85b2                	mv	a1,a2
    80002562:	8601a023          	sw	zero,-1952(gp) # 80002e58 <errno>
    80002566:	e406                	sd	ra,8(sp)
    80002568:	292000ef          	jal	800027fa <_kill>
    8000256c:	57fd                	li	a5,-1
    8000256e:	00f51663          	bne	a0,a5,8000257a <_kill_r+0x22>
    80002572:	8601a783          	lw	a5,-1952(gp) # 80002e58 <errno>
    80002576:	c391                	beqz	a5,8000257a <_kill_r+0x22>
    80002578:	c01c                	sw	a5,0(s0)
    8000257a:	60a2                	ld	ra,8(sp)
    8000257c:	6402                	ld	s0,0(sp)
    8000257e:	0141                	addi	sp,sp,16
    80002580:	8082                	ret

0000000080002582 <_getpid_r>:
    80002582:	a4b5                	j	800027ee <_getpid>

0000000080002584 <memmove>:
    80002584:	c215                	beqz	a2,800025a8 <memmove+0x24>
    80002586:	832a                	mv	t1,a0
    80002588:	4685                	li	a3,1
    8000258a:	00b56763          	bltu	a0,a1,80002598 <memmove+0x14>
    8000258e:	56fd                	li	a3,-1
    80002590:	fff60713          	addi	a4,a2,-1
    80002594:	933a                	add	t1,t1,a4
    80002596:	95ba                	add	a1,a1,a4
    80002598:	00058383          	lb	t2,0(a1)
    8000259c:	00730023          	sb	t2,0(t1)
    800025a0:	167d                	addi	a2,a2,-1
    800025a2:	9336                	add	t1,t1,a3
    800025a4:	95b6                	add	a1,a1,a3
    800025a6:	fa6d                	bnez	a2,80002598 <memmove+0x14>
    800025a8:	8082                	ret

00000000800025aa <memcpy>:
    800025aa:	832a                	mv	t1,a0
    800025ac:	ca09                	beqz	a2,800025be <memcpy+0x14>
    800025ae:	00058383          	lb	t2,0(a1)
    800025b2:	00730023          	sb	t2,0(t1)
    800025b6:	167d                	addi	a2,a2,-1
    800025b8:	0305                	addi	t1,t1,1
    800025ba:	0585                	addi	a1,a1,1
    800025bc:	fa6d                	bnez	a2,800025ae <memcpy+0x4>
    800025be:	8082                	ret

00000000800025c0 <_realloc_r>:
    800025c0:	7179                	addi	sp,sp,-48
    800025c2:	f022                	sd	s0,32(sp)
    800025c4:	f406                	sd	ra,40(sp)
    800025c6:	ec26                	sd	s1,24(sp)
    800025c8:	e84a                	sd	s2,16(sp)
    800025ca:	e44e                	sd	s3,8(sp)
    800025cc:	e052                	sd	s4,0(sp)
    800025ce:	8432                	mv	s0,a2
    800025d0:	e999                	bnez	a1,800025e6 <_realloc_r+0x26>
    800025d2:	7402                	ld	s0,32(sp)
    800025d4:	70a2                	ld	ra,40(sp)
    800025d6:	64e2                	ld	s1,24(sp)
    800025d8:	6942                	ld	s2,16(sp)
    800025da:	69a2                	ld	s3,8(sp)
    800025dc:	6a02                	ld	s4,0(sp)
    800025de:	85b2                	mv	a1,a2
    800025e0:	6145                	addi	sp,sp,48
    800025e2:	9d7fe06f          	j	80000fb8 <_malloc_r>
    800025e6:	ee09                	bnez	a2,80002600 <_realloc_r+0x40>
    800025e8:	898ff0ef          	jal	80001680 <_free_r>
    800025ec:	4481                	li	s1,0
    800025ee:	70a2                	ld	ra,40(sp)
    800025f0:	7402                	ld	s0,32(sp)
    800025f2:	6942                	ld	s2,16(sp)
    800025f4:	69a2                	ld	s3,8(sp)
    800025f6:	6a02                	ld	s4,0(sp)
    800025f8:	8526                	mv	a0,s1
    800025fa:	64e2                	ld	s1,24(sp)
    800025fc:	6145                	addi	sp,sp,48
    800025fe:	8082                	ret
    80002600:	8a2a                	mv	s4,a0
    80002602:	84ae                	mv	s1,a1
    80002604:	188000ef          	jal	8000278c <_malloc_usable_size_r>
    80002608:	892a                	mv	s2,a0
    8000260a:	00856663          	bltu	a0,s0,80002616 <_realloc_r+0x56>
    8000260e:	00155793          	srli	a5,a0,0x1
    80002612:	fc87eee3          	bltu	a5,s0,800025ee <_realloc_r+0x2e>
    80002616:	85a2                	mv	a1,s0
    80002618:	8552                	mv	a0,s4
    8000261a:	99ffe0ef          	jal	80000fb8 <_malloc_r>
    8000261e:	89aa                	mv	s3,a0
    80002620:	e119                	bnez	a0,80002626 <_realloc_r+0x66>
    80002622:	84ce                	mv	s1,s3
    80002624:	b7e9                	j	800025ee <_realloc_r+0x2e>
    80002626:	8622                	mv	a2,s0
    80002628:	00897363          	bgeu	s2,s0,8000262e <_realloc_r+0x6e>
    8000262c:	864a                	mv	a2,s2
    8000262e:	85a6                	mv	a1,s1
    80002630:	854e                	mv	a0,s3
    80002632:	f79ff0ef          	jal	800025aa <memcpy>
    80002636:	85a6                	mv	a1,s1
    80002638:	8552                	mv	a0,s4
    8000263a:	846ff0ef          	jal	80001680 <_free_r>
    8000263e:	b7d5                	j	80002622 <_realloc_r+0x62>

0000000080002640 <__swhatbuf_r>:
    80002640:	7175                	addi	sp,sp,-144
    80002642:	e122                	sd	s0,128(sp)
    80002644:	842e                	mv	s0,a1
    80002646:	01259583          	lh	a1,18(a1)
    8000264a:	fca6                	sd	s1,120(sp)
    8000264c:	f8ca                	sd	s2,112(sp)
    8000264e:	e506                	sd	ra,136(sp)
    80002650:	84b2                	mv	s1,a2
    80002652:	8936                	mv	s2,a3
    80002654:	0205d363          	bgez	a1,8000267a <__swhatbuf_r+0x3a>
    80002658:	01045783          	lhu	a5,16(s0)
    8000265c:	0807f793          	andi	a5,a5,128
    80002660:	eb95                	bnez	a5,80002694 <__swhatbuf_r+0x54>
    80002662:	40000713          	li	a4,1024
    80002666:	60aa                	ld	ra,136(sp)
    80002668:	640a                	ld	s0,128(sp)
    8000266a:	00f92023          	sw	a5,0(s2)
    8000266e:	e098                	sd	a4,0(s1)
    80002670:	7946                	ld	s2,112(sp)
    80002672:	74e6                	ld	s1,120(sp)
    80002674:	4501                	li	a0,0
    80002676:	6149                	addi	sp,sp,144
    80002678:	8082                	ret
    8000267a:	0030                	addi	a2,sp,8
    8000267c:	0be000ef          	jal	8000273a <_fstat_r>
    80002680:	fc054ce3          	bltz	a0,80002658 <__swhatbuf_r+0x18>
    80002684:	47b2                	lw	a5,12(sp)
    80002686:	673d                	lui	a4,0xf
    80002688:	8ff9                	and	a5,a5,a4
    8000268a:	6709                	lui	a4,0x2
    8000268c:	8f99                	sub	a5,a5,a4
    8000268e:	0017b793          	seqz	a5,a5
    80002692:	bfc1                	j	80002662 <__swhatbuf_r+0x22>
    80002694:	4781                	li	a5,0
    80002696:	04000713          	li	a4,64
    8000269a:	b7f1                	j	80002666 <__swhatbuf_r+0x26>

000000008000269c <__smakebuf_r>:
    8000269c:	0105d783          	lhu	a5,16(a1)
    800026a0:	7139                	addi	sp,sp,-64
    800026a2:	f822                	sd	s0,48(sp)
    800026a4:	fc06                	sd	ra,56(sp)
    800026a6:	f426                	sd	s1,40(sp)
    800026a8:	f04a                	sd	s2,32(sp)
    800026aa:	ec4e                	sd	s3,24(sp)
    800026ac:	8b89                	andi	a5,a5,2
    800026ae:	842e                	mv	s0,a1
    800026b0:	cf91                	beqz	a5,800026cc <__smakebuf_r+0x30>
    800026b2:	07f40793          	addi	a5,s0,127
    800026b6:	e01c                	sd	a5,0(s0)
    800026b8:	ec1c                	sd	a5,24(s0)
    800026ba:	4785                	li	a5,1
    800026bc:	d01c                	sw	a5,32(s0)
    800026be:	70e2                	ld	ra,56(sp)
    800026c0:	7442                	ld	s0,48(sp)
    800026c2:	74a2                	ld	s1,40(sp)
    800026c4:	7902                	ld	s2,32(sp)
    800026c6:	69e2                	ld	s3,24(sp)
    800026c8:	6121                	addi	sp,sp,64
    800026ca:	8082                	ret
    800026cc:	0054                	addi	a3,sp,4
    800026ce:	0030                	addi	a2,sp,8
    800026d0:	84aa                	mv	s1,a0
    800026d2:	f6fff0ef          	jal	80002640 <__swhatbuf_r>
    800026d6:	69a2                	ld	s3,8(sp)
    800026d8:	892a                	mv	s2,a0
    800026da:	8526                	mv	a0,s1
    800026dc:	85ce                	mv	a1,s3
    800026de:	8dbfe0ef          	jal	80000fb8 <_malloc_r>
    800026e2:	ed01                	bnez	a0,800026fa <__smakebuf_r+0x5e>
    800026e4:	01041783          	lh	a5,16(s0)
    800026e8:	2007f713          	andi	a4,a5,512
    800026ec:	fb69                	bnez	a4,800026be <__smakebuf_r+0x22>
    800026ee:	9bf1                	andi	a5,a5,-4
    800026f0:	0027e793          	ori	a5,a5,2
    800026f4:	00f41823          	sh	a5,16(s0)
    800026f8:	bf6d                	j	800026b2 <__smakebuf_r+0x16>
    800026fa:	01045783          	lhu	a5,16(s0)
    800026fe:	e008                	sd	a0,0(s0)
    80002700:	ec08                	sd	a0,24(s0)
    80002702:	0807e793          	ori	a5,a5,128
    80002706:	00f41823          	sh	a5,16(s0)
    8000270a:	4792                	lw	a5,4(sp)
    8000270c:	03342023          	sw	s3,32(s0)
    80002710:	cf91                	beqz	a5,8000272c <__smakebuf_r+0x90>
    80002712:	01241583          	lh	a1,18(s0)
    80002716:	8526                	mv	a0,s1
    80002718:	04c000ef          	jal	80002764 <_isatty_r>
    8000271c:	c901                	beqz	a0,8000272c <__smakebuf_r+0x90>
    8000271e:	01045783          	lhu	a5,16(s0)
    80002722:	9bf1                	andi	a5,a5,-4
    80002724:	0017e793          	ori	a5,a5,1
    80002728:	00f41823          	sh	a5,16(s0)
    8000272c:	01045783          	lhu	a5,16(s0)
    80002730:	0127e533          	or	a0,a5,s2
    80002734:	00a41823          	sh	a0,16(s0)
    80002738:	b759                	j	800026be <__smakebuf_r+0x22>

000000008000273a <_fstat_r>:
    8000273a:	1141                	addi	sp,sp,-16
    8000273c:	e022                	sd	s0,0(sp)
    8000273e:	842a                	mv	s0,a0
    80002740:	852e                	mv	a0,a1
    80002742:	85b2                	mv	a1,a2
    80002744:	8601a023          	sw	zero,-1952(gp) # 80002e58 <errno>
    80002748:	e406                	sd	ra,8(sp)
    8000274a:	090000ef          	jal	800027da <_fstat>
    8000274e:	57fd                	li	a5,-1
    80002750:	00f51663          	bne	a0,a5,8000275c <_fstat_r+0x22>
    80002754:	8601a783          	lw	a5,-1952(gp) # 80002e58 <errno>
    80002758:	c391                	beqz	a5,8000275c <_fstat_r+0x22>
    8000275a:	c01c                	sw	a5,0(s0)
    8000275c:	60a2                	ld	ra,8(sp)
    8000275e:	6402                	ld	s0,0(sp)
    80002760:	0141                	addi	sp,sp,16
    80002762:	8082                	ret

0000000080002764 <_isatty_r>:
    80002764:	1141                	addi	sp,sp,-16
    80002766:	e022                	sd	s0,0(sp)
    80002768:	842a                	mv	s0,a0
    8000276a:	852e                	mv	a0,a1
    8000276c:	8601a023          	sw	zero,-1952(gp) # 80002e58 <errno>
    80002770:	e406                	sd	ra,8(sp)
    80002772:	080000ef          	jal	800027f2 <_isatty>
    80002776:	57fd                	li	a5,-1
    80002778:	00f51663          	bne	a0,a5,80002784 <_isatty_r+0x20>
    8000277c:	8601a783          	lw	a5,-1952(gp) # 80002e58 <errno>
    80002780:	c391                	beqz	a5,80002784 <_isatty_r+0x20>
    80002782:	c01c                	sw	a5,0(s0)
    80002784:	60a2                	ld	ra,8(sp)
    80002786:	6402                	ld	s0,0(sp)
    80002788:	0141                	addi	sp,sp,16
    8000278a:	8082                	ret

000000008000278c <_malloc_usable_size_r>:
    8000278c:	ff85b503          	ld	a0,-8(a1)
    80002790:	0005079b          	sext.w	a5,a0
    80002794:	1561                	addi	a0,a0,-8
    80002796:	0007d663          	bgez	a5,800027a2 <_malloc_usable_size_r+0x16>
    8000279a:	95aa                	add	a1,a1,a0
    8000279c:	6188                	ld	a0,0(a1)
    8000279e:	17e1                	addi	a5,a5,-8
    800027a0:	953e                	add	a0,a0,a5
    800027a2:	8082                	ret

00000000800027a4 <_close>:
#include <errno.h>
#include "syscall.h"

int _close(int file)
{
    800027a4:	1141                	addi	sp,sp,-16
    800027a6:	e406                	sd	ra,8(sp)
    errno = EBADF;
    800027a8:	158000ef          	jal	80002900 <__errno>
    return -1;
}
    800027ac:	60a2                	ld	ra,8(sp)
    errno = EBADF;
    800027ae:	47a5                	li	a5,9
    800027b0:	c11c                	sw	a5,0(a0)
}
    800027b2:	557d                	li	a0,-1
    800027b4:	0141                	addi	sp,sp,16
    800027b6:	8082                	ret

00000000800027b8 <_exit>:
#include "syscall.h"
#include "htif.h"

void __attribute__ ((noreturn)) _exit(int code)
{
    uint64_t cmd = HTIF_TOHOST(0, 0, (code << 1) | 0x1);
    800027b8:	0015179b          	slliw	a5,a0,0x1
    800027bc:	0017e793          	ori	a5,a5,1
    800027c0:	2781                	sext.w	a5,a5
    800027c2:	07c2                	slli	a5,a5,0x10
    800027c4:	83c1                	srli	a5,a5,0x10
    800027c6:	00000717          	auipc	a4,0x0
    800027ca:	57a70713          	addi	a4,a4,1402 # 80002d40 <tohost>
    for (;;) {
        fromhost = 0;
    800027ce:	00000697          	auipc	a3,0x0
    800027d2:	5606bd23          	sd	zero,1402(a3) # 80002d48 <fromhost>
        tohost = cmd;
    800027d6:	e31c                	sd	a5,0(a4)
    for (;;) {
    800027d8:	bfdd                	j	800027ce <_exit+0x16>

00000000800027da <_fstat>:
#include <errno.h>
#include <sys/stat.h>
#include "syscall.h"

int _fstat(int file, struct stat *st)
{
    800027da:	1141                	addi	sp,sp,-16
    800027dc:	e406                	sd	ra,8(sp)
    errno = EBADF;
    800027de:	122000ef          	jal	80002900 <__errno>
    return -1;
}
    800027e2:	60a2                	ld	ra,8(sp)
    errno = EBADF;
    800027e4:	47a5                	li	a5,9
    800027e6:	c11c                	sw	a5,0(a0)
}
    800027e8:	557d                	li	a0,-1
    800027ea:	0141                	addi	sp,sp,16
    800027ec:	8082                	ret

00000000800027ee <_getpid>:
#include "syscall.h"

int _getpid(void)
{
    return 1;
}
    800027ee:	4505                	li	a0,1
    800027f0:	8082                	ret

00000000800027f2 <_isatty>:
#include <unistd.h>
#include "syscall.h"

int _isatty(int file)
{
    return (file == STDOUT_FILENO || file == STDERR_FILENO);
    800027f2:	357d                	addiw	a0,a0,-1
}
    800027f4:	00253513          	sltiu	a0,a0,2
    800027f8:	8082                	ret

00000000800027fa <_kill>:
#include <errno.h>
#include "syscall.h"

int _kill(int pid, int sig)
{
    800027fa:	1141                	addi	sp,sp,-16
    800027fc:	e406                	sd	ra,8(sp)
    errno = EINVAL;
    800027fe:	102000ef          	jal	80002900 <__errno>
    return -1;
}
    80002802:	60a2                	ld	ra,8(sp)
    errno = EINVAL;
    80002804:	47d9                	li	a5,22
    80002806:	c11c                	sw	a5,0(a0)
}
    80002808:	557d                	li	a0,-1
    8000280a:	0141                	addi	sp,sp,16
    8000280c:	8082                	ret

000000008000280e <_lseek>:
#include <errno.h>
#include <sys/types.h>
#include "syscall.h"

off_t _lseek(int file, off_t ptr, int dir)
{
    8000280e:	1141                	addi	sp,sp,-16
    80002810:	e406                	sd	ra,8(sp)
    errno = EBADF;
    80002812:	0ee000ef          	jal	80002900 <__errno>
    return -1;
}
    80002816:	60a2                	ld	ra,8(sp)
    errno = EBADF;
    80002818:	47a5                	li	a5,9
    8000281a:	c11c                	sw	a5,0(a0)
}
    8000281c:	557d                	li	a0,-1
    8000281e:	0141                	addi	sp,sp,16
    80002820:	8082                	ret

0000000080002822 <_read>:
#include <errno.h>
#include <sys/types.h>
#include "syscall.h"

ssize_t _read(int file, void *ptr, size_t len)
{
    80002822:	1141                	addi	sp,sp,-16
    80002824:	e406                	sd	ra,8(sp)
    errno = ENOSYS;
    80002826:	0da000ef          	jal	80002900 <__errno>
    return -1;
}
    8000282a:	60a2                	ld	ra,8(sp)
    errno = ENOSYS;
    8000282c:	05800793          	li	a5,88
    80002830:	c11c                	sw	a5,0(a0)
}
    80002832:	557d                	li	a0,-1
    80002834:	0141                	addi	sp,sp,16
    80002836:	8082                	ret

0000000080002838 <_sbrk>:
{
    extern char __heap_end[];
    char *newbrk;
    char *oldbrk;

    oldbrk = curbrk;
    80002838:	00000717          	auipc	a4,0x0
    8000283c:	5c870713          	addi	a4,a4,1480 # 80002e00 <curbrk>
    80002840:	631c                	ld	a5,0(a4)
    newbrk = oldbrk + incr;
    if (unlikely((newbrk < _end) || (newbrk >= __heap_end))) {
    80002842:	bc018693          	addi	a3,gp,-1088 # 800031b8 <_end>
    newbrk = oldbrk + incr;
    80002846:	953e                	add	a0,a0,a5
    if (unlikely((newbrk < _end) || (newbrk >= __heap_end))) {
    80002848:	00d56b63          	bltu	a0,a3,8000285e <_sbrk+0x26>
    8000284c:	00021697          	auipc	a3,0x21
    80002850:	7b468693          	addi	a3,a3,1972 # 80024000 <__heap_end>
    80002854:	00d57563          	bgeu	a0,a3,8000285e <_sbrk+0x26>
        errno = ENOMEM;
        return (void *)(-1);
    }

    curbrk = newbrk;
    80002858:	e308                	sd	a0,0(a4)
    return oldbrk;
}
    8000285a:	853e                	mv	a0,a5
    8000285c:	8082                	ret
{
    8000285e:	1141                	addi	sp,sp,-16
    80002860:	e406                	sd	ra,8(sp)
        errno = ENOMEM;
    80002862:	09e000ef          	jal	80002900 <__errno>
}
    80002866:	60a2                	ld	ra,8(sp)
        errno = ENOMEM;
    80002868:	47b1                	li	a5,12
    8000286a:	c11c                	sw	a5,0(a0)
        return (void *)(-1);
    8000286c:	57fd                	li	a5,-1
}
    8000286e:	853e                	mv	a0,a5
    80002870:	0141                	addi	sp,sp,16
    80002872:	8082                	ret

0000000080002874 <_write>:
#include <sys/types.h>
#include "syscall.h"

ssize_t _write(int fd, const void *ptr, size_t len)
{
    return SYSCALL3(SYS_write, fd, (uintptr_t)ptr, len);
    80002874:	04000693          	li	a3,64
    80002878:	a80d                	j	800028aa <htif_syscall>

000000008000287a <__init_tls>:
#include <string.h>

void __init_tls(void)
{
    8000287a:	1141                	addi	sp,sp,-16
    extern char __tdata_start[];
    extern char __tbss_offset[];
    extern char __tdata_size[];
    extern char __tbss_size[];

    memcpy(__thread_self, __tdata_start, (size_t)__tdata_size);
    8000287c:	00000613          	li	a2,0
    80002880:	00000597          	auipc	a1,0x0
    80002884:	25c58593          	addi	a1,a1,604 # 80002adc <__tbss_end>
    80002888:	8512                	mv	a0,tp
{
    8000288a:	e022                	sd	s0,0(sp)
    8000288c:	e406                	sd	ra,8(sp)
    memcpy(__thread_self, __tdata_start, (size_t)__tdata_size);
    8000288e:	8412                	mv	s0,tp
    80002890:	d1bff0ef          	jal	800025aa <memcpy>
    memset(__thread_self + (size_t)__tbss_offset, 0, (size_t)__tbss_size);
    80002894:	00000513          	li	a0,0
    80002898:	9522                	add	a0,a0,s0
}
    8000289a:	6402                	ld	s0,0(sp)
    8000289c:	60a2                	ld	ra,8(sp)
    memset(__thread_self + (size_t)__tbss_offset, 0, (size_t)__tbss_size);
    8000289e:	00000613          	li	a2,0
    800028a2:	4581                	li	a1,0
}
    800028a4:	0141                	addi	sp,sp,16
    memset(__thread_self + (size_t)__tbss_offset, 0, (size_t)__tbss_size);
    800028a6:	dbbfe06f          	j	80001660 <memset>

00000000800028aa <htif_syscall>:
volatile uint64_t fromhost __attribute__ ((section (".htif")));

static spinlock_t htif_lock = SPINLOCK_INIT;

long htif_syscall(uint64_t a0, uint64_t a1, uint64_t a2, unsigned long n)
{
    800028aa:	7139                	addi	sp,sp,-64
    volatile uint64_t buf[8];
    uint64_t sc;

    buf[0] = n;
    800028ac:	e036                	sd	a3,0(sp)
    buf[1] = a0;
    800028ae:	e42a                	sd	a0,8(sp)
    buf[2] = a1;
    buf[3] = a2;

    sc = HTIF_TOHOST(0, 0, (uintptr_t)&buf);
    800028b0:	fff007b7          	lui	a5,0xfff00
    buf[2] = a1;
    800028b4:	e82e                	sd	a1,16(sp)
    sc = HTIF_TOHOST(0, 0, (uintptr_t)&buf);
    800028b6:	83c1                	srli	a5,a5,0x10
    buf[3] = a2;
    800028b8:	ec32                	sd	a2,24(sp)
    sc = HTIF_TOHOST(0, 0, (uintptr_t)&buf);
    800028ba:	860a                	mv	a2,sp
    800028bc:	8e7d                	and	a2,a2,a5
    spin_lock(&htif_lock);
    800028be:	86818713          	addi	a4,gp,-1944 # 80002e60 <htif_lock>

static inline long atomic_swap_acquire(atomic_t *p, atomic_t v)
{
    long n;
#ifdef __riscv_atomic
    __asm__ __volatile__ (
    800028c2:	56fd                	li	a3,-1
    return *((volatile const atomic_t *)p);
    800028c4:	431c                	lw	a5,0(a4)

static inline void spin_lock(spinlock_t *lock)
{
    do {
#ifdef __riscv_atomic
        while (atomic_load(&lock->lock));
    800028c6:	fffd                	bnez	a5,800028c4 <htif_syscall+0x1a>
    __asm__ __volatile__ (
    800028c8:	0cd727af          	amoswap.w.aq	a5,a3,(a4)
#endif
    } while (atomic_swap_acquire(&lock->lock, -1));
    800028cc:	ffe5                	bnez	a5,800028c4 <htif_syscall+0x1a>
static inline void wmb(void) { fence(w, w); }
    800028ce:	0110000f          	fence	w,w
    wmb();
    tohost = sc;
    800028d2:	00000697          	auipc	a3,0x0
    800028d6:	46e68693          	addi	a3,a3,1134 # 80002d40 <tohost>
    800028da:	e290                	sd	a2,0(a3)
    while (fromhost == 0);
    800028dc:	669c                	ld	a5,8(a3)
    800028de:	dffd                	beqz	a5,800028dc <htif_syscall+0x32>
    fromhost = 0;
    800028e0:	00000797          	auipc	a5,0x0
    800028e4:	4607b423          	sd	zero,1128(a5) # 80002d48 <fromhost>
}

static inline void atomic_clear_release(atomic_t *p)
{
#ifdef __riscv_atomic
    __asm__ __volatile__ (
    800028e8:	0a07202f          	amoswap.w.rl	zero,zero,(a4)
static inline void rmb(void) { fence(r, r); }
    800028ec:	0220000f          	fence	r,r
    spin_unlock(&htif_lock);

    rmb();
    return buf[0];
    800028f0:	6502                	ld	a0,0(sp)
}
    800028f2:	6121                	addi	sp,sp,64
    800028f4:	8082                	ret

00000000800028f6 <atexit>:
    800028f6:	85aa                	mv	a1,a0
    800028f8:	4681                	li	a3,0
    800028fa:	4601                	li	a2,0
    800028fc:	4501                	li	a0,0
    800028fe:	a045                	j	8000299e <__register_exitproc>

0000000080002900 <__errno>:
    80002900:	00000517          	auipc	a0,0x0
    80002904:	4f853503          	ld	a0,1272(a0) # 80002df8 <_impure_ptr>
    80002908:	8082                	ret

000000008000290a <__libc_init_array>:
    8000290a:	1101                	addi	sp,sp,-32
    8000290c:	e822                	sd	s0,16(sp)
    8000290e:	e426                	sd	s1,8(sp)
    80002910:	00000417          	auipc	s0,0x0
    80002914:	43040413          	addi	s0,s0,1072 # 80002d40 <tohost>
    80002918:	00000497          	auipc	s1,0x0
    8000291c:	42848493          	addi	s1,s1,1064 # 80002d40 <tohost>
    80002920:	8c81                	sub	s1,s1,s0
    80002922:	e04a                	sd	s2,0(sp)
    80002924:	ec06                	sd	ra,24(sp)
    80002926:	848d                	srai	s1,s1,0x3
    80002928:	4901                	li	s2,0
    8000292a:	02991563          	bne	s2,s1,80002954 <__libc_init_array+0x4a>
    8000292e:	00000417          	auipc	s0,0x0
    80002932:	41240413          	addi	s0,s0,1042 # 80002d40 <tohost>
    80002936:	00000497          	auipc	s1,0x0
    8000293a:	40a48493          	addi	s1,s1,1034 # 80002d40 <tohost>
    8000293e:	8c81                	sub	s1,s1,s0
    80002940:	848d                	srai	s1,s1,0x3
    80002942:	4901                	li	s2,0
    80002944:	00991d63          	bne	s2,s1,8000295e <__libc_init_array+0x54>
    80002948:	60e2                	ld	ra,24(sp)
    8000294a:	6442                	ld	s0,16(sp)
    8000294c:	64a2                	ld	s1,8(sp)
    8000294e:	6902                	ld	s2,0(sp)
    80002950:	6105                	addi	sp,sp,32
    80002952:	8082                	ret
    80002954:	601c                	ld	a5,0(s0)
    80002956:	0905                	addi	s2,s2,1
    80002958:	0421                	addi	s0,s0,8
    8000295a:	9782                	jalr	a5
    8000295c:	b7f9                	j	8000292a <__libc_init_array+0x20>
    8000295e:	601c                	ld	a5,0(s0)
    80002960:	0905                	addi	s2,s2,1
    80002962:	0421                	addi	s0,s0,8
    80002964:	9782                	jalr	a5
    80002966:	bff9                	j	80002944 <__libc_init_array+0x3a>

0000000080002968 <__libc_fini_array>:
    80002968:	1101                	addi	sp,sp,-32
    8000296a:	e822                	sd	s0,16(sp)
    8000296c:	e426                	sd	s1,8(sp)
    8000296e:	00000417          	auipc	s0,0x0
    80002972:	3d240413          	addi	s0,s0,978 # 80002d40 <tohost>
    80002976:	00000497          	auipc	s1,0x0
    8000297a:	3ca48493          	addi	s1,s1,970 # 80002d40 <tohost>
    8000297e:	8c05                	sub	s0,s0,s1
    80002980:	ec06                	sd	ra,24(sp)
    80002982:	840d                	srai	s0,s0,0x3
    80002984:	e411                	bnez	s0,80002990 <__libc_fini_array+0x28>
    80002986:	60e2                	ld	ra,24(sp)
    80002988:	6442                	ld	s0,16(sp)
    8000298a:	64a2                	ld	s1,8(sp)
    8000298c:	6105                	addi	sp,sp,32
    8000298e:	8082                	ret
    80002990:	147d                	addi	s0,s0,-1
    80002992:	00341793          	slli	a5,s0,0x3
    80002996:	97a6                	add	a5,a5,s1
    80002998:	639c                	ld	a5,0(a5)
    8000299a:	9782                	jalr	a5
    8000299c:	b7e5                	j	80002984 <__libc_fini_array+0x1c>

000000008000299e <__register_exitproc>:
    8000299e:	88aa                	mv	a7,a0
    800029a0:	87818513          	addi	a0,gp,-1928 # 80002e70 <__atexit>
    800029a4:	6118                	ld	a4,0(a0)
    800029a6:	ef01                	bnez	a4,800029be <__register_exitproc+0x20>
    800029a8:	aa818793          	addi	a5,gp,-1368 # 800030a0 <__atexit0>
    800029ac:	e11c                	sd	a5,0(a0)
    800029ae:	00000713          	li	a4,0
    800029b2:	c701                	beqz	a4,800029ba <__register_exitproc+0x1c>
    800029b4:	6318                	ld	a4,0(a4)
    800029b6:	10e7b823          	sd	a4,272(a5)
    800029ba:	aa818713          	addi	a4,gp,-1368 # 800030a0 <__atexit0>
    800029be:	471c                	lw	a5,8(a4)
    800029c0:	487d                	li	a6,31
    800029c2:	557d                	li	a0,-1
    800029c4:	04f84763          	blt	a6,a5,80002a12 <__register_exitproc+0x74>
    800029c8:	02088d63          	beqz	a7,80002a02 <__register_exitproc+0x64>
    800029cc:	11073803          	ld	a6,272(a4)
    800029d0:	04080163          	beqz	a6,80002a12 <__register_exitproc+0x74>
    800029d4:	00379513          	slli	a0,a5,0x3
    800029d8:	9542                	add	a0,a0,a6
    800029da:	e110                	sd	a2,0(a0)
    800029dc:	20082303          	lw	t1,512(a6)
    800029e0:	4605                	li	a2,1
    800029e2:	00f6163b          	sllw	a2,a2,a5
    800029e6:	00c36333          	or	t1,t1,a2
    800029ea:	20682023          	sw	t1,512(a6)
    800029ee:	10d53023          	sd	a3,256(a0)
    800029f2:	4689                	li	a3,2
    800029f4:	00d89763          	bne	a7,a3,80002a02 <__register_exitproc+0x64>
    800029f8:	20482683          	lw	a3,516(a6)
    800029fc:	8ed1                	or	a3,a3,a2
    800029fe:	20d82223          	sw	a3,516(a6)
    80002a02:	0017869b          	addiw	a3,a5,1
    80002a06:	0789                	addi	a5,a5,2
    80002a08:	078e                	slli	a5,a5,0x3
    80002a0a:	c714                	sw	a3,8(a4)
    80002a0c:	973e                	add	a4,a4,a5
    80002a0e:	e30c                	sd	a1,0(a4)
    80002a10:	4501                	li	a0,0
    80002a12:	8082                	ret

0000000080002a14 <__call_exitprocs>:
    80002a14:	711d                	addi	sp,sp,-96
    80002a16:	f852                	sd	s4,48(sp)
    80002a18:	f456                	sd	s5,40(sp)
    80002a1a:	f05a                	sd	s6,32(sp)
    80002a1c:	ec5e                	sd	s7,24(sp)
    80002a1e:	ec86                	sd	ra,88(sp)
    80002a20:	e8a2                	sd	s0,80(sp)
    80002a22:	e4a6                	sd	s1,72(sp)
    80002a24:	e0ca                	sd	s2,64(sp)
    80002a26:	fc4e                	sd	s3,56(sp)
    80002a28:	e862                	sd	s8,16(sp)
    80002a2a:	e466                	sd	s9,8(sp)
    80002a2c:	8aaa                	mv	s5,a0
    80002a2e:	8a2e                	mv	s4,a1
    80002a30:	87818b13          	addi	s6,gp,-1928 # 80002e70 <__atexit>
    80002a34:	4b85                	li	s7,1
    80002a36:	000b3483          	ld	s1,0(s6)
    80002a3a:	cc81                	beqz	s1,80002a52 <__call_exitprocs+0x3e>
    80002a3c:	4480                	lw	s0,8(s1)
    80002a3e:	1104b983          	ld	s3,272(s1)
    80002a42:	fff4091b          	addiw	s2,s0,-1
    80002a46:	040e                	slli	s0,s0,0x3
    80002a48:	00898cb3          	add	s9,s3,s0
    80002a4c:	9426                	add	s0,s0,s1
    80002a4e:	00095f63          	bgez	s2,80002a6c <__call_exitprocs+0x58>
    80002a52:	60e6                	ld	ra,88(sp)
    80002a54:	6446                	ld	s0,80(sp)
    80002a56:	64a6                	ld	s1,72(sp)
    80002a58:	6906                	ld	s2,64(sp)
    80002a5a:	79e2                	ld	s3,56(sp)
    80002a5c:	7a42                	ld	s4,48(sp)
    80002a5e:	7aa2                	ld	s5,40(sp)
    80002a60:	7b02                	ld	s6,32(sp)
    80002a62:	6be2                	ld	s7,24(sp)
    80002a64:	6c42                	ld	s8,16(sp)
    80002a66:	6ca2                	ld	s9,8(sp)
    80002a68:	6125                	addi	sp,sp,96
    80002a6a:	8082                	ret
    80002a6c:	000a0c63          	beqz	s4,80002a84 <__call_exitprocs+0x70>
    80002a70:	00099663          	bnez	s3,80002a7c <__call_exitprocs+0x68>
    80002a74:	397d                	addiw	s2,s2,-1
    80002a76:	1ce1                	addi	s9,s9,-8
    80002a78:	1461                	addi	s0,s0,-8
    80002a7a:	bfd1                	j	80002a4e <__call_exitprocs+0x3a>
    80002a7c:	0f8cb783          	ld	a5,248(s9)
    80002a80:	ff479ae3          	bne	a5,s4,80002a74 <__call_exitprocs+0x60>
    80002a84:	449c                	lw	a5,8(s1)
    80002a86:	6418                	ld	a4,8(s0)
    80002a88:	37fd                	addiw	a5,a5,-1
    80002a8a:	03279963          	bne	a5,s2,80002abc <__call_exitprocs+0xa8>
    80002a8e:	0124a423          	sw	s2,8(s1)
    80002a92:	d36d                	beqz	a4,80002a74 <__call_exitprocs+0x60>
    80002a94:	0084ac03          	lw	s8,8(s1)
    80002a98:	00098963          	beqz	s3,80002aaa <__call_exitprocs+0x96>
    80002a9c:	2009a783          	lw	a5,512(s3)
    80002aa0:	012b96bb          	sllw	a3,s7,s2
    80002aa4:	8ff5                	and	a5,a5,a3
    80002aa6:	2781                	sext.w	a5,a5
    80002aa8:	ef89                	bnez	a5,80002ac2 <__call_exitprocs+0xae>
    80002aaa:	9702                	jalr	a4
    80002aac:	4498                	lw	a4,8(s1)
    80002aae:	000b3783          	ld	a5,0(s6)
    80002ab2:	f98712e3          	bne	a4,s8,80002a36 <__call_exitprocs+0x22>
    80002ab6:	faf48fe3          	beq	s1,a5,80002a74 <__call_exitprocs+0x60>
    80002aba:	bfb5                	j	80002a36 <__call_exitprocs+0x22>
    80002abc:	00043423          	sd	zero,8(s0)
    80002ac0:	bfc9                	j	80002a92 <__call_exitprocs+0x7e>
    80002ac2:	2049a783          	lw	a5,516(s3)
    80002ac6:	ff8cb583          	ld	a1,-8(s9)
    80002aca:	8ff5                	and	a5,a5,a3
    80002acc:	2781                	sext.w	a5,a5
    80002ace:	e781                	bnez	a5,80002ad6 <__call_exitprocs+0xc2>
    80002ad0:	8556                	mv	a0,s5
    80002ad2:	9702                	jalr	a4
    80002ad4:	bfe1                	j	80002aac <__call_exitprocs+0x98>
    80002ad6:	852e                	mv	a0,a1
    80002ad8:	9702                	jalr	a4
    80002ada:	bfc9                	j	80002aac <__call_exitprocs+0x98>
