
/home/wtl/Voyager/tapeout-Voyager/software/embench/build_meek/qrduino.riscv:     file format elf64-littleriscv


Disassembly of section .text:

0000000080000000 <_start>:
    .global _start
    .type _start, @function
_start:
    .cfi_startproc

    li x1, 0
    80000000:	4081                	li	ra,0
    li x2, 0
    80000002:	4101                	li	sp,0
    li x3, 0
    80000004:	4181                	li	gp,0
    li x4, 0
    80000006:	4201                	li	tp,0
    li x5, 0
    80000008:	4281                	li	t0,0
    li x6, 0
    8000000a:	4301                	li	t1,0
    li x7, 0
    8000000c:	4381                	li	t2,0
    li x8, 0
    8000000e:	4401                	li	s0,0
    li x9, 0
    80000010:	4481                	li	s1,0
    li x10, 0
    80000012:	4501                	li	a0,0
    li x11, 0
    80000014:	4581                	li	a1,0
    li x12, 0
    80000016:	4601                	li	a2,0
    li x13, 0
    80000018:	4681                	li	a3,0
    li x14, 0
    8000001a:	4701                	li	a4,0
    li x15, 0
    8000001c:	4781                	li	a5,0
    li x16, 0
    8000001e:	4801                	li	a6,0
    li x17, 0
    80000020:	4881                	li	a7,0
    li x18, 0
    80000022:	4901                	li	s2,0
    li x19, 0
    80000024:	4981                	li	s3,0
    li x20, 0
    80000026:	4a01                	li	s4,0
    li x21, 0
    80000028:	4a81                	li	s5,0
    li x22, 0
    8000002a:	4b01                	li	s6,0
    li x23, 0
    8000002c:	4b81                	li	s7,0
    li x24, 0
    8000002e:	4c01                	li	s8,0
    li x25, 0
    80000030:	4c81                	li	s9,0
    li x26, 0
    80000032:	4d01                	li	s10,0
    li x27, 0
    80000034:	4d81                	li	s11,0
    li x28, 0
    80000036:	4e01                	li	t3,0
    li x29, 0
    80000038:	4e81                	li	t4,0
    li x30, 0
    8000003a:	4f01                	li	t5,0
    li x31, 0
    8000003c:	4f81                	li	t6,0

    li t0, (MSTATUS_FS | MSTATUS_XS | MSTATUS_VS)
    8000003e:	62f9                	lui	t0,0x1e
    80000040:	6002829b          	addiw	t0,t0,1536 # 1e600 <__stack_size+0x16600>
    csrs mstatus, t0
    80000044:	3002a073          	csrs	mstatus,t0

#ifdef __riscv_flen
    /* Initialize FPU if present */
    la t0, 1f
    80000048:	00000297          	auipc	t0,0x0
    8000004c:	09028293          	addi	t0,t0,144 # 800000d8 <_start+0xd8>
    csrw mtvec, t0
    80000050:	30529073          	csrw	mtvec,t0

    fscsr zero
    80000054:	00301073          	fscsr	zero
    fmv.s.x f0,  zero
    80000058:	f0000053          	fmv.w.x	ft0,zero
    fmv.s.x f1,  zero
    8000005c:	f00000d3          	fmv.w.x	ft1,zero
    fmv.s.x f2,  zero
    80000060:	f0000153          	fmv.w.x	ft2,zero
    fmv.s.x f3,  zero
    80000064:	f00001d3          	fmv.w.x	ft3,zero
    fmv.s.x f4,  zero
    80000068:	f0000253          	fmv.w.x	ft4,zero
    fmv.s.x f5,  zero
    8000006c:	f00002d3          	fmv.w.x	ft5,zero
    fmv.s.x f6,  zero
    80000070:	f0000353          	fmv.w.x	ft6,zero
    fmv.s.x f7,  zero
    80000074:	f00003d3          	fmv.w.x	ft7,zero
    fmv.s.x f8,  zero
    80000078:	f0000453          	fmv.w.x	fs0,zero
    fmv.s.x f9,  zero
    8000007c:	f00004d3          	fmv.w.x	fs1,zero
    fmv.s.x f10, zero
    80000080:	f0000553          	fmv.w.x	fa0,zero
    fmv.s.x f11, zero
    80000084:	f00005d3          	fmv.w.x	fa1,zero
    fmv.s.x f12, zero
    80000088:	f0000653          	fmv.w.x	fa2,zero
    fmv.s.x f13, zero
    8000008c:	f00006d3          	fmv.w.x	fa3,zero
    fmv.s.x f14, zero
    80000090:	f0000753          	fmv.w.x	fa4,zero
    fmv.s.x f15, zero
    80000094:	f00007d3          	fmv.w.x	fa5,zero
    fmv.s.x f16, zero
    80000098:	f0000853          	fmv.w.x	fa6,zero
    fmv.s.x f17, zero
    8000009c:	f00008d3          	fmv.w.x	fa7,zero
    fmv.s.x f18, zero
    800000a0:	f0000953          	fmv.w.x	fs2,zero
    fmv.s.x f19, zero
    800000a4:	f00009d3          	fmv.w.x	fs3,zero
    fmv.s.x f20, zero
    800000a8:	f0000a53          	fmv.w.x	fs4,zero
    fmv.s.x f21, zero
    800000ac:	f0000ad3          	fmv.w.x	fs5,zero
    fmv.s.x f22, zero
    800000b0:	f0000b53          	fmv.w.x	fs6,zero
    fmv.s.x f23, zero
    800000b4:	f0000bd3          	fmv.w.x	fs7,zero
    fmv.s.x f24, zero
    800000b8:	f0000c53          	fmv.w.x	fs8,zero
    fmv.s.x f25, zero
    800000bc:	f0000cd3          	fmv.w.x	fs9,zero
    fmv.s.x f26, zero
    800000c0:	f0000d53          	fmv.w.x	fs10,zero
    fmv.s.x f27, zero
    800000c4:	f0000dd3          	fmv.w.x	fs11,zero
    fmv.s.x f28, zero
    800000c8:	f0000e53          	fmv.w.x	ft8,zero
    fmv.s.x f29, zero
    800000cc:	f0000ed3          	fmv.w.x	ft9,zero
    fmv.s.x f30, zero
    800000d0:	f0000f53          	fmv.w.x	ft10,zero
    fmv.s.x f31, zero
    800000d4:	f0000fd3          	fmv.w.x	ft11,zero

    /* Initialize global pointer; disable relaxation to avoid relaxing
       the address calculation to "addi gp, gp, 0" */
    .option push
    .option norelax
    la gp, __global_pointer$
    800000d8:	00006197          	auipc	gp,0x6
    800000dc:	7a018193          	addi	gp,gp,1952 # 80006878 <__global_pointer$>
    .option pop

    /* Initialize thread pointer */
    csrr s0, mhartid
    800000e0:	f1402473          	csrr	s0,mhartid
    lui t0, %hi(__stack_shift)
    addi t0, t0, %lo(__stack_shift)
    800000e4:	00f00293          	li	t0,15
    la tp, __stack_start
    800000e8:	00029217          	auipc	tp,0x29
    800000ec:	f1820213          	addi	tp,tp,-232 # 80029000 <__heap_end>
    sll t0, s0, t0
    800000f0:	005412b3          	sll	t0,s0,t0
    add tp, tp, t0
    800000f4:	9216                	add	tp,tp,t0

    /* Initialize stack pointer */
    lui t0, %hi(__stack_size)
    800000f6:	62a1                	lui	t0,0x8
    addi t0, t0, %lo(__stack_size)
    800000f8:	00028293          	mv	t0,t0
    add sp, tp, t0
    800000fc:	00520133          	add	sp,tp,t0

    /* Initialize trap vector */
    la t0, trap_entry
    80000100:	00000297          	auipc	t0,0x0
    80000104:	04828293          	addi	t0,t0,72 # 80000148 <trap_entry>
    csrw mtvec, t0
    80000108:	30529073          	csrw	mtvec,t0

    /* Initialize TLS */
    call __init_tls
    8000010c:	3be050ef          	jal	800054ca <__init_tls>

    /* Skip global initialization if not the designated boot hart */
    la t0, __boot_hart
    80000110:	00000293          	li	t0,0
    bne s0, t0, _start_secondary
    80000114:	00540463          	beq	s0,t0,8000011c <_start+0x11c>
    80000118:	0fe0006f          	j	80000216 <_start_secondary>

    /* Zero BSS segment */
    la t0, __bss_start
    8000011c:	82018293          	addi	t0,gp,-2016 # 80006098 <uart_lock>
    la t1, __bss_end
    80000120:	00008317          	auipc	t1,0x8
    80000124:	36030313          	addi	t1,t1,864 # 80008480 <_end>
    bgeu t0, t1, 2f
    80000128:	0062f763          	bgeu	t0,t1,80000136 <_start+0x136>
1:
    SREG zero, (t0)
    8000012c:	0002b023          	sd	zero,0(t0)
    addi t0, t0, REGBYTES
    80000130:	02a1                	addi	t0,t0,8
    bltu t0, t1, 1b
    80000132:	fe62ede3          	bltu	t0,t1,8000012c <_start+0x12c>
2:

    /* Call global constructors */
    la a0, __libc_fini_array
    80000136:	00005517          	auipc	a0,0x5
    8000013a:	48250513          	addi	a0,a0,1154 # 800055b8 <__libc_fini_array>
    call atexit
    8000013e:	408050ef          	jal	80005546 <atexit>
    call __libc_init_array
    80000142:	418050ef          	jal	8000555a <__libc_init_array>

    /* Call main function */
    tail _start_main
    80000146:	a075                	j	800001f2 <_start_main>

0000000080000148 <trap_entry>:
    .cfi_endproc


    .align 2
trap_entry:
    csrw mscratch, sp
    80000148:	34011073          	csrw	mscratch,sp
    addi sp, sp, -(32*REGBYTES)
    8000014c:	7111                	addi	sp,sp,-256

    /* Save trap frame */
    SREG x1, 1*REGBYTES(sp)
    8000014e:	e406                	sd	ra,8(sp)
    csrr x1, mscratch
    80000150:	340020f3          	csrr	ra,mscratch
    SREG x1, 2*REGBYTES(sp)
    80000154:	e806                	sd	ra,16(sp)
    SREG x3, 3*REGBYTES(sp)
    80000156:	ec0e                	sd	gp,24(sp)
    SREG x4, 4*REGBYTES(sp)
    80000158:	f012                	sd	tp,32(sp)
    SREG x5, 5*REGBYTES(sp)
    8000015a:	f416                	sd	t0,40(sp)
    SREG x6, 6*REGBYTES(sp)
    8000015c:	f81a                	sd	t1,48(sp)
    SREG x7, 7*REGBYTES(sp)
    8000015e:	fc1e                	sd	t2,56(sp)
    SREG x8, 8*REGBYTES(sp)
    80000160:	e0a2                	sd	s0,64(sp)
    SREG x9, 9*REGBYTES(sp)
    80000162:	e4a6                	sd	s1,72(sp)
    SREG x10, 10*REGBYTES(sp)
    80000164:	e8aa                	sd	a0,80(sp)
    SREG x11, 11*REGBYTES(sp)
    80000166:	ecae                	sd	a1,88(sp)
    SREG x12, 12*REGBYTES(sp)
    80000168:	f0b2                	sd	a2,96(sp)
    SREG x13, 13*REGBYTES(sp)
    8000016a:	f4b6                	sd	a3,104(sp)
    SREG x14, 14*REGBYTES(sp)
    8000016c:	f8ba                	sd	a4,112(sp)
    SREG x15, 15*REGBYTES(sp)
    8000016e:	fcbe                	sd	a5,120(sp)
    SREG x16, 16*REGBYTES(sp)
    80000170:	e142                	sd	a6,128(sp)
    SREG x17, 17*REGBYTES(sp)
    80000172:	e546                	sd	a7,136(sp)
    SREG x18, 18*REGBYTES(sp)
    80000174:	e94a                	sd	s2,144(sp)
    SREG x19, 19*REGBYTES(sp)
    80000176:	ed4e                	sd	s3,152(sp)
    SREG x20, 20*REGBYTES(sp)
    80000178:	f152                	sd	s4,160(sp)
    SREG x21, 21*REGBYTES(sp)
    8000017a:	f556                	sd	s5,168(sp)
    SREG x22, 22*REGBYTES(sp)
    8000017c:	f95a                	sd	s6,176(sp)
    SREG x23, 23*REGBYTES(sp)
    8000017e:	fd5e                	sd	s7,184(sp)
    SREG x24, 24*REGBYTES(sp)
    80000180:	e1e2                	sd	s8,192(sp)
    SREG x25, 25*REGBYTES(sp)
    80000182:	e5e6                	sd	s9,200(sp)
    SREG x26, 26*REGBYTES(sp)
    80000184:	e9ea                	sd	s10,208(sp)
    SREG x27, 27*REGBYTES(sp)
    80000186:	edee                	sd	s11,216(sp)
    SREG x28, 28*REGBYTES(sp)
    80000188:	f1f2                	sd	t3,224(sp)
    SREG x29, 29*REGBYTES(sp)
    8000018a:	f5f6                	sd	t4,232(sp)
    SREG x30, 30*REGBYTES(sp)
    8000018c:	f9fa                	sd	t5,240(sp)
    SREG x31, 31*REGBYTES(sp)
    8000018e:	fdfe                	sd	t6,248(sp)

    /* Invoke higher-level trap handler */
    csrr a0, mepc
    80000190:	34102573          	csrr	a0,mepc
    csrr a1, mcause
    80000194:	342025f3          	csrr	a1,mcause
    csrr a2, mtval
    80000198:	34302673          	csrr	a2,mtval
    mv a3, sp
    8000019c:	868a                	mv	a3,sp
    call handle_trap
    8000019e:	14a000ef          	jal	800002e8 <handle_trap>
    csrw mepc, a0
    800001a2:	34151073          	csrw	mepc,a0

    /* Remain in M-mode after return */
    li t0, MSTATUS_MPP
    800001a6:	6289                	lui	t0,0x2
    800001a8:	8002829b          	addiw	t0,t0,-2048 # 1800 <__stack_align+0x17f0>
    csrs mstatus, t0
    800001ac:	3002a073          	csrs	mstatus,t0

    LREG x1, 1*REGBYTES(sp)
    800001b0:	60a2                	ld	ra,8(sp)
    LREG x3, 3*REGBYTES(sp)
    800001b2:	61e2                	ld	gp,24(sp)
    LREG x4, 4*REGBYTES(sp)
    800001b4:	7202                	ld	tp,32(sp)
    LREG x5, 5*REGBYTES(sp)
    800001b6:	72a2                	ld	t0,40(sp)
    LREG x6, 6*REGBYTES(sp)
    800001b8:	7342                	ld	t1,48(sp)
    LREG x7, 7*REGBYTES(sp)
    800001ba:	73e2                	ld	t2,56(sp)
    LREG x8, 8*REGBYTES(sp)
    800001bc:	6406                	ld	s0,64(sp)
    LREG x9, 9*REGBYTES(sp)
    800001be:	64a6                	ld	s1,72(sp)
    LREG x10, 10*REGBYTES(sp)
    800001c0:	6546                	ld	a0,80(sp)
    LREG x11, 11*REGBYTES(sp)
    800001c2:	65e6                	ld	a1,88(sp)
    LREG x12, 12*REGBYTES(sp)
    800001c4:	7606                	ld	a2,96(sp)
    LREG x13, 13*REGBYTES(sp)
    800001c6:	76a6                	ld	a3,104(sp)
    LREG x14, 14*REGBYTES(sp)
    800001c8:	7746                	ld	a4,112(sp)
    LREG x15, 15*REGBYTES(sp)
    800001ca:	77e6                	ld	a5,120(sp)
    LREG x16, 16*REGBYTES(sp)
    800001cc:	680a                	ld	a6,128(sp)
    LREG x17, 17*REGBYTES(sp)
    800001ce:	68aa                	ld	a7,136(sp)
    LREG x18, 18*REGBYTES(sp)
    800001d0:	694a                	ld	s2,144(sp)
    LREG x19, 19*REGBYTES(sp)
    800001d2:	69ea                	ld	s3,152(sp)
    LREG x20, 20*REGBYTES(sp)
    800001d4:	7a0a                	ld	s4,160(sp)
    LREG x21, 21*REGBYTES(sp)
    800001d6:	7aaa                	ld	s5,168(sp)
    LREG x22, 22*REGBYTES(sp)
    800001d8:	7b4a                	ld	s6,176(sp)
    LREG x23, 23*REGBYTES(sp)
    800001da:	7bea                	ld	s7,184(sp)
    LREG x24, 24*REGBYTES(sp)
    800001dc:	6c0e                	ld	s8,192(sp)
    LREG x25, 25*REGBYTES(sp)
    800001de:	6cae                	ld	s9,200(sp)
    LREG x26, 26*REGBYTES(sp)
    800001e0:	6d4e                	ld	s10,208(sp)
    LREG x27, 27*REGBYTES(sp)
    800001e2:	6dee                	ld	s11,216(sp)
    LREG x28, 28*REGBYTES(sp)
    800001e4:	7e0e                	ld	t3,224(sp)
    LREG x29, 29*REGBYTES(sp)
    800001e6:	7eae                	ld	t4,232(sp)
    LREG x30, 30*REGBYTES(sp)
    800001e8:	7f4e                	ld	t5,240(sp)
    LREG x31, 31*REGBYTES(sp)
    800001ea:	7fee                	ld	t6,248(sp)
    /* Restore sp last */
    LREG x2, 2*REGBYTES(sp)
    800001ec:	6142                	ld	sp,16(sp)

    mret
    800001ee:	30200073          	mret

00000000800001f2 <_start_main>:
    .endm

    .global _start_main
    .type _start_main, @function
_start_main:
    BARRIER_PASS __boot_sync
    800001f2:	52fd                	li	t0,-1
    800001f4:	0110000f          	fence	w,w
    800001f8:	00008317          	auipc	t1,0x8
    800001fc:	16532423          	sw	t0,360(t1) # 80008360 <__boot_sync>
    ENTER main
    80000200:	4505                	li	a0,1
    80000202:	00006597          	auipc	a1,0x6
    80000206:	d5658593          	addi	a1,a1,-682 # 80005f58 <argv>
    8000020a:	8101b603          	ld	a2,-2032(gp) # 80006088 <environ>
    8000020e:	02e000ef          	jal	8000023c <main>
    80000212:	1190306f          	j	80003b2a <exit>

0000000080000216 <_start_secondary>:

    .global _start_secondary
    .type _start_secondary, @function
_start_secondary:
    /* Synchronize secondary harts */
    BARRIER_WAIT __boot_sync
    80000216:	00008317          	auipc	t1,0x8
    8000021a:	14a32283          	lw	t0,330(t1) # 80008360 <__boot_sync>
    8000021e:	fe028ee3          	beqz	t0,8000021a <_start_secondary+0x4>
    80000222:	0220000f          	fence	r,r
    ENTER __main
    80000226:	4505                	li	a0,1
    80000228:	00006597          	auipc	a1,0x6
    8000022c:	d3058593          	addi	a1,a1,-720 # 80005f58 <argv>
    80000230:	8101b603          	ld	a2,-2032(gp) # 80006088 <environ>
    80000234:	710000ef          	jal	80000944 <__main>
    80000238:	0f30306f          	j	80003b2a <exit>

000000008000023c <main>:
    8000023c:	fe010113          	addi	sp,sp,-32
    80000240:	00113c23          	sd	ra,24(sp)
    80000244:	15d000ef          	jal	80000ba0 <initialise_board>
    80000248:	021030ef          	jal	80003a68 <initialise_benchmark>
    8000024c:	00100513          	li	a0,1
    80000250:	00d030ef          	jal	80003a5c <warm_caches>
    80000254:	2d0000ef          	jal	80000524 <rStartup>
    80000258:	151000ef          	jal	80000ba8 <start_trigger>
    8000025c:	005030ef          	jal	80003a60 <benchmark>
    80000260:	00a12623          	sw	a0,12(sp)
    80000264:	14d000ef          	jal	80000bb0 <stop_trigger>
    80000268:	698000ef          	jal	80000900 <rCleanup>
    8000026c:	00c12503          	lw	a0,12(sp)
    80000270:	7fc030ef          	jal	80003a6c <verify_benchmark>
    80000274:	01813083          	ld	ra,24(sp)
    80000278:	00153513          	seqz	a0,a0
    8000027c:	02010113          	addi	sp,sp,32
    80000280:	00008067          	ret

0000000080000284 <mtimecmp_cfg>:
    80000284:	f1402873          	csrr	a6,mhartid
    80000288:	004017b7          	lui	a5,0x401
    8000028c:	80078793          	addi	a5,a5,-2048 # 400800 <__heap_size+0x3e0800>
    80000290:	00f80833          	add	a6,a6,a5
    80000294:	0200c6b7          	lui	a3,0x200c
    80000298:	0200c537          	lui	a0,0x200c
    8000029c:	00381813          	slli	a6,a6,0x3
    800002a0:	ffc68693          	addi	a3,a3,-4 # 200bffc <__heap_size+0x1febffc>
    800002a4:	ff850513          	addi	a0,a0,-8 # 200bff8 <__heap_size+0x1febff8>
    800002a8:	0006a703          	lw	a4,0(a3)
    800002ac:	00052783          	lw	a5,0(a0)
    800002b0:	0006a583          	lw	a1,0(a3)
    800002b4:	0007061b          	sext.w	a2,a4
    800002b8:	0007879b          	sext.w	a5,a5
    800002bc:	feb716e3          	bne	a4,a1,800002a8 <mtimecmp_cfg+0x24>
    800002c0:	02079793          	slli	a5,a5,0x20
    800002c4:	0207d793          	srli	a5,a5,0x20
    800002c8:	02061613          	slli	a2,a2,0x20
    800002cc:	00f66633          	or	a2,a2,a5
    800002d0:	02060613          	addi	a2,a2,32
    800002d4:	0006079b          	sext.w	a5,a2
    800002d8:	00f82023          	sw	a5,0(a6)
    800002dc:	42065613          	srai	a2,a2,0x20
    800002e0:	00c82223          	sw	a2,4(a6)
    800002e4:	00008067          	ret

00000000800002e8 <handle_trap>:
    800002e8:	f14027f3          	csrr	a5,mhartid
    800002ec:	0805dc63          	bgez	a1,80000384 <handle_trap+0x9c>
    800002f0:	34402773          	csrr	a4,mip
    800002f4:	00877713          	andi	a4,a4,8
    800002f8:	00070c63          	beqz	a4,80000310 <handle_trap+0x28>
    800002fc:	00800737          	lui	a4,0x800
    80000300:	00e787b3          	add	a5,a5,a4
    80000304:	00279793          	slli	a5,a5,0x2
    80000308:	0007a023          	sw	zero,0(a5)
    8000030c:	00008067          	ret
    80000310:	34402773          	csrr	a4,mip
    80000314:	08077713          	andi	a4,a4,128
    80000318:	06070a63          	beqz	a4,8000038c <handle_trap+0xa4>
    8000031c:	06079e63          	bnez	a5,80000398 <handle_trap+0xb0>
    80000320:	8c81a783          	lw	a5,-1848(gp) # 80006140 <timer_flags>
    80000324:	8c818713          	addi	a4,gp,-1848 # 80006140 <timer_flags>
    80000328:	0017879b          	addiw	a5,a5,1
    8000032c:	00f72023          	sw	a5,0(a4) # 800000 <__heap_size+0x7e0000>
    80000330:	00072683          	lw	a3,0(a4)
    80000334:	03100793          	li	a5,49
    80000338:	0cd7ce63          	blt	a5,a3,80000414 <handle_trap+0x12c>
    8000033c:	0200c6b7          	lui	a3,0x200c
    80000340:	0200c837          	lui	a6,0x200c
    80000344:	ffc68693          	addi	a3,a3,-4 # 200bffc <__heap_size+0x1febffc>
    80000348:	ff880813          	addi	a6,a6,-8 # 200bff8 <__heap_size+0x1febff8>
    8000034c:	0006a703          	lw	a4,0(a3)
    80000350:	00082783          	lw	a5,0(a6)
    80000354:	0006a603          	lw	a2,0(a3)
    80000358:	0007059b          	sext.w	a1,a4
    8000035c:	0007879b          	sext.w	a5,a5
    80000360:	fec716e3          	bne	a4,a2,8000034c <handle_trap+0x64>
    80000364:	02079793          	slli	a5,a5,0x20
    80000368:	02059593          	slli	a1,a1,0x20
    8000036c:	0207d793          	srli	a5,a5,0x20
    80000370:	00f5e7b3          	or	a5,a1,a5
    80000374:	02078793          	addi	a5,a5,32
    80000378:	02004737          	lui	a4,0x2004
    8000037c:	00f73023          	sd	a5,0(a4) # 2004000 <__heap_size+0x1fe4000>
    80000380:	00008067          	ret
    80000384:	00b00793          	li	a5,11
    80000388:	00f58463          	beq	a1,a5,80000390 <handle_trap+0xa8>
    8000038c:	00008067          	ret
    80000390:	00450513          	addi	a0,a0,4
    80000394:	00008067          	ret
    80000398:	00100713          	li	a4,1
    8000039c:	08e78e63          	beq	a5,a4,80000438 <handle_trap+0x150>
    800003a0:	00200713          	li	a4,2
    800003a4:	0ee78c63          	beq	a5,a4,8000049c <handle_trap+0x1b4>
    800003a8:	00300713          	li	a4,3
    800003ac:	fee790e3          	bne	a5,a4,8000038c <handle_trap+0xa4>
    800003b0:	8d41a783          	lw	a5,-1836(gp) # 8000614c <timer_flags+0xc>
    800003b4:	8c818713          	addi	a4,gp,-1848 # 80006140 <timer_flags>
    800003b8:	0017879b          	addiw	a5,a5,1
    800003bc:	00f72623          	sw	a5,12(a4)
    800003c0:	00c72683          	lw	a3,12(a4)
    800003c4:	03100793          	li	a5,49
    800003c8:	14d7c863          	blt	a5,a3,80000518 <handle_trap+0x230>
    800003cc:	0200c6b7          	lui	a3,0x200c
    800003d0:	0200c837          	lui	a6,0x200c
    800003d4:	ffc68693          	addi	a3,a3,-4 # 200bffc <__heap_size+0x1febffc>
    800003d8:	ff880813          	addi	a6,a6,-8 # 200bff8 <__heap_size+0x1febff8>
    800003dc:	0006a703          	lw	a4,0(a3)
    800003e0:	00082783          	lw	a5,0(a6)
    800003e4:	0006a603          	lw	a2,0(a3)
    800003e8:	0007059b          	sext.w	a1,a4
    800003ec:	0007879b          	sext.w	a5,a5
    800003f0:	fec716e3          	bne	a4,a2,800003dc <handle_trap+0xf4>
    800003f4:	02079793          	slli	a5,a5,0x20
    800003f8:	02059593          	slli	a1,a1,0x20
    800003fc:	0207d793          	srli	a5,a5,0x20
    80000400:	00f5e7b3          	or	a5,a1,a5
    80000404:	02004737          	lui	a4,0x2004
    80000408:	02078793          	addi	a5,a5,32
    8000040c:	00f73c23          	sd	a5,24(a4) # 2004018 <__heap_size+0x1fe4018>
    80000410:	00008067          	ret
    80000414:	00072703          	lw	a4,0(a4)
    80000418:	f6e7dae3          	bge	a5,a4,8000038c <handle_trap+0xa4>
    8000041c:	304027f3          	csrr	a5,mie
    80000420:	f7f7f793          	andi	a5,a5,-129
    80000424:	30479073          	csrw	mie,a5
    80000428:	300027f3          	csrr	a5,mstatus
    8000042c:	ff77f793          	andi	a5,a5,-9
    80000430:	30079073          	csrw	mstatus,a5
    80000434:	00008067          	ret
    80000438:	8cc1a783          	lw	a5,-1844(gp) # 80006144 <timer_flags+0x4>
    8000043c:	8c818713          	addi	a4,gp,-1848 # 80006140 <timer_flags>
    80000440:	0017879b          	addiw	a5,a5,1
    80000444:	00f72223          	sw	a5,4(a4)
    80000448:	00472683          	lw	a3,4(a4)
    8000044c:	03100793          	li	a5,49
    80000450:	0ad7c863          	blt	a5,a3,80000500 <handle_trap+0x218>
    80000454:	0200c6b7          	lui	a3,0x200c
    80000458:	0200c837          	lui	a6,0x200c
    8000045c:	ffc68693          	addi	a3,a3,-4 # 200bffc <__heap_size+0x1febffc>
    80000460:	ff880813          	addi	a6,a6,-8 # 200bff8 <__heap_size+0x1febff8>
    80000464:	0006a703          	lw	a4,0(a3)
    80000468:	00082783          	lw	a5,0(a6)
    8000046c:	0006a603          	lw	a2,0(a3)
    80000470:	0007059b          	sext.w	a1,a4
    80000474:	0007879b          	sext.w	a5,a5
    80000478:	fec716e3          	bne	a4,a2,80000464 <handle_trap+0x17c>
    8000047c:	02079793          	slli	a5,a5,0x20
    80000480:	02059593          	slli	a1,a1,0x20
    80000484:	0207d793          	srli	a5,a5,0x20
    80000488:	00f5e7b3          	or	a5,a1,a5
    8000048c:	02004737          	lui	a4,0x2004
    80000490:	02078793          	addi	a5,a5,32
    80000494:	00f73423          	sd	a5,8(a4) # 2004008 <__heap_size+0x1fe4008>
    80000498:	00008067          	ret
    8000049c:	8d01a783          	lw	a5,-1840(gp) # 80006148 <timer_flags+0x8>
    800004a0:	8c818713          	addi	a4,gp,-1848 # 80006140 <timer_flags>
    800004a4:	0017879b          	addiw	a5,a5,1
    800004a8:	00f72423          	sw	a5,8(a4)
    800004ac:	00872683          	lw	a3,8(a4)
    800004b0:	03100793          	li	a5,49
    800004b4:	04d7cc63          	blt	a5,a3,8000050c <handle_trap+0x224>
    800004b8:	0200c6b7          	lui	a3,0x200c
    800004bc:	0200c837          	lui	a6,0x200c
    800004c0:	ffc68693          	addi	a3,a3,-4 # 200bffc <__heap_size+0x1febffc>
    800004c4:	ff880813          	addi	a6,a6,-8 # 200bff8 <__heap_size+0x1febff8>
    800004c8:	0006a703          	lw	a4,0(a3)
    800004cc:	00082783          	lw	a5,0(a6)
    800004d0:	0006a603          	lw	a2,0(a3)
    800004d4:	0007059b          	sext.w	a1,a4
    800004d8:	0007879b          	sext.w	a5,a5
    800004dc:	fec716e3          	bne	a4,a2,800004c8 <handle_trap+0x1e0>
    800004e0:	02079793          	slli	a5,a5,0x20
    800004e4:	02059593          	slli	a1,a1,0x20
    800004e8:	0207d793          	srli	a5,a5,0x20
    800004ec:	00f5e7b3          	or	a5,a1,a5
    800004f0:	02004737          	lui	a4,0x2004
    800004f4:	02078793          	addi	a5,a5,32
    800004f8:	00f73823          	sd	a5,16(a4) # 2004010 <__heap_size+0x1fe4010>
    800004fc:	00008067          	ret
    80000500:	00472703          	lw	a4,4(a4)
    80000504:	e8e7d4e3          	bge	a5,a4,8000038c <handle_trap+0xa4>
    80000508:	f15ff06f          	j	8000041c <handle_trap+0x134>
    8000050c:	00872703          	lw	a4,8(a4)
    80000510:	e6e7dee3          	bge	a5,a4,8000038c <handle_trap+0xa4>
    80000514:	f09ff06f          	j	8000041c <handle_trap+0x134>
    80000518:	00c72703          	lw	a4,12(a4)
    8000051c:	e6e7d8e3          	bge	a5,a4,8000038c <handle_trap+0xa4>
    80000520:	efdff06f          	j	8000041c <handle_trap+0x134>

0000000080000524 <rStartup>:
    80000524:	ff010113          	addi	sp,sp,-16
    80000528:	00113423          	sd	ra,8(sp)
    8000052c:	00813023          	sd	s0,0(sp)
    80000530:	00400593          	li	a1,4
    80000534:	3805a02b          	.word	0x3805a02b
    80000538:	006405b7          	lui	a1,0x640
    8000053c:	01258593          	addi	a1,a1,18 # 640012 <__heap_size+0x620012>
    80000540:	00200613          	li	a2,2
    80000544:	0cc5b02b          	.word	0x0cc5b02b
    80000548:	106405b7          	lui	a1,0x10640
    8000054c:	01258593          	addi	a1,a1,18 # 10640012 <__heap_size+0x10620012>
    80000550:	0cc5b02b          	.word	0x0cc5b02b
    80000554:	206405b7          	lui	a1,0x20640
    80000558:	01258593          	addi	a1,a1,18 # 20640012 <__heap_size+0x20620012>
    8000055c:	0cc5b02b          	.word	0x0cc5b02b
    80000560:	306405b7          	lui	a1,0x30640
    80000564:	01258593          	addi	a1,a1,18 # 30640012 <__heap_size+0x30620012>
    80000568:	0cc5b02b          	.word	0x0cc5b02b
    8000056c:	406405b7          	lui	a1,0x40640
    80000570:	01258593          	addi	a1,a1,18 # 40640012 <__heap_size+0x40620012>
    80000574:	0cc5b02b          	.word	0x0cc5b02b
    80000578:	506405b7          	lui	a1,0x50640
    8000057c:	01258593          	addi	a1,a1,18 # 50640012 <__heap_size+0x50620012>
    80000580:	0cc5b02b          	.word	0x0cc5b02b
    80000584:	606405b7          	lui	a1,0x60640
    80000588:	01258593          	addi	a1,a1,18 # 60640012 <__heap_size+0x60620012>
    8000058c:	0cc5b02b          	.word	0x0cc5b02b
    80000590:	20e405b7          	lui	a1,0x20e40
    80000594:	01258593          	addi	a1,a1,18 # 20e40012 <__heap_size+0x20e20012>
    80000598:	0cc5b02b          	.word	0x0cc5b02b
    8000059c:	30e405b7          	lui	a1,0x30e40
    800005a0:	01258593          	addi	a1,a1,18 # 30e40012 <__heap_size+0x30e20012>
    800005a4:	0cc5b02b          	.word	0x0cc5b02b
    800005a8:	40e405b7          	lui	a1,0x40e40
    800005ac:	01258593          	addi	a1,a1,18 # 40e40012 <__heap_size+0x40e20012>
    800005b0:	0cc5b02b          	.word	0x0cc5b02b
    800005b4:	02001737          	lui	a4,0x2001
    800005b8:	00671713          	slli	a4,a4,0x6
    800005bc:	00100693          	li	a3,1
    800005c0:	200007b7          	lui	a5,0x20000
    800005c4:	01270713          	addi	a4,a4,18 # 2001012 <__heap_size+0x1fe1012>
    800005c8:	10000537          	lui	a0,0x10000
    800005cc:	01f69693          	slli	a3,a3,0x1f
    800005d0:	00e7e5b3          	or	a1,a5,a4
    800005d4:	00200613          	li	a2,2
    800005d8:	0cc5b02b          	.word	0x0cc5b02b
    800005dc:	00a787b3          	add	a5,a5,a0
    800005e0:	fed798e3          	bne	a5,a3,800005d0 <rStartup+0xac>
    800005e4:	02011737          	lui	a4,0x2011
    800005e8:	00671713          	slli	a4,a4,0x6
    800005ec:	00100693          	li	a3,1
    800005f0:	200007b7          	lui	a5,0x20000
    800005f4:	01270713          	addi	a4,a4,18 # 2011012 <__heap_size+0x1ff1012>
    800005f8:	10000537          	lui	a0,0x10000
    800005fc:	01f69693          	slli	a3,a3,0x1f
    80000600:	00e7e5b3          	or	a1,a5,a4
    80000604:	00200613          	li	a2,2
    80000608:	0cc5b02b          	.word	0x0cc5b02b
    8000060c:	00a787b3          	add	a5,a5,a0
    80000610:	fed798e3          	bne	a5,a3,80000600 <rStartup+0xdc>
    80000614:	046605b7          	lui	a1,0x4660
    80000618:	02258593          	addi	a1,a1,34 # 4660022 <__heap_size+0x4640022>
    8000061c:	0cc5b02b          	.word	0x0cc5b02b
    80000620:	146605b7          	lui	a1,0x14660
    80000624:	02258593          	addi	a1,a1,34 # 14660022 <__heap_size+0x14640022>
    80000628:	0cc5b02b          	.word	0x0cc5b02b
    8000062c:	246605b7          	lui	a1,0x24660
    80000630:	02258593          	addi	a1,a1,34 # 24660022 <__heap_size+0x24640022>
    80000634:	0cc5b02b          	.word	0x0cc5b02b
    80000638:	346605b7          	lui	a1,0x34660
    8000063c:	02258593          	addi	a1,a1,34 # 34660022 <__heap_size+0x34640022>
    80000640:	0cc5b02b          	.word	0x0cc5b02b
    80000644:	24e605b7          	lui	a1,0x24e60
    80000648:	02258593          	addi	a1,a1,34 # 24e60022 <__heap_size+0x24e40022>
    8000064c:	0cc5b02b          	.word	0x0cc5b02b
    80000650:	34e605b7          	lui	a1,0x34e60
    80000654:	02258593          	addi	a1,a1,34 # 34e60022 <__heap_size+0x34e40022>
    80000658:	0cc5b02b          	.word	0x0cc5b02b
    8000065c:	44e605b7          	lui	a1,0x44e60
    80000660:	02258593          	addi	a1,a1,34 # 44e60022 <__heap_size+0x44e40022>
    80000664:	0cc5b02b          	.word	0x0cc5b02b
    80000668:	04043737          	lui	a4,0x4043
    8000066c:	00571713          	slli	a4,a4,0x5
    80000670:	00100693          	li	a3,1
    80000674:	200007b7          	lui	a5,0x20000
    80000678:	02270713          	addi	a4,a4,34 # 4043022 <__heap_size+0x4023022>
    8000067c:	10000537          	lui	a0,0x10000
    80000680:	01f69693          	slli	a3,a3,0x1f
    80000684:	00e7e5b3          	or	a1,a5,a4
    80000688:	00200613          	li	a2,2
    8000068c:	0cc5b02b          	.word	0x0cc5b02b
    80000690:	00a787b3          	add	a5,a5,a0
    80000694:	fed798e3          	bne	a5,a3,80000684 <rStartup+0x160>
    80000698:	04063737          	lui	a4,0x4063
    8000069c:	00571713          	slli	a4,a4,0x5
    800006a0:	00100693          	li	a3,1
    800006a4:	200007b7          	lui	a5,0x20000
    800006a8:	02270713          	addi	a4,a4,34 # 4063022 <__heap_size+0x4043022>
    800006ac:	10000537          	lui	a0,0x10000
    800006b0:	01f69693          	slli	a3,a3,0x1f
    800006b4:	00e7e5b3          	or	a1,a5,a4
    800006b8:	00200613          	li	a2,2
    800006bc:	0cc5b02b          	.word	0x0cc5b02b
    800006c0:	00a787b3          	add	a5,a5,a0
    800006c4:	fed798e3          	bne	a5,a3,800006b4 <rStartup+0x190>
    800006c8:	1e6205b7          	lui	a1,0x1e620
    800006cc:	03258593          	addi	a1,a1,50 # 1e620032 <__heap_size+0x1e600032>
    800006d0:	0cc5b02b          	.word	0x0cc5b02b
    800006d4:	2e6205b7          	lui	a1,0x2e620
    800006d8:	03258593          	addi	a1,a1,50 # 2e620032 <__heap_size+0x2e600032>
    800006dc:	0cc5b02b          	.word	0x0cc5b02b
    800006e0:	3e6205b7          	lui	a1,0x3e620
    800006e4:	03258593          	addi	a1,a1,50 # 3e620032 <__heap_size+0x3e600032>
    800006e8:	0cc5b02b          	.word	0x0cc5b02b
    800006ec:	5e6205b7          	lui	a1,0x5e620
    800006f0:	03258593          	addi	a1,a1,50 # 5e620032 <__heap_size+0x5e600032>
    800006f4:	0cc5b02b          	.word	0x0cc5b02b
    800006f8:	6e6205b7          	lui	a1,0x6e620
    800006fc:	03258593          	addi	a1,a1,50 # 6e620032 <__heap_size+0x6e600032>
    80000700:	0cc5b02b          	.word	0x0cc5b02b
    80000704:	7e6205b7          	lui	a1,0x7e620
    80000708:	03258593          	addi	a1,a1,50 # 7e620032 <__heap_size+0x7e600032>
    8000070c:	0cc5b02b          	.word	0x0cc5b02b
    80000710:	25ea05b7          	lui	a1,0x25ea0
    80000714:	01258593          	addi	a1,a1,18 # 25ea0012 <__heap_size+0x25e80012>
    80000718:	0cc5b02b          	.word	0x0cc5b02b
    8000071c:	35ea05b7          	lui	a1,0x35ea0
    80000720:	01258593          	addi	a1,a1,18 # 35ea0012 <__heap_size+0x35e80012>
    80000724:	0cc5b02b          	.word	0x0cc5b02b
    80000728:	102205b7          	lui	a1,0x10220
    8000072c:	00458593          	addi	a1,a1,4 # 10220004 <__heap_size+0x10200004>
    80000730:	0cc5b02b          	.word	0x0cc5b02b
    80000734:	202405b7          	lui	a1,0x20240
    80000738:	01458593          	addi	a1,a1,20 # 20240014 <__heap_size+0x20220014>
    8000073c:	0cc5b02b          	.word	0x0cc5b02b
    80000740:	302605b7          	lui	a1,0x30260
    80000744:	02458593          	addi	a1,a1,36 # 30260024 <__heap_size+0x30240024>
    80000748:	0cc5b02b          	.word	0x0cc5b02b
    8000074c:	402805b7          	lui	a1,0x40280
    80000750:	03458593          	addi	a1,a1,52 # 40280034 <__heap_size+0x40260034>
    80000754:	0cc5b02b          	.word	0x0cc5b02b
    80000758:	00001f37          	lui	t5,0x1
    8000075c:	00001eb7          	lui	t4,0x1
    80000760:	00001e37          	lui	t3,0x1
    80000764:	00001337          	lui	t1,0x1
    80000768:	000018b7          	lui	a7,0x1
    8000076c:	00001837          	lui	a6,0x1
    80000770:	00001537          	lui	a0,0x1
    80000774:	08000693          	li	a3,128
    80000778:	00000713          	li	a4,0
    8000077c:	00100293          	li	t0,1
    80000780:	813f0f13          	addi	t5,t5,-2029 # 813 <__stack_align+0x803>
    80000784:	823e8e93          	addi	t4,t4,-2013 # 823 <__stack_align+0x813>
    80000788:	833e0e13          	addi	t3,t3,-1997 # 833 <__stack_align+0x823>
    8000078c:	87330313          	addi	t1,t1,-1933 # 873 <__stack_align+0x863>
    80000790:	c7388893          	addi	a7,a7,-909 # c73 <__stack_align+0xc63>
    80000794:	85380813          	addi	a6,a6,-1965 # 853 <__stack_align+0x843>
    80000798:	c5350513          	addi	a0,a0,-941 # c53 <__stack_align+0xc43>
    8000079c:	00400f93          	li	t6,4
    800007a0:	00e297bb          	sllw	a5,t0,a4
    800007a4:	01079793          	slli	a5,a5,0x10
    800007a8:	00d7e7b3          	or	a5,a5,a3
    800007ac:	01e7e5b3          	or	a1,a5,t5
    800007b0:	00200613          	li	a2,2
    800007b4:	0cc5b02b          	.word	0x0cc5b02b
    800007b8:	01d7e5b3          	or	a1,a5,t4
    800007bc:	0cc5b02b          	.word	0x0cc5b02b
    800007c0:	01c7e5b3          	or	a1,a5,t3
    800007c4:	0cc5b02b          	.word	0x0cc5b02b
    800007c8:	4137e593          	ori	a1,a5,1043
    800007cc:	0cc5b02b          	.word	0x0cc5b02b
    800007d0:	4237e593          	ori	a1,a5,1059
    800007d4:	0cc5b02b          	.word	0x0cc5b02b
    800007d8:	4337e593          	ori	a1,a5,1075
    800007dc:	0cc5b02b          	.word	0x0cc5b02b
    800007e0:	0067e5b3          	or	a1,a5,t1
    800007e4:	0cc5b02b          	.word	0x0cc5b02b
    800007e8:	4737e593          	ori	a1,a5,1139
    800007ec:	0cc5b02b          	.word	0x0cc5b02b
    800007f0:	0117e5b3          	or	a1,a5,a7
    800007f4:	0cc5b02b          	.word	0x0cc5b02b
    800007f8:	0107e5b3          	or	a1,a5,a6
    800007fc:	0cc5b02b          	.word	0x0cc5b02b
    80000800:	4537e593          	ori	a1,a5,1107
    80000804:	0cc5b02b          	.word	0x0cc5b02b
    80000808:	00a7e5b3          	or	a1,a5,a0
    8000080c:	0cc5b02b          	.word	0x0cc5b02b
    80000810:	0017071b          	addiw	a4,a4,1
    80000814:	08068693          	addi	a3,a3,128
    80000818:	f9f714e3          	bne	a4,t6,800007a0 <rStartup+0x27c>
    8000081c:	00500593          	li	a1,5
    80000820:	0cc5b02b          	.word	0x0cc5b02b
    80000824:	00f00593          	li	a1,15
    80000828:	fa05a02b          	.word	0xfa05a02b
    8000082c:	fc00452b          	.word	0xfc00452b
    80000830:	82018413          	addi	s0,gp,-2016 # 80006098 <uart_lock>
    80000834:	00050593          	mv	a1,a0
    80000838:	00100713          	li	a4,1
    8000083c:	0ce427af          	amoswap.w.aq	a5,a4,(s0)
    80000840:	0007879b          	sext.w	a5,a5
    80000844:	fe079ce3          	bnez	a5,8000083c <rStartup+0x318>
    80000848:	00005517          	auipc	a0,0x5
    8000084c:	ef050513          	addi	a0,a0,-272 # 80005738 <__tbss_end+0x4>
    80000850:	78e030ef          	jal	80003fde <iprintf>
    80000854:	0a04202f          	amoswap.w.rl	zero,zero,(s0)
    80000858:	304027f3          	csrr	a5,mie
    8000085c:	0087e793          	ori	a5,a5,8
    80000860:	30479073          	csrw	mie,a5
    80000864:	300027f3          	csrr	a5,mstatus
    80000868:	0087e793          	ori	a5,a5,8
    8000086c:	30079073          	csrw	mstatus,a5
    80000870:	f14027f3          	csrr	a5,mhartid
    80000874:	00800737          	lui	a4,0x800
    80000878:	00e787b3          	add	a5,a5,a4
    8000087c:	00279793          	slli	a5,a5,0x2
    80000880:	00100713          	li	a4,1
    80000884:	00e7a023          	sw	a4,0(a5) # 20000000 <__heap_size+0x1ffe0000>
    80000888:	3600452b          	.word	0x3600452b
    8000088c:	fe050ee3          	beqz	a0,80000888 <rStartup+0x364>
    80000890:	00100593          	li	a1,1
    80000894:	2c05a02b          	.word	0x2c05a02b
    80000898:	9edff0ef          	jal	80000284 <mtimecmp_cfg>
    8000089c:	304027f3          	csrr	a5,mie
    800008a0:	0807e793          	ori	a5,a5,128
    800008a4:	30479073          	csrw	mie,a5
    800008a8:	6200002b          	.word	0x6200002b
    800008ac:	00100593          	li	a1,1
    800008b0:	e005a02b          	.word	0xe005a02b
    800008b4:	00100713          	li	a4,1
    800008b8:	0ce427af          	amoswap.w.aq	a5,a4,(s0)
    800008bc:	0007879b          	sext.w	a5,a5
    800008c0:	fe079ce3          	bnez	a5,800008b8 <rStartup+0x394>
    800008c4:	000016b7          	lui	a3,0x1
    800008c8:	38868693          	addi	a3,a3,904 # 1388 <__stack_align+0x1378>
    800008cc:	00100613          	li	a2,1
    800008d0:	00000593          	li	a1,0
    800008d4:	00005517          	auipc	a0,0x5
    800008d8:	e8450513          	addi	a0,a0,-380 # 80005758 <__tbss_end+0x24>
    800008dc:	702030ef          	jal	80003fde <iprintf>
    800008e0:	00005517          	auipc	a0,0x5
    800008e4:	ec050513          	addi	a0,a0,-320 # 800057a0 <__tbss_end+0x6c>
    800008e8:	6f6030ef          	jal	80003fde <iprintf>
    800008ec:	0a04202f          	amoswap.w.rl	zero,zero,(s0)
    800008f0:	00813083          	ld	ra,8(sp)
    800008f4:	00013403          	ld	s0,0(sp)
    800008f8:	01010113          	addi	sp,sp,16
    800008fc:	00008067          	ret

0000000080000900 <rCleanup>:
    80000900:	00200593          	li	a1,2
    80000904:	e005a02b          	.word	0xe005a02b
    80000908:	01a00793          	li	a5,26
    8000090c:	00000013          	nop
    80000910:	fff7879b          	addiw	a5,a5,-1
    80000914:	fe079ce3          	bnez	a5,8000090c <rCleanup+0xc>
    80000918:	6400002b          	.word	0x6400002b
    8000091c:	000207b7          	lui	a5,0x20
    80000920:	ffe78793          	addi	a5,a5,-2 # 1fffe <__stack_size+0x17ffe>
    80000924:	00000593          	li	a1,0
    80000928:	00000613          	li	a2,0
    8000092c:	0cc5f52b          	.word	0x0cc5f52b
    80000930:	fea7fae3          	bgeu	a5,a0,80000924 <rCleanup+0x24>
    80000934:	00200593          	li	a1,2
    80000938:	2c05a02b          	.word	0x2c05a02b
    8000093c:	6000002b          	.word	0x6000002b
    80000940:	00008067          	ret

0000000080000944 <__main>:
    80000944:	ff010113          	addi	sp,sp,-16
    80000948:	00113423          	sd	ra,8(sp)
    8000094c:	f14027f3          	csrr	a5,mhartid
    80000950:	00300713          	li	a4,3
    80000954:	0ae78e63          	beq	a5,a4,80000a10 <__main+0xcc>
    80000958:	0af76263          	bltu	a4,a5,800009fc <__main+0xb8>
    8000095c:	00100713          	li	a4,1
    80000960:	04e78a63          	beq	a5,a4,800009b4 <__main+0x70>
    80000964:	00200693          	li	a3,2
    80000968:	0ed79c63          	bne	a5,a3,80000a60 <__main+0x11c>
    8000096c:	304027f3          	csrr	a5,mie
    80000970:	0087e793          	ori	a5,a5,8
    80000974:	30479073          	csrw	mie,a5
    80000978:	300027f3          	csrr	a5,mstatus
    8000097c:	0087e793          	ori	a5,a5,8
    80000980:	30079073          	csrw	mstatus,a5
    80000984:	f14027f3          	csrr	a5,mhartid
    80000988:	008006b7          	lui	a3,0x800
    8000098c:	00d787b3          	add	a5,a5,a3
    80000990:	00279793          	slli	a5,a5,0x2
    80000994:	00e7a023          	sw	a4,0(a5)
    80000998:	8edff0ef          	jal	80000284 <mtimecmp_cfg>
    8000099c:	304027f3          	csrr	a5,mie
    800009a0:	0807e793          	ori	a5,a5,128
    800009a4:	30479073          	csrw	mie,a5
    800009a8:	00200513          	li	a0,2
    800009ac:	0b8000ef          	jal	80000a64 <checker>
    800009b0:	0000006f          	j	800009b0 <__main+0x6c>
    800009b4:	30402773          	csrr	a4,mie
    800009b8:	00876713          	ori	a4,a4,8
    800009bc:	30471073          	csrw	mie,a4
    800009c0:	30002773          	csrr	a4,mstatus
    800009c4:	00876713          	ori	a4,a4,8
    800009c8:	30071073          	csrw	mstatus,a4
    800009cc:	f1402773          	csrr	a4,mhartid
    800009d0:	008006b7          	lui	a3,0x800
    800009d4:	00d70733          	add	a4,a4,a3
    800009d8:	00271713          	slli	a4,a4,0x2
    800009dc:	00f72023          	sw	a5,0(a4) # 800000 <__heap_size+0x7e0000>
    800009e0:	8a5ff0ef          	jal	80000284 <mtimecmp_cfg>
    800009e4:	304027f3          	csrr	a5,mie
    800009e8:	0807e793          	ori	a5,a5,128
    800009ec:	30479073          	csrw	mie,a5
    800009f0:	00100513          	li	a0,1
    800009f4:	070000ef          	jal	80000a64 <checker>
    800009f8:	fb9ff06f          	j	800009b0 <__main+0x6c>
    800009fc:	00400713          	li	a4,4
    80000a00:	04e79e63          	bne	a5,a4,80000a5c <__main+0x118>
    80000a04:	00400513          	li	a0,4
    80000a08:	05c000ef          	jal	80000a64 <checker>
    80000a0c:	fa5ff06f          	j	800009b0 <__main+0x6c>
    80000a10:	304027f3          	csrr	a5,mie
    80000a14:	0087e793          	ori	a5,a5,8
    80000a18:	30479073          	csrw	mie,a5
    80000a1c:	300027f3          	csrr	a5,mstatus
    80000a20:	0087e793          	ori	a5,a5,8
    80000a24:	30079073          	csrw	mstatus,a5
    80000a28:	f14027f3          	csrr	a5,mhartid
    80000a2c:	00800737          	lui	a4,0x800
    80000a30:	00e787b3          	add	a5,a5,a4
    80000a34:	00279793          	slli	a5,a5,0x2
    80000a38:	00100713          	li	a4,1
    80000a3c:	00e7a023          	sw	a4,0(a5)
    80000a40:	845ff0ef          	jal	80000284 <mtimecmp_cfg>
    80000a44:	304027f3          	csrr	a5,mie
    80000a48:	0807e793          	ori	a5,a5,128
    80000a4c:	30479073          	csrw	mie,a5
    80000a50:	00300513          	li	a0,3
    80000a54:	010000ef          	jal	80000a64 <checker>
    80000a58:	f59ff06f          	j	800009b0 <__main+0x6c>
    80000a5c:	f55ff06f          	j	800009b0 <__main+0x6c>
    80000a60:	f51ff06f          	j	800009b0 <__main+0x6c>

0000000080000a64 <checker>:
    80000a64:	00100593          	li	a1,1
    80000a68:	0205a02b          	.word	0x0205a02b
    80000a6c:	2c05a02b          	.word	0x2c05a02b
    80000a70:	8000002b          	.word	0x8000002b
    80000a74:	a200002b          	.word	0xa200002b
    80000a78:	000015b7          	lui	a1,0x1
    80000a7c:	38858593          	addi	a1,a1,904 # 1388 <__stack_align+0x1378>
    80000a80:	f205a02b          	.word	0xf205a02b
    80000a84:	00100593          	li	a1,1
    80000a88:	ec05a02b          	.word	0xec05a02b
    80000a8c:	00000593          	li	a1,0
    80000a90:	ec05a02b          	.word	0xec05a02b
    80000a94:	02000593          	li	a1,32
    80000a98:	ec05a02b          	.word	0xec05a02b
    80000a9c:	00000593          	li	a1,0
    80000aa0:	ec05a02b          	.word	0xec05a02b
    80000aa4:	ea00002b          	.word	0xea00002b
    80000aa8:	e600002b          	.word	0xe600002b
    80000aac:	c800002b          	.word	0xc800002b
    80000ab0:	00200793          	li	a5,2
    80000ab4:	00800713          	li	a4,8
    80000ab8:	0100006f          	j	80000ac8 <checker+0x64>
    80000abc:	c200452b          	.word	0xc200452b
    80000ac0:	01857513          	andi	a0,a0,24
    80000ac4:	04e50a63          	beq	a0,a4,80000b18 <checker+0xb4>
    80000ac8:	0e00452b          	.word	0x0e00452b
    80000acc:	fef518e3          	bne	a0,a5,80000abc <checker+0x58>
    80000ad0:	04000593          	li	a1,64
    80000ad4:	ec05a02b          	.word	0xec05a02b
    80000ad8:	00000593          	li	a1,0
    80000adc:	ec05a02b          	.word	0xec05a02b
    80000ae0:	e400002b          	.word	0xe400002b
    80000ae4:	c000002b          	.word	0xc000002b
    80000ae8:	00000013          	nop
    80000aec:	00000013          	nop
    80000af0:	00000013          	nop
    80000af4:	00000013          	nop
    80000af8:	00000013          	nop
    80000afc:	00200793          	li	a5,2
    80000b00:	0e00452b          	.word	0x0e00452b
    80000b04:	fef51ee3          	bne	a0,a5,80000b00 <checker+0x9c>
    80000b08:	8600002b          	.word	0x8600002b
    80000b0c:	00200593          	li	a1,2
    80000b10:	2c05a02b          	.word	0x2c05a02b
    80000b14:	0000006f          	j	80000b14 <checker+0xb0>
    80000b18:	c000002b          	.word	0xc000002b
    80000b1c:	00001067          	.word	0x00001067
    80000b20:	fa9ff06f          	j	80000ac8 <checker+0x64>

0000000080000b24 <task_synthetic_malloc>:
    80000b24:	ff010113          	addi	sp,sp,-16
    80000b28:	00813023          	sd	s0,0(sp)
    80000b2c:	00050413          	mv	s0,a0
    80000b30:	08000513          	li	a0,128
    80000b34:	00113423          	sd	ra,8(sp)
    80000b38:	018030ef          	jal	80003b50 <malloc>
    80000b3c:	04050863          	beqz	a0,80000b8c <task_synthetic_malloc+0x68>
    80000b40:	0004069b          	sext.w	a3,s0
    80000b44:	00050793          	mv	a5,a0
    80000b48:	08050613          	addi	a2,a0,128
    80000b4c:	00050713          	mv	a4,a0
    80000b50:	00d72023          	sw	a3,0(a4) # 800000 <__heap_size+0x7e0000>
    80000b54:	00470713          	addi	a4,a4,4
    80000b58:	0016869b          	addiw	a3,a3,1 # 800001 <__heap_size+0x7e0001>
    80000b5c:	fec71ae3          	bne	a4,a2,80000b50 <task_synthetic_malloc+0x2c>
    80000b60:	00000413          	li	s0,0
    80000b64:	0007a703          	lw	a4,0(a5)
    80000b68:	00478793          	addi	a5,a5,4
    80000b6c:	0087043b          	addw	s0,a4,s0
    80000b70:	fec79ae3          	bne	a5,a2,80000b64 <task_synthetic_malloc+0x40>
    80000b74:	7e9020ef          	jal	80003b5c <free>
    80000b78:	00813083          	ld	ra,8(sp)
    80000b7c:	00040513          	mv	a0,s0
    80000b80:	00013403          	ld	s0,0(sp)
    80000b84:	01010113          	addi	sp,sp,16
    80000b88:	00008067          	ret
    80000b8c:	00005517          	auipc	a0,0x5
    80000b90:	c4450513          	addi	a0,a0,-956 # 800057d0 <__tbss_end+0x9c>
    80000b94:	44a030ef          	jal	80003fde <iprintf>
    80000b98:	00000513          	li	a0,0
    80000b9c:	78f020ef          	jal	80003b2a <exit>

0000000080000ba0 <initialise_board>:
    80000ba0:	00000513          	li	a0,0
    80000ba4:	00008067          	ret

0000000080000ba8 <start_trigger>:
    80000ba8:	00000513          	li	a0,0
    80000bac:	00008067          	ret

0000000080000bb0 <stop_trigger>:
    80000bb0:	00000513          	li	a0,0
    80000bb4:	00008067          	ret

0000000080000bb8 <rand_beebs>:
    80000bb8:	84018713          	addi	a4,gp,-1984 # 800060b8 <seed>
    80000bbc:	00073503          	ld	a0,0(a4)
    80000bc0:	41c657b7          	lui	a5,0x41c65
    80000bc4:	e6d78793          	addi	a5,a5,-403 # 41c64e6d <__heap_size+0x41c44e6d>
    80000bc8:	02f50533          	mul	a0,a0,a5
    80000bcc:	000037b7          	lui	a5,0x3
    80000bd0:	03978793          	addi	a5,a5,57 # 3039 <__stack_align+0x3029>
    80000bd4:	00f50533          	add	a0,a0,a5
    80000bd8:	02151513          	slli	a0,a0,0x21
    80000bdc:	02155513          	srli	a0,a0,0x21
    80000be0:	00a73023          	sd	a0,0(a4)
    80000be4:	01055513          	srli	a0,a0,0x10
    80000be8:	00008067          	ret

0000000080000bec <srand_beebs>:
    80000bec:	02051513          	slli	a0,a0,0x20
    80000bf0:	02055513          	srli	a0,a0,0x20
    80000bf4:	84a1b023          	sd	a0,-1984(gp) # 800060b8 <seed>
    80000bf8:	00008067          	ret

0000000080000bfc <init_heap_beebs>:
    80000bfc:	0075f793          	andi	a5,a1,7
    80000c00:	00079c63          	bnez	a5,80000c18 <init_heap_beebs+0x1c>
    80000c04:	00b505b3          	add	a1,a0,a1
    80000c08:	82a1bc23          	sd	a0,-1992(gp) # 800060b0 <heap_ptr>
    80000c0c:	82b1b823          	sd	a1,-2000(gp) # 800060a8 <heap_end>
    80000c10:	8201b423          	sd	zero,-2008(gp) # 800060a0 <heap_requested>
    80000c14:	00008067          	ret
    80000c18:	ff010113          	addi	sp,sp,-16
    80000c1c:	00005697          	auipc	a3,0x5
    80000c20:	bd468693          	addi	a3,a3,-1068 # 800057f0 <__tbss_end+0xbc>
    80000c24:	00005617          	auipc	a2,0x5
    80000c28:	cf460613          	addi	a2,a2,-780 # 80005918 <__func__.0>
    80000c2c:	04100593          	li	a1,65
    80000c30:	00005517          	auipc	a0,0x5
    80000c34:	be050513          	addi	a0,a0,-1056 # 80005810 <__tbss_end+0xdc>
    80000c38:	00113423          	sd	ra,8(sp)
    80000c3c:	6a5020ef          	jal	80003ae0 <__assert_func>

0000000080000c40 <check_heap_beebs>:
    80000c40:	8281b783          	ld	a5,-2008(gp) # 800060a0 <heap_requested>
    80000c44:	00f507b3          	add	a5,a0,a5
    80000c48:	8301b503          	ld	a0,-2000(gp) # 800060a8 <heap_end>
    80000c4c:	00f53533          	sltu	a0,a0,a5
    80000c50:	00154513          	xori	a0,a0,1
    80000c54:	00008067          	ret

0000000080000c58 <malloc_beebs>:
    80000c58:	00050793          	mv	a5,a0
    80000c5c:	04050a63          	beqz	a0,80000cb0 <malloc_beebs+0x58>
    80000c60:	83818613          	addi	a2,gp,-1992 # 800060b0 <heap_ptr>
    80000c64:	00063503          	ld	a0,0(a2)
    80000c68:	82818693          	addi	a3,gp,-2008 # 800060a0 <heap_requested>
    80000c6c:	0006b583          	ld	a1,0(a3)
    80000c70:	00f50733          	add	a4,a0,a5
    80000c74:	00777813          	andi	a6,a4,7
    80000c78:	00b787b3          	add	a5,a5,a1
    80000c7c:	00081c63          	bnez	a6,80000c94 <malloc_beebs+0x3c>
    80000c80:	00f6b023          	sd	a5,0(a3)
    80000c84:	8301b783          	ld	a5,-2000(gp) # 800060a8 <heap_end>
    80000c88:	02e7e463          	bltu	a5,a4,80000cb0 <malloc_beebs+0x58>
    80000c8c:	00e63023          	sd	a4,0(a2)
    80000c90:	00008067          	ret
    80000c94:	00800593          	li	a1,8
    80000c98:	410585b3          	sub	a1,a1,a6
    80000c9c:	00b787b3          	add	a5,a5,a1
    80000ca0:	00f6b023          	sd	a5,0(a3)
    80000ca4:	00b70733          	add	a4,a4,a1
    80000ca8:	8301b783          	ld	a5,-2000(gp) # 800060a8 <heap_end>
    80000cac:	fee7f0e3          	bgeu	a5,a4,80000c8c <malloc_beebs+0x34>
    80000cb0:	00000513          	li	a0,0
    80000cb4:	00008067          	ret

0000000080000cb8 <calloc_beebs>:
    80000cb8:	02b50633          	mul	a2,a0,a1
    80000cbc:	06060a63          	beqz	a2,80000d30 <calloc_beebs+0x78>
    80000cc0:	83818513          	addi	a0,gp,-1992 # 800060b0 <heap_ptr>
    80000cc4:	00053783          	ld	a5,0(a0)
    80000cc8:	82818593          	addi	a1,gp,-2008 # 800060a0 <heap_requested>
    80000ccc:	0005b703          	ld	a4,0(a1)
    80000cd0:	00c786b3          	add	a3,a5,a2
    80000cd4:	0076f893          	andi	a7,a3,7
    80000cd8:	00e60733          	add	a4,a2,a4
    80000cdc:	02089c63          	bnez	a7,80000d14 <calloc_beebs+0x5c>
    80000ce0:	00e5b023          	sd	a4,0(a1)
    80000ce4:	8301b703          	ld	a4,-2000(gp) # 800060a8 <heap_end>
    80000ce8:	04d76463          	bltu	a4,a3,80000d30 <calloc_beebs+0x78>
    80000cec:	00d53023          	sd	a3,0(a0)
    80000cf0:	04078263          	beqz	a5,80000d34 <calloc_beebs+0x7c>
    80000cf4:	ff010113          	addi	sp,sp,-16
    80000cf8:	00000593          	li	a1,0
    80000cfc:	00078513          	mv	a0,a5
    80000d00:	00113423          	sd	ra,8(sp)
    80000d04:	5bc030ef          	jal	800042c0 <memset>
    80000d08:	00813083          	ld	ra,8(sp)
    80000d0c:	01010113          	addi	sp,sp,16
    80000d10:	00008067          	ret
    80000d14:	00800813          	li	a6,8
    80000d18:	41180833          	sub	a6,a6,a7
    80000d1c:	01070733          	add	a4,a4,a6
    80000d20:	00e5b023          	sd	a4,0(a1)
    80000d24:	010686b3          	add	a3,a3,a6
    80000d28:	8301b703          	ld	a4,-2000(gp) # 800060a8 <heap_end>
    80000d2c:	fcd770e3          	bgeu	a4,a3,80000cec <calloc_beebs+0x34>
    80000d30:	00000793          	li	a5,0
    80000d34:	00078513          	mv	a0,a5
    80000d38:	00008067          	ret

0000000080000d3c <realloc_beebs>:
    80000d3c:	06050c63          	beqz	a0,80000db4 <realloc_beebs+0x78>
    80000d40:	fe010113          	addi	sp,sp,-32
    80000d44:	00813823          	sd	s0,16(sp)
    80000d48:	00050413          	mv	s0,a0
    80000d4c:	00058513          	mv	a0,a1
    80000d50:	00913423          	sd	s1,8(sp)
    80000d54:	00113c23          	sd	ra,24(sp)
    80000d58:	00058493          	mv	s1,a1
    80000d5c:	efdff0ef          	jal	80000c58 <malloc_beebs>
    80000d60:	02050e63          	beqz	a0,80000d9c <realloc_beebs+0x60>
    80000d64:	00040793          	mv	a5,s0
    80000d68:	00050713          	mv	a4,a0
    80000d6c:	00940633          	add	a2,s0,s1
    80000d70:	00048c63          	beqz	s1,80000d88 <realloc_beebs+0x4c>
    80000d74:	0007c683          	lbu	a3,0(a5)
    80000d78:	00178793          	addi	a5,a5,1
    80000d7c:	00170713          	addi	a4,a4,1
    80000d80:	fed70fa3          	sb	a3,-1(a4)
    80000d84:	fec798e3          	bne	a5,a2,80000d74 <realloc_beebs+0x38>
    80000d88:	01813083          	ld	ra,24(sp)
    80000d8c:	01013403          	ld	s0,16(sp)
    80000d90:	00813483          	ld	s1,8(sp)
    80000d94:	02010113          	addi	sp,sp,32
    80000d98:	00008067          	ret
    80000d9c:	01813083          	ld	ra,24(sp)
    80000da0:	01013403          	ld	s0,16(sp)
    80000da4:	00813483          	ld	s1,8(sp)
    80000da8:	00000513          	li	a0,0
    80000dac:	02010113          	addi	sp,sp,32
    80000db0:	00008067          	ret
    80000db4:	00000513          	li	a0,0
    80000db8:	00008067          	ret

0000000080000dbc <free_beebs>:
    80000dbc:	00008067          	ret

0000000080000dc0 <badruns>:
    80000dc0:	00050613          	mv	a2,a0
    80000dc4:	8681b783          	ld	a5,-1944(gp) # 800060e0 <rlens>
    80000dc8:	00000513          	li	a0,0
    80000dcc:	00000713          	li	a4,0
    80000dd0:	00400813          	li	a6,4
    80000dd4:	00e786b3          	add	a3,a5,a4
    80000dd8:	0006c683          	lbu	a3,0(a3)
    80000ddc:	0017071b          	addiw	a4,a4,1
    80000de0:	0ff77713          	zext.b	a4,a4
    80000de4:	ffe5059b          	addiw	a1,a0,-2
    80000de8:	00d87463          	bgeu	a6,a3,80000df0 <badruns+0x30>
    80000dec:	00d5853b          	addw	a0,a1,a3
    80000df0:	fee672e3          	bgeu	a2,a4,80000dd4 <badruns+0x14>
    80000df4:	00400713          	li	a4,4
    80000df8:	0006031b          	sext.w	t1,a2
    80000dfc:	fff6089b          	addiw	a7,a2,-1
    80000e00:	08c75a63          	bge	a4,a2,80000e94 <badruns+0xd4>
    80000e04:	00500813          	li	a6,5
    80000e08:	00300693          	li	a3,3
    80000e0c:	40f8083b          	subw	a6,a6,a5
    80000e10:	0100006f          	j	80000e20 <badruns+0x60>
    80000e14:	0ff67693          	zext.b	a3,a2
    80000e18:	00278793          	addi	a5,a5,2
    80000e1c:	0716dc63          	bge	a3,a7,80000e94 <badruns+0xd4>
    80000e20:	0017c703          	lbu	a4,1(a5)
    80000e24:	0057c583          	lbu	a1,5(a5)
    80000e28:	00f8063b          	addw	a2,a6,a5
    80000e2c:	feb714e3          	bne	a4,a1,80000e14 <badruns+0x54>
    80000e30:	0027c583          	lbu	a1,2(a5)
    80000e34:	feb710e3          	bne	a4,a1,80000e14 <badruns+0x54>
    80000e38:	0047c583          	lbu	a1,4(a5)
    80000e3c:	fce59ce3          	bne	a1,a4,80000e14 <badruns+0x54>
    80000e40:	0037ce03          	lbu	t3,3(a5)
    80000e44:	0015971b          	slliw	a4,a1,0x1
    80000e48:	00b705bb          	addw	a1,a4,a1
    80000e4c:	00058713          	mv	a4,a1
    80000e50:	fdc592e3          	bne	a1,t3,80000e14 <badruns+0x54>
    80000e54:	0007c583          	lbu	a1,0(a5)
    80000e58:	00268693          	addi	a3,a3,2
    80000e5c:	02058463          	beqz	a1,80000e84 <badruns+0xc4>
    80000e60:	00159e13          	slli	t3,a1,0x1
    80000e64:	0027171b          	slliw	a4,a4,0x2
    80000e68:	00be0e33          	add	t3,t3,a1
    80000e6c:	0066dc63          	bge	a3,t1,80000e84 <badruns+0xc4>
    80000e70:	00ee5a63          	bge	t3,a4,80000e84 <badruns+0xc4>
    80000e74:	0067c583          	lbu	a1,6(a5)
    80000e78:	0015969b          	slliw	a3,a1,0x1
    80000e7c:	00b686bb          	addw	a3,a3,a1
    80000e80:	f8e6cae3          	blt	a3,a4,80000e14 <badruns+0x54>
    80000e84:	0ff67693          	zext.b	a3,a2
    80000e88:	0285051b          	addiw	a0,a0,40
    80000e8c:	00278793          	addi	a5,a5,2
    80000e90:	f916c8e3          	blt	a3,a7,80000e20 <badruns+0x60>
    80000e94:	00008067          	ret

0000000080000e98 <appendrs>:
    80000e98:	fa010113          	addi	sp,sp,-96
    80000e9c:	00060e13          	mv	t3,a2
    80000ea0:	03413823          	sd	s4,48(sp)
    80000ea4:	03613023          	sd	s6,32(sp)
    80000ea8:	00050a13          	mv	s4,a0
    80000eac:	00058b13          	mv	s6,a1
    80000eb0:	00068613          	mv	a2,a3
    80000eb4:	00000593          	li	a1,0
    80000eb8:	000e0513          	mv	a0,t3
    80000ebc:	03513423          	sd	s5,40(sp)
    80000ec0:	01813823          	sd	s8,16(sp)
    80000ec4:	04113c23          	sd	ra,88(sp)
    80000ec8:	00068a93          	mv	s5,a3
    80000ecc:	00070c13          	mv	s8,a4
    80000ed0:	3f0030ef          	jal	800042c0 <memset>
    80000ed4:	0e0b0e63          	beqz	s6,80000fd0 <appendrs+0x138>
    80000ed8:	03313c23          	sd	s3,56(sp)
    80000edc:	ffea899b          	addiw	s3,s5,-2
    80000ee0:	04813823          	sd	s0,80(sp)
    80000ee4:	01713c23          	sd	s7,24(sp)
    80000ee8:	00150413          	addi	s0,a0,1
    80000eec:	fffa8b93          	addi	s7,s5,-1
    80000ef0:	0ff9f993          	zext.b	s3,s3
    80000ef4:	04913423          	sd	s1,72(sp)
    80000ef8:	05213023          	sd	s2,64(sp)
    80000efc:	01913423          	sd	s9,8(sp)
    80000f00:	00050e13          	mv	t3,a0
    80000f04:	01750bb3          	add	s7,a0,s7
    80000f08:	016a0b33          	add	s6,s4,s6
    80000f0c:	00005917          	auipc	s2,0x5
    80000f10:	a3c90913          	addi	s2,s2,-1476 # 80005948 <g0log>
    80000f14:	0ff00c93          	li	s9,255
    80000f18:	fffa849b          	addiw	s1,s5,-1
    80000f1c:	008989b3          	add	s3,s3,s0
    80000f20:	000a4783          	lbu	a5,0(s4)
    80000f24:	000e4703          	lbu	a4,0(t3)
    80000f28:	00e7c7b3          	xor	a5,a5,a4
    80000f2c:	00f907b3          	add	a5,s2,a5
    80000f30:	0007c303          	lbu	t1,0(a5)
    80000f34:	0b930c63          	beq	t1,s9,80000fec <appendrs+0x154>
    80000f38:	00100793          	li	a5,1
    80000f3c:	0003031b          	sext.w	t1,t1
    80000f40:	0557f463          	bgeu	a5,s5,80000f88 <appendrs+0xf0>
    80000f44:	000e0593          	mv	a1,t3
    80000f48:	015c08b3          	add	a7,s8,s5
    80000f4c:	0fe00713          	li	a4,254
    80000f50:	fff8c503          	lbu	a0,-1(a7)
    80000f54:	0015c803          	lbu	a6,1(a1)
    80000f58:	fff88893          	addi	a7,a7,-1
    80000f5c:	006507bb          	addw	a5,a0,t1
    80000f60:	00f75463          	bge	a4,a5,80000f68 <appendrs+0xd0>
    80000f64:	f017879b          	addiw	a5,a5,-255
    80000f68:	02079793          	slli	a5,a5,0x20
    80000f6c:	0207d793          	srli	a5,a5,0x20
    80000f70:	00f907b3          	add	a5,s2,a5
    80000f74:	1007c783          	lbu	a5,256(a5)
    80000f78:	00158593          	addi	a1,a1,1
    80000f7c:	00f847b3          	xor	a5,a6,a5
    80000f80:	fef58fa3          	sb	a5,-1(a1)
    80000f84:	fd3596e3          	bne	a1,s3,80000f50 <appendrs+0xb8>
    80000f88:	000c4703          	lbu	a4,0(s8)
    80000f8c:	0fe00693          	li	a3,254
    80000f90:	006707bb          	addw	a5,a4,t1
    80000f94:	00f6d463          	bge	a3,a5,80000f9c <appendrs+0x104>
    80000f98:	f017879b          	addiw	a5,a5,-255
    80000f9c:	02079793          	slli	a5,a5,0x20
    80000fa0:	0207d793          	srli	a5,a5,0x20
    80000fa4:	00f907b3          	add	a5,s2,a5
    80000fa8:	1007c783          	lbu	a5,256(a5)
    80000fac:	00fb8023          	sb	a5,0(s7)
    80000fb0:	001a0a13          	addi	s4,s4,1
    80000fb4:	f74b16e3          	bne	s6,s4,80000f20 <appendrs+0x88>
    80000fb8:	05013403          	ld	s0,80(sp)
    80000fbc:	04813483          	ld	s1,72(sp)
    80000fc0:	04013903          	ld	s2,64(sp)
    80000fc4:	03813983          	ld	s3,56(sp)
    80000fc8:	01813b83          	ld	s7,24(sp)
    80000fcc:	00813c83          	ld	s9,8(sp)
    80000fd0:	05813083          	ld	ra,88(sp)
    80000fd4:	03013a03          	ld	s4,48(sp)
    80000fd8:	02813a83          	ld	s5,40(sp)
    80000fdc:	02013b03          	ld	s6,32(sp)
    80000fe0:	01013c03          	ld	s8,16(sp)
    80000fe4:	06010113          	addi	sp,sp,96
    80000fe8:	00008067          	ret
    80000fec:	000e0513          	mv	a0,t3
    80000ff0:	00048613          	mv	a2,s1
    80000ff4:	00040593          	mv	a1,s0
    80000ff8:	2a2030ef          	jal	8000429a <memmove>
    80000ffc:	00050e13          	mv	t3,a0
    80001000:	00000793          	li	a5,0
    80001004:	fa9ff06f          	j	80000fac <appendrs+0x114>

0000000080001008 <applymask>:
    80001008:	00700793          	li	a5,7
    8000100c:	00a7eee3          	bltu	a5,a0,80001828 <applymask+0x820>
    80001010:	00005717          	auipc	a4,0x5
    80001014:	91870713          	addi	a4,a4,-1768 # 80005928 <__func__.0+0x10>
    80001018:	00251793          	slli	a5,a0,0x2
    8000101c:	00e787b3          	add	a5,a5,a4
    80001020:	0007a783          	lw	a5,0(a5)
    80001024:	ff010113          	addi	sp,sp,-16
    80001028:	00e787b3          	add	a5,a5,a4
    8000102c:	86118713          	addi	a4,gp,-1951 # 800060d9 <WD>
    80001030:	00078067          	jr	a5
    80001034:	00074783          	lbu	a5,0(a4)
    80001038:	00000313          	li	t1,0
    8000103c:	00000593          	li	a1,0
    80001040:	00000893          	li	a7,0
    80001044:	2c078e63          	beqz	a5,80001320 <applymask+0x318>
    80001048:	00813423          	sd	s0,8(sp)
    8000104c:	00300813          	li	a6,3
    80001050:	87018e13          	addi	t3,gp,-1936 # 800060e8 <framask>
    80001054:	85018293          	addi	t0,gp,-1968 # 800060c8 <qrframe>
    80001058:	86018f93          	addi	t6,gp,-1952 # 800060d8 <WDB>
    8000105c:	08000f13          	li	t5,128
    80001060:	00000613          	li	a2,0
    80001064:	00000793          	li	a5,0
    80001068:	00088e9b          	sext.w	t4,a7
    8000106c:	0a00006f          	j	8000110c <applymask+0x104>
    80001070:	0a060463          	beqz	a2,80001118 <applymask+0x110>
    80001074:	41d606b3          	sub	a3,a2,t4
    80001078:	0016b693          	seqz	a3,a3
    8000107c:	0016061b          	addiw	a2,a2,1
    80001080:	00a686bb          	addw	a3,a3,a0
    80001084:	0ff67613          	zext.b	a2,a2
    80001088:	0016f693          	andi	a3,a3,1
    8000108c:	06069863          	bnez	a3,800010fc <applymask+0xf4>
    80001090:	74f5ea63          	bltu	a1,a5,800017e4 <applymask+0x7dc>
    80001094:	00058413          	mv	s0,a1
    80001098:	00078693          	mv	a3,a5
    8000109c:	0284053b          	mulw	a0,s0,s0
    800010a0:	000e3383          	ld	t2,0(t3)
    800010a4:	0085053b          	addw	a0,a0,s0
    800010a8:	0015551b          	srliw	a0,a0,0x1
    800010ac:	00a686bb          	addw	a3,a3,a0
    800010b0:	0036d51b          	srliw	a0,a3,0x3
    800010b4:	00a38533          	add	a0,t2,a0
    800010b8:	00054503          	lbu	a0,0(a0)
    800010bc:	fff6c693          	not	a3,a3
    800010c0:	0076f693          	andi	a3,a3,7
    800010c4:	40d556bb          	sraw	a3,a0,a3
    800010c8:	0016f693          	andi	a3,a3,1
    800010cc:	02069863          	bnez	a3,800010fc <applymask+0xf4>
    800010d0:	000fc683          	lbu	a3,0(t6)
    800010d4:	0002b503          	ld	a0,0(t0)
    800010d8:	0037d41b          	srliw	s0,a5,0x3
    800010dc:	026686bb          	mulw	a3,a3,t1
    800010e0:	0077f393          	andi	t2,a5,7
    800010e4:	407f53bb          	sraw	t2,t5,t2
    800010e8:	008686bb          	addw	a3,a3,s0
    800010ec:	00d506b3          	add	a3,a0,a3
    800010f0:	0006c503          	lbu	a0,0(a3)
    800010f4:	00754533          	xor	a0,a0,t2
    800010f8:	00a68023          	sb	a0,0(a3)
    800010fc:	00074683          	lbu	a3,0(a4)
    80001100:	0017879b          	addiw	a5,a5,1
    80001104:	0ff7f793          	zext.b	a5,a5
    80001108:	6ed7fc63          	bgeu	a5,a3,80001800 <applymask+0x7f8>
    8000110c:	00b7f533          	and	a0,a5,a1
    80001110:	00050693          	mv	a3,a0
    80001114:	f5061ee3          	bne	a2,a6,80001070 <applymask+0x68>
    80001118:	00100613          	li	a2,1
    8000111c:	f6dff06f          	j	80001088 <applymask+0x80>
    80001120:	00074783          	lbu	a5,0(a4)
    80001124:	00000313          	li	t1,0
    80001128:	00000513          	li	a0,0
    8000112c:	00000893          	li	a7,0
    80001130:	1e078863          	beqz	a5,80001320 <applymask+0x318>
    80001134:	00813423          	sd	s0,8(sp)
    80001138:	00300813          	li	a6,3
    8000113c:	87018e13          	addi	t3,gp,-1936 # 800060e8 <framask>
    80001140:	85018293          	addi	t0,gp,-1968 # 800060c8 <qrframe>
    80001144:	86018f93          	addi	t6,gp,-1952 # 800060d8 <WDB>
    80001148:	08000f13          	li	t5,128
    8000114c:	00000613          	li	a2,0
    80001150:	00000793          	li	a5,0
    80001154:	00088e9b          	sext.w	t4,a7
    80001158:	63060c63          	beq	a2,a6,80001790 <applymask+0x788>
    8000115c:	62060a63          	beqz	a2,80001790 <applymask+0x788>
    80001160:	41d606b3          	sub	a3,a2,t4
    80001164:	0016061b          	addiw	a2,a2,1
    80001168:	0016b693          	seqz	a3,a3
    8000116c:	0ff67613          	zext.b	a2,a2
    80001170:	00a785bb          	addw	a1,a5,a0
    80001174:	00b686b3          	add	a3,a3,a1
    80001178:	0016f693          	andi	a3,a3,1
    8000117c:	06069863          	bnez	a3,800011ec <applymask+0x1e4>
    80001180:	64f56063          	bltu	a0,a5,800017c0 <applymask+0x7b8>
    80001184:	00050413          	mv	s0,a0
    80001188:	00078693          	mv	a3,a5
    8000118c:	028405bb          	mulw	a1,s0,s0
    80001190:	000e3383          	ld	t2,0(t3)
    80001194:	008585bb          	addw	a1,a1,s0
    80001198:	0015d59b          	srliw	a1,a1,0x1
    8000119c:	00b686bb          	addw	a3,a3,a1
    800011a0:	0036d59b          	srliw	a1,a3,0x3
    800011a4:	00b385b3          	add	a1,t2,a1
    800011a8:	0005c583          	lbu	a1,0(a1)
    800011ac:	fff6c693          	not	a3,a3
    800011b0:	0076f693          	andi	a3,a3,7
    800011b4:	40d5d6bb          	sraw	a3,a1,a3
    800011b8:	0016f693          	andi	a3,a3,1
    800011bc:	02069863          	bnez	a3,800011ec <applymask+0x1e4>
    800011c0:	000fc683          	lbu	a3,0(t6)
    800011c4:	0002b583          	ld	a1,0(t0)
    800011c8:	0037d41b          	srliw	s0,a5,0x3
    800011cc:	026686bb          	mulw	a3,a3,t1
    800011d0:	0077f393          	andi	t2,a5,7
    800011d4:	407f53bb          	sraw	t2,t5,t2
    800011d8:	008686bb          	addw	a3,a3,s0
    800011dc:	00d586b3          	add	a3,a1,a3
    800011e0:	0006c583          	lbu	a1,0(a3)
    800011e4:	0075c5b3          	xor	a1,a1,t2
    800011e8:	00b68023          	sb	a1,0(a3)
    800011ec:	00074683          	lbu	a3,0(a4)
    800011f0:	0017879b          	addiw	a5,a5,1
    800011f4:	0ff7f793          	zext.b	a5,a5
    800011f8:	f6d7e0e3          	bltu	a5,a3,80001158 <applymask+0x150>
    800011fc:	0013031b          	addiw	t1,t1,1
    80001200:	0018889b          	addiw	a7,a7,1
    80001204:	0ff37513          	zext.b	a0,t1
    80001208:	0ff8f893          	zext.b	a7,a7
    8000120c:	60d57a63          	bgeu	a0,a3,80001820 <applymask+0x818>
    80001210:	f3089ee3          	bne	a7,a6,8000114c <applymask+0x144>
    80001214:	00000893          	li	a7,0
    80001218:	f35ff06f          	j	8000114c <applymask+0x144>
    8000121c:	00074783          	lbu	a5,0(a4)
    80001220:	10078063          	beqz	a5,80001320 <applymask+0x318>
    80001224:	00050593          	mv	a1,a0
    80001228:	00000313          	li	t1,0
    8000122c:	87018e13          	addi	t3,gp,-1936 # 800060e8 <framask>
    80001230:	85018f93          	addi	t6,gp,-1968 # 800060c8 <qrframe>
    80001234:	86018f13          	addi	t5,gp,-1952 # 800060d8 <WDB>
    80001238:	08000e93          	li	t4,128
    8000123c:	00050793          	mv	a5,a0
    80001240:	07c0006f          	j	800012bc <applymask+0x2b4>
    80001244:	00058893          	mv	a7,a1
    80001248:	00078693          	mv	a3,a5
    8000124c:	0318863b          	mulw	a2,a7,a7
    80001250:	000e3803          	ld	a6,0(t3)
    80001254:	0116063b          	addw	a2,a2,a7
    80001258:	0016561b          	srliw	a2,a2,0x1
    8000125c:	00c686bb          	addw	a3,a3,a2
    80001260:	0036d61b          	srliw	a2,a3,0x3
    80001264:	00c80633          	add	a2,a6,a2
    80001268:	00064603          	lbu	a2,0(a2)
    8000126c:	fff6c693          	not	a3,a3
    80001270:	0076f693          	andi	a3,a3,7
    80001274:	40d656bb          	sraw	a3,a2,a3
    80001278:	0016f693          	andi	a3,a3,1
    8000127c:	02069863          	bnez	a3,800012ac <applymask+0x2a4>
    80001280:	000f4683          	lbu	a3,0(t5)
    80001284:	000fb603          	ld	a2,0(t6)
    80001288:	0037d89b          	srliw	a7,a5,0x3
    8000128c:	026686bb          	mulw	a3,a3,t1
    80001290:	0077f813          	andi	a6,a5,7
    80001294:	410ed83b          	sraw	a6,t4,a6
    80001298:	011686bb          	addw	a3,a3,a7
    8000129c:	00d606b3          	add	a3,a2,a3
    800012a0:	0006c603          	lbu	a2,0(a3)
    800012a4:	01064633          	xor	a2,a2,a6
    800012a8:	00c68023          	sb	a2,0(a3)
    800012ac:	00074683          	lbu	a3,0(a4)
    800012b0:	0017879b          	addiw	a5,a5,1
    800012b4:	0ff7f793          	zext.b	a5,a5
    800012b8:	52d7fc63          	bgeu	a5,a3,800017f0 <applymask+0x7e8>
    800012bc:	00b786bb          	addw	a3,a5,a1
    800012c0:	0016f693          	andi	a3,a3,1
    800012c4:	fe0694e3          	bnez	a3,800012ac <applymask+0x2a4>
    800012c8:	f6f5fee3          	bgeu	a1,a5,80001244 <applymask+0x23c>
    800012cc:	00078893          	mv	a7,a5
    800012d0:	00058693          	mv	a3,a1
    800012d4:	f79ff06f          	j	8000124c <applymask+0x244>
    800012d8:	00074783          	lbu	a5,0(a4)
    800012dc:	00000893          	li	a7,0
    800012e0:	00000813          	li	a6,0
    800012e4:	02078e63          	beqz	a5,80001320 <applymask+0x318>
    800012e8:	87018313          	addi	t1,gp,-1936 # 800060e8 <framask>
    800012ec:	85018f13          	addi	t5,gp,-1968 # 800060c8 <qrframe>
    800012f0:	86018e93          	addi	t4,gp,-1952 # 800060d8 <WDB>
    800012f4:	08000e13          	li	t3,128
    800012f8:	00187613          	andi	a2,a6,1
    800012fc:	00000793          	li	a5,0
    80001300:	06060463          	beqz	a2,80001368 <applymask+0x360>
    80001304:	00074683          	lbu	a3,0(a4)
    80001308:	0017879b          	addiw	a5,a5,1
    8000130c:	0ff7f793          	zext.b	a5,a5
    80001310:	fed7e8e3          	bltu	a5,a3,80001300 <applymask+0x2f8>
    80001314:	0018889b          	addiw	a7,a7,1
    80001318:	0ff8f813          	zext.b	a6,a7
    8000131c:	fcd86ee3          	bltu	a6,a3,800012f8 <applymask+0x2f0>
    80001320:	01010113          	addi	sp,sp,16
    80001324:	00008067          	ret
    80001328:	000ec683          	lbu	a3,0(t4)
    8000132c:	000f3603          	ld	a2,0(t5)
    80001330:	0037d51b          	srliw	a0,a5,0x3
    80001334:	031686bb          	mulw	a3,a3,a7
    80001338:	0ff57513          	zext.b	a0,a0
    8000133c:	0077f593          	andi	a1,a5,7
    80001340:	40be55bb          	sraw	a1,t3,a1
    80001344:	0017879b          	addiw	a5,a5,1
    80001348:	0ff7f793          	zext.b	a5,a5
    8000134c:	00a686bb          	addw	a3,a3,a0
    80001350:	00d606b3          	add	a3,a2,a3
    80001354:	0006c603          	lbu	a2,0(a3)
    80001358:	00b64633          	xor	a2,a2,a1
    8000135c:	00c68023          	sb	a2,0(a3)
    80001360:	00074683          	lbu	a3,0(a4)
    80001364:	fad7f8e3          	bgeu	a5,a3,80001314 <applymask+0x30c>
    80001368:	04f86a63          	bltu	a6,a5,800013bc <applymask+0x3b4>
    8000136c:	00080513          	mv	a0,a6
    80001370:	00078693          	mv	a3,a5
    80001374:	02a5063b          	mulw	a2,a0,a0
    80001378:	00033583          	ld	a1,0(t1)
    8000137c:	00a6063b          	addw	a2,a2,a0
    80001380:	0016561b          	srliw	a2,a2,0x1
    80001384:	00c686bb          	addw	a3,a3,a2
    80001388:	0036d61b          	srliw	a2,a3,0x3
    8000138c:	00c58633          	add	a2,a1,a2
    80001390:	00064603          	lbu	a2,0(a2)
    80001394:	fff6c693          	not	a3,a3
    80001398:	0076f693          	andi	a3,a3,7
    8000139c:	40d656bb          	sraw	a3,a2,a3
    800013a0:	0016f693          	andi	a3,a3,1
    800013a4:	f80682e3          	beqz	a3,80001328 <applymask+0x320>
    800013a8:	00074683          	lbu	a3,0(a4)
    800013ac:	0017879b          	addiw	a5,a5,1
    800013b0:	0ff7f793          	zext.b	a5,a5
    800013b4:	f6d7f0e3          	bgeu	a5,a3,80001314 <applymask+0x30c>
    800013b8:	faf87ae3          	bgeu	a6,a5,8000136c <applymask+0x364>
    800013bc:	00078513          	mv	a0,a5
    800013c0:	00080693          	mv	a3,a6
    800013c4:	fb1ff06f          	j	80001374 <applymask+0x36c>
    800013c8:	00074783          	lbu	a5,0(a4)
    800013cc:	00000e13          	li	t3,0
    800013d0:	00000893          	li	a7,0
    800013d4:	f40786e3          	beqz	a5,80001320 <applymask+0x318>
    800013d8:	00300e93          	li	t4,3
    800013dc:	87018313          	addi	t1,gp,-1936 # 800060e8 <framask>
    800013e0:	85018293          	addi	t0,gp,-1968 # 800060c8 <qrframe>
    800013e4:	86018f93          	addi	t6,gp,-1952 # 800060d8 <WDB>
    800013e8:	08000f13          	li	t5,128
    800013ec:	00000793          	li	a5,0
    800013f0:	00000693          	li	a3,0
    800013f4:	09d79a63          	bne	a5,t4,80001488 <applymask+0x480>
    800013f8:	3ad8ee63          	bltu	a7,a3,800017b4 <applymask+0x7ac>
    800013fc:	00088813          	mv	a6,a7
    80001400:	00068793          	mv	a5,a3
    80001404:	0308063b          	mulw	a2,a6,a6
    80001408:	00033583          	ld	a1,0(t1)
    8000140c:	0106063b          	addw	a2,a2,a6
    80001410:	0016561b          	srliw	a2,a2,0x1
    80001414:	00c787bb          	addw	a5,a5,a2
    80001418:	0037d61b          	srliw	a2,a5,0x3
    8000141c:	00c58633          	add	a2,a1,a2
    80001420:	00064603          	lbu	a2,0(a2)
    80001424:	fff7c793          	not	a5,a5
    80001428:	0077f793          	andi	a5,a5,7
    8000142c:	40f657bb          	sraw	a5,a2,a5
    80001430:	0017f793          	andi	a5,a5,1
    80001434:	02079a63          	bnez	a5,80001468 <applymask+0x460>
    80001438:	000fc783          	lbu	a5,0(t6)
    8000143c:	0002b583          	ld	a1,0(t0)
    80001440:	0036d61b          	srliw	a2,a3,0x3
    80001444:	03c787bb          	mulw	a5,a5,t3
    80001448:	0ff67613          	zext.b	a2,a2
    8000144c:	0076f813          	andi	a6,a3,7
    80001450:	410f583b          	sraw	a6,t5,a6
    80001454:	00c787bb          	addw	a5,a5,a2
    80001458:	00f587b3          	add	a5,a1,a5
    8000145c:	0007c603          	lbu	a2,0(a5)
    80001460:	01064633          	xor	a2,a2,a6
    80001464:	00c78023          	sb	a2,0(a5)
    80001468:	00074603          	lbu	a2,0(a4)
    8000146c:	0016879b          	addiw	a5,a3,1
    80001470:	0ff7f793          	zext.b	a5,a5
    80001474:	02c7f863          	bgeu	a5,a2,800014a4 <applymask+0x49c>
    80001478:	0026869b          	addiw	a3,a3,2
    8000147c:	0ff6f693          	zext.b	a3,a3
    80001480:	02c6f263          	bgeu	a3,a2,800014a4 <applymask+0x49c>
    80001484:	00050793          	mv	a5,a0
    80001488:	f60788e3          	beqz	a5,800013f8 <applymask+0x3f0>
    8000148c:	00074603          	lbu	a2,0(a4)
    80001490:	0016869b          	addiw	a3,a3,1
    80001494:	0017879b          	addiw	a5,a5,1
    80001498:	0ff6f693          	zext.b	a3,a3
    8000149c:	0ff7f793          	zext.b	a5,a5
    800014a0:	f4c6eae3          	bltu	a3,a2,800013f4 <applymask+0x3ec>
    800014a4:	001e0e1b          	addiw	t3,t3,1
    800014a8:	0ffe7893          	zext.b	a7,t3
    800014ac:	f4c8e0e3          	bltu	a7,a2,800013ec <applymask+0x3e4>
    800014b0:	e71ff06f          	j	80001320 <applymask+0x318>
    800014b4:	00074783          	lbu	a5,0(a4)
    800014b8:	00000e13          	li	t3,0
    800014bc:	00000813          	li	a6,0
    800014c0:	00000893          	li	a7,0
    800014c4:	e4078ee3          	beqz	a5,80001320 <applymask+0x318>
    800014c8:	00300e93          	li	t4,3
    800014cc:	87018313          	addi	t1,gp,-1936 # 800060e8 <framask>
    800014d0:	85018293          	addi	t0,gp,-1968 # 800060c8 <qrframe>
    800014d4:	86018f93          	addi	t6,gp,-1952 # 800060d8 <WDB>
    800014d8:	08000f13          	li	t5,128
    800014dc:	00088793          	mv	a5,a7
    800014e0:	00000693          	li	a3,0
    800014e4:	0dd79663          	bne	a5,t4,800015b0 <applymask+0x5a8>
    800014e8:	0cd86863          	bltu	a6,a3,800015b8 <applymask+0x5b0>
    800014ec:	00080513          	mv	a0,a6
    800014f0:	00068793          	mv	a5,a3
    800014f4:	02a5063b          	mulw	a2,a0,a0
    800014f8:	00033583          	ld	a1,0(t1)
    800014fc:	00a6063b          	addw	a2,a2,a0
    80001500:	0016561b          	srliw	a2,a2,0x1
    80001504:	00c787bb          	addw	a5,a5,a2
    80001508:	0037d61b          	srliw	a2,a5,0x3
    8000150c:	00c58633          	add	a2,a1,a2
    80001510:	00064603          	lbu	a2,0(a2)
    80001514:	fff7c793          	not	a5,a5
    80001518:	0077f793          	andi	a5,a5,7
    8000151c:	40f657bb          	sraw	a5,a2,a5
    80001520:	0017f793          	andi	a5,a5,1
    80001524:	02079a63          	bnez	a5,80001558 <applymask+0x550>
    80001528:	000fc783          	lbu	a5,0(t6)
    8000152c:	0002b583          	ld	a1,0(t0)
    80001530:	0036d61b          	srliw	a2,a3,0x3
    80001534:	03c787bb          	mulw	a5,a5,t3
    80001538:	0ff67613          	zext.b	a2,a2
    8000153c:	0076f513          	andi	a0,a3,7
    80001540:	40af553b          	sraw	a0,t5,a0
    80001544:	00c787bb          	addw	a5,a5,a2
    80001548:	00f587b3          	add	a5,a1,a5
    8000154c:	0007c603          	lbu	a2,0(a5)
    80001550:	00a64633          	xor	a2,a2,a0
    80001554:	00c78023          	sb	a2,0(a5)
    80001558:	00074603          	lbu	a2,0(a4)
    8000155c:	0016879b          	addiw	a5,a3,1
    80001560:	0ff7f793          	zext.b	a5,a5
    80001564:	02c7f663          	bgeu	a5,a2,80001590 <applymask+0x588>
    80001568:	0026869b          	addiw	a3,a3,2
    8000156c:	0ff6f693          	zext.b	a3,a3
    80001570:	02c6f063          	bgeu	a3,a2,80001590 <applymask+0x588>
    80001574:	00200793          	li	a5,2
    80001578:	00074603          	lbu	a2,0(a4)
    8000157c:	0016869b          	addiw	a3,a3,1
    80001580:	0017879b          	addiw	a5,a5,1
    80001584:	0ff6f693          	zext.b	a3,a3
    80001588:	0ff7f793          	zext.b	a5,a5
    8000158c:	f4c6ece3          	bltu	a3,a2,800014e4 <applymask+0x4dc>
    80001590:	001e0e1b          	addiw	t3,t3,1
    80001594:	0018889b          	addiw	a7,a7,1
    80001598:	0ffe7813          	zext.b	a6,t3
    8000159c:	0ff8f893          	zext.b	a7,a7
    800015a0:	d8c870e3          	bgeu	a6,a2,80001320 <applymask+0x318>
    800015a4:	f3d89ce3          	bne	a7,t4,800014dc <applymask+0x4d4>
    800015a8:	00000893          	li	a7,0
    800015ac:	f31ff06f          	j	800014dc <applymask+0x4d4>
    800015b0:	fc0794e3          	bnez	a5,80001578 <applymask+0x570>
    800015b4:	f2d87ce3          	bgeu	a6,a3,800014ec <applymask+0x4e4>
    800015b8:	00068513          	mv	a0,a3
    800015bc:	00080793          	mv	a5,a6
    800015c0:	f35ff06f          	j	800014f4 <applymask+0x4ec>
    800015c4:	00074783          	lbu	a5,0(a4)
    800015c8:	00000e93          	li	t4,0
    800015cc:	00000313          	li	t1,0
    800015d0:	00000813          	li	a6,0
    800015d4:	d40786e3          	beqz	a5,80001320 <applymask+0x318>
    800015d8:	00300e13          	li	t3,3
    800015dc:	87018f13          	addi	t5,gp,-1936 # 800060e8 <framask>
    800015e0:	85018393          	addi	t2,gp,-1968 # 800060c8 <qrframe>
    800015e4:	86018293          	addi	t0,gp,-1952 # 800060d8 <WDB>
    800015e8:	08000f93          	li	t6,128
    800015ec:	00000513          	li	a0,0
    800015f0:	00000593          	li	a1,0
    800015f4:	1bc50a63          	beq	a0,t3,800017a8 <applymask+0x7a0>
    800015f8:	0015051b          	addiw	a0,a0,1
    800015fc:	0ff57513          	zext.b	a0,a0
    80001600:	06081863          	bnez	a6,80001670 <applymask+0x668>
    80001604:	1cb36463          	bltu	t1,a1,800017cc <applymask+0x7c4>
    80001608:	00030893          	mv	a7,t1
    8000160c:	00058793          	mv	a5,a1
    80001610:	031886bb          	mulw	a3,a7,a7
    80001614:	000f3603          	ld	a2,0(t5)
    80001618:	011686bb          	addw	a3,a3,a7
    8000161c:	0016d69b          	srliw	a3,a3,0x1
    80001620:	00d787bb          	addw	a5,a5,a3
    80001624:	0037d69b          	srliw	a3,a5,0x3
    80001628:	00d60633          	add	a2,a2,a3
    8000162c:	00064683          	lbu	a3,0(a2)
    80001630:	fff7c793          	not	a5,a5
    80001634:	0077f793          	andi	a5,a5,7
    80001638:	40f6d7bb          	sraw	a5,a3,a5
    8000163c:	0017f793          	andi	a5,a5,1
    80001640:	02079863          	bnez	a5,80001670 <applymask+0x668>
    80001644:	0002c783          	lbu	a5,0(t0)
    80001648:	0003b683          	ld	a3,0(t2)
    8000164c:	0035d89b          	srliw	a7,a1,0x3
    80001650:	03d787bb          	mulw	a5,a5,t4
    80001654:	0075f613          	andi	a2,a1,7
    80001658:	40cfd63b          	sraw	a2,t6,a2
    8000165c:	011787bb          	addw	a5,a5,a7
    80001660:	00f687b3          	add	a5,a3,a5
    80001664:	0007c683          	lbu	a3,0(a5)
    80001668:	00c6c6b3          	xor	a3,a3,a2
    8000166c:	00d78023          	sb	a3,0(a5)
    80001670:	00074783          	lbu	a5,0(a4)
    80001674:	0015869b          	addiw	a3,a1,1
    80001678:	0ff6f593          	zext.b	a1,a3
    8000167c:	f6f5ece3          	bltu	a1,a5,800015f4 <applymask+0x5ec>
    80001680:	001e8e9b          	addiw	t4,t4,1
    80001684:	0ffef313          	zext.b	t1,t4
    80001688:	c8f37ce3          	bgeu	t1,a5,80001320 <applymask+0x318>
    8000168c:	0013581b          	srliw	a6,t1,0x1
    80001690:	00187813          	andi	a6,a6,1
    80001694:	f59ff06f          	j	800015ec <applymask+0x5e4>
    80001698:	00074783          	lbu	a5,0(a4)
    8000169c:	00000e13          	li	t3,0
    800016a0:	00000513          	li	a0,0
    800016a4:	00000313          	li	t1,0
    800016a8:	c6078ce3          	beqz	a5,80001320 <applymask+0x318>
    800016ac:	00813423          	sd	s0,8(sp)
    800016b0:	00300813          	li	a6,3
    800016b4:	87018e93          	addi	t4,gp,-1936 # 800060e8 <framask>
    800016b8:	85018293          	addi	t0,gp,-1968 # 800060c8 <qrframe>
    800016bc:	86018f93          	addi	t6,gp,-1952 # 800060d8 <WDB>
    800016c0:	08000f13          	li	t5,128
    800016c4:	006038b3          	snez	a7,t1
    800016c8:	00000613          	li	a2,0
    800016cc:	00000793          	li	a5,0
    800016d0:	0d060663          	beq	a2,a6,8000179c <applymask+0x794>
    800016d4:	00c035b3          	snez	a1,a2
    800016d8:	0016061b          	addiw	a2,a2,1
    800016dc:	00b8f5b3          	and	a1,a7,a1
    800016e0:	0ff67613          	zext.b	a2,a2
    800016e4:	00a7f6b3          	and	a3,a5,a0
    800016e8:	0016f693          	andi	a3,a3,1
    800016ec:	00b686b3          	add	a3,a3,a1
    800016f0:	06069863          	bnez	a3,80001760 <applymask+0x758>
    800016f4:	0ef56263          	bltu	a0,a5,800017d8 <applymask+0x7d0>
    800016f8:	00050413          	mv	s0,a0
    800016fc:	00078693          	mv	a3,a5
    80001700:	028405bb          	mulw	a1,s0,s0
    80001704:	000eb383          	ld	t2,0(t4)
    80001708:	008585bb          	addw	a1,a1,s0
    8000170c:	0015d59b          	srliw	a1,a1,0x1
    80001710:	00b686bb          	addw	a3,a3,a1
    80001714:	0036d59b          	srliw	a1,a3,0x3
    80001718:	00b385b3          	add	a1,t2,a1
    8000171c:	0005c583          	lbu	a1,0(a1)
    80001720:	fff6c693          	not	a3,a3
    80001724:	0076f693          	andi	a3,a3,7
    80001728:	40d5d6bb          	sraw	a3,a1,a3
    8000172c:	0016f693          	andi	a3,a3,1
    80001730:	02069863          	bnez	a3,80001760 <applymask+0x758>
    80001734:	000fc683          	lbu	a3,0(t6)
    80001738:	0002b583          	ld	a1,0(t0)
    8000173c:	0037d41b          	srliw	s0,a5,0x3
    80001740:	03c686bb          	mulw	a3,a3,t3
    80001744:	0077f393          	andi	t2,a5,7
    80001748:	407f53bb          	sraw	t2,t5,t2
    8000174c:	008686bb          	addw	a3,a3,s0
    80001750:	00d586b3          	add	a3,a1,a3
    80001754:	0006c583          	lbu	a1,0(a3)
    80001758:	0075c5b3          	xor	a1,a1,t2
    8000175c:	00b68023          	sb	a1,0(a3)
    80001760:	00074683          	lbu	a3,0(a4)
    80001764:	0017879b          	addiw	a5,a5,1
    80001768:	0ff7f793          	zext.b	a5,a5
    8000176c:	f6d7e2e3          	bltu	a5,a3,800016d0 <applymask+0x6c8>
    80001770:	001e0e1b          	addiw	t3,t3,1
    80001774:	0013031b          	addiw	t1,t1,1
    80001778:	0ffe7513          	zext.b	a0,t3
    8000177c:	0ff37313          	zext.b	t1,t1
    80001780:	0ad57063          	bgeu	a0,a3,80001820 <applymask+0x818>
    80001784:	f50310e3          	bne	t1,a6,800016c4 <applymask+0x6bc>
    80001788:	00000313          	li	t1,0
    8000178c:	f39ff06f          	j	800016c4 <applymask+0x6bc>
    80001790:	00100613          	li	a2,1
    80001794:	00000693          	li	a3,0
    80001798:	9d9ff06f          	j	80001170 <applymask+0x168>
    8000179c:	00100613          	li	a2,1
    800017a0:	00000593          	li	a1,0
    800017a4:	f41ff06f          	j	800016e4 <applymask+0x6dc>
    800017a8:	00184813          	xori	a6,a6,1
    800017ac:	00100513          	li	a0,1
    800017b0:	e51ff06f          	j	80001600 <applymask+0x5f8>
    800017b4:	00068813          	mv	a6,a3
    800017b8:	00088793          	mv	a5,a7
    800017bc:	c49ff06f          	j	80001404 <applymask+0x3fc>
    800017c0:	00078413          	mv	s0,a5
    800017c4:	00050693          	mv	a3,a0
    800017c8:	9c5ff06f          	j	8000118c <applymask+0x184>
    800017cc:	00058893          	mv	a7,a1
    800017d0:	00030793          	mv	a5,t1
    800017d4:	e3dff06f          	j	80001610 <applymask+0x608>
    800017d8:	00078413          	mv	s0,a5
    800017dc:	00050693          	mv	a3,a0
    800017e0:	f21ff06f          	j	80001700 <applymask+0x6f8>
    800017e4:	00078413          	mv	s0,a5
    800017e8:	00058693          	mv	a3,a1
    800017ec:	8b1ff06f          	j	8000109c <applymask+0x94>
    800017f0:	0013031b          	addiw	t1,t1,1
    800017f4:	0ff37593          	zext.b	a1,t1
    800017f8:	a4d5e2e3          	bltu	a1,a3,8000123c <applymask+0x234>
    800017fc:	b25ff06f          	j	80001320 <applymask+0x318>
    80001800:	0013031b          	addiw	t1,t1,1
    80001804:	0018889b          	addiw	a7,a7,1
    80001808:	0ff37593          	zext.b	a1,t1
    8000180c:	0ff8f893          	zext.b	a7,a7
    80001810:	00d5f863          	bgeu	a1,a3,80001820 <applymask+0x818>
    80001814:	850896e3          	bne	a7,a6,80001060 <applymask+0x58>
    80001818:	00000893          	li	a7,0
    8000181c:	845ff06f          	j	80001060 <applymask+0x58>
    80001820:	00813403          	ld	s0,8(sp)
    80001824:	afdff06f          	j	80001320 <applymask+0x318>
    80001828:	00008067          	ret

000000008000182c <qrencode>:
    8000182c:	f8010113          	addi	sp,sp,-128
    80001830:	03813823          	sd	s8,48(sp)
    80001834:	85818c13          	addi	s8,gp,-1960 # 800060d0 <strinbuf>
    80001838:	06813823          	sd	s0,112(sp)
    8000183c:	000c3403          	ld	s0,0(s8)
    80001840:	06913423          	sd	s1,104(sp)
    80001844:	07213023          	sd	s2,96(sp)
    80001848:	00040513          	mv	a0,s0
    8000184c:	05313c23          	sd	s3,88(sp)
    80001850:	05413823          	sd	s4,80(sp)
    80001854:	05613023          	sd	s6,64(sp)
    80001858:	06113c23          	sd	ra,120(sp)
    8000185c:	05513423          	sd	s5,72(sp)
    80001860:	03713c23          	sd	s7,56(sp)
    80001864:	03913423          	sd	s9,40(sp)
    80001868:	03a13023          	sd	s10,32(sp)
    8000186c:	01b13c23          	sd	s11,24(sp)
    80001870:	84a18913          	addi	s2,gp,-1974 # 800060c2 <neccblk2>
    80001874:	273020ef          	jal	800042e6 <strlen>
    80001878:	84b18493          	addi	s1,gp,-1973 # 800060c3 <neccblk1>
    8000187c:	00094703          	lbu	a4,0(s2)
    80001880:	0004cb03          	lbu	s6,0(s1)
    80001884:	84918a13          	addi	s4,gp,-1975 # 800060c1 <datablkw>
    80001888:	000a4683          	lbu	a3,0(s4)
    8000188c:	00eb0b3b          	addw	s6,s6,a4
    80001890:	86218813          	addi	a6,gp,-1950 # 800060da <VERSION>
    80001894:	02db0b3b          	mulw	s6,s6,a3
    80001898:	0005079b          	sext.w	a5,a0
    8000189c:	00084683          	lbu	a3,0(a6)
    800018a0:	00eb09bb          	addw	s3,s6,a4
    800018a4:	ffe9871b          	addiw	a4,s3,-2
    800018a8:	01313023          	sd	s3,0(sp)
    800018ac:	00098b13          	mv	s6,s3
    800018b0:	02e7ece3          	bltu	a5,a4,800020e8 <qrencode+0x8bc>
    800018b4:	00900793          	li	a5,9
    800018b8:	56d7f8e3          	bgeu	a5,a3,80002628 <qrencode+0xdfc>
    800018bc:	ffd9879b          	addiw	a5,s3,-3
    800018c0:	0027871b          	addiw	a4,a5,2
    800018c4:	02071713          	slli	a4,a4,0x20
    800018c8:	02075713          	srli	a4,a4,0x20
    800018cc:	00e40433          	add	s0,s0,a4
    800018d0:	fff7871b          	addiw	a4,a5,-1
    800018d4:	02071713          	slli	a4,a4,0x20
    800018d8:	00040023          	sb	zero,0(s0)
    800018dc:	02075713          	srli	a4,a4,0x20
    800018e0:	fff00893          	li	a7,-1
    800018e4:	04078e63          	beqz	a5,80001940 <qrencode+0x114>
    800018e8:	000c3683          	ld	a3,0(s8)
    800018ec:	0037061b          	addiw	a2,a4,3
    800018f0:	02061613          	slli	a2,a2,0x20
    800018f4:	00e685b3          	add	a1,a3,a4
    800018f8:	02065613          	srli	a2,a2,0x20
    800018fc:	0005c503          	lbu	a0,0(a1)
    80001900:	00c686b3          	add	a3,a3,a2
    80001904:	0006c603          	lbu	a2,0(a3)
    80001908:	0045151b          	slliw	a0,a0,0x4
    8000190c:	0027059b          	addiw	a1,a4,2
    80001910:	00a66633          	or	a2,a2,a0
    80001914:	00c68023          	sb	a2,0(a3)
    80001918:	000c3683          	ld	a3,0(s8)
    8000191c:	02059593          	slli	a1,a1,0x20
    80001920:	0205d593          	srli	a1,a1,0x20
    80001924:	00e68633          	add	a2,a3,a4
    80001928:	00064603          	lbu	a2,0(a2)
    8000192c:	00b686b3          	add	a3,a3,a1
    80001930:	fff70713          	addi	a4,a4,-1
    80001934:	0046561b          	srliw	a2,a2,0x4
    80001938:	00c68023          	sb	a2,0(a3)
    8000193c:	fb1716e3          	bne	a4,a7,800018e8 <qrencode+0xbc>
    80001940:	000c3503          	ld	a0,0(s8)
    80001944:	0047959b          	slliw	a1,a5,0x4
    80001948:	0047d69b          	srliw	a3,a5,0x4
    8000194c:	00254603          	lbu	a2,2(a0)
    80001950:	00c7d71b          	srliw	a4,a5,0xc
    80001954:	04076713          	ori	a4,a4,64
    80001958:	00b66633          	or	a2,a2,a1
    8000195c:	00c50123          	sb	a2,2(a0)
    80001960:	000c3603          	ld	a2,0(s8)
    80001964:	00d600a3          	sb	a3,1(a2)
    80001968:	000c3683          	ld	a3,0(s8)
    8000196c:	00e68023          	sb	a4,0(a3)
    80001970:	00084703          	lbu	a4,0(a6)
    80001974:	00a73713          	sltiu	a4,a4,10
    80001978:	40e787bb          	subw	a5,a5,a4
    8000197c:	0037879b          	addiw	a5,a5,3
    80001980:	0007871b          	sext.w	a4,a5
    80001984:	05377663          	bgeu	a4,s3,800019d0 <qrencode+0x1a4>
    80001988:	0017069b          	addiw	a3,a4,1
    8000198c:	02079793          	slli	a5,a5,0x20
    80001990:	02069693          	slli	a3,a3,0x20
    80001994:	0207d793          	srli	a5,a5,0x20
    80001998:	0206d693          	srli	a3,a3,0x20
    8000199c:	fec00593          	li	a1,-20
    800019a0:	40f686b3          	sub	a3,a3,a5
    800019a4:	01100613          	li	a2,17
    800019a8:	000c3703          	ld	a4,0(s8)
    800019ac:	00f70733          	add	a4,a4,a5
    800019b0:	00b70023          	sb	a1,0(a4)
    800019b4:	000c3703          	ld	a4,0(s8)
    800019b8:	00f70733          	add	a4,a4,a5
    800019bc:	00d70733          	add	a4,a4,a3
    800019c0:	00278793          	addi	a5,a5,2
    800019c4:	00c70023          	sb	a2,0(a4)
    800019c8:	0007871b          	sext.w	a4,a5
    800019cc:	fd376ee3          	bltu	a4,s3,800019a8 <qrencode+0x17c>
    800019d0:	85018a93          	addi	s5,gp,-1968 # 800060c8 <qrframe>
    800019d4:	000abe03          	ld	t3,0(s5)
    800019d8:	84818b93          	addi	s7,gp,-1976 # 800060c0 <eccblkwid>
    800019dc:	000c3d03          	ld	s10,0(s8)
    800019e0:	000bce83          	lbu	t4,0(s7)
    800019e4:	00100793          	li	a5,1
    800019e8:	00fe0023          	sb	a5,0(t3)
    800019ec:	013d0db3          	add	s11,s10,s3
    800019f0:	000e0513          	mv	a0,t3
    800019f4:	00000613          	li	a2,0
    800019f8:	00004417          	auipc	s0,0x4
    800019fc:	f5040413          	addi	s0,s0,-176 # 80005948 <g0log>
    80001a00:	00100f13          	li	t5,1
    80001a04:	0fe00313          	li	t1,254
    80001a08:	440e86e3          	beqz	t4,80002654 <qrencode+0xe28>
    80001a0c:	01e500a3          	sb	t5,1(a0)
    80001a10:	0ff67793          	zext.b	a5,a2
    80001a14:	0006089b          	sext.w	a7,a2
    80001a18:	06060863          	beqz	a2,80001a88 <qrencode+0x25c>
    80001a1c:	fff7879b          	addiw	a5,a5,-1
    80001a20:	0ff7f793          	zext.b	a5,a5
    80001a24:	fff50813          	addi	a6,a0,-1
    80001a28:	40f80833          	sub	a6,a6,a5
    80001a2c:	00054703          	lbu	a4,0(a0)
    80001a30:	00050793          	mv	a5,a0
    80001a34:	0100006f          	j	80001a44 <qrencode+0x218>
    80001a38:	00d78023          	sb	a3,0(a5)
    80001a3c:	fff78793          	addi	a5,a5,-1
    80001a40:	05078463          	beq	a5,a6,80001a88 <qrencode+0x25c>
    80001a44:	00070593          	mv	a1,a4
    80001a48:	fff7c703          	lbu	a4,-1(a5)
    80001a4c:	00070693          	mv	a3,a4
    80001a50:	fe0584e3          	beqz	a1,80001a38 <qrencode+0x20c>
    80001a54:	00b405b3          	add	a1,s0,a1
    80001a58:	0005c583          	lbu	a1,0(a1)
    80001a5c:	011586bb          	addw	a3,a1,a7
    80001a60:	00d35463          	bge	t1,a3,80001a68 <qrencode+0x23c>
    80001a64:	f016869b          	addiw	a3,a3,-255
    80001a68:	02069693          	slli	a3,a3,0x20
    80001a6c:	0206d693          	srli	a3,a3,0x20
    80001a70:	00d406b3          	add	a3,s0,a3
    80001a74:	1006c683          	lbu	a3,256(a3)
    80001a78:	fff78793          	addi	a5,a5,-1
    80001a7c:	00d746b3          	xor	a3,a4,a3
    80001a80:	00d780a3          	sb	a3,1(a5)
    80001a84:	fd0790e3          	bne	a5,a6,80001a44 <qrencode+0x218>
    80001a88:	000e4783          	lbu	a5,0(t3)
    80001a8c:	00f407b3          	add	a5,s0,a5
    80001a90:	0007c703          	lbu	a4,0(a5)
    80001a94:	011707bb          	addw	a5,a4,a7
    80001a98:	00f35463          	bge	t1,a5,80001aa0 <qrencode+0x274>
    80001a9c:	f017879b          	addiw	a5,a5,-255
    80001aa0:	02079793          	slli	a5,a5,0x20
    80001aa4:	0207d793          	srli	a5,a5,0x20
    80001aa8:	00f407b3          	add	a5,s0,a5
    80001aac:	1007c783          	lbu	a5,256(a5)
    80001ab0:	00160613          	addi	a2,a2,1
    80001ab4:	00150513          	addi	a0,a0,1
    80001ab8:	00fe0023          	sb	a5,0(t3)
    80001abc:	f5d618e3          	bne	a2,t4,80001a0c <qrencode+0x1e0>
    80001ac0:	00f407b3          	add	a5,s0,a5
    80001ac4:	0007c703          	lbu	a4,0(a5)
    80001ac8:	00100793          	li	a5,1
    80001acc:	00ee0023          	sb	a4,0(t3)
    80001ad0:	00fe06b3          	add	a3,t3,a5
    80001ad4:	0006c703          	lbu	a4,0(a3)
    80001ad8:	0017879b          	addiw	a5,a5,1
    80001adc:	0ff7f793          	zext.b	a5,a5
    80001ae0:	00e40733          	add	a4,s0,a4
    80001ae4:	00074703          	lbu	a4,0(a4)
    80001ae8:	00e68023          	sb	a4,0(a3)
    80001aec:	fefef2e3          	bgeu	t4,a5,80001ad0 <qrencode+0x2a4>
    80001af0:	0004c783          	lbu	a5,0(s1)
    80001af4:	000a4583          	lbu	a1,0(s4)
    80001af8:	02078c63          	beqz	a5,80001b30 <qrencode+0x304>
    80001afc:	000bc683          	lbu	a3,0(s7)
    80001b00:	00000c93          	li	s9,0
    80001b04:	000ab703          	ld	a4,0(s5)
    80001b08:	000d8613          	mv	a2,s11
    80001b0c:	000d0513          	mv	a0,s10
    80001b10:	b88ff0ef          	jal	80000e98 <appendrs>
    80001b14:	000a4583          	lbu	a1,0(s4)
    80001b18:	000bc683          	lbu	a3,0(s7)
    80001b1c:	0004c703          	lbu	a4,0(s1)
    80001b20:	001c8c9b          	addiw	s9,s9,1
    80001b24:	00bd0d33          	add	s10,s10,a1
    80001b28:	00dd8db3          	add	s11,s11,a3
    80001b2c:	fcecece3          	bltu	s9,a4,80001b04 <qrencode+0x2d8>
    80001b30:	00094783          	lbu	a5,0(s2)
    80001b34:	000ab803          	ld	a6,0(s5)
    80001b38:	320782e3          	beqz	a5,8000265c <qrencode+0xe30>
    80001b3c:	000bc683          	lbu	a3,0(s7)
    80001b40:	00000c93          	li	s9,0
    80001b44:	000ab703          	ld	a4,0(s5)
    80001b48:	0015859b          	addiw	a1,a1,1
    80001b4c:	000d0513          	mv	a0,s10
    80001b50:	000d8613          	mv	a2,s11
    80001b54:	0ff5f593          	zext.b	a1,a1
    80001b58:	b40ff0ef          	jal	80000e98 <appendrs>
    80001b5c:	000a4583          	lbu	a1,0(s4)
    80001b60:	000bc683          	lbu	a3,0(s7)
    80001b64:	00094503          	lbu	a0,0(s2)
    80001b68:	00158713          	addi	a4,a1,1
    80001b6c:	001c8c9b          	addiw	s9,s9,1
    80001b70:	00ed0d33          	add	s10,s10,a4
    80001b74:	00dd8db3          	add	s11,s11,a3
    80001b78:	fcace6e3          	bltu	s9,a0,80001b44 <qrencode+0x318>
    80001b7c:	000ab803          	ld	a6,0(s5)
    80001b80:	0004c783          	lbu	a5,0(s1)
    80001b84:	2e0586e3          	beqz	a1,80002670 <qrencode+0xe44>
    80001b88:	0004c783          	lbu	a5,0(s1)
    80001b8c:	00000613          	li	a2,0
    80001b90:	00100513          	li	a0,1
    80001b94:	00080313          	mv	t1,a6
    80001b98:	06078263          	beqz	a5,80001bfc <qrencode+0x3d0>
    80001b9c:	000c3783          	ld	a5,0(s8)
    80001ba0:	02061713          	slli	a4,a2,0x20
    80001ba4:	02075713          	srli	a4,a4,0x20
    80001ba8:	00e787b3          	add	a5,a5,a4
    80001bac:	0007c783          	lbu	a5,0(a5)
    80001bb0:	00180313          	addi	t1,a6,1
    80001bb4:	00f80023          	sb	a5,0(a6)
    80001bb8:	0004c783          	lbu	a5,0(s1)
    80001bbc:	02f57e63          	bgeu	a0,a5,80001bf8 <qrencode+0x3cc>
    80001bc0:	00100713          	li	a4,1
    80001bc4:	000a4783          	lbu	a5,0(s4)
    80001bc8:	000c3683          	ld	a3,0(s8)
    80001bcc:	00130313          	addi	t1,t1,1
    80001bd0:	02e787bb          	mulw	a5,a5,a4
    80001bd4:	0017071b          	addiw	a4,a4,1
    80001bd8:	00c787bb          	addw	a5,a5,a2
    80001bdc:	02079793          	slli	a5,a5,0x20
    80001be0:	0207d793          	srli	a5,a5,0x20
    80001be4:	00f687b3          	add	a5,a3,a5
    80001be8:	0007c783          	lbu	a5,0(a5)
    80001bec:	fef30fa3          	sb	a5,-1(t1)
    80001bf0:	0004c783          	lbu	a5,0(s1)
    80001bf4:	fcf768e3          	bltu	a4,a5,80001bc4 <qrencode+0x398>
    80001bf8:	000a4583          	lbu	a1,0(s4)
    80001bfc:	00094703          	lbu	a4,0(s2)
    80001c00:	20070ce3          	beqz	a4,80002618 <qrencode+0xdec>
    80001c04:	02f587bb          	mulw	a5,a1,a5
    80001c08:	000c3703          	ld	a4,0(s8)
    80001c0c:	00130813          	addi	a6,t1,1
    80001c10:	00100893          	li	a7,1
    80001c14:	00c787bb          	addw	a5,a5,a2
    80001c18:	02079793          	slli	a5,a5,0x20
    80001c1c:	0207d793          	srli	a5,a5,0x20
    80001c20:	00f707b3          	add	a5,a4,a5
    80001c24:	0007c783          	lbu	a5,0(a5)
    80001c28:	00f30023          	sb	a5,0(t1)
    80001c2c:	00094783          	lbu	a5,0(s2)
    80001c30:	04f57463          	bgeu	a0,a5,80001c78 <qrencode+0x44c>
    80001c34:	000a4583          	lbu	a1,0(s4)
    80001c38:	0004c783          	lbu	a5,0(s1)
    80001c3c:	000c3703          	ld	a4,0(s8)
    80001c40:	0015869b          	addiw	a3,a1,1
    80001c44:	02b787bb          	mulw	a5,a5,a1
    80001c48:	00180813          	addi	a6,a6,1
    80001c4c:	031686bb          	mulw	a3,a3,a7
    80001c50:	00c787bb          	addw	a5,a5,a2
    80001c54:	0018889b          	addiw	a7,a7,1
    80001c58:	00d787bb          	addw	a5,a5,a3
    80001c5c:	02079793          	slli	a5,a5,0x20
    80001c60:	0207d793          	srli	a5,a5,0x20
    80001c64:	00f707b3          	add	a5,a4,a5
    80001c68:	0007c783          	lbu	a5,0(a5)
    80001c6c:	fef80fa3          	sb	a5,-1(a6)
    80001c70:	00094783          	lbu	a5,0(s2)
    80001c74:	fcf8e0e3          	bltu	a7,a5,80001c34 <qrencode+0x408>
    80001c78:	000a4583          	lbu	a1,0(s4)
    80001c7c:	0004c783          	lbu	a5,0(s1)
    80001c80:	0016061b          	addiw	a2,a2,1
    80001c84:	f0b668e3          	bltu	a2,a1,80001b94 <qrencode+0x368>
    80001c88:	00094503          	lbu	a0,0(s2)
    80001c8c:	1c0500e3          	beqz	a0,8000264c <qrencode+0xe20>
    80001c90:	000a4703          	lbu	a4,0(s4)
    80001c94:	000c3583          	ld	a1,0(s8)
    80001c98:	00100693          	li	a3,1
    80001c9c:	02f707bb          	mulw	a5,a4,a5
    80001ca0:	00180713          	addi	a4,a6,1
    80001ca4:	00c787bb          	addw	a5,a5,a2
    80001ca8:	02079793          	slli	a5,a5,0x20
    80001cac:	0207d793          	srli	a5,a5,0x20
    80001cb0:	00f587b3          	add	a5,a1,a5
    80001cb4:	0007c783          	lbu	a5,0(a5)
    80001cb8:	00f80023          	sb	a5,0(a6)
    80001cbc:	00094503          	lbu	a0,0(s2)
    80001cc0:	04a6f463          	bgeu	a3,a0,80001d08 <qrencode+0x4dc>
    80001cc4:	000a4803          	lbu	a6,0(s4)
    80001cc8:	0004c783          	lbu	a5,0(s1)
    80001ccc:	000c3583          	ld	a1,0(s8)
    80001cd0:	0018051b          	addiw	a0,a6,1
    80001cd4:	030787bb          	mulw	a5,a5,a6
    80001cd8:	00170713          	addi	a4,a4,1
    80001cdc:	02d5053b          	mulw	a0,a0,a3
    80001ce0:	00c787bb          	addw	a5,a5,a2
    80001ce4:	0016869b          	addiw	a3,a3,1
    80001ce8:	00a787bb          	addw	a5,a5,a0
    80001cec:	02079793          	slli	a5,a5,0x20
    80001cf0:	0207d793          	srli	a5,a5,0x20
    80001cf4:	00f587b3          	add	a5,a1,a5
    80001cf8:	0007c783          	lbu	a5,0(a5)
    80001cfc:	fef70fa3          	sb	a5,-1(a4)
    80001d00:	00094503          	lbu	a0,0(s2)
    80001d04:	fca6e0e3          	bltu	a3,a0,80001cc4 <qrencode+0x498>
    80001d08:	0004c783          	lbu	a5,0(s1)
    80001d0c:	000bc883          	lbu	a7,0(s7)
    80001d10:	00000593          	li	a1,0
    80001d14:	00100813          	li	a6,1
    80001d18:	0a088063          	beqz	a7,80001db8 <qrencode+0x58c>
    80001d1c:	00a786b3          	add	a3,a5,a0
    80001d20:	00000513          	li	a0,0
    80001d24:	00000793          	li	a5,0
    80001d28:	06068c63          	beqz	a3,80001da0 <qrencode+0x574>
    80001d2c:	000c3783          	ld	a5,0(s8)
    80001d30:	02099693          	slli	a3,s3,0x20
    80001d34:	0206d693          	srli	a3,a3,0x20
    80001d38:	00d787b3          	add	a5,a5,a3
    80001d3c:	0007c783          	lbu	a5,0(a5)
    80001d40:	00170613          	addi	a2,a4,1
    80001d44:	00f70023          	sb	a5,0(a4)
    80001d48:	0004c783          	lbu	a5,0(s1)
    80001d4c:	00094503          	lbu	a0,0(s2)
    80001d50:	00f506b3          	add	a3,a0,a5
    80001d54:	04d85263          	bge	a6,a3,80001d98 <qrencode+0x56c>
    80001d58:	00100713          	li	a4,1
    80001d5c:	000bc783          	lbu	a5,0(s7)
    80001d60:	000c3683          	ld	a3,0(s8)
    80001d64:	00160613          	addi	a2,a2,1
    80001d68:	02e787bb          	mulw	a5,a5,a4
    80001d6c:	0017071b          	addiw	a4,a4,1
    80001d70:	013787bb          	addw	a5,a5,s3
    80001d74:	02079793          	slli	a5,a5,0x20
    80001d78:	0207d793          	srli	a5,a5,0x20
    80001d7c:	00f687b3          	add	a5,a3,a5
    80001d80:	0007c783          	lbu	a5,0(a5)
    80001d84:	fef60fa3          	sb	a5,-1(a2)
    80001d88:	0004c783          	lbu	a5,0(s1)
    80001d8c:	00094503          	lbu	a0,0(s2)
    80001d90:	00a786b3          	add	a3,a5,a0
    80001d94:	fcd764e3          	bltu	a4,a3,80001d5c <qrencode+0x530>
    80001d98:	000bc883          	lbu	a7,0(s7)
    80001d9c:	00060713          	mv	a4,a2
    80001da0:	0015859b          	addiw	a1,a1,1
    80001da4:	0019899b          	addiw	s3,s3,1
    80001da8:	f715eae3          	bltu	a1,a7,80001d1c <qrencode+0x4f0>
    80001dac:	02d888bb          	mulw	a7,a7,a3
    80001db0:	016887bb          	addw	a5,a7,s6
    80001db4:	00f13023          	sd	a5,0(sp)
    80001db8:	000ab583          	ld	a1,0(s5)
    80001dbc:	00016603          	lwu	a2,0(sp)
    80001dc0:	000c3503          	ld	a0,0(s8)
    80001dc4:	86118993          	addi	s3,gp,-1951 # 800060d9 <WD>
    80001dc8:	86018b13          	addi	s6,gp,-1952 # 800060d8 <WDB>
    80001dcc:	504020ef          	jal	800042d0 <memcpy>
    80001dd0:	0009c783          	lbu	a5,0(s3)
    80001dd4:	000b4603          	lbu	a2,0(s6)
    80001dd8:	000ab503          	ld	a0,0(s5)
    80001ddc:	8781b583          	ld	a1,-1928(gp) # 800060f0 <framebase>
    80001de0:	02f6063b          	mulw	a2,a2,a5
    80001de4:	03061613          	slli	a2,a2,0x30
    80001de8:	03065613          	srli	a2,a2,0x30
    80001dec:	4e4020ef          	jal	800042d0 <memcpy>
    80001df0:	00094683          	lbu	a3,0(s2)
    80001df4:	000bc783          	lbu	a5,0(s7)
    80001df8:	000a4603          	lbu	a2,0(s4)
    80001dfc:	0004c703          	lbu	a4,0(s1)
    80001e00:	0009ce03          	lbu	t3,0(s3)
    80001e04:	00c787bb          	addw	a5,a5,a2
    80001e08:	00d7073b          	addw	a4,a4,a3
    80001e0c:	02e787bb          	mulw	a5,a5,a4
    80001e10:	fffe071b          	addiw	a4,t3,-1
    80001e14:	0ff77713          	zext.b	a4,a4
    80001e18:	00d787bb          	addw	a5,a5,a3
    80001e1c:	10078263          	beqz	a5,80001f20 <qrencode+0x6f4>
    80001e20:	00070613          	mv	a2,a4
    80001e24:	00000f93          	li	t6,0
    80001e28:	00100693          	li	a3,1
    80001e2c:	00100513          	li	a0,1
    80001e30:	87018f13          	addi	t5,gp,-1936 # 800060e8 <framask>
    80001e34:	08000293          	li	t0,128
    80001e38:	00600e93          	li	t4,6
    80001e3c:	000c3783          	ld	a5,0(s8)
    80001e40:	00800893          	li	a7,8
    80001e44:	01f787b3          	add	a5,a5,t6
    80001e48:	0007c803          	lbu	a6,0(a5)
    80001e4c:	0188179b          	slliw	a5,a6,0x18
    80001e50:	4187d79b          	sraiw	a5,a5,0x18
    80001e54:	0207d863          	bgez	a5,80001e84 <qrencode+0x658>
    80001e58:	000b4783          	lbu	a5,0(s6)
    80001e5c:	000ab583          	ld	a1,0(s5)
    80001e60:	00375e1b          	srliw	t3,a4,0x3
    80001e64:	02c787bb          	mulw	a5,a5,a2
    80001e68:	00777313          	andi	t1,a4,7
    80001e6c:	4062d33b          	sraw	t1,t0,t1
    80001e70:	01c787bb          	addw	a5,a5,t3
    80001e74:	00f587b3          	add	a5,a1,a5
    80001e78:	0007c583          	lbu	a1,0(a5)
    80001e7c:	0065e5b3          	or	a1,a1,t1
    80001e80:	00b78023          	sb	a1,0(a5)
    80001e84:	0009ce03          	lbu	t3,0(s3)
    80001e88:	000f3583          	ld	a1,0(t5)
    80001e8c:	fffe031b          	addiw	t1,t3,-1
    80001e90:	32068463          	beqz	a3,800021b8 <qrencode+0x98c>
    80001e94:	fff7039b          	addiw	t2,a4,-1
    80001e98:	0ff3f713          	zext.b	a4,t2
    80001e9c:	00070393          	mv	t2,a4
    80001ea0:	0006009b          	sext.w	ra,a2
    80001ea4:	0016c693          	xori	a3,a3,1
    80001ea8:	0ff6f693          	zext.b	a3,a3
    80001eac:	2ee66663          	bltu	a2,a4,80002198 <qrencode+0x96c>
    80001eb0:	02c607bb          	mulw	a5,a2,a2
    80001eb4:	001787bb          	addw	a5,a5,ra
    80001eb8:	0017d79b          	srliw	a5,a5,0x1
    80001ebc:	007787bb          	addw	a5,a5,t2
    80001ec0:	fff7c393          	not	t2,a5
    80001ec4:	0073f393          	andi	t2,t2,7
    80001ec8:	0037d79b          	srliw	a5,a5,0x3
    80001ecc:	00f587b3          	add	a5,a1,a5
    80001ed0:	0007c783          	lbu	a5,0(a5)
    80001ed4:	4077d7bb          	sraw	a5,a5,t2
    80001ed8:	0017f793          	andi	a5,a5,1
    80001edc:	fa079ae3          	bnez	a5,80001e90 <qrencode+0x664>
    80001ee0:	fff8889b          	addiw	a7,a7,-1
    80001ee4:	0018181b          	slliw	a6,a6,0x1
    80001ee8:	0ff8f893          	zext.b	a7,a7
    80001eec:	0ff87813          	zext.b	a6,a6
    80001ef0:	f4089ee3          	bnez	a7,80001e4c <qrencode+0x620>
    80001ef4:	00094803          	lbu	a6,0(s2)
    80001ef8:	000a4783          	lbu	a5,0(s4)
    80001efc:	000bc883          	lbu	a7,0(s7)
    80001f00:	0004c583          	lbu	a1,0(s1)
    80001f04:	001f8f93          	addi	t6,t6,1
    80001f08:	011787bb          	addw	a5,a5,a7
    80001f0c:	010585bb          	addw	a1,a1,a6
    80001f10:	02b787bb          	mulw	a5,a5,a1
    80001f14:	000f859b          	sext.w	a1,t6
    80001f18:	010787bb          	addw	a5,a5,a6
    80001f1c:	f2f5c0e3          	blt	a1,a5,80001e3c <qrencode+0x610>
    80001f20:	000b4603          	lbu	a2,0(s6)
    80001f24:	000e0e1b          	sext.w	t3,t3
    80001f28:	000ab583          	ld	a1,0(s5)
    80001f2c:	02ce0633          	mul	a2,t3,a2
    80001f30:	000c3503          	ld	a0,0(s8)
    80001f34:	00000493          	li	s1,0
    80001f38:	00100b93          	li	s7,1
    80001f3c:	86818a13          	addi	s4,gp,-1944 # 800060e0 <rlens>
    80001f40:	390020ef          	jal	800042d0 <memcpy>
    80001f44:	000077b7          	lui	a5,0x7
    80001f48:	53078793          	addi	a5,a5,1328 # 7530 <__stack_size_min+0x1530>
    80001f4c:	00013423          	sd	zero,8(sp)
    80001f50:	00f13023          	sd	a5,0(sp)
    80001f54:	00048513          	mv	a0,s1
    80001f58:	8b0ff0ef          	jal	80001008 <applymask>
    80001f5c:	0009cd83          	lbu	s11,0(s3)
    80001f60:	45bbfc63          	bgeu	s7,s11,800023b8 <qrencode+0xb8c>
    80001f64:	000b4d03          	lbu	s10,0(s6)
    80001f68:	000ab883          	ld	a7,0(s5)
    80001f6c:	fffd851b          	addiw	a0,s11,-1
    80001f70:	0ff57d93          	zext.b	s11,a0
    80001f74:	000d0093          	mv	ra,s10
    80001f78:	00000393          	li	t2,0
    80001f7c:	00000c93          	li	s9,0
    80001f80:	00000293          	li	t0,0
    80001f84:	0005051b          	sext.w	a0,a0
    80001f88:	ffe00f93          	li	t6,-2
    80001f8c:	00038e9b          	sext.w	t4,t2
    80001f90:	00008f1b          	sext.w	t5,ra
    80001f94:	00000713          	li	a4,0
    80001f98:	0ff77793          	zext.b	a5,a4
    80001f9c:	0017031b          	addiw	t1,a4,1
    80001fa0:	0037d79b          	srliw	a5,a5,0x3
    80001fa4:	01d786bb          	addw	a3,a5,t4
    80001fa8:	4033581b          	sraiw	a6,t1,0x3
    80001fac:	00d886b3          	add	a3,a7,a3
    80001fb0:	01d805bb          	addw	a1,a6,t4
    80001fb4:	0006c603          	lbu	a2,0(a3)
    80001fb8:	00b885b3          	add	a1,a7,a1
    80001fbc:	0007069b          	sext.w	a3,a4
    80001fc0:	0005c583          	lbu	a1,0(a1)
    80001fc4:	fff74713          	not	a4,a4
    80001fc8:	00777e13          	andi	t3,a4,7
    80001fcc:	40df86bb          	subw	a3,t6,a3
    80001fd0:	0076f693          	andi	a3,a3,7
    80001fd4:	41c6563b          	sraw	a2,a2,t3
    80001fd8:	40d5d5bb          	sraw	a1,a1,a3
    80001fdc:	01e787bb          	addw	a5,a5,t5
    80001fe0:	00167613          	andi	a2,a2,1
    80001fe4:	0015f593          	andi	a1,a1,1
    80001fe8:	0003071b          	sext.w	a4,t1
    80001fec:	00f887b3          	add	a5,a7,a5
    80001ff0:	1e060863          	beqz	a2,800021e0 <qrencode+0x9b4>
    80001ff4:	02058863          	beqz	a1,80002024 <qrencode+0x7f8>
    80001ff8:	0007c783          	lbu	a5,0(a5)
    80001ffc:	01e8083b          	addw	a6,a6,t5
    80002000:	01088833          	add	a6,a7,a6
    80002004:	41c7d7bb          	sraw	a5,a5,t3
    80002008:	0017f793          	andi	a5,a5,1
    8000200c:	00078c63          	beqz	a5,80002024 <qrencode+0x7f8>
    80002010:	00084783          	lbu	a5,0(a6)
    80002014:	40d7d7bb          	sraw	a5,a5,a3
    80002018:	0017f793          	andi	a5,a5,1
    8000201c:	00078463          	beqz	a5,80002024 <qrencode+0x7f8>
    80002020:	003c8c9b          	addiw	s9,s9,3
    80002024:	f6a71ae3          	bne	a4,a0,80001f98 <qrencode+0x76c>
    80002028:	0012829b          	addiw	t0,t0,1
    8000202c:	0ff2f293          	zext.b	t0,t0
    80002030:	01a080bb          	addw	ra,ra,s10
    80002034:	01a383bb          	addw	t2,t2,s10
    80002038:	f5b29ae3          	bne	t0,s11,80001f8c <qrencode+0x760>
    8000203c:	00000913          	li	s2,0
    80002040:	00000d13          	li	s10,0
    80002044:	000a3783          	ld	a5,0(s4)
    80002048:	00078023          	sb	zero,0(a5)
    8000204c:	0009cd83          	lbu	s11,0(s3)
    80002050:	560d8263          	beqz	s11,800025b4 <qrencode+0xd88>
    80002054:	0009089b          	sext.w	a7,s2
    80002058:	00000593          	li	a1,0
    8000205c:	00000513          	li	a0,0
    80002060:	00000793          	li	a5,0
    80002064:	0300006f          	j	80002094 <qrencode+0x868>
    80002068:	0fff7513          	zext.b	a0,t5
    8000206c:	00a60633          	add	a2,a2,a0
    80002070:	01760023          	sb	s7,0(a2)
    80002074:	0015859b          	addiw	a1,a1,1
    80002078:	0009cd83          	lbu	s11,0(s3)
    8000207c:	0ff5f693          	zext.b	a3,a1
    80002080:	fff00713          	li	a4,-1
    80002084:	00078463          	beqz	a5,8000208c <qrencode+0x860>
    80002088:	00100713          	li	a4,1
    8000208c:	01a70d3b          	addw	s10,a4,s10
    80002090:	1db6fc63          	bgeu	a3,s11,80002268 <qrencode+0xa3c>
    80002094:	000b4703          	lbu	a4,0(s6)
    80002098:	000abe03          	ld	t3,0(s5)
    8000209c:	0ff5f693          	zext.b	a3,a1
    800020a0:	0317073b          	mulw	a4,a4,a7
    800020a4:	0036d69b          	srliw	a3,a3,0x3
    800020a8:	00078e93          	mv	t4,a5
    800020ac:	fff5c313          	not	t1,a1
    800020b0:	00737313          	andi	t1,t1,7
    800020b4:	000a3603          	ld	a2,0(s4)
    800020b8:	00150f1b          	addiw	t5,a0,1
    800020bc:	00d7073b          	addw	a4,a4,a3
    800020c0:	00ee07b3          	add	a5,t3,a4
    800020c4:	0007c783          	lbu	a5,0(a5)
    800020c8:	4067d7bb          	sraw	a5,a5,t1
    800020cc:	0017f793          	andi	a5,a5,1
    800020d0:	f9d79ce3          	bne	a5,t4,80002068 <qrencode+0x83c>
    800020d4:	00a60633          	add	a2,a2,a0
    800020d8:	00064703          	lbu	a4,0(a2)
    800020dc:	0017071b          	addiw	a4,a4,1
    800020e0:	00e60023          	sb	a4,0(a2)
    800020e4:	f91ff06f          	j	80002074 <qrencode+0x848>
    800020e8:	00900713          	li	a4,9
    800020ec:	fcd76a63          	bltu	a4,a3,800018c0 <qrencode+0x94>
    800020f0:	0017871b          	addiw	a4,a5,1
    800020f4:	02071713          	slli	a4,a4,0x20
    800020f8:	02075713          	srli	a4,a4,0x20
    800020fc:	00e40433          	add	s0,s0,a4
    80002100:	00040023          	sb	zero,0(s0)
    80002104:	fff7889b          	addiw	a7,a5,-1
    80002108:	06078463          	beqz	a5,80002170 <qrencode+0x944>
    8000210c:	02079713          	slli	a4,a5,0x20
    80002110:	02089893          	slli	a7,a7,0x20
    80002114:	02075713          	srli	a4,a4,0x20
    80002118:	0208d893          	srli	a7,a7,0x20
    8000211c:	40e888b3          	sub	a7,a7,a4
    80002120:	000c3683          	ld	a3,0(s8)
    80002124:	0017059b          	addiw	a1,a4,1
    80002128:	00e88633          	add	a2,a7,a4
    8000212c:	02059593          	slli	a1,a1,0x20
    80002130:	00c68533          	add	a0,a3,a2
    80002134:	0205d593          	srli	a1,a1,0x20
    80002138:	00054503          	lbu	a0,0(a0)
    8000213c:	00b686b3          	add	a3,a3,a1
    80002140:	0006c583          	lbu	a1,0(a3)
    80002144:	0045151b          	slliw	a0,a0,0x4
    80002148:	00a5e5b3          	or	a1,a1,a0
    8000214c:	00b68023          	sb	a1,0(a3)
    80002150:	000c3683          	ld	a3,0(s8)
    80002154:	00c68633          	add	a2,a3,a2
    80002158:	00064603          	lbu	a2,0(a2)
    8000215c:	00e686b3          	add	a3,a3,a4
    80002160:	fff70713          	addi	a4,a4,-1
    80002164:	0046561b          	srliw	a2,a2,0x4
    80002168:	00c68023          	sb	a2,0(a3)
    8000216c:	fa071ae3          	bnez	a4,80002120 <qrencode+0x8f4>
    80002170:	000c3583          	ld	a1,0(s8)
    80002174:	0047961b          	slliw	a2,a5,0x4
    80002178:	0047d71b          	srliw	a4,a5,0x4
    8000217c:	0015c683          	lbu	a3,1(a1)
    80002180:	04076713          	ori	a4,a4,64
    80002184:	00c6e6b3          	or	a3,a3,a2
    80002188:	00d580a3          	sb	a3,1(a1)
    8000218c:	000c3683          	ld	a3,0(s8)
    80002190:	00e68023          	sb	a4,0(a3)
    80002194:	fdcff06f          	j	80001970 <qrencode+0x144>
    80002198:	02e707bb          	mulw	a5,a4,a4
    8000219c:	007787bb          	addw	a5,a5,t2
    800021a0:	0017d79b          	srliw	a5,a5,0x1
    800021a4:	001787bb          	addw	a5,a5,ra
    800021a8:	fff7c393          	not	t2,a5
    800021ac:	0073f393          	andi	t2,t2,7
    800021b0:	0037d79b          	srliw	a5,a5,0x3
    800021b4:	d19ff06f          	j	80001ecc <qrencode+0x6a0>
    800021b8:	0017079b          	addiw	a5,a4,1
    800021bc:	0ff7f793          	zext.b	a5,a5
    800021c0:	04050a63          	beqz	a0,80002214 <qrencode+0x9e8>
    800021c4:	06060663          	beqz	a2,80002230 <qrencode+0xa04>
    800021c8:	fff6009b          	addiw	ra,a2,-1
    800021cc:	0ff0f613          	zext.b	a2,ra
    800021d0:	0007839b          	sext.w	t2,a5
    800021d4:	00060093          	mv	ra,a2
    800021d8:	00078713          	mv	a4,a5
    800021dc:	cc9ff06f          	j	80001ea4 <qrencode+0x678>
    800021e0:	e40592e3          	bnez	a1,80002024 <qrencode+0x7f8>
    800021e4:	0007c783          	lbu	a5,0(a5)
    800021e8:	01e8083b          	addw	a6,a6,t5
    800021ec:	01088833          	add	a6,a7,a6
    800021f0:	41c7d7bb          	sraw	a5,a5,t3
    800021f4:	0017f793          	andi	a5,a5,1
    800021f8:	e20796e3          	bnez	a5,80002024 <qrencode+0x7f8>
    800021fc:	00084783          	lbu	a5,0(a6)
    80002200:	40d7d7bb          	sraw	a5,a5,a3
    80002204:	0017f793          	andi	a5,a5,1
    80002208:	e0079ee3          	bnez	a5,80002024 <qrencode+0x7f8>
    8000220c:	003c8c9b          	addiw	s9,s9,3
    80002210:	e15ff06f          	j	80002024 <qrencode+0x7f8>
    80002214:	02660c63          	beq	a2,t1,8000224c <qrencode+0xa20>
    80002218:	0016009b          	addiw	ra,a2,1
    8000221c:	0ff0f613          	zext.b	a2,ra
    80002220:	0007839b          	sext.w	t2,a5
    80002224:	00060093          	mv	ra,a2
    80002228:	00078713          	mv	a4,a5
    8000222c:	c79ff06f          	j	80001ea4 <qrencode+0x678>
    80002230:	fff7071b          	addiw	a4,a4,-1
    80002234:	0ff77713          	zext.b	a4,a4
    80002238:	33d70a63          	beq	a4,t4,8000256c <qrencode+0xd40>
    8000223c:	0007039b          	sext.w	t2,a4
    80002240:	00000513          	li	a0,0
    80002244:	00000093          	li	ra,0
    80002248:	c5dff06f          	j	80001ea4 <qrencode+0x678>
    8000224c:	fff7071b          	addiw	a4,a4,-1
    80002250:	0ff77713          	zext.b	a4,a4
    80002254:	33d70a63          	beq	a4,t4,80002588 <qrencode+0xd5c>
    80002258:	0007039b          	sext.w	t2,a4
    8000225c:	00030093          	mv	ra,t1
    80002260:	00100513          	li	a0,1
    80002264:	c41ff06f          	j	80001ea4 <qrencode+0x678>
    80002268:	b59fe0ef          	jal	80000dc0 <badruns>
    8000226c:	0019091b          	addiw	s2,s2,1
    80002270:	0ff97793          	zext.b	a5,s2
    80002274:	01950cbb          	addw	s9,a0,s9
    80002278:	ddb7e6e3          	bltu	a5,s11,80002044 <qrencode+0x818>
    8000227c:	03bd86b3          	mul	a3,s11,s11
    80002280:	41fd579b          	sraiw	a5,s10,0x1f
    80002284:	00fd4733          	xor	a4,s10,a5
    80002288:	40f7073b          	subw	a4,a4,a5
    8000228c:	00271793          	slli	a5,a4,0x2
    80002290:	00e787b3          	add	a5,a5,a4
    80002294:	00179793          	slli	a5,a5,0x1
    80002298:	02f6f263          	bgeu	a3,a5,800022bc <qrencode+0xa90>
    8000229c:	00000613          	li	a2,0
    800022a0:	40d787b3          	sub	a5,a5,a3
    800022a4:	0016061b          	addiw	a2,a2,1
    800022a8:	fef6ece3          	bltu	a3,a5,800022a0 <qrencode+0xa74>
    800022ac:	0026179b          	slliw	a5,a2,0x2
    800022b0:	00c787bb          	addw	a5,a5,a2
    800022b4:	0017979b          	slliw	a5,a5,0x1
    800022b8:	01978cbb          	addw	s9,a5,s9
    800022bc:	0a0d8c63          	beqz	s11,80002374 <qrencode+0xb48>
    800022c0:	00000d13          	li	s10,0
    800022c4:	00000893          	li	a7,0
    800022c8:	000a3783          	ld	a5,0(s4)
    800022cc:	00078023          	sb	zero,0(a5)
    800022d0:	0009cd83          	lbu	s11,0(s3)
    800022d4:	2c0d8863          	beqz	s11,800025a4 <qrencode+0xd78>
    800022d8:	fffd4813          	not	a6,s10
    800022dc:	0038d893          	srli	a7,a7,0x3
    800022e0:	00787813          	andi	a6,a6,7
    800022e4:	00000613          	li	a2,0
    800022e8:	00000513          	li	a0,0
    800022ec:	00000793          	li	a5,0
    800022f0:	0200006f          	j	80002310 <qrencode+0xae4>
    800022f4:	0ffe7513          	zext.b	a0,t3
    800022f8:	00a686b3          	add	a3,a3,a0
    800022fc:	01768023          	sb	s7,0(a3)
    80002300:	0009cd83          	lbu	s11,0(s3)
    80002304:	0016061b          	addiw	a2,a2,1
    80002308:	0ff67713          	zext.b	a4,a2
    8000230c:	05b77a63          	bgeu	a4,s11,80002360 <qrencode+0xb34>
    80002310:	000b4703          	lbu	a4,0(s6)
    80002314:	000ab583          	ld	a1,0(s5)
    80002318:	00078313          	mv	t1,a5
    8000231c:	02c7073b          	mulw	a4,a4,a2
    80002320:	000a3683          	ld	a3,0(s4)
    80002324:	00150e1b          	addiw	t3,a0,1
    80002328:	011707bb          	addw	a5,a4,a7
    8000232c:	00f587b3          	add	a5,a1,a5
    80002330:	0007c783          	lbu	a5,0(a5)
    80002334:	4107d7bb          	sraw	a5,a5,a6
    80002338:	0017f793          	andi	a5,a5,1
    8000233c:	fa679ce3          	bne	a5,t1,800022f4 <qrencode+0xac8>
    80002340:	00a686b3          	add	a3,a3,a0
    80002344:	0006c703          	lbu	a4,0(a3)
    80002348:	0016061b          	addiw	a2,a2,1
    8000234c:	0017071b          	addiw	a4,a4,1
    80002350:	00e68023          	sb	a4,0(a3)
    80002354:	0009cd83          	lbu	s11,0(s3)
    80002358:	0ff67713          	zext.b	a4,a2
    8000235c:	fbb76ae3          	bltu	a4,s11,80002310 <qrencode+0xae4>
    80002360:	a61fe0ef          	jal	80000dc0 <badruns>
    80002364:	001d0d1b          	addiw	s10,s10,1
    80002368:	0ffd7893          	zext.b	a7,s10
    8000236c:	01950cbb          	addw	s9,a0,s9
    80002370:	f5b8ece3          	bltu	a7,s11,800022c8 <qrencode+0xa9c>
    80002374:	00013783          	ld	a5,0(sp)
    80002378:	04fcf863          	bgeu	s9,a5,800023c8 <qrencode+0xb9c>
    8000237c:	00700793          	li	a5,7
    80002380:	2af48063          	beq	s1,a5,80002620 <qrencode+0xdf4>
    80002384:	000b4603          	lbu	a2,0(s6)
    80002388:	000c3583          	ld	a1,0(s8)
    8000238c:	000ab503          	ld	a0,0(s5)
    80002390:	02cd8633          	mul	a2,s11,a2
    80002394:	73d010ef          	jal	800042d0 <memcpy>
    80002398:	0014879b          	addiw	a5,s1,1
    8000239c:	00913423          	sd	s1,8(sp)
    800023a0:	0ff7f493          	zext.b	s1,a5
    800023a4:	00048513          	mv	a0,s1
    800023a8:	01913023          	sd	s9,0(sp)
    800023ac:	c5dfe0ef          	jal	80001008 <applymask>
    800023b0:	0009cd83          	lbu	s11,0(s3)
    800023b4:	bbbbe8e3          	bltu	s7,s11,80001f64 <qrencode+0x738>
    800023b8:	00000c93          	li	s9,0
    800023bc:	c80d90e3          	bnez	s11,8000203c <qrencode+0x810>
    800023c0:	00013783          	ld	a5,0(sp)
    800023c4:	fafcece3          	bltu	s9,a5,8000237c <qrencode+0xb50>
    800023c8:	000b4603          	lbu	a2,0(s6)
    800023cc:	000c3583          	ld	a1,0(s8)
    800023d0:	000ab503          	ld	a0,0(s5)
    800023d4:	02cd8633          	mul	a2,s11,a2
    800023d8:	0014849b          	addiw	s1,s1,1
    800023dc:	0ff4f493          	zext.b	s1,s1
    800023e0:	6f1010ef          	jal	800042d0 <memcpy>
    800023e4:	00800793          	li	a5,8
    800023e8:	b6f496e3          	bne	s1,a5,80001f54 <qrencode+0x728>
    800023ec:	00813503          	ld	a0,8(sp)
    800023f0:	0005091b          	sext.w	s2,a0
    800023f4:	28950263          	beq	a0,s1,80002678 <qrencode+0xe4c>
    800023f8:	c11fe0ef          	jal	80001008 <applymask>
    800023fc:	84c1c783          	lbu	a5,-1972(gp) # 800060c4 <ECCLEVEL>
    80002400:	fff7879b          	addiw	a5,a5,-1
    80002404:	0ff7f793          	zext.b	a5,a5
    80002408:	0037979b          	slliw	a5,a5,0x3
    8000240c:	012787bb          	addw	a5,a5,s2
    80002410:	00279793          	slli	a5,a5,0x2
    80002414:	00f407b3          	add	a5,s0,a5
    80002418:	2007a783          	lw	a5,512(a5)
    8000241c:	00000693          	li	a3,0
    80002420:	00800813          	li	a6,8
    80002424:	08000313          	li	t1,128
    80002428:	00500893          	li	a7,5
    8000242c:	0017f713          	andi	a4,a5,1
    80002430:	0016851b          	addiw	a0,a3,1
    80002434:	06070c63          	beqz	a4,800024ac <qrencode+0xc80>
    80002438:	0009c703          	lbu	a4,0(s3)
    8000243c:	000b4603          	lbu	a2,0(s6)
    80002440:	000ab583          	ld	a1,0(s5)
    80002444:	fff7071b          	addiw	a4,a4,-1
    80002448:	40d7073b          	subw	a4,a4,a3
    8000244c:	40375e1b          	sraiw	t3,a4,0x3
    80002450:	0036161b          	slliw	a2,a2,0x3
    80002454:	01c6063b          	addw	a2,a2,t3
    80002458:	00c58633          	add	a2,a1,a2
    8000245c:	00064583          	lbu	a1,0(a2)
    80002460:	00777713          	andi	a4,a4,7
    80002464:	40e3573b          	sraw	a4,t1,a4
    80002468:	00e5e733          	or	a4,a1,a4
    8000246c:	00e60023          	sb	a4,0(a2)
    80002470:	000b4703          	lbu	a4,0(s6)
    80002474:	0006859b          	sext.w	a1,a3
    80002478:	16d8ea63          	bltu	a7,a3,800025ec <qrencode+0xdc0>
    8000247c:	02b7073b          	mulw	a4,a4,a1
    80002480:	000ab603          	ld	a2,0(s5)
    80002484:	0017d79b          	srliw	a5,a5,0x1
    80002488:	0005069b          	sext.w	a3,a0
    8000248c:	0016851b          	addiw	a0,a3,1
    80002490:	0017071b          	addiw	a4,a4,1
    80002494:	00e60733          	add	a4,a2,a4
    80002498:	00074603          	lbu	a2,0(a4)
    8000249c:	f8066613          	ori	a2,a2,-128
    800024a0:	00c70023          	sb	a2,0(a4)
    800024a4:	0017f713          	andi	a4,a5,1
    800024a8:	f80718e3          	bnez	a4,80002438 <qrencode+0xc0c>
    800024ac:	0005069b          	sext.w	a3,a0
    800024b0:	0017d79b          	srliw	a5,a5,0x1
    800024b4:	f7069ce3          	bne	a3,a6,8000242c <qrencode+0xc00>
    800024b8:	00000693          	li	a3,0
    800024bc:	00700813          	li	a6,7
    800024c0:	00600313          	li	t1,6
    800024c4:	08000893          	li	a7,128
    800024c8:	0017f593          	andi	a1,a5,1
    800024cc:	04058c63          	beqz	a1,80002524 <qrencode+0xcf8>
    800024d0:	0009c703          	lbu	a4,0(s3)
    800024d4:	000b4503          	lbu	a0,0(s6)
    800024d8:	000ab603          	ld	a2,0(s5)
    800024dc:	ff97071b          	addiw	a4,a4,-7
    800024e0:	00d7073b          	addw	a4,a4,a3
    800024e4:	02a7073b          	mulw	a4,a4,a0
    800024e8:	40d3053b          	subw	a0,t1,a3
    800024ec:	40a8d53b          	sraw	a0,a7,a0
    800024f0:	0017071b          	addiw	a4,a4,1
    800024f4:	00e60733          	add	a4,a2,a4
    800024f8:	00074603          	lbu	a2,0(a4)
    800024fc:	f8066613          	ori	a2,a2,-128
    80002500:	00c70023          	sb	a2,0(a4)
    80002504:	0c068063          	beqz	a3,800025c4 <qrencode+0xd98>
    80002508:	000b4603          	lbu	a2,0(s6)
    8000250c:	000ab703          	ld	a4,0(s5)
    80002510:	00361613          	slli	a2,a2,0x3
    80002514:	00c70733          	add	a4,a4,a2
    80002518:	00074603          	lbu	a2,0(a4)
    8000251c:	00a66633          	or	a2,a2,a0
    80002520:	00c70023          	sb	a2,0(a4)
    80002524:	0016869b          	addiw	a3,a3,1
    80002528:	0017d79b          	srliw	a5,a5,0x1
    8000252c:	f9069ee3          	bne	a3,a6,800024c8 <qrencode+0xc9c>
    80002530:	07813083          	ld	ra,120(sp)
    80002534:	07013403          	ld	s0,112(sp)
    80002538:	06813483          	ld	s1,104(sp)
    8000253c:	06013903          	ld	s2,96(sp)
    80002540:	05813983          	ld	s3,88(sp)
    80002544:	05013a03          	ld	s4,80(sp)
    80002548:	04813a83          	ld	s5,72(sp)
    8000254c:	04013b03          	ld	s6,64(sp)
    80002550:	03813b83          	ld	s7,56(sp)
    80002554:	03013c03          	ld	s8,48(sp)
    80002558:	02813c83          	ld	s9,40(sp)
    8000255c:	02013d03          	ld	s10,32(sp)
    80002560:	01813d83          	ld	s11,24(sp)
    80002564:	08010113          	addi	sp,sp,128
    80002568:	00008067          	ret
    8000256c:	00050693          	mv	a3,a0
    80002570:	00500393          	li	t2,5
    80002574:	00000513          	li	a0,0
    80002578:	00600793          	li	a5,6
    8000257c:	00900613          	li	a2,9
    80002580:	00500713          	li	a4,5
    80002584:	949ff06f          	j	80001ecc <qrencode+0x6a0>
    80002588:	ff86009b          	addiw	ra,a2,-8
    8000258c:	0ff0f613          	zext.b	a2,ra
    80002590:	00060093          	mv	ra,a2
    80002594:	00500393          	li	t2,5
    80002598:	00100513          	li	a0,1
    8000259c:	00500713          	li	a4,5
    800025a0:	905ff06f          	j	80001ea4 <qrencode+0x678>
    800025a4:	00000513          	li	a0,0
    800025a8:	819fe0ef          	jal	80000dc0 <badruns>
    800025ac:	01950cbb          	addw	s9,a0,s9
    800025b0:	dc5ff06f          	j	80002374 <qrencode+0xb48>
    800025b4:	00000513          	li	a0,0
    800025b8:	809fe0ef          	jal	80000dc0 <badruns>
    800025bc:	01950cbb          	addw	s9,a0,s9
    800025c0:	cbdff06f          	j	8000227c <qrencode+0xa50>
    800025c4:	000b4683          	lbu	a3,0(s6)
    800025c8:	000ab703          	ld	a4,0(s5)
    800025cc:	0017d79b          	srliw	a5,a5,0x1
    800025d0:	00369693          	slli	a3,a3,0x3
    800025d4:	00d70733          	add	a4,a4,a3
    800025d8:	00074603          	lbu	a2,0(a4)
    800025dc:	00058693          	mv	a3,a1
    800025e0:	00166613          	ori	a2,a2,1
    800025e4:	00c70023          	sb	a2,0(a4)
    800025e8:	ee1ff06f          	j	800024c8 <qrencode+0xc9c>
    800025ec:	02e5073b          	mulw	a4,a0,a4
    800025f0:	000ab683          	ld	a3,0(s5)
    800025f4:	0017d79b          	srliw	a5,a5,0x1
    800025f8:	0017071b          	addiw	a4,a4,1
    800025fc:	00e68733          	add	a4,a3,a4
    80002600:	00074683          	lbu	a3,0(a4)
    80002604:	f806e693          	ori	a3,a3,-128
    80002608:	00d70023          	sb	a3,0(a4)
    8000260c:	0005069b          	sext.w	a3,a0
    80002610:	e1069ee3          	bne	a3,a6,8000242c <qrencode+0xc00>
    80002614:	ea5ff06f          	j	800024b8 <qrencode+0xc8c>
    80002618:	00030813          	mv	a6,t1
    8000261c:	e64ff06f          	j	80001c80 <qrencode+0x454>
    80002620:	00700913          	li	s2,7
    80002624:	dd9ff06f          	j	800023fc <qrencode+0xbd0>
    80002628:	00070793          	mv	a5,a4
    8000262c:	0017871b          	addiw	a4,a5,1
    80002630:	02071713          	slli	a4,a4,0x20
    80002634:	02075713          	srli	a4,a4,0x20
    80002638:	00e40433          	add	s0,s0,a4
    8000263c:	00040023          	sb	zero,0(s0)
    80002640:	fff7889b          	addiw	a7,a5,-1
    80002644:	ac0794e3          	bnez	a5,8000210c <qrencode+0x8e0>
    80002648:	b29ff06f          	j	80002170 <qrencode+0x944>
    8000264c:	00080713          	mv	a4,a6
    80002650:	ebcff06f          	j	80001d0c <qrencode+0x4e0>
    80002654:	000e0023          	sb	zero,0(t3)
    80002658:	c98ff06f          	j	80001af0 <qrencode+0x2c4>
    8000265c:	0004c783          	lbu	a5,0(s1)
    80002660:	00000513          	li	a0,0
    80002664:	00080713          	mv	a4,a6
    80002668:	d2059063          	bnez	a1,80001b88 <qrencode+0x35c>
    8000266c:	ea0ff06f          	j	80001d0c <qrencode+0x4e0>
    80002670:	00000613          	li	a2,0
    80002674:	e18ff06f          	j	80001c8c <qrencode+0x460>
    80002678:	00800913          	li	s2,8
    8000267c:	d81ff06f          	j	800023fc <qrencode+0xbd0>

0000000080002680 <putalign>:
    80002680:	fd010113          	addi	sp,sp,-48
    80002684:	02813423          	sd	s0,40(sp)
    80002688:	02913023          	sd	s1,32(sp)
    8000268c:	01213c23          	sd	s2,24(sp)
    80002690:	01313823          	sd	s3,16(sp)
    80002694:	01413423          	sd	s4,8(sp)
    80002698:	86018813          	addi	a6,gp,-1952 # 800060d8 <WDB>
    8000269c:	00084783          	lbu	a5,0(a6)
    800026a0:	87818613          	addi	a2,gp,-1928 # 800060f0 <framebase>
    800026a4:	00063703          	ld	a4,0(a2)
    800026a8:	02b787bb          	mulw	a5,a5,a1
    800026ac:	40355e1b          	sraiw	t3,a0,0x3
    800026b0:	08000313          	li	t1,128
    800026b4:	ffe5069b          	addiw	a3,a0,-2
    800026b8:	00250e9b          	addiw	t4,a0,2
    800026bc:	00757893          	andi	a7,a0,7
    800026c0:	411358bb          	sraw	a7,t1,a7
    800026c4:	0076ff13          	andi	t5,a3,7
    800026c8:	41e35f3b          	sraw	t5,t1,t5
    800026cc:	000e839b          	sext.w	t2,t4
    800026d0:	01c787bb          	addw	a5,a5,t3
    800026d4:	00f70733          	add	a4,a4,a5
    800026d8:	00074783          	lbu	a5,0(a4)
    800026dc:	007efe13          	andi	t3,t4,7
    800026e0:	41c3533b          	sraw	t1,t1,t3
    800026e4:	0117e7b3          	or	a5,a5,a7
    800026e8:	00f70023          	sb	a5,0(a4)
    800026ec:	4036d41b          	sraiw	s0,a3,0x3
    800026f0:	0fff7f13          	zext.b	t5,t5
    800026f4:	403ede9b          	sraiw	t4,t4,0x3
    800026f8:	0ff37313          	zext.b	t1,t1
    800026fc:	ffe5829b          	addiw	t0,a1,-2
    80002700:	00258f9b          	addiw	t6,a1,2
    80002704:	0006879b          	sext.w	a5,a3
    80002708:	fff5889b          	addiw	a7,a1,-1
    8000270c:	08000e13          	li	t3,128
    80002710:	00084683          	lbu	a3,0(a6)
    80002714:	4037d99b          	sraiw	s3,a5,0x3
    80002718:	0077fa13          	andi	s4,a5,7
    8000271c:	025686bb          	mulw	a3,a3,t0
    80002720:	414e5a3b          	sraw	s4,t3,s4
    80002724:	fff8871b          	addiw	a4,a7,-1
    80002728:	0017879b          	addiw	a5,a5,1
    8000272c:	4037d91b          	sraiw	s2,a5,0x3
    80002730:	0077f493          	andi	s1,a5,7
    80002734:	409e54bb          	sraw	s1,t3,s1
    80002738:	013686bb          	addw	a3,a3,s3
    8000273c:	00063983          	ld	s3,0(a2)
    80002740:	00d986b3          	add	a3,s3,a3
    80002744:	0006c983          	lbu	s3,0(a3)
    80002748:	0149e9b3          	or	s3,s3,s4
    8000274c:	01368023          	sb	s3,0(a3)
    80002750:	00084683          	lbu	a3,0(a6)
    80002754:	00063983          	ld	s3,0(a2)
    80002758:	031686bb          	mulw	a3,a3,a7
    8000275c:	0018889b          	addiw	a7,a7,1
    80002760:	008686bb          	addw	a3,a3,s0
    80002764:	00d986b3          	add	a3,s3,a3
    80002768:	0006c983          	lbu	s3,0(a3)
    8000276c:	013f69b3          	or	s3,t5,s3
    80002770:	01368023          	sb	s3,0(a3)
    80002774:	00084983          	lbu	s3,0(a6)
    80002778:	00063683          	ld	a3,0(a2)
    8000277c:	0337073b          	mulw	a4,a4,s3
    80002780:	01d7073b          	addw	a4,a4,t4
    80002784:	00e68733          	add	a4,a3,a4
    80002788:	00074683          	lbu	a3,0(a4)
    8000278c:	00d366b3          	or	a3,t1,a3
    80002790:	00d70023          	sb	a3,0(a4)
    80002794:	00084703          	lbu	a4,0(a6)
    80002798:	00063683          	ld	a3,0(a2)
    8000279c:	03f7073b          	mulw	a4,a4,t6
    800027a0:	0127073b          	addw	a4,a4,s2
    800027a4:	00e68733          	add	a4,a3,a4
    800027a8:	00074683          	lbu	a3,0(a4)
    800027ac:	0096e6b3          	or	a3,a3,s1
    800027b0:	00d70023          	sb	a3,0(a4)
    800027b4:	f4f39ee3          	bne	t2,a5,80002710 <putalign+0x90>
    800027b8:	0ff57513          	zext.b	a0,a0
    800027bc:	0ff5f593          	zext.b	a1,a1
    800027c0:	fff5031b          	addiw	t1,a0,-1
    800027c4:	0015039b          	addiw	t2,a0,1
    800027c8:	fff5889b          	addiw	a7,a1,-1
    800027cc:	0015829b          	addiw	t0,a1,1
    800027d0:	00258f1b          	addiw	t5,a1,2
    800027d4:	0ff37313          	zext.b	t1,t1
    800027d8:	0ff3fe93          	zext.b	t4,t2
    800027dc:	0ff8f893          	zext.b	a7,a7
    800027e0:	0ff2fe13          	zext.b	t3,t0
    800027e4:	0fff7f13          	zext.b	t5,t5
    800027e8:	00058693          	mv	a3,a1
    800027ec:	00050713          	mv	a4,a0
    800027f0:	87018813          	addi	a6,gp,-1936 # 800060e8 <framask>
    800027f4:	08000613          	li	a2,128
    800027f8:	00030f93          	mv	t6,t1
    800027fc:	0065e663          	bltu	a1,t1,80002808 <putalign+0x188>
    80002800:	00058f93          	mv	t6,a1
    80002804:	00030593          	mv	a1,t1
    80002808:	001f879b          	addiw	a5,t6,1
    8000280c:	03f787bb          	mulw	a5,a5,t6
    80002810:	00083f83          	ld	t6,0(a6)
    80002814:	0017d79b          	srliw	a5,a5,0x1
    80002818:	00f585bb          	addw	a1,a1,a5
    8000281c:	0035d79b          	srliw	a5,a1,0x3
    80002820:	00ff87b3          	add	a5,t6,a5
    80002824:	0007cf83          	lbu	t6,0(a5)
    80002828:	0075f593          	andi	a1,a1,7
    8000282c:	40b655bb          	sraw	a1,a2,a1
    80002830:	00bfe5b3          	or	a1,t6,a1
    80002834:	00b78023          	sb	a1,0(a5)
    80002838:	0fd6f263          	bgeu	a3,t4,8000291c <putalign+0x29c>
    8000283c:	000e8f93          	mv	t6,t4
    80002840:	00068793          	mv	a5,a3
    80002844:	001f859b          	addiw	a1,t6,1
    80002848:	03f585bb          	mulw	a1,a1,t6
    8000284c:	00083f83          	ld	t6,0(a6)
    80002850:	0015d59b          	srliw	a1,a1,0x1
    80002854:	00b787bb          	addw	a5,a5,a1
    80002858:	0037d59b          	srliw	a1,a5,0x3
    8000285c:	00bf85b3          	add	a1,t6,a1
    80002860:	0005cf83          	lbu	t6,0(a1)
    80002864:	0077f793          	andi	a5,a5,7
    80002868:	40f657bb          	sraw	a5,a2,a5
    8000286c:	00ffe7b3          	or	a5,t6,a5
    80002870:	00f58023          	sb	a5,0(a1)
    80002874:	0ce8fe63          	bgeu	a7,a4,80002950 <putalign+0x2d0>
    80002878:	00070f93          	mv	t6,a4
    8000287c:	00088793          	mv	a5,a7
    80002880:	001f859b          	addiw	a1,t6,1
    80002884:	03f585bb          	mulw	a1,a1,t6
    80002888:	00083f83          	ld	t6,0(a6)
    8000288c:	0015d59b          	srliw	a1,a1,0x1
    80002890:	00b787bb          	addw	a5,a5,a1
    80002894:	0037d59b          	srliw	a1,a5,0x3
    80002898:	00bf85b3          	add	a1,t6,a1
    8000289c:	0005cf83          	lbu	t6,0(a1)
    800028a0:	0077f793          	andi	a5,a5,7
    800028a4:	40f657bb          	sraw	a5,a2,a5
    800028a8:	00ffe7b3          	or	a5,t6,a5
    800028ac:	00f58023          	sb	a5,0(a1)
    800028b0:	08ae7a63          	bgeu	t3,a0,80002944 <putalign+0x2c4>
    800028b4:	00050593          	mv	a1,a0
    800028b8:	000e0793          	mv	a5,t3
    800028bc:	00158f9b          	addiw	t6,a1,1
    800028c0:	02bf8fbb          	mulw	t6,t6,a1
    800028c4:	00083403          	ld	s0,0(a6)
    800028c8:	0ff2f593          	zext.b	a1,t0
    800028cc:	fff7071b          	addiw	a4,a4,-1
    800028d0:	fff6869b          	addiw	a3,a3,-1
    800028d4:	0ff3f513          	zext.b	a0,t2
    800028d8:	0ff77713          	zext.b	a4,a4
    800028dc:	0ff6f693          	zext.b	a3,a3
    800028e0:	001fdf9b          	srliw	t6,t6,0x1
    800028e4:	01f787bb          	addw	a5,a5,t6
    800028e8:	0037df9b          	srliw	t6,a5,0x3
    800028ec:	01f40fb3          	add	t6,s0,t6
    800028f0:	000fc283          	lbu	t0,0(t6)
    800028f4:	0077f793          	andi	a5,a5,7
    800028f8:	40f657bb          	sraw	a5,a2,a5
    800028fc:	00f2e7b3          	or	a5,t0,a5
    80002900:	00ff8023          	sb	a5,0(t6)
    80002904:	03e58263          	beq	a1,t5,80002928 <putalign+0x2a8>
    80002908:	0015039b          	addiw	t2,a0,1
    8000290c:	0015829b          	addiw	t0,a1,1
    80002910:	00030f93          	mv	t6,t1
    80002914:	ee65eae3          	bltu	a1,t1,80002808 <putalign+0x188>
    80002918:	ee9ff06f          	j	80002800 <putalign+0x180>
    8000291c:	00068f93          	mv	t6,a3
    80002920:	000e8793          	mv	a5,t4
    80002924:	f21ff06f          	j	80002844 <putalign+0x1c4>
    80002928:	02813403          	ld	s0,40(sp)
    8000292c:	02013483          	ld	s1,32(sp)
    80002930:	01813903          	ld	s2,24(sp)
    80002934:	01013983          	ld	s3,16(sp)
    80002938:	00813a03          	ld	s4,8(sp)
    8000293c:	03010113          	addi	sp,sp,48
    80002940:	00008067          	ret
    80002944:	000e0593          	mv	a1,t3
    80002948:	00050793          	mv	a5,a0
    8000294c:	f71ff06f          	j	800028bc <putalign+0x23c>
    80002950:	00088f93          	mv	t6,a7
    80002954:	00070793          	mv	a5,a4
    80002958:	f29ff06f          	j	80002880 <putalign+0x200>

000000008000295c <initframe>:
    8000295c:	f1010113          	addi	sp,sp,-240
    80002960:	0e113423          	sd	ra,232(sp)
    80002964:	0e813023          	sd	s0,224(sp)
    80002968:	0c913c23          	sd	s1,216(sp)
    8000296c:	0d213823          	sd	s2,208(sp)
    80002970:	0d313423          	sd	s3,200(sp)
    80002974:	0d413023          	sd	s4,192(sp)
    80002978:	0b613823          	sd	s6,176(sp)
    8000297c:	0b713423          	sd	s7,168(sp)
    80002980:	0b813023          	sd	s8,160(sp)
    80002984:	09913c23          	sd	s9,152(sp)
    80002988:	09a13823          	sd	s10,144(sp)
    8000298c:	09b13423          	sd	s11,136(sp)
    80002990:	0b513c23          	sd	s5,184(sp)
    80002994:	86118993          	addi	s3,gp,-1951 # 800060d9 <WD>
    80002998:	86018493          	addi	s1,gp,-1952 # 800060d8 <WDB>
    8000299c:	0009c783          	lbu	a5,0(s3)
    800029a0:	0004c503          	lbu	a0,0(s1)
    800029a4:	00100593          	li	a1,1
    800029a8:	87818413          	addi	s0,gp,-1928 # 800060f0 <framebase>
    800029ac:	02f5053b          	mulw	a0,a0,a5
    800029b0:	87018913          	addi	s2,gp,-1936 # 800060e8 <framask>
    800029b4:	00500d13          	li	s10,5
    800029b8:	00500c13          	li	s8,5
    800029bc:	00500c93          	li	s9,5
    800029c0:	00500d93          	li	s11,5
    800029c4:	00600b93          	li	s7,6
    800029c8:	00000b13          	li	s6,0
    800029cc:	03051513          	slli	a0,a0,0x30
    800029d0:	03055513          	srli	a0,a0,0x30
    800029d4:	ae4fe0ef          	jal	80000cb8 <calloc_beebs>
    800029d8:	0009c703          	lbu	a4,0(s3)
    800029dc:	00a43023          	sd	a0,0(s0)
    800029e0:	00100593          	li	a1,1
    800029e4:	0017079b          	addiw	a5,a4,1
    800029e8:	02e787bb          	mulw	a5,a5,a4
    800029ec:	4017d51b          	sraiw	a0,a5,0x1
    800029f0:	0075051b          	addiw	a0,a0,7
    800029f4:	02f51513          	slli	a0,a0,0x2f
    800029f8:	03255513          	srli	a0,a0,0x32
    800029fc:	abcfe0ef          	jal	80000cb8 <calloc_beebs>
    80002a00:	0009c783          	lbu	a5,0(s3)
    80002a04:	00a93023          	sd	a0,0(s2)
    80002a08:	00178513          	addi	a0,a5,1
    80002a0c:	a4cfe0ef          	jal	80000c58 <malloc_beebs>
    80002a10:	86a1b423          	sd	a0,-1944(gp) # 800060e0 <rlens>
    80002a14:	00400793          	li	a5,4
    80002a18:	04f13423          	sd	a5,72(sp)
    80002a1c:	00800793          	li	a5,8
    80002a20:	04f13823          	sd	a5,80(sp)
    80002a24:	02000793          	li	a5,32
    80002a28:	00300693          	li	a3,3
    80002a2c:	04f13c23          	sd	a5,88(sp)
    80002a30:	00200793          	li	a5,2
    80002a34:	06f13423          	sd	a5,104(sp)
    80002a38:	00000313          	li	t1,0
    80002a3c:	00100793          	li	a5,1
    80002a40:	06d12c23          	sw	a3,120(sp)
    80002a44:	00200693          	li	a3,2
    80002a48:	02f13823          	sd	a5,48(sp)
    80002a4c:	02013023          	sd	zero,32(sp)
    80002a50:	00100893          	li	a7,1
    80002a54:	00100813          	li	a6,1
    80002a58:	06013023          	sd	zero,96(sp)
    80002a5c:	06013823          	sd	zero,112(sp)
    80002a60:	00100293          	li	t0,1
    80002a64:	00200f13          	li	t5,2
    80002a68:	00000393          	li	t2,0
    80002a6c:	08000f93          	li	t6,128
    80002a70:	01000713          	li	a4,16
    80002a74:	00300793          	li	a5,3
    80002a78:	00000e13          	li	t3,0
    80002a7c:	00000613          	li	a2,0
    80002a80:	02013423          	sd	zero,40(sp)
    80002a84:	00013423          	sd	zero,8(sp)
    80002a88:	06d12e23          	sw	a3,124(sp)
    80002a8c:	08000593          	li	a1,128
    80002a90:	03813c23          	sd	s8,56(sp)
    80002a94:	05a13023          	sd	s10,64(sp)
    80002a98:	00030a13          	mv	s4,t1
    80002a9c:	0004c683          	lbu	a3,0(s1)
    80002aa0:	00813503          	ld	a0,8(sp)
    80002aa4:	000e031b          	sext.w	t1,t3
    80002aa8:	02f687bb          	mulw	a5,a3,a5
    80002aac:	001a0a9b          	addiw	s5,s4,1
    80002ab0:	006e0d13          	addi	s10,t3,6
    80002ab4:	00030693          	mv	a3,t1
    80002ab8:	41c50c3b          	subw	s8,a0,t3
    80002abc:	406a0a3b          	subw	s4,s4,t1
    80002ac0:	406a8abb          	subw	s5,s5,t1
    80002ac4:	01b13823          	sd	s11,16(sp)
    80002ac8:	01013c23          	sd	a6,24(sp)
    80002acc:	00c787bb          	addw	a5,a5,a2
    80002ad0:	00043603          	ld	a2,0(s0)
    80002ad4:	00f607b3          	add	a5,a2,a5
    80002ad8:	0007c603          	lbu	a2,0(a5)
    80002adc:	00c76633          	or	a2,a4,a2
    80002ae0:	00c78023          	sb	a2,0(a5)
    80002ae4:	0004cd83          	lbu	s11,0(s1)
    80002ae8:	0016881b          	addiw	a6,a3,1
    80002aec:	0006851b          	sext.w	a0,a3
    80002af0:	03cd8dbb          	mulw	s11,s11,t3
    80002af4:	00da07bb          	addw	a5,s4,a3
    80002af8:	00dc063b          	addw	a2,s8,a3
    80002afc:	00043683          	ld	a3,0(s0)
    80002b00:	4037d79b          	sraiw	a5,a5,0x3
    80002b04:	00767613          	andi	a2,a2,7
    80002b08:	40c5d63b          	sraw	a2,a1,a2
    80002b0c:	00aa873b          	addw	a4,s5,a0
    80002b10:	40375e9b          	sraiw	t4,a4,0x3
    80002b14:	00777713          	andi	a4,a4,7
    80002b18:	01b787bb          	addw	a5,a5,s11
    80002b1c:	00f687b3          	add	a5,a3,a5
    80002b20:	0007cd83          	lbu	s11,0(a5)
    80002b24:	40e5d73b          	sraw	a4,a1,a4
    80002b28:	0008069b          	sext.w	a3,a6
    80002b2c:	00cdedb3          	or	s11,s11,a2
    80002b30:	01b78023          	sb	s11,0(a5)
    80002b34:	0004c783          	lbu	a5,0(s1)
    80002b38:	00043603          	ld	a2,0(s0)
    80002b3c:	030787bb          	mulw	a5,a5,a6
    80002b40:	016787bb          	addw	a5,a5,s6
    80002b44:	00f607b3          	add	a5,a2,a5
    80002b48:	0007c603          	lbu	a2,0(a5)
    80002b4c:	00cfe633          	or	a2,t6,a2
    80002b50:	00c78023          	sb	a2,0(a5)
    80002b54:	0004c783          	lbu	a5,0(s1)
    80002b58:	00043603          	ld	a2,0(s0)
    80002b5c:	02a787bb          	mulw	a5,a5,a0
    80002b60:	007787bb          	addw	a5,a5,t2
    80002b64:	00f607b3          	add	a5,a2,a5
    80002b68:	0007c603          	lbu	a2,0(a5)
    80002b6c:	00cf6633          	or	a2,t5,a2
    80002b70:	00c78023          	sb	a2,0(a5)
    80002b74:	0004c783          	lbu	a5,0(s1)
    80002b78:	00043603          	ld	a2,0(s0)
    80002b7c:	037787bb          	mulw	a5,a5,s7
    80002b80:	01d787bb          	addw	a5,a5,t4
    80002b84:	00f607b3          	add	a5,a2,a5
    80002b88:	0007c603          	lbu	a2,0(a5)
    80002b8c:	00e66733          	or	a4,a2,a4
    80002b90:	00e78023          	sb	a4,0(a5)
    80002b94:	f5a698e3          	bne	a3,s10,80002ae4 <initframe+0x188>
    80002b98:	00813783          	ld	a5,8(sp)
    80002b9c:	02813703          	ld	a4,40(sp)
    80002ba0:	01013d83          	ld	s11,16(sp)
    80002ba4:	00178e1b          	addiw	t3,a5,1
    80002ba8:	00613823          	sd	t1,16(sp)
    80002bac:	01813803          	ld	a6,24(sp)
    80002bb0:	03813e83          	ld	t4,56(sp)
    80002bb4:	04013503          	ld	a0,64(sp)
    80002bb8:	03013303          	ld	t1,48(sp)
    80002bbc:	00170f1b          	addiw	t5,a4,1
    80002bc0:	00578d1b          	addiw	s10,a5,5
    80002bc4:	0ffe7693          	zext.b	a3,t3
    80002bc8:	0fff7f13          	zext.b	t5,t5
    80002bcc:	0ffd7d13          	zext.b	s10,s10
    80002bd0:	00068e13          	mv	t3,a3
    80002bd4:	001f071b          	addiw	a4,t5,1
    80002bd8:	00168a1b          	addiw	s4,a3,1
    80002bdc:	000e0393          	mv	t2,t3
    80002be0:	00093603          	ld	a2,0(s2)
    80002be4:	0ff77b13          	zext.b	s6,a4
    80002be8:	0ffa7e13          	zext.b	t3,s4
    80002bec:	00088f93          	mv	t6,a7
    80002bf0:	00d36663          	bltu	t1,a3,80002bfc <initframe+0x2a0>
    80002bf4:	00038f93          	mv	t6,t2
    80002bf8:	00088393          	mv	t2,a7
    80002bfc:	0013879b          	addiw	a5,t2,1
    80002c00:	027787bb          	mulw	a5,a5,t2
    80002c04:	0ffa7693          	zext.b	a3,s4
    80002c08:	0ff77713          	zext.b	a4,a4
    80002c0c:	00080a93          	mv	s5,a6
    80002c10:	000f0b9b          	sext.w	s7,t5
    80002c14:	000c8a13          	mv	s4,s9
    80002c18:	000e0393          	mv	t2,t3
    80002c1c:	00050c13          	mv	s8,a0
    80002c20:	0017d79b          	srliw	a5,a5,0x1
    80002c24:	01f787bb          	addw	a5,a5,t6
    80002c28:	0037df9b          	srliw	t6,a5,0x3
    80002c2c:	01f60633          	add	a2,a2,t6
    80002c30:	00064f83          	lbu	t6,0(a2)
    80002c34:	0077f793          	andi	a5,a5,7
    80002c38:	40f5d7bb          	sraw	a5,a1,a5
    80002c3c:	00ffefb3          	or	t6,t6,a5
    80002c40:	01f60023          	sb	t6,0(a2)
    80002c44:	00093603          	ld	a2,0(s2)
    80002c48:	005b6663          	bltu	s6,t0,80002c54 <initframe+0x2f8>
    80002c4c:	00070a93          	mv	s5,a4
    80002c50:	00080713          	mv	a4,a6
    80002c54:	001a879b          	addiw	a5,s5,1
    80002c58:	035787bb          	mulw	a5,a5,s5
    80002c5c:	0017d79b          	srliw	a5,a5,0x1
    80002c60:	00e787bb          	addw	a5,a5,a4
    80002c64:	0037d71b          	srliw	a4,a5,0x3
    80002c68:	00e60733          	add	a4,a2,a4
    80002c6c:	00074603          	lbu	a2,0(a4)
    80002c70:	0077f793          	andi	a5,a5,7
    80002c74:	40f5d7bb          	sraw	a5,a1,a5
    80002c78:	00f66633          	or	a2,a2,a5
    80002c7c:	00c70023          	sb	a2,0(a4)
    80002c80:	00093703          	ld	a4,0(s2)
    80002c84:	01df6663          	bltu	t5,t4,80002c90 <initframe+0x334>
    80002c88:	000b8a13          	mv	s4,s7
    80002c8c:	000c8b93          	mv	s7,s9
    80002c90:	001a079b          	addiw	a5,s4,1
    80002c94:	034787bb          	mulw	a5,a5,s4
    80002c98:	000b0f13          	mv	t5,s6
    80002c9c:	0017d79b          	srliw	a5,a5,0x1
    80002ca0:	017787bb          	addw	a5,a5,s7
    80002ca4:	0037d61b          	srliw	a2,a5,0x3
    80002ca8:	00c70733          	add	a4,a4,a2
    80002cac:	00074603          	lbu	a2,0(a4)
    80002cb0:	0077f793          	andi	a5,a5,7
    80002cb4:	40f5d7bb          	sraw	a5,a1,a5
    80002cb8:	00f667b3          	or	a5,a2,a5
    80002cbc:	00f70023          	sb	a5,0(a4)
    80002cc0:	00dde663          	bltu	s11,a3,80002ccc <initframe+0x370>
    80002cc4:	00050393          	mv	t2,a0
    80002cc8:	000e0c13          	mv	s8,t3
    80002ccc:	0013879b          	addiw	a5,t2,1
    80002cd0:	027787bb          	mulw	a5,a5,t2
    80002cd4:	00093703          	ld	a4,0(s2)
    80002cd8:	0017d79b          	srliw	a5,a5,0x1
    80002cdc:	018787bb          	addw	a5,a5,s8
    80002ce0:	0037d61b          	srliw	a2,a5,0x3
    80002ce4:	00c70733          	add	a4,a4,a2
    80002ce8:	00074603          	lbu	a2,0(a4)
    80002cec:	0077f793          	andi	a5,a5,7
    80002cf0:	40f5d7bb          	sraw	a5,a1,a5
    80002cf4:	00f667b3          	or	a5,a2,a5
    80002cf8:	00f70023          	sb	a5,0(a4)
    80002cfc:	ecdd1ce3          	bne	s10,a3,80002bd4 <initframe+0x278>
    80002d00:	01013303          	ld	t1,16(sp)
    80002d04:	00813783          	ld	a5,8(sp)
    80002d08:	07812503          	lw	a0,120(sp)
    80002d0c:	00530893          	addi	a7,t1,5
    80002d10:	0027871b          	addiw	a4,a5,2
    80002d14:	04813803          	ld	a6,72(sp)
    80002d18:	07c12783          	lw	a5,124(sp)
    80002d1c:	05013303          	ld	t1,80(sp)
    80002d20:	05813e03          	ld	t3,88(sp)
    80002d24:	06013e83          	ld	t4,96(sp)
    80002d28:	06813f03          	ld	t5,104(sp)
    80002d2c:	07013f83          	ld	t6,112(sp)
    80002d30:	0ff77713          	zext.b	a4,a4
    80002d34:	0004c603          	lbu	a2,0(s1)
    80002d38:	00043a03          	ld	s4,0(s0)
    80002d3c:	4037db1b          	sraiw	s6,a5,0x3
    80002d40:	03e6063b          	mulw	a2,a2,t5
    80002d44:	00777a93          	andi	s5,a4,7
    80002d48:	4155dabb          	sraw	s5,a1,s5
    80002d4c:	fff5069b          	addiw	a3,a0,-1
    80002d50:	0017879b          	addiw	a5,a5,1
    80002d54:	4037d39b          	sraiw	t2,a5,0x3
    80002d58:	0077f293          	andi	t0,a5,7
    80002d5c:	4055d2bb          	sraw	t0,a1,t0
    80002d60:	0017071b          	addiw	a4,a4,1
    80002d64:	0ff77713          	zext.b	a4,a4
    80002d68:	0166063b          	addw	a2,a2,s6
    80002d6c:	00ca0633          	add	a2,s4,a2
    80002d70:	00064a03          	lbu	s4,0(a2)
    80002d74:	015a6a33          	or	s4,s4,s5
    80002d78:	01460023          	sb	s4,0(a2)
    80002d7c:	0004c603          	lbu	a2,0(s1)
    80002d80:	00043a03          	ld	s4,0(s0)
    80002d84:	02a6063b          	mulw	a2,a2,a0
    80002d88:	0015051b          	addiw	a0,a0,1
    80002d8c:	01f6063b          	addw	a2,a2,t6
    80002d90:	00ca0633          	add	a2,s4,a2
    80002d94:	00064a03          	lbu	s4,0(a2)
    80002d98:	014e6a33          	or	s4,t3,s4
    80002d9c:	01460023          	sb	s4,0(a2)
    80002da0:	0004ca03          	lbu	s4,0(s1)
    80002da4:	00043603          	ld	a2,0(s0)
    80002da8:	034686bb          	mulw	a3,a3,s4
    80002dac:	01d686bb          	addw	a3,a3,t4
    80002db0:	00d606b3          	add	a3,a2,a3
    80002db4:	0006c603          	lbu	a2,0(a3)
    80002db8:	00c36633          	or	a2,t1,a2
    80002dbc:	00c68023          	sb	a2,0(a3)
    80002dc0:	0004c683          	lbu	a3,0(s1)
    80002dc4:	00043603          	ld	a2,0(s0)
    80002dc8:	030686bb          	mulw	a3,a3,a6
    80002dcc:	007686bb          	addw	a3,a3,t2
    80002dd0:	00d606b3          	add	a3,a2,a3
    80002dd4:	0006c603          	lbu	a2,0(a3)
    80002dd8:	00566633          	or	a2,a2,t0
    80002ddc:	00c68023          	sb	a2,0(a3)
    80002de0:	f5151ae3          	bne	a0,a7,80002d34 <initframe+0x3d8>
    80002de4:	02013783          	ld	a5,32(sp)
    80002de8:	00178293          	addi	t0,a5,1
    80002dec:	00300793          	li	a5,3
    80002df0:	10f28463          	beq	t0,a5,80002ef8 <initframe+0x59c>
    80002df4:	00100793          	li	a5,1
    80002df8:	0af286e3          	beq	t0,a5,800036a4 <initframe+0xd48>
    80002dfc:	0009cc83          	lbu	s9,0(s3)
    80002e00:	00200793          	li	a5,2
    80002e04:	02f13023          	sd	a5,32(sp)
    80002e08:	ff9c879b          	addiw	a5,s9,-7
    80002e0c:	0ff7fa13          	zext.b	s4,a5
    80002e10:	004a0793          	addi	a5,s4,4
    80002e14:	0077f793          	andi	a5,a5,7
    80002e18:	002a0693          	addi	a3,s4,2
    80002e1c:	40f5d7bb          	sraw	a5,a1,a5
    80002e20:	0ff7f793          	zext.b	a5,a5
    80002e24:	0076f693          	andi	a3,a3,7
    80002e28:	002a051b          	addiw	a0,s4,2
    80002e2c:	40d5d6bb          	sraw	a3,a1,a3
    80002e30:	04f13823          	sd	a5,80(sp)
    80002e34:	00500793          	li	a5,5
    80002e38:	4035531b          	sraiw	t1,a0,0x3
    80002e3c:	0ff6f693          	zext.b	a3,a3
    80002e40:	003a0713          	addi	a4,s4,3
    80002e44:	006a0f13          	addi	t5,s4,6
    80002e48:	06a12e23          	sw	a0,124(sp)
    80002e4c:	04f13023          	sd	a5,64(sp)
    80002e50:	004a0513          	addi	a0,s4,4
    80002e54:	00400793          	li	a5,4
    80002e58:	ffac881b          	addiw	a6,s9,-6
    80002e5c:	00777713          	andi	a4,a4,7
    80002e60:	ffec8c9b          	addiw	s9,s9,-2
    80002e64:	007a7f93          	andi	t6,s4,7
    80002e68:	007f7f13          	andi	t5,t5,7
    80002e6c:	04d13c23          	sd	a3,88(sp)
    80002e70:	04f13423          	sd	a5,72(sp)
    80002e74:	00355693          	srli	a3,a0,0x3
    80002e78:	00200793          	li	a5,2
    80002e7c:	0ffcfe13          	zext.b	t3,s9
    80002e80:	003a0613          	addi	a2,s4,3
    80002e84:	40e5d73b          	sraw	a4,a1,a4
    80002e88:	41f5dfbb          	sraw	t6,a1,t6
    80002e8c:	006a0393          	addi	t2,s4,6
    80002e90:	41e5df3b          	sraw	t5,a1,t5
    80002e94:	0ff87293          	zext.b	t0,a6
    80002e98:	06d13023          	sd	a3,96(sp)
    80002e9c:	06f13423          	sd	a5,104(sp)
    80002ea0:	00300693          	li	a3,3
    80002ea4:	00100793          	li	a5,1
    80002ea8:	03c13c23          	sd	t3,56(sp)
    80002eac:	000e0c93          	mv	s9,t3
    80002eb0:	02f13823          	sd	a5,48(sp)
    80002eb4:	00100893          	li	a7,1
    80002eb8:	01413423          	sd	s4,8(sp)
    80002ebc:	00365613          	srli	a2,a2,0x3
    80002ec0:	0ff77713          	zext.b	a4,a4
    80002ec4:	003a5b13          	srli	s6,s4,0x3
    80002ec8:	0fffff93          	zext.b	t6,t6
    80002ecc:	0033d393          	srli	t2,t2,0x3
    80002ed0:	0fff7f13          	zext.b	t5,t5
    80002ed4:	06613823          	sd	t1,112(sp)
    80002ed8:	00028813          	mv	a6,t0
    80002edc:	00500d93          	li	s11,5
    80002ee0:	00600b93          	li	s7,6
    80002ee4:	00300793          	li	a5,3
    80002ee8:	00000e13          	li	t3,0
    80002eec:	02013423          	sd	zero,40(sp)
    80002ef0:	06d12c23          	sw	a3,120(sp)
    80002ef4:	ba9ff06f          	j	80002a9c <initframe+0x140>
    80002ef8:	86218c13          	addi	s8,gp,-1950 # 800060da <VERSION>
    80002efc:	000c4703          	lbu	a4,0(s8)
    80002f00:	00100793          	li	a5,1
    80002f04:	08e7f263          	bgeu	a5,a4,80002f88 <initframe+0x62c>
    80002f08:	0009ca03          	lbu	s4,0(s3)
    80002f0c:	00003797          	auipc	a5,0x3
    80002f10:	cbc78793          	addi	a5,a5,-836 # 80005bc8 <adelta>
    80002f14:	00e787b3          	add	a5,a5,a4
    80002f18:	0007cd03          	lbu	s10,0(a5)
    80002f1c:	ff9a0a1b          	addiw	s4,s4,-7
    80002f20:	0ffa7b93          	zext.b	s7,s4
    80002f24:	009d0c93          	addi	s9,s10,9
    80002f28:	ffdd0b1b          	addiw	s6,s10,-3
    80002f2c:	000b8a93          	mv	s5,s7
    80002f30:	0ffa7513          	zext.b	a0,s4
    80002f34:	0180006f          	j	80002f4c <initframe+0x5f0>
    80002f38:	000a8593          	mv	a1,s5
    80002f3c:	f44ff0ef          	jal	80002680 <putalign>
    80002f40:	41aa07bb          	subw	a5,s4,s10
    80002f44:	0ff7f513          	zext.b	a0,a5
    80002f48:	01aa6663          	bltu	s4,s10,80002f54 <initframe+0x5f8>
    80002f4c:	00050a13          	mv	s4,a0
    80002f50:	feab64e3          	bltu	s6,a0,80002f38 <initframe+0x5dc>
    80002f54:	035cfa63          	bgeu	s9,s5,80002f88 <initframe+0x62c>
    80002f58:	41ab8bbb          	subw	s7,s7,s10
    80002f5c:	0ffbfa93          	zext.b	s5,s7
    80002f60:	000a8593          	mv	a1,s5
    80002f64:	00600513          	li	a0,6
    80002f68:	f18ff0ef          	jal	80002680 <putalign>
    80002f6c:	00600593          	li	a1,6
    80002f70:	000a8513          	mv	a0,s5
    80002f74:	f0cff0ef          	jal	80002680 <putalign>
    80002f78:	0009ca03          	lbu	s4,0(s3)
    80002f7c:	000a8b93          	mv	s7,s5
    80002f80:	ff9a0a1b          	addiw	s4,s4,-7
    80002f84:	fadff06f          	j	80002f30 <initframe+0x5d4>
    80002f88:	0009c783          	lbu	a5,0(s3)
    80002f8c:	0004c683          	lbu	a3,0(s1)
    80002f90:	00043703          	ld	a4,0(s0)
    80002f94:	ff87879b          	addiw	a5,a5,-8
    80002f98:	02d787bb          	mulw	a5,a5,a3
    80002f9c:	00000613          	li	a2,0
    80002fa0:	08000693          	li	a3,128
    80002fa4:	00600513          	li	a0,6
    80002fa8:	00700593          	li	a1,7
    80002fac:	0017879b          	addiw	a5,a5,1
    80002fb0:	00f707b3          	add	a5,a4,a5
    80002fb4:	0007c703          	lbu	a4,0(a5)
    80002fb8:	f8076713          	ori	a4,a4,-128
    80002fbc:	00e78023          	sb	a4,0(a5)
    80002fc0:	0980006f          	j	80003058 <initframe+0x6fc>
    80002fc4:	0007089b          	sext.w	a7,a4
    80002fc8:	00060713          	mv	a4,a2
    80002fcc:	0017079b          	addiw	a5,a4,1
    80002fd0:	02e787bb          	mulw	a5,a5,a4
    80002fd4:	00093803          	ld	a6,0(s2)
    80002fd8:	00700713          	li	a4,7
    80002fdc:	01c00e13          	li	t3,28
    80002fe0:	0017d79b          	srliw	a5,a5,0x1
    80002fe4:	011787bb          	addw	a5,a5,a7
    80002fe8:	0037d89b          	srliw	a7,a5,0x3
    80002fec:	01180833          	add	a6,a6,a7
    80002ff0:	00084883          	lbu	a7,0(a6)
    80002ff4:	0077f793          	andi	a5,a5,7
    80002ff8:	40f6d7bb          	sraw	a5,a3,a5
    80002ffc:	00f8e7b3          	or	a5,a7,a5
    80003000:	00f80023          	sb	a5,0(a6)
    80003004:	0009c783          	lbu	a5,0(s3)
    80003008:	ff97879b          	addiw	a5,a5,-7
    8000300c:	006787bb          	addw	a5,a5,t1
    80003010:	0ff7f793          	zext.b	a5,a5
    80003014:	0017881b          	addiw	a6,a5,1
    80003018:	08f57263          	bgeu	a0,a5,8000309c <initframe+0x740>
    8000301c:	02f8083b          	mulw	a6,a6,a5
    80003020:	00185e1b          	srliw	t3,a6,0x1
    80003024:	01c707bb          	addw	a5,a4,t3
    80003028:	00093803          	ld	a6,0(s2)
    8000302c:	0037d71b          	srliw	a4,a5,0x3
    80003030:	02071713          	slli	a4,a4,0x20
    80003034:	02075713          	srli	a4,a4,0x20
    80003038:	00e80733          	add	a4,a6,a4
    8000303c:	00074803          	lbu	a6,0(a4)
    80003040:	0077f793          	andi	a5,a5,7
    80003044:	40f6d7bb          	sraw	a5,a3,a5
    80003048:	00f867b3          	or	a5,a6,a5
    8000304c:	00f70023          	sb	a5,0(a4)
    80003050:	0016061b          	addiw	a2,a2,1
    80003054:	04b60863          	beq	a2,a1,800030a4 <initframe+0x748>
    80003058:	00093703          	ld	a4,0(s2)
    8000305c:	01c6079b          	addiw	a5,a2,28
    80003060:	0037d81b          	srliw	a6,a5,0x3
    80003064:	01070733          	add	a4,a4,a6
    80003068:	00074803          	lbu	a6,0(a4)
    8000306c:	0077f793          	andi	a5,a5,7
    80003070:	40f6d7bb          	sraw	a5,a3,a5
    80003074:	00f867b3          	or	a5,a6,a5
    80003078:	00f70023          	sb	a5,0(a4)
    8000307c:	0009c703          	lbu	a4,0(s3)
    80003080:	0ff67313          	zext.b	t1,a2
    80003084:	00060893          	mv	a7,a2
    80003088:	ff87071b          	addiw	a4,a4,-8
    8000308c:	0ff77713          	zext.b	a4,a4
    80003090:	f2e37ae3          	bgeu	t1,a4,80002fc4 <initframe+0x668>
    80003094:	0007071b          	sext.w	a4,a4
    80003098:	f35ff06f          	j	80002fcc <initframe+0x670>
    8000309c:	0007871b          	sext.w	a4,a5
    800030a0:	f85ff06f          	j	80003024 <initframe+0x6c8>
    800030a4:	00000693          	li	a3,0
    800030a8:	08000593          	li	a1,128
    800030ac:	00700813          	li	a6,7
    800030b0:	00800513          	li	a0,8
    800030b4:	0840006f          	j	80003138 <initframe+0x7dc>
    800030b8:	0007871b          	sext.w	a4,a5
    800030bc:	01c00793          	li	a5,28
    800030c0:	00093883          	ld	a7,0(s2)
    800030c4:	00f707bb          	addw	a5,a4,a5
    800030c8:	0037d71b          	srliw	a4,a5,0x3
    800030cc:	00e88733          	add	a4,a7,a4
    800030d0:	00074883          	lbu	a7,0(a4)
    800030d4:	0077f793          	andi	a5,a5,7
    800030d8:	40f5d7bb          	sraw	a5,a1,a5
    800030dc:	00f8e7b3          	or	a5,a7,a5
    800030e0:	00f70023          	sb	a5,0(a4)
    800030e4:	0009c783          	lbu	a5,0(s3)
    800030e8:	00068713          	mv	a4,a3
    800030ec:	00068893          	mv	a7,a3
    800030f0:	ff87879b          	addiw	a5,a5,-8
    800030f4:	0ff7f793          	zext.b	a5,a5
    800030f8:	0867e863          	bltu	a5,t1,80003188 <initframe+0x82c>
    800030fc:	0007871b          	sext.w	a4,a5
    80003100:	0017079b          	addiw	a5,a4,1
    80003104:	02e787bb          	mulw	a5,a5,a4
    80003108:	00093703          	ld	a4,0(s2)
    8000310c:	0016869b          	addiw	a3,a3,1
    80003110:	0017d79b          	srliw	a5,a5,0x1
    80003114:	011787bb          	addw	a5,a5,a7
    80003118:	0037d89b          	srliw	a7,a5,0x3
    8000311c:	01170733          	add	a4,a4,a7
    80003120:	00074883          	lbu	a7,0(a4)
    80003124:	0077f793          	andi	a5,a5,7
    80003128:	40f5d7bb          	sraw	a5,a1,a5
    8000312c:	00f8e7b3          	or	a5,a7,a5
    80003130:	00f70023          	sb	a5,0(a4)
    80003134:	04a68e63          	beq	a3,a0,80003190 <initframe+0x834>
    80003138:	00093703          	ld	a4,0(s2)
    8000313c:	01c6879b          	addiw	a5,a3,28
    80003140:	0037d89b          	srliw	a7,a5,0x3
    80003144:	01170733          	add	a4,a4,a7
    80003148:	00074883          	lbu	a7,0(a4)
    8000314c:	0077f793          	andi	a5,a5,7
    80003150:	40f5d7bb          	sraw	a5,a1,a5
    80003154:	00f8e7b3          	or	a5,a7,a5
    80003158:	00f70023          	sb	a5,0(a4)
    8000315c:	0009c783          	lbu	a5,0(s3)
    80003160:	0ff6f313          	zext.b	t1,a3
    80003164:	00060713          	mv	a4,a2
    80003168:	ff87879b          	addiw	a5,a5,-8
    8000316c:	006787bb          	addw	a5,a5,t1
    80003170:	0ff7f793          	zext.b	a5,a5
    80003174:	0017889b          	addiw	a7,a5,1
    80003178:	f4f870e3          	bgeu	a6,a5,800030b8 <initframe+0x75c>
    8000317c:	02f887bb          	mulw	a5,a7,a5
    80003180:	0017d79b          	srliw	a5,a5,0x1
    80003184:	f3dff06f          	j	800030c0 <initframe+0x764>
    80003188:	0007889b          	sext.w	a7,a5
    8000318c:	f75ff06f          	j	80003100 <initframe+0x7a4>
    80003190:	02400793          	li	a5,36
    80003194:	08000813          	li	a6,128
    80003198:	02d00513          	li	a0,45
    8000319c:	00093703          	ld	a4,0(s2)
    800031a0:	0037d61b          	srliw	a2,a5,0x3
    800031a4:	0077f593          	andi	a1,a5,7
    800031a8:	00c70733          	add	a4,a4,a2
    800031ac:	00074603          	lbu	a2,0(a4)
    800031b0:	40b855bb          	sraw	a1,a6,a1
    800031b4:	0017879b          	addiw	a5,a5,1
    800031b8:	00b66633          	or	a2,a2,a1
    800031bc:	00c70023          	sb	a2,0(a4)
    800031c0:	fca79ee3          	bne	a5,a0,8000319c <initframe+0x840>
    800031c4:	00000713          	li	a4,0
    800031c8:	00800893          	li	a7,8
    800031cc:	08000813          	li	a6,128
    800031d0:	0009c783          	lbu	a5,0(s3)
    800031d4:	0247059b          	addiw	a1,a4,36
    800031d8:	0035d31b          	srliw	t1,a1,0x3
    800031dc:	ff87879b          	addiw	a5,a5,-8
    800031e0:	00e787bb          	addw	a5,a5,a4
    800031e4:	0ff7fe93          	zext.b	t4,a5
    800031e8:	0075f593          	andi	a1,a1,7
    800031ec:	00093603          	ld	a2,0(s2)
    800031f0:	40b855bb          	sraw	a1,a6,a1
    800031f4:	0017071b          	addiw	a4,a4,1
    800031f8:	000e8793          	mv	a5,t4
    800031fc:	001e851b          	addiw	a0,t4,1
    80003200:	02400e13          	li	t3,36
    80003204:	01d8f863          	bgeu	a7,t4,80003214 <initframe+0x8b8>
    80003208:	03d5053b          	mulw	a0,a0,t4
    8000320c:	00068793          	mv	a5,a3
    80003210:	00155e1b          	srliw	t3,a0,0x1
    80003214:	01c787bb          	addw	a5,a5,t3
    80003218:	0037d51b          	srliw	a0,a5,0x3
    8000321c:	00a60633          	add	a2,a2,a0
    80003220:	00064503          	lbu	a0,0(a2)
    80003224:	0077f793          	andi	a5,a5,7
    80003228:	40f857bb          	sraw	a5,a6,a5
    8000322c:	00f567b3          	or	a5,a0,a5
    80003230:	00f60023          	sb	a5,0(a2)
    80003234:	00093783          	ld	a5,0(s2)
    80003238:	006787b3          	add	a5,a5,t1
    8000323c:	0007c603          	lbu	a2,0(a5)
    80003240:	00b66633          	or	a2,a2,a1
    80003244:	00c78023          	sb	a2,0(a5)
    80003248:	f91714e3          	bne	a4,a7,800031d0 <initframe+0x874>
    8000324c:	00000613          	li	a2,0
    80003250:	00700813          	li	a6,7
    80003254:	08000313          	li	t1,128
    80003258:	0009c783          	lbu	a5,0(s3)
    8000325c:	00093683          	ld	a3,0(s2)
    80003260:	02400513          	li	a0,36
    80003264:	ff97879b          	addiw	a5,a5,-7
    80003268:	00c787bb          	addw	a5,a5,a2
    8000326c:	0ff7f893          	zext.b	a7,a5
    80003270:	0016061b          	addiw	a2,a2,1
    80003274:	00088793          	mv	a5,a7
    80003278:	0018859b          	addiw	a1,a7,1
    8000327c:	01187863          	bgeu	a6,a7,8000328c <initframe+0x930>
    80003280:	031585bb          	mulw	a1,a1,a7
    80003284:	00070793          	mv	a5,a4
    80003288:	0015d51b          	srliw	a0,a1,0x1
    8000328c:	00a787bb          	addw	a5,a5,a0
    80003290:	0037d59b          	srliw	a1,a5,0x3
    80003294:	00b686b3          	add	a3,a3,a1
    80003298:	0006c583          	lbu	a1,0(a3)
    8000329c:	0077f793          	andi	a5,a5,7
    800032a0:	40f357bb          	sraw	a5,t1,a5
    800032a4:	00f5e7b3          	or	a5,a1,a5
    800032a8:	00f68023          	sb	a5,0(a3)
    800032ac:	fb0616e3          	bne	a2,a6,80003258 <initframe+0x8fc>
    800032b0:	0009c783          	lbu	a5,0(s3)
    800032b4:	00e00693          	li	a3,14
    800032b8:	48d78a63          	beq	a5,a3,8000374c <initframe+0xdf0>
    800032bc:	00000693          	li	a3,0
    800032c0:	08000593          	li	a1,128
    800032c4:	00600513          	li	a0,6
    800032c8:	0640006f          	j	8000332c <initframe+0x9d0>
    800032cc:	0004c883          	lbu	a7,0(s1)
    800032d0:	00043803          	ld	a6,0(s0)
    800032d4:	0016869b          	addiw	a3,a3,1
    800032d8:	0018979b          	slliw	a5,a7,0x1
    800032dc:	011787bb          	addw	a5,a5,a7
    800032e0:	0017979b          	slliw	a5,a5,0x1
    800032e4:	006787bb          	addw	a5,a5,t1
    800032e8:	00f807b3          	add	a5,a6,a5
    800032ec:	0007c803          	lbu	a6,0(a5)
    800032f0:	00c86633          	or	a2,a6,a2
    800032f4:	00c78023          	sb	a2,0(a5)
    800032f8:	0004c783          	lbu	a5,0(s1)
    800032fc:	00043603          	ld	a2,0(s0)
    80003300:	02e787bb          	mulw	a5,a5,a4
    80003304:	0017071b          	addiw	a4,a4,1
    80003308:	02079793          	slli	a5,a5,0x20
    8000330c:	0207d793          	srli	a5,a5,0x20
    80003310:	00f607b3          	add	a5,a2,a5
    80003314:	0007c603          	lbu	a2,0(a5)
    80003318:	00266613          	ori	a2,a2,2
    8000331c:	00c78023          	sb	a2,0(a5)
    80003320:	0009c783          	lbu	a5,0(s3)
    80003324:	ff27861b          	addiw	a2,a5,-14
    80003328:	0ac6fc63          	bgeu	a3,a2,800033e0 <initframe+0xa84>
    8000332c:	0076f793          	andi	a5,a3,7
    80003330:	40f5d63b          	sraw	a2,a1,a5
    80003334:	0016f793          	andi	a5,a3,1
    80003338:	0037531b          	srliw	t1,a4,0x3
    8000333c:	f80788e3          	beqz	a5,800032cc <initframe+0x970>
    80003340:	0ff77313          	zext.b	t1,a4
    80003344:	0153061b          	addiw	a2,t1,21
    80003348:	0036589b          	srliw	a7,a2,0x3
    8000334c:	02089893          	slli	a7,a7,0x20
    80003350:	00767613          	andi	a2,a2,7
    80003354:	00030813          	mv	a6,t1
    80003358:	0013079b          	addiw	a5,t1,1
    8000335c:	0208d893          	srli	a7,a7,0x20
    80003360:	40c5d63b          	sraw	a2,a1,a2
    80003364:	24657e63          	bgeu	a0,t1,800035c0 <initframe+0xc64>
    80003368:	0267863b          	mulw	a2,a5,t1
    8000336c:	00093883          	ld	a7,0(s2)
    80003370:	0016561b          	srliw	a2,a2,0x1
    80003374:	0066061b          	addiw	a2,a2,6
    80003378:	0036531b          	srliw	t1,a2,0x3
    8000337c:	02031313          	slli	t1,t1,0x20
    80003380:	02035313          	srli	t1,t1,0x20
    80003384:	006888b3          	add	a7,a7,t1
    80003388:	0008c303          	lbu	t1,0(a7)
    8000338c:	00767613          	andi	a2,a2,7
    80003390:	40c5d63b          	sraw	a2,a1,a2
    80003394:	00c36633          	or	a2,t1,a2
    80003398:	00c88023          	sb	a2,0(a7)
    8000339c:	030787bb          	mulw	a5,a5,a6
    800033a0:	00600813          	li	a6,6
    800033a4:	0017d79b          	srliw	a5,a5,0x1
    800033a8:	00093603          	ld	a2,0(s2)
    800033ac:	010787bb          	addw	a5,a5,a6
    800033b0:	0037d81b          	srliw	a6,a5,0x3
    800033b4:	01060633          	add	a2,a2,a6
    800033b8:	00064803          	lbu	a6,0(a2)
    800033bc:	0077f793          	andi	a5,a5,7
    800033c0:	40f5d7bb          	sraw	a5,a1,a5
    800033c4:	00f867b3          	or	a5,a6,a5
    800033c8:	00f60023          	sb	a5,0(a2)
    800033cc:	0009c783          	lbu	a5,0(s3)
    800033d0:	0016869b          	addiw	a3,a3,1
    800033d4:	0017071b          	addiw	a4,a4,1
    800033d8:	ff27861b          	addiw	a2,a5,-14
    800033dc:	f4c6e8e3          	bltu	a3,a2,8000332c <initframe+0x9d0>
    800033e0:	000c4f83          	lbu	t6,0(s8)
    800033e4:	00600713          	li	a4,6
    800033e8:	0ff77463          	bgeu	a4,t6,800034d0 <initframe+0xb74>
    800033ec:	ff9f869b          	addiw	a3,t6,-7
    800033f0:	00269693          	slli	a3,a3,0x2
    800033f4:	00002717          	auipc	a4,0x2
    800033f8:	7d470713          	addi	a4,a4,2004 # 80005bc8 <adelta>
    800033fc:	00d70733          	add	a4,a4,a3
    80003400:	03072283          	lw	t0,48(a4)
    80003404:	00500893          	li	a7,5
    80003408:	01100513          	li	a0,17
    8000340c:	08000813          	li	a6,128
    80003410:	00b00e13          	li	t3,11
    80003414:	00200f13          	li	t5,2
    80003418:	00300313          	li	t1,3
    8000341c:	0ff00393          	li	t2,255
    80003420:	411855bb          	sraw	a1,a6,a7
    80003424:	00088e9b          	sext.w	t4,a7
    80003428:	0ff5f593          	zext.b	a1,a1
    8000342c:	00050693          	mv	a3,a0
    80003430:	00000613          	li	a2,0
    80003434:	0006871b          	sext.w	a4,a3
    80003438:	1ade7c63          	bgeu	t3,a3,800035f0 <initframe+0xc94>
    8000343c:	ff47071b          	addiw	a4,a4,-12
    80003440:	00efd73b          	srlw	a4,t6,a4
    80003444:	00177713          	andi	a4,a4,1
    80003448:	1a070a63          	beqz	a4,800035fc <initframe+0xca0>
    8000344c:	0004c703          	lbu	a4,0(s1)
    80003450:	40cf0abb          	subw	s5,t5,a2
    80003454:	015787bb          	addw	a5,a5,s5
    80003458:	ff57879b          	addiw	a5,a5,-11
    8000345c:	02e787bb          	mulw	a5,a5,a4
    80003460:	00043703          	ld	a4,0(s0)
    80003464:	00f707b3          	add	a5,a4,a5
    80003468:	0007c703          	lbu	a4,0(a5)
    8000346c:	00e5e733          	or	a4,a1,a4
    80003470:	00e78023          	sb	a4,0(a5)
    80003474:	0004c703          	lbu	a4,0(s1)
    80003478:	0009c783          	lbu	a5,0(s3)
    8000347c:	00043a03          	ld	s4,0(s0)
    80003480:	03d7073b          	mulw	a4,a4,t4
    80003484:	015787bb          	addw	a5,a5,s5
    80003488:	ff57879b          	addiw	a5,a5,-11
    8000348c:	4037da9b          	sraiw	s5,a5,0x3
    80003490:	0077f793          	andi	a5,a5,7
    80003494:	40f857bb          	sraw	a5,a6,a5
    80003498:	0157073b          	addw	a4,a4,s5
    8000349c:	00ea0733          	add	a4,s4,a4
    800034a0:	00074a03          	lbu	s4,0(a4)
    800034a4:	00fa67b3          	or	a5,s4,a5
    800034a8:	00f70023          	sb	a5,0(a4)
    800034ac:	fff6869b          	addiw	a3,a3,-1
    800034b0:	00160613          	addi	a2,a2,1
    800034b4:	0009c783          	lbu	a5,0(s3)
    800034b8:	0ff6f693          	zext.b	a3,a3
    800034bc:	f6661ce3          	bne	a2,t1,80003434 <initframe+0xad8>
    800034c0:	ffd5051b          	addiw	a0,a0,-3
    800034c4:	0ff57513          	zext.b	a0,a0
    800034c8:	fff8889b          	addiw	a7,a7,-1
    800034cc:	f4751ae3          	bne	a0,t2,80003420 <initframe+0xac4>
    800034d0:	0a078a63          	beqz	a5,80003584 <initframe+0xc28>
    800034d4:	00100813          	li	a6,1
    800034d8:	00000513          	li	a0,0
    800034dc:	08000313          	li	t1,128
    800034e0:	00000713          	li	a4,0
    800034e4:	0ff57893          	zext.b	a7,a0
    800034e8:	00c0006f          	j	800034f4 <initframe+0xb98>
    800034ec:	0017071b          	addiw	a4,a4,1
    800034f0:	09070263          	beq	a4,a6,80003574 <initframe+0xc18>
    800034f4:	0004c783          	lbu	a5,0(s1)
    800034f8:	0037559b          	srliw	a1,a4,0x3
    800034fc:	00043603          	ld	a2,0(s0)
    80003500:	02a787bb          	mulw	a5,a5,a0
    80003504:	fff74693          	not	a3,a4
    80003508:	0076f693          	andi	a3,a3,7
    8000350c:	00b787bb          	addw	a5,a5,a1
    80003510:	02079793          	slli	a5,a5,0x20
    80003514:	0207d793          	srli	a5,a5,0x20
    80003518:	00f607b3          	add	a5,a2,a5
    8000351c:	0007c783          	lbu	a5,0(a5)
    80003520:	40d7d7bb          	sraw	a5,a5,a3
    80003524:	0017f793          	andi	a5,a5,1
    80003528:	fc0782e3          	beqz	a5,800034ec <initframe+0xb90>
    8000352c:	0ff77793          	zext.b	a5,a4
    80003530:	0af8ea63          	bltu	a7,a5,800035e4 <initframe+0xc88>
    80003534:	00070613          	mv	a2,a4
    80003538:	00050693          	mv	a3,a0
    8000353c:	0016879b          	addiw	a5,a3,1
    80003540:	02d787bb          	mulw	a5,a5,a3
    80003544:	00093683          	ld	a3,0(s2)
    80003548:	0017071b          	addiw	a4,a4,1
    8000354c:	0017d79b          	srliw	a5,a5,0x1
    80003550:	00c787bb          	addw	a5,a5,a2
    80003554:	0037d61b          	srliw	a2,a5,0x3
    80003558:	00c686b3          	add	a3,a3,a2
    8000355c:	0006c603          	lbu	a2,0(a3)
    80003560:	0077f793          	andi	a5,a5,7
    80003564:	40f357bb          	sraw	a5,t1,a5
    80003568:	00f667b3          	or	a5,a2,a5
    8000356c:	00f68023          	sb	a5,0(a3)
    80003570:	f90712e3          	bne	a4,a6,800034f4 <initframe+0xb98>
    80003574:	0009c783          	lbu	a5,0(s3)
    80003578:	0015051b          	addiw	a0,a0,1
    8000357c:	0018081b          	addiw	a6,a6,1
    80003580:	f6f560e3          	bltu	a0,a5,800034e0 <initframe+0xb84>
    80003584:	0e813083          	ld	ra,232(sp)
    80003588:	0e013403          	ld	s0,224(sp)
    8000358c:	0d813483          	ld	s1,216(sp)
    80003590:	0d013903          	ld	s2,208(sp)
    80003594:	0c813983          	ld	s3,200(sp)
    80003598:	0c013a03          	ld	s4,192(sp)
    8000359c:	0b813a83          	ld	s5,184(sp)
    800035a0:	0b013b03          	ld	s6,176(sp)
    800035a4:	0a813b83          	ld	s7,168(sp)
    800035a8:	0a013c03          	ld	s8,160(sp)
    800035ac:	09813c83          	ld	s9,152(sp)
    800035b0:	09013d03          	ld	s10,144(sp)
    800035b4:	08813d83          	ld	s11,136(sp)
    800035b8:	0f010113          	addi	sp,sp,240
    800035bc:	00008067          	ret
    800035c0:	00093e03          	ld	t3,0(s2)
    800035c4:	01500793          	li	a5,21
    800035c8:	011e08b3          	add	a7,t3,a7
    800035cc:	0008ce03          	lbu	t3,0(a7)
    800035d0:	00ce6633          	or	a2,t3,a2
    800035d4:	00c88023          	sb	a2,0(a7)
    800035d8:	dca318e3          	bne	t1,a0,800033a8 <initframe+0xa4c>
    800035dc:	0013079b          	addiw	a5,t1,1
    800035e0:	dbdff06f          	j	8000339c <initframe+0xa40>
    800035e4:	00070693          	mv	a3,a4
    800035e8:	00050613          	mv	a2,a0
    800035ec:	f51ff06f          	j	8000353c <initframe+0xbe0>
    800035f0:	00e2d73b          	srlw	a4,t0,a4
    800035f4:	00177713          	andi	a4,a4,1
    800035f8:	e4071ae3          	bnez	a4,8000344c <initframe+0xaf0>
    800035fc:	0ff67a13          	zext.b	s4,a2
    80003600:	ff77879b          	addiw	a5,a5,-9
    80003604:	414787bb          	subw	a5,a5,s4
    80003608:	0ff8f713          	zext.b	a4,a7
    8000360c:	0ff7f793          	zext.b	a5,a5
    80003610:	00070a93          	mv	s5,a4
    80003614:	00e7e663          	bltu	a5,a4,80003620 <initframe+0xcc4>
    80003618:	00078a93          	mv	s5,a5
    8000361c:	00070793          	mv	a5,a4
    80003620:	001a8b1b          	addiw	s6,s5,1
    80003624:	035b0b3b          	mulw	s6,s6,s5
    80003628:	00093b83          	ld	s7,0(s2)
    8000362c:	00070a93          	mv	s5,a4
    80003630:	001b5b1b          	srliw	s6,s6,0x1
    80003634:	016787bb          	addw	a5,a5,s6
    80003638:	0037db1b          	srliw	s6,a5,0x3
    8000363c:	016b8b33          	add	s6,s7,s6
    80003640:	000b4b83          	lbu	s7,0(s6)
    80003644:	0077f793          	andi	a5,a5,7
    80003648:	40f857bb          	sraw	a5,a6,a5
    8000364c:	00fbe7b3          	or	a5,s7,a5
    80003650:	00fb0023          	sb	a5,0(s6)
    80003654:	0009c783          	lbu	a5,0(s3)
    80003658:	ff77879b          	addiw	a5,a5,-9
    8000365c:	414787bb          	subw	a5,a5,s4
    80003660:	0ff7f793          	zext.b	a5,a5
    80003664:	00f76663          	bltu	a4,a5,80003670 <initframe+0xd14>
    80003668:	00078713          	mv	a4,a5
    8000366c:	000a8793          	mv	a5,s5
    80003670:	00178a1b          	addiw	s4,a5,1
    80003674:	02fa07bb          	mulw	a5,s4,a5
    80003678:	00093a03          	ld	s4,0(s2)
    8000367c:	0017d79b          	srliw	a5,a5,0x1
    80003680:	00f707bb          	addw	a5,a4,a5
    80003684:	0037d71b          	srliw	a4,a5,0x3
    80003688:	00ea0733          	add	a4,s4,a4
    8000368c:	00074a03          	lbu	s4,0(a4)
    80003690:	0077f793          	andi	a5,a5,7
    80003694:	40f857bb          	sraw	a5,a6,a5
    80003698:	00fa67b3          	or	a5,s4,a5
    8000369c:	00f70023          	sb	a5,0(a4)
    800036a0:	e0dff06f          	j	800034ac <initframe+0xb50>
    800036a4:	0009c783          	lbu	a5,0(s3)
    800036a8:	00100713          	li	a4,1
    800036ac:	02e13023          	sd	a4,32(sp)
    800036b0:	ff97869b          	addiw	a3,a5,-7
    800036b4:	ffa7889b          	addiw	a7,a5,-6
    800036b8:	0ff6fe13          	zext.b	t3,a3
    800036bc:	ffe7871b          	addiw	a4,a5,-2
    800036c0:	0ff8f693          	zext.b	a3,a7
    800036c4:	0ff77d93          	zext.b	s11,a4
    800036c8:	02d13823          	sd	a3,48(sp)
    800036cc:	00800713          	li	a4,8
    800036d0:	002e0693          	addi	a3,t3,2
    800036d4:	06d13423          	sd	a3,104(sp)
    800036d8:	04e13823          	sd	a4,80(sp)
    800036dc:	004e0693          	addi	a3,t3,4
    800036e0:	02000713          	li	a4,32
    800036e4:	003e079b          	addiw	a5,t3,3
    800036e8:	04d13423          	sd	a3,72(sp)
    800036ec:	04e13c23          	sd	a4,88(sp)
    800036f0:	00200693          	li	a3,2
    800036f4:	00500713          	li	a4,5
    800036f8:	06f12c23          	sw	a5,120(sp)
    800036fc:	02e13c23          	sd	a4,56(sp)
    80003700:	00100813          	li	a6,1
    80003704:	03c13423          	sd	t3,40(sp)
    80003708:	003e0793          	addi	a5,t3,3
    8000370c:	006e0b93          	addi	s7,t3,6
    80003710:	05b13023          	sd	s11,64(sp)
    80003714:	0ff8f893          	zext.b	a7,a7
    80003718:	00500c93          	li	s9,5
    8000371c:	06013023          	sd	zero,96(sp)
    80003720:	06013823          	sd	zero,112(sp)
    80003724:	00200f13          	li	t5,2
    80003728:	00000393          	li	t2,0
    8000372c:	08000f93          	li	t6,128
    80003730:	00000b13          	li	s6,0
    80003734:	01000713          	li	a4,16
    80003738:	00000613          	li	a2,0
    8000373c:	00000a13          	li	s4,0
    80003740:	00013423          	sd	zero,8(sp)
    80003744:	06d12e23          	sw	a3,124(sp)
    80003748:	b54ff06f          	j	80002a9c <initframe+0x140>
    8000374c:	000c4f83          	lbu	t6,0(s8)
    80003750:	00600713          	li	a4,6
    80003754:	c9f76ce3          	bltu	a4,t6,800033ec <initframe+0xa90>
    80003758:	d7dff06f          	j	800034d4 <initframe+0xb78>

000000008000375c <freeframe>:
    8000375c:	ff010113          	addi	sp,sp,-16
    80003760:	8781b503          	ld	a0,-1928(gp) # 800060f0 <framebase>
    80003764:	00113423          	sd	ra,8(sp)
    80003768:	e54fd0ef          	jal	80000dbc <free_beebs>
    8000376c:	8701b503          	ld	a0,-1936(gp) # 800060e8 <framask>
    80003770:	e4cfd0ef          	jal	80000dbc <free_beebs>
    80003774:	00813083          	ld	ra,8(sp)
    80003778:	8681b503          	ld	a0,-1944(gp) # 800060e0 <rlens>
    8000377c:	01010113          	addi	sp,sp,16
    80003780:	e3cfd06f          	j	80000dbc <free_beebs>

0000000080003784 <initecc>:
    80003784:	0025979b          	slliw	a5,a1,0x2
    80003788:	0117879b          	addiw	a5,a5,17
    8000378c:	0ff7f793          	zext.b	a5,a5
    80003790:	0077871b          	addiw	a4,a5,7
    80003794:	fd010113          	addi	sp,sp,-48
    80003798:	4037571b          	sraiw	a4,a4,0x3
    8000379c:	00913c23          	sd	s1,24(sp)
    800037a0:	02f704bb          	mulw	s1,a4,a5
    800037a4:	86f180a3          	sb	a5,-1951(gp) # 800060d9 <WD>
    800037a8:	86e18023          	sb	a4,-1952(gp) # 800060d8 <WDB>
    800037ac:	02813023          	sd	s0,32(sp)
    800037b0:	01213823          	sd	s2,16(sp)
    800037b4:	02113423          	sd	ra,40(sp)
    800037b8:	01313423          	sd	s3,8(sp)
    800037bc:	01413023          	sd	s4,0(sp)
    800037c0:	86b18123          	sb	a1,-1950(gp) # 800060da <VERSION>
    800037c4:	2ff00793          	li	a5,767
    800037c8:	00050913          	mv	s2,a0
    800037cc:	00058413          	mv	s0,a1
    800037d0:	00048513          	mv	a0,s1
    800037d4:	0097c663          	blt	a5,s1,800037e0 <initecc+0x5c>
    800037d8:	30000513          	li	a0,768
    800037dc:	30000493          	li	s1,768
    800037e0:	c78fd0ef          	jal	80000c58 <malloc_beebs>
    800037e4:	fff4079b          	addiw	a5,s0,-1
    800037e8:	fff9071b          	addiw	a4,s2,-1
    800037ec:	0027979b          	slliw	a5,a5,0x2
    800037f0:	00e787bb          	addw	a5,a5,a4
    800037f4:	0027979b          	slliw	a5,a5,0x2
    800037f8:	0017861b          	addiw	a2,a5,1
    800037fc:	0027869b          	addiw	a3,a5,2
    80003800:	0037859b          	addiw	a1,a5,3
    80003804:	02061613          	slli	a2,a2,0x20
    80003808:	02079793          	slli	a5,a5,0x20
    8000380c:	02069693          	slli	a3,a3,0x20
    80003810:	02059593          	slli	a1,a1,0x20
    80003814:	00002717          	auipc	a4,0x2
    80003818:	3b470713          	addi	a4,a4,948 # 80005bc8 <adelta>
    8000381c:	0205d593          	srli	a1,a1,0x20
    80003820:	0207d793          	srli	a5,a5,0x20
    80003824:	02065613          	srli	a2,a2,0x20
    80003828:	0206d693          	srli	a3,a3,0x20
    8000382c:	00f707b3          	add	a5,a4,a5
    80003830:	00c70633          	add	a2,a4,a2
    80003834:	00d706b3          	add	a3,a4,a3
    80003838:	00b70733          	add	a4,a4,a1
    8000383c:	0b864603          	lbu	a2,184(a2)
    80003840:	0b87c583          	lbu	a1,184(a5)
    80003844:	0b86c683          	lbu	a3,184(a3)
    80003848:	0b874703          	lbu	a4,184(a4)
    8000384c:	00c5883b          	addw	a6,a1,a2
    80003850:	84b18993          	addi	s3,gp,-1973 # 800060c3 <neccblk1>
    80003854:	00d707bb          	addw	a5,a4,a3
    80003858:	030787bb          	mulw	a5,a5,a6
    8000385c:	84a1b823          	sd	a0,-1968(gp) # 800060c8 <qrframe>
    80003860:	85218623          	sb	s2,-1972(gp) # 800060c4 <ECCLEVEL>
    80003864:	84a18a13          	addi	s4,gp,-1974 # 800060c2 <neccblk2>
    80003868:	84918413          	addi	s0,gp,-1975 # 800060c1 <datablkw>
    8000386c:	00b98023          	sb	a1,0(s3)
    80003870:	00ca0023          	sb	a2,0(s4)
    80003874:	00d40023          	sb	a3,0(s0)
    80003878:	84e18423          	sb	a4,-1976(gp) # 800060c0 <eccblkwid>
    8000387c:	00d7853b          	addw	a0,a5,a3
    80003880:	00c5053b          	addw	a0,a0,a2
    80003884:	0005079b          	sext.w	a5,a0
    80003888:	0097f463          	bgeu	a5,s1,80003890 <initecc+0x10c>
    8000388c:	00048513          	mv	a0,s1
    80003890:	02051513          	slli	a0,a0,0x20
    80003894:	02055513          	srli	a0,a0,0x20
    80003898:	bc0fd0ef          	jal	80000c58 <malloc_beebs>
    8000389c:	000a4703          	lbu	a4,0(s4)
    800038a0:	0009c783          	lbu	a5,0(s3)
    800038a4:	00044683          	lbu	a3,0(s0)
    800038a8:	84a1bc23          	sd	a0,-1960(gp) # 800060d0 <strinbuf>
    800038ac:	00e7853b          	addw	a0,a5,a4
    800038b0:	02d5053b          	mulw	a0,a0,a3
    800038b4:	02813083          	ld	ra,40(sp)
    800038b8:	02013403          	ld	s0,32(sp)
    800038bc:	01813483          	ld	s1,24(sp)
    800038c0:	01013903          	ld	s2,16(sp)
    800038c4:	00813983          	ld	s3,8(sp)
    800038c8:	00013a03          	ld	s4,0(sp)
    800038cc:	03010113          	addi	sp,sp,48
    800038d0:	00e5053b          	addw	a0,a0,a4
    800038d4:	ffd5051b          	addiw	a0,a0,-3
    800038d8:	00008067          	ret

00000000800038dc <initeccsize>:
    800038dc:	fff5069b          	addiw	a3,a0,-1
    800038e0:	00058e13          	mv	t3,a1
    800038e4:	0026969b          	slliw	a3,a3,0x2
    800038e8:	00100593          	li	a1,1
    800038ec:	00002817          	auipc	a6,0x2
    800038f0:	2dc80813          	addi	a6,a6,732 # 80005bc8 <adelta>
    800038f4:	02800e93          	li	t4,40
    800038f8:	00c0006f          	j	80003904 <initeccsize+0x28>
    800038fc:	0ff37593          	zext.b	a1,t1
    80003900:	05d58c63          	beq	a1,t4,80003958 <initeccsize+0x7c>
    80003904:	0016871b          	addiw	a4,a3,1
    80003908:	02069613          	slli	a2,a3,0x20
    8000390c:	0026879b          	addiw	a5,a3,2
    80003910:	02071713          	slli	a4,a4,0x20
    80003914:	02065613          	srli	a2,a2,0x20
    80003918:	02075713          	srli	a4,a4,0x20
    8000391c:	02079793          	slli	a5,a5,0x20
    80003920:	00c80633          	add	a2,a6,a2
    80003924:	00e80733          	add	a4,a6,a4
    80003928:	0207d793          	srli	a5,a5,0x20
    8000392c:	0b874703          	lbu	a4,184(a4)
    80003930:	0b864883          	lbu	a7,184(a2)
    80003934:	00f807b3          	add	a5,a6,a5
    80003938:	0b87c603          	lbu	a2,184(a5)
    8000393c:	00e887bb          	addw	a5,a7,a4
    80003940:	0015831b          	addiw	t1,a1,1
    80003944:	02c787bb          	mulw	a5,a5,a2
    80003948:	0106869b          	addiw	a3,a3,16
    8000394c:	00e787bb          	addw	a5,a5,a4
    80003950:	ffd7879b          	addiw	a5,a5,-3
    80003954:	fafe74e3          	bgeu	t3,a5,800038fc <initeccsize+0x20>
    80003958:	851185a3          	sb	a7,-1973(gp) # 800060c3 <neccblk1>
    8000395c:	84e18523          	sb	a4,-1974(gp) # 800060c2 <neccblk2>
    80003960:	84c184a3          	sb	a2,-1975(gp) # 800060c1 <datablkw>
    80003964:	e21ff06f          	j	80003784 <initecc>

0000000080003968 <freeecc>:
    80003968:	ff010113          	addi	sp,sp,-16
    8000396c:	8501b503          	ld	a0,-1968(gp) # 800060c8 <qrframe>
    80003970:	00113423          	sd	ra,8(sp)
    80003974:	c48fd0ef          	jal	80000dbc <free_beebs>
    80003978:	00813083          	ld	ra,8(sp)
    8000397c:	8581b503          	ld	a0,-1960(gp) # 800060d0 <strinbuf>
    80003980:	01010113          	addi	sp,sp,16
    80003984:	c38fd06f          	j	80000dbc <free_beebs>

0000000080003988 <benchmark_body>:
    80003988:	0ca05663          	blez	a0,80003a54 <benchmark_body+0xcc>
    8000398c:	fb010113          	addi	sp,sp,-80
    80003990:	04813023          	sd	s0,64(sp)
    80003994:	02913c23          	sd	s1,56(sp)
    80003998:	03213823          	sd	s2,48(sp)
    8000399c:	03313423          	sd	s3,40(sp)
    800039a0:	03413023          	sd	s4,32(sp)
    800039a4:	01513c23          	sd	s5,24(sp)
    800039a8:	01613823          	sd	s6,16(sp)
    800039ac:	01713423          	sd	s7,8(sp)
    800039b0:	04113423          	sd	ra,72(sp)
    800039b4:	00050993          	mv	s3,a0
    800039b8:	00000493          	li	s1,0
    800039bc:	88818913          	addi	s2,gp,-1912 # 80006100 <encode>
    800039c0:	00002b97          	auipc	s7,0x2
    800039c4:	ea0b8b93          	addi	s7,s7,-352 # 80005860 <__tbss_end+0x12c>
    800039c8:	88018413          	addi	s0,gp,-1920 # 800060f8 <size>
    800039cc:	85818b13          	addi	s6,gp,-1960 # 800060d0 <strinbuf>
    800039d0:	01600a93          	li	s5,22
    800039d4:	00002a17          	auipc	s4,0x2
    800039d8:	77ca0a13          	addi	s4,s4,1916 # 80006150 <heap>
    800039dc:	000025b7          	lui	a1,0x2
    800039e0:	000a0513          	mv	a0,s4
    800039e4:	01793023          	sd	s7,0(s2)
    800039e8:	01542023          	sw	s5,0(s0)
    800039ec:	a10fd0ef          	jal	80000bfc <init_heap_beebs>
    800039f0:	00042583          	lw	a1,0(s0)
    800039f4:	00100513          	li	a0,1
    800039f8:	0014849b          	addiw	s1,s1,1
    800039fc:	ee1ff0ef          	jal	800038dc <initeccsize>
    80003a00:	00042603          	lw	a2,0(s0)
    80003a04:	00093583          	ld	a1,0(s2)
    80003a08:	000b3503          	ld	a0,0(s6)
    80003a0c:	0c5000ef          	jal	800042d0 <memcpy>
    80003a10:	f4dfe0ef          	jal	8000295c <initframe>
    80003a14:	e19fd0ef          	jal	8000182c <qrencode>
    80003a18:	d45ff0ef          	jal	8000375c <freeframe>
    80003a1c:	f4dff0ef          	jal	80003968 <freeecc>
    80003a20:	fa999ee3          	bne	s3,s1,800039dc <benchmark_body+0x54>
    80003a24:	04813083          	ld	ra,72(sp)
    80003a28:	04013403          	ld	s0,64(sp)
    80003a2c:	03813483          	ld	s1,56(sp)
    80003a30:	03013903          	ld	s2,48(sp)
    80003a34:	02813983          	ld	s3,40(sp)
    80003a38:	02013a03          	ld	s4,32(sp)
    80003a3c:	01813a83          	ld	s5,24(sp)
    80003a40:	01013b03          	ld	s6,16(sp)
    80003a44:	00813b83          	ld	s7,8(sp)
    80003a48:	00000513          	li	a0,0
    80003a4c:	05010113          	addi	sp,sp,80
    80003a50:	00008067          	ret
    80003a54:	00000513          	li	a0,0
    80003a58:	00008067          	ret

0000000080003a5c <warm_caches>:
    80003a5c:	f2dff06f          	j	80003988 <benchmark_body>

0000000080003a60 <benchmark>:
    80003a60:	00500513          	li	a0,5
    80003a64:	f25ff06f          	j	80003988 <benchmark_body>

0000000080003a68 <initialise_benchmark>:
    80003a68:	00008067          	ret

0000000080003a6c <verify_benchmark>:
    80003a6c:	00002797          	auipc	a5,0x2
    80003a70:	e0c78793          	addi	a5,a5,-500 # 80005878 <__tbss_end+0x144>
    80003a74:	0007b803          	ld	a6,0(a5)
    80003a78:	0087b683          	ld	a3,8(a5)
    80003a7c:	0107a703          	lw	a4,16(a5)
    80003a80:	0147d783          	lhu	a5,20(a5)
    80003a84:	fd010113          	addi	sp,sp,-48
    80003a88:	01600613          	li	a2,22
    80003a8c:	00810593          	addi	a1,sp,8
    80003a90:	8581b503          	ld	a0,-1960(gp) # 800060d0 <strinbuf>
    80003a94:	00f11e23          	sh	a5,28(sp)
    80003a98:	02113423          	sd	ra,40(sp)
    80003a9c:	01013423          	sd	a6,8(sp)
    80003aa0:	00d13823          	sd	a3,16(sp)
    80003aa4:	00e12c23          	sw	a4,24(sp)
    80003aa8:	628000ef          	jal	800040d0 <memcmp>
    80003aac:	00050793          	mv	a5,a0
    80003ab0:	00000513          	li	a0,0
    80003ab4:	00078863          	beqz	a5,80003ac4 <verify_benchmark+0x58>
    80003ab8:	02813083          	ld	ra,40(sp)
    80003abc:	03010113          	addi	sp,sp,48
    80003ac0:	00008067          	ret
    80003ac4:	00002517          	auipc	a0,0x2
    80003ac8:	68c50513          	addi	a0,a0,1676 # 80006150 <heap>
    80003acc:	974fd0ef          	jal	80000c40 <check_heap_beebs>
    80003ad0:	02813083          	ld	ra,40(sp)
    80003ad4:	00a03533          	snez	a0,a0
    80003ad8:	03010113          	addi	sp,sp,48
    80003adc:	00008067          	ret

0000000080003ae0 <__assert_func>:
    80003ae0:	1141                	addi	sp,sp,-16
    80003ae2:	00002797          	auipc	a5,0x2
    80003ae6:	5967b783          	ld	a5,1430(a5) # 80006078 <_impure_ptr>
    80003aea:	8832                	mv	a6,a2
    80003aec:	e406                	sd	ra,8(sp)
    80003aee:	88aa                	mv	a7,a0
    80003af0:	872e                	mv	a4,a1
    80003af2:	6f88                	ld	a0,24(a5)
    80003af4:	8636                	mv	a2,a3
    80003af6:	00002797          	auipc	a5,0x2
    80003afa:	d9a78793          	addi	a5,a5,-614 # 80005890 <__tbss_end+0x15c>
    80003afe:	00081763          	bnez	a6,80003b0c <__assert_func+0x2c>
    80003b02:	00002797          	auipc	a5,0x2
    80003b06:	df678793          	addi	a5,a5,-522 # 800058f8 <__tbss_end+0x1c4>
    80003b0a:	883e                	mv	a6,a5
    80003b0c:	86c6                	mv	a3,a7
    80003b0e:	00002597          	auipc	a1,0x2
    80003b12:	d9258593          	addi	a1,a1,-622 # 800058a0 <__tbss_end+0x16c>
    80003b16:	412000ef          	jal	80003f28 <fiprintf>
    80003b1a:	7de000ef          	jal	800042f8 <abort>

0000000080003b1e <__assert>:
    80003b1e:	1141                	addi	sp,sp,-16
    80003b20:	86b2                	mv	a3,a2
    80003b22:	4601                	li	a2,0
    80003b24:	e406                	sd	ra,8(sp)
    80003b26:	fbbff0ef          	jal	80003ae0 <__assert_func>

0000000080003b2a <exit>:
    80003b2a:	1141                	addi	sp,sp,-16
    80003b2c:	e022                	sd	s0,0(sp)
    80003b2e:	e406                	sd	ra,8(sp)
    80003b30:	00002797          	auipc	a5,0x2
    80003b34:	b3c78793          	addi	a5,a5,-1220 # 8000566c <__call_exitprocs>
    80003b38:	842a                	mv	s0,a0
    80003b3a:	c781                	beqz	a5,80003b42 <exit+0x18>
    80003b3c:	4581                	li	a1,0
    80003b3e:	32f010ef          	jal	8000566c <__call_exitprocs>
    80003b42:	8a01b783          	ld	a5,-1888(gp) # 80006118 <__stdio_exit_handler>
    80003b46:	c391                	beqz	a5,80003b4a <exit+0x20>
    80003b48:	9782                	jalr	a5
    80003b4a:	8522                	mv	a0,s0
    80003b4c:	0b9010ef          	jal	80005404 <_exit>

0000000080003b50 <malloc>:
    80003b50:	85aa                	mv	a1,a0
    80003b52:	00002517          	auipc	a0,0x2
    80003b56:	52653503          	ld	a0,1318(a0) # 80006078 <_impure_ptr>
    80003b5a:	a0ad                	j	80003bc4 <_malloc_r>

0000000080003b5c <free>:
    80003b5c:	85aa                	mv	a1,a0
    80003b5e:	00002517          	auipc	a0,0x2
    80003b62:	51a53503          	ld	a0,1306(a0) # 80006078 <_impure_ptr>
    80003b66:	7a20006f          	j	80004308 <_free_r>

0000000080003b6a <sbrk_aligned>:
    80003b6a:	1101                	addi	sp,sp,-32
    80003b6c:	e04a                	sd	s2,0(sp)
    80003b6e:	89018913          	addi	s2,gp,-1904 # 80006108 <__malloc_sbrk_start>
    80003b72:	00093783          	ld	a5,0(s2)
    80003b76:	e822                	sd	s0,16(sp)
    80003b78:	e426                	sd	s1,8(sp)
    80003b7a:	ec06                	sd	ra,24(sp)
    80003b7c:	84aa                	mv	s1,a0
    80003b7e:	842e                	mv	s0,a1
    80003b80:	e791                	bnez	a5,80003b8c <sbrk_aligned+0x22>
    80003b82:	4581                	li	a1,0
    80003b84:	6c2000ef          	jal	80004246 <_sbrk_r>
    80003b88:	00a93023          	sd	a0,0(s2)
    80003b8c:	85a2                	mv	a1,s0
    80003b8e:	8526                	mv	a0,s1
    80003b90:	6b6000ef          	jal	80004246 <_sbrk_r>
    80003b94:	597d                	li	s2,-1
    80003b96:	01251a63          	bne	a0,s2,80003baa <sbrk_aligned+0x40>
    80003b9a:	547d                	li	s0,-1
    80003b9c:	60e2                	ld	ra,24(sp)
    80003b9e:	8522                	mv	a0,s0
    80003ba0:	6442                	ld	s0,16(sp)
    80003ba2:	64a2                	ld	s1,8(sp)
    80003ba4:	6902                	ld	s2,0(sp)
    80003ba6:	6105                	addi	sp,sp,32
    80003ba8:	8082                	ret
    80003baa:	00750413          	addi	s0,a0,7
    80003bae:	9861                	andi	s0,s0,-8
    80003bb0:	fe8506e3          	beq	a0,s0,80003b9c <sbrk_aligned+0x32>
    80003bb4:	40a405b3          	sub	a1,s0,a0
    80003bb8:	8526                	mv	a0,s1
    80003bba:	68c000ef          	jal	80004246 <_sbrk_r>
    80003bbe:	fd251fe3          	bne	a0,s2,80003b9c <sbrk_aligned+0x32>
    80003bc2:	bfe1                	j	80003b9a <sbrk_aligned+0x30>

0000000080003bc4 <_malloc_r>:
    80003bc4:	00758793          	addi	a5,a1,7
    80003bc8:	7179                	addi	sp,sp,-48
    80003bca:	9be1                	andi	a5,a5,-8
    80003bcc:	ec26                	sd	s1,24(sp)
    80003bce:	e84a                	sd	s2,16(sp)
    80003bd0:	f406                	sd	ra,40(sp)
    80003bd2:	f022                	sd	s0,32(sp)
    80003bd4:	e44e                	sd	s3,8(sp)
    80003bd6:	e052                	sd	s4,0(sp)
    80003bd8:	07a1                	addi	a5,a5,8
    80003bda:	4741                	li	a4,16
    80003bdc:	892a                	mv	s2,a0
    80003bde:	44c1                	li	s1,16
    80003be0:	00e7e363          	bltu	a5,a4,80003be6 <_malloc_r+0x22>
    80003be4:	84be                	mv	s1,a5
    80003be6:	80000737          	lui	a4,0x80000
    80003bea:	fff74713          	not	a4,a4
    80003bee:	00f76463          	bltu	a4,a5,80003bf6 <_malloc_r+0x32>
    80003bf2:	00b4fe63          	bgeu	s1,a1,80003c0e <_malloc_r+0x4a>
    80003bf6:	47b1                	li	a5,12
    80003bf8:	00f92023          	sw	a5,0(s2)
    80003bfc:	4501                	li	a0,0
    80003bfe:	70a2                	ld	ra,40(sp)
    80003c00:	7402                	ld	s0,32(sp)
    80003c02:	64e2                	ld	s1,24(sp)
    80003c04:	6942                	ld	s2,16(sp)
    80003c06:	69a2                	ld	s3,8(sp)
    80003c08:	6a02                	ld	s4,0(sp)
    80003c0a:	6145                	addi	sp,sp,48
    80003c0c:	8082                	ret
    80003c0e:	854a                	mv	a0,s2
    80003c10:	0e4000ef          	jal	80003cf4 <__malloc_lock>
    80003c14:	89818993          	addi	s3,gp,-1896 # 80006110 <__malloc_free_list>
    80003c18:	0009b783          	ld	a5,0(s3)
    80003c1c:	843e                	mv	s0,a5
    80003c1e:	ec21                	bnez	s0,80003c76 <_malloc_r+0xb2>
    80003c20:	85a6                	mv	a1,s1
    80003c22:	854a                	mv	a0,s2
    80003c24:	f47ff0ef          	jal	80003b6a <sbrk_aligned>
    80003c28:	57fd                	li	a5,-1
    80003c2a:	842a                	mv	s0,a0
    80003c2c:	0af51f63          	bne	a0,a5,80003cea <_malloc_r+0x126>
    80003c30:	0009b403          	ld	s0,0(s3)
    80003c34:	87a2                	mv	a5,s0
    80003c36:	efd1                	bnez	a5,80003cd2 <_malloc_r+0x10e>
    80003c38:	c055                	beqz	s0,80003cdc <_malloc_r+0x118>
    80003c3a:	00043a03          	ld	s4,0(s0)
    80003c3e:	4581                	li	a1,0
    80003c40:	854a                	mv	a0,s2
    80003c42:	9a22                	add	s4,s4,s0
    80003c44:	602000ef          	jal	80004246 <_sbrk_r>
    80003c48:	08aa1a63          	bne	s4,a0,80003cdc <_malloc_r+0x118>
    80003c4c:	601c                	ld	a5,0(s0)
    80003c4e:	854a                	mv	a0,s2
    80003c50:	8c9d                	sub	s1,s1,a5
    80003c52:	85a6                	mv	a1,s1
    80003c54:	f17ff0ef          	jal	80003b6a <sbrk_aligned>
    80003c58:	57fd                	li	a5,-1
    80003c5a:	08f50163          	beq	a0,a5,80003cdc <_malloc_r+0x118>
    80003c5e:	601c                	ld	a5,0(s0)
    80003c60:	97a6                	add	a5,a5,s1
    80003c62:	e01c                	sd	a5,0(s0)
    80003c64:	0009b783          	ld	a5,0(s3)
    80003c68:	c3d9                	beqz	a5,80003cee <_malloc_r+0x12a>
    80003c6a:	6798                	ld	a4,8(a5)
    80003c6c:	06871663          	bne	a4,s0,80003cd8 <_malloc_r+0x114>
    80003c70:	0007b423          	sd	zero,8(a5)
    80003c74:	a015                	j	80003c98 <_malloc_r+0xd4>
    80003c76:	6014                	ld	a3,0(s0)
    80003c78:	9e85                	subw	a3,a3,s1
    80003c7a:	0406c963          	bltz	a3,80003ccc <_malloc_r+0x108>
    80003c7e:	473d                	li	a4,15
    80003c80:	02d75e63          	bge	a4,a3,80003cbc <_malloc_r+0xf8>
    80003c84:	e004                	sd	s1,0(s0)
    80003c86:	00940733          	add	a4,s0,s1
    80003c8a:	02879763          	bne	a5,s0,80003cb8 <_malloc_r+0xf4>
    80003c8e:	00e9b023          	sd	a4,0(s3)
    80003c92:	641c                	ld	a5,8(s0)
    80003c94:	e314                	sd	a3,0(a4)
    80003c96:	e71c                	sd	a5,8(a4)
    80003c98:	854a                	mv	a0,s2
    80003c9a:	05c000ef          	jal	80003cf6 <__malloc_unlock>
    80003c9e:	00f40513          	addi	a0,s0,15
    80003ca2:	00840793          	addi	a5,s0,8
    80003ca6:	9961                	andi	a0,a0,-8
    80003ca8:	40f507bb          	subw	a5,a0,a5
    80003cac:	dba9                	beqz	a5,80003bfe <_malloc_r+0x3a>
    80003cae:	943e                	add	s0,s0,a5
    80003cb0:	40f007bb          	negw	a5,a5
    80003cb4:	e01c                	sd	a5,0(s0)
    80003cb6:	b7a1                	j	80003bfe <_malloc_r+0x3a>
    80003cb8:	e798                	sd	a4,8(a5)
    80003cba:	bfe1                	j	80003c92 <_malloc_r+0xce>
    80003cbc:	6418                	ld	a4,8(s0)
    80003cbe:	00879563          	bne	a5,s0,80003cc8 <_malloc_r+0x104>
    80003cc2:	00e9b023          	sd	a4,0(s3)
    80003cc6:	bfc9                	j	80003c98 <_malloc_r+0xd4>
    80003cc8:	e798                	sd	a4,8(a5)
    80003cca:	b7f9                	j	80003c98 <_malloc_r+0xd4>
    80003ccc:	87a2                	mv	a5,s0
    80003cce:	6400                	ld	s0,8(s0)
    80003cd0:	b7b9                	j	80003c1e <_malloc_r+0x5a>
    80003cd2:	843e                	mv	s0,a5
    80003cd4:	679c                	ld	a5,8(a5)
    80003cd6:	b785                	j	80003c36 <_malloc_r+0x72>
    80003cd8:	87ba                	mv	a5,a4
    80003cda:	b779                	j	80003c68 <_malloc_r+0xa4>
    80003cdc:	47b1                	li	a5,12
    80003cde:	00f92023          	sw	a5,0(s2)
    80003ce2:	854a                	mv	a0,s2
    80003ce4:	012000ef          	jal	80003cf6 <__malloc_unlock>
    80003ce8:	bf11                	j	80003bfc <_malloc_r+0x38>
    80003cea:	e104                	sd	s1,0(a0)
    80003cec:	b775                	j	80003c98 <_malloc_r+0xd4>
    80003cee:	00003423          	sd	zero,8(zero) # 8 <__boot_hart+0x8>
    80003cf2:	9002                	ebreak

0000000080003cf4 <__malloc_lock>:
    80003cf4:	8082                	ret

0000000080003cf6 <__malloc_unlock>:
    80003cf6:	8082                	ret

0000000080003cf8 <__fp_lock>:
    80003cf8:	4501                	li	a0,0
    80003cfa:	8082                	ret

0000000080003cfc <std>:
    80003cfc:	1141                	addi	sp,sp,-16
    80003cfe:	e022                	sd	s0,0(sp)
    80003d00:	e406                	sd	ra,8(sp)
    80003d02:	842a                	mv	s0,a0
    80003d04:	00b51823          	sh	a1,16(a0)
    80003d08:	00c51923          	sh	a2,18(a0)
    80003d0c:	00053023          	sd	zero,0(a0)
    80003d10:	00053423          	sd	zero,8(a0)
    80003d14:	0a052623          	sw	zero,172(a0)
    80003d18:	00053c23          	sd	zero,24(a0)
    80003d1c:	02052023          	sw	zero,32(a0)
    80003d20:	02052423          	sw	zero,40(a0)
    80003d24:	4621                	li	a2,8
    80003d26:	4581                	li	a1,0
    80003d28:	0a450513          	addi	a0,a0,164
    80003d2c:	594000ef          	jal	800042c0 <memset>
    80003d30:	00000797          	auipc	a5,0x0
    80003d34:	2dc78793          	addi	a5,a5,732 # 8000400c <__sread>
    80003d38:	e03c                	sd	a5,64(s0)
    80003d3a:	00000797          	auipc	a5,0x0
    80003d3e:	30878793          	addi	a5,a5,776 # 80004042 <__swrite>
    80003d42:	e43c                	sd	a5,72(s0)
    80003d44:	00000797          	auipc	a5,0x0
    80003d48:	34e78793          	addi	a5,a5,846 # 80004092 <__sseek>
    80003d4c:	e83c                	sd	a5,80(s0)
    80003d4e:	00000797          	auipc	a5,0x0
    80003d52:	37c78793          	addi	a5,a5,892 # 800040ca <__sclose>
    80003d56:	60a2                	ld	ra,8(sp)
    80003d58:	fc00                	sd	s0,56(s0)
    80003d5a:	ec3c                	sd	a5,88(s0)
    80003d5c:	6402                	ld	s0,0(sp)
    80003d5e:	0141                	addi	sp,sp,16
    80003d60:	8082                	ret

0000000080003d62 <stdio_exit_handler>:
    80003d62:	00002617          	auipc	a2,0x2
    80003d66:	26e60613          	addi	a2,a2,622 # 80005fd0 <__sglue>
    80003d6a:	00001597          	auipc	a1,0x1
    80003d6e:	e4858593          	addi	a1,a1,-440 # 80004bb2 <_fflush_r>
    80003d72:	00002517          	auipc	a0,0x2
    80003d76:	27650513          	addi	a0,a0,630 # 80005fe8 <_impure_data>
    80003d7a:	aae1                	j	80003f52 <_fwalk_sglue>

0000000080003d7c <cleanup_stdio>:
    80003d7c:	650c                	ld	a1,8(a0)
    80003d7e:	1141                	addi	sp,sp,-16
    80003d80:	e022                	sd	s0,0(sp)
    80003d82:	e406                	sd	ra,8(sp)
    80003d84:	00004797          	auipc	a5,0x4
    80003d88:	3cc78793          	addi	a5,a5,972 # 80008150 <__sf>
    80003d8c:	842a                	mv	s0,a0
    80003d8e:	00f58463          	beq	a1,a5,80003d96 <cleanup_stdio+0x1a>
    80003d92:	621000ef          	jal	80004bb2 <_fflush_r>
    80003d96:	680c                	ld	a1,16(s0)
    80003d98:	00004797          	auipc	a5,0x4
    80003d9c:	46878793          	addi	a5,a5,1128 # 80008200 <__sf+0xb0>
    80003da0:	00f58563          	beq	a1,a5,80003daa <cleanup_stdio+0x2e>
    80003da4:	8522                	mv	a0,s0
    80003da6:	60d000ef          	jal	80004bb2 <_fflush_r>
    80003daa:	6c0c                	ld	a1,24(s0)
    80003dac:	00004797          	auipc	a5,0x4
    80003db0:	50478793          	addi	a5,a5,1284 # 800082b0 <__sf+0x160>
    80003db4:	00f58863          	beq	a1,a5,80003dc4 <cleanup_stdio+0x48>
    80003db8:	8522                	mv	a0,s0
    80003dba:	6402                	ld	s0,0(sp)
    80003dbc:	60a2                	ld	ra,8(sp)
    80003dbe:	0141                	addi	sp,sp,16
    80003dc0:	5f30006f          	j	80004bb2 <_fflush_r>
    80003dc4:	60a2                	ld	ra,8(sp)
    80003dc6:	6402                	ld	s0,0(sp)
    80003dc8:	0141                	addi	sp,sp,16
    80003dca:	8082                	ret

0000000080003dcc <global_stdio_init.part.0>:
    80003dcc:	1141                	addi	sp,sp,-16
    80003dce:	00000797          	auipc	a5,0x0
    80003dd2:	f9478793          	addi	a5,a5,-108 # 80003d62 <stdio_exit_handler>
    80003dd6:	4601                	li	a2,0
    80003dd8:	4591                	li	a1,4
    80003dda:	00004517          	auipc	a0,0x4
    80003dde:	37650513          	addi	a0,a0,886 # 80008150 <__sf>
    80003de2:	e406                	sd	ra,8(sp)
    80003de4:	8af1b023          	sd	a5,-1888(gp) # 80006118 <__stdio_exit_handler>
    80003de8:	f15ff0ef          	jal	80003cfc <std>
    80003dec:	4605                	li	a2,1
    80003dee:	45a5                	li	a1,9
    80003df0:	00004517          	auipc	a0,0x4
    80003df4:	41050513          	addi	a0,a0,1040 # 80008200 <__sf+0xb0>
    80003df8:	f05ff0ef          	jal	80003cfc <std>
    80003dfc:	60a2                	ld	ra,8(sp)
    80003dfe:	4609                	li	a2,2
    80003e00:	45c9                	li	a1,18
    80003e02:	00004517          	auipc	a0,0x4
    80003e06:	4ae50513          	addi	a0,a0,1198 # 800082b0 <__sf+0x160>
    80003e0a:	0141                	addi	sp,sp,16
    80003e0c:	bdc5                	j	80003cfc <std>

0000000080003e0e <__fp_unlock>:
    80003e0e:	4501                	li	a0,0
    80003e10:	8082                	ret

0000000080003e12 <__sfp>:
    80003e12:	1101                	addi	sp,sp,-32
    80003e14:	e04a                	sd	s2,0(sp)
    80003e16:	ec06                	sd	ra,24(sp)
    80003e18:	e822                	sd	s0,16(sp)
    80003e1a:	e426                	sd	s1,8(sp)
    80003e1c:	8a01b783          	ld	a5,-1888(gp) # 80006118 <__stdio_exit_handler>
    80003e20:	892a                	mv	s2,a0
    80003e22:	e399                	bnez	a5,80003e28 <__sfp+0x16>
    80003e24:	fa9ff0ef          	jal	80003dcc <global_stdio_init.part.0>
    80003e28:	00002497          	auipc	s1,0x2
    80003e2c:	1a848493          	addi	s1,s1,424 # 80005fd0 <__sglue>
    80003e30:	6880                	ld	s0,16(s1)
    80003e32:	449c                	lw	a5,8(s1)
    80003e34:	37fd                	addiw	a5,a5,-1
    80003e36:	0207d163          	bgez	a5,80003e58 <__sfp+0x46>
    80003e3a:	609c                	ld	a5,0(s1)
    80003e3c:	e7c1                	bnez	a5,80003ec4 <__sfp+0xb2>
    80003e3e:	2d800593          	li	a1,728
    80003e42:	854a                	mv	a0,s2
    80003e44:	d81ff0ef          	jal	80003bc4 <_malloc_r>
    80003e48:	842a                	mv	s0,a0
    80003e4a:	e12d                	bnez	a0,80003eac <__sfp+0x9a>
    80003e4c:	0004b023          	sd	zero,0(s1)
    80003e50:	47b1                	li	a5,12
    80003e52:	00f92023          	sw	a5,0(s2)
    80003e56:	a089                	j	80003e98 <__sfp+0x86>
    80003e58:	01041703          	lh	a4,16(s0)
    80003e5c:	e729                	bnez	a4,80003ea6 <__sfp+0x94>
    80003e5e:	77c1                	lui	a5,0xffff0
    80003e60:	0785                	addi	a5,a5,1 # ffffffffffff0001 <__heap_end+0xffffffff7ffc7001>
    80003e62:	0a042623          	sw	zero,172(s0)
    80003e66:	00043023          	sd	zero,0(s0)
    80003e6a:	00043423          	sd	zero,8(s0)
    80003e6e:	c81c                	sw	a5,16(s0)
    80003e70:	00043c23          	sd	zero,24(s0)
    80003e74:	02042023          	sw	zero,32(s0)
    80003e78:	02042423          	sw	zero,40(s0)
    80003e7c:	4621                	li	a2,8
    80003e7e:	4581                	li	a1,0
    80003e80:	0a440513          	addi	a0,s0,164
    80003e84:	43c000ef          	jal	800042c0 <memset>
    80003e88:	06043023          	sd	zero,96(s0)
    80003e8c:	06042423          	sw	zero,104(s0)
    80003e90:	08043023          	sd	zero,128(s0)
    80003e94:	08042423          	sw	zero,136(s0)
    80003e98:	60e2                	ld	ra,24(sp)
    80003e9a:	8522                	mv	a0,s0
    80003e9c:	6442                	ld	s0,16(sp)
    80003e9e:	64a2                	ld	s1,8(sp)
    80003ea0:	6902                	ld	s2,0(sp)
    80003ea2:	6105                	addi	sp,sp,32
    80003ea4:	8082                	ret
    80003ea6:	0b040413          	addi	s0,s0,176
    80003eaa:	b769                	j	80003e34 <__sfp+0x22>
    80003eac:	4791                	li	a5,4
    80003eae:	00053023          	sd	zero,0(a0)
    80003eb2:	c51c                	sw	a5,8(a0)
    80003eb4:	0561                	addi	a0,a0,24
    80003eb6:	e808                	sd	a0,16(s0)
    80003eb8:	2c000613          	li	a2,704
    80003ebc:	4581                	li	a1,0
    80003ebe:	402000ef          	jal	800042c0 <memset>
    80003ec2:	e080                	sd	s0,0(s1)
    80003ec4:	6084                	ld	s1,0(s1)
    80003ec6:	b7ad                	j	80003e30 <__sfp+0x1e>

0000000080003ec8 <__sinit>:
    80003ec8:	613c                	ld	a5,64(a0)
    80003eca:	eb91                	bnez	a5,80003ede <__sinit+0x16>
    80003ecc:	00000797          	auipc	a5,0x0
    80003ed0:	eb078793          	addi	a5,a5,-336 # 80003d7c <cleanup_stdio>
    80003ed4:	e13c                	sd	a5,64(a0)
    80003ed6:	8a01b783          	ld	a5,-1888(gp) # 80006118 <__stdio_exit_handler>
    80003eda:	e391                	bnez	a5,80003ede <__sinit+0x16>
    80003edc:	bdc5                	j	80003dcc <global_stdio_init.part.0>
    80003ede:	8082                	ret

0000000080003ee0 <__sfp_lock_acquire>:
    80003ee0:	8082                	ret

0000000080003ee2 <__sfp_lock_release>:
    80003ee2:	8082                	ret

0000000080003ee4 <__fp_lock_all>:
    80003ee4:	00002617          	auipc	a2,0x2
    80003ee8:	0ec60613          	addi	a2,a2,236 # 80005fd0 <__sglue>
    80003eec:	00000597          	auipc	a1,0x0
    80003ef0:	e0c58593          	addi	a1,a1,-500 # 80003cf8 <__fp_lock>
    80003ef4:	4501                	li	a0,0
    80003ef6:	a8b1                	j	80003f52 <_fwalk_sglue>

0000000080003ef8 <__fp_unlock_all>:
    80003ef8:	00002617          	auipc	a2,0x2
    80003efc:	0d860613          	addi	a2,a2,216 # 80005fd0 <__sglue>
    80003f00:	00000597          	auipc	a1,0x0
    80003f04:	f0e58593          	addi	a1,a1,-242 # 80003e0e <__fp_unlock>
    80003f08:	4501                	li	a0,0
    80003f0a:	a0a1                	j	80003f52 <_fwalk_sglue>

0000000080003f0c <_fiprintf_r>:
    80003f0c:	715d                	addi	sp,sp,-80
    80003f0e:	f436                	sd	a3,40(sp)
    80003f10:	1034                	addi	a3,sp,40
    80003f12:	ec06                	sd	ra,24(sp)
    80003f14:	f83a                	sd	a4,48(sp)
    80003f16:	fc3e                	sd	a5,56(sp)
    80003f18:	e0c2                	sd	a6,64(sp)
    80003f1a:	e4c6                	sd	a7,72(sp)
    80003f1c:	e436                	sd	a3,8(sp)
    80003f1e:	520000ef          	jal	8000443e <_vfiprintf_r>
    80003f22:	60e2                	ld	ra,24(sp)
    80003f24:	6161                	addi	sp,sp,80
    80003f26:	8082                	ret

0000000080003f28 <fiprintf>:
    80003f28:	715d                	addi	sp,sp,-80
    80003f2a:	f032                	sd	a2,32(sp)
    80003f2c:	f436                	sd	a3,40(sp)
    80003f2e:	862e                	mv	a2,a1
    80003f30:	1014                	addi	a3,sp,32
    80003f32:	85aa                	mv	a1,a0
    80003f34:	00002517          	auipc	a0,0x2
    80003f38:	14453503          	ld	a0,324(a0) # 80006078 <_impure_ptr>
    80003f3c:	ec06                	sd	ra,24(sp)
    80003f3e:	f83a                	sd	a4,48(sp)
    80003f40:	fc3e                	sd	a5,56(sp)
    80003f42:	e0c2                	sd	a6,64(sp)
    80003f44:	e4c6                	sd	a7,72(sp)
    80003f46:	e436                	sd	a3,8(sp)
    80003f48:	4f6000ef          	jal	8000443e <_vfiprintf_r>
    80003f4c:	60e2                	ld	ra,24(sp)
    80003f4e:	6161                	addi	sp,sp,80
    80003f50:	8082                	ret

0000000080003f52 <_fwalk_sglue>:
    80003f52:	715d                	addi	sp,sp,-80
    80003f54:	e0a2                	sd	s0,64(sp)
    80003f56:	fc26                	sd	s1,56(sp)
    80003f58:	f44e                	sd	s3,40(sp)
    80003f5a:	f052                	sd	s4,32(sp)
    80003f5c:	e85a                	sd	s6,16(sp)
    80003f5e:	e45e                	sd	s7,8(sp)
    80003f60:	e486                	sd	ra,72(sp)
    80003f62:	f84a                	sd	s2,48(sp)
    80003f64:	ec56                	sd	s5,24(sp)
    80003f66:	89aa                	mv	s3,a0
    80003f68:	8a2e                	mv	s4,a1
    80003f6a:	8432                	mv	s0,a2
    80003f6c:	4481                	li	s1,0
    80003f6e:	4b05                	li	s6,1
    80003f70:	5bfd                	li	s7,-1
    80003f72:	01043903          	ld	s2,16(s0)
    80003f76:	00842a83          	lw	s5,8(s0)
    80003f7a:	3afd                	addiw	s5,s5,-1
    80003f7c:	020ad063          	bgez	s5,80003f9c <_fwalk_sglue+0x4a>
    80003f80:	6000                	ld	s0,0(s0)
    80003f82:	f865                	bnez	s0,80003f72 <_fwalk_sglue+0x20>
    80003f84:	60a6                	ld	ra,72(sp)
    80003f86:	6406                	ld	s0,64(sp)
    80003f88:	7942                	ld	s2,48(sp)
    80003f8a:	79a2                	ld	s3,40(sp)
    80003f8c:	7a02                	ld	s4,32(sp)
    80003f8e:	6ae2                	ld	s5,24(sp)
    80003f90:	6b42                	ld	s6,16(sp)
    80003f92:	6ba2                	ld	s7,8(sp)
    80003f94:	8526                	mv	a0,s1
    80003f96:	74e2                	ld	s1,56(sp)
    80003f98:	6161                	addi	sp,sp,80
    80003f9a:	8082                	ret
    80003f9c:	01095783          	lhu	a5,16(s2)
    80003fa0:	00fb7b63          	bgeu	s6,a5,80003fb6 <_fwalk_sglue+0x64>
    80003fa4:	01291783          	lh	a5,18(s2)
    80003fa8:	01778763          	beq	a5,s7,80003fb6 <_fwalk_sglue+0x64>
    80003fac:	85ca                	mv	a1,s2
    80003fae:	854e                	mv	a0,s3
    80003fb0:	9a02                	jalr	s4
    80003fb2:	8cc9                	or	s1,s1,a0
    80003fb4:	2481                	sext.w	s1,s1
    80003fb6:	0b090913          	addi	s2,s2,176
    80003fba:	b7c1                	j	80003f7a <_fwalk_sglue+0x28>

0000000080003fbc <_iprintf_r>:
    80003fbc:	715d                	addi	sp,sp,-80
    80003fbe:	f032                	sd	a2,32(sp)
    80003fc0:	f436                	sd	a3,40(sp)
    80003fc2:	f83a                	sd	a4,48(sp)
    80003fc4:	fc3e                	sd	a5,56(sp)
    80003fc6:	e0c2                	sd	a6,64(sp)
    80003fc8:	e4c6                	sd	a7,72(sp)
    80003fca:	862e                	mv	a2,a1
    80003fcc:	690c                	ld	a1,16(a0)
    80003fce:	1014                	addi	a3,sp,32
    80003fd0:	ec06                	sd	ra,24(sp)
    80003fd2:	e436                	sd	a3,8(sp)
    80003fd4:	46a000ef          	jal	8000443e <_vfiprintf_r>
    80003fd8:	60e2                	ld	ra,24(sp)
    80003fda:	6161                	addi	sp,sp,80
    80003fdc:	8082                	ret

0000000080003fde <iprintf>:
    80003fde:	711d                	addi	sp,sp,-96
    80003fe0:	f832                	sd	a2,48(sp)
    80003fe2:	fc36                	sd	a3,56(sp)
    80003fe4:	e4be                	sd	a5,72(sp)
    80003fe6:	f42e                	sd	a1,40(sp)
    80003fe8:	e0ba                	sd	a4,64(sp)
    80003fea:	e8c2                	sd	a6,80(sp)
    80003fec:	ecc6                	sd	a7,88(sp)
    80003fee:	00002797          	auipc	a5,0x2
    80003ff2:	08a7b783          	ld	a5,138(a5) # 80006078 <_impure_ptr>
    80003ff6:	6b8c                	ld	a1,16(a5)
    80003ff8:	1034                	addi	a3,sp,40
    80003ffa:	862a                	mv	a2,a0
    80003ffc:	853e                	mv	a0,a5
    80003ffe:	ec06                	sd	ra,24(sp)
    80004000:	e436                	sd	a3,8(sp)
    80004002:	43c000ef          	jal	8000443e <_vfiprintf_r>
    80004006:	60e2                	ld	ra,24(sp)
    80004008:	6125                	addi	sp,sp,96
    8000400a:	8082                	ret

000000008000400c <__sread>:
    8000400c:	1141                	addi	sp,sp,-16
    8000400e:	e022                	sd	s0,0(sp)
    80004010:	842e                	mv	s0,a1
    80004012:	01259583          	lh	a1,18(a1)
    80004016:	e406                	sd	ra,8(sp)
    80004018:	202000ef          	jal	8000421a <_read_r>
    8000401c:	00054963          	bltz	a0,8000402e <__sread+0x22>
    80004020:	6c5c                	ld	a5,152(s0)
    80004022:	97aa                	add	a5,a5,a0
    80004024:	ec5c                	sd	a5,152(s0)
    80004026:	60a2                	ld	ra,8(sp)
    80004028:	6402                	ld	s0,0(sp)
    8000402a:	0141                	addi	sp,sp,16
    8000402c:	8082                	ret
    8000402e:	01045783          	lhu	a5,16(s0)
    80004032:	777d                	lui	a4,0xfffff
    80004034:	177d                	addi	a4,a4,-1 # ffffffffffffefff <__heap_end+0xffffffff7ffd5fff>
    80004036:	8ff9                	and	a5,a5,a4
    80004038:	00f41823          	sh	a5,16(s0)
    8000403c:	b7ed                	j	80004026 <__sread+0x1a>

000000008000403e <__seofread>:
    8000403e:	4501                	li	a0,0
    80004040:	8082                	ret

0000000080004042 <__swrite>:
    80004042:	0105d783          	lhu	a5,16(a1)
    80004046:	7179                	addi	sp,sp,-48
    80004048:	f022                	sd	s0,32(sp)
    8000404a:	ec26                	sd	s1,24(sp)
    8000404c:	e84a                	sd	s2,16(sp)
    8000404e:	e44e                	sd	s3,8(sp)
    80004050:	f406                	sd	ra,40(sp)
    80004052:	1007f793          	andi	a5,a5,256
    80004056:	84aa                	mv	s1,a0
    80004058:	842e                	mv	s0,a1
    8000405a:	8932                	mv	s2,a2
    8000405c:	89b6                	mv	s3,a3
    8000405e:	c799                	beqz	a5,8000406c <__swrite+0x2a>
    80004060:	01259583          	lh	a1,18(a1)
    80004064:	4689                	li	a3,2
    80004066:	4601                	li	a2,0
    80004068:	186000ef          	jal	800041ee <_lseek_r>
    8000406c:	01045783          	lhu	a5,16(s0)
    80004070:	777d                	lui	a4,0xfffff
    80004072:	177d                	addi	a4,a4,-1 # ffffffffffffefff <__heap_end+0xffffffff7ffd5fff>
    80004074:	8ff9                	and	a5,a5,a4
    80004076:	01241583          	lh	a1,18(s0)
    8000407a:	00f41823          	sh	a5,16(s0)
    8000407e:	7402                	ld	s0,32(sp)
    80004080:	70a2                	ld	ra,40(sp)
    80004082:	86ce                	mv	a3,s3
    80004084:	864a                	mv	a2,s2
    80004086:	69a2                	ld	s3,8(sp)
    80004088:	6942                	ld	s2,16(sp)
    8000408a:	8526                	mv	a0,s1
    8000408c:	64e2                	ld	s1,24(sp)
    8000408e:	6145                	addi	sp,sp,48
    80004090:	aaf9                	j	8000426e <_write_r>

0000000080004092 <__sseek>:
    80004092:	1141                	addi	sp,sp,-16
    80004094:	e022                	sd	s0,0(sp)
    80004096:	842e                	mv	s0,a1
    80004098:	01259583          	lh	a1,18(a1)
    8000409c:	e406                	sd	ra,8(sp)
    8000409e:	150000ef          	jal	800041ee <_lseek_r>
    800040a2:	577d                	li	a4,-1
    800040a4:	01045783          	lhu	a5,16(s0)
    800040a8:	00e51b63          	bne	a0,a4,800040be <__sseek+0x2c>
    800040ac:	777d                	lui	a4,0xfffff
    800040ae:	177d                	addi	a4,a4,-1 # ffffffffffffefff <__heap_end+0xffffffff7ffd5fff>
    800040b0:	8ff9                	and	a5,a5,a4
    800040b2:	00f41823          	sh	a5,16(s0)
    800040b6:	60a2                	ld	ra,8(sp)
    800040b8:	6402                	ld	s0,0(sp)
    800040ba:	0141                	addi	sp,sp,16
    800040bc:	8082                	ret
    800040be:	6705                	lui	a4,0x1
    800040c0:	8fd9                	or	a5,a5,a4
    800040c2:	00f41823          	sh	a5,16(s0)
    800040c6:	ec48                	sd	a0,152(s0)
    800040c8:	b7fd                	j	800040b6 <__sseek+0x24>

00000000800040ca <__sclose>:
    800040ca:	01259583          	lh	a1,18(a1)
    800040ce:	a025                	j	800040f6 <_close_r>

00000000800040d0 <memcmp>:
    800040d0:	4701                	li	a4,0
    800040d2:	00e61463          	bne	a2,a4,800040da <memcmp+0xa>
    800040d6:	4501                	li	a0,0
    800040d8:	8082                	ret
    800040da:	00e507b3          	add	a5,a0,a4
    800040de:	0705                	addi	a4,a4,1 # 1001 <__stack_align+0xff1>
    800040e0:	00e586b3          	add	a3,a1,a4
    800040e4:	0007c783          	lbu	a5,0(a5)
    800040e8:	fff6c683          	lbu	a3,-1(a3)
    800040ec:	fed783e3          	beq	a5,a3,800040d2 <memcmp+0x2>
    800040f0:	40d7853b          	subw	a0,a5,a3
    800040f4:	8082                	ret

00000000800040f6 <_close_r>:
    800040f6:	1141                	addi	sp,sp,-16
    800040f8:	e022                	sd	s0,0(sp)
    800040fa:	842a                	mv	s0,a0
    800040fc:	852e                	mv	a0,a1
    800040fe:	8a01a423          	sw	zero,-1880(gp) # 80006120 <errno>
    80004102:	e406                	sd	ra,8(sp)
    80004104:	2ec010ef          	jal	800053f0 <_close>
    80004108:	57fd                	li	a5,-1
    8000410a:	00f51663          	bne	a0,a5,80004116 <_close_r+0x20>
    8000410e:	8a81a783          	lw	a5,-1880(gp) # 80006120 <errno>
    80004112:	c391                	beqz	a5,80004116 <_close_r+0x20>
    80004114:	c01c                	sw	a5,0(s0)
    80004116:	60a2                	ld	ra,8(sp)
    80004118:	6402                	ld	s0,0(sp)
    8000411a:	0141                	addi	sp,sp,16
    8000411c:	8082                	ret

000000008000411e <_reclaim_reent>:
    8000411e:	00002797          	auipc	a5,0x2
    80004122:	f5a7b783          	ld	a5,-166(a5) # 80006078 <_impure_ptr>
    80004126:	0ca78363          	beq	a5,a0,800041ec <_reclaim_reent+0xce>
    8000412a:	7d1c                	ld	a5,56(a0)
    8000412c:	7179                	addi	sp,sp,-48
    8000412e:	f022                	sd	s0,32(sp)
    80004130:	f406                	sd	ra,40(sp)
    80004132:	ec26                	sd	s1,24(sp)
    80004134:	e84a                	sd	s2,16(sp)
    80004136:	e44e                	sd	s3,8(sp)
    80004138:	842a                	mv	s0,a0
    8000413a:	cb8d                	beqz	a5,8000416c <_reclaim_reent+0x4e>
    8000413c:	6f9c                	ld	a5,24(a5)
    8000413e:	c38d                	beqz	a5,80004160 <_reclaim_reent+0x42>
    80004140:	4481                	li	s1,0
    80004142:	20000913          	li	s2,512
    80004146:	7c1c                	ld	a5,56(s0)
    80004148:	6f9c                	ld	a5,24(a5)
    8000414a:	97a6                	add	a5,a5,s1
    8000414c:	638c                	ld	a1,0(a5)
    8000414e:	e1c9                	bnez	a1,800041d0 <_reclaim_reent+0xb2>
    80004150:	04a1                	addi	s1,s1,8
    80004152:	ff249ae3          	bne	s1,s2,80004146 <_reclaim_reent+0x28>
    80004156:	7c1c                	ld	a5,56(s0)
    80004158:	8522                	mv	a0,s0
    8000415a:	6f8c                	ld	a1,24(a5)
    8000415c:	1ac000ef          	jal	80004308 <_free_r>
    80004160:	7c1c                	ld	a5,56(s0)
    80004162:	638c                	ld	a1,0(a5)
    80004164:	c581                	beqz	a1,8000416c <_reclaim_reent+0x4e>
    80004166:	8522                	mv	a0,s0
    80004168:	1a0000ef          	jal	80004308 <_free_r>
    8000416c:	740c                	ld	a1,40(s0)
    8000416e:	c581                	beqz	a1,80004176 <_reclaim_reent+0x58>
    80004170:	8522                	mv	a0,s0
    80004172:	196000ef          	jal	80004308 <_free_r>
    80004176:	7c0c                	ld	a1,56(s0)
    80004178:	c581                	beqz	a1,80004180 <_reclaim_reent+0x62>
    8000417a:	8522                	mv	a0,s0
    8000417c:	18c000ef          	jal	80004308 <_free_r>
    80004180:	6c2c                	ld	a1,88(s0)
    80004182:	c581                	beqz	a1,8000418a <_reclaim_reent+0x6c>
    80004184:	8522                	mv	a0,s0
    80004186:	182000ef          	jal	80004308 <_free_r>
    8000418a:	702c                	ld	a1,96(s0)
    8000418c:	c581                	beqz	a1,80004194 <_reclaim_reent+0x76>
    8000418e:	8522                	mv	a0,s0
    80004190:	178000ef          	jal	80004308 <_free_r>
    80004194:	742c                	ld	a1,104(s0)
    80004196:	c581                	beqz	a1,8000419e <_reclaim_reent+0x80>
    80004198:	8522                	mv	a0,s0
    8000419a:	16e000ef          	jal	80004308 <_free_r>
    8000419e:	644c                	ld	a1,136(s0)
    800041a0:	c581                	beqz	a1,800041a8 <_reclaim_reent+0x8a>
    800041a2:	8522                	mv	a0,s0
    800041a4:	164000ef          	jal	80004308 <_free_r>
    800041a8:	604c                	ld	a1,128(s0)
    800041aa:	c581                	beqz	a1,800041b2 <_reclaim_reent+0x94>
    800041ac:	8522                	mv	a0,s0
    800041ae:	15a000ef          	jal	80004308 <_free_r>
    800041b2:	682c                	ld	a1,80(s0)
    800041b4:	c581                	beqz	a1,800041bc <_reclaim_reent+0x9e>
    800041b6:	8522                	mv	a0,s0
    800041b8:	150000ef          	jal	80004308 <_free_r>
    800041bc:	603c                	ld	a5,64(s0)
    800041be:	c385                	beqz	a5,800041de <_reclaim_reent+0xc0>
    800041c0:	8522                	mv	a0,s0
    800041c2:	7402                	ld	s0,32(sp)
    800041c4:	70a2                	ld	ra,40(sp)
    800041c6:	64e2                	ld	s1,24(sp)
    800041c8:	6942                	ld	s2,16(sp)
    800041ca:	69a2                	ld	s3,8(sp)
    800041cc:	6145                	addi	sp,sp,48
    800041ce:	8782                	jr	a5
    800041d0:	0005b983          	ld	s3,0(a1)
    800041d4:	8522                	mv	a0,s0
    800041d6:	132000ef          	jal	80004308 <_free_r>
    800041da:	85ce                	mv	a1,s3
    800041dc:	bf8d                	j	8000414e <_reclaim_reent+0x30>
    800041de:	70a2                	ld	ra,40(sp)
    800041e0:	7402                	ld	s0,32(sp)
    800041e2:	64e2                	ld	s1,24(sp)
    800041e4:	6942                	ld	s2,16(sp)
    800041e6:	69a2                	ld	s3,8(sp)
    800041e8:	6145                	addi	sp,sp,48
    800041ea:	8082                	ret
    800041ec:	8082                	ret

00000000800041ee <_lseek_r>:
    800041ee:	1141                	addi	sp,sp,-16
    800041f0:	e022                	sd	s0,0(sp)
    800041f2:	842a                	mv	s0,a0
    800041f4:	852e                	mv	a0,a1
    800041f6:	85b2                	mv	a1,a2
    800041f8:	8636                	mv	a2,a3
    800041fa:	8a01a423          	sw	zero,-1880(gp) # 80006120 <errno>
    800041fe:	e406                	sd	ra,8(sp)
    80004200:	25a010ef          	jal	8000545a <_lseek>
    80004204:	57fd                	li	a5,-1
    80004206:	00f51663          	bne	a0,a5,80004212 <_lseek_r+0x24>
    8000420a:	8a81a783          	lw	a5,-1880(gp) # 80006120 <errno>
    8000420e:	c391                	beqz	a5,80004212 <_lseek_r+0x24>
    80004210:	c01c                	sw	a5,0(s0)
    80004212:	60a2                	ld	ra,8(sp)
    80004214:	6402                	ld	s0,0(sp)
    80004216:	0141                	addi	sp,sp,16
    80004218:	8082                	ret

000000008000421a <_read_r>:
    8000421a:	1141                	addi	sp,sp,-16
    8000421c:	e022                	sd	s0,0(sp)
    8000421e:	842a                	mv	s0,a0
    80004220:	852e                	mv	a0,a1
    80004222:	85b2                	mv	a1,a2
    80004224:	8636                	mv	a2,a3
    80004226:	8a01a423          	sw	zero,-1880(gp) # 80006120 <errno>
    8000422a:	e406                	sd	ra,8(sp)
    8000422c:	242010ef          	jal	8000546e <_read>
    80004230:	57fd                	li	a5,-1
    80004232:	00f51663          	bne	a0,a5,8000423e <_read_r+0x24>
    80004236:	8a81a783          	lw	a5,-1880(gp) # 80006120 <errno>
    8000423a:	c391                	beqz	a5,8000423e <_read_r+0x24>
    8000423c:	c01c                	sw	a5,0(s0)
    8000423e:	60a2                	ld	ra,8(sp)
    80004240:	6402                	ld	s0,0(sp)
    80004242:	0141                	addi	sp,sp,16
    80004244:	8082                	ret

0000000080004246 <_sbrk_r>:
    80004246:	1141                	addi	sp,sp,-16
    80004248:	e022                	sd	s0,0(sp)
    8000424a:	842a                	mv	s0,a0
    8000424c:	852e                	mv	a0,a1
    8000424e:	8a01a423          	sw	zero,-1880(gp) # 80006120 <errno>
    80004252:	e406                	sd	ra,8(sp)
    80004254:	230010ef          	jal	80005484 <_sbrk>
    80004258:	57fd                	li	a5,-1
    8000425a:	00f51663          	bne	a0,a5,80004266 <_sbrk_r+0x20>
    8000425e:	8a81a783          	lw	a5,-1880(gp) # 80006120 <errno>
    80004262:	c391                	beqz	a5,80004266 <_sbrk_r+0x20>
    80004264:	c01c                	sw	a5,0(s0)
    80004266:	60a2                	ld	ra,8(sp)
    80004268:	6402                	ld	s0,0(sp)
    8000426a:	0141                	addi	sp,sp,16
    8000426c:	8082                	ret

000000008000426e <_write_r>:
    8000426e:	1141                	addi	sp,sp,-16
    80004270:	e022                	sd	s0,0(sp)
    80004272:	842a                	mv	s0,a0
    80004274:	852e                	mv	a0,a1
    80004276:	85b2                	mv	a1,a2
    80004278:	8636                	mv	a2,a3
    8000427a:	8a01a423          	sw	zero,-1880(gp) # 80006120 <errno>
    8000427e:	e406                	sd	ra,8(sp)
    80004280:	244010ef          	jal	800054c4 <_write>
    80004284:	57fd                	li	a5,-1
    80004286:	00f51663          	bne	a0,a5,80004292 <_write_r+0x24>
    8000428a:	8a81a783          	lw	a5,-1880(gp) # 80006120 <errno>
    8000428e:	c391                	beqz	a5,80004292 <_write_r+0x24>
    80004290:	c01c                	sw	a5,0(s0)
    80004292:	60a2                	ld	ra,8(sp)
    80004294:	6402                	ld	s0,0(sp)
    80004296:	0141                	addi	sp,sp,16
    80004298:	8082                	ret

000000008000429a <memmove>:
    8000429a:	c215                	beqz	a2,800042be <memmove+0x24>
    8000429c:	832a                	mv	t1,a0
    8000429e:	4685                	li	a3,1
    800042a0:	00b56763          	bltu	a0,a1,800042ae <memmove+0x14>
    800042a4:	56fd                	li	a3,-1
    800042a6:	fff60713          	addi	a4,a2,-1
    800042aa:	933a                	add	t1,t1,a4
    800042ac:	95ba                	add	a1,a1,a4
    800042ae:	00058383          	lb	t2,0(a1)
    800042b2:	00730023          	sb	t2,0(t1)
    800042b6:	167d                	addi	a2,a2,-1
    800042b8:	9336                	add	t1,t1,a3
    800042ba:	95b6                	add	a1,a1,a3
    800042bc:	fa6d                	bnez	a2,800042ae <memmove+0x14>
    800042be:	8082                	ret

00000000800042c0 <memset>:
    800042c0:	832a                	mv	t1,a0
    800042c2:	c611                	beqz	a2,800042ce <memset+0xe>
    800042c4:	00b30023          	sb	a1,0(t1)
    800042c8:	167d                	addi	a2,a2,-1
    800042ca:	0305                	addi	t1,t1,1
    800042cc:	fe65                	bnez	a2,800042c4 <memset+0x4>
    800042ce:	8082                	ret

00000000800042d0 <memcpy>:
    800042d0:	832a                	mv	t1,a0
    800042d2:	ca09                	beqz	a2,800042e4 <memcpy+0x14>
    800042d4:	00058383          	lb	t2,0(a1)
    800042d8:	00730023          	sb	t2,0(t1)
    800042dc:	167d                	addi	a2,a2,-1
    800042de:	0305                	addi	t1,t1,1
    800042e0:	0585                	addi	a1,a1,1
    800042e2:	fa6d                	bnez	a2,800042d4 <memcpy+0x4>
    800042e4:	8082                	ret

00000000800042e6 <strlen>:
    800042e6:	87aa                	mv	a5,a0
    800042e8:	0007c703          	lbu	a4,0(a5)
    800042ec:	0785                	addi	a5,a5,1
    800042ee:	ff6d                	bnez	a4,800042e8 <strlen+0x2>
    800042f0:	40a78533          	sub	a0,a5,a0
    800042f4:	157d                	addi	a0,a0,-1
    800042f6:	8082                	ret

00000000800042f8 <abort>:
    800042f8:	1141                	addi	sp,sp,-16
    800042fa:	4519                	li	a0,6
    800042fc:	e406                	sd	ra,8(sp)
    800042fe:	6b3000ef          	jal	800051b0 <raise>
    80004302:	4505                	li	a0,1
    80004304:	100010ef          	jal	80005404 <_exit>

0000000080004308 <_free_r>:
    80004308:	c1c5                	beqz	a1,800043a8 <_free_r+0xa0>
    8000430a:	ff85b783          	ld	a5,-8(a1)
    8000430e:	1101                	addi	sp,sp,-32
    80004310:	e822                	sd	s0,16(sp)
    80004312:	ec06                	sd	ra,24(sp)
    80004314:	ff858413          	addi	s0,a1,-8
    80004318:	0007d363          	bgez	a5,8000431e <_free_r+0x16>
    8000431c:	943e                	add	s0,s0,a5
    8000431e:	e42a                	sd	a0,8(sp)
    80004320:	9d5ff0ef          	jal	80003cf4 <__malloc_lock>
    80004324:	89818713          	addi	a4,gp,-1896 # 80006110 <__malloc_free_list>
    80004328:	631c                	ld	a5,0(a4)
    8000432a:	6522                	ld	a0,8(sp)
    8000432c:	eb89                	bnez	a5,8000433e <_free_r+0x36>
    8000432e:	00043423          	sd	zero,8(s0)
    80004332:	e300                	sd	s0,0(a4)
    80004334:	6442                	ld	s0,16(sp)
    80004336:	60e2                	ld	ra,24(sp)
    80004338:	6105                	addi	sp,sp,32
    8000433a:	9bdff06f          	j	80003cf6 <__malloc_unlock>
    8000433e:	00f47d63          	bgeu	s0,a5,80004358 <_free_r+0x50>
    80004342:	6010                	ld	a2,0(s0)
    80004344:	00c406b3          	add	a3,s0,a2
    80004348:	00d79663          	bne	a5,a3,80004354 <_free_r+0x4c>
    8000434c:	6394                	ld	a3,0(a5)
    8000434e:	679c                	ld	a5,8(a5)
    80004350:	96b2                	add	a3,a3,a2
    80004352:	e014                	sd	a3,0(s0)
    80004354:	e41c                	sd	a5,8(s0)
    80004356:	bff1                	j	80004332 <_free_r+0x2a>
    80004358:	873e                	mv	a4,a5
    8000435a:	679c                	ld	a5,8(a5)
    8000435c:	c399                	beqz	a5,80004362 <_free_r+0x5a>
    8000435e:	fef47de3          	bgeu	s0,a5,80004358 <_free_r+0x50>
    80004362:	6314                	ld	a3,0(a4)
    80004364:	00d70633          	add	a2,a4,a3
    80004368:	00861f63          	bne	a2,s0,80004386 <_free_r+0x7e>
    8000436c:	6010                	ld	a2,0(s0)
    8000436e:	96b2                	add	a3,a3,a2
    80004370:	e314                	sd	a3,0(a4)
    80004372:	00d70633          	add	a2,a4,a3
    80004376:	fac79fe3          	bne	a5,a2,80004334 <_free_r+0x2c>
    8000437a:	6390                	ld	a2,0(a5)
    8000437c:	679c                	ld	a5,8(a5)
    8000437e:	96b2                	add	a3,a3,a2
    80004380:	e314                	sd	a3,0(a4)
    80004382:	e71c                	sd	a5,8(a4)
    80004384:	bf45                	j	80004334 <_free_r+0x2c>
    80004386:	00c47563          	bgeu	s0,a2,80004390 <_free_r+0x88>
    8000438a:	47b1                	li	a5,12
    8000438c:	c11c                	sw	a5,0(a0)
    8000438e:	b75d                	j	80004334 <_free_r+0x2c>
    80004390:	6010                	ld	a2,0(s0)
    80004392:	00c406b3          	add	a3,s0,a2
    80004396:	00d79663          	bne	a5,a3,800043a2 <_free_r+0x9a>
    8000439a:	6394                	ld	a3,0(a5)
    8000439c:	679c                	ld	a5,8(a5)
    8000439e:	96b2                	add	a3,a3,a2
    800043a0:	e014                	sd	a3,0(s0)
    800043a2:	e41c                	sd	a5,8(s0)
    800043a4:	e700                	sd	s0,8(a4)
    800043a6:	b779                	j	80004334 <_free_r+0x2c>
    800043a8:	8082                	ret

00000000800043aa <__sfputc_r>:
    800043aa:	465c                	lw	a5,12(a2)
    800043ac:	fff7871b          	addiw	a4,a5,-1
    800043b0:	c658                	sw	a4,12(a2)
    800043b2:	00075a63          	bgez	a4,800043c6 <__sfputc_r+0x1c>
    800043b6:	561c                	lw	a5,40(a2)
    800043b8:	00f74563          	blt	a4,a5,800043c2 <__sfputc_r+0x18>
    800043bc:	47a9                	li	a5,10
    800043be:	00f59463          	bne	a1,a5,800043c6 <__sfputc_r+0x1c>
    800043c2:	3290006f          	j	80004eea <__swbuf_r>
    800043c6:	621c                	ld	a5,0(a2)
    800043c8:	852e                	mv	a0,a1
    800043ca:	00178713          	addi	a4,a5,1
    800043ce:	e218                	sd	a4,0(a2)
    800043d0:	00b78023          	sb	a1,0(a5)
    800043d4:	8082                	ret

00000000800043d6 <__sfputs_r>:
    800043d6:	7179                	addi	sp,sp,-48
    800043d8:	f022                	sd	s0,32(sp)
    800043da:	ec26                	sd	s1,24(sp)
    800043dc:	e84a                	sd	s2,16(sp)
    800043de:	e44e                	sd	s3,8(sp)
    800043e0:	e052                	sd	s4,0(sp)
    800043e2:	f406                	sd	ra,40(sp)
    800043e4:	892a                	mv	s2,a0
    800043e6:	89ae                	mv	s3,a1
    800043e8:	8432                	mv	s0,a2
    800043ea:	00d604b3          	add	s1,a2,a3
    800043ee:	5a7d                	li	s4,-1
    800043f0:	00941463          	bne	s0,s1,800043f8 <__sfputs_r+0x22>
    800043f4:	4501                	li	a0,0
    800043f6:	a811                	j	8000440a <__sfputs_r+0x34>
    800043f8:	00044583          	lbu	a1,0(s0)
    800043fc:	864e                	mv	a2,s3
    800043fe:	854a                	mv	a0,s2
    80004400:	fabff0ef          	jal	800043aa <__sfputc_r>
    80004404:	0405                	addi	s0,s0,1
    80004406:	ff4515e3          	bne	a0,s4,800043f0 <__sfputs_r+0x1a>
    8000440a:	70a2                	ld	ra,40(sp)
    8000440c:	7402                	ld	s0,32(sp)
    8000440e:	64e2                	ld	s1,24(sp)
    80004410:	6942                	ld	s2,16(sp)
    80004412:	69a2                	ld	s3,8(sp)
    80004414:	6a02                	ld	s4,0(sp)
    80004416:	6145                	addi	sp,sp,48
    80004418:	8082                	ret

000000008000441a <__sprint_r>:
    8000441a:	6a1c                	ld	a5,16(a2)
    8000441c:	1141                	addi	sp,sp,-16
    8000441e:	e022                	sd	s0,0(sp)
    80004420:	e406                	sd	ra,8(sp)
    80004422:	8432                	mv	s0,a2
    80004424:	cb99                	beqz	a5,8000443a <__sprint_r+0x20>
    80004426:	7ee000ef          	jal	80004c14 <__sfvwrite_r>
    8000442a:	00043823          	sd	zero,16(s0)
    8000442e:	60a2                	ld	ra,8(sp)
    80004430:	00042423          	sw	zero,8(s0)
    80004434:	6402                	ld	s0,0(sp)
    80004436:	0141                	addi	sp,sp,16
    80004438:	8082                	ret
    8000443a:	4501                	li	a0,0
    8000443c:	bfcd                	j	8000442e <__sprint_r+0x14>

000000008000443e <_vfiprintf_r>:
    8000443e:	7155                	addi	sp,sp,-208
    80004440:	e1a2                	sd	s0,192(sp)
    80004442:	fd26                	sd	s1,184(sp)
    80004444:	f94a                	sd	s2,176(sp)
    80004446:	f54e                	sd	s3,168(sp)
    80004448:	f152                	sd	s4,160(sp)
    8000444a:	e586                	sd	ra,200(sp)
    8000444c:	ed56                	sd	s5,152(sp)
    8000444e:	e95a                	sd	s6,144(sp)
    80004450:	e55e                	sd	s7,136(sp)
    80004452:	e162                	sd	s8,128(sp)
    80004454:	fce6                	sd	s9,120(sp)
    80004456:	f8ea                	sd	s10,112(sp)
    80004458:	8a2a                	mv	s4,a0
    8000445a:	892e                	mv	s2,a1
    8000445c:	84b2                	mv	s1,a2
    8000445e:	8436                	mv	s0,a3
    80004460:	4981                	li	s3,0
    80004462:	c509                	beqz	a0,8000446c <_vfiprintf_r+0x2e>
    80004464:	613c                	ld	a5,64(a0)
    80004466:	e399                	bnez	a5,8000446c <_vfiprintf_r+0x2e>
    80004468:	a61ff0ef          	jal	80003ec8 <__sinit>
    8000446c:	01095783          	lhu	a5,16(s2)
    80004470:	8ba1                	andi	a5,a5,8
    80004472:	cbe1                	beqz	a5,80004542 <_vfiprintf_r+0x104>
    80004474:	01893783          	ld	a5,24(s2)
    80004478:	c7e9                	beqz	a5,80004542 <_vfiprintf_r+0x104>
    8000447a:	02000793          	li	a5,32
    8000447e:	02f104a3          	sb	a5,41(sp)
    80004482:	5afd                	li	s5,-1
    80004484:	03000793          	li	a5,48
    80004488:	d202                	sw	zero,36(sp)
    8000448a:	02f10523          	sb	a5,42(sp)
    8000448e:	e422                	sd	s0,8(sp)
    80004490:	02500b93          	li	s7,37
    80004494:	020a9c13          	slli	s8,s5,0x20
    80004498:	00001b17          	auipc	s6,0x1
    8000449c:	438b0b13          	addi	s6,s6,1080 # 800058d0 <__tbss_end+0x19c>
    800044a0:	4c85                	li	s9,1
    800044a2:	8426                	mv	s0,s1
    800044a4:	00044783          	lbu	a5,0(s0)
    800044a8:	c399                	beqz	a5,800044ae <_vfiprintf_r+0x70>
    800044aa:	0d779063          	bne	a5,s7,8000456a <_vfiprintf_r+0x12c>
    800044ae:	40940d3b          	subw	s10,s0,s1
    800044b2:	000d0e63          	beqz	s10,800044ce <_vfiprintf_r+0x90>
    800044b6:	86ea                	mv	a3,s10
    800044b8:	8626                	mv	a2,s1
    800044ba:	85ca                	mv	a1,s2
    800044bc:	8552                	mv	a0,s4
    800044be:	f19ff0ef          	jal	800043d6 <__sfputs_r>
    800044c2:	1d550963          	beq	a0,s5,80004694 <_vfiprintf_r+0x256>
    800044c6:	5792                	lw	a5,36(sp)
    800044c8:	01a787bb          	addw	a5,a5,s10
    800044cc:	d23e                	sw	a5,36(sp)
    800044ce:	00044783          	lbu	a5,0(s0)
    800044d2:	1c078163          	beqz	a5,80004694 <_vfiprintf_r+0x256>
    800044d6:	00140493          	addi	s1,s0,1
    800044da:	e862                	sd	s8,16(sp)
    800044dc:	ec02                	sd	zero,24(sp)
    800044de:	040109a3          	sb	zero,83(sp)
    800044e2:	d482                	sw	zero,104(sp)
    800044e4:	0004c583          	lbu	a1,0(s1)
    800044e8:	4615                	li	a2,5
    800044ea:	855a                	mv	a0,s6
    800044ec:	377000ef          	jal	80005062 <memchr>
    800044f0:	47c2                	lw	a5,16(sp)
    800044f2:	00148413          	addi	s0,s1,1
    800044f6:	ed25                	bnez	a0,8000456e <_vfiprintf_r+0x130>
    800044f8:	0107f713          	andi	a4,a5,16
    800044fc:	c709                	beqz	a4,80004506 <_vfiprintf_r+0xc8>
    800044fe:	02000713          	li	a4,32
    80004502:	04e109a3          	sb	a4,83(sp)
    80004506:	0087f713          	andi	a4,a5,8
    8000450a:	c709                	beqz	a4,80004514 <_vfiprintf_r+0xd6>
    8000450c:	02b00713          	li	a4,43
    80004510:	04e109a3          	sb	a4,83(sp)
    80004514:	0004c683          	lbu	a3,0(s1)
    80004518:	02a00713          	li	a4,42
    8000451c:	06e68163          	beq	a3,a4,8000457e <_vfiprintf_r+0x140>
    80004520:	47f2                	lw	a5,28(sp)
    80004522:	8426                	mv	s0,s1
    80004524:	4681                	li	a3,0
    80004526:	4625                	li	a2,9
    80004528:	4829                	li	a6,10
    8000452a:	00044703          	lbu	a4,0(s0)
    8000452e:	00140513          	addi	a0,s0,1
    80004532:	fd07059b          	addiw	a1,a4,-48
    80004536:	872e                	mv	a4,a1
    80004538:	08b67a63          	bgeu	a2,a1,800045cc <_vfiprintf_r+0x18e>
    8000453c:	caa9                	beqz	a3,8000458e <_vfiprintf_r+0x150>
    8000453e:	ce3e                	sw	a5,28(sp)
    80004540:	a0b9                	j	8000458e <_vfiprintf_r+0x150>
    80004542:	85ca                	mv	a1,s2
    80004544:	8552                	mv	a0,s4
    80004546:	24f000ef          	jal	80004f94 <__swsetup_r>
    8000454a:	d905                	beqz	a0,8000447a <_vfiprintf_r+0x3c>
    8000454c:	557d                	li	a0,-1
    8000454e:	60ae                	ld	ra,200(sp)
    80004550:	640e                	ld	s0,192(sp)
    80004552:	74ea                	ld	s1,184(sp)
    80004554:	794a                	ld	s2,176(sp)
    80004556:	79aa                	ld	s3,168(sp)
    80004558:	7a0a                	ld	s4,160(sp)
    8000455a:	6aea                	ld	s5,152(sp)
    8000455c:	6b4a                	ld	s6,144(sp)
    8000455e:	6baa                	ld	s7,136(sp)
    80004560:	6c0a                	ld	s8,128(sp)
    80004562:	7ce6                	ld	s9,120(sp)
    80004564:	7d46                	ld	s10,112(sp)
    80004566:	6169                	addi	sp,sp,208
    80004568:	8082                	ret
    8000456a:	0405                	addi	s0,s0,1
    8000456c:	bf25                	j	800044a4 <_vfiprintf_r+0x66>
    8000456e:	41650533          	sub	a0,a0,s6
    80004572:	00ac953b          	sllw	a0,s9,a0
    80004576:	8fc9                	or	a5,a5,a0
    80004578:	c83e                	sw	a5,16(sp)
    8000457a:	84a2                	mv	s1,s0
    8000457c:	b7a5                	j	800044e4 <_vfiprintf_r+0xa6>
    8000457e:	6722                	ld	a4,8(sp)
    80004580:	00870693          	addi	a3,a4,8
    80004584:	4318                	lw	a4,0(a4)
    80004586:	e436                	sd	a3,8(sp)
    80004588:	02074b63          	bltz	a4,800045be <_vfiprintf_r+0x180>
    8000458c:	ce3a                	sw	a4,28(sp)
    8000458e:	00044703          	lbu	a4,0(s0)
    80004592:	02e00793          	li	a5,46
    80004596:	06f71163          	bne	a4,a5,800045f8 <_vfiprintf_r+0x1ba>
    8000459a:	00144703          	lbu	a4,1(s0)
    8000459e:	02a00793          	li	a5,42
    800045a2:	02f71b63          	bne	a4,a5,800045d8 <_vfiprintf_r+0x19a>
    800045a6:	67a2                	ld	a5,8(sp)
    800045a8:	0409                	addi	s0,s0,2
    800045aa:	00878713          	addi	a4,a5,8
    800045ae:	e43a                	sd	a4,8(sp)
    800045b0:	4398                	lw	a4,0(a5)
    800045b2:	87ba                	mv	a5,a4
    800045b4:	00075363          	bgez	a4,800045ba <_vfiprintf_r+0x17c>
    800045b8:	57fd                	li	a5,-1
    800045ba:	ca3e                	sw	a5,20(sp)
    800045bc:	a835                	j	800045f8 <_vfiprintf_r+0x1ba>
    800045be:	40e0073b          	negw	a4,a4
    800045c2:	0027e793          	ori	a5,a5,2
    800045c6:	ce3a                	sw	a4,28(sp)
    800045c8:	c83e                	sw	a5,16(sp)
    800045ca:	b7d1                	j	8000458e <_vfiprintf_r+0x150>
    800045cc:	02f807bb          	mulw	a5,a6,a5
    800045d0:	842a                	mv	s0,a0
    800045d2:	4685                	li	a3,1
    800045d4:	9fb9                	addw	a5,a5,a4
    800045d6:	bf91                	j	8000452a <_vfiprintf_r+0xec>
    800045d8:	0405                	addi	s0,s0,1
    800045da:	ca02                	sw	zero,20(sp)
    800045dc:	4681                	li	a3,0
    800045de:	4781                	li	a5,0
    800045e0:	4625                	li	a2,9
    800045e2:	4829                	li	a6,10
    800045e4:	00044703          	lbu	a4,0(s0)
    800045e8:	00140513          	addi	a0,s0,1
    800045ec:	fd07059b          	addiw	a1,a4,-48
    800045f0:	872e                	mv	a4,a1
    800045f2:	06b67c63          	bgeu	a2,a1,8000466a <_vfiprintf_r+0x22c>
    800045f6:	f2f1                	bnez	a3,800045ba <_vfiprintf_r+0x17c>
    800045f8:	00044583          	lbu	a1,0(s0)
    800045fc:	460d                	li	a2,3
    800045fe:	00001517          	auipc	a0,0x1
    80004602:	2da50513          	addi	a0,a0,730 # 800058d8 <__tbss_end+0x1a4>
    80004606:	25d000ef          	jal	80005062 <memchr>
    8000460a:	cd11                	beqz	a0,80004626 <_vfiprintf_r+0x1e8>
    8000460c:	00001797          	auipc	a5,0x1
    80004610:	2cc78793          	addi	a5,a5,716 # 800058d8 <__tbss_end+0x1a4>
    80004614:	8d1d                	sub	a0,a0,a5
    80004616:	47c2                	lw	a5,16(sp)
    80004618:	04000713          	li	a4,64
    8000461c:	00a7173b          	sllw	a4,a4,a0
    80004620:	8fd9                	or	a5,a5,a4
    80004622:	0405                	addi	s0,s0,1
    80004624:	c83e                	sw	a5,16(sp)
    80004626:	00044583          	lbu	a1,0(s0)
    8000462a:	4619                	li	a2,6
    8000462c:	00001517          	auipc	a0,0x1
    80004630:	2b450513          	addi	a0,a0,692 # 800058e0 <__tbss_end+0x1ac>
    80004634:	00140493          	addi	s1,s0,1
    80004638:	02b10423          	sb	a1,40(sp)
    8000463c:	227000ef          	jal	80005062 <memchr>
    80004640:	c135                	beqz	a0,800046a4 <_vfiprintf_r+0x266>
    80004642:	00000793          	li	a5,0
    80004646:	eb85                	bnez	a5,80004676 <_vfiprintf_r+0x238>
    80004648:	4742                	lw	a4,16(sp)
    8000464a:	67a2                	ld	a5,8(sp)
    8000464c:	10077713          	andi	a4,a4,256
    80004650:	00878693          	addi	a3,a5,8
    80004654:	c709                	beqz	a4,8000465e <_vfiprintf_r+0x220>
    80004656:	07bd                	addi	a5,a5,15
    80004658:	9bc1                	andi	a5,a5,-16
    8000465a:	01078693          	addi	a3,a5,16
    8000465e:	e436                	sd	a3,8(sp)
    80004660:	5792                	lw	a5,36(sp)
    80004662:	013787bb          	addw	a5,a5,s3
    80004666:	d23e                	sw	a5,36(sp)
    80004668:	bd2d                	j	800044a2 <_vfiprintf_r+0x64>
    8000466a:	02f807bb          	mulw	a5,a6,a5
    8000466e:	842a                	mv	s0,a0
    80004670:	4685                	li	a3,1
    80004672:	9fb9                	addw	a5,a5,a4
    80004674:	bf85                	j	800045e4 <_vfiprintf_r+0x1a6>
    80004676:	0038                	addi	a4,sp,8
    80004678:	00000697          	auipc	a3,0x0
    8000467c:	d5e68693          	addi	a3,a3,-674 # 800043d6 <__sfputs_r>
    80004680:	864a                	mv	a2,s2
    80004682:	080c                	addi	a1,sp,16
    80004684:	8552                	mv	a0,s4
    80004686:	00000097          	auipc	ra,0x0
    8000468a:	000000e7          	jalr	zero # 0 <__boot_hart>
    8000468e:	89aa                	mv	s3,a0
    80004690:	fd5518e3          	bne	a0,s5,80004660 <_vfiprintf_r+0x222>
    80004694:	01095783          	lhu	a5,16(s2)
    80004698:	0407f793          	andi	a5,a5,64
    8000469c:	ea0798e3          	bnez	a5,8000454c <_vfiprintf_r+0x10e>
    800046a0:	5512                	lw	a0,36(sp)
    800046a2:	b575                	j	8000454e <_vfiprintf_r+0x110>
    800046a4:	0038                	addi	a4,sp,8
    800046a6:	00000697          	auipc	a3,0x0
    800046aa:	d3068693          	addi	a3,a3,-720 # 800043d6 <__sfputs_r>
    800046ae:	864a                	mv	a2,s2
    800046b0:	080c                	addi	a1,sp,16
    800046b2:	8552                	mv	a0,s4
    800046b4:	134000ef          	jal	800047e8 <_printf_i>
    800046b8:	bfd9                	j	8000468e <_vfiprintf_r+0x250>

00000000800046ba <vfiprintf>:
    800046ba:	86b2                	mv	a3,a2
    800046bc:	862e                	mv	a2,a1
    800046be:	85aa                	mv	a1,a0
    800046c0:	00002517          	auipc	a0,0x2
    800046c4:	9b853503          	ld	a0,-1608(a0) # 80006078 <_impure_ptr>
    800046c8:	bb9d                	j	8000443e <_vfiprintf_r>

00000000800046ca <_printf_common>:
    800046ca:	715d                	addi	sp,sp,-80
    800046cc:	f052                	sd	s4,32(sp)
    800046ce:	ec56                	sd	s5,24(sp)
    800046d0:	8a36                	mv	s4,a3
    800046d2:	8aba                	mv	s5,a4
    800046d4:	4994                	lw	a3,16(a1)
    800046d6:	4598                	lw	a4,8(a1)
    800046d8:	e0a2                	sd	s0,64(sp)
    800046da:	f84a                	sd	s2,48(sp)
    800046dc:	f44e                	sd	s3,40(sp)
    800046de:	e486                	sd	ra,72(sp)
    800046e0:	fc26                	sd	s1,56(sp)
    800046e2:	e85a                	sd	s6,16(sp)
    800046e4:	e45e                	sd	s7,8(sp)
    800046e6:	89aa                	mv	s3,a0
    800046e8:	842e                	mv	s0,a1
    800046ea:	8932                	mv	s2,a2
    800046ec:	87ba                	mv	a5,a4
    800046ee:	00e6c363          	blt	a3,a4,800046f4 <_printf_common+0x2a>
    800046f2:	87b6                	mv	a5,a3
    800046f4:	00f92023          	sw	a5,0(s2)
    800046f8:	04344703          	lbu	a4,67(s0)
    800046fc:	c701                	beqz	a4,80004704 <_printf_common+0x3a>
    800046fe:	2785                	addiw	a5,a5,1
    80004700:	00f92023          	sw	a5,0(s2)
    80004704:	401c                	lw	a5,0(s0)
    80004706:	0207f793          	andi	a5,a5,32
    8000470a:	c791                	beqz	a5,80004716 <_printf_common+0x4c>
    8000470c:	00092783          	lw	a5,0(s2)
    80004710:	2789                	addiw	a5,a5,2
    80004712:	00f92023          	sw	a5,0(s2)
    80004716:	4004                	lw	s1,0(s0)
    80004718:	8899                	andi	s1,s1,6
    8000471a:	e891                	bnez	s1,8000472e <_printf_common+0x64>
    8000471c:	01940b13          	addi	s6,s0,25
    80004720:	5bfd                	li	s7,-1
    80004722:	445c                	lw	a5,12(s0)
    80004724:	00092703          	lw	a4,0(s2)
    80004728:	9f99                	subw	a5,a5,a4
    8000472a:	06f4c063          	blt	s1,a5,8000478a <_printf_common+0xc0>
    8000472e:	04344783          	lbu	a5,67(s0)
    80004732:	00f03633          	snez	a2,a5
    80004736:	00f036b3          	snez	a3,a5
    8000473a:	401c                	lw	a5,0(s0)
    8000473c:	0207f793          	andi	a5,a5,32
    80004740:	ebb5                	bnez	a5,800047b4 <_printf_common+0xea>
    80004742:	04340613          	addi	a2,s0,67
    80004746:	85d2                	mv	a1,s4
    80004748:	854e                	mv	a0,s3
    8000474a:	9a82                	jalr	s5
    8000474c:	57fd                	li	a5,-1
    8000474e:	04f50563          	beq	a0,a5,80004798 <_printf_common+0xce>
    80004752:	401c                	lw	a5,0(s0)
    80004754:	4711                	li	a4,4
    80004756:	4481                	li	s1,0
    80004758:	8b99                	andi	a5,a5,6
    8000475a:	00e79b63          	bne	a5,a4,80004770 <_printf_common+0xa6>
    8000475e:	00092783          	lw	a5,0(s2)
    80004762:	4444                	lw	s1,12(s0)
    80004764:	9c9d                	subw	s1,s1,a5
    80004766:	02049793          	slli	a5,s1,0x20
    8000476a:	0007d363          	bgez	a5,80004770 <_printf_common+0xa6>
    8000476e:	4481                	li	s1,0
    80004770:	441c                	lw	a5,8(s0)
    80004772:	4818                	lw	a4,16(s0)
    80004774:	00f75463          	bge	a4,a5,8000477c <_printf_common+0xb2>
    80004778:	9f99                	subw	a5,a5,a4
    8000477a:	9cbd                	addw	s1,s1,a5
    8000477c:	4901                	li	s2,0
    8000477e:	0469                	addi	s0,s0,26
    80004780:	5b7d                	li	s6,-1
    80004782:	05249a63          	bne	s1,s2,800047d6 <_printf_common+0x10c>
    80004786:	4501                	li	a0,0
    80004788:	a809                	j	8000479a <_printf_common+0xd0>
    8000478a:	4685                	li	a3,1
    8000478c:	865a                	mv	a2,s6
    8000478e:	85d2                	mv	a1,s4
    80004790:	854e                	mv	a0,s3
    80004792:	9a82                	jalr	s5
    80004794:	01751e63          	bne	a0,s7,800047b0 <_printf_common+0xe6>
    80004798:	557d                	li	a0,-1
    8000479a:	60a6                	ld	ra,72(sp)
    8000479c:	6406                	ld	s0,64(sp)
    8000479e:	74e2                	ld	s1,56(sp)
    800047a0:	7942                	ld	s2,48(sp)
    800047a2:	79a2                	ld	s3,40(sp)
    800047a4:	7a02                	ld	s4,32(sp)
    800047a6:	6ae2                	ld	s5,24(sp)
    800047a8:	6b42                	ld	s6,16(sp)
    800047aa:	6ba2                	ld	s7,8(sp)
    800047ac:	6161                	addi	sp,sp,80
    800047ae:	8082                	ret
    800047b0:	2485                	addiw	s1,s1,1
    800047b2:	bf85                	j	80004722 <_printf_common+0x58>
    800047b4:	00d407b3          	add	a5,s0,a3
    800047b8:	03000693          	li	a3,48
    800047bc:	04d781a3          	sb	a3,67(a5)
    800047c0:	0016071b          	addiw	a4,a2,1
    800047c4:	0026069b          	addiw	a3,a2,2
    800047c8:	04544603          	lbu	a2,69(s0)
    800047cc:	00e407b3          	add	a5,s0,a4
    800047d0:	04c781a3          	sb	a2,67(a5)
    800047d4:	b7bd                	j	80004742 <_printf_common+0x78>
    800047d6:	4685                	li	a3,1
    800047d8:	8622                	mv	a2,s0
    800047da:	85d2                	mv	a1,s4
    800047dc:	854e                	mv	a0,s3
    800047de:	9a82                	jalr	s5
    800047e0:	fb650ce3          	beq	a0,s6,80004798 <_printf_common+0xce>
    800047e4:	2905                	addiw	s2,s2,1
    800047e6:	bf71                	j	80004782 <_printf_common+0xb8>

00000000800047e8 <_printf_i>:
    800047e8:	715d                	addi	sp,sp,-80
    800047ea:	e0a2                	sd	s0,64(sp)
    800047ec:	f84a                	sd	s2,48(sp)
    800047ee:	f44e                	sd	s3,40(sp)
    800047f0:	f052                	sd	s4,32(sp)
    800047f2:	e486                	sd	ra,72(sp)
    800047f4:	fc26                	sd	s1,56(sp)
    800047f6:	ec56                	sd	s5,24(sp)
    800047f8:	e85a                	sd	s6,16(sp)
    800047fa:	0185c803          	lbu	a6,24(a1)
    800047fe:	07800793          	li	a5,120
    80004802:	892a                	mv	s2,a0
    80004804:	842e                	mv	s0,a1
    80004806:	89b2                	mv	s3,a2
    80004808:	8a36                	mv	s4,a3
    8000480a:	0307e263          	bltu	a5,a6,8000482e <_printf_i+0x46>
    8000480e:	06200793          	li	a5,98
    80004812:	04358693          	addi	a3,a1,67
    80004816:	0307e163          	bltu	a5,a6,80004838 <_printf_i+0x50>
    8000481a:	1c080663          	beqz	a6,800049e6 <_printf_i+0x1fe>
    8000481e:	05800793          	li	a5,88
    80004822:	00001617          	auipc	a2,0x1
    80004826:	0c660613          	addi	a2,a2,198 # 800058e8 <__tbss_end+0x1b4>
    8000482a:	14f80a63          	beq	a6,a5,8000497e <_printf_i+0x196>
    8000482e:	04240493          	addi	s1,s0,66
    80004832:	05040123          	sb	a6,66(s0)
    80004836:	a815                	j	8000486a <_printf_i+0x82>
    80004838:	f9d8079b          	addiw	a5,a6,-99
    8000483c:	0ff7f793          	zext.b	a5,a5
    80004840:	4655                	li	a2,21
    80004842:	fef666e3          	bltu	a2,a5,8000482e <_printf_i+0x46>
    80004846:	00001617          	auipc	a2,0x1
    8000484a:	6ba60613          	addi	a2,a2,1722 # 80005f00 <eccblocks+0x280>
    8000484e:	078a                	slli	a5,a5,0x2
    80004850:	97b2                	add	a5,a5,a2
    80004852:	439c                	lw	a5,0(a5)
    80004854:	97b2                	add	a5,a5,a2
    80004856:	8782                	jr	a5
    80004858:	631c                	ld	a5,0(a4)
    8000485a:	04258493          	addi	s1,a1,66
    8000485e:	00878693          	addi	a3,a5,8
    80004862:	439c                	lw	a5,0(a5)
    80004864:	e314                	sd	a3,0(a4)
    80004866:	04f58123          	sb	a5,66(a1)
    8000486a:	4785                	li	a5,1
    8000486c:	aa4d                	j	80004a1e <_printf_i+0x236>
    8000486e:	419c                	lw	a5,0(a1)
    80004870:	6308                	ld	a0,0(a4)
    80004872:	0807f613          	andi	a2,a5,128
    80004876:	00850593          	addi	a1,a0,8
    8000487a:	c20d                	beqz	a2,8000489c <_printf_i+0xb4>
    8000487c:	611c                	ld	a5,0(a0)
    8000487e:	e30c                	sd	a1,0(a4)
    80004880:	0007d863          	bgez	a5,80004890 <_printf_i+0xa8>
    80004884:	02d00713          	li	a4,45
    80004888:	40f007b3          	neg	a5,a5
    8000488c:	04e401a3          	sb	a4,67(s0)
    80004890:	00001617          	auipc	a2,0x1
    80004894:	05860613          	addi	a2,a2,88 # 800058e8 <__tbss_end+0x1b4>
    80004898:	4829                	li	a6,10
    8000489a:	a83d                	j	800048d8 <_printf_i+0xf0>
    8000489c:	0407f613          	andi	a2,a5,64
    800048a0:	411c                	lw	a5,0(a0)
    800048a2:	e30c                	sd	a1,0(a4)
    800048a4:	de71                	beqz	a2,80004880 <_printf_i+0x98>
    800048a6:	0107979b          	slliw	a5,a5,0x10
    800048aa:	4107d79b          	sraiw	a5,a5,0x10
    800048ae:	bfc9                	j	80004880 <_printf_i+0x98>
    800048b0:	4190                	lw	a2,0(a1)
    800048b2:	631c                	ld	a5,0(a4)
    800048b4:	08067513          	andi	a0,a2,128
    800048b8:	00878593          	addi	a1,a5,8
    800048bc:	cd41                	beqz	a0,80004954 <_printf_i+0x16c>
    800048be:	639c                	ld	a5,0(a5)
    800048c0:	e30c                	sd	a1,0(a4)
    800048c2:	06f00713          	li	a4,111
    800048c6:	00001617          	auipc	a2,0x1
    800048ca:	02260613          	addi	a2,a2,34 # 800058e8 <__tbss_end+0x1b4>
    800048ce:	0ee81e63          	bne	a6,a4,800049ca <_printf_i+0x1e2>
    800048d2:	4821                	li	a6,8
    800048d4:	040401a3          	sb	zero,67(s0)
    800048d8:	4058                	lw	a4,4(s0)
    800048da:	c418                	sw	a4,8(s0)
    800048dc:	00074563          	bltz	a4,800048e6 <_printf_i+0xfe>
    800048e0:	400c                	lw	a1,0(s0)
    800048e2:	99ed                	andi	a1,a1,-5
    800048e4:	c00c                	sw	a1,0(s0)
    800048e6:	e399                	bnez	a5,800048ec <_printf_i+0x104>
    800048e8:	84b6                	mv	s1,a3
    800048ea:	cf19                	beqz	a4,80004908 <_printf_i+0x120>
    800048ec:	84b6                	mv	s1,a3
    800048ee:	0307f733          	remu	a4,a5,a6
    800048f2:	14fd                	addi	s1,s1,-1
    800048f4:	9732                	add	a4,a4,a2
    800048f6:	00074703          	lbu	a4,0(a4)
    800048fa:	00e48023          	sb	a4,0(s1)
    800048fe:	873e                	mv	a4,a5
    80004900:	0307d7b3          	divu	a5,a5,a6
    80004904:	ff0775e3          	bgeu	a4,a6,800048ee <_printf_i+0x106>
    80004908:	47a1                	li	a5,8
    8000490a:	00f81e63          	bne	a6,a5,80004926 <_printf_i+0x13e>
    8000490e:	401c                	lw	a5,0(s0)
    80004910:	8b85                	andi	a5,a5,1
    80004912:	cb91                	beqz	a5,80004926 <_printf_i+0x13e>
    80004914:	4058                	lw	a4,4(s0)
    80004916:	481c                	lw	a5,16(s0)
    80004918:	00e7c763          	blt	a5,a4,80004926 <_printf_i+0x13e>
    8000491c:	03000793          	li	a5,48
    80004920:	fef48fa3          	sb	a5,-1(s1)
    80004924:	14fd                	addi	s1,s1,-1
    80004926:	8e85                	sub	a3,a3,s1
    80004928:	c814                	sw	a3,16(s0)
    8000492a:	8752                	mv	a4,s4
    8000492c:	86ce                	mv	a3,s3
    8000492e:	0070                	addi	a2,sp,12
    80004930:	85a2                	mv	a1,s0
    80004932:	854a                	mv	a0,s2
    80004934:	d97ff0ef          	jal	800046ca <_printf_common>
    80004938:	5afd                	li	s5,-1
    8000493a:	0f551663          	bne	a0,s5,80004a26 <_printf_i+0x23e>
    8000493e:	557d                	li	a0,-1
    80004940:	60a6                	ld	ra,72(sp)
    80004942:	6406                	ld	s0,64(sp)
    80004944:	74e2                	ld	s1,56(sp)
    80004946:	7942                	ld	s2,48(sp)
    80004948:	79a2                	ld	s3,40(sp)
    8000494a:	7a02                	ld	s4,32(sp)
    8000494c:	6ae2                	ld	s5,24(sp)
    8000494e:	6b42                	ld	s6,16(sp)
    80004950:	6161                	addi	sp,sp,80
    80004952:	8082                	ret
    80004954:	439c                	lw	a5,0(a5)
    80004956:	04067613          	andi	a2,a2,64
    8000495a:	e30c                	sd	a1,0(a4)
    8000495c:	c601                	beqz	a2,80004964 <_printf_i+0x17c>
    8000495e:	17c2                	slli	a5,a5,0x30
    80004960:	93c1                	srli	a5,a5,0x30
    80004962:	b785                	j	800048c2 <_printf_i+0xda>
    80004964:	1782                	slli	a5,a5,0x20
    80004966:	9381                	srli	a5,a5,0x20
    80004968:	bfa9                	j	800048c2 <_printf_i+0xda>
    8000496a:	419c                	lw	a5,0(a1)
    8000496c:	0a07e793          	ori	a5,a5,160
    80004970:	c19c                	sw	a5,0(a1)
    80004972:	07800813          	li	a6,120
    80004976:	00001617          	auipc	a2,0x1
    8000497a:	f8a60613          	addi	a2,a2,-118 # 80005900 <__tbss_end+0x1cc>
    8000497e:	050402a3          	sb	a6,69(s0)
    80004982:	400c                	lw	a1,0(s0)
    80004984:	631c                	ld	a5,0(a4)
    80004986:	0805f813          	andi	a6,a1,128
    8000498a:	00878513          	addi	a0,a5,8
    8000498e:	00080d63          	beqz	a6,800049a8 <_printf_i+0x1c0>
    80004992:	639c                	ld	a5,0(a5)
    80004994:	e308                	sd	a0,0(a4)
    80004996:	0015f713          	andi	a4,a1,1
    8000499a:	c701                	beqz	a4,800049a2 <_printf_i+0x1ba>
    8000499c:	0205e593          	ori	a1,a1,32
    800049a0:	c00c                	sw	a1,0(s0)
    800049a2:	cf99                	beqz	a5,800049c0 <_printf_i+0x1d8>
    800049a4:	4841                	li	a6,16
    800049a6:	b73d                	j	800048d4 <_printf_i+0xec>
    800049a8:	439c                	lw	a5,0(a5)
    800049aa:	0405f813          	andi	a6,a1,64
    800049ae:	e308                	sd	a0,0(a4)
    800049b0:	00080563          	beqz	a6,800049ba <_printf_i+0x1d2>
    800049b4:	17c2                	slli	a5,a5,0x30
    800049b6:	93c1                	srli	a5,a5,0x30
    800049b8:	bff9                	j	80004996 <_printf_i+0x1ae>
    800049ba:	1782                	slli	a5,a5,0x20
    800049bc:	9381                	srli	a5,a5,0x20
    800049be:	bfe1                	j	80004996 <_printf_i+0x1ae>
    800049c0:	4018                	lw	a4,0(s0)
    800049c2:	fdf77713          	andi	a4,a4,-33
    800049c6:	c018                	sw	a4,0(s0)
    800049c8:	bff1                	j	800049a4 <_printf_i+0x1bc>
    800049ca:	4829                	li	a6,10
    800049cc:	b721                	j	800048d4 <_printf_i+0xec>
    800049ce:	4190                	lw	a2,0(a1)
    800049d0:	631c                	ld	a5,0(a4)
    800049d2:	49cc                	lw	a1,20(a1)
    800049d4:	08067813          	andi	a6,a2,128
    800049d8:	00878513          	addi	a0,a5,8
    800049dc:	00080963          	beqz	a6,800049ee <_printf_i+0x206>
    800049e0:	e308                	sd	a0,0(a4)
    800049e2:	639c                	ld	a5,0(a5)
    800049e4:	e38c                	sd	a1,0(a5)
    800049e6:	00042823          	sw	zero,16(s0)
    800049ea:	84b6                	mv	s1,a3
    800049ec:	bf3d                	j	8000492a <_printf_i+0x142>
    800049ee:	e308                	sd	a0,0(a4)
    800049f0:	04067613          	andi	a2,a2,64
    800049f4:	639c                	ld	a5,0(a5)
    800049f6:	c601                	beqz	a2,800049fe <_printf_i+0x216>
    800049f8:	00b79023          	sh	a1,0(a5)
    800049fc:	b7ed                	j	800049e6 <_printf_i+0x1fe>
    800049fe:	c38c                	sw	a1,0(a5)
    80004a00:	b7dd                	j	800049e6 <_printf_i+0x1fe>
    80004a02:	631c                	ld	a5,0(a4)
    80004a04:	41d0                	lw	a2,4(a1)
    80004a06:	4581                	li	a1,0
    80004a08:	00878693          	addi	a3,a5,8
    80004a0c:	e314                	sd	a3,0(a4)
    80004a0e:	6384                	ld	s1,0(a5)
    80004a10:	8526                	mv	a0,s1
    80004a12:	650000ef          	jal	80005062 <memchr>
    80004a16:	c119                	beqz	a0,80004a1c <_printf_i+0x234>
    80004a18:	8d05                	sub	a0,a0,s1
    80004a1a:	c048                	sw	a0,4(s0)
    80004a1c:	405c                	lw	a5,4(s0)
    80004a1e:	c81c                	sw	a5,16(s0)
    80004a20:	040401a3          	sb	zero,67(s0)
    80004a24:	b719                	j	8000492a <_printf_i+0x142>
    80004a26:	4814                	lw	a3,16(s0)
    80004a28:	8626                	mv	a2,s1
    80004a2a:	85ce                	mv	a1,s3
    80004a2c:	854a                	mv	a0,s2
    80004a2e:	9a02                	jalr	s4
    80004a30:	f15507e3          	beq	a0,s5,8000493e <_printf_i+0x156>
    80004a34:	401c                	lw	a5,0(s0)
    80004a36:	8b89                	andi	a5,a5,2
    80004a38:	eb85                	bnez	a5,80004a68 <_printf_i+0x280>
    80004a3a:	4458                	lw	a4,12(s0)
    80004a3c:	47b2                	lw	a5,12(sp)
    80004a3e:	0007051b          	sext.w	a0,a4
    80004a42:	eef75fe3          	bge	a4,a5,80004940 <_printf_i+0x158>
    80004a46:	0007851b          	sext.w	a0,a5
    80004a4a:	bddd                	j	80004940 <_printf_i+0x158>
    80004a4c:	4685                	li	a3,1
    80004a4e:	8656                	mv	a2,s5
    80004a50:	85ce                	mv	a1,s3
    80004a52:	854a                	mv	a0,s2
    80004a54:	9a02                	jalr	s4
    80004a56:	ef6504e3          	beq	a0,s6,8000493e <_printf_i+0x156>
    80004a5a:	2485                	addiw	s1,s1,1
    80004a5c:	445c                	lw	a5,12(s0)
    80004a5e:	4732                	lw	a4,12(sp)
    80004a60:	9f99                	subw	a5,a5,a4
    80004a62:	fef4c5e3          	blt	s1,a5,80004a4c <_printf_i+0x264>
    80004a66:	bfd1                	j	80004a3a <_printf_i+0x252>
    80004a68:	4481                	li	s1,0
    80004a6a:	01940a93          	addi	s5,s0,25
    80004a6e:	5b7d                	li	s6,-1
    80004a70:	b7f5                	j	80004a5c <_printf_i+0x274>

0000000080004a72 <__sflush_r>:
    80004a72:	01059783          	lh	a5,16(a1)
    80004a76:	7179                	addi	sp,sp,-48
    80004a78:	f022                	sd	s0,32(sp)
    80004a7a:	ec26                	sd	s1,24(sp)
    80004a7c:	f406                	sd	ra,40(sp)
    80004a7e:	e84a                	sd	s2,16(sp)
    80004a80:	e44e                	sd	s3,8(sp)
    80004a82:	0087f713          	andi	a4,a5,8
    80004a86:	84aa                	mv	s1,a0
    80004a88:	842e                	mv	s0,a1
    80004a8a:	eb69                	bnez	a4,80004b5c <__sflush_r+0xea>
    80004a8c:	4598                	lw	a4,8(a1)
    80004a8e:	00e04563          	bgtz	a4,80004a98 <__sflush_r+0x26>
    80004a92:	5db8                	lw	a4,120(a1)
    80004a94:	0ae05b63          	blez	a4,80004b4a <__sflush_r+0xd8>
    80004a98:	6838                	ld	a4,80(s0)
    80004a9a:	cb45                	beqz	a4,80004b4a <__sflush_r+0xd8>
    80004a9c:	0004a903          	lw	s2,0(s1)
    80004aa0:	03379693          	slli	a3,a5,0x33
    80004aa4:	0004a023          	sw	zero,0(s1)
    80004aa8:	7c0c                	ld	a1,56(s0)
    80004aaa:	0606de63          	bgez	a3,80004b26 <__sflush_r+0xb4>
    80004aae:	6c50                	ld	a2,152(s0)
    80004ab0:	01045783          	lhu	a5,16(s0)
    80004ab4:	8b91                	andi	a5,a5,4
    80004ab6:	c799                	beqz	a5,80004ac4 <__sflush_r+0x52>
    80004ab8:	441c                	lw	a5,8(s0)
    80004aba:	8e1d                	sub	a2,a2,a5
    80004abc:	703c                	ld	a5,96(s0)
    80004abe:	c399                	beqz	a5,80004ac4 <__sflush_r+0x52>
    80004ac0:	5c3c                	lw	a5,120(s0)
    80004ac2:	8e1d                	sub	a2,a2,a5
    80004ac4:	683c                	ld	a5,80(s0)
    80004ac6:	7c0c                	ld	a1,56(s0)
    80004ac8:	4681                	li	a3,0
    80004aca:	8526                	mv	a0,s1
    80004acc:	9782                	jalr	a5
    80004ace:	577d                	li	a4,-1
    80004ad0:	01045783          	lhu	a5,16(s0)
    80004ad4:	00e51d63          	bne	a0,a4,80004aee <__sflush_r+0x7c>
    80004ad8:	4094                	lw	a3,0(s1)
    80004ada:	4775                	li	a4,29
    80004adc:	06d76963          	bltu	a4,a3,80004b4e <__sflush_r+0xdc>
    80004ae0:	20400737          	lui	a4,0x20400
    80004ae4:	0705                	addi	a4,a4,1 # 20400001 <__heap_size+0x203e0001>
    80004ae6:	00d75733          	srl	a4,a4,a3
    80004aea:	8b05                	andi	a4,a4,1
    80004aec:	c32d                	beqz	a4,80004b4e <__sflush_r+0xdc>
    80004aee:	6c18                	ld	a4,24(s0)
    80004af0:	00042423          	sw	zero,8(s0)
    80004af4:	e018                	sd	a4,0(s0)
    80004af6:	03379713          	slli	a4,a5,0x33
    80004afa:	00075863          	bgez	a4,80004b0a <__sflush_r+0x98>
    80004afe:	57fd                	li	a5,-1
    80004b00:	00f51463          	bne	a0,a5,80004b08 <__sflush_r+0x96>
    80004b04:	409c                	lw	a5,0(s1)
    80004b06:	e391                	bnez	a5,80004b0a <__sflush_r+0x98>
    80004b08:	ec48                	sd	a0,152(s0)
    80004b0a:	702c                	ld	a1,96(s0)
    80004b0c:	0124a023          	sw	s2,0(s1)
    80004b10:	cd8d                	beqz	a1,80004b4a <__sflush_r+0xd8>
    80004b12:	07c40793          	addi	a5,s0,124
    80004b16:	00f58563          	beq	a1,a5,80004b20 <__sflush_r+0xae>
    80004b1a:	8526                	mv	a0,s1
    80004b1c:	fecff0ef          	jal	80004308 <_free_r>
    80004b20:	06043023          	sd	zero,96(s0)
    80004b24:	a01d                	j	80004b4a <__sflush_r+0xd8>
    80004b26:	4601                	li	a2,0
    80004b28:	4685                	li	a3,1
    80004b2a:	8526                	mv	a0,s1
    80004b2c:	9702                	jalr	a4
    80004b2e:	57fd                	li	a5,-1
    80004b30:	862a                	mv	a2,a0
    80004b32:	f6f51fe3          	bne	a0,a5,80004ab0 <__sflush_r+0x3e>
    80004b36:	409c                	lw	a5,0(s1)
    80004b38:	dfa5                	beqz	a5,80004ab0 <__sflush_r+0x3e>
    80004b3a:	4775                	li	a4,29
    80004b3c:	00e78563          	beq	a5,a4,80004b46 <__sflush_r+0xd4>
    80004b40:	4759                	li	a4,22
    80004b42:	04e79663          	bne	a5,a4,80004b8e <__sflush_r+0x11c>
    80004b46:	0124a023          	sw	s2,0(s1)
    80004b4a:	4501                	li	a0,0
    80004b4c:	a881                	j	80004b9c <__sflush_r+0x12a>
    80004b4e:	0407e793          	ori	a5,a5,64
    80004b52:	0107979b          	slliw	a5,a5,0x10
    80004b56:	4107d79b          	sraiw	a5,a5,0x10
    80004b5a:	a835                	j	80004b96 <__sflush_r+0x124>
    80004b5c:	0185b983          	ld	s3,24(a1)
    80004b60:	fe0985e3          	beqz	s3,80004b4a <__sflush_r+0xd8>
    80004b64:	0005b903          	ld	s2,0(a1)
    80004b68:	8b8d                	andi	a5,a5,3
    80004b6a:	0135b023          	sd	s3,0(a1)
    80004b6e:	4139093b          	subw	s2,s2,s3
    80004b72:	4701                	li	a4,0
    80004b74:	e391                	bnez	a5,80004b78 <__sflush_r+0x106>
    80004b76:	5198                	lw	a4,32(a1)
    80004b78:	c458                	sw	a4,12(s0)
    80004b7a:	fd2058e3          	blez	s2,80004b4a <__sflush_r+0xd8>
    80004b7e:	643c                	ld	a5,72(s0)
    80004b80:	7c0c                	ld	a1,56(s0)
    80004b82:	86ca                	mv	a3,s2
    80004b84:	864e                	mv	a2,s3
    80004b86:	8526                	mv	a0,s1
    80004b88:	9782                	jalr	a5
    80004b8a:	02a04063          	bgtz	a0,80004baa <__sflush_r+0x138>
    80004b8e:	01041783          	lh	a5,16(s0)
    80004b92:	0407e793          	ori	a5,a5,64
    80004b96:	00f41823          	sh	a5,16(s0)
    80004b9a:	557d                	li	a0,-1
    80004b9c:	70a2                	ld	ra,40(sp)
    80004b9e:	7402                	ld	s0,32(sp)
    80004ba0:	64e2                	ld	s1,24(sp)
    80004ba2:	6942                	ld	s2,16(sp)
    80004ba4:	69a2                	ld	s3,8(sp)
    80004ba6:	6145                	addi	sp,sp,48
    80004ba8:	8082                	ret
    80004baa:	99aa                	add	s3,s3,a0
    80004bac:	40a9093b          	subw	s2,s2,a0
    80004bb0:	b7e9                	j	80004b7a <__sflush_r+0x108>

0000000080004bb2 <_fflush_r>:
    80004bb2:	6d9c                	ld	a5,24(a1)
    80004bb4:	cb8d                	beqz	a5,80004be6 <_fflush_r+0x34>
    80004bb6:	1101                	addi	sp,sp,-32
    80004bb8:	e822                	sd	s0,16(sp)
    80004bba:	ec06                	sd	ra,24(sp)
    80004bbc:	842a                	mv	s0,a0
    80004bbe:	c519                	beqz	a0,80004bcc <_fflush_r+0x1a>
    80004bc0:	613c                	ld	a5,64(a0)
    80004bc2:	e789                	bnez	a5,80004bcc <_fflush_r+0x1a>
    80004bc4:	e42e                	sd	a1,8(sp)
    80004bc6:	b02ff0ef          	jal	80003ec8 <__sinit>
    80004bca:	65a2                	ld	a1,8(sp)
    80004bcc:	01059783          	lh	a5,16(a1)
    80004bd0:	c791                	beqz	a5,80004bdc <_fflush_r+0x2a>
    80004bd2:	8522                	mv	a0,s0
    80004bd4:	6442                	ld	s0,16(sp)
    80004bd6:	60e2                	ld	ra,24(sp)
    80004bd8:	6105                	addi	sp,sp,32
    80004bda:	bd61                	j	80004a72 <__sflush_r>
    80004bdc:	60e2                	ld	ra,24(sp)
    80004bde:	6442                	ld	s0,16(sp)
    80004be0:	4501                	li	a0,0
    80004be2:	6105                	addi	sp,sp,32
    80004be4:	8082                	ret
    80004be6:	4501                	li	a0,0
    80004be8:	8082                	ret

0000000080004bea <fflush>:
    80004bea:	85aa                	mv	a1,a0
    80004bec:	ed19                	bnez	a0,80004c0a <fflush+0x20>
    80004bee:	00001617          	auipc	a2,0x1
    80004bf2:	3e260613          	addi	a2,a2,994 # 80005fd0 <__sglue>
    80004bf6:	00000597          	auipc	a1,0x0
    80004bfa:	fbc58593          	addi	a1,a1,-68 # 80004bb2 <_fflush_r>
    80004bfe:	00001517          	auipc	a0,0x1
    80004c02:	3ea50513          	addi	a0,a0,1002 # 80005fe8 <_impure_data>
    80004c06:	b4cff06f          	j	80003f52 <_fwalk_sglue>
    80004c0a:	00001517          	auipc	a0,0x1
    80004c0e:	46e53503          	ld	a0,1134(a0) # 80006078 <_impure_ptr>
    80004c12:	b745                	j	80004bb2 <_fflush_r>

0000000080004c14 <__sfvwrite_r>:
    80004c14:	6a1c                	ld	a5,16(a2)
    80004c16:	e399                	bnez	a5,80004c1c <__sfvwrite_r+0x8>
    80004c18:	4501                	li	a0,0
    80004c1a:	8082                	ret
    80004c1c:	0105d783          	lhu	a5,16(a1)
    80004c20:	7159                	addi	sp,sp,-112
    80004c22:	f0a2                	sd	s0,96(sp)
    80004c24:	e8ca                	sd	s2,80(sp)
    80004c26:	e0d2                	sd	s4,64(sp)
    80004c28:	f486                	sd	ra,104(sp)
    80004c2a:	eca6                	sd	s1,88(sp)
    80004c2c:	e4ce                	sd	s3,72(sp)
    80004c2e:	fc56                	sd	s5,56(sp)
    80004c30:	f85a                	sd	s6,48(sp)
    80004c32:	f45e                	sd	s7,40(sp)
    80004c34:	f062                	sd	s8,32(sp)
    80004c36:	ec66                	sd	s9,24(sp)
    80004c38:	e86a                	sd	s10,16(sp)
    80004c3a:	e46e                	sd	s11,8(sp)
    80004c3c:	8ba1                	andi	a5,a5,8
    80004c3e:	892a                	mv	s2,a0
    80004c40:	842e                	mv	s0,a1
    80004c42:	8a32                	mv	s4,a2
    80004c44:	cfc1                	beqz	a5,80004cdc <__sfvwrite_r+0xc8>
    80004c46:	6d9c                	ld	a5,24(a1)
    80004c48:	cbd1                	beqz	a5,80004cdc <__sfvwrite_r+0xc8>
    80004c4a:	01041783          	lh	a5,16(s0)
    80004c4e:	000a3983          	ld	s3,0(s4)
    80004c52:	0027f713          	andi	a4,a5,2
    80004c56:	e765                	bnez	a4,80004d3e <__sfvwrite_r+0x12a>
    80004c58:	8b85                	andi	a5,a5,1
    80004c5a:	4a81                	li	s5,0
    80004c5c:	16078063          	beqz	a5,80004dbc <__sfvwrite_r+0x1a8>
    80004c60:	4501                	li	a0,0
    80004c62:	4b81                	li	s7,0
    80004c64:	4b01                	li	s6,0
    80004c66:	240b0063          	beqz	s6,80004ea6 <__sfvwrite_r+0x292>
    80004c6a:	e919                	bnez	a0,80004c80 <__sfvwrite_r+0x6c>
    80004c6c:	865a                	mv	a2,s6
    80004c6e:	45a9                	li	a1,10
    80004c70:	855e                	mv	a0,s7
    80004c72:	3f0000ef          	jal	80005062 <memchr>
    80004c76:	22050f63          	beqz	a0,80004eb4 <__sfvwrite_r+0x2a0>
    80004c7a:	0505                	addi	a0,a0,1
    80004c7c:	41750abb          	subw	s5,a0,s7
    80004c80:	8c56                	mv	s8,s5
    80004c82:	015b7363          	bgeu	s6,s5,80004c88 <__sfvwrite_r+0x74>
    80004c86:	8c5a                	mv	s8,s6
    80004c88:	6008                	ld	a0,0(s0)
    80004c8a:	6c1c                	ld	a5,24(s0)
    80004c8c:	4444                	lw	s1,12(s0)
    80004c8e:	5014                	lw	a3,32(s0)
    80004c90:	22a7f563          	bgeu	a5,a0,80004eba <__sfvwrite_r+0x2a6>
    80004c94:	9cb5                	addw	s1,s1,a3
    80004c96:	2384d263          	bge	s1,s8,80004eba <__sfvwrite_r+0x2a6>
    80004c9a:	85de                	mv	a1,s7
    80004c9c:	8626                	mv	a2,s1
    80004c9e:	dfcff0ef          	jal	8000429a <memmove>
    80004ca2:	601c                	ld	a5,0(s0)
    80004ca4:	85a2                	mv	a1,s0
    80004ca6:	854a                	mv	a0,s2
    80004ca8:	97a6                	add	a5,a5,s1
    80004caa:	e01c                	sd	a5,0(s0)
    80004cac:	f07ff0ef          	jal	80004bb2 <_fflush_r>
    80004cb0:	0e051f63          	bnez	a0,80004dae <__sfvwrite_r+0x19a>
    80004cb4:	409a8abb          	subw	s5,s5,s1
    80004cb8:	4505                	li	a0,1
    80004cba:	000a9763          	bnez	s5,80004cc8 <__sfvwrite_r+0xb4>
    80004cbe:	85a2                	mv	a1,s0
    80004cc0:	854a                	mv	a0,s2
    80004cc2:	ef1ff0ef          	jal	80004bb2 <_fflush_r>
    80004cc6:	e565                	bnez	a0,80004dae <__sfvwrite_r+0x19a>
    80004cc8:	010a3783          	ld	a5,16(s4)
    80004ccc:	9ba6                	add	s7,s7,s1
    80004cce:	409b0b33          	sub	s6,s6,s1
    80004cd2:	8f85                	sub	a5,a5,s1
    80004cd4:	00fa3823          	sd	a5,16(s4)
    80004cd8:	f7d9                	bnez	a5,80004c66 <__sfvwrite_r+0x52>
    80004cda:	a091                	j	80004d1e <__sfvwrite_r+0x10a>
    80004cdc:	85a2                	mv	a1,s0
    80004cde:	854a                	mv	a0,s2
    80004ce0:	2b4000ef          	jal	80004f94 <__swsetup_r>
    80004ce4:	d13d                	beqz	a0,80004c4a <__sfvwrite_r+0x36>
    80004ce6:	557d                	li	a0,-1
    80004ce8:	a825                	j	80004d20 <__sfvwrite_r+0x10c>
    80004cea:	0009ba83          	ld	s5,0(s3)
    80004cee:	0089b483          	ld	s1,8(s3)
    80004cf2:	09c1                	addi	s3,s3,16
    80004cf4:	643c                	ld	a5,72(s0)
    80004cf6:	7c0c                	ld	a1,56(s0)
    80004cf8:	d8ed                	beqz	s1,80004cea <__sfvwrite_r+0xd6>
    80004cfa:	86a6                	mv	a3,s1
    80004cfc:	009b7363          	bgeu	s6,s1,80004d02 <__sfvwrite_r+0xee>
    80004d00:	86da                	mv	a3,s6
    80004d02:	2681                	sext.w	a3,a3
    80004d04:	8656                	mv	a2,s5
    80004d06:	854a                	mv	a0,s2
    80004d08:	9782                	jalr	a5
    80004d0a:	0aa05263          	blez	a0,80004dae <__sfvwrite_r+0x19a>
    80004d0e:	010a3783          	ld	a5,16(s4)
    80004d12:	9aaa                	add	s5,s5,a0
    80004d14:	8c89                	sub	s1,s1,a0
    80004d16:	8f89                	sub	a5,a5,a0
    80004d18:	00fa3823          	sd	a5,16(s4)
    80004d1c:	ffe1                	bnez	a5,80004cf4 <__sfvwrite_r+0xe0>
    80004d1e:	4501                	li	a0,0
    80004d20:	70a6                	ld	ra,104(sp)
    80004d22:	7406                	ld	s0,96(sp)
    80004d24:	64e6                	ld	s1,88(sp)
    80004d26:	6946                	ld	s2,80(sp)
    80004d28:	69a6                	ld	s3,72(sp)
    80004d2a:	6a06                	ld	s4,64(sp)
    80004d2c:	7ae2                	ld	s5,56(sp)
    80004d2e:	7b42                	ld	s6,48(sp)
    80004d30:	7ba2                	ld	s7,40(sp)
    80004d32:	7c02                	ld	s8,32(sp)
    80004d34:	6ce2                	ld	s9,24(sp)
    80004d36:	6d42                	ld	s10,16(sp)
    80004d38:	6da2                	ld	s11,8(sp)
    80004d3a:	6165                	addi	sp,sp,112
    80004d3c:	8082                	ret
    80004d3e:	80000b37          	lui	s6,0x80000
    80004d42:	4a81                	li	s5,0
    80004d44:	4481                	li	s1,0
    80004d46:	c00b4b13          	xori	s6,s6,-1024
    80004d4a:	b76d                	j	80004cf4 <__sfvwrite_r+0xe0>
    80004d4c:	0009ba83          	ld	s5,0(s3)
    80004d50:	0089bc83          	ld	s9,8(s3)
    80004d54:	09c1                	addi	s3,s3,16
    80004d56:	4444                	lw	s1,12(s0)
    80004d58:	01041783          	lh	a5,16(s0)
    80004d5c:	6008                	ld	a0,0(s0)
    80004d5e:	8d26                	mv	s10,s1
    80004d60:	fe0c86e3          	beqz	s9,80004d4c <__sfvwrite_r+0x138>
    80004d64:	2007f713          	andi	a4,a5,512
    80004d68:	c37d                	beqz	a4,80004e4e <__sfvwrite_r+0x23a>
    80004d6a:	089ce763          	bltu	s9,s1,80004df8 <__sfvwrite_r+0x1e4>
    80004d6e:	4807f713          	andi	a4,a5,1152
    80004d72:	c359                	beqz	a4,80004df8 <__sfvwrite_r+0x1e4>
    80004d74:	5004                	lw	s1,32(s0)
    80004d76:	6c0c                	ld	a1,24(s0)
    80004d78:	029b84bb          	mulw	s1,s7,s1
    80004d7c:	8d0d                	sub	a0,a0,a1
    80004d7e:	00050d9b          	sext.w	s11,a0
    80004d82:	001d8713          	addi	a4,s11,1
    80004d86:	9766                	add	a4,a4,s9
    80004d88:	0384c4bb          	divw	s1,s1,s8
    80004d8c:	00e4f563          	bgeu	s1,a4,80004d96 <__sfvwrite_r+0x182>
    80004d90:	2505                	addiw	a0,a0,1
    80004d92:	019504bb          	addw	s1,a0,s9
    80004d96:	4007f793          	andi	a5,a5,1024
    80004d9a:	cbc9                	beqz	a5,80004e2c <__sfvwrite_r+0x218>
    80004d9c:	85a6                	mv	a1,s1
    80004d9e:	854a                	mv	a0,s2
    80004da0:	e25fe0ef          	jal	80003bc4 <_malloc_r>
    80004da4:	8d2a                	mv	s10,a0
    80004da6:	e11d                	bnez	a0,80004dcc <__sfvwrite_r+0x1b8>
    80004da8:	47b1                	li	a5,12
    80004daa:	00f92023          	sw	a5,0(s2)
    80004dae:	01045783          	lhu	a5,16(s0)
    80004db2:	0407e793          	ori	a5,a5,64
    80004db6:	00f41823          	sh	a5,16(s0)
    80004dba:	b735                	j	80004ce6 <__sfvwrite_r+0xd2>
    80004dbc:	80000b37          	lui	s6,0x80000
    80004dc0:	4c81                	li	s9,0
    80004dc2:	fffb4b13          	not	s6,s6
    80004dc6:	4b8d                	li	s7,3
    80004dc8:	4c09                	li	s8,2
    80004dca:	b771                	j	80004d56 <__sfvwrite_r+0x142>
    80004dcc:	6c0c                	ld	a1,24(s0)
    80004dce:	866e                	mv	a2,s11
    80004dd0:	d00ff0ef          	jal	800042d0 <memcpy>
    80004dd4:	01045783          	lhu	a5,16(s0)
    80004dd8:	b7f7f793          	andi	a5,a5,-1153
    80004ddc:	0807e793          	ori	a5,a5,128
    80004de0:	00f41823          	sh	a5,16(s0)
    80004de4:	01a43c23          	sd	s10,24(s0)
    80004de8:	d004                	sw	s1,32(s0)
    80004dea:	9d6e                	add	s10,s10,s11
    80004dec:	41b484bb          	subw	s1,s1,s11
    80004df0:	01a43023          	sd	s10,0(s0)
    80004df4:	c444                	sw	s1,12(s0)
    80004df6:	8d66                	mv	s10,s9
    80004df8:	84e6                	mv	s1,s9
    80004dfa:	01acf363          	bgeu	s9,s10,80004e00 <__sfvwrite_r+0x1ec>
    80004dfe:	8d66                	mv	s10,s9
    80004e00:	6008                	ld	a0,0(s0)
    80004e02:	866a                	mv	a2,s10
    80004e04:	85d6                	mv	a1,s5
    80004e06:	c94ff0ef          	jal	8000429a <memmove>
    80004e0a:	445c                	lw	a5,12(s0)
    80004e0c:	41a787bb          	subw	a5,a5,s10
    80004e10:	c45c                	sw	a5,12(s0)
    80004e12:	601c                	ld	a5,0(s0)
    80004e14:	97ea                	add	a5,a5,s10
    80004e16:	e01c                	sd	a5,0(s0)
    80004e18:	010a3783          	ld	a5,16(s4)
    80004e1c:	9aa6                	add	s5,s5,s1
    80004e1e:	409c8cb3          	sub	s9,s9,s1
    80004e22:	8f85                	sub	a5,a5,s1
    80004e24:	00fa3823          	sd	a5,16(s4)
    80004e28:	f79d                	bnez	a5,80004d56 <__sfvwrite_r+0x142>
    80004e2a:	bdd5                	j	80004d1e <__sfvwrite_r+0x10a>
    80004e2c:	8626                	mv	a2,s1
    80004e2e:	854a                	mv	a0,s2
    80004e30:	3dc000ef          	jal	8000520c <_realloc_r>
    80004e34:	8d2a                	mv	s10,a0
    80004e36:	f55d                	bnez	a0,80004de4 <__sfvwrite_r+0x1d0>
    80004e38:	6c0c                	ld	a1,24(s0)
    80004e3a:	854a                	mv	a0,s2
    80004e3c:	cccff0ef          	jal	80004308 <_free_r>
    80004e40:	01045783          	lhu	a5,16(s0)
    80004e44:	f7f7f793          	andi	a5,a5,-129
    80004e48:	00f41823          	sh	a5,16(s0)
    80004e4c:	bfb1                	j	80004da8 <__sfvwrite_r+0x194>
    80004e4e:	6c1c                	ld	a5,24(s0)
    80004e50:	00a7e563          	bltu	a5,a0,80004e5a <__sfvwrite_r+0x246>
    80004e54:	5014                	lw	a3,32(s0)
    80004e56:	02dcf763          	bgeu	s9,a3,80004e84 <__sfvwrite_r+0x270>
    80004e5a:	009cf363          	bgeu	s9,s1,80004e60 <__sfvwrite_r+0x24c>
    80004e5e:	84e6                	mv	s1,s9
    80004e60:	8626                	mv	a2,s1
    80004e62:	85d6                	mv	a1,s5
    80004e64:	c36ff0ef          	jal	8000429a <memmove>
    80004e68:	445c                	lw	a5,12(s0)
    80004e6a:	4097873b          	subw	a4,a5,s1
    80004e6e:	601c                	ld	a5,0(s0)
    80004e70:	c458                	sw	a4,12(s0)
    80004e72:	97a6                	add	a5,a5,s1
    80004e74:	e01c                	sd	a5,0(s0)
    80004e76:	f34d                	bnez	a4,80004e18 <__sfvwrite_r+0x204>
    80004e78:	85a2                	mv	a1,s0
    80004e7a:	854a                	mv	a0,s2
    80004e7c:	d37ff0ef          	jal	80004bb2 <_fflush_r>
    80004e80:	dd41                	beqz	a0,80004e18 <__sfvwrite_r+0x204>
    80004e82:	b735                	j	80004dae <__sfvwrite_r+0x19a>
    80004e84:	87e6                	mv	a5,s9
    80004e86:	019b7363          	bgeu	s6,s9,80004e8c <__sfvwrite_r+0x278>
    80004e8a:	87da                	mv	a5,s6
    80004e8c:	02d7c7bb          	divw	a5,a5,a3
    80004e90:	6438                	ld	a4,72(s0)
    80004e92:	7c0c                	ld	a1,56(s0)
    80004e94:	8656                	mv	a2,s5
    80004e96:	854a                	mv	a0,s2
    80004e98:	02d786bb          	mulw	a3,a5,a3
    80004e9c:	9702                	jalr	a4
    80004e9e:	84aa                	mv	s1,a0
    80004ea0:	f6a04ce3          	bgtz	a0,80004e18 <__sfvwrite_r+0x204>
    80004ea4:	b729                	j	80004dae <__sfvwrite_r+0x19a>
    80004ea6:	0009bb83          	ld	s7,0(s3)
    80004eaa:	0089bb03          	ld	s6,8(s3)
    80004eae:	4501                	li	a0,0
    80004eb0:	09c1                	addi	s3,s3,16
    80004eb2:	bb55                	j	80004c66 <__sfvwrite_r+0x52>
    80004eb4:	001b0a9b          	addiw	s5,s6,1 # ffffffff80000001 <__heap_end+0xfffffffefffd7001>
    80004eb8:	b3e1                	j	80004c80 <__sfvwrite_r+0x6c>
    80004eba:	00dc4b63          	blt	s8,a3,80004ed0 <__sfvwrite_r+0x2bc>
    80004ebe:	643c                	ld	a5,72(s0)
    80004ec0:	7c0c                	ld	a1,56(s0)
    80004ec2:	865e                	mv	a2,s7
    80004ec4:	854a                	mv	a0,s2
    80004ec6:	9782                	jalr	a5
    80004ec8:	84aa                	mv	s1,a0
    80004eca:	dea045e3          	bgtz	a0,80004cb4 <__sfvwrite_r+0xa0>
    80004ece:	b5c5                	j	80004dae <__sfvwrite_r+0x19a>
    80004ed0:	8662                	mv	a2,s8
    80004ed2:	85de                	mv	a1,s7
    80004ed4:	bc6ff0ef          	jal	8000429a <memmove>
    80004ed8:	445c                	lw	a5,12(s0)
    80004eda:	84e2                	mv	s1,s8
    80004edc:	418787bb          	subw	a5,a5,s8
    80004ee0:	c45c                	sw	a5,12(s0)
    80004ee2:	601c                	ld	a5,0(s0)
    80004ee4:	97e2                	add	a5,a5,s8
    80004ee6:	e01c                	sd	a5,0(s0)
    80004ee8:	b3f1                	j	80004cb4 <__sfvwrite_r+0xa0>

0000000080004eea <__swbuf_r>:
    80004eea:	7179                	addi	sp,sp,-48
    80004eec:	f022                	sd	s0,32(sp)
    80004eee:	ec26                	sd	s1,24(sp)
    80004ef0:	e84a                	sd	s2,16(sp)
    80004ef2:	f406                	sd	ra,40(sp)
    80004ef4:	e44e                	sd	s3,8(sp)
    80004ef6:	892a                	mv	s2,a0
    80004ef8:	84ae                	mv	s1,a1
    80004efa:	8432                	mv	s0,a2
    80004efc:	c509                	beqz	a0,80004f06 <__swbuf_r+0x1c>
    80004efe:	613c                	ld	a5,64(a0)
    80004f00:	e399                	bnez	a5,80004f06 <__swbuf_r+0x1c>
    80004f02:	fc7fe0ef          	jal	80003ec8 <__sinit>
    80004f06:	541c                	lw	a5,40(s0)
    80004f08:	c45c                	sw	a5,12(s0)
    80004f0a:	01045783          	lhu	a5,16(s0)
    80004f0e:	8ba1                	andi	a5,a5,8
    80004f10:	c399                	beqz	a5,80004f16 <__swbuf_r+0x2c>
    80004f12:	6c1c                	ld	a5,24(s0)
    80004f14:	ef99                	bnez	a5,80004f32 <__swbuf_r+0x48>
    80004f16:	85a2                	mv	a1,s0
    80004f18:	854a                	mv	a0,s2
    80004f1a:	07a000ef          	jal	80004f94 <__swsetup_r>
    80004f1e:	c911                	beqz	a0,80004f32 <__swbuf_r+0x48>
    80004f20:	54fd                	li	s1,-1
    80004f22:	70a2                	ld	ra,40(sp)
    80004f24:	7402                	ld	s0,32(sp)
    80004f26:	6942                	ld	s2,16(sp)
    80004f28:	69a2                	ld	s3,8(sp)
    80004f2a:	8526                	mv	a0,s1
    80004f2c:	64e2                	ld	s1,24(sp)
    80004f2e:	6145                	addi	sp,sp,48
    80004f30:	8082                	ret
    80004f32:	601c                	ld	a5,0(s0)
    80004f34:	6c18                	ld	a4,24(s0)
    80004f36:	0ff4f993          	zext.b	s3,s1
    80004f3a:	84ce                	mv	s1,s3
    80004f3c:	40e7853b          	subw	a0,a5,a4
    80004f40:	501c                	lw	a5,32(s0)
    80004f42:	00f54763          	blt	a0,a5,80004f50 <__swbuf_r+0x66>
    80004f46:	85a2                	mv	a1,s0
    80004f48:	854a                	mv	a0,s2
    80004f4a:	c69ff0ef          	jal	80004bb2 <_fflush_r>
    80004f4e:	f969                	bnez	a0,80004f20 <__swbuf_r+0x36>
    80004f50:	445c                	lw	a5,12(s0)
    80004f52:	37fd                	addiw	a5,a5,-1
    80004f54:	c45c                	sw	a5,12(s0)
    80004f56:	601c                	ld	a5,0(s0)
    80004f58:	00178713          	addi	a4,a5,1
    80004f5c:	e018                	sd	a4,0(s0)
    80004f5e:	01378023          	sb	s3,0(a5)
    80004f62:	5018                	lw	a4,32(s0)
    80004f64:	0015079b          	addiw	a5,a0,1
    80004f68:	00f70963          	beq	a4,a5,80004f7a <__swbuf_r+0x90>
    80004f6c:	01045783          	lhu	a5,16(s0)
    80004f70:	8b85                	andi	a5,a5,1
    80004f72:	dbc5                	beqz	a5,80004f22 <__swbuf_r+0x38>
    80004f74:	47a9                	li	a5,10
    80004f76:	faf496e3          	bne	s1,a5,80004f22 <__swbuf_r+0x38>
    80004f7a:	85a2                	mv	a1,s0
    80004f7c:	854a                	mv	a0,s2
    80004f7e:	c35ff0ef          	jal	80004bb2 <_fflush_r>
    80004f82:	d145                	beqz	a0,80004f22 <__swbuf_r+0x38>
    80004f84:	bf71                	j	80004f20 <__swbuf_r+0x36>

0000000080004f86 <__swbuf>:
    80004f86:	862e                	mv	a2,a1
    80004f88:	85aa                	mv	a1,a0
    80004f8a:	00001517          	auipc	a0,0x1
    80004f8e:	0ee53503          	ld	a0,238(a0) # 80006078 <_impure_ptr>
    80004f92:	bfa1                	j	80004eea <__swbuf_r>

0000000080004f94 <__swsetup_r>:
    80004f94:	1101                	addi	sp,sp,-32
    80004f96:	e822                	sd	s0,16(sp)
    80004f98:	e426                	sd	s1,8(sp)
    80004f9a:	ec06                	sd	ra,24(sp)
    80004f9c:	84aa                	mv	s1,a0
    80004f9e:	00001517          	auipc	a0,0x1
    80004fa2:	0da53503          	ld	a0,218(a0) # 80006078 <_impure_ptr>
    80004fa6:	842e                	mv	s0,a1
    80004fa8:	c509                	beqz	a0,80004fb2 <__swsetup_r+0x1e>
    80004faa:	613c                	ld	a5,64(a0)
    80004fac:	e399                	bnez	a5,80004fb2 <__swsetup_r+0x1e>
    80004fae:	f1bfe0ef          	jal	80003ec8 <__sinit>
    80004fb2:	01041783          	lh	a5,16(s0)
    80004fb6:	0087f713          	andi	a4,a5,8
    80004fba:	eb29                	bnez	a4,8000500c <__swsetup_r+0x78>
    80004fbc:	0107f713          	andi	a4,a5,16
    80004fc0:	eb09                	bnez	a4,80004fd2 <__swsetup_r+0x3e>
    80004fc2:	4725                	li	a4,9
    80004fc4:	c098                	sw	a4,0(s1)
    80004fc6:	0407e793          	ori	a5,a5,64
    80004fca:	00f41823          	sh	a5,16(s0)
    80004fce:	557d                	li	a0,-1
    80004fd0:	a8ad                	j	8000504a <__swsetup_r+0xb6>
    80004fd2:	8b91                	andi	a5,a5,4
    80004fd4:	c795                	beqz	a5,80005000 <__swsetup_r+0x6c>
    80004fd6:	702c                	ld	a1,96(s0)
    80004fd8:	c991                	beqz	a1,80004fec <__swsetup_r+0x58>
    80004fda:	07c40793          	addi	a5,s0,124
    80004fde:	00f58563          	beq	a1,a5,80004fe8 <__swsetup_r+0x54>
    80004fe2:	8526                	mv	a0,s1
    80004fe4:	b24ff0ef          	jal	80004308 <_free_r>
    80004fe8:	06043023          	sd	zero,96(s0)
    80004fec:	01045783          	lhu	a5,16(s0)
    80004ff0:	00042423          	sw	zero,8(s0)
    80004ff4:	fdb7f793          	andi	a5,a5,-37
    80004ff8:	00f41823          	sh	a5,16(s0)
    80004ffc:	6c1c                	ld	a5,24(s0)
    80004ffe:	e01c                	sd	a5,0(s0)
    80005000:	01045783          	lhu	a5,16(s0)
    80005004:	0087e793          	ori	a5,a5,8
    80005008:	00f41823          	sh	a5,16(s0)
    8000500c:	6c1c                	ld	a5,24(s0)
    8000500e:	ef89                	bnez	a5,80005028 <__swsetup_r+0x94>
    80005010:	01045783          	lhu	a5,16(s0)
    80005014:	20000713          	li	a4,512
    80005018:	2807f793          	andi	a5,a5,640
    8000501c:	00e78663          	beq	a5,a4,80005028 <__swsetup_r+0x94>
    80005020:	85a2                	mv	a1,s0
    80005022:	8526                	mv	a0,s1
    80005024:	2c4000ef          	jal	800052e8 <__smakebuf_r>
    80005028:	01041783          	lh	a5,16(s0)
    8000502c:	0017f713          	andi	a4,a5,1
    80005030:	c315                	beqz	a4,80005054 <__swsetup_r+0xc0>
    80005032:	5018                	lw	a4,32(s0)
    80005034:	00042623          	sw	zero,12(s0)
    80005038:	40e0073b          	negw	a4,a4
    8000503c:	d418                	sw	a4,40(s0)
    8000503e:	6c18                	ld	a4,24(s0)
    80005040:	4501                	li	a0,0
    80005042:	e701                	bnez	a4,8000504a <__swsetup_r+0xb6>
    80005044:	0807f713          	andi	a4,a5,128
    80005048:	ff3d                	bnez	a4,80004fc6 <__swsetup_r+0x32>
    8000504a:	60e2                	ld	ra,24(sp)
    8000504c:	6442                	ld	s0,16(sp)
    8000504e:	64a2                	ld	s1,8(sp)
    80005050:	6105                	addi	sp,sp,32
    80005052:	8082                	ret
    80005054:	0027f713          	andi	a4,a5,2
    80005058:	4681                	li	a3,0
    8000505a:	e311                	bnez	a4,8000505e <__swsetup_r+0xca>
    8000505c:	5014                	lw	a3,32(s0)
    8000505e:	c454                	sw	a3,12(s0)
    80005060:	bff9                	j	8000503e <__swsetup_r+0xaa>

0000000080005062 <memchr>:
    80005062:	0ff5f593          	zext.b	a1,a1
    80005066:	962a                	add	a2,a2,a0
    80005068:	00c51463          	bne	a0,a2,80005070 <memchr+0xe>
    8000506c:	4501                	li	a0,0
    8000506e:	8082                	ret
    80005070:	00054783          	lbu	a5,0(a0)
    80005074:	feb78de3          	beq	a5,a1,8000506e <memchr+0xc>
    80005078:	0505                	addi	a0,a0,1
    8000507a:	b7fd                	j	80005068 <memchr+0x6>

000000008000507c <_init_signal_r>:
    8000507c:	793c                	ld	a5,112(a0)
    8000507e:	eb95                	bnez	a5,800050b2 <_init_signal_r+0x36>
    80005080:	1141                	addi	sp,sp,-16
    80005082:	10000593          	li	a1,256
    80005086:	e022                	sd	s0,0(sp)
    80005088:	e406                	sd	ra,8(sp)
    8000508a:	842a                	mv	s0,a0
    8000508c:	b39fe0ef          	jal	80003bc4 <_malloc_r>
    80005090:	87aa                	mv	a5,a0
    80005092:	f828                	sd	a0,112(s0)
    80005094:	557d                	li	a0,-1
    80005096:	cb91                	beqz	a5,800050aa <_init_signal_r+0x2e>
    80005098:	853e                	mv	a0,a5
    8000509a:	10078793          	addi	a5,a5,256
    8000509e:	00053023          	sd	zero,0(a0)
    800050a2:	0521                	addi	a0,a0,8
    800050a4:	fef51de3          	bne	a0,a5,8000509e <_init_signal_r+0x22>
    800050a8:	4501                	li	a0,0
    800050aa:	60a2                	ld	ra,8(sp)
    800050ac:	6402                	ld	s0,0(sp)
    800050ae:	0141                	addi	sp,sp,16
    800050b0:	8082                	ret
    800050b2:	4501                	li	a0,0
    800050b4:	8082                	ret

00000000800050b6 <_signal_r>:
    800050b6:	1101                	addi	sp,sp,-32
    800050b8:	e426                	sd	s1,8(sp)
    800050ba:	ec06                	sd	ra,24(sp)
    800050bc:	e822                	sd	s0,16(sp)
    800050be:	e04a                	sd	s2,0(sp)
    800050c0:	47fd                	li	a5,31
    800050c2:	84aa                	mv	s1,a0
    800050c4:	00b7f663          	bgeu	a5,a1,800050d0 <_signal_r+0x1a>
    800050c8:	47d9                	li	a5,22
    800050ca:	c11c                	sw	a5,0(a0)
    800050cc:	557d                	li	a0,-1
    800050ce:	a819                	j	800050e4 <_signal_r+0x2e>
    800050d0:	793c                	ld	a5,112(a0)
    800050d2:	842e                	mv	s0,a1
    800050d4:	8932                	mv	s2,a2
    800050d6:	cf89                	beqz	a5,800050f0 <_signal_r+0x3a>
    800050d8:	78bc                	ld	a5,112(s1)
    800050da:	040e                	slli	s0,s0,0x3
    800050dc:	97a2                	add	a5,a5,s0
    800050de:	6388                	ld	a0,0(a5)
    800050e0:	0127b023          	sd	s2,0(a5)
    800050e4:	60e2                	ld	ra,24(sp)
    800050e6:	6442                	ld	s0,16(sp)
    800050e8:	64a2                	ld	s1,8(sp)
    800050ea:	6902                	ld	s2,0(sp)
    800050ec:	6105                	addi	sp,sp,32
    800050ee:	8082                	ret
    800050f0:	f8dff0ef          	jal	8000507c <_init_signal_r>
    800050f4:	d175                	beqz	a0,800050d8 <_signal_r+0x22>
    800050f6:	bfd9                	j	800050cc <_signal_r+0x16>

00000000800050f8 <_raise_r>:
    800050f8:	1101                	addi	sp,sp,-32
    800050fa:	e822                	sd	s0,16(sp)
    800050fc:	ec06                	sd	ra,24(sp)
    800050fe:	47fd                	li	a5,31
    80005100:	842a                	mv	s0,a0
    80005102:	00b7f963          	bgeu	a5,a1,80005114 <_raise_r+0x1c>
    80005106:	47d9                	li	a5,22
    80005108:	c11c                	sw	a5,0(a0)
    8000510a:	557d                	li	a0,-1
    8000510c:	60e2                	ld	ra,24(sp)
    8000510e:	6442                	ld	s0,16(sp)
    80005110:	6105                	addi	sp,sp,32
    80005112:	8082                	ret
    80005114:	793c                	ld	a5,112(a0)
    80005116:	862e                	mv	a2,a1
    80005118:	c791                	beqz	a5,80005124 <_raise_r+0x2c>
    8000511a:	00359713          	slli	a4,a1,0x3
    8000511e:	97ba                	add	a5,a5,a4
    80005120:	6398                	ld	a4,0(a5)
    80005122:	ef01                	bnez	a4,8000513a <_raise_r+0x42>
    80005124:	8522                	mv	a0,s0
    80005126:	e432                	sd	a2,8(sp)
    80005128:	0e2000ef          	jal	8000520a <_getpid_r>
    8000512c:	85aa                	mv	a1,a0
    8000512e:	8522                	mv	a0,s0
    80005130:	6442                	ld	s0,16(sp)
    80005132:	6622                	ld	a2,8(sp)
    80005134:	60e2                	ld	ra,24(sp)
    80005136:	6105                	addi	sp,sp,32
    80005138:	a065                	j	800051e0 <_kill_r>
    8000513a:	4685                	li	a3,1
    8000513c:	00d70d63          	beq	a4,a3,80005156 <_raise_r+0x5e>
    80005140:	56fd                	li	a3,-1
    80005142:	00d71663          	bne	a4,a3,8000514e <_raise_r+0x56>
    80005146:	47d9                	li	a5,22
    80005148:	c11c                	sw	a5,0(a0)
    8000514a:	4505                	li	a0,1
    8000514c:	b7c1                	j	8000510c <_raise_r+0x14>
    8000514e:	0007b023          	sd	zero,0(a5)
    80005152:	852e                	mv	a0,a1
    80005154:	9702                	jalr	a4
    80005156:	4501                	li	a0,0
    80005158:	bf55                	j	8000510c <_raise_r+0x14>

000000008000515a <__sigtramp_r>:
    8000515a:	47fd                	li	a5,31
    8000515c:	00b7f463          	bgeu	a5,a1,80005164 <__sigtramp_r+0xa>
    80005160:	557d                	li	a0,-1
    80005162:	8082                	ret
    80005164:	793c                	ld	a5,112(a0)
    80005166:	1101                	addi	sp,sp,-32
    80005168:	e822                	sd	s0,16(sp)
    8000516a:	e426                	sd	s1,8(sp)
    8000516c:	ec06                	sd	ra,24(sp)
    8000516e:	84aa                	mv	s1,a0
    80005170:	842e                	mv	s0,a1
    80005172:	c795                	beqz	a5,8000519e <__sigtramp_r+0x44>
    80005174:	78b8                	ld	a4,112(s1)
    80005176:	00341793          	slli	a5,s0,0x3
    8000517a:	4505                	li	a0,1
    8000517c:	973e                	add	a4,a4,a5
    8000517e:	631c                	ld	a5,0(a4)
    80005180:	c39d                	beqz	a5,800051a6 <__sigtramp_r+0x4c>
    80005182:	56fd                	li	a3,-1
    80005184:	4509                	li	a0,2
    80005186:	02d78063          	beq	a5,a3,800051a6 <__sigtramp_r+0x4c>
    8000518a:	4685                	li	a3,1
    8000518c:	450d                	li	a0,3
    8000518e:	00d78c63          	beq	a5,a3,800051a6 <__sigtramp_r+0x4c>
    80005192:	8522                	mv	a0,s0
    80005194:	00073023          	sd	zero,0(a4)
    80005198:	9782                	jalr	a5
    8000519a:	4501                	li	a0,0
    8000519c:	a029                	j	800051a6 <__sigtramp_r+0x4c>
    8000519e:	edfff0ef          	jal	8000507c <_init_signal_r>
    800051a2:	d969                	beqz	a0,80005174 <__sigtramp_r+0x1a>
    800051a4:	557d                	li	a0,-1
    800051a6:	60e2                	ld	ra,24(sp)
    800051a8:	6442                	ld	s0,16(sp)
    800051aa:	64a2                	ld	s1,8(sp)
    800051ac:	6105                	addi	sp,sp,32
    800051ae:	8082                	ret

00000000800051b0 <raise>:
    800051b0:	85aa                	mv	a1,a0
    800051b2:	00001517          	auipc	a0,0x1
    800051b6:	ec653503          	ld	a0,-314(a0) # 80006078 <_impure_ptr>
    800051ba:	bf3d                	j	800050f8 <_raise_r>

00000000800051bc <signal>:
    800051bc:	862e                	mv	a2,a1
    800051be:	85aa                	mv	a1,a0
    800051c0:	00001517          	auipc	a0,0x1
    800051c4:	eb853503          	ld	a0,-328(a0) # 80006078 <_impure_ptr>
    800051c8:	b5fd                	j	800050b6 <_signal_r>

00000000800051ca <_init_signal>:
    800051ca:	00001517          	auipc	a0,0x1
    800051ce:	eae53503          	ld	a0,-338(a0) # 80006078 <_impure_ptr>
    800051d2:	b56d                	j	8000507c <_init_signal_r>

00000000800051d4 <__sigtramp>:
    800051d4:	85aa                	mv	a1,a0
    800051d6:	00001517          	auipc	a0,0x1
    800051da:	ea253503          	ld	a0,-350(a0) # 80006078 <_impure_ptr>
    800051de:	bfb5                	j	8000515a <__sigtramp_r>

00000000800051e0 <_kill_r>:
    800051e0:	1141                	addi	sp,sp,-16
    800051e2:	e022                	sd	s0,0(sp)
    800051e4:	842a                	mv	s0,a0
    800051e6:	852e                	mv	a0,a1
    800051e8:	85b2                	mv	a1,a2
    800051ea:	8a01a423          	sw	zero,-1880(gp) # 80006120 <errno>
    800051ee:	e406                	sd	ra,8(sp)
    800051f0:	256000ef          	jal	80005446 <_kill>
    800051f4:	57fd                	li	a5,-1
    800051f6:	00f51663          	bne	a0,a5,80005202 <_kill_r+0x22>
    800051fa:	8a81a783          	lw	a5,-1880(gp) # 80006120 <errno>
    800051fe:	c391                	beqz	a5,80005202 <_kill_r+0x22>
    80005200:	c01c                	sw	a5,0(s0)
    80005202:	60a2                	ld	ra,8(sp)
    80005204:	6402                	ld	s0,0(sp)
    80005206:	0141                	addi	sp,sp,16
    80005208:	8082                	ret

000000008000520a <_getpid_r>:
    8000520a:	ac05                	j	8000543a <_getpid>

000000008000520c <_realloc_r>:
    8000520c:	7179                	addi	sp,sp,-48
    8000520e:	f022                	sd	s0,32(sp)
    80005210:	f406                	sd	ra,40(sp)
    80005212:	ec26                	sd	s1,24(sp)
    80005214:	e84a                	sd	s2,16(sp)
    80005216:	e44e                	sd	s3,8(sp)
    80005218:	e052                	sd	s4,0(sp)
    8000521a:	8432                	mv	s0,a2
    8000521c:	e999                	bnez	a1,80005232 <_realloc_r+0x26>
    8000521e:	7402                	ld	s0,32(sp)
    80005220:	70a2                	ld	ra,40(sp)
    80005222:	64e2                	ld	s1,24(sp)
    80005224:	6942                	ld	s2,16(sp)
    80005226:	69a2                	ld	s3,8(sp)
    80005228:	6a02                	ld	s4,0(sp)
    8000522a:	85b2                	mv	a1,a2
    8000522c:	6145                	addi	sp,sp,48
    8000522e:	997fe06f          	j	80003bc4 <_malloc_r>
    80005232:	ee09                	bnez	a2,8000524c <_realloc_r+0x40>
    80005234:	8d4ff0ef          	jal	80004308 <_free_r>
    80005238:	4481                	li	s1,0
    8000523a:	70a2                	ld	ra,40(sp)
    8000523c:	7402                	ld	s0,32(sp)
    8000523e:	6942                	ld	s2,16(sp)
    80005240:	69a2                	ld	s3,8(sp)
    80005242:	6a02                	ld	s4,0(sp)
    80005244:	8526                	mv	a0,s1
    80005246:	64e2                	ld	s1,24(sp)
    80005248:	6145                	addi	sp,sp,48
    8000524a:	8082                	ret
    8000524c:	8a2a                	mv	s4,a0
    8000524e:	84ae                	mv	s1,a1
    80005250:	188000ef          	jal	800053d8 <_malloc_usable_size_r>
    80005254:	892a                	mv	s2,a0
    80005256:	00856663          	bltu	a0,s0,80005262 <_realloc_r+0x56>
    8000525a:	00155793          	srli	a5,a0,0x1
    8000525e:	fc87eee3          	bltu	a5,s0,8000523a <_realloc_r+0x2e>
    80005262:	85a2                	mv	a1,s0
    80005264:	8552                	mv	a0,s4
    80005266:	95ffe0ef          	jal	80003bc4 <_malloc_r>
    8000526a:	89aa                	mv	s3,a0
    8000526c:	e119                	bnez	a0,80005272 <_realloc_r+0x66>
    8000526e:	84ce                	mv	s1,s3
    80005270:	b7e9                	j	8000523a <_realloc_r+0x2e>
    80005272:	8622                	mv	a2,s0
    80005274:	00897363          	bgeu	s2,s0,8000527a <_realloc_r+0x6e>
    80005278:	864a                	mv	a2,s2
    8000527a:	85a6                	mv	a1,s1
    8000527c:	854e                	mv	a0,s3
    8000527e:	852ff0ef          	jal	800042d0 <memcpy>
    80005282:	85a6                	mv	a1,s1
    80005284:	8552                	mv	a0,s4
    80005286:	882ff0ef          	jal	80004308 <_free_r>
    8000528a:	b7d5                	j	8000526e <_realloc_r+0x62>

000000008000528c <__swhatbuf_r>:
    8000528c:	7175                	addi	sp,sp,-144
    8000528e:	e122                	sd	s0,128(sp)
    80005290:	842e                	mv	s0,a1
    80005292:	01259583          	lh	a1,18(a1)
    80005296:	fca6                	sd	s1,120(sp)
    80005298:	f8ca                	sd	s2,112(sp)
    8000529a:	e506                	sd	ra,136(sp)
    8000529c:	84b2                	mv	s1,a2
    8000529e:	8936                	mv	s2,a3
    800052a0:	0205d363          	bgez	a1,800052c6 <__swhatbuf_r+0x3a>
    800052a4:	01045783          	lhu	a5,16(s0)
    800052a8:	0807f793          	andi	a5,a5,128
    800052ac:	eb95                	bnez	a5,800052e0 <__swhatbuf_r+0x54>
    800052ae:	40000713          	li	a4,1024
    800052b2:	60aa                	ld	ra,136(sp)
    800052b4:	640a                	ld	s0,128(sp)
    800052b6:	00f92023          	sw	a5,0(s2)
    800052ba:	e098                	sd	a4,0(s1)
    800052bc:	7946                	ld	s2,112(sp)
    800052be:	74e6                	ld	s1,120(sp)
    800052c0:	4501                	li	a0,0
    800052c2:	6149                	addi	sp,sp,144
    800052c4:	8082                	ret
    800052c6:	0030                	addi	a2,sp,8
    800052c8:	0be000ef          	jal	80005386 <_fstat_r>
    800052cc:	fc054ce3          	bltz	a0,800052a4 <__swhatbuf_r+0x18>
    800052d0:	47b2                	lw	a5,12(sp)
    800052d2:	673d                	lui	a4,0xf
    800052d4:	8ff9                	and	a5,a5,a4
    800052d6:	6709                	lui	a4,0x2
    800052d8:	8f99                	sub	a5,a5,a4
    800052da:	0017b793          	seqz	a5,a5
    800052de:	bfc1                	j	800052ae <__swhatbuf_r+0x22>
    800052e0:	4781                	li	a5,0
    800052e2:	04000713          	li	a4,64
    800052e6:	b7f1                	j	800052b2 <__swhatbuf_r+0x26>

00000000800052e8 <__smakebuf_r>:
    800052e8:	0105d783          	lhu	a5,16(a1)
    800052ec:	7139                	addi	sp,sp,-64
    800052ee:	f822                	sd	s0,48(sp)
    800052f0:	fc06                	sd	ra,56(sp)
    800052f2:	f426                	sd	s1,40(sp)
    800052f4:	f04a                	sd	s2,32(sp)
    800052f6:	ec4e                	sd	s3,24(sp)
    800052f8:	8b89                	andi	a5,a5,2
    800052fa:	842e                	mv	s0,a1
    800052fc:	cf91                	beqz	a5,80005318 <__smakebuf_r+0x30>
    800052fe:	07f40793          	addi	a5,s0,127
    80005302:	e01c                	sd	a5,0(s0)
    80005304:	ec1c                	sd	a5,24(s0)
    80005306:	4785                	li	a5,1
    80005308:	d01c                	sw	a5,32(s0)
    8000530a:	70e2                	ld	ra,56(sp)
    8000530c:	7442                	ld	s0,48(sp)
    8000530e:	74a2                	ld	s1,40(sp)
    80005310:	7902                	ld	s2,32(sp)
    80005312:	69e2                	ld	s3,24(sp)
    80005314:	6121                	addi	sp,sp,64
    80005316:	8082                	ret
    80005318:	0054                	addi	a3,sp,4
    8000531a:	0030                	addi	a2,sp,8
    8000531c:	84aa                	mv	s1,a0
    8000531e:	f6fff0ef          	jal	8000528c <__swhatbuf_r>
    80005322:	69a2                	ld	s3,8(sp)
    80005324:	892a                	mv	s2,a0
    80005326:	8526                	mv	a0,s1
    80005328:	85ce                	mv	a1,s3
    8000532a:	89bfe0ef          	jal	80003bc4 <_malloc_r>
    8000532e:	ed01                	bnez	a0,80005346 <__smakebuf_r+0x5e>
    80005330:	01041783          	lh	a5,16(s0)
    80005334:	2007f713          	andi	a4,a5,512
    80005338:	fb69                	bnez	a4,8000530a <__smakebuf_r+0x22>
    8000533a:	9bf1                	andi	a5,a5,-4
    8000533c:	0027e793          	ori	a5,a5,2
    80005340:	00f41823          	sh	a5,16(s0)
    80005344:	bf6d                	j	800052fe <__smakebuf_r+0x16>
    80005346:	01045783          	lhu	a5,16(s0)
    8000534a:	e008                	sd	a0,0(s0)
    8000534c:	ec08                	sd	a0,24(s0)
    8000534e:	0807e793          	ori	a5,a5,128
    80005352:	00f41823          	sh	a5,16(s0)
    80005356:	4792                	lw	a5,4(sp)
    80005358:	03342023          	sw	s3,32(s0)
    8000535c:	cf91                	beqz	a5,80005378 <__smakebuf_r+0x90>
    8000535e:	01241583          	lh	a1,18(s0)
    80005362:	8526                	mv	a0,s1
    80005364:	04c000ef          	jal	800053b0 <_isatty_r>
    80005368:	c901                	beqz	a0,80005378 <__smakebuf_r+0x90>
    8000536a:	01045783          	lhu	a5,16(s0)
    8000536e:	9bf1                	andi	a5,a5,-4
    80005370:	0017e793          	ori	a5,a5,1
    80005374:	00f41823          	sh	a5,16(s0)
    80005378:	01045783          	lhu	a5,16(s0)
    8000537c:	0127e533          	or	a0,a5,s2
    80005380:	00a41823          	sh	a0,16(s0)
    80005384:	b759                	j	8000530a <__smakebuf_r+0x22>

0000000080005386 <_fstat_r>:
    80005386:	1141                	addi	sp,sp,-16
    80005388:	e022                	sd	s0,0(sp)
    8000538a:	842a                	mv	s0,a0
    8000538c:	852e                	mv	a0,a1
    8000538e:	85b2                	mv	a1,a2
    80005390:	8a01a423          	sw	zero,-1880(gp) # 80006120 <errno>
    80005394:	e406                	sd	ra,8(sp)
    80005396:	090000ef          	jal	80005426 <_fstat>
    8000539a:	57fd                	li	a5,-1
    8000539c:	00f51663          	bne	a0,a5,800053a8 <_fstat_r+0x22>
    800053a0:	8a81a783          	lw	a5,-1880(gp) # 80006120 <errno>
    800053a4:	c391                	beqz	a5,800053a8 <_fstat_r+0x22>
    800053a6:	c01c                	sw	a5,0(s0)
    800053a8:	60a2                	ld	ra,8(sp)
    800053aa:	6402                	ld	s0,0(sp)
    800053ac:	0141                	addi	sp,sp,16
    800053ae:	8082                	ret

00000000800053b0 <_isatty_r>:
    800053b0:	1141                	addi	sp,sp,-16
    800053b2:	e022                	sd	s0,0(sp)
    800053b4:	842a                	mv	s0,a0
    800053b6:	852e                	mv	a0,a1
    800053b8:	8a01a423          	sw	zero,-1880(gp) # 80006120 <errno>
    800053bc:	e406                	sd	ra,8(sp)
    800053be:	080000ef          	jal	8000543e <_isatty>
    800053c2:	57fd                	li	a5,-1
    800053c4:	00f51663          	bne	a0,a5,800053d0 <_isatty_r+0x20>
    800053c8:	8a81a783          	lw	a5,-1880(gp) # 80006120 <errno>
    800053cc:	c391                	beqz	a5,800053d0 <_isatty_r+0x20>
    800053ce:	c01c                	sw	a5,0(s0)
    800053d0:	60a2                	ld	ra,8(sp)
    800053d2:	6402                	ld	s0,0(sp)
    800053d4:	0141                	addi	sp,sp,16
    800053d6:	8082                	ret

00000000800053d8 <_malloc_usable_size_r>:
    800053d8:	ff85b503          	ld	a0,-8(a1)
    800053dc:	0005079b          	sext.w	a5,a0
    800053e0:	1561                	addi	a0,a0,-8
    800053e2:	0007d663          	bgez	a5,800053ee <_malloc_usable_size_r+0x16>
    800053e6:	95aa                	add	a1,a1,a0
    800053e8:	6188                	ld	a0,0(a1)
    800053ea:	17e1                	addi	a5,a5,-8
    800053ec:	953e                	add	a0,a0,a5
    800053ee:	8082                	ret

00000000800053f0 <_close>:
#include <errno.h>
#include "syscall.h"

int _close(int file)
{
    800053f0:	1141                	addi	sp,sp,-16
    800053f2:	e406                	sd	ra,8(sp)
    errno = EBADF;
    800053f4:	15c000ef          	jal	80005550 <__errno>
    return -1;
}
    800053f8:	60a2                	ld	ra,8(sp)
    errno = EBADF;
    800053fa:	47a5                	li	a5,9
    800053fc:	c11c                	sw	a5,0(a0)
}
    800053fe:	557d                	li	a0,-1
    80005400:	0141                	addi	sp,sp,16
    80005402:	8082                	ret

0000000080005404 <_exit>:
#include "syscall.h"
#include "htif.h"

void __attribute__ ((noreturn)) _exit(int code)
{
    uint64_t cmd = HTIF_TOHOST(0, 0, (code << 1) | 0x1);
    80005404:	0015179b          	slliw	a5,a0,0x1
    80005408:	0017e793          	ori	a5,a5,1
    8000540c:	2781                	sext.w	a5,a5
    8000540e:	07c2                	slli	a5,a5,0x10
    80005410:	83c1                	srli	a5,a5,0x10
    80005412:	00001717          	auipc	a4,0x1
    80005416:	bae70713          	addi	a4,a4,-1106 # 80005fc0 <tohost>
    for (;;) {
        fromhost = 0;
    8000541a:	00001697          	auipc	a3,0x1
    8000541e:	ba06b723          	sd	zero,-1106(a3) # 80005fc8 <fromhost>
        tohost = cmd;
    80005422:	e31c                	sd	a5,0(a4)
    for (;;) {
    80005424:	bfdd                	j	8000541a <_exit+0x16>

0000000080005426 <_fstat>:
#include <errno.h>
#include <sys/stat.h>
#include "syscall.h"

int _fstat(int file, struct stat *st)
{
    80005426:	1141                	addi	sp,sp,-16
    80005428:	e406                	sd	ra,8(sp)
    errno = EBADF;
    8000542a:	126000ef          	jal	80005550 <__errno>
    return -1;
}
    8000542e:	60a2                	ld	ra,8(sp)
    errno = EBADF;
    80005430:	47a5                	li	a5,9
    80005432:	c11c                	sw	a5,0(a0)
}
    80005434:	557d                	li	a0,-1
    80005436:	0141                	addi	sp,sp,16
    80005438:	8082                	ret

000000008000543a <_getpid>:
#include "syscall.h"

int _getpid(void)
{
    return 1;
}
    8000543a:	4505                	li	a0,1
    8000543c:	8082                	ret

000000008000543e <_isatty>:
#include <unistd.h>
#include "syscall.h"

int _isatty(int file)
{
    return (file == STDOUT_FILENO || file == STDERR_FILENO);
    8000543e:	357d                	addiw	a0,a0,-1
}
    80005440:	00253513          	sltiu	a0,a0,2
    80005444:	8082                	ret

0000000080005446 <_kill>:
#include <errno.h>
#include "syscall.h"

int _kill(int pid, int sig)
{
    80005446:	1141                	addi	sp,sp,-16
    80005448:	e406                	sd	ra,8(sp)
    errno = EINVAL;
    8000544a:	106000ef          	jal	80005550 <__errno>
    return -1;
}
    8000544e:	60a2                	ld	ra,8(sp)
    errno = EINVAL;
    80005450:	47d9                	li	a5,22
    80005452:	c11c                	sw	a5,0(a0)
}
    80005454:	557d                	li	a0,-1
    80005456:	0141                	addi	sp,sp,16
    80005458:	8082                	ret

000000008000545a <_lseek>:
#include <errno.h>
#include <sys/types.h>
#include "syscall.h"

off_t _lseek(int file, off_t ptr, int dir)
{
    8000545a:	1141                	addi	sp,sp,-16
    8000545c:	e406                	sd	ra,8(sp)
    errno = EBADF;
    8000545e:	0f2000ef          	jal	80005550 <__errno>
    return -1;
}
    80005462:	60a2                	ld	ra,8(sp)
    errno = EBADF;
    80005464:	47a5                	li	a5,9
    80005466:	c11c                	sw	a5,0(a0)
}
    80005468:	557d                	li	a0,-1
    8000546a:	0141                	addi	sp,sp,16
    8000546c:	8082                	ret

000000008000546e <_read>:
#include <errno.h>
#include <sys/types.h>
#include "syscall.h"

ssize_t _read(int file, void *ptr, size_t len)
{
    8000546e:	1141                	addi	sp,sp,-16
    80005470:	e406                	sd	ra,8(sp)
    errno = ENOSYS;
    80005472:	0de000ef          	jal	80005550 <__errno>
    return -1;
}
    80005476:	60a2                	ld	ra,8(sp)
    errno = ENOSYS;
    80005478:	05800793          	li	a5,88
    8000547c:	c11c                	sw	a5,0(a0)
}
    8000547e:	557d                	li	a0,-1
    80005480:	0141                	addi	sp,sp,16
    80005482:	8082                	ret

0000000080005484 <_sbrk>:
{
    extern char __heap_end[];
    char *newbrk;
    char *oldbrk;

    oldbrk = curbrk;
    80005484:	00001717          	auipc	a4,0x1
    80005488:	bfc70713          	addi	a4,a4,-1028 # 80006080 <curbrk>
    8000548c:	631c                	ld	a5,0(a4)
    newbrk = oldbrk + incr;
    if (unlikely((newbrk < _end) || (newbrk >= __heap_end))) {
    8000548e:	00003697          	auipc	a3,0x3
    80005492:	ff268693          	addi	a3,a3,-14 # 80008480 <_end>
    newbrk = oldbrk + incr;
    80005496:	953e                	add	a0,a0,a5
    if (unlikely((newbrk < _end) || (newbrk >= __heap_end))) {
    80005498:	00d56b63          	bltu	a0,a3,800054ae <_sbrk+0x2a>
    8000549c:	00024697          	auipc	a3,0x24
    800054a0:	b6468693          	addi	a3,a3,-1180 # 80029000 <__heap_end>
    800054a4:	00d57563          	bgeu	a0,a3,800054ae <_sbrk+0x2a>
        errno = ENOMEM;
        return (void *)(-1);
    }

    curbrk = newbrk;
    800054a8:	e308                	sd	a0,0(a4)
    return oldbrk;
}
    800054aa:	853e                	mv	a0,a5
    800054ac:	8082                	ret
{
    800054ae:	1141                	addi	sp,sp,-16
    800054b0:	e406                	sd	ra,8(sp)
        errno = ENOMEM;
    800054b2:	09e000ef          	jal	80005550 <__errno>
}
    800054b6:	60a2                	ld	ra,8(sp)
        errno = ENOMEM;
    800054b8:	47b1                	li	a5,12
    800054ba:	c11c                	sw	a5,0(a0)
        return (void *)(-1);
    800054bc:	57fd                	li	a5,-1
}
    800054be:	853e                	mv	a0,a5
    800054c0:	0141                	addi	sp,sp,16
    800054c2:	8082                	ret

00000000800054c4 <_write>:
#include <sys/types.h>
#include "syscall.h"

ssize_t _write(int fd, const void *ptr, size_t len)
{
    return SYSCALL3(SYS_write, fd, (uintptr_t)ptr, len);
    800054c4:	04000693          	li	a3,64
    800054c8:	a80d                	j	800054fa <htif_syscall>

00000000800054ca <__init_tls>:
#include <string.h>

void __init_tls(void)
{
    800054ca:	1141                	addi	sp,sp,-16
    extern char __tdata_start[];
    extern char __tbss_offset[];
    extern char __tdata_size[];
    extern char __tbss_size[];

    memcpy(__thread_self, __tdata_start, (size_t)__tdata_size);
    800054cc:	00000613          	li	a2,0
    800054d0:	00000597          	auipc	a1,0x0
    800054d4:	26458593          	addi	a1,a1,612 # 80005734 <__tbss_end>
    800054d8:	8512                	mv	a0,tp
{
    800054da:	e022                	sd	s0,0(sp)
    800054dc:	e406                	sd	ra,8(sp)
    memcpy(__thread_self, __tdata_start, (size_t)__tdata_size);
    800054de:	8412                	mv	s0,tp
    800054e0:	df1fe0ef          	jal	800042d0 <memcpy>
    memset(__thread_self + (size_t)__tbss_offset, 0, (size_t)__tbss_size);
    800054e4:	00000513          	li	a0,0
    800054e8:	9522                	add	a0,a0,s0
}
    800054ea:	6402                	ld	s0,0(sp)
    800054ec:	60a2                	ld	ra,8(sp)
    memset(__thread_self + (size_t)__tbss_offset, 0, (size_t)__tbss_size);
    800054ee:	00000613          	li	a2,0
    800054f2:	4581                	li	a1,0
}
    800054f4:	0141                	addi	sp,sp,16
    memset(__thread_self + (size_t)__tbss_offset, 0, (size_t)__tbss_size);
    800054f6:	dcbfe06f          	j	800042c0 <memset>

00000000800054fa <htif_syscall>:
volatile uint64_t fromhost __attribute__ ((section (".htif")));

static spinlock_t htif_lock = SPINLOCK_INIT;

long htif_syscall(uint64_t a0, uint64_t a1, uint64_t a2, unsigned long n)
{
    800054fa:	7139                	addi	sp,sp,-64
    volatile uint64_t buf[8];
    uint64_t sc;

    buf[0] = n;
    800054fc:	e036                	sd	a3,0(sp)
    buf[1] = a0;
    800054fe:	e42a                	sd	a0,8(sp)
    buf[2] = a1;
    buf[3] = a2;

    sc = HTIF_TOHOST(0, 0, (uintptr_t)&buf);
    80005500:	fff007b7          	lui	a5,0xfff00
    buf[2] = a1;
    80005504:	e82e                	sd	a1,16(sp)
    sc = HTIF_TOHOST(0, 0, (uintptr_t)&buf);
    80005506:	83c1                	srli	a5,a5,0x10
    buf[3] = a2;
    80005508:	ec32                	sd	a2,24(sp)
    sc = HTIF_TOHOST(0, 0, (uintptr_t)&buf);
    8000550a:	860a                	mv	a2,sp
    8000550c:	8e7d                	and	a2,a2,a5
    spin_lock(&htif_lock);
    8000550e:	8b018713          	addi	a4,gp,-1872 # 80006128 <htif_lock>

static inline long atomic_swap_acquire(atomic_t *p, atomic_t v)
{
    long n;
#ifdef __riscv_atomic
    __asm__ __volatile__ (
    80005512:	56fd                	li	a3,-1
    return *((volatile const atomic_t *)p);
    80005514:	431c                	lw	a5,0(a4)

static inline void spin_lock(spinlock_t *lock)
{
    do {
#ifdef __riscv_atomic
        while (atomic_load(&lock->lock));
    80005516:	fffd                	bnez	a5,80005514 <htif_syscall+0x1a>
    __asm__ __volatile__ (
    80005518:	0cd727af          	amoswap.w.aq	a5,a3,(a4)
#endif
    } while (atomic_swap_acquire(&lock->lock, -1));
    8000551c:	ffe5                	bnez	a5,80005514 <htif_syscall+0x1a>
static inline void wmb(void) { fence(w, w); }
    8000551e:	0110000f          	fence	w,w
    wmb();
    tohost = sc;
    80005522:	00001697          	auipc	a3,0x1
    80005526:	a9e68693          	addi	a3,a3,-1378 # 80005fc0 <tohost>
    8000552a:	e290                	sd	a2,0(a3)
    while (fromhost == 0);
    8000552c:	669c                	ld	a5,8(a3)
    8000552e:	dffd                	beqz	a5,8000552c <htif_syscall+0x32>
    fromhost = 0;
    80005530:	00001797          	auipc	a5,0x1
    80005534:	a807bc23          	sd	zero,-1384(a5) # 80005fc8 <fromhost>
}

static inline void atomic_clear_release(atomic_t *p)
{
#ifdef __riscv_atomic
    __asm__ __volatile__ (
    80005538:	0a07202f          	amoswap.w.rl	zero,zero,(a4)
static inline void rmb(void) { fence(r, r); }
    8000553c:	0220000f          	fence	r,r
    spin_unlock(&htif_lock);

    rmb();
    return buf[0];
    80005540:	6502                	ld	a0,0(sp)
}
    80005542:	6121                	addi	sp,sp,64
    80005544:	8082                	ret

0000000080005546 <atexit>:
    80005546:	85aa                	mv	a1,a0
    80005548:	4681                	li	a3,0
    8000554a:	4601                	li	a2,0
    8000554c:	4501                	li	a0,0
    8000554e:	a045                	j	800055ee <__register_exitproc>

0000000080005550 <__errno>:
    80005550:	00001517          	auipc	a0,0x1
    80005554:	b2853503          	ld	a0,-1240(a0) # 80006078 <_impure_ptr>
    80005558:	8082                	ret

000000008000555a <__libc_init_array>:
    8000555a:	1101                	addi	sp,sp,-32
    8000555c:	e822                	sd	s0,16(sp)
    8000555e:	e426                	sd	s1,8(sp)
    80005560:	00001417          	auipc	s0,0x1
    80005564:	a4040413          	addi	s0,s0,-1472 # 80005fa0 <__fini_array_end>
    80005568:	00001497          	auipc	s1,0x1
    8000556c:	a3848493          	addi	s1,s1,-1480 # 80005fa0 <__fini_array_end>
    80005570:	8c81                	sub	s1,s1,s0
    80005572:	e04a                	sd	s2,0(sp)
    80005574:	ec06                	sd	ra,24(sp)
    80005576:	848d                	srai	s1,s1,0x3
    80005578:	4901                	li	s2,0
    8000557a:	02991563          	bne	s2,s1,800055a4 <__libc_init_array+0x4a>
    8000557e:	00001417          	auipc	s0,0x1
    80005582:	a2240413          	addi	s0,s0,-1502 # 80005fa0 <__fini_array_end>
    80005586:	00001497          	auipc	s1,0x1
    8000558a:	a1a48493          	addi	s1,s1,-1510 # 80005fa0 <__fini_array_end>
    8000558e:	8c81                	sub	s1,s1,s0
    80005590:	848d                	srai	s1,s1,0x3
    80005592:	4901                	li	s2,0
    80005594:	00991d63          	bne	s2,s1,800055ae <__libc_init_array+0x54>
    80005598:	60e2                	ld	ra,24(sp)
    8000559a:	6442                	ld	s0,16(sp)
    8000559c:	64a2                	ld	s1,8(sp)
    8000559e:	6902                	ld	s2,0(sp)
    800055a0:	6105                	addi	sp,sp,32
    800055a2:	8082                	ret
    800055a4:	601c                	ld	a5,0(s0)
    800055a6:	0905                	addi	s2,s2,1
    800055a8:	0421                	addi	s0,s0,8
    800055aa:	9782                	jalr	a5
    800055ac:	b7f9                	j	8000557a <__libc_init_array+0x20>
    800055ae:	601c                	ld	a5,0(s0)
    800055b0:	0905                	addi	s2,s2,1
    800055b2:	0421                	addi	s0,s0,8
    800055b4:	9782                	jalr	a5
    800055b6:	bff9                	j	80005594 <__libc_init_array+0x3a>

00000000800055b8 <__libc_fini_array>:
    800055b8:	1101                	addi	sp,sp,-32
    800055ba:	e822                	sd	s0,16(sp)
    800055bc:	e426                	sd	s1,8(sp)
    800055be:	00001417          	auipc	s0,0x1
    800055c2:	9e240413          	addi	s0,s0,-1566 # 80005fa0 <__fini_array_end>
    800055c6:	00001497          	auipc	s1,0x1
    800055ca:	9da48493          	addi	s1,s1,-1574 # 80005fa0 <__fini_array_end>
    800055ce:	8c05                	sub	s0,s0,s1
    800055d0:	ec06                	sd	ra,24(sp)
    800055d2:	840d                	srai	s0,s0,0x3
    800055d4:	e411                	bnez	s0,800055e0 <__libc_fini_array+0x28>
    800055d6:	60e2                	ld	ra,24(sp)
    800055d8:	6442                	ld	s0,16(sp)
    800055da:	64a2                	ld	s1,8(sp)
    800055dc:	6105                	addi	sp,sp,32
    800055de:	8082                	ret
    800055e0:	147d                	addi	s0,s0,-1
    800055e2:	00341793          	slli	a5,s0,0x3
    800055e6:	97a6                	add	a5,a5,s1
    800055e8:	639c                	ld	a5,0(a5)
    800055ea:	9782                	jalr	a5
    800055ec:	b7e5                	j	800055d4 <__libc_fini_array+0x1c>

00000000800055ee <__register_exitproc>:
    800055ee:	88aa                	mv	a7,a0
    800055f0:	8c018513          	addi	a0,gp,-1856 # 80006138 <__atexit>
    800055f4:	6118                	ld	a4,0(a0)
    800055f6:	e305                	bnez	a4,80005616 <__register_exitproc+0x28>
    800055f8:	00003797          	auipc	a5,0x3
    800055fc:	d7078793          	addi	a5,a5,-656 # 80008368 <__atexit0>
    80005600:	e11c                	sd	a5,0(a0)
    80005602:	00000713          	li	a4,0
    80005606:	c701                	beqz	a4,8000560e <__register_exitproc+0x20>
    80005608:	6318                	ld	a4,0(a4)
    8000560a:	10e7b823          	sd	a4,272(a5)
    8000560e:	00003717          	auipc	a4,0x3
    80005612:	d5a70713          	addi	a4,a4,-678 # 80008368 <__atexit0>
    80005616:	471c                	lw	a5,8(a4)
    80005618:	487d                	li	a6,31
    8000561a:	557d                	li	a0,-1
    8000561c:	04f84763          	blt	a6,a5,8000566a <__register_exitproc+0x7c>
    80005620:	02088d63          	beqz	a7,8000565a <__register_exitproc+0x6c>
    80005624:	11073803          	ld	a6,272(a4)
    80005628:	04080163          	beqz	a6,8000566a <__register_exitproc+0x7c>
    8000562c:	00379513          	slli	a0,a5,0x3
    80005630:	9542                	add	a0,a0,a6
    80005632:	e110                	sd	a2,0(a0)
    80005634:	20082303          	lw	t1,512(a6)
    80005638:	4605                	li	a2,1
    8000563a:	00f6163b          	sllw	a2,a2,a5
    8000563e:	00c36333          	or	t1,t1,a2
    80005642:	20682023          	sw	t1,512(a6)
    80005646:	10d53023          	sd	a3,256(a0)
    8000564a:	4689                	li	a3,2
    8000564c:	00d89763          	bne	a7,a3,8000565a <__register_exitproc+0x6c>
    80005650:	20482683          	lw	a3,516(a6)
    80005654:	8ed1                	or	a3,a3,a2
    80005656:	20d82223          	sw	a3,516(a6)
    8000565a:	0017869b          	addiw	a3,a5,1
    8000565e:	0789                	addi	a5,a5,2
    80005660:	078e                	slli	a5,a5,0x3
    80005662:	c714                	sw	a3,8(a4)
    80005664:	973e                	add	a4,a4,a5
    80005666:	e30c                	sd	a1,0(a4)
    80005668:	4501                	li	a0,0
    8000566a:	8082                	ret

000000008000566c <__call_exitprocs>:
    8000566c:	711d                	addi	sp,sp,-96
    8000566e:	f852                	sd	s4,48(sp)
    80005670:	f456                	sd	s5,40(sp)
    80005672:	f05a                	sd	s6,32(sp)
    80005674:	ec5e                	sd	s7,24(sp)
    80005676:	ec86                	sd	ra,88(sp)
    80005678:	e8a2                	sd	s0,80(sp)
    8000567a:	e4a6                	sd	s1,72(sp)
    8000567c:	e0ca                	sd	s2,64(sp)
    8000567e:	fc4e                	sd	s3,56(sp)
    80005680:	e862                	sd	s8,16(sp)
    80005682:	e466                	sd	s9,8(sp)
    80005684:	8aaa                	mv	s5,a0
    80005686:	8a2e                	mv	s4,a1
    80005688:	8c018b13          	addi	s6,gp,-1856 # 80006138 <__atexit>
    8000568c:	4b85                	li	s7,1
    8000568e:	000b3483          	ld	s1,0(s6)
    80005692:	cc81                	beqz	s1,800056aa <__call_exitprocs+0x3e>
    80005694:	4480                	lw	s0,8(s1)
    80005696:	1104b983          	ld	s3,272(s1)
    8000569a:	fff4091b          	addiw	s2,s0,-1
    8000569e:	040e                	slli	s0,s0,0x3
    800056a0:	00898cb3          	add	s9,s3,s0
    800056a4:	9426                	add	s0,s0,s1
    800056a6:	00095f63          	bgez	s2,800056c4 <__call_exitprocs+0x58>
    800056aa:	60e6                	ld	ra,88(sp)
    800056ac:	6446                	ld	s0,80(sp)
    800056ae:	64a6                	ld	s1,72(sp)
    800056b0:	6906                	ld	s2,64(sp)
    800056b2:	79e2                	ld	s3,56(sp)
    800056b4:	7a42                	ld	s4,48(sp)
    800056b6:	7aa2                	ld	s5,40(sp)
    800056b8:	7b02                	ld	s6,32(sp)
    800056ba:	6be2                	ld	s7,24(sp)
    800056bc:	6c42                	ld	s8,16(sp)
    800056be:	6ca2                	ld	s9,8(sp)
    800056c0:	6125                	addi	sp,sp,96
    800056c2:	8082                	ret
    800056c4:	000a0c63          	beqz	s4,800056dc <__call_exitprocs+0x70>
    800056c8:	00099663          	bnez	s3,800056d4 <__call_exitprocs+0x68>
    800056cc:	397d                	addiw	s2,s2,-1
    800056ce:	1ce1                	addi	s9,s9,-8
    800056d0:	1461                	addi	s0,s0,-8
    800056d2:	bfd1                	j	800056a6 <__call_exitprocs+0x3a>
    800056d4:	0f8cb783          	ld	a5,248(s9)
    800056d8:	ff479ae3          	bne	a5,s4,800056cc <__call_exitprocs+0x60>
    800056dc:	449c                	lw	a5,8(s1)
    800056de:	6418                	ld	a4,8(s0)
    800056e0:	37fd                	addiw	a5,a5,-1
    800056e2:	03279963          	bne	a5,s2,80005714 <__call_exitprocs+0xa8>
    800056e6:	0124a423          	sw	s2,8(s1)
    800056ea:	d36d                	beqz	a4,800056cc <__call_exitprocs+0x60>
    800056ec:	0084ac03          	lw	s8,8(s1)
    800056f0:	00098963          	beqz	s3,80005702 <__call_exitprocs+0x96>
    800056f4:	2009a783          	lw	a5,512(s3)
    800056f8:	012b96bb          	sllw	a3,s7,s2
    800056fc:	8ff5                	and	a5,a5,a3
    800056fe:	2781                	sext.w	a5,a5
    80005700:	ef89                	bnez	a5,8000571a <__call_exitprocs+0xae>
    80005702:	9702                	jalr	a4
    80005704:	4498                	lw	a4,8(s1)
    80005706:	000b3783          	ld	a5,0(s6)
    8000570a:	f98712e3          	bne	a4,s8,8000568e <__call_exitprocs+0x22>
    8000570e:	faf48fe3          	beq	s1,a5,800056cc <__call_exitprocs+0x60>
    80005712:	bfb5                	j	8000568e <__call_exitprocs+0x22>
    80005714:	00043423          	sd	zero,8(s0)
    80005718:	bfc9                	j	800056ea <__call_exitprocs+0x7e>
    8000571a:	2049a783          	lw	a5,516(s3)
    8000571e:	ff8cb583          	ld	a1,-8(s9)
    80005722:	8ff5                	and	a5,a5,a3
    80005724:	2781                	sext.w	a5,a5
    80005726:	e781                	bnez	a5,8000572e <__call_exitprocs+0xc2>
    80005728:	8556                	mv	a0,s5
    8000572a:	9702                	jalr	a4
    8000572c:	bfe1                	j	80005704 <__call_exitprocs+0x98>
    8000572e:	852e                	mv	a0,a1
    80005730:	9702                	jalr	a4
    80005732:	bfc9                	j	80005704 <__call_exitprocs+0x98>
