
/home/wtl/Voyager/tapeout-Voyager/software/embench/build_meek/sglib-combined.riscv:     file format elf64-littleriscv


Disassembly of section .text:

0000000080000000 <_start>:
    .global _start
    .type _start, @function
_start:
    .cfi_startproc

    li x1, 0
    80000000:	4081                	li	ra,0
    li x2, 0
    80000002:	4101                	li	sp,0
    li x3, 0
    80000004:	4181                	li	gp,0
    li x4, 0
    80000006:	4201                	li	tp,0
    li x5, 0
    80000008:	4281                	li	t0,0
    li x6, 0
    8000000a:	4301                	li	t1,0
    li x7, 0
    8000000c:	4381                	li	t2,0
    li x8, 0
    8000000e:	4401                	li	s0,0
    li x9, 0
    80000010:	4481                	li	s1,0
    li x10, 0
    80000012:	4501                	li	a0,0
    li x11, 0
    80000014:	4581                	li	a1,0
    li x12, 0
    80000016:	4601                	li	a2,0
    li x13, 0
    80000018:	4681                	li	a3,0
    li x14, 0
    8000001a:	4701                	li	a4,0
    li x15, 0
    8000001c:	4781                	li	a5,0
    li x16, 0
    8000001e:	4801                	li	a6,0
    li x17, 0
    80000020:	4881                	li	a7,0
    li x18, 0
    80000022:	4901                	li	s2,0
    li x19, 0
    80000024:	4981                	li	s3,0
    li x20, 0
    80000026:	4a01                	li	s4,0
    li x21, 0
    80000028:	4a81                	li	s5,0
    li x22, 0
    8000002a:	4b01                	li	s6,0
    li x23, 0
    8000002c:	4b81                	li	s7,0
    li x24, 0
    8000002e:	4c01                	li	s8,0
    li x25, 0
    80000030:	4c81                	li	s9,0
    li x26, 0
    80000032:	4d01                	li	s10,0
    li x27, 0
    80000034:	4d81                	li	s11,0
    li x28, 0
    80000036:	4e01                	li	t3,0
    li x29, 0
    80000038:	4e81                	li	t4,0
    li x30, 0
    8000003a:	4f01                	li	t5,0
    li x31, 0
    8000003c:	4f81                	li	t6,0

    li t0, (MSTATUS_FS | MSTATUS_XS | MSTATUS_VS)
    8000003e:	62f9                	lui	t0,0x1e
    80000040:	6002829b          	addiw	t0,t0,1536 # 1e600 <__stack_size+0x16600>
    csrs mstatus, t0
    80000044:	3002a073          	csrs	mstatus,t0

#ifdef __riscv_flen
    /* Initialize FPU if present */
    la t0, 1f
    80000048:	00000297          	auipc	t0,0x0
    8000004c:	09028293          	addi	t0,t0,144 # 800000d8 <_start+0xd8>
    csrw mtvec, t0
    80000050:	30529073          	csrw	mtvec,t0

    fscsr zero
    80000054:	00301073          	fscsr	zero
    fmv.s.x f0,  zero
    80000058:	f0000053          	fmv.w.x	ft0,zero
    fmv.s.x f1,  zero
    8000005c:	f00000d3          	fmv.w.x	ft1,zero
    fmv.s.x f2,  zero
    80000060:	f0000153          	fmv.w.x	ft2,zero
    fmv.s.x f3,  zero
    80000064:	f00001d3          	fmv.w.x	ft3,zero
    fmv.s.x f4,  zero
    80000068:	f0000253          	fmv.w.x	ft4,zero
    fmv.s.x f5,  zero
    8000006c:	f00002d3          	fmv.w.x	ft5,zero
    fmv.s.x f6,  zero
    80000070:	f0000353          	fmv.w.x	ft6,zero
    fmv.s.x f7,  zero
    80000074:	f00003d3          	fmv.w.x	ft7,zero
    fmv.s.x f8,  zero
    80000078:	f0000453          	fmv.w.x	fs0,zero
    fmv.s.x f9,  zero
    8000007c:	f00004d3          	fmv.w.x	fs1,zero
    fmv.s.x f10, zero
    80000080:	f0000553          	fmv.w.x	fa0,zero
    fmv.s.x f11, zero
    80000084:	f00005d3          	fmv.w.x	fa1,zero
    fmv.s.x f12, zero
    80000088:	f0000653          	fmv.w.x	fa2,zero
    fmv.s.x f13, zero
    8000008c:	f00006d3          	fmv.w.x	fa3,zero
    fmv.s.x f14, zero
    80000090:	f0000753          	fmv.w.x	fa4,zero
    fmv.s.x f15, zero
    80000094:	f00007d3          	fmv.w.x	fa5,zero
    fmv.s.x f16, zero
    80000098:	f0000853          	fmv.w.x	fa6,zero
    fmv.s.x f17, zero
    8000009c:	f00008d3          	fmv.w.x	fa7,zero
    fmv.s.x f18, zero
    800000a0:	f0000953          	fmv.w.x	fs2,zero
    fmv.s.x f19, zero
    800000a4:	f00009d3          	fmv.w.x	fs3,zero
    fmv.s.x f20, zero
    800000a8:	f0000a53          	fmv.w.x	fs4,zero
    fmv.s.x f21, zero
    800000ac:	f0000ad3          	fmv.w.x	fs5,zero
    fmv.s.x f22, zero
    800000b0:	f0000b53          	fmv.w.x	fs6,zero
    fmv.s.x f23, zero
    800000b4:	f0000bd3          	fmv.w.x	fs7,zero
    fmv.s.x f24, zero
    800000b8:	f0000c53          	fmv.w.x	fs8,zero
    fmv.s.x f25, zero
    800000bc:	f0000cd3          	fmv.w.x	fs9,zero
    fmv.s.x f26, zero
    800000c0:	f0000d53          	fmv.w.x	fs10,zero
    fmv.s.x f27, zero
    800000c4:	f0000dd3          	fmv.w.x	fs11,zero
    fmv.s.x f28, zero
    800000c8:	f0000e53          	fmv.w.x	ft8,zero
    fmv.s.x f29, zero
    800000cc:	f0000ed3          	fmv.w.x	ft9,zero
    fmv.s.x f30, zero
    800000d0:	f0000f53          	fmv.w.x	ft10,zero
    fmv.s.x f31, zero
    800000d4:	f0000fd3          	fmv.w.x	ft11,zero

    /* Initialize global pointer; disable relaxation to avoid relaxing
       the address calculation to "addi gp, gp, 0" */
    .option push
    .option norelax
    la gp, __global_pointer$
    800000d8:	00006197          	auipc	gp,0x6
    800000dc:	d2018193          	addi	gp,gp,-736 # 80005df8 <__global_pointer$>
    .option pop

    /* Initialize thread pointer */
    csrr s0, mhartid
    800000e0:	f1402473          	csrr	s0,mhartid
    lui t0, %hi(__stack_shift)
    addi t0, t0, %lo(__stack_shift)
    800000e4:	00f00293          	li	t0,15
    la tp, __stack_start
    800000e8:	00028217          	auipc	tp,0x28
    800000ec:	f1820213          	addi	tp,tp,-232 # 80028000 <__heap_end>
    sll t0, s0, t0
    800000f0:	005412b3          	sll	t0,s0,t0
    add tp, tp, t0
    800000f4:	9216                	add	tp,tp,t0

    /* Initialize stack pointer */
    lui t0, %hi(__stack_size)
    800000f6:	62a1                	lui	t0,0x8
    addi t0, t0, %lo(__stack_size)
    800000f8:	00028293          	mv	t0,t0
    add sp, tp, t0
    800000fc:	00520133          	add	sp,tp,t0

    /* Initialize trap vector */
    la t0, trap_entry
    80000100:	00000297          	auipc	t0,0x0
    80000104:	04828293          	addi	t0,t0,72 # 80000148 <trap_entry>
    csrw mtvec, t0
    80000108:	30529073          	csrw	mtvec,t0

    /* Initialize TLS */
    call __init_tls
    8000010c:	429040ef          	jal	80004d34 <__init_tls>

    /* Skip global initialization if not the designated boot hart */
    la t0, __boot_hart
    80000110:	00000293          	li	t0,0
    bne s0, t0, _start_secondary
    80000114:	00540463          	beq	s0,t0,8000011c <_start+0x11c>
    80000118:	0fe0006f          	j	80000216 <_start_secondary>

    /* Zero BSS segment */
    la t0, __bss_start
    8000011c:	82818293          	addi	t0,gp,-2008 # 80005620 <uart_lock>
    la t1, __bss_end
    80000120:	00008317          	auipc	t1,0x8
    80000124:	ae030313          	addi	t1,t1,-1312 # 80007c00 <_end>
    bgeu t0, t1, 2f
    80000128:	0062f763          	bgeu	t0,t1,80000136 <_start+0x136>
1:
    SREG zero, (t0)
    8000012c:	0002b023          	sd	zero,0(t0)
    addi t0, t0, REGBYTES
    80000130:	02a1                	addi	t0,t0,8
    bltu t0, t1, 1b
    80000132:	fe62ede3          	bltu	t0,t1,8000012c <_start+0x12c>
2:

    /* Call global constructors */
    la a0, __libc_fini_array
    80000136:	00005517          	auipc	a0,0x5
    8000013a:	cec50513          	addi	a0,a0,-788 # 80004e22 <__libc_fini_array>
    call atexit
    8000013e:	473040ef          	jal	80004db0 <atexit>
    call __libc_init_array
    80000142:	483040ef          	jal	80004dc4 <__libc_init_array>

    /* Call main function */
    tail _start_main
    80000146:	a075                	j	800001f2 <_start_main>

0000000080000148 <trap_entry>:
    .cfi_endproc


    .align 2
trap_entry:
    csrw mscratch, sp
    80000148:	34011073          	csrw	mscratch,sp
    addi sp, sp, -(32*REGBYTES)
    8000014c:	7111                	addi	sp,sp,-256

    /* Save trap frame */
    SREG x1, 1*REGBYTES(sp)
    8000014e:	e406                	sd	ra,8(sp)
    csrr x1, mscratch
    80000150:	340020f3          	csrr	ra,mscratch
    SREG x1, 2*REGBYTES(sp)
    80000154:	e806                	sd	ra,16(sp)
    SREG x3, 3*REGBYTES(sp)
    80000156:	ec0e                	sd	gp,24(sp)
    SREG x4, 4*REGBYTES(sp)
    80000158:	f012                	sd	tp,32(sp)
    SREG x5, 5*REGBYTES(sp)
    8000015a:	f416                	sd	t0,40(sp)
    SREG x6, 6*REGBYTES(sp)
    8000015c:	f81a                	sd	t1,48(sp)
    SREG x7, 7*REGBYTES(sp)
    8000015e:	fc1e                	sd	t2,56(sp)
    SREG x8, 8*REGBYTES(sp)
    80000160:	e0a2                	sd	s0,64(sp)
    SREG x9, 9*REGBYTES(sp)
    80000162:	e4a6                	sd	s1,72(sp)
    SREG x10, 10*REGBYTES(sp)
    80000164:	e8aa                	sd	a0,80(sp)
    SREG x11, 11*REGBYTES(sp)
    80000166:	ecae                	sd	a1,88(sp)
    SREG x12, 12*REGBYTES(sp)
    80000168:	f0b2                	sd	a2,96(sp)
    SREG x13, 13*REGBYTES(sp)
    8000016a:	f4b6                	sd	a3,104(sp)
    SREG x14, 14*REGBYTES(sp)
    8000016c:	f8ba                	sd	a4,112(sp)
    SREG x15, 15*REGBYTES(sp)
    8000016e:	fcbe                	sd	a5,120(sp)
    SREG x16, 16*REGBYTES(sp)
    80000170:	e142                	sd	a6,128(sp)
    SREG x17, 17*REGBYTES(sp)
    80000172:	e546                	sd	a7,136(sp)
    SREG x18, 18*REGBYTES(sp)
    80000174:	e94a                	sd	s2,144(sp)
    SREG x19, 19*REGBYTES(sp)
    80000176:	ed4e                	sd	s3,152(sp)
    SREG x20, 20*REGBYTES(sp)
    80000178:	f152                	sd	s4,160(sp)
    SREG x21, 21*REGBYTES(sp)
    8000017a:	f556                	sd	s5,168(sp)
    SREG x22, 22*REGBYTES(sp)
    8000017c:	f95a                	sd	s6,176(sp)
    SREG x23, 23*REGBYTES(sp)
    8000017e:	fd5e                	sd	s7,184(sp)
    SREG x24, 24*REGBYTES(sp)
    80000180:	e1e2                	sd	s8,192(sp)
    SREG x25, 25*REGBYTES(sp)
    80000182:	e5e6                	sd	s9,200(sp)
    SREG x26, 26*REGBYTES(sp)
    80000184:	e9ea                	sd	s10,208(sp)
    SREG x27, 27*REGBYTES(sp)
    80000186:	edee                	sd	s11,216(sp)
    SREG x28, 28*REGBYTES(sp)
    80000188:	f1f2                	sd	t3,224(sp)
    SREG x29, 29*REGBYTES(sp)
    8000018a:	f5f6                	sd	t4,232(sp)
    SREG x30, 30*REGBYTES(sp)
    8000018c:	f9fa                	sd	t5,240(sp)
    SREG x31, 31*REGBYTES(sp)
    8000018e:	fdfe                	sd	t6,248(sp)

    /* Invoke higher-level trap handler */
    csrr a0, mepc
    80000190:	34102573          	csrr	a0,mepc
    csrr a1, mcause
    80000194:	342025f3          	csrr	a1,mcause
    csrr a2, mtval
    80000198:	34302673          	csrr	a2,mtval
    mv a3, sp
    8000019c:	868a                	mv	a3,sp
    call handle_trap
    8000019e:	14a000ef          	jal	800002e8 <handle_trap>
    csrw mepc, a0
    800001a2:	34151073          	csrw	mepc,a0

    /* Remain in M-mode after return */
    li t0, MSTATUS_MPP
    800001a6:	6289                	lui	t0,0x2
    800001a8:	8002829b          	addiw	t0,t0,-2048 # 1800 <__stack_align+0x17f0>
    csrs mstatus, t0
    800001ac:	3002a073          	csrs	mstatus,t0

    LREG x1, 1*REGBYTES(sp)
    800001b0:	60a2                	ld	ra,8(sp)
    LREG x3, 3*REGBYTES(sp)
    800001b2:	61e2                	ld	gp,24(sp)
    LREG x4, 4*REGBYTES(sp)
    800001b4:	7202                	ld	tp,32(sp)
    LREG x5, 5*REGBYTES(sp)
    800001b6:	72a2                	ld	t0,40(sp)
    LREG x6, 6*REGBYTES(sp)
    800001b8:	7342                	ld	t1,48(sp)
    LREG x7, 7*REGBYTES(sp)
    800001ba:	73e2                	ld	t2,56(sp)
    LREG x8, 8*REGBYTES(sp)
    800001bc:	6406                	ld	s0,64(sp)
    LREG x9, 9*REGBYTES(sp)
    800001be:	64a6                	ld	s1,72(sp)
    LREG x10, 10*REGBYTES(sp)
    800001c0:	6546                	ld	a0,80(sp)
    LREG x11, 11*REGBYTES(sp)
    800001c2:	65e6                	ld	a1,88(sp)
    LREG x12, 12*REGBYTES(sp)
    800001c4:	7606                	ld	a2,96(sp)
    LREG x13, 13*REGBYTES(sp)
    800001c6:	76a6                	ld	a3,104(sp)
    LREG x14, 14*REGBYTES(sp)
    800001c8:	7746                	ld	a4,112(sp)
    LREG x15, 15*REGBYTES(sp)
    800001ca:	77e6                	ld	a5,120(sp)
    LREG x16, 16*REGBYTES(sp)
    800001cc:	680a                	ld	a6,128(sp)
    LREG x17, 17*REGBYTES(sp)
    800001ce:	68aa                	ld	a7,136(sp)
    LREG x18, 18*REGBYTES(sp)
    800001d0:	694a                	ld	s2,144(sp)
    LREG x19, 19*REGBYTES(sp)
    800001d2:	69ea                	ld	s3,152(sp)
    LREG x20, 20*REGBYTES(sp)
    800001d4:	7a0a                	ld	s4,160(sp)
    LREG x21, 21*REGBYTES(sp)
    800001d6:	7aaa                	ld	s5,168(sp)
    LREG x22, 22*REGBYTES(sp)
    800001d8:	7b4a                	ld	s6,176(sp)
    LREG x23, 23*REGBYTES(sp)
    800001da:	7bea                	ld	s7,184(sp)
    LREG x24, 24*REGBYTES(sp)
    800001dc:	6c0e                	ld	s8,192(sp)
    LREG x25, 25*REGBYTES(sp)
    800001de:	6cae                	ld	s9,200(sp)
    LREG x26, 26*REGBYTES(sp)
    800001e0:	6d4e                	ld	s10,208(sp)
    LREG x27, 27*REGBYTES(sp)
    800001e2:	6dee                	ld	s11,216(sp)
    LREG x28, 28*REGBYTES(sp)
    800001e4:	7e0e                	ld	t3,224(sp)
    LREG x29, 29*REGBYTES(sp)
    800001e6:	7eae                	ld	t4,232(sp)
    LREG x30, 30*REGBYTES(sp)
    800001e8:	7f4e                	ld	t5,240(sp)
    LREG x31, 31*REGBYTES(sp)
    800001ea:	7fee                	ld	t6,248(sp)
    /* Restore sp last */
    LREG x2, 2*REGBYTES(sp)
    800001ec:	6142                	ld	sp,16(sp)

    mret
    800001ee:	30200073          	mret

00000000800001f2 <_start_main>:
    .endm

    .global _start_main
    .type _start_main, @function
_start_main:
    BARRIER_PASS __boot_sync
    800001f2:	52fd                	li	t0,-1
    800001f4:	0110000f          	fence	w,w
    800001f8:	00008317          	auipc	t1,0x8
    800001fc:	8e532423          	sw	t0,-1816(t1) # 80007ae0 <__boot_sync>
    ENTER main
    80000200:	4505                	li	a0,1
    80000202:	00005597          	auipc	a1,0x5
    80000206:	2d658593          	addi	a1,a1,726 # 800054d8 <argv>
    8000020a:	8101b603          	ld	a2,-2032(gp) # 80005608 <environ>
    8000020e:	02e000ef          	jal	8000023c <main>
    80000212:	1940306f          	j	800033a6 <exit>

0000000080000216 <_start_secondary>:

    .global _start_secondary
    .type _start_secondary, @function
_start_secondary:
    /* Synchronize secondary harts */
    BARRIER_WAIT __boot_sync
    80000216:	00008317          	auipc	t1,0x8
    8000021a:	8ca32283          	lw	t0,-1846(t1) # 80007ae0 <__boot_sync>
    8000021e:	fe028ee3          	beqz	t0,8000021a <_start_secondary+0x4>
    80000222:	0220000f          	fence	r,r
    ENTER __main
    80000226:	4505                	li	a0,1
    80000228:	00005597          	auipc	a1,0x5
    8000022c:	2b058593          	addi	a1,a1,688 # 800054d8 <argv>
    80000230:	8101b603          	ld	a2,-2032(gp) # 80005608 <environ>
    80000234:	710000ef          	jal	80000944 <__main>
    80000238:	16e0306f          	j	800033a6 <exit>

000000008000023c <main>:
    8000023c:	fe010113          	addi	sp,sp,-32
    80000240:	00113c23          	sd	ra,24(sp)
    80000244:	15d000ef          	jal	80000ba0 <initialise_board>
    80000248:	104030ef          	jal	8000334c <initialise_benchmark>
    8000024c:	00100513          	li	a0,1
    80000250:	100030ef          	jal	80003350 <warm_caches>
    80000254:	2d0000ef          	jal	80000524 <rStartup>
    80000258:	151000ef          	jal	80000ba8 <start_trigger>
    8000025c:	0f8030ef          	jal	80003354 <benchmark>
    80000260:	00a12623          	sw	a0,12(sp)
    80000264:	14d000ef          	jal	80000bb0 <stop_trigger>
    80000268:	698000ef          	jal	80000900 <rCleanup>
    8000026c:	00c12503          	lw	a0,12(sp)
    80000270:	7fd020ef          	jal	8000326c <verify_benchmark>
    80000274:	01813083          	ld	ra,24(sp)
    80000278:	00153513          	seqz	a0,a0
    8000027c:	02010113          	addi	sp,sp,32
    80000280:	00008067          	ret

0000000080000284 <mtimecmp_cfg>:
    80000284:	f1402873          	csrr	a6,mhartid
    80000288:	004017b7          	lui	a5,0x401
    8000028c:	80078793          	addi	a5,a5,-2048 # 400800 <__heap_size+0x3e0800>
    80000290:	00f80833          	add	a6,a6,a5
    80000294:	0200c6b7          	lui	a3,0x200c
    80000298:	0200c537          	lui	a0,0x200c
    8000029c:	00381813          	slli	a6,a6,0x3
    800002a0:	ffc68693          	addi	a3,a3,-4 # 200bffc <__heap_size+0x1febffc>
    800002a4:	ff850513          	addi	a0,a0,-8 # 200bff8 <__heap_size+0x1febff8>
    800002a8:	0006a703          	lw	a4,0(a3)
    800002ac:	00052783          	lw	a5,0(a0)
    800002b0:	0006a583          	lw	a1,0(a3)
    800002b4:	0007061b          	sext.w	a2,a4
    800002b8:	0007879b          	sext.w	a5,a5
    800002bc:	feb716e3          	bne	a4,a1,800002a8 <mtimecmp_cfg+0x24>
    800002c0:	02079793          	slli	a5,a5,0x20
    800002c4:	0207d793          	srli	a5,a5,0x20
    800002c8:	02061613          	slli	a2,a2,0x20
    800002cc:	00f66633          	or	a2,a2,a5
    800002d0:	02060613          	addi	a2,a2,32
    800002d4:	0006079b          	sext.w	a5,a2
    800002d8:	00f82023          	sw	a5,0(a6)
    800002dc:	42065613          	srai	a2,a2,0x20
    800002e0:	00c82223          	sw	a2,4(a6)
    800002e4:	00008067          	ret

00000000800002e8 <handle_trap>:
    800002e8:	f14027f3          	csrr	a5,mhartid
    800002ec:	0805dc63          	bgez	a1,80000384 <handle_trap+0x9c>
    800002f0:	34402773          	csrr	a4,mip
    800002f4:	00877713          	andi	a4,a4,8
    800002f8:	00070c63          	beqz	a4,80000310 <handle_trap+0x28>
    800002fc:	00800737          	lui	a4,0x800
    80000300:	00e787b3          	add	a5,a5,a4
    80000304:	00279793          	slli	a5,a5,0x2
    80000308:	0007a023          	sw	zero,0(a5)
    8000030c:	00008067          	ret
    80000310:	34402773          	csrr	a4,mip
    80000314:	08077713          	andi	a4,a4,128
    80000318:	06070a63          	beqz	a4,8000038c <handle_trap+0xa4>
    8000031c:	06079e63          	bnez	a5,80000398 <handle_trap+0xb0>
    80000320:	8901a783          	lw	a5,-1904(gp) # 80005688 <timer_flags>
    80000324:	89018713          	addi	a4,gp,-1904 # 80005688 <timer_flags>
    80000328:	0017879b          	addiw	a5,a5,1
    8000032c:	00f72023          	sw	a5,0(a4) # 800000 <__heap_size+0x7e0000>
    80000330:	00072683          	lw	a3,0(a4)
    80000334:	03100793          	li	a5,49
    80000338:	0cd7ce63          	blt	a5,a3,80000414 <handle_trap+0x12c>
    8000033c:	0200c6b7          	lui	a3,0x200c
    80000340:	0200c837          	lui	a6,0x200c
    80000344:	ffc68693          	addi	a3,a3,-4 # 200bffc <__heap_size+0x1febffc>
    80000348:	ff880813          	addi	a6,a6,-8 # 200bff8 <__heap_size+0x1febff8>
    8000034c:	0006a703          	lw	a4,0(a3)
    80000350:	00082783          	lw	a5,0(a6)
    80000354:	0006a603          	lw	a2,0(a3)
    80000358:	0007059b          	sext.w	a1,a4
    8000035c:	0007879b          	sext.w	a5,a5
    80000360:	fec716e3          	bne	a4,a2,8000034c <handle_trap+0x64>
    80000364:	02079793          	slli	a5,a5,0x20
    80000368:	02059593          	slli	a1,a1,0x20
    8000036c:	0207d793          	srli	a5,a5,0x20
    80000370:	00f5e7b3          	or	a5,a1,a5
    80000374:	02078793          	addi	a5,a5,32
    80000378:	02004737          	lui	a4,0x2004
    8000037c:	00f73023          	sd	a5,0(a4) # 2004000 <__heap_size+0x1fe4000>
    80000380:	00008067          	ret
    80000384:	00b00793          	li	a5,11
    80000388:	00f58463          	beq	a1,a5,80000390 <handle_trap+0xa8>
    8000038c:	00008067          	ret
    80000390:	00450513          	addi	a0,a0,4
    80000394:	00008067          	ret
    80000398:	00100713          	li	a4,1
    8000039c:	08e78e63          	beq	a5,a4,80000438 <handle_trap+0x150>
    800003a0:	00200713          	li	a4,2
    800003a4:	0ee78c63          	beq	a5,a4,8000049c <handle_trap+0x1b4>
    800003a8:	00300713          	li	a4,3
    800003ac:	fee790e3          	bne	a5,a4,8000038c <handle_trap+0xa4>
    800003b0:	89c1a783          	lw	a5,-1892(gp) # 80005694 <timer_flags+0xc>
    800003b4:	89018713          	addi	a4,gp,-1904 # 80005688 <timer_flags>
    800003b8:	0017879b          	addiw	a5,a5,1
    800003bc:	00f72623          	sw	a5,12(a4)
    800003c0:	00c72683          	lw	a3,12(a4)
    800003c4:	03100793          	li	a5,49
    800003c8:	14d7c863          	blt	a5,a3,80000518 <handle_trap+0x230>
    800003cc:	0200c6b7          	lui	a3,0x200c
    800003d0:	0200c837          	lui	a6,0x200c
    800003d4:	ffc68693          	addi	a3,a3,-4 # 200bffc <__heap_size+0x1febffc>
    800003d8:	ff880813          	addi	a6,a6,-8 # 200bff8 <__heap_size+0x1febff8>
    800003dc:	0006a703          	lw	a4,0(a3)
    800003e0:	00082783          	lw	a5,0(a6)
    800003e4:	0006a603          	lw	a2,0(a3)
    800003e8:	0007059b          	sext.w	a1,a4
    800003ec:	0007879b          	sext.w	a5,a5
    800003f0:	fec716e3          	bne	a4,a2,800003dc <handle_trap+0xf4>
    800003f4:	02079793          	slli	a5,a5,0x20
    800003f8:	02059593          	slli	a1,a1,0x20
    800003fc:	0207d793          	srli	a5,a5,0x20
    80000400:	00f5e7b3          	or	a5,a1,a5
    80000404:	02004737          	lui	a4,0x2004
    80000408:	02078793          	addi	a5,a5,32
    8000040c:	00f73c23          	sd	a5,24(a4) # 2004018 <__heap_size+0x1fe4018>
    80000410:	00008067          	ret
    80000414:	00072703          	lw	a4,0(a4)
    80000418:	f6e7dae3          	bge	a5,a4,8000038c <handle_trap+0xa4>
    8000041c:	304027f3          	csrr	a5,mie
    80000420:	f7f7f793          	andi	a5,a5,-129
    80000424:	30479073          	csrw	mie,a5
    80000428:	300027f3          	csrr	a5,mstatus
    8000042c:	ff77f793          	andi	a5,a5,-9
    80000430:	30079073          	csrw	mstatus,a5
    80000434:	00008067          	ret
    80000438:	8941a783          	lw	a5,-1900(gp) # 8000568c <timer_flags+0x4>
    8000043c:	89018713          	addi	a4,gp,-1904 # 80005688 <timer_flags>
    80000440:	0017879b          	addiw	a5,a5,1
    80000444:	00f72223          	sw	a5,4(a4)
    80000448:	00472683          	lw	a3,4(a4)
    8000044c:	03100793          	li	a5,49
    80000450:	0ad7c863          	blt	a5,a3,80000500 <handle_trap+0x218>
    80000454:	0200c6b7          	lui	a3,0x200c
    80000458:	0200c837          	lui	a6,0x200c
    8000045c:	ffc68693          	addi	a3,a3,-4 # 200bffc <__heap_size+0x1febffc>
    80000460:	ff880813          	addi	a6,a6,-8 # 200bff8 <__heap_size+0x1febff8>
    80000464:	0006a703          	lw	a4,0(a3)
    80000468:	00082783          	lw	a5,0(a6)
    8000046c:	0006a603          	lw	a2,0(a3)
    80000470:	0007059b          	sext.w	a1,a4
    80000474:	0007879b          	sext.w	a5,a5
    80000478:	fec716e3          	bne	a4,a2,80000464 <handle_trap+0x17c>
    8000047c:	02079793          	slli	a5,a5,0x20
    80000480:	02059593          	slli	a1,a1,0x20
    80000484:	0207d793          	srli	a5,a5,0x20
    80000488:	00f5e7b3          	or	a5,a1,a5
    8000048c:	02004737          	lui	a4,0x2004
    80000490:	02078793          	addi	a5,a5,32
    80000494:	00f73423          	sd	a5,8(a4) # 2004008 <__heap_size+0x1fe4008>
    80000498:	00008067          	ret
    8000049c:	8981a783          	lw	a5,-1896(gp) # 80005690 <timer_flags+0x8>
    800004a0:	89018713          	addi	a4,gp,-1904 # 80005688 <timer_flags>
    800004a4:	0017879b          	addiw	a5,a5,1
    800004a8:	00f72423          	sw	a5,8(a4)
    800004ac:	00872683          	lw	a3,8(a4)
    800004b0:	03100793          	li	a5,49
    800004b4:	04d7cc63          	blt	a5,a3,8000050c <handle_trap+0x224>
    800004b8:	0200c6b7          	lui	a3,0x200c
    800004bc:	0200c837          	lui	a6,0x200c
    800004c0:	ffc68693          	addi	a3,a3,-4 # 200bffc <__heap_size+0x1febffc>
    800004c4:	ff880813          	addi	a6,a6,-8 # 200bff8 <__heap_size+0x1febff8>
    800004c8:	0006a703          	lw	a4,0(a3)
    800004cc:	00082783          	lw	a5,0(a6)
    800004d0:	0006a603          	lw	a2,0(a3)
    800004d4:	0007059b          	sext.w	a1,a4
    800004d8:	0007879b          	sext.w	a5,a5
    800004dc:	fec716e3          	bne	a4,a2,800004c8 <handle_trap+0x1e0>
    800004e0:	02079793          	slli	a5,a5,0x20
    800004e4:	02059593          	slli	a1,a1,0x20
    800004e8:	0207d793          	srli	a5,a5,0x20
    800004ec:	00f5e7b3          	or	a5,a1,a5
    800004f0:	02004737          	lui	a4,0x2004
    800004f4:	02078793          	addi	a5,a5,32
    800004f8:	00f73823          	sd	a5,16(a4) # 2004010 <__heap_size+0x1fe4010>
    800004fc:	00008067          	ret
    80000500:	00472703          	lw	a4,4(a4)
    80000504:	e8e7d4e3          	bge	a5,a4,8000038c <handle_trap+0xa4>
    80000508:	f15ff06f          	j	8000041c <handle_trap+0x134>
    8000050c:	00872703          	lw	a4,8(a4)
    80000510:	e6e7dee3          	bge	a5,a4,8000038c <handle_trap+0xa4>
    80000514:	f09ff06f          	j	8000041c <handle_trap+0x134>
    80000518:	00c72703          	lw	a4,12(a4)
    8000051c:	e6e7d8e3          	bge	a5,a4,8000038c <handle_trap+0xa4>
    80000520:	efdff06f          	j	8000041c <handle_trap+0x134>

0000000080000524 <rStartup>:
    80000524:	ff010113          	addi	sp,sp,-16
    80000528:	00113423          	sd	ra,8(sp)
    8000052c:	00813023          	sd	s0,0(sp)
    80000530:	00400593          	li	a1,4
    80000534:	3805a02b          	.word	0x3805a02b
    80000538:	006405b7          	lui	a1,0x640
    8000053c:	01258593          	addi	a1,a1,18 # 640012 <__heap_size+0x620012>
    80000540:	00200613          	li	a2,2
    80000544:	0cc5b02b          	.word	0x0cc5b02b
    80000548:	106405b7          	lui	a1,0x10640
    8000054c:	01258593          	addi	a1,a1,18 # 10640012 <__heap_size+0x10620012>
    80000550:	0cc5b02b          	.word	0x0cc5b02b
    80000554:	206405b7          	lui	a1,0x20640
    80000558:	01258593          	addi	a1,a1,18 # 20640012 <__heap_size+0x20620012>
    8000055c:	0cc5b02b          	.word	0x0cc5b02b
    80000560:	306405b7          	lui	a1,0x30640
    80000564:	01258593          	addi	a1,a1,18 # 30640012 <__heap_size+0x30620012>
    80000568:	0cc5b02b          	.word	0x0cc5b02b
    8000056c:	406405b7          	lui	a1,0x40640
    80000570:	01258593          	addi	a1,a1,18 # 40640012 <__heap_size+0x40620012>
    80000574:	0cc5b02b          	.word	0x0cc5b02b
    80000578:	506405b7          	lui	a1,0x50640
    8000057c:	01258593          	addi	a1,a1,18 # 50640012 <__heap_size+0x50620012>
    80000580:	0cc5b02b          	.word	0x0cc5b02b
    80000584:	606405b7          	lui	a1,0x60640
    80000588:	01258593          	addi	a1,a1,18 # 60640012 <__heap_size+0x60620012>
    8000058c:	0cc5b02b          	.word	0x0cc5b02b
    80000590:	20e405b7          	lui	a1,0x20e40
    80000594:	01258593          	addi	a1,a1,18 # 20e40012 <__heap_size+0x20e20012>
    80000598:	0cc5b02b          	.word	0x0cc5b02b
    8000059c:	30e405b7          	lui	a1,0x30e40
    800005a0:	01258593          	addi	a1,a1,18 # 30e40012 <__heap_size+0x30e20012>
    800005a4:	0cc5b02b          	.word	0x0cc5b02b
    800005a8:	40e405b7          	lui	a1,0x40e40
    800005ac:	01258593          	addi	a1,a1,18 # 40e40012 <__heap_size+0x40e20012>
    800005b0:	0cc5b02b          	.word	0x0cc5b02b
    800005b4:	02001737          	lui	a4,0x2001
    800005b8:	00671713          	slli	a4,a4,0x6
    800005bc:	00100693          	li	a3,1
    800005c0:	200007b7          	lui	a5,0x20000
    800005c4:	01270713          	addi	a4,a4,18 # 2001012 <__heap_size+0x1fe1012>
    800005c8:	10000537          	lui	a0,0x10000
    800005cc:	01f69693          	slli	a3,a3,0x1f
    800005d0:	00e7e5b3          	or	a1,a5,a4
    800005d4:	00200613          	li	a2,2
    800005d8:	0cc5b02b          	.word	0x0cc5b02b
    800005dc:	00a787b3          	add	a5,a5,a0
    800005e0:	fed798e3          	bne	a5,a3,800005d0 <rStartup+0xac>
    800005e4:	02011737          	lui	a4,0x2011
    800005e8:	00671713          	slli	a4,a4,0x6
    800005ec:	00100693          	li	a3,1
    800005f0:	200007b7          	lui	a5,0x20000
    800005f4:	01270713          	addi	a4,a4,18 # 2011012 <__heap_size+0x1ff1012>
    800005f8:	10000537          	lui	a0,0x10000
    800005fc:	01f69693          	slli	a3,a3,0x1f
    80000600:	00e7e5b3          	or	a1,a5,a4
    80000604:	00200613          	li	a2,2
    80000608:	0cc5b02b          	.word	0x0cc5b02b
    8000060c:	00a787b3          	add	a5,a5,a0
    80000610:	fed798e3          	bne	a5,a3,80000600 <rStartup+0xdc>
    80000614:	046605b7          	lui	a1,0x4660
    80000618:	02258593          	addi	a1,a1,34 # 4660022 <__heap_size+0x4640022>
    8000061c:	0cc5b02b          	.word	0x0cc5b02b
    80000620:	146605b7          	lui	a1,0x14660
    80000624:	02258593          	addi	a1,a1,34 # 14660022 <__heap_size+0x14640022>
    80000628:	0cc5b02b          	.word	0x0cc5b02b
    8000062c:	246605b7          	lui	a1,0x24660
    80000630:	02258593          	addi	a1,a1,34 # 24660022 <__heap_size+0x24640022>
    80000634:	0cc5b02b          	.word	0x0cc5b02b
    80000638:	346605b7          	lui	a1,0x34660
    8000063c:	02258593          	addi	a1,a1,34 # 34660022 <__heap_size+0x34640022>
    80000640:	0cc5b02b          	.word	0x0cc5b02b
    80000644:	24e605b7          	lui	a1,0x24e60
    80000648:	02258593          	addi	a1,a1,34 # 24e60022 <__heap_size+0x24e40022>
    8000064c:	0cc5b02b          	.word	0x0cc5b02b
    80000650:	34e605b7          	lui	a1,0x34e60
    80000654:	02258593          	addi	a1,a1,34 # 34e60022 <__heap_size+0x34e40022>
    80000658:	0cc5b02b          	.word	0x0cc5b02b
    8000065c:	44e605b7          	lui	a1,0x44e60
    80000660:	02258593          	addi	a1,a1,34 # 44e60022 <__heap_size+0x44e40022>
    80000664:	0cc5b02b          	.word	0x0cc5b02b
    80000668:	04043737          	lui	a4,0x4043
    8000066c:	00571713          	slli	a4,a4,0x5
    80000670:	00100693          	li	a3,1
    80000674:	200007b7          	lui	a5,0x20000
    80000678:	02270713          	addi	a4,a4,34 # 4043022 <__heap_size+0x4023022>
    8000067c:	10000537          	lui	a0,0x10000
    80000680:	01f69693          	slli	a3,a3,0x1f
    80000684:	00e7e5b3          	or	a1,a5,a4
    80000688:	00200613          	li	a2,2
    8000068c:	0cc5b02b          	.word	0x0cc5b02b
    80000690:	00a787b3          	add	a5,a5,a0
    80000694:	fed798e3          	bne	a5,a3,80000684 <rStartup+0x160>
    80000698:	04063737          	lui	a4,0x4063
    8000069c:	00571713          	slli	a4,a4,0x5
    800006a0:	00100693          	li	a3,1
    800006a4:	200007b7          	lui	a5,0x20000
    800006a8:	02270713          	addi	a4,a4,34 # 4063022 <__heap_size+0x4043022>
    800006ac:	10000537          	lui	a0,0x10000
    800006b0:	01f69693          	slli	a3,a3,0x1f
    800006b4:	00e7e5b3          	or	a1,a5,a4
    800006b8:	00200613          	li	a2,2
    800006bc:	0cc5b02b          	.word	0x0cc5b02b
    800006c0:	00a787b3          	add	a5,a5,a0
    800006c4:	fed798e3          	bne	a5,a3,800006b4 <rStartup+0x190>
    800006c8:	1e6205b7          	lui	a1,0x1e620
    800006cc:	03258593          	addi	a1,a1,50 # 1e620032 <__heap_size+0x1e600032>
    800006d0:	0cc5b02b          	.word	0x0cc5b02b
    800006d4:	2e6205b7          	lui	a1,0x2e620
    800006d8:	03258593          	addi	a1,a1,50 # 2e620032 <__heap_size+0x2e600032>
    800006dc:	0cc5b02b          	.word	0x0cc5b02b
    800006e0:	3e6205b7          	lui	a1,0x3e620
    800006e4:	03258593          	addi	a1,a1,50 # 3e620032 <__heap_size+0x3e600032>
    800006e8:	0cc5b02b          	.word	0x0cc5b02b
    800006ec:	5e6205b7          	lui	a1,0x5e620
    800006f0:	03258593          	addi	a1,a1,50 # 5e620032 <__heap_size+0x5e600032>
    800006f4:	0cc5b02b          	.word	0x0cc5b02b
    800006f8:	6e6205b7          	lui	a1,0x6e620
    800006fc:	03258593          	addi	a1,a1,50 # 6e620032 <__heap_size+0x6e600032>
    80000700:	0cc5b02b          	.word	0x0cc5b02b
    80000704:	7e6205b7          	lui	a1,0x7e620
    80000708:	03258593          	addi	a1,a1,50 # 7e620032 <__heap_size+0x7e600032>
    8000070c:	0cc5b02b          	.word	0x0cc5b02b
    80000710:	25ea05b7          	lui	a1,0x25ea0
    80000714:	01258593          	addi	a1,a1,18 # 25ea0012 <__heap_size+0x25e80012>
    80000718:	0cc5b02b          	.word	0x0cc5b02b
    8000071c:	35ea05b7          	lui	a1,0x35ea0
    80000720:	01258593          	addi	a1,a1,18 # 35ea0012 <__heap_size+0x35e80012>
    80000724:	0cc5b02b          	.word	0x0cc5b02b
    80000728:	102205b7          	lui	a1,0x10220
    8000072c:	00458593          	addi	a1,a1,4 # 10220004 <__heap_size+0x10200004>
    80000730:	0cc5b02b          	.word	0x0cc5b02b
    80000734:	202405b7          	lui	a1,0x20240
    80000738:	01458593          	addi	a1,a1,20 # 20240014 <__heap_size+0x20220014>
    8000073c:	0cc5b02b          	.word	0x0cc5b02b
    80000740:	302605b7          	lui	a1,0x30260
    80000744:	02458593          	addi	a1,a1,36 # 30260024 <__heap_size+0x30240024>
    80000748:	0cc5b02b          	.word	0x0cc5b02b
    8000074c:	402805b7          	lui	a1,0x40280
    80000750:	03458593          	addi	a1,a1,52 # 40280034 <__heap_size+0x40260034>
    80000754:	0cc5b02b          	.word	0x0cc5b02b
    80000758:	00001f37          	lui	t5,0x1
    8000075c:	00001eb7          	lui	t4,0x1
    80000760:	00001e37          	lui	t3,0x1
    80000764:	00001337          	lui	t1,0x1
    80000768:	000018b7          	lui	a7,0x1
    8000076c:	00001837          	lui	a6,0x1
    80000770:	00001537          	lui	a0,0x1
    80000774:	08000693          	li	a3,128
    80000778:	00000713          	li	a4,0
    8000077c:	00100293          	li	t0,1
    80000780:	813f0f13          	addi	t5,t5,-2029 # 813 <__stack_align+0x803>
    80000784:	823e8e93          	addi	t4,t4,-2013 # 823 <__stack_align+0x813>
    80000788:	833e0e13          	addi	t3,t3,-1997 # 833 <__stack_align+0x823>
    8000078c:	87330313          	addi	t1,t1,-1933 # 873 <__stack_align+0x863>
    80000790:	c7388893          	addi	a7,a7,-909 # c73 <__stack_align+0xc63>
    80000794:	85380813          	addi	a6,a6,-1965 # 853 <__stack_align+0x843>
    80000798:	c5350513          	addi	a0,a0,-941 # c53 <__stack_align+0xc43>
    8000079c:	00400f93          	li	t6,4
    800007a0:	00e297bb          	sllw	a5,t0,a4
    800007a4:	01079793          	slli	a5,a5,0x10
    800007a8:	00d7e7b3          	or	a5,a5,a3
    800007ac:	01e7e5b3          	or	a1,a5,t5
    800007b0:	00200613          	li	a2,2
    800007b4:	0cc5b02b          	.word	0x0cc5b02b
    800007b8:	01d7e5b3          	or	a1,a5,t4
    800007bc:	0cc5b02b          	.word	0x0cc5b02b
    800007c0:	01c7e5b3          	or	a1,a5,t3
    800007c4:	0cc5b02b          	.word	0x0cc5b02b
    800007c8:	4137e593          	ori	a1,a5,1043
    800007cc:	0cc5b02b          	.word	0x0cc5b02b
    800007d0:	4237e593          	ori	a1,a5,1059
    800007d4:	0cc5b02b          	.word	0x0cc5b02b
    800007d8:	4337e593          	ori	a1,a5,1075
    800007dc:	0cc5b02b          	.word	0x0cc5b02b
    800007e0:	0067e5b3          	or	a1,a5,t1
    800007e4:	0cc5b02b          	.word	0x0cc5b02b
    800007e8:	4737e593          	ori	a1,a5,1139
    800007ec:	0cc5b02b          	.word	0x0cc5b02b
    800007f0:	0117e5b3          	or	a1,a5,a7
    800007f4:	0cc5b02b          	.word	0x0cc5b02b
    800007f8:	0107e5b3          	or	a1,a5,a6
    800007fc:	0cc5b02b          	.word	0x0cc5b02b
    80000800:	4537e593          	ori	a1,a5,1107
    80000804:	0cc5b02b          	.word	0x0cc5b02b
    80000808:	00a7e5b3          	or	a1,a5,a0
    8000080c:	0cc5b02b          	.word	0x0cc5b02b
    80000810:	0017071b          	addiw	a4,a4,1
    80000814:	08068693          	addi	a3,a3,128
    80000818:	f9f714e3          	bne	a4,t6,800007a0 <rStartup+0x27c>
    8000081c:	00500593          	li	a1,5
    80000820:	0cc5b02b          	.word	0x0cc5b02b
    80000824:	00f00593          	li	a1,15
    80000828:	fa05a02b          	.word	0xfa05a02b
    8000082c:	fc00452b          	.word	0xfc00452b
    80000830:	82818413          	addi	s0,gp,-2008 # 80005620 <uart_lock>
    80000834:	00050593          	mv	a1,a0
    80000838:	00100713          	li	a4,1
    8000083c:	0ce427af          	amoswap.w.aq	a5,a4,(s0)
    80000840:	0007879b          	sext.w	a5,a5
    80000844:	fe079ce3          	bnez	a5,8000083c <rStartup+0x318>
    80000848:	00004517          	auipc	a0,0x4
    8000084c:	75850513          	addi	a0,a0,1880 # 80004fa0 <__tbss_end+0x2>
    80000850:	00a030ef          	jal	8000385a <iprintf>
    80000854:	0a04202f          	amoswap.w.rl	zero,zero,(s0)
    80000858:	304027f3          	csrr	a5,mie
    8000085c:	0087e793          	ori	a5,a5,8
    80000860:	30479073          	csrw	mie,a5
    80000864:	300027f3          	csrr	a5,mstatus
    80000868:	0087e793          	ori	a5,a5,8
    8000086c:	30079073          	csrw	mstatus,a5
    80000870:	f14027f3          	csrr	a5,mhartid
    80000874:	00800737          	lui	a4,0x800
    80000878:	00e787b3          	add	a5,a5,a4
    8000087c:	00279793          	slli	a5,a5,0x2
    80000880:	00100713          	li	a4,1
    80000884:	00e7a023          	sw	a4,0(a5) # 20000000 <__heap_size+0x1ffe0000>
    80000888:	3600452b          	.word	0x3600452b
    8000088c:	fe050ee3          	beqz	a0,80000888 <rStartup+0x364>
    80000890:	00100593          	li	a1,1
    80000894:	2c05a02b          	.word	0x2c05a02b
    80000898:	9edff0ef          	jal	80000284 <mtimecmp_cfg>
    8000089c:	304027f3          	csrr	a5,mie
    800008a0:	0807e793          	ori	a5,a5,128
    800008a4:	30479073          	csrw	mie,a5
    800008a8:	6200002b          	.word	0x6200002b
    800008ac:	00100593          	li	a1,1
    800008b0:	e005a02b          	.word	0xe005a02b
    800008b4:	00100713          	li	a4,1
    800008b8:	0ce427af          	amoswap.w.aq	a5,a4,(s0)
    800008bc:	0007879b          	sext.w	a5,a5
    800008c0:	fe079ce3          	bnez	a5,800008b8 <rStartup+0x394>
    800008c4:	000016b7          	lui	a3,0x1
    800008c8:	38868693          	addi	a3,a3,904 # 1388 <__stack_align+0x1378>
    800008cc:	00100613          	li	a2,1
    800008d0:	00000593          	li	a1,0
    800008d4:	00004517          	auipc	a0,0x4
    800008d8:	6ec50513          	addi	a0,a0,1772 # 80004fc0 <__tbss_end+0x22>
    800008dc:	77f020ef          	jal	8000385a <iprintf>
    800008e0:	00004517          	auipc	a0,0x4
    800008e4:	72850513          	addi	a0,a0,1832 # 80005008 <__tbss_end+0x6a>
    800008e8:	773020ef          	jal	8000385a <iprintf>
    800008ec:	0a04202f          	amoswap.w.rl	zero,zero,(s0)
    800008f0:	00813083          	ld	ra,8(sp)
    800008f4:	00013403          	ld	s0,0(sp)
    800008f8:	01010113          	addi	sp,sp,16
    800008fc:	00008067          	ret

0000000080000900 <rCleanup>:
    80000900:	00200593          	li	a1,2
    80000904:	e005a02b          	.word	0xe005a02b
    80000908:	01a00793          	li	a5,26
    8000090c:	00000013          	nop
    80000910:	fff7879b          	addiw	a5,a5,-1
    80000914:	fe079ce3          	bnez	a5,8000090c <rCleanup+0xc>
    80000918:	6400002b          	.word	0x6400002b
    8000091c:	000207b7          	lui	a5,0x20
    80000920:	ffe78793          	addi	a5,a5,-2 # 1fffe <__stack_size+0x17ffe>
    80000924:	00000593          	li	a1,0
    80000928:	00000613          	li	a2,0
    8000092c:	0cc5f52b          	.word	0x0cc5f52b
    80000930:	fea7fae3          	bgeu	a5,a0,80000924 <rCleanup+0x24>
    80000934:	00200593          	li	a1,2
    80000938:	2c05a02b          	.word	0x2c05a02b
    8000093c:	6000002b          	.word	0x6000002b
    80000940:	00008067          	ret

0000000080000944 <__main>:
    80000944:	ff010113          	addi	sp,sp,-16
    80000948:	00113423          	sd	ra,8(sp)
    8000094c:	f14027f3          	csrr	a5,mhartid
    80000950:	00300713          	li	a4,3
    80000954:	0ae78e63          	beq	a5,a4,80000a10 <__main+0xcc>
    80000958:	0af76263          	bltu	a4,a5,800009fc <__main+0xb8>
    8000095c:	00100713          	li	a4,1
    80000960:	04e78a63          	beq	a5,a4,800009b4 <__main+0x70>
    80000964:	00200693          	li	a3,2
    80000968:	0ed79c63          	bne	a5,a3,80000a60 <__main+0x11c>
    8000096c:	304027f3          	csrr	a5,mie
    80000970:	0087e793          	ori	a5,a5,8
    80000974:	30479073          	csrw	mie,a5
    80000978:	300027f3          	csrr	a5,mstatus
    8000097c:	0087e793          	ori	a5,a5,8
    80000980:	30079073          	csrw	mstatus,a5
    80000984:	f14027f3          	csrr	a5,mhartid
    80000988:	008006b7          	lui	a3,0x800
    8000098c:	00d787b3          	add	a5,a5,a3
    80000990:	00279793          	slli	a5,a5,0x2
    80000994:	00e7a023          	sw	a4,0(a5)
    80000998:	8edff0ef          	jal	80000284 <mtimecmp_cfg>
    8000099c:	304027f3          	csrr	a5,mie
    800009a0:	0807e793          	ori	a5,a5,128
    800009a4:	30479073          	csrw	mie,a5
    800009a8:	00200513          	li	a0,2
    800009ac:	0b8000ef          	jal	80000a64 <checker>
    800009b0:	0000006f          	j	800009b0 <__main+0x6c>
    800009b4:	30402773          	csrr	a4,mie
    800009b8:	00876713          	ori	a4,a4,8
    800009bc:	30471073          	csrw	mie,a4
    800009c0:	30002773          	csrr	a4,mstatus
    800009c4:	00876713          	ori	a4,a4,8
    800009c8:	30071073          	csrw	mstatus,a4
    800009cc:	f1402773          	csrr	a4,mhartid
    800009d0:	008006b7          	lui	a3,0x800
    800009d4:	00d70733          	add	a4,a4,a3
    800009d8:	00271713          	slli	a4,a4,0x2
    800009dc:	00f72023          	sw	a5,0(a4) # 800000 <__heap_size+0x7e0000>
    800009e0:	8a5ff0ef          	jal	80000284 <mtimecmp_cfg>
    800009e4:	304027f3          	csrr	a5,mie
    800009e8:	0807e793          	ori	a5,a5,128
    800009ec:	30479073          	csrw	mie,a5
    800009f0:	00100513          	li	a0,1
    800009f4:	070000ef          	jal	80000a64 <checker>
    800009f8:	fb9ff06f          	j	800009b0 <__main+0x6c>
    800009fc:	00400713          	li	a4,4
    80000a00:	04e79e63          	bne	a5,a4,80000a5c <__main+0x118>
    80000a04:	00400513          	li	a0,4
    80000a08:	05c000ef          	jal	80000a64 <checker>
    80000a0c:	fa5ff06f          	j	800009b0 <__main+0x6c>
    80000a10:	304027f3          	csrr	a5,mie
    80000a14:	0087e793          	ori	a5,a5,8
    80000a18:	30479073          	csrw	mie,a5
    80000a1c:	300027f3          	csrr	a5,mstatus
    80000a20:	0087e793          	ori	a5,a5,8
    80000a24:	30079073          	csrw	mstatus,a5
    80000a28:	f14027f3          	csrr	a5,mhartid
    80000a2c:	00800737          	lui	a4,0x800
    80000a30:	00e787b3          	add	a5,a5,a4
    80000a34:	00279793          	slli	a5,a5,0x2
    80000a38:	00100713          	li	a4,1
    80000a3c:	00e7a023          	sw	a4,0(a5)
    80000a40:	845ff0ef          	jal	80000284 <mtimecmp_cfg>
    80000a44:	304027f3          	csrr	a5,mie
    80000a48:	0807e793          	ori	a5,a5,128
    80000a4c:	30479073          	csrw	mie,a5
    80000a50:	00300513          	li	a0,3
    80000a54:	010000ef          	jal	80000a64 <checker>
    80000a58:	f59ff06f          	j	800009b0 <__main+0x6c>
    80000a5c:	f55ff06f          	j	800009b0 <__main+0x6c>
    80000a60:	f51ff06f          	j	800009b0 <__main+0x6c>

0000000080000a64 <checker>:
    80000a64:	00100593          	li	a1,1
    80000a68:	0205a02b          	.word	0x0205a02b
    80000a6c:	2c05a02b          	.word	0x2c05a02b
    80000a70:	8000002b          	.word	0x8000002b
    80000a74:	a200002b          	.word	0xa200002b
    80000a78:	000015b7          	lui	a1,0x1
    80000a7c:	38858593          	addi	a1,a1,904 # 1388 <__stack_align+0x1378>
    80000a80:	f205a02b          	.word	0xf205a02b
    80000a84:	00100593          	li	a1,1
    80000a88:	ec05a02b          	.word	0xec05a02b
    80000a8c:	00000593          	li	a1,0
    80000a90:	ec05a02b          	.word	0xec05a02b
    80000a94:	02000593          	li	a1,32
    80000a98:	ec05a02b          	.word	0xec05a02b
    80000a9c:	00000593          	li	a1,0
    80000aa0:	ec05a02b          	.word	0xec05a02b
    80000aa4:	ea00002b          	.word	0xea00002b
    80000aa8:	e600002b          	.word	0xe600002b
    80000aac:	c800002b          	.word	0xc800002b
    80000ab0:	00200793          	li	a5,2
    80000ab4:	00800713          	li	a4,8
    80000ab8:	0100006f          	j	80000ac8 <checker+0x64>
    80000abc:	c200452b          	.word	0xc200452b
    80000ac0:	01857513          	andi	a0,a0,24
    80000ac4:	04e50a63          	beq	a0,a4,80000b18 <checker+0xb4>
    80000ac8:	0e00452b          	.word	0x0e00452b
    80000acc:	fef518e3          	bne	a0,a5,80000abc <checker+0x58>
    80000ad0:	04000593          	li	a1,64
    80000ad4:	ec05a02b          	.word	0xec05a02b
    80000ad8:	00000593          	li	a1,0
    80000adc:	ec05a02b          	.word	0xec05a02b
    80000ae0:	e400002b          	.word	0xe400002b
    80000ae4:	c000002b          	.word	0xc000002b
    80000ae8:	00000013          	nop
    80000aec:	00000013          	nop
    80000af0:	00000013          	nop
    80000af4:	00000013          	nop
    80000af8:	00000013          	nop
    80000afc:	00200793          	li	a5,2
    80000b00:	0e00452b          	.word	0x0e00452b
    80000b04:	fef51ee3          	bne	a0,a5,80000b00 <checker+0x9c>
    80000b08:	8600002b          	.word	0x8600002b
    80000b0c:	00200593          	li	a1,2
    80000b10:	2c05a02b          	.word	0x2c05a02b
    80000b14:	0000006f          	j	80000b14 <checker+0xb0>
    80000b18:	c000002b          	.word	0xc000002b
    80000b1c:	00001067          	.word	0x00001067
    80000b20:	fa9ff06f          	j	80000ac8 <checker+0x64>

0000000080000b24 <task_synthetic_malloc>:
    80000b24:	ff010113          	addi	sp,sp,-16
    80000b28:	00813023          	sd	s0,0(sp)
    80000b2c:	00050413          	mv	s0,a0
    80000b30:	08000513          	li	a0,128
    80000b34:	00113423          	sd	ra,8(sp)
    80000b38:	095020ef          	jal	800033cc <malloc>
    80000b3c:	04050863          	beqz	a0,80000b8c <task_synthetic_malloc+0x68>
    80000b40:	0004069b          	sext.w	a3,s0
    80000b44:	00050793          	mv	a5,a0
    80000b48:	08050613          	addi	a2,a0,128
    80000b4c:	00050713          	mv	a4,a0
    80000b50:	00d72023          	sw	a3,0(a4) # 800000 <__heap_size+0x7e0000>
    80000b54:	00470713          	addi	a4,a4,4
    80000b58:	0016869b          	addiw	a3,a3,1 # 800001 <__heap_size+0x7e0001>
    80000b5c:	fec71ae3          	bne	a4,a2,80000b50 <task_synthetic_malloc+0x2c>
    80000b60:	00000413          	li	s0,0
    80000b64:	0007a703          	lw	a4,0(a5)
    80000b68:	00478793          	addi	a5,a5,4
    80000b6c:	0087043b          	addw	s0,a4,s0
    80000b70:	fec79ae3          	bne	a5,a2,80000b64 <task_synthetic_malloc+0x40>
    80000b74:	065020ef          	jal	800033d8 <free>
    80000b78:	00813083          	ld	ra,8(sp)
    80000b7c:	00040513          	mv	a0,s0
    80000b80:	00013403          	ld	s0,0(sp)
    80000b84:	01010113          	addi	sp,sp,16
    80000b88:	00008067          	ret
    80000b8c:	00004517          	auipc	a0,0x4
    80000b90:	4ac50513          	addi	a0,a0,1196 # 80005038 <__tbss_end+0x9a>
    80000b94:	4c7020ef          	jal	8000385a <iprintf>
    80000b98:	00000513          	li	a0,0
    80000b9c:	00b020ef          	jal	800033a6 <exit>

0000000080000ba0 <initialise_board>:
    80000ba0:	00000513          	li	a0,0
    80000ba4:	00008067          	ret

0000000080000ba8 <start_trigger>:
    80000ba8:	00000513          	li	a0,0
    80000bac:	00008067          	ret

0000000080000bb0 <stop_trigger>:
    80000bb0:	00000513          	li	a0,0
    80000bb4:	00008067          	ret

0000000080000bb8 <rand_beebs>:
    80000bb8:	84818713          	addi	a4,gp,-1976 # 80005640 <seed>
    80000bbc:	00073503          	ld	a0,0(a4)
    80000bc0:	41c657b7          	lui	a5,0x41c65
    80000bc4:	e6d78793          	addi	a5,a5,-403 # 41c64e6d <__heap_size+0x41c44e6d>
    80000bc8:	02f50533          	mul	a0,a0,a5
    80000bcc:	000037b7          	lui	a5,0x3
    80000bd0:	03978793          	addi	a5,a5,57 # 3039 <__stack_align+0x3029>
    80000bd4:	00f50533          	add	a0,a0,a5
    80000bd8:	02151513          	slli	a0,a0,0x21
    80000bdc:	02155513          	srli	a0,a0,0x21
    80000be0:	00a73023          	sd	a0,0(a4)
    80000be4:	01055513          	srli	a0,a0,0x10
    80000be8:	00008067          	ret

0000000080000bec <srand_beebs>:
    80000bec:	02051513          	slli	a0,a0,0x20
    80000bf0:	02055513          	srli	a0,a0,0x20
    80000bf4:	84a1b423          	sd	a0,-1976(gp) # 80005640 <seed>
    80000bf8:	00008067          	ret

0000000080000bfc <init_heap_beebs>:
    80000bfc:	0075f793          	andi	a5,a1,7
    80000c00:	00079c63          	bnez	a5,80000c18 <init_heap_beebs+0x1c>
    80000c04:	00b505b3          	add	a1,a0,a1
    80000c08:	84a1b023          	sd	a0,-1984(gp) # 80005638 <heap_ptr>
    80000c0c:	82b1bc23          	sd	a1,-1992(gp) # 80005630 <heap_end>
    80000c10:	8201b823          	sd	zero,-2000(gp) # 80005628 <heap_requested>
    80000c14:	00008067          	ret
    80000c18:	ff010113          	addi	sp,sp,-16
    80000c1c:	00004697          	auipc	a3,0x4
    80000c20:	43c68693          	addi	a3,a3,1084 # 80005058 <__tbss_end+0xba>
    80000c24:	00004617          	auipc	a2,0x4
    80000c28:	52c60613          	addi	a2,a2,1324 # 80005150 <__func__.0>
    80000c2c:	04100593          	li	a1,65
    80000c30:	00004517          	auipc	a0,0x4
    80000c34:	44850513          	addi	a0,a0,1096 # 80005078 <__tbss_end+0xda>
    80000c38:	00113423          	sd	ra,8(sp)
    80000c3c:	720020ef          	jal	8000335c <__assert_func>

0000000080000c40 <check_heap_beebs>:
    80000c40:	8301b783          	ld	a5,-2000(gp) # 80005628 <heap_requested>
    80000c44:	00f507b3          	add	a5,a0,a5
    80000c48:	8381b503          	ld	a0,-1992(gp) # 80005630 <heap_end>
    80000c4c:	00f53533          	sltu	a0,a0,a5
    80000c50:	00154513          	xori	a0,a0,1
    80000c54:	00008067          	ret

0000000080000c58 <malloc_beebs>:
    80000c58:	00050793          	mv	a5,a0
    80000c5c:	04050a63          	beqz	a0,80000cb0 <malloc_beebs+0x58>
    80000c60:	84018613          	addi	a2,gp,-1984 # 80005638 <heap_ptr>
    80000c64:	00063503          	ld	a0,0(a2)
    80000c68:	83018693          	addi	a3,gp,-2000 # 80005628 <heap_requested>
    80000c6c:	0006b583          	ld	a1,0(a3)
    80000c70:	00f50733          	add	a4,a0,a5
    80000c74:	00777813          	andi	a6,a4,7
    80000c78:	00b787b3          	add	a5,a5,a1
    80000c7c:	00081c63          	bnez	a6,80000c94 <malloc_beebs+0x3c>
    80000c80:	00f6b023          	sd	a5,0(a3)
    80000c84:	8381b783          	ld	a5,-1992(gp) # 80005630 <heap_end>
    80000c88:	02e7e463          	bltu	a5,a4,80000cb0 <malloc_beebs+0x58>
    80000c8c:	00e63023          	sd	a4,0(a2)
    80000c90:	00008067          	ret
    80000c94:	00800593          	li	a1,8
    80000c98:	410585b3          	sub	a1,a1,a6
    80000c9c:	00b787b3          	add	a5,a5,a1
    80000ca0:	00f6b023          	sd	a5,0(a3)
    80000ca4:	00b70733          	add	a4,a4,a1
    80000ca8:	8381b783          	ld	a5,-1992(gp) # 80005630 <heap_end>
    80000cac:	fee7f0e3          	bgeu	a5,a4,80000c8c <malloc_beebs+0x34>
    80000cb0:	00000513          	li	a0,0
    80000cb4:	00008067          	ret

0000000080000cb8 <calloc_beebs>:
    80000cb8:	02b50633          	mul	a2,a0,a1
    80000cbc:	06060a63          	beqz	a2,80000d30 <calloc_beebs+0x78>
    80000cc0:	84018513          	addi	a0,gp,-1984 # 80005638 <heap_ptr>
    80000cc4:	00053783          	ld	a5,0(a0)
    80000cc8:	83018593          	addi	a1,gp,-2000 # 80005628 <heap_requested>
    80000ccc:	0005b703          	ld	a4,0(a1)
    80000cd0:	00c786b3          	add	a3,a5,a2
    80000cd4:	0076f893          	andi	a7,a3,7
    80000cd8:	00e60733          	add	a4,a2,a4
    80000cdc:	02089c63          	bnez	a7,80000d14 <calloc_beebs+0x5c>
    80000ce0:	00e5b023          	sd	a4,0(a1)
    80000ce4:	8381b703          	ld	a4,-1992(gp) # 80005630 <heap_end>
    80000ce8:	04d76463          	bltu	a4,a3,80000d30 <calloc_beebs+0x78>
    80000cec:	00d53023          	sd	a3,0(a0)
    80000cf0:	04078263          	beqz	a5,80000d34 <calloc_beebs+0x7c>
    80000cf4:	ff010113          	addi	sp,sp,-16
    80000cf8:	00000593          	li	a1,0
    80000cfc:	00078513          	mv	a0,a5
    80000d00:	00113423          	sd	ra,8(sp)
    80000d04:	613020ef          	jal	80003b16 <memset>
    80000d08:	00813083          	ld	ra,8(sp)
    80000d0c:	01010113          	addi	sp,sp,16
    80000d10:	00008067          	ret
    80000d14:	00800813          	li	a6,8
    80000d18:	41180833          	sub	a6,a6,a7
    80000d1c:	01070733          	add	a4,a4,a6
    80000d20:	00e5b023          	sd	a4,0(a1)
    80000d24:	010686b3          	add	a3,a3,a6
    80000d28:	8381b703          	ld	a4,-1992(gp) # 80005630 <heap_end>
    80000d2c:	fcd770e3          	bgeu	a4,a3,80000cec <calloc_beebs+0x34>
    80000d30:	00000793          	li	a5,0
    80000d34:	00078513          	mv	a0,a5
    80000d38:	00008067          	ret

0000000080000d3c <realloc_beebs>:
    80000d3c:	06050c63          	beqz	a0,80000db4 <realloc_beebs+0x78>
    80000d40:	fe010113          	addi	sp,sp,-32
    80000d44:	00813823          	sd	s0,16(sp)
    80000d48:	00050413          	mv	s0,a0
    80000d4c:	00058513          	mv	a0,a1
    80000d50:	00913423          	sd	s1,8(sp)
    80000d54:	00113c23          	sd	ra,24(sp)
    80000d58:	00058493          	mv	s1,a1
    80000d5c:	efdff0ef          	jal	80000c58 <malloc_beebs>
    80000d60:	02050e63          	beqz	a0,80000d9c <realloc_beebs+0x60>
    80000d64:	00040793          	mv	a5,s0
    80000d68:	00050713          	mv	a4,a0
    80000d6c:	00940633          	add	a2,s0,s1
    80000d70:	00048c63          	beqz	s1,80000d88 <realloc_beebs+0x4c>
    80000d74:	0007c683          	lbu	a3,0(a5)
    80000d78:	00178793          	addi	a5,a5,1
    80000d7c:	00170713          	addi	a4,a4,1
    80000d80:	fed70fa3          	sb	a3,-1(a4)
    80000d84:	fec798e3          	bne	a5,a2,80000d74 <realloc_beebs+0x38>
    80000d88:	01813083          	ld	ra,24(sp)
    80000d8c:	01013403          	ld	s0,16(sp)
    80000d90:	00813483          	ld	s1,8(sp)
    80000d94:	02010113          	addi	sp,sp,32
    80000d98:	00008067          	ret
    80000d9c:	01813083          	ld	ra,24(sp)
    80000da0:	01013403          	ld	s0,16(sp)
    80000da4:	00813483          	ld	s1,8(sp)
    80000da8:	00000513          	li	a0,0
    80000dac:	02010113          	addi	sp,sp,32
    80000db0:	00008067          	ret
    80000db4:	00000513          	li	a0,0
    80000db8:	00008067          	ret

0000000080000dbc <free_beebs>:
    80000dbc:	00008067          	ret

0000000080000dc0 <sglib___rbtree_fix_left_deletion_discrepancy>:
    80000dc0:	00053703          	ld	a4,0(a0)
    80000dc4:	01073783          	ld	a5,16(a4)
    80000dc8:	0a078863          	beqz	a5,80000e78 <sglib___rbtree_fix_left_deletion_discrepancy+0xb8>
    80000dcc:	0047c803          	lbu	a6,4(a5)
    80000dd0:	00100613          	li	a2,1
    80000dd4:	0107b583          	ld	a1,16(a5)
    80000dd8:	0087b683          	ld	a3,8(a5)
    80000ddc:	04c80663          	beq	a6,a2,80000e28 <sglib___rbtree_fix_left_deletion_discrepancy+0x68>
    80000de0:	00058663          	beqz	a1,80000dec <sglib___rbtree_fix_left_deletion_discrepancy+0x2c>
    80000de4:	0045c803          	lbu	a6,4(a1)
    80000de8:	08081e63          	bnez	a6,80000e84 <sglib___rbtree_fix_left_deletion_discrepancy+0xc4>
    80000dec:	0c068063          	beqz	a3,80000eac <sglib___rbtree_fix_left_deletion_discrepancy+0xec>
    80000df0:	0046c603          	lbu	a2,4(a3)
    80000df4:	0a060c63          	beqz	a2,80000eac <sglib___rbtree_fix_left_deletion_discrepancy+0xec>
    80000df8:	0106b583          	ld	a1,16(a3)
    80000dfc:	0086b603          	ld	a2,8(a3)
    80000e00:	00d53023          	sd	a3,0(a0)
    80000e04:	00474503          	lbu	a0,4(a4)
    80000e08:	00a68223          	sb	a0,4(a3)
    80000e0c:	00070223          	sb	zero,4(a4)
    80000e10:	00f6b823          	sd	a5,16(a3)
    80000e14:	00e6b423          	sd	a4,8(a3)
    80000e18:	00b7b423          	sd	a1,8(a5)
    80000e1c:	00c73823          	sd	a2,16(a4)
    80000e20:	00000513          	li	a0,0
    80000e24:	00008067          	ret
    80000e28:	08068e63          	beqz	a3,80000ec4 <sglib___rbtree_fix_left_deletion_discrepancy+0x104>
    80000e2c:	0106b883          	ld	a7,16(a3)
    80000e30:	0086b603          	ld	a2,8(a3)
    80000e34:	0a088863          	beqz	a7,80000ee4 <sglib___rbtree_fix_left_deletion_discrepancy+0x124>
    80000e38:	0048c303          	lbu	t1,4(a7)
    80000e3c:	0a030463          	beqz	t1,80000ee4 <sglib___rbtree_fix_left_deletion_discrepancy+0x124>
    80000e40:	0d030663          	beq	t1,a6,80000f0c <sglib___rbtree_fix_left_deletion_discrepancy+0x14c>
    80000e44:	fc060ee3          	beqz	a2,80000e20 <sglib___rbtree_fix_left_deletion_discrepancy+0x60>
    80000e48:	00464583          	lbu	a1,4(a2)
    80000e4c:	00100813          	li	a6,1
    80000e50:	fd0598e3          	bne	a1,a6,80000e20 <sglib___rbtree_fix_left_deletion_discrepancy+0x60>
    80000e54:	01063803          	ld	a6,16(a2)
    80000e58:	00863583          	ld	a1,8(a2)
    80000e5c:	00c53023          	sd	a2,0(a0)
    80000e60:	00060223          	sb	zero,4(a2)
    80000e64:	00f63823          	sd	a5,16(a2)
    80000e68:	0106b423          	sd	a6,8(a3)
    80000e6c:	00e63423          	sd	a4,8(a2)
    80000e70:	00b73823          	sd	a1,16(a4)
    80000e74:	fadff06f          	j	80000e20 <sglib___rbtree_fix_left_deletion_discrepancy+0x60>
    80000e78:	00070223          	sb	zero,4(a4)
    80000e7c:	00000513          	li	a0,0
    80000e80:	00008067          	ret
    80000e84:	f6c81ae3          	bne	a6,a2,80000df8 <sglib___rbtree_fix_left_deletion_discrepancy+0x38>
    80000e88:	04069863          	bnez	a3,80000ed8 <sglib___rbtree_fix_left_deletion_discrepancy+0x118>
    80000e8c:	00f53023          	sd	a5,0(a0)
    80000e90:	00474603          	lbu	a2,4(a4)
    80000e94:	00c78223          	sb	a2,4(a5)
    80000e98:	00070223          	sb	zero,4(a4)
    80000e9c:	00e7b423          	sd	a4,8(a5)
    80000ea0:	00d73823          	sd	a3,16(a4)
    80000ea4:	00058223          	sb	zero,4(a1)
    80000ea8:	f79ff06f          	j	80000e20 <sglib___rbtree_fix_left_deletion_discrepancy+0x60>
    80000eac:	00474503          	lbu	a0,4(a4)
    80000eb0:	00070223          	sb	zero,4(a4)
    80000eb4:	00100713          	li	a4,1
    80000eb8:	00153513          	seqz	a0,a0
    80000ebc:	00e78223          	sb	a4,4(a5)
    80000ec0:	00008067          	ret
    80000ec4:	00f53023          	sd	a5,0(a0)
    80000ec8:	00078223          	sb	zero,4(a5)
    80000ecc:	00e7b423          	sd	a4,8(a5)
    80000ed0:	00073823          	sd	zero,16(a4)
    80000ed4:	f4dff06f          	j	80000e20 <sglib___rbtree_fix_left_deletion_discrepancy+0x60>
    80000ed8:	0046c603          	lbu	a2,4(a3)
    80000edc:	f0061ee3          	bnez	a2,80000df8 <sglib___rbtree_fix_left_deletion_discrepancy+0x38>
    80000ee0:	fadff06f          	j	80000e8c <sglib___rbtree_fix_left_deletion_discrepancy+0xcc>
    80000ee4:	00060663          	beqz	a2,80000ef0 <sglib___rbtree_fix_left_deletion_discrepancy+0x130>
    80000ee8:	00464583          	lbu	a1,4(a2)
    80000eec:	f60590e3          	bnez	a1,80000e4c <sglib___rbtree_fix_left_deletion_discrepancy+0x8c>
    80000ef0:	00f53023          	sd	a5,0(a0)
    80000ef4:	00e7b423          	sd	a4,8(a5)
    80000ef8:	00078223          	sb	zero,4(a5)
    80000efc:	00d73823          	sd	a3,16(a4)
    80000f00:	00100793          	li	a5,1
    80000f04:	00f68223          	sb	a5,4(a3)
    80000f08:	f19ff06f          	j	80000e20 <sglib___rbtree_fix_left_deletion_discrepancy+0x60>
    80000f0c:	00060663          	beqz	a2,80000f18 <sglib___rbtree_fix_left_deletion_discrepancy+0x158>
    80000f10:	00464803          	lbu	a6,4(a2)
    80000f14:	f46800e3          	beq	a6,t1,80000e54 <sglib___rbtree_fix_left_deletion_discrepancy+0x94>
    80000f18:	00d53023          	sd	a3,0(a0)
    80000f1c:	00f6b823          	sd	a5,16(a3)
    80000f20:	00e6b423          	sd	a4,8(a3)
    80000f24:	00b7b823          	sd	a1,16(a5)
    80000f28:	0117b423          	sd	a7,8(a5)
    80000f2c:	00c73823          	sd	a2,16(a4)
    80000f30:	00088223          	sb	zero,4(a7)
    80000f34:	eedff06f          	j	80000e20 <sglib___rbtree_fix_left_deletion_discrepancy+0x60>

0000000080000f38 <sglib___rbtree_fix_right_deletion_discrepancy>:
    80000f38:	00053703          	ld	a4,0(a0)
    80000f3c:	00873783          	ld	a5,8(a4)
    80000f40:	0a078863          	beqz	a5,80000ff0 <sglib___rbtree_fix_right_deletion_discrepancy+0xb8>
    80000f44:	0047c803          	lbu	a6,4(a5)
    80000f48:	00100613          	li	a2,1
    80000f4c:	0087b583          	ld	a1,8(a5)
    80000f50:	0107b683          	ld	a3,16(a5)
    80000f54:	04c80663          	beq	a6,a2,80000fa0 <sglib___rbtree_fix_right_deletion_discrepancy+0x68>
    80000f58:	00058663          	beqz	a1,80000f64 <sglib___rbtree_fix_right_deletion_discrepancy+0x2c>
    80000f5c:	0045c803          	lbu	a6,4(a1)
    80000f60:	08081e63          	bnez	a6,80000ffc <sglib___rbtree_fix_right_deletion_discrepancy+0xc4>
    80000f64:	0c068063          	beqz	a3,80001024 <sglib___rbtree_fix_right_deletion_discrepancy+0xec>
    80000f68:	0046c603          	lbu	a2,4(a3)
    80000f6c:	0a060c63          	beqz	a2,80001024 <sglib___rbtree_fix_right_deletion_discrepancy+0xec>
    80000f70:	0086b583          	ld	a1,8(a3)
    80000f74:	0106b603          	ld	a2,16(a3)
    80000f78:	00d53023          	sd	a3,0(a0)
    80000f7c:	00474503          	lbu	a0,4(a4)
    80000f80:	00a68223          	sb	a0,4(a3)
    80000f84:	00070223          	sb	zero,4(a4)
    80000f88:	00f6b423          	sd	a5,8(a3)
    80000f8c:	00e6b823          	sd	a4,16(a3)
    80000f90:	00b7b823          	sd	a1,16(a5)
    80000f94:	00c73423          	sd	a2,8(a4)
    80000f98:	00000513          	li	a0,0
    80000f9c:	00008067          	ret
    80000fa0:	08068e63          	beqz	a3,8000103c <sglib___rbtree_fix_right_deletion_discrepancy+0x104>
    80000fa4:	0086b883          	ld	a7,8(a3)
    80000fa8:	0106b603          	ld	a2,16(a3)
    80000fac:	0a088863          	beqz	a7,8000105c <sglib___rbtree_fix_right_deletion_discrepancy+0x124>
    80000fb0:	0048c303          	lbu	t1,4(a7)
    80000fb4:	0a030463          	beqz	t1,8000105c <sglib___rbtree_fix_right_deletion_discrepancy+0x124>
    80000fb8:	0d030663          	beq	t1,a6,80001084 <sglib___rbtree_fix_right_deletion_discrepancy+0x14c>
    80000fbc:	fc060ee3          	beqz	a2,80000f98 <sglib___rbtree_fix_right_deletion_discrepancy+0x60>
    80000fc0:	00464583          	lbu	a1,4(a2)
    80000fc4:	00100813          	li	a6,1
    80000fc8:	fd0598e3          	bne	a1,a6,80000f98 <sglib___rbtree_fix_right_deletion_discrepancy+0x60>
    80000fcc:	00863803          	ld	a6,8(a2)
    80000fd0:	01063583          	ld	a1,16(a2)
    80000fd4:	00c53023          	sd	a2,0(a0)
    80000fd8:	00060223          	sb	zero,4(a2)
    80000fdc:	00f63423          	sd	a5,8(a2)
    80000fe0:	0106b823          	sd	a6,16(a3)
    80000fe4:	00e63823          	sd	a4,16(a2)
    80000fe8:	00b73423          	sd	a1,8(a4)
    80000fec:	fadff06f          	j	80000f98 <sglib___rbtree_fix_right_deletion_discrepancy+0x60>
    80000ff0:	00070223          	sb	zero,4(a4)
    80000ff4:	00000513          	li	a0,0
    80000ff8:	00008067          	ret
    80000ffc:	f6c81ae3          	bne	a6,a2,80000f70 <sglib___rbtree_fix_right_deletion_discrepancy+0x38>
    80001000:	04069863          	bnez	a3,80001050 <sglib___rbtree_fix_right_deletion_discrepancy+0x118>
    80001004:	00f53023          	sd	a5,0(a0)
    80001008:	00474603          	lbu	a2,4(a4)
    8000100c:	00c78223          	sb	a2,4(a5)
    80001010:	00070223          	sb	zero,4(a4)
    80001014:	00e7b823          	sd	a4,16(a5)
    80001018:	00d73423          	sd	a3,8(a4)
    8000101c:	00058223          	sb	zero,4(a1)
    80001020:	f79ff06f          	j	80000f98 <sglib___rbtree_fix_right_deletion_discrepancy+0x60>
    80001024:	00474503          	lbu	a0,4(a4)
    80001028:	00070223          	sb	zero,4(a4)
    8000102c:	00100713          	li	a4,1
    80001030:	00153513          	seqz	a0,a0
    80001034:	00e78223          	sb	a4,4(a5)
    80001038:	00008067          	ret
    8000103c:	00f53023          	sd	a5,0(a0)
    80001040:	00078223          	sb	zero,4(a5)
    80001044:	00e7b823          	sd	a4,16(a5)
    80001048:	00073423          	sd	zero,8(a4)
    8000104c:	f4dff06f          	j	80000f98 <sglib___rbtree_fix_right_deletion_discrepancy+0x60>
    80001050:	0046c603          	lbu	a2,4(a3)
    80001054:	f0061ee3          	bnez	a2,80000f70 <sglib___rbtree_fix_right_deletion_discrepancy+0x38>
    80001058:	fadff06f          	j	80001004 <sglib___rbtree_fix_right_deletion_discrepancy+0xcc>
    8000105c:	00060663          	beqz	a2,80001068 <sglib___rbtree_fix_right_deletion_discrepancy+0x130>
    80001060:	00464583          	lbu	a1,4(a2)
    80001064:	f60590e3          	bnez	a1,80000fc4 <sglib___rbtree_fix_right_deletion_discrepancy+0x8c>
    80001068:	00f53023          	sd	a5,0(a0)
    8000106c:	00e7b823          	sd	a4,16(a5)
    80001070:	00078223          	sb	zero,4(a5)
    80001074:	00d73423          	sd	a3,8(a4)
    80001078:	00100793          	li	a5,1
    8000107c:	00f68223          	sb	a5,4(a3)
    80001080:	f19ff06f          	j	80000f98 <sglib___rbtree_fix_right_deletion_discrepancy+0x60>
    80001084:	00060663          	beqz	a2,80001090 <sglib___rbtree_fix_right_deletion_discrepancy+0x158>
    80001088:	00464803          	lbu	a6,4(a2)
    8000108c:	f46800e3          	beq	a6,t1,80000fcc <sglib___rbtree_fix_right_deletion_discrepancy+0x94>
    80001090:	00d53023          	sd	a3,0(a0)
    80001094:	00f6b423          	sd	a5,8(a3)
    80001098:	00e6b823          	sd	a4,16(a3)
    8000109c:	00b7b423          	sd	a1,8(a5)
    800010a0:	0117b823          	sd	a7,16(a5)
    800010a4:	00c73423          	sd	a2,8(a4)
    800010a8:	00088223          	sb	zero,4(a7)
    800010ac:	eedff06f          	j	80000f98 <sglib___rbtree_fix_right_deletion_discrepancy+0x60>

00000000800010b0 <sglib___rbtree_delete_rightmost_leaf>:
    800010b0:	ff010113          	addi	sp,sp,-16
    800010b4:	00813023          	sd	s0,0(sp)
    800010b8:	00050413          	mv	s0,a0
    800010bc:	00053503          	ld	a0,0(a0)
    800010c0:	00113423          	sd	ra,8(sp)
    800010c4:	01053703          	ld	a4,16(a0)
    800010c8:	02070063          	beqz	a4,800010e8 <sglib___rbtree_delete_rightmost_leaf+0x38>
    800010cc:	01050513          	addi	a0,a0,16
    800010d0:	fe1ff0ef          	jal	800010b0 <sglib___rbtree_delete_rightmost_leaf>
    800010d4:	04051663          	bnez	a0,80001120 <sglib___rbtree_delete_rightmost_leaf+0x70>
    800010d8:	00813083          	ld	ra,8(sp)
    800010dc:	00013403          	ld	s0,0(sp)
    800010e0:	01010113          	addi	sp,sp,16
    800010e4:	00008067          	ret
    800010e8:	00a5b023          	sd	a0,0(a1)
    800010ec:	00853783          	ld	a5,8(a0)
    800010f0:	04078263          	beqz	a5,80001134 <sglib___rbtree_delete_rightmost_leaf+0x84>
    800010f4:	00454703          	lbu	a4,4(a0)
    800010f8:	00000513          	li	a0,0
    800010fc:	00071663          	bnez	a4,80001108 <sglib___rbtree_delete_rightmost_leaf+0x58>
    80001100:	0047c503          	lbu	a0,4(a5)
    80001104:	00153513          	seqz	a0,a0
    80001108:	00078223          	sb	zero,4(a5)
    8000110c:	00813083          	ld	ra,8(sp)
    80001110:	00f43023          	sd	a5,0(s0)
    80001114:	00013403          	ld	s0,0(sp)
    80001118:	01010113          	addi	sp,sp,16
    8000111c:	00008067          	ret
    80001120:	00040513          	mv	a0,s0
    80001124:	00013403          	ld	s0,0(sp)
    80001128:	00813083          	ld	ra,8(sp)
    8000112c:	01010113          	addi	sp,sp,16
    80001130:	e09ff06f          	j	80000f38 <sglib___rbtree_fix_right_deletion_discrepancy>
    80001134:	00043023          	sd	zero,0(s0)
    80001138:	00454503          	lbu	a0,4(a0)
    8000113c:	00813083          	ld	ra,8(sp)
    80001140:	00013403          	ld	s0,0(sp)
    80001144:	00153513          	seqz	a0,a0
    80001148:	01010113          	addi	sp,sp,16
    8000114c:	00008067          	ret

0000000080001150 <sglib___rbtree_consistency_check_recursive>:
    80001150:	fd010113          	addi	sp,sp,-48
    80001154:	00913c23          	sd	s1,24(sp)
    80001158:	01213823          	sd	s2,16(sp)
    8000115c:	02113423          	sd	ra,40(sp)
    80001160:	00058493          	mv	s1,a1
    80001164:	00060913          	mv	s2,a2
    80001168:	04050063          	beqz	a0,800011a8 <sglib___rbtree_consistency_check_recursive+0x58>
    8000116c:	02813023          	sd	s0,32(sp)
    80001170:	01313423          	sd	s3,8(sp)
    80001174:	00050413          	mv	s0,a0
    80001178:	00100993          	li	s3,1
    8000117c:	00444783          	lbu	a5,4(s0)
    80001180:	00843503          	ld	a0,8(s0)
    80001184:	00048593          	mv	a1,s1
    80001188:	01378463          	beq	a5,s3,80001190 <sglib___rbtree_consistency_check_recursive+0x40>
    8000118c:	0019091b          	addiw	s2,s2,1
    80001190:	00090613          	mv	a2,s2
    80001194:	fbdff0ef          	jal	80001150 <sglib___rbtree_consistency_check_recursive>
    80001198:	01043403          	ld	s0,16(s0)
    8000119c:	fe0410e3          	bnez	s0,8000117c <sglib___rbtree_consistency_check_recursive+0x2c>
    800011a0:	02013403          	ld	s0,32(sp)
    800011a4:	00813983          	ld	s3,8(sp)
    800011a8:	0004a783          	lw	a5,0(s1)
    800011ac:	0007d463          	bgez	a5,800011b4 <sglib___rbtree_consistency_check_recursive+0x64>
    800011b0:	0124a023          	sw	s2,0(s1)
    800011b4:	02813083          	ld	ra,40(sp)
    800011b8:	01813483          	ld	s1,24(sp)
    800011bc:	01013903          	ld	s2,16(sp)
    800011c0:	03010113          	addi	sp,sp,48
    800011c4:	00008067          	ret

00000000800011c8 <sglib___rbtree_add_recursive.constprop.0>:
    800011c8:	fe010113          	addi	sp,sp,-32
    800011cc:	00913423          	sd	s1,8(sp)
    800011d0:	00053483          	ld	s1,0(a0)
    800011d4:	00813823          	sd	s0,16(sp)
    800011d8:	00113c23          	sd	ra,24(sp)
    800011dc:	00050413          	mv	s0,a0
    800011e0:	0c048263          	beqz	s1,800012a4 <sglib___rbtree_add_recursive.constprop.0+0xdc>
    800011e4:	0005a783          	lw	a5,0(a1)
    800011e8:	0004a703          	lw	a4,0(s1)
    800011ec:	40e787bb          	subw	a5,a5,a4
    800011f0:	0007c663          	bltz	a5,800011fc <sglib___rbtree_add_recursive.constprop.0+0x34>
    800011f4:	02079663          	bnez	a5,80001220 <sglib___rbtree_add_recursive.constprop.0+0x58>
    800011f8:	0295f463          	bgeu	a1,s1,80001220 <sglib___rbtree_add_recursive.constprop.0+0x58>
    800011fc:	00848513          	addi	a0,s1,8
    80001200:	fc9ff0ef          	jal	800011c8 <sglib___rbtree_add_recursive.constprop.0>
    80001204:	0044c783          	lbu	a5,4(s1)
    80001208:	0a078e63          	beqz	a5,800012c4 <sglib___rbtree_add_recursive.constprop.0+0xfc>
    8000120c:	01813083          	ld	ra,24(sp)
    80001210:	01013403          	ld	s0,16(sp)
    80001214:	00813483          	ld	s1,8(sp)
    80001218:	02010113          	addi	sp,sp,32
    8000121c:	00008067          	ret
    80001220:	01048513          	addi	a0,s1,16
    80001224:	fa5ff0ef          	jal	800011c8 <sglib___rbtree_add_recursive.constprop.0>
    80001228:	0044c783          	lbu	a5,4(s1)
    8000122c:	fe0790e3          	bnez	a5,8000120c <sglib___rbtree_add_recursive.constprop.0+0x44>
    80001230:	00043783          	ld	a5,0(s0)
    80001234:	0107b703          	ld	a4,16(a5)
    80001238:	0087b683          	ld	a3,8(a5)
    8000123c:	00474603          	lbu	a2,4(a4)
    80001240:	00068863          	beqz	a3,80001250 <sglib___rbtree_add_recursive.constprop.0+0x88>
    80001244:	0046c583          	lbu	a1,4(a3)
    80001248:	00100513          	li	a0,1
    8000124c:	16a58063          	beq	a1,a0,800013ac <sglib___rbtree_add_recursive.constprop.0+0x1e4>
    80001250:	00100693          	li	a3,1
    80001254:	fad61ce3          	bne	a2,a3,8000120c <sglib___rbtree_add_recursive.constprop.0+0x44>
    80001258:	01073583          	ld	a1,16(a4)
    8000125c:	00873683          	ld	a3,8(a4)
    80001260:	00058663          	beqz	a1,8000126c <sglib___rbtree_add_recursive.constprop.0+0xa4>
    80001264:	0045c503          	lbu	a0,4(a1)
    80001268:	0ec50663          	beq	a0,a2,80001354 <sglib___rbtree_add_recursive.constprop.0+0x18c>
    8000126c:	fa0680e3          	beqz	a3,8000120c <sglib___rbtree_add_recursive.constprop.0+0x44>
    80001270:	0046c603          	lbu	a2,4(a3)
    80001274:	00100593          	li	a1,1
    80001278:	f8b61ae3          	bne	a2,a1,8000120c <sglib___rbtree_add_recursive.constprop.0+0x44>
    8000127c:	0106b503          	ld	a0,16(a3)
    80001280:	0086b583          	ld	a1,8(a3)
    80001284:	00a73423          	sd	a0,8(a4)
    80001288:	00b7b823          	sd	a1,16(a5)
    8000128c:	00e6b823          	sd	a4,16(a3)
    80001290:	00f6b423          	sd	a5,8(a3)
    80001294:	00068223          	sb	zero,4(a3)
    80001298:	00c78223          	sb	a2,4(a5)
    8000129c:	00d43023          	sd	a3,0(s0)
    800012a0:	f6dff06f          	j	8000120c <sglib___rbtree_add_recursive.constprop.0+0x44>
    800012a4:	00100793          	li	a5,1
    800012a8:	00f58223          	sb	a5,4(a1)
    800012ac:	01813083          	ld	ra,24(sp)
    800012b0:	01013403          	ld	s0,16(sp)
    800012b4:	00b53023          	sd	a1,0(a0)
    800012b8:	00813483          	ld	s1,8(sp)
    800012bc:	02010113          	addi	sp,sp,32
    800012c0:	00008067          	ret
    800012c4:	00043783          	ld	a5,0(s0)
    800012c8:	0087b703          	ld	a4,8(a5)
    800012cc:	0107b683          	ld	a3,16(a5)
    800012d0:	00474603          	lbu	a2,4(a4)
    800012d4:	00068863          	beqz	a3,800012e4 <sglib___rbtree_add_recursive.constprop.0+0x11c>
    800012d8:	0046c583          	lbu	a1,4(a3)
    800012dc:	00100513          	li	a0,1
    800012e0:	08a58863          	beq	a1,a0,80001370 <sglib___rbtree_add_recursive.constprop.0+0x1a8>
    800012e4:	00100693          	li	a3,1
    800012e8:	f2d612e3          	bne	a2,a3,8000120c <sglib___rbtree_add_recursive.constprop.0+0x44>
    800012ec:	00873583          	ld	a1,8(a4)
    800012f0:	01073683          	ld	a3,16(a4)
    800012f4:	00058663          	beqz	a1,80001300 <sglib___rbtree_add_recursive.constprop.0+0x138>
    800012f8:	0045c503          	lbu	a0,4(a1)
    800012fc:	02c50e63          	beq	a0,a2,80001338 <sglib___rbtree_add_recursive.constprop.0+0x170>
    80001300:	f00686e3          	beqz	a3,8000120c <sglib___rbtree_add_recursive.constprop.0+0x44>
    80001304:	0046c603          	lbu	a2,4(a3)
    80001308:	00100593          	li	a1,1
    8000130c:	f0b610e3          	bne	a2,a1,8000120c <sglib___rbtree_add_recursive.constprop.0+0x44>
    80001310:	0086b503          	ld	a0,8(a3)
    80001314:	0106b583          	ld	a1,16(a3)
    80001318:	00a73823          	sd	a0,16(a4)
    8000131c:	00b7b423          	sd	a1,8(a5)
    80001320:	00e6b423          	sd	a4,8(a3)
    80001324:	00f6b823          	sd	a5,16(a3)
    80001328:	00068223          	sb	zero,4(a3)
    8000132c:	00c78223          	sb	a2,4(a5)
    80001330:	00d43023          	sd	a3,0(s0)
    80001334:	ed9ff06f          	j	8000120c <sglib___rbtree_add_recursive.constprop.0+0x44>
    80001338:	00d7b423          	sd	a3,8(a5)
    8000133c:	00b73423          	sd	a1,8(a4)
    80001340:	00f73823          	sd	a5,16(a4)
    80001344:	00c78223          	sb	a2,4(a5)
    80001348:	00070223          	sb	zero,4(a4)
    8000134c:	00e43023          	sd	a4,0(s0)
    80001350:	ebdff06f          	j	8000120c <sglib___rbtree_add_recursive.constprop.0+0x44>
    80001354:	00d7b823          	sd	a3,16(a5)
    80001358:	00b73823          	sd	a1,16(a4)
    8000135c:	00f73423          	sd	a5,8(a4)
    80001360:	00c78223          	sb	a2,4(a5)
    80001364:	00070223          	sb	zero,4(a4)
    80001368:	00e43023          	sd	a4,0(s0)
    8000136c:	ea1ff06f          	j	8000120c <sglib___rbtree_add_recursive.constprop.0+0x44>
    80001370:	e8b61ee3          	bne	a2,a1,8000120c <sglib___rbtree_add_recursive.constprop.0+0x44>
    80001374:	00873583          	ld	a1,8(a4)
    80001378:	00058663          	beqz	a1,80001384 <sglib___rbtree_add_recursive.constprop.0+0x1bc>
    8000137c:	0045c583          	lbu	a1,4(a1)
    80001380:	00c58c63          	beq	a1,a2,80001398 <sglib___rbtree_add_recursive.constprop.0+0x1d0>
    80001384:	01073603          	ld	a2,16(a4)
    80001388:	e80602e3          	beqz	a2,8000120c <sglib___rbtree_add_recursive.constprop.0+0x44>
    8000138c:	00464583          	lbu	a1,4(a2)
    80001390:	00100613          	li	a2,1
    80001394:	e6c59ce3          	bne	a1,a2,8000120c <sglib___rbtree_add_recursive.constprop.0+0x44>
    80001398:	00070223          	sb	zero,4(a4)
    8000139c:	00068223          	sb	zero,4(a3)
    800013a0:	00100713          	li	a4,1
    800013a4:	00e78223          	sb	a4,4(a5)
    800013a8:	e65ff06f          	j	8000120c <sglib___rbtree_add_recursive.constprop.0+0x44>
    800013ac:	e6b610e3          	bne	a2,a1,8000120c <sglib___rbtree_add_recursive.constprop.0+0x44>
    800013b0:	01073583          	ld	a1,16(a4)
    800013b4:	00058663          	beqz	a1,800013c0 <sglib___rbtree_add_recursive.constprop.0+0x1f8>
    800013b8:	0045c583          	lbu	a1,4(a1)
    800013bc:	fcc58ee3          	beq	a1,a2,80001398 <sglib___rbtree_add_recursive.constprop.0+0x1d0>
    800013c0:	00873603          	ld	a2,8(a4)
    800013c4:	fc0614e3          	bnez	a2,8000138c <sglib___rbtree_add_recursive.constprop.0+0x1c4>
    800013c8:	e45ff06f          	j	8000120c <sglib___rbtree_add_recursive.constprop.0+0x44>

00000000800013cc <sglib_dllist_add>:
    800013cc:	00053783          	ld	a5,0(a0)
    800013d0:	02078463          	beqz	a5,800013f8 <sglib_dllist_add+0x2c>
    800013d4:	0107b703          	ld	a4,16(a5)
    800013d8:	00f5b423          	sd	a5,8(a1)
    800013dc:	00e5b823          	sd	a4,16(a1)
    800013e0:	00053783          	ld	a5,0(a0)
    800013e4:	00b7b823          	sd	a1,16(a5)
    800013e8:	0105b783          	ld	a5,16(a1)
    800013ec:	00078463          	beqz	a5,800013f4 <sglib_dllist_add+0x28>
    800013f0:	00b7b423          	sd	a1,8(a5)
    800013f4:	00008067          	ret
    800013f8:	00b53023          	sd	a1,0(a0)
    800013fc:	0005b823          	sd	zero,16(a1)
    80001400:	00053783          	ld	a5,0(a0)
    80001404:	0007b423          	sd	zero,8(a5)
    80001408:	00008067          	ret

000000008000140c <sglib_dllist_add_after>:
    8000140c:	00053783          	ld	a5,0(a0)
    80001410:	02078463          	beqz	a5,80001438 <sglib_dllist_add_after+0x2c>
    80001414:	0087b783          	ld	a5,8(a5)
    80001418:	00f5b423          	sd	a5,8(a1)
    8000141c:	00053783          	ld	a5,0(a0)
    80001420:	00f5b823          	sd	a5,16(a1)
    80001424:	00b7b423          	sd	a1,8(a5)
    80001428:	0085b783          	ld	a5,8(a1)
    8000142c:	00078463          	beqz	a5,80001434 <sglib_dllist_add_after+0x28>
    80001430:	00b7b823          	sd	a1,16(a5)
    80001434:	00008067          	ret
    80001438:	00b53023          	sd	a1,0(a0)
    8000143c:	0005b823          	sd	zero,16(a1)
    80001440:	00053783          	ld	a5,0(a0)
    80001444:	0007b423          	sd	zero,8(a5)
    80001448:	00008067          	ret

000000008000144c <sglib_dllist_add_before>:
    8000144c:	00053783          	ld	a5,0(a0)
    80001450:	02078463          	beqz	a5,80001478 <sglib_dllist_add_before+0x2c>
    80001454:	0107b703          	ld	a4,16(a5)
    80001458:	00f5b423          	sd	a5,8(a1)
    8000145c:	00e5b823          	sd	a4,16(a1)
    80001460:	00053783          	ld	a5,0(a0)
    80001464:	00b7b823          	sd	a1,16(a5)
    80001468:	0105b783          	ld	a5,16(a1)
    8000146c:	00078463          	beqz	a5,80001474 <sglib_dllist_add_before+0x28>
    80001470:	00b7b423          	sd	a1,8(a5)
    80001474:	00008067          	ret
    80001478:	00b53023          	sd	a1,0(a0)
    8000147c:	0005b823          	sd	zero,16(a1)
    80001480:	00053783          	ld	a5,0(a0)
    80001484:	0007b423          	sd	zero,8(a5)
    80001488:	00008067          	ret

000000008000148c <sglib_dllist_add_if_not_member>:
    8000148c:	00053803          	ld	a6,0(a0)
    80001490:	04080663          	beqz	a6,800014dc <sglib_dllist_add_if_not_member+0x50>
    80001494:	0005a683          	lw	a3,0(a1)
    80001498:	00080793          	mv	a5,a6
    8000149c:	00c0006f          	j	800014a8 <sglib_dllist_add_if_not_member+0x1c>
    800014a0:	0107b783          	ld	a5,16(a5)
    800014a4:	00078c63          	beqz	a5,800014bc <sglib_dllist_add_if_not_member+0x30>
    800014a8:	0007a703          	lw	a4,0(a5)
    800014ac:	fed71ae3          	bne	a4,a3,800014a0 <sglib_dllist_add_if_not_member+0x14>
    800014b0:	00f63023          	sd	a5,0(a2)
    800014b4:	0017b513          	seqz	a0,a5
    800014b8:	00008067          	ret
    800014bc:	00883783          	ld	a5,8(a6)
    800014c0:	00079863          	bnez	a5,800014d0 <sglib_dllist_add_if_not_member+0x44>
    800014c4:	0180006f          	j	800014dc <sglib_dllist_add_if_not_member+0x50>
    800014c8:	0087b783          	ld	a5,8(a5)
    800014cc:	00078863          	beqz	a5,800014dc <sglib_dllist_add_if_not_member+0x50>
    800014d0:	0007a703          	lw	a4,0(a5)
    800014d4:	fed71ae3          	bne	a4,a3,800014c8 <sglib_dllist_add_if_not_member+0x3c>
    800014d8:	fd9ff06f          	j	800014b0 <sglib_dllist_add_if_not_member+0x24>
    800014dc:	00063023          	sd	zero,0(a2)
    800014e0:	00053783          	ld	a5,0(a0)
    800014e4:	02078663          	beqz	a5,80001510 <sglib_dllist_add_if_not_member+0x84>
    800014e8:	0107b703          	ld	a4,16(a5)
    800014ec:	00f5b423          	sd	a5,8(a1)
    800014f0:	00e5b823          	sd	a4,16(a1)
    800014f4:	00053783          	ld	a5,0(a0)
    800014f8:	00b7b823          	sd	a1,16(a5)
    800014fc:	0105b783          	ld	a5,16(a1)
    80001500:	00078463          	beqz	a5,80001508 <sglib_dllist_add_if_not_member+0x7c>
    80001504:	00b7b423          	sd	a1,8(a5)
    80001508:	00063783          	ld	a5,0(a2)
    8000150c:	fa9ff06f          	j	800014b4 <sglib_dllist_add_if_not_member+0x28>
    80001510:	00b53023          	sd	a1,0(a0)
    80001514:	0005b823          	sd	zero,16(a1)
    80001518:	00053783          	ld	a5,0(a0)
    8000151c:	0007b423          	sd	zero,8(a5)
    80001520:	00063783          	ld	a5,0(a2)
    80001524:	f91ff06f          	j	800014b4 <sglib_dllist_add_if_not_member+0x28>

0000000080001528 <sglib_dllist_add_after_if_not_member>:
    80001528:	00053803          	ld	a6,0(a0)
    8000152c:	04080663          	beqz	a6,80001578 <sglib_dllist_add_after_if_not_member+0x50>
    80001530:	0005a683          	lw	a3,0(a1)
    80001534:	00080793          	mv	a5,a6
    80001538:	00c0006f          	j	80001544 <sglib_dllist_add_after_if_not_member+0x1c>
    8000153c:	0107b783          	ld	a5,16(a5)
    80001540:	00078c63          	beqz	a5,80001558 <sglib_dllist_add_after_if_not_member+0x30>
    80001544:	0007a703          	lw	a4,0(a5)
    80001548:	fed71ae3          	bne	a4,a3,8000153c <sglib_dllist_add_after_if_not_member+0x14>
    8000154c:	00f63023          	sd	a5,0(a2)
    80001550:	0017b513          	seqz	a0,a5
    80001554:	00008067          	ret
    80001558:	00883783          	ld	a5,8(a6)
    8000155c:	00079863          	bnez	a5,8000156c <sglib_dllist_add_after_if_not_member+0x44>
    80001560:	0180006f          	j	80001578 <sglib_dllist_add_after_if_not_member+0x50>
    80001564:	0087b783          	ld	a5,8(a5)
    80001568:	00078863          	beqz	a5,80001578 <sglib_dllist_add_after_if_not_member+0x50>
    8000156c:	0007a703          	lw	a4,0(a5)
    80001570:	fed71ae3          	bne	a4,a3,80001564 <sglib_dllist_add_after_if_not_member+0x3c>
    80001574:	fd9ff06f          	j	8000154c <sglib_dllist_add_after_if_not_member+0x24>
    80001578:	00063023          	sd	zero,0(a2)
    8000157c:	00053783          	ld	a5,0(a0)
    80001580:	02078663          	beqz	a5,800015ac <sglib_dllist_add_after_if_not_member+0x84>
    80001584:	0087b783          	ld	a5,8(a5)
    80001588:	00f5b423          	sd	a5,8(a1)
    8000158c:	00053783          	ld	a5,0(a0)
    80001590:	00f5b823          	sd	a5,16(a1)
    80001594:	00b7b423          	sd	a1,8(a5)
    80001598:	0085b783          	ld	a5,8(a1)
    8000159c:	00078463          	beqz	a5,800015a4 <sglib_dllist_add_after_if_not_member+0x7c>
    800015a0:	00b7b823          	sd	a1,16(a5)
    800015a4:	00063783          	ld	a5,0(a2)
    800015a8:	fa9ff06f          	j	80001550 <sglib_dllist_add_after_if_not_member+0x28>
    800015ac:	00b53023          	sd	a1,0(a0)
    800015b0:	0005b823          	sd	zero,16(a1)
    800015b4:	00053783          	ld	a5,0(a0)
    800015b8:	0007b423          	sd	zero,8(a5)
    800015bc:	00063783          	ld	a5,0(a2)
    800015c0:	f91ff06f          	j	80001550 <sglib_dllist_add_after_if_not_member+0x28>

00000000800015c4 <sglib_dllist_add_before_if_not_member>:
    800015c4:	ec9ff06f          	j	8000148c <sglib_dllist_add_if_not_member>

00000000800015c8 <sglib_dllist_concat>:
    800015c8:	00053783          	ld	a5,0(a0)
    800015cc:	02078863          	beqz	a5,800015fc <sglib_dllist_concat+0x34>
    800015d0:	02058463          	beqz	a1,800015f8 <sglib_dllist_concat+0x30>
    800015d4:	00078713          	mv	a4,a5
    800015d8:	0087b783          	ld	a5,8(a5)
    800015dc:	fe079ce3          	bnez	a5,800015d4 <sglib_dllist_concat+0xc>
    800015e0:	0005b423          	sd	zero,8(a1)
    800015e4:	00e5b823          	sd	a4,16(a1)
    800015e8:	00b73423          	sd	a1,8(a4)
    800015ec:	0085b783          	ld	a5,8(a1)
    800015f0:	00078463          	beqz	a5,800015f8 <sglib_dllist_concat+0x30>
    800015f4:	00b7b823          	sd	a1,16(a5)
    800015f8:	00008067          	ret
    800015fc:	00b53023          	sd	a1,0(a0)
    80001600:	00008067          	ret

0000000080001604 <sglib_dllist_delete>:
    80001604:	00053683          	ld	a3,0(a0)
    80001608:	0105b783          	ld	a5,16(a1)
    8000160c:	0085b703          	ld	a4,8(a1)
    80001610:	02b68063          	beq	a3,a1,80001630 <sglib_dllist_delete+0x2c>
    80001614:	00070663          	beqz	a4,80001620 <sglib_dllist_delete+0x1c>
    80001618:	00f73823          	sd	a5,16(a4)
    8000161c:	0105b783          	ld	a5,16(a1)
    80001620:	00078463          	beqz	a5,80001628 <sglib_dllist_delete+0x24>
    80001624:	00e7b423          	sd	a4,8(a5)
    80001628:	00d53023          	sd	a3,0(a0)
    8000162c:	00008067          	ret
    80001630:	00078c63          	beqz	a5,80001648 <sglib_dllist_delete+0x44>
    80001634:	00078693          	mv	a3,a5
    80001638:	fe0706e3          	beqz	a4,80001624 <sglib_dllist_delete+0x20>
    8000163c:	00f73823          	sd	a5,16(a4)
    80001640:	0105b783          	ld	a5,16(a1)
    80001644:	fddff06f          	j	80001620 <sglib_dllist_delete+0x1c>
    80001648:	00070693          	mv	a3,a4
    8000164c:	fc0716e3          	bnez	a4,80001618 <sglib_dllist_delete+0x14>
    80001650:	fd9ff06f          	j	80001628 <sglib_dllist_delete+0x24>

0000000080001654 <sglib_dllist_delete_if_member>:
    80001654:	00053803          	ld	a6,0(a0)
    80001658:	08080e63          	beqz	a6,800016f4 <sglib_dllist_delete_if_member+0xa0>
    8000165c:	0005a683          	lw	a3,0(a1)
    80001660:	00080793          	mv	a5,a6
    80001664:	00c0006f          	j	80001670 <sglib_dllist_delete_if_member+0x1c>
    80001668:	0107b783          	ld	a5,16(a5)
    8000166c:	04078e63          	beqz	a5,800016c8 <sglib_dllist_delete_if_member+0x74>
    80001670:	0007a703          	lw	a4,0(a5)
    80001674:	fed71ae3          	bne	a4,a3,80001668 <sglib_dllist_delete_if_member+0x14>
    80001678:	00f63023          	sd	a5,0(a2)
    8000167c:	00053583          	ld	a1,0(a0)
    80001680:	0107b703          	ld	a4,16(a5)
    80001684:	0087b683          	ld	a3,8(a5)
    80001688:	02f58463          	beq	a1,a5,800016b0 <sglib_dllist_delete_if_member+0x5c>
    8000168c:	00068663          	beqz	a3,80001698 <sglib_dllist_delete_if_member+0x44>
    80001690:	00e6b823          	sd	a4,16(a3)
    80001694:	0107b703          	ld	a4,16(a5)
    80001698:	00070463          	beqz	a4,800016a0 <sglib_dllist_delete_if_member+0x4c>
    8000169c:	00d73423          	sd	a3,8(a4)
    800016a0:	00b53023          	sd	a1,0(a0)
    800016a4:	00063503          	ld	a0,0(a2)
    800016a8:	00a03533          	snez	a0,a0
    800016ac:	00008067          	ret
    800016b0:	02070c63          	beqz	a4,800016e8 <sglib_dllist_delete_if_member+0x94>
    800016b4:	00070593          	mv	a1,a4
    800016b8:	fe0682e3          	beqz	a3,8000169c <sglib_dllist_delete_if_member+0x48>
    800016bc:	00e6b823          	sd	a4,16(a3)
    800016c0:	0107b703          	ld	a4,16(a5)
    800016c4:	fd5ff06f          	j	80001698 <sglib_dllist_delete_if_member+0x44>
    800016c8:	00883783          	ld	a5,8(a6)
    800016cc:	00079863          	bnez	a5,800016dc <sglib_dllist_delete_if_member+0x88>
    800016d0:	0240006f          	j	800016f4 <sglib_dllist_delete_if_member+0xa0>
    800016d4:	0087b783          	ld	a5,8(a5)
    800016d8:	00078e63          	beqz	a5,800016f4 <sglib_dllist_delete_if_member+0xa0>
    800016dc:	0007a703          	lw	a4,0(a5)
    800016e0:	fed71ae3          	bne	a4,a3,800016d4 <sglib_dllist_delete_if_member+0x80>
    800016e4:	f95ff06f          	j	80001678 <sglib_dllist_delete_if_member+0x24>
    800016e8:	00068593          	mv	a1,a3
    800016ec:	fa0692e3          	bnez	a3,80001690 <sglib_dllist_delete_if_member+0x3c>
    800016f0:	fb1ff06f          	j	800016a0 <sglib_dllist_delete_if_member+0x4c>
    800016f4:	00063023          	sd	zero,0(a2)
    800016f8:	00000513          	li	a0,0
    800016fc:	00008067          	ret

0000000080001700 <sglib_dllist_is_member>:
    80001700:	02050863          	beqz	a0,80001730 <sglib_dllist_is_member+0x30>
    80001704:	02b50a63          	beq	a0,a1,80001738 <sglib_dllist_is_member+0x38>
    80001708:	00050793          	mv	a5,a0
    8000170c:	0080006f          	j	80001714 <sglib_dllist_is_member+0x14>
    80001710:	02f58463          	beq	a1,a5,80001738 <sglib_dllist_is_member+0x38>
    80001714:	0107b783          	ld	a5,16(a5)
    80001718:	fe079ce3          	bnez	a5,80001710 <sglib_dllist_is_member+0x10>
    8000171c:	00853783          	ld	a5,8(a0)
    80001720:	00078863          	beqz	a5,80001730 <sglib_dllist_is_member+0x30>
    80001724:	00f58a63          	beq	a1,a5,80001738 <sglib_dllist_is_member+0x38>
    80001728:	0087b783          	ld	a5,8(a5)
    8000172c:	fe079ce3          	bnez	a5,80001724 <sglib_dllist_is_member+0x24>
    80001730:	00000513          	li	a0,0
    80001734:	00008067          	ret
    80001738:	00100513          	li	a0,1
    8000173c:	00008067          	ret

0000000080001740 <sglib_dllist_find_member>:
    80001740:	00050693          	mv	a3,a0
    80001744:	04050263          	beqz	a0,80001788 <sglib_dllist_find_member+0x48>
    80001748:	0005a703          	lw	a4,0(a1)
    8000174c:	00c0006f          	j	80001758 <sglib_dllist_find_member+0x18>
    80001750:	01053503          	ld	a0,16(a0)
    80001754:	00050863          	beqz	a0,80001764 <sglib_dllist_find_member+0x24>
    80001758:	00052783          	lw	a5,0(a0)
    8000175c:	fee79ae3          	bne	a5,a4,80001750 <sglib_dllist_find_member+0x10>
    80001760:	00008067          	ret
    80001764:	0086b503          	ld	a0,8(a3)
    80001768:	00051863          	bnez	a0,80001778 <sglib_dllist_find_member+0x38>
    8000176c:	00008067          	ret
    80001770:	00853503          	ld	a0,8(a0)
    80001774:	00050863          	beqz	a0,80001784 <sglib_dllist_find_member+0x44>
    80001778:	00052783          	lw	a5,0(a0)
    8000177c:	fee79ae3          	bne	a5,a4,80001770 <sglib_dllist_find_member+0x30>
    80001780:	00008067          	ret
    80001784:	00008067          	ret
    80001788:	00000513          	li	a0,0
    8000178c:	00008067          	ret

0000000080001790 <sglib_dllist_get_first>:
    80001790:	00050793          	mv	a5,a0
    80001794:	00050a63          	beqz	a0,800017a8 <sglib_dllist_get_first+0x18>
    80001798:	00078513          	mv	a0,a5
    8000179c:	0107b783          	ld	a5,16(a5)
    800017a0:	fe079ce3          	bnez	a5,80001798 <sglib_dllist_get_first+0x8>
    800017a4:	00008067          	ret
    800017a8:	00000513          	li	a0,0
    800017ac:	00008067          	ret

00000000800017b0 <sglib_dllist_get_last>:
    800017b0:	00050793          	mv	a5,a0
    800017b4:	00050a63          	beqz	a0,800017c8 <sglib_dllist_get_last+0x18>
    800017b8:	00078513          	mv	a0,a5
    800017bc:	0087b783          	ld	a5,8(a5)
    800017c0:	fe079ce3          	bnez	a5,800017b8 <sglib_dllist_get_last+0x8>
    800017c4:	00008067          	ret
    800017c8:	00000513          	li	a0,0
    800017cc:	00008067          	ret

00000000800017d0 <sglib_dllist_sort>:
    800017d0:	00053e03          	ld	t3,0(a0)
    800017d4:	140e0863          	beqz	t3,80001924 <sglib_dllist_sort+0x154>
    800017d8:	ff010113          	addi	sp,sp,-16
    800017dc:	000e0793          	mv	a5,t3
    800017e0:	010e3e03          	ld	t3,16(t3)
    800017e4:	fe0e1ce3          	bnez	t3,800017dc <sglib_dllist_sort+0xc>
    800017e8:	00100593          	li	a1,1
    800017ec:	00100e93          	li	t4,1
    800017f0:	00013423          	sd	zero,8(sp)
    800017f4:	0c078e63          	beqz	a5,800018d0 <sglib_dllist_sort+0x100>
    800017f8:	00000893          	li	a7,0
    800017fc:	00810813          	addi	a6,sp,8
    80001800:	0087b603          	ld	a2,8(a5)
    80001804:	00078713          	mv	a4,a5
    80001808:	00100693          	li	a3,1
    8000180c:	00bec663          	blt	t4,a1,80001818 <sglib_dllist_sort+0x48>
    80001810:	1080006f          	j	80001918 <sglib_dllist_sort+0x148>
    80001814:	08070a63          	beqz	a4,800018a8 <sglib_dllist_sort+0xd8>
    80001818:	0016869b          	addiw	a3,a3,1
    8000181c:	00873703          	ld	a4,8(a4)
    80001820:	feb69ae3          	bne	a3,a1,80001814 <sglib_dllist_sort+0x44>
    80001824:	08070263          	beqz	a4,800018a8 <sglib_dllist_sort+0xd8>
    80001828:	00873683          	ld	a3,8(a4)
    8000182c:	00073423          	sd	zero,8(a4)
    80001830:	0e068e63          	beqz	a3,8000192c <sglib_dllist_sort+0x15c>
    80001834:	00068613          	mv	a2,a3
    80001838:	00100713          	li	a4,1
    8000183c:	0080006f          	j	80001844 <sglib_dllist_sort+0x74>
    80001840:	02060263          	beqz	a2,80001864 <sglib_dllist_sort+0x94>
    80001844:	0017071b          	addiw	a4,a4,1
    80001848:	00863603          	ld	a2,8(a2)
    8000184c:	feb71ae3          	bne	a4,a1,80001840 <sglib_dllist_sort+0x70>
    80001850:	00060863          	beqz	a2,80001860 <sglib_dllist_sort+0x90>
    80001854:	00863703          	ld	a4,8(a2)
    80001858:	00063423          	sd	zero,8(a2)
    8000185c:	00070613          	mv	a2,a4
    80001860:	0c068463          	beqz	a3,80001928 <sglib_dllist_sort+0x158>
    80001864:	0007a303          	lw	t1,0(a5)
    80001868:	0006a883          	lw	a7,0(a3)
    8000186c:	03134063          	blt	t1,a7,8000188c <sglib_dllist_sort+0xbc>
    80001870:	00d83023          	sd	a3,0(a6)
    80001874:	0086b703          	ld	a4,8(a3)
    80001878:	00868813          	addi	a6,a3,8
    8000187c:	06070063          	beqz	a4,800018dc <sglib_dllist_sort+0x10c>
    80001880:	00072883          	lw	a7,0(a4)
    80001884:	00070693          	mv	a3,a4
    80001888:	ff1354e3          	bge	t1,a7,80001870 <sglib_dllist_sort+0xa0>
    8000188c:	00f83023          	sd	a5,0(a6)
    80001890:	0087b703          	ld	a4,8(a5)
    80001894:	00878813          	addi	a6,a5,8
    80001898:	06070a63          	beqz	a4,8000190c <sglib_dllist_sort+0x13c>
    8000189c:	00072303          	lw	t1,0(a4)
    800018a0:	00070793          	mv	a5,a4
    800018a4:	fc9ff06f          	j	8000186c <sglib_dllist_sort+0x9c>
    800018a8:	00f83023          	sd	a5,0(a6)
    800018ac:	00813783          	ld	a5,8(sp)
    800018b0:	0015959b          	slliw	a1,a1,0x1
    800018b4:	f2089ee3          	bnez	a7,800017f0 <sglib_dllist_sort+0x20>
    800018b8:	00078c63          	beqz	a5,800018d0 <sglib_dllist_sort+0x100>
    800018bc:	00078713          	mv	a4,a5
    800018c0:	01c73823          	sd	t3,16(a4)
    800018c4:	00070e13          	mv	t3,a4
    800018c8:	00873703          	ld	a4,8(a4)
    800018cc:	fe071ae3          	bnez	a4,800018c0 <sglib_dllist_sort+0xf0>
    800018d0:	00f53023          	sd	a5,0(a0)
    800018d4:	01010113          	addi	sp,sp,16
    800018d8:	00008067          	ret
    800018dc:	00078c63          	beqz	a5,800018f4 <sglib_dllist_sort+0x124>
    800018e0:	00f6b423          	sd	a5,8(a3)
    800018e4:	00078813          	mv	a6,a5
    800018e8:	0087b783          	ld	a5,8(a5)
    800018ec:	fe079ce3          	bnez	a5,800018e4 <sglib_dllist_sort+0x114>
    800018f0:	00880813          	addi	a6,a6,8
    800018f4:	00060793          	mv	a5,a2
    800018f8:	00100893          	li	a7,1
    800018fc:	f00612e3          	bnez	a2,80001800 <sglib_dllist_sort+0x30>
    80001900:	00813783          	ld	a5,8(sp)
    80001904:	0015959b          	slliw	a1,a1,0x1
    80001908:	ee9ff06f          	j	800017f0 <sglib_dllist_sort+0x20>
    8000190c:	00d7b423          	sd	a3,8(a5)
    80001910:	00068793          	mv	a5,a3
    80001914:	fd1ff06f          	j	800018e4 <sglib_dllist_sort+0x114>
    80001918:	0007b423          	sd	zero,8(a5)
    8000191c:	00060693          	mv	a3,a2
    80001920:	f31ff06f          	j	80001850 <sglib_dllist_sort+0x80>
    80001924:	00008067          	ret
    80001928:	00060693          	mv	a3,a2
    8000192c:	00f83023          	sd	a5,0(a6)
    80001930:	00068613          	mv	a2,a3
    80001934:	fb1ff06f          	j	800018e4 <sglib_dllist_sort+0x114>

0000000080001938 <sglib_dllist_len>:
    80001938:	00050693          	mv	a3,a0
    8000193c:	02050e63          	beqz	a0,80001978 <sglib_dllist_len+0x40>
    80001940:	00050793          	mv	a5,a0
    80001944:	00000513          	li	a0,0
    80001948:	0107b783          	ld	a5,16(a5)
    8000194c:	0015051b          	addiw	a0,a0,1
    80001950:	00050713          	mv	a4,a0
    80001954:	fe079ae3          	bnez	a5,80001948 <sglib_dllist_len+0x10>
    80001958:	0086b783          	ld	a5,8(a3)
    8000195c:	02078063          	beqz	a5,8000197c <sglib_dllist_len+0x44>
    80001960:	00000693          	li	a3,0
    80001964:	0087b783          	ld	a5,8(a5)
    80001968:	0016869b          	addiw	a3,a3,1
    8000196c:	fe079ce3          	bnez	a5,80001964 <sglib_dllist_len+0x2c>
    80001970:	00e6853b          	addw	a0,a3,a4
    80001974:	00008067          	ret
    80001978:	00000513          	li	a0,0
    8000197c:	00008067          	ret

0000000080001980 <sglib_dllist_reverse>:
    80001980:	00053683          	ld	a3,0(a0)
    80001984:	04068663          	beqz	a3,800019d0 <sglib_dllist_reverse+0x50>
    80001988:	0086b703          	ld	a4,8(a3)
    8000198c:	0106b783          	ld	a5,16(a3)
    80001990:	00e6b823          	sd	a4,16(a3)
    80001994:	00f6b423          	sd	a5,8(a3)
    80001998:	00078e63          	beqz	a5,800019b4 <sglib_dllist_reverse+0x34>
    8000199c:	0087b603          	ld	a2,8(a5)
    800019a0:	00078693          	mv	a3,a5
    800019a4:	0107b783          	ld	a5,16(a5)
    800019a8:	00c6b823          	sd	a2,16(a3)
    800019ac:	00f6b423          	sd	a5,8(a3)
    800019b0:	fe0796e3          	bnez	a5,8000199c <sglib_dllist_reverse+0x1c>
    800019b4:	00070e63          	beqz	a4,800019d0 <sglib_dllist_reverse+0x50>
    800019b8:	01073683          	ld	a3,16(a4)
    800019bc:	00070793          	mv	a5,a4
    800019c0:	00873703          	ld	a4,8(a4)
    800019c4:	00d7b423          	sd	a3,8(a5)
    800019c8:	00e7b823          	sd	a4,16(a5)
    800019cc:	fe0716e3          	bnez	a4,800019b8 <sglib_dllist_reverse+0x38>
    800019d0:	00008067          	ret

00000000800019d4 <sglib_dllist_it_current>:
    800019d4:	00053503          	ld	a0,0(a0)
    800019d8:	00008067          	ret

00000000800019dc <sglib_dllist_it_next>:
    800019dc:	fd010113          	addi	sp,sp,-48
    800019e0:	00913c23          	sd	s1,24(sp)
    800019e4:	01853483          	ld	s1,24(a0)
    800019e8:	02813023          	sd	s0,32(sp)
    800019ec:	01213823          	sd	s2,16(sp)
    800019f0:	02113423          	sd	ra,40(sp)
    800019f4:	00853403          	ld	s0,8(a0)
    800019f8:	00053423          	sd	zero,8(a0)
    800019fc:	00050913          	mv	s2,a0
    80001a00:	04048c63          	beqz	s1,80001a58 <sglib_dllist_it_next+0x7c>
    80001a04:	01313423          	sd	s3,8(sp)
    80001a08:	02053983          	ld	s3,32(a0)
    80001a0c:	00041863          	bnez	s0,80001a1c <sglib_dllist_it_next+0x40>
    80001a10:	0d80006f          	j	80001ae8 <sglib_dllist_it_next+0x10c>
    80001a14:	01043403          	ld	s0,16(s0)
    80001a18:	04040c63          	beqz	s0,80001a70 <sglib_dllist_it_next+0x94>
    80001a1c:	00040593          	mv	a1,s0
    80001a20:	00098513          	mv	a0,s3
    80001a24:	000480e7          	jalr	s1
    80001a28:	fe0516e3          	bnez	a0,80001a14 <sglib_dllist_it_next+0x38>
    80001a2c:	00813983          	ld	s3,8(sp)
    80001a30:	01043783          	ld	a5,16(s0)
    80001a34:	00f93423          	sd	a5,8(s2)
    80001a38:	00893023          	sd	s0,0(s2)
    80001a3c:	02813083          	ld	ra,40(sp)
    80001a40:	00040513          	mv	a0,s0
    80001a44:	02013403          	ld	s0,32(sp)
    80001a48:	01813483          	ld	s1,24(sp)
    80001a4c:	01013903          	ld	s2,16(sp)
    80001a50:	03010113          	addi	sp,sp,48
    80001a54:	00008067          	ret
    80001a58:	fc041ce3          	bnez	s0,80001a30 <sglib_dllist_it_next+0x54>
    80001a5c:	01093403          	ld	s0,16(s2)
    80001a60:	00093823          	sd	zero,16(s2)
    80001a64:	04041263          	bnez	s0,80001aa8 <sglib_dllist_it_next+0xcc>
    80001a68:	00000413          	li	s0,0
    80001a6c:	fcdff06f          	j	80001a38 <sglib_dllist_it_next+0x5c>
    80001a70:	01893483          	ld	s1,24(s2)
    80001a74:	01093403          	ld	s0,16(s2)
    80001a78:	00093823          	sd	zero,16(s2)
    80001a7c:	04048a63          	beqz	s1,80001ad0 <sglib_dllist_it_next+0xf4>
    80001a80:	02093983          	ld	s3,32(s2)
    80001a84:	00041863          	bnez	s0,80001a94 <sglib_dllist_it_next+0xb8>
    80001a88:	06c0006f          	j	80001af4 <sglib_dllist_it_next+0x118>
    80001a8c:	00843403          	ld	s0,8(s0)
    80001a90:	04040663          	beqz	s0,80001adc <sglib_dllist_it_next+0x100>
    80001a94:	00098593          	mv	a1,s3
    80001a98:	00040513          	mv	a0,s0
    80001a9c:	000480e7          	jalr	s1
    80001aa0:	fe0516e3          	bnez	a0,80001a8c <sglib_dllist_it_next+0xb0>
    80001aa4:	00813983          	ld	s3,8(sp)
    80001aa8:	00843783          	ld	a5,8(s0)
    80001aac:	02813083          	ld	ra,40(sp)
    80001ab0:	00893023          	sd	s0,0(s2)
    80001ab4:	00040513          	mv	a0,s0
    80001ab8:	02013403          	ld	s0,32(sp)
    80001abc:	00f93823          	sd	a5,16(s2)
    80001ac0:	01813483          	ld	s1,24(sp)
    80001ac4:	01013903          	ld	s2,16(sp)
    80001ac8:	03010113          	addi	sp,sp,48
    80001acc:	00008067          	ret
    80001ad0:	00813983          	ld	s3,8(sp)
    80001ad4:	fc041ae3          	bnez	s0,80001aa8 <sglib_dllist_it_next+0xcc>
    80001ad8:	f91ff06f          	j	80001a68 <sglib_dllist_it_next+0x8c>
    80001adc:	00813983          	ld	s3,8(sp)
    80001ae0:	00000413          	li	s0,0
    80001ae4:	f55ff06f          	j	80001a38 <sglib_dllist_it_next+0x5c>
    80001ae8:	01053403          	ld	s0,16(a0)
    80001aec:	00053823          	sd	zero,16(a0)
    80001af0:	f95ff06f          	j	80001a84 <sglib_dllist_it_next+0xa8>
    80001af4:	00813983          	ld	s3,8(sp)
    80001af8:	f41ff06f          	j	80001a38 <sglib_dllist_it_next+0x5c>

0000000080001afc <sglib_dllist_it_init_on_equal>:
    80001afc:	00c53c23          	sd	a2,24(a0)
    80001b00:	02d53023          	sd	a3,32(a0)
    80001b04:	00b53423          	sd	a1,8(a0)
    80001b08:	00b53823          	sd	a1,16(a0)
    80001b0c:	00058663          	beqz	a1,80001b18 <sglib_dllist_it_init_on_equal+0x1c>
    80001b10:	0085b783          	ld	a5,8(a1)
    80001b14:	00f53823          	sd	a5,16(a0)
    80001b18:	ec5ff06f          	j	800019dc <sglib_dllist_it_next>

0000000080001b1c <sglib_dllist_it_init>:
    80001b1c:	00053c23          	sd	zero,24(a0)
    80001b20:	02053023          	sd	zero,32(a0)
    80001b24:	00b53423          	sd	a1,8(a0)
    80001b28:	00b53823          	sd	a1,16(a0)
    80001b2c:	00058663          	beqz	a1,80001b38 <sglib_dllist_it_init+0x1c>
    80001b30:	0085b783          	ld	a5,8(a1)
    80001b34:	00f53823          	sd	a5,16(a0)
    80001b38:	ea5ff06f          	j	800019dc <sglib_dllist_it_next>

0000000080001b3c <ilist_hash_function>:
    80001b3c:	00052503          	lw	a0,0(a0)
    80001b40:	00008067          	ret

0000000080001b44 <sglib_ilist_is_member>:
    80001b44:	00050863          	beqz	a0,80001b54 <sglib_ilist_is_member+0x10>
    80001b48:	00b50a63          	beq	a0,a1,80001b5c <sglib_ilist_is_member+0x18>
    80001b4c:	00853503          	ld	a0,8(a0)
    80001b50:	fe051ce3          	bnez	a0,80001b48 <sglib_ilist_is_member+0x4>
    80001b54:	00000513          	li	a0,0
    80001b58:	00008067          	ret
    80001b5c:	00100513          	li	a0,1
    80001b60:	00008067          	ret

0000000080001b64 <sglib_ilist_find_member>:
    80001b64:	02050063          	beqz	a0,80001b84 <sglib_ilist_find_member+0x20>
    80001b68:	0005a703          	lw	a4,0(a1)
    80001b6c:	00c0006f          	j	80001b78 <sglib_ilist_find_member+0x14>
    80001b70:	00853503          	ld	a0,8(a0)
    80001b74:	00050a63          	beqz	a0,80001b88 <sglib_ilist_find_member+0x24>
    80001b78:	00052783          	lw	a5,0(a0)
    80001b7c:	fee79ae3          	bne	a5,a4,80001b70 <sglib_ilist_find_member+0xc>
    80001b80:	00008067          	ret
    80001b84:	00000513          	li	a0,0
    80001b88:	00008067          	ret

0000000080001b8c <sglib_ilist_add_if_not_member>:
    80001b8c:	00053783          	ld	a5,0(a0)
    80001b90:	02078463          	beqz	a5,80001bb8 <sglib_ilist_add_if_not_member+0x2c>
    80001b94:	0005a683          	lw	a3,0(a1)
    80001b98:	00c0006f          	j	80001ba4 <sglib_ilist_add_if_not_member+0x18>
    80001b9c:	0087b783          	ld	a5,8(a5)
    80001ba0:	00078c63          	beqz	a5,80001bb8 <sglib_ilist_add_if_not_member+0x2c>
    80001ba4:	0007a703          	lw	a4,0(a5)
    80001ba8:	fed71ae3          	bne	a4,a3,80001b9c <sglib_ilist_add_if_not_member+0x10>
    80001bac:	00f63023          	sd	a5,0(a2)
    80001bb0:	0017b513          	seqz	a0,a5
    80001bb4:	00008067          	ret
    80001bb8:	00063023          	sd	zero,0(a2)
    80001bbc:	00053783          	ld	a5,0(a0)
    80001bc0:	00f5b423          	sd	a5,8(a1)
    80001bc4:	00b53023          	sd	a1,0(a0)
    80001bc8:	00063783          	ld	a5,0(a2)
    80001bcc:	0017b513          	seqz	a0,a5
    80001bd0:	00008067          	ret

0000000080001bd4 <sglib_ilist_add>:
    80001bd4:	00053783          	ld	a5,0(a0)
    80001bd8:	00f5b423          	sd	a5,8(a1)
    80001bdc:	00b53023          	sd	a1,0(a0)
    80001be0:	00008067          	ret

0000000080001be4 <sglib_ilist_concat>:
    80001be4:	00053783          	ld	a5,0(a0)
    80001be8:	00078c63          	beqz	a5,80001c00 <sglib_ilist_concat+0x1c>
    80001bec:	00078713          	mv	a4,a5
    80001bf0:	0087b783          	ld	a5,8(a5)
    80001bf4:	fe079ce3          	bnez	a5,80001bec <sglib_ilist_concat+0x8>
    80001bf8:	00b73423          	sd	a1,8(a4)
    80001bfc:	00008067          	ret
    80001c00:	00b53023          	sd	a1,0(a0)
    80001c04:	00008067          	ret

0000000080001c08 <sglib_ilist_delete>:
    80001c08:	00053783          	ld	a5,0(a0)
    80001c0c:	00078a63          	beqz	a5,80001c20 <sglib_ilist_delete+0x18>
    80001c10:	00f58c63          	beq	a1,a5,80001c28 <sglib_ilist_delete+0x20>
    80001c14:	00878513          	addi	a0,a5,8
    80001c18:	0087b783          	ld	a5,8(a5)
    80001c1c:	fe079ae3          	bnez	a5,80001c10 <sglib_ilist_delete+0x8>
    80001c20:	00803783          	ld	a5,8(zero) # 8 <__boot_hart+0x8>
    80001c24:	00100073          	ebreak
    80001c28:	0085b783          	ld	a5,8(a1)
    80001c2c:	00f53023          	sd	a5,0(a0)
    80001c30:	00008067          	ret

0000000080001c34 <sglib_ilist_delete_if_member>:
    80001c34:	00053783          	ld	a5,0(a0)
    80001c38:	02078c63          	beqz	a5,80001c70 <sglib_ilist_delete_if_member+0x3c>
    80001c3c:	0005a683          	lw	a3,0(a1)
    80001c40:	0100006f          	j	80001c50 <sglib_ilist_delete_if_member+0x1c>
    80001c44:	00878513          	addi	a0,a5,8
    80001c48:	0087b783          	ld	a5,8(a5)
    80001c4c:	02078263          	beqz	a5,80001c70 <sglib_ilist_delete_if_member+0x3c>
    80001c50:	0007a703          	lw	a4,0(a5)
    80001c54:	fed718e3          	bne	a4,a3,80001c44 <sglib_ilist_delete_if_member+0x10>
    80001c58:	00f63023          	sd	a5,0(a2)
    80001c5c:	0087b783          	ld	a5,8(a5)
    80001c60:	00f53023          	sd	a5,0(a0)
    80001c64:	00063503          	ld	a0,0(a2)
    80001c68:	00a03533          	snez	a0,a0
    80001c6c:	00008067          	ret
    80001c70:	00063023          	sd	zero,0(a2)
    80001c74:	00000513          	li	a0,0
    80001c78:	00008067          	ret

0000000080001c7c <sglib_ilist_sort>:
    80001c7c:	00053783          	ld	a5,0(a0)
    80001c80:	ff010113          	addi	sp,sp,-16
    80001c84:	00100593          	li	a1,1
    80001c88:	00100e13          	li	t3,1
    80001c8c:	00013423          	sd	zero,8(sp)
    80001c90:	0c078263          	beqz	a5,80001d54 <sglib_ilist_sort+0xd8>
    80001c94:	00000893          	li	a7,0
    80001c98:	00810813          	addi	a6,sp,8
    80001c9c:	0087b603          	ld	a2,8(a5)
    80001ca0:	00078713          	mv	a4,a5
    80001ca4:	00100693          	li	a3,1
    80001ca8:	00be4663          	blt	t3,a1,80001cb4 <sglib_ilist_sort+0x38>
    80001cac:	0f00006f          	j	80001d9c <sglib_ilist_sort+0x120>
    80001cb0:	08070a63          	beqz	a4,80001d44 <sglib_ilist_sort+0xc8>
    80001cb4:	0016869b          	addiw	a3,a3,1
    80001cb8:	00873703          	ld	a4,8(a4)
    80001cbc:	feb69ae3          	bne	a3,a1,80001cb0 <sglib_ilist_sort+0x34>
    80001cc0:	08070263          	beqz	a4,80001d44 <sglib_ilist_sort+0xc8>
    80001cc4:	00873683          	ld	a3,8(a4)
    80001cc8:	00073423          	sd	zero,8(a4)
    80001ccc:	0e068063          	beqz	a3,80001dac <sglib_ilist_sort+0x130>
    80001cd0:	00068613          	mv	a2,a3
    80001cd4:	00100713          	li	a4,1
    80001cd8:	0080006f          	j	80001ce0 <sglib_ilist_sort+0x64>
    80001cdc:	02060263          	beqz	a2,80001d00 <sglib_ilist_sort+0x84>
    80001ce0:	0017071b          	addiw	a4,a4,1
    80001ce4:	00863603          	ld	a2,8(a2)
    80001ce8:	feb71ae3          	bne	a4,a1,80001cdc <sglib_ilist_sort+0x60>
    80001cec:	00060863          	beqz	a2,80001cfc <sglib_ilist_sort+0x80>
    80001cf0:	00863703          	ld	a4,8(a2)
    80001cf4:	00063423          	sd	zero,8(a2)
    80001cf8:	00070613          	mv	a2,a4
    80001cfc:	0a068663          	beqz	a3,80001da8 <sglib_ilist_sort+0x12c>
    80001d00:	0007a303          	lw	t1,0(a5)
    80001d04:	0006a883          	lw	a7,0(a3)
    80001d08:	03134063          	blt	t1,a7,80001d28 <sglib_ilist_sort+0xac>
    80001d0c:	00d83023          	sd	a3,0(a6)
    80001d10:	0086b703          	ld	a4,8(a3)
    80001d14:	00868813          	addi	a6,a3,8
    80001d18:	04070463          	beqz	a4,80001d60 <sglib_ilist_sort+0xe4>
    80001d1c:	00072883          	lw	a7,0(a4)
    80001d20:	00070693          	mv	a3,a4
    80001d24:	ff1354e3          	bge	t1,a7,80001d0c <sglib_ilist_sort+0x90>
    80001d28:	00f83023          	sd	a5,0(a6)
    80001d2c:	0087b703          	ld	a4,8(a5)
    80001d30:	00878813          	addi	a6,a5,8
    80001d34:	04070e63          	beqz	a4,80001d90 <sglib_ilist_sort+0x114>
    80001d38:	00072303          	lw	t1,0(a4)
    80001d3c:	00070793          	mv	a5,a4
    80001d40:	fc9ff06f          	j	80001d08 <sglib_ilist_sort+0x8c>
    80001d44:	00f83023          	sd	a5,0(a6)
    80001d48:	00813783          	ld	a5,8(sp)
    80001d4c:	0015959b          	slliw	a1,a1,0x1
    80001d50:	f2089ee3          	bnez	a7,80001c8c <sglib_ilist_sort+0x10>
    80001d54:	00f53023          	sd	a5,0(a0)
    80001d58:	01010113          	addi	sp,sp,16
    80001d5c:	00008067          	ret
    80001d60:	00078c63          	beqz	a5,80001d78 <sglib_ilist_sort+0xfc>
    80001d64:	00f6b423          	sd	a5,8(a3)
    80001d68:	00078813          	mv	a6,a5
    80001d6c:	0087b783          	ld	a5,8(a5)
    80001d70:	fe079ce3          	bnez	a5,80001d68 <sglib_ilist_sort+0xec>
    80001d74:	00880813          	addi	a6,a6,8
    80001d78:	00060793          	mv	a5,a2
    80001d7c:	00100893          	li	a7,1
    80001d80:	f0061ee3          	bnez	a2,80001c9c <sglib_ilist_sort+0x20>
    80001d84:	00813783          	ld	a5,8(sp)
    80001d88:	0015959b          	slliw	a1,a1,0x1
    80001d8c:	f01ff06f          	j	80001c8c <sglib_ilist_sort+0x10>
    80001d90:	00d7b423          	sd	a3,8(a5)
    80001d94:	00068793          	mv	a5,a3
    80001d98:	fd1ff06f          	j	80001d68 <sglib_ilist_sort+0xec>
    80001d9c:	0007b423          	sd	zero,8(a5)
    80001da0:	00060693          	mv	a3,a2
    80001da4:	f49ff06f          	j	80001cec <sglib_ilist_sort+0x70>
    80001da8:	00060693          	mv	a3,a2
    80001dac:	00f83023          	sd	a5,0(a6)
    80001db0:	00068613          	mv	a2,a3
    80001db4:	fb5ff06f          	j	80001d68 <sglib_ilist_sort+0xec>

0000000080001db8 <sglib_ilist_len>:
    80001db8:	00050793          	mv	a5,a0
    80001dbc:	00000513          	li	a0,0
    80001dc0:	00078a63          	beqz	a5,80001dd4 <sglib_ilist_len+0x1c>
    80001dc4:	0087b783          	ld	a5,8(a5)
    80001dc8:	0015051b          	addiw	a0,a0,1
    80001dcc:	fe079ce3          	bnez	a5,80001dc4 <sglib_ilist_len+0xc>
    80001dd0:	00008067          	ret
    80001dd4:	00008067          	ret

0000000080001dd8 <sglib_ilist_reverse>:
    80001dd8:	00053783          	ld	a5,0(a0)
    80001ddc:	02078063          	beqz	a5,80001dfc <sglib_ilist_reverse+0x24>
    80001de0:	00000693          	li	a3,0
    80001de4:	0080006f          	j	80001dec <sglib_ilist_reverse+0x14>
    80001de8:	00070793          	mv	a5,a4
    80001dec:	0087b703          	ld	a4,8(a5)
    80001df0:	00d7b423          	sd	a3,8(a5)
    80001df4:	00078693          	mv	a3,a5
    80001df8:	fe0718e3          	bnez	a4,80001de8 <sglib_ilist_reverse+0x10>
    80001dfc:	00f53023          	sd	a5,0(a0)
    80001e00:	00008067          	ret

0000000080001e04 <sglib_ilist_it_init>:
    80001e04:	00050793          	mv	a5,a0
    80001e08:	0007b823          	sd	zero,16(a5)
    80001e0c:	0007bc23          	sd	zero,24(a5)
    80001e10:	0007b423          	sd	zero,8(a5)
    80001e14:	00b7b023          	sd	a1,0(a5)
    80001e18:	00058513          	mv	a0,a1
    80001e1c:	00058663          	beqz	a1,80001e28 <sglib_ilist_it_init+0x24>
    80001e20:	0085b703          	ld	a4,8(a1)
    80001e24:	00e7b423          	sd	a4,8(a5)
    80001e28:	00008067          	ret

0000000080001e2c <sglib_ilist_it_current>:
    80001e2c:	00053503          	ld	a0,0(a0)
    80001e30:	00008067          	ret

0000000080001e34 <sglib_ilist_it_next>:
    80001e34:	fd010113          	addi	sp,sp,-48
    80001e38:	01213823          	sd	s2,16(sp)
    80001e3c:	01053903          	ld	s2,16(a0)
    80001e40:	02813023          	sd	s0,32(sp)
    80001e44:	00913c23          	sd	s1,24(sp)
    80001e48:	02113423          	sd	ra,40(sp)
    80001e4c:	00853403          	ld	s0,8(a0)
    80001e50:	00053423          	sd	zero,8(a0)
    80001e54:	00050493          	mv	s1,a0
    80001e58:	04090c63          	beqz	s2,80001eb0 <sglib_ilist_it_next+0x7c>
    80001e5c:	01313423          	sd	s3,8(sp)
    80001e60:	01853983          	ld	s3,24(a0)
    80001e64:	00041863          	bnez	s0,80001e74 <sglib_ilist_it_next+0x40>
    80001e68:	0680006f          	j	80001ed0 <sglib_ilist_it_next+0x9c>
    80001e6c:	00843403          	ld	s0,8(s0)
    80001e70:	04040863          	beqz	s0,80001ec0 <sglib_ilist_it_next+0x8c>
    80001e74:	00098593          	mv	a1,s3
    80001e78:	00040513          	mv	a0,s0
    80001e7c:	000900e7          	jalr	s2
    80001e80:	fe0516e3          	bnez	a0,80001e6c <sglib_ilist_it_next+0x38>
    80001e84:	00813983          	ld	s3,8(sp)
    80001e88:	0084b023          	sd	s0,0(s1)
    80001e8c:	00843783          	ld	a5,8(s0)
    80001e90:	00f4b423          	sd	a5,8(s1)
    80001e94:	02813083          	ld	ra,40(sp)
    80001e98:	00040513          	mv	a0,s0
    80001e9c:	02013403          	ld	s0,32(sp)
    80001ea0:	01813483          	ld	s1,24(sp)
    80001ea4:	01013903          	ld	s2,16(sp)
    80001ea8:	03010113          	addi	sp,sp,48
    80001eac:	00008067          	ret
    80001eb0:	00853023          	sd	s0,0(a0)
    80001eb4:	fc041ce3          	bnez	s0,80001e8c <sglib_ilist_it_next+0x58>
    80001eb8:	00000413          	li	s0,0
    80001ebc:	fd9ff06f          	j	80001e94 <sglib_ilist_it_next+0x60>
    80001ec0:	00813983          	ld	s3,8(sp)
    80001ec4:	0004b023          	sd	zero,0(s1)
    80001ec8:	00000413          	li	s0,0
    80001ecc:	fc9ff06f          	j	80001e94 <sglib_ilist_it_next+0x60>
    80001ed0:	00813983          	ld	s3,8(sp)
    80001ed4:	00053023          	sd	zero,0(a0)
    80001ed8:	fbdff06f          	j	80001e94 <sglib_ilist_it_next+0x60>

0000000080001edc <sglib_ilist_it_init_on_equal>:
    80001edc:	00c53823          	sd	a2,16(a0)
    80001ee0:	00d53c23          	sd	a3,24(a0)
    80001ee4:	00b53423          	sd	a1,8(a0)
    80001ee8:	f4dff06f          	j	80001e34 <sglib_ilist_it_next>

0000000080001eec <sglib_hashed_ilist_init>:
    80001eec:	0a000613          	li	a2,160
    80001ef0:	00000593          	li	a1,0
    80001ef4:	4230106f          	j	80003b16 <memset>

0000000080001ef8 <sglib_hashed_ilist_add>:
    80001ef8:	0005a783          	lw	a5,0(a1)
    80001efc:	01400713          	li	a4,20
    80001f00:	02e7f7bb          	remuw	a5,a5,a4
    80001f04:	02079793          	slli	a5,a5,0x20
    80001f08:	01d7d793          	srli	a5,a5,0x1d
    80001f0c:	00f50533          	add	a0,a0,a5
    80001f10:	00053783          	ld	a5,0(a0)
    80001f14:	00f5b423          	sd	a5,8(a1)
    80001f18:	00b53023          	sd	a1,0(a0)
    80001f1c:	00008067          	ret

0000000080001f20 <sglib_hashed_ilist_add_if_not_member>:
    80001f20:	0005a683          	lw	a3,0(a1)
    80001f24:	01400793          	li	a5,20
    80001f28:	02f6f7bb          	remuw	a5,a3,a5
    80001f2c:	02079793          	slli	a5,a5,0x20
    80001f30:	01d7d793          	srli	a5,a5,0x1d
    80001f34:	00f50533          	add	a0,a0,a5
    80001f38:	00053783          	ld	a5,0(a0)
    80001f3c:	00079863          	bnez	a5,80001f4c <sglib_hashed_ilist_add_if_not_member+0x2c>
    80001f40:	0200006f          	j	80001f60 <sglib_hashed_ilist_add_if_not_member+0x40>
    80001f44:	0087b783          	ld	a5,8(a5)
    80001f48:	00078c63          	beqz	a5,80001f60 <sglib_hashed_ilist_add_if_not_member+0x40>
    80001f4c:	0007a703          	lw	a4,0(a5)
    80001f50:	fed71ae3          	bne	a4,a3,80001f44 <sglib_hashed_ilist_add_if_not_member+0x24>
    80001f54:	00f63023          	sd	a5,0(a2)
    80001f58:	0017b513          	seqz	a0,a5
    80001f5c:	00008067          	ret
    80001f60:	00063023          	sd	zero,0(a2)
    80001f64:	00053783          	ld	a5,0(a0)
    80001f68:	00f5b423          	sd	a5,8(a1)
    80001f6c:	00b53023          	sd	a1,0(a0)
    80001f70:	00063783          	ld	a5,0(a2)
    80001f74:	0017b513          	seqz	a0,a5
    80001f78:	00008067          	ret

0000000080001f7c <sglib_hashed_ilist_delete>:
    80001f7c:	0005a783          	lw	a5,0(a1)
    80001f80:	01400713          	li	a4,20
    80001f84:	02e7f7bb          	remuw	a5,a5,a4
    80001f88:	02079793          	slli	a5,a5,0x20
    80001f8c:	01d7d793          	srli	a5,a5,0x1d
    80001f90:	00f50533          	add	a0,a0,a5
    80001f94:	00053783          	ld	a5,0(a0)
    80001f98:	00079863          	bnez	a5,80001fa8 <sglib_hashed_ilist_delete+0x2c>
    80001f9c:	0200006f          	j	80001fbc <sglib_hashed_ilist_delete+0x40>
    80001fa0:	00870513          	addi	a0,a4,8
    80001fa4:	00078c63          	beqz	a5,80001fbc <sglib_hashed_ilist_delete+0x40>
    80001fa8:	00078713          	mv	a4,a5
    80001fac:	0087b783          	ld	a5,8(a5)
    80001fb0:	fee598e3          	bne	a1,a4,80001fa0 <sglib_hashed_ilist_delete+0x24>
    80001fb4:	00f53023          	sd	a5,0(a0)
    80001fb8:	00008067          	ret
    80001fbc:	00803783          	ld	a5,8(zero) # 8 <__boot_hart+0x8>
    80001fc0:	00100073          	ebreak

0000000080001fc4 <sglib_hashed_ilist_delete_if_member>:
    80001fc4:	0005a683          	lw	a3,0(a1)
    80001fc8:	01400793          	li	a5,20
    80001fcc:	02f6f7bb          	remuw	a5,a3,a5
    80001fd0:	02079793          	slli	a5,a5,0x20
    80001fd4:	01d7d793          	srli	a5,a5,0x1d
    80001fd8:	00f50533          	add	a0,a0,a5
    80001fdc:	00053783          	ld	a5,0(a0)
    80001fe0:	00079a63          	bnez	a5,80001ff4 <sglib_hashed_ilist_delete_if_member+0x30>
    80001fe4:	0300006f          	j	80002014 <sglib_hashed_ilist_delete_if_member+0x50>
    80001fe8:	00878513          	addi	a0,a5,8
    80001fec:	0087b783          	ld	a5,8(a5)
    80001ff0:	02078263          	beqz	a5,80002014 <sglib_hashed_ilist_delete_if_member+0x50>
    80001ff4:	0007a703          	lw	a4,0(a5)
    80001ff8:	fed718e3          	bne	a4,a3,80001fe8 <sglib_hashed_ilist_delete_if_member+0x24>
    80001ffc:	00f63023          	sd	a5,0(a2)
    80002000:	0087b783          	ld	a5,8(a5)
    80002004:	00f53023          	sd	a5,0(a0)
    80002008:	00063503          	ld	a0,0(a2)
    8000200c:	00a03533          	snez	a0,a0
    80002010:	00008067          	ret
    80002014:	00063023          	sd	zero,0(a2)
    80002018:	00000513          	li	a0,0
    8000201c:	00008067          	ret

0000000080002020 <sglib_hashed_ilist_is_member>:
    80002020:	0005a783          	lw	a5,0(a1)
    80002024:	01400713          	li	a4,20
    80002028:	02e7f7bb          	remuw	a5,a5,a4
    8000202c:	02079793          	slli	a5,a5,0x20
    80002030:	01d7d793          	srli	a5,a5,0x1d
    80002034:	00f50533          	add	a0,a0,a5
    80002038:	00053783          	ld	a5,0(a0)
    8000203c:	00078863          	beqz	a5,8000204c <sglib_hashed_ilist_is_member+0x2c>
    80002040:	00b78a63          	beq	a5,a1,80002054 <sglib_hashed_ilist_is_member+0x34>
    80002044:	0087b783          	ld	a5,8(a5)
    80002048:	fe079ce3          	bnez	a5,80002040 <sglib_hashed_ilist_is_member+0x20>
    8000204c:	00000513          	li	a0,0
    80002050:	00008067          	ret
    80002054:	00100513          	li	a0,1
    80002058:	00008067          	ret

000000008000205c <sglib_hashed_ilist_find_member>:
    8000205c:	0005a703          	lw	a4,0(a1)
    80002060:	01400793          	li	a5,20
    80002064:	02f777bb          	remuw	a5,a4,a5
    80002068:	02079793          	slli	a5,a5,0x20
    8000206c:	01d7d793          	srli	a5,a5,0x1d
    80002070:	00f50533          	add	a0,a0,a5
    80002074:	00053503          	ld	a0,0(a0)
    80002078:	00051863          	bnez	a0,80002088 <sglib_hashed_ilist_find_member+0x2c>
    8000207c:	00008067          	ret
    80002080:	00853503          	ld	a0,8(a0)
    80002084:	00050663          	beqz	a0,80002090 <sglib_hashed_ilist_find_member+0x34>
    80002088:	00052783          	lw	a5,0(a0)
    8000208c:	fee79ae3          	bne	a5,a4,80002080 <sglib_hashed_ilist_find_member+0x24>
    80002090:	00008067          	ret

0000000080002094 <sglib_hashed_ilist_it_current>:
    80002094:	00053503          	ld	a0,0(a0)
    80002098:	00008067          	ret

000000008000209c <sglib_hashed_ilist_it_next>:
    8000209c:	fe010113          	addi	sp,sp,-32
    800020a0:	00813823          	sd	s0,16(sp)
    800020a4:	01213023          	sd	s2,0(sp)
    800020a8:	00113c23          	sd	ra,24(sp)
    800020ac:	00050413          	mv	s0,a0
    800020b0:	d85ff0ef          	jal	80001e34 <sglib_ilist_it_next>
    800020b4:	00050913          	mv	s2,a0
    800020b8:	04051a63          	bnez	a0,8000210c <sglib_hashed_ilist_it_next+0x70>
    800020bc:	00913423          	sd	s1,8(sp)
    800020c0:	01300493          	li	s1,19
    800020c4:	02c0006f          	j	800020f0 <sglib_hashed_ilist_it_next+0x54>
    800020c8:	02043783          	ld	a5,32(s0)
    800020cc:	03843703          	ld	a4,56(s0)
    800020d0:	03043603          	ld	a2,48(s0)
    800020d4:	00d787b3          	add	a5,a5,a3
    800020d8:	0007b783          	ld	a5,0(a5)
    800020dc:	00c43823          	sd	a2,16(s0)
    800020e0:	00e43c23          	sd	a4,24(s0)
    800020e4:	00f43423          	sd	a5,8(s0)
    800020e8:	d4dff0ef          	jal	80001e34 <sglib_ilist_it_next>
    800020ec:	02051c63          	bnez	a0,80002124 <sglib_hashed_ilist_it_next+0x88>
    800020f0:	02842783          	lw	a5,40(s0)
    800020f4:	00040513          	mv	a0,s0
    800020f8:	0017871b          	addiw	a4,a5,1
    800020fc:	02e42423          	sw	a4,40(s0)
    80002100:	00371693          	slli	a3,a4,0x3
    80002104:	fce4d2e3          	bge	s1,a4,800020c8 <sglib_hashed_ilist_it_next+0x2c>
    80002108:	00813483          	ld	s1,8(sp)
    8000210c:	01813083          	ld	ra,24(sp)
    80002110:	01013403          	ld	s0,16(sp)
    80002114:	00090513          	mv	a0,s2
    80002118:	00013903          	ld	s2,0(sp)
    8000211c:	02010113          	addi	sp,sp,32
    80002120:	00008067          	ret
    80002124:	00050913          	mv	s2,a0
    80002128:	fe1ff06f          	j	80002108 <sglib_hashed_ilist_it_next+0x6c>

000000008000212c <sglib_hashed_ilist_it_init_on_equal>:
    8000212c:	ff010113          	addi	sp,sp,-16
    80002130:	00813023          	sd	s0,0(sp)
    80002134:	00113423          	sd	ra,8(sp)
    80002138:	02d53c23          	sd	a3,56(a0)
    8000213c:	0005b783          	ld	a5,0(a1)
    80002140:	02b53023          	sd	a1,32(a0)
    80002144:	02052423          	sw	zero,40(a0)
    80002148:	02c53823          	sd	a2,48(a0)
    8000214c:	00c53823          	sd	a2,16(a0)
    80002150:	00d53c23          	sd	a3,24(a0)
    80002154:	00f53423          	sd	a5,8(a0)
    80002158:	00050413          	mv	s0,a0
    8000215c:	cd9ff0ef          	jal	80001e34 <sglib_ilist_it_next>
    80002160:	00050a63          	beqz	a0,80002174 <sglib_hashed_ilist_it_init_on_equal+0x48>
    80002164:	00813083          	ld	ra,8(sp)
    80002168:	00013403          	ld	s0,0(sp)
    8000216c:	01010113          	addi	sp,sp,16
    80002170:	00008067          	ret
    80002174:	00040513          	mv	a0,s0
    80002178:	00013403          	ld	s0,0(sp)
    8000217c:	00813083          	ld	ra,8(sp)
    80002180:	01010113          	addi	sp,sp,16
    80002184:	f19ff06f          	j	8000209c <sglib_hashed_ilist_it_next>

0000000080002188 <sglib_hashed_ilist_it_init>:
    80002188:	ff010113          	addi	sp,sp,-16
    8000218c:	00813023          	sd	s0,0(sp)
    80002190:	00113423          	sd	ra,8(sp)
    80002194:	02053c23          	sd	zero,56(a0)
    80002198:	0005b783          	ld	a5,0(a1)
    8000219c:	02b53023          	sd	a1,32(a0)
    800021a0:	02052423          	sw	zero,40(a0)
    800021a4:	02053823          	sd	zero,48(a0)
    800021a8:	00053823          	sd	zero,16(a0)
    800021ac:	00053c23          	sd	zero,24(a0)
    800021b0:	00f53423          	sd	a5,8(a0)
    800021b4:	00050413          	mv	s0,a0
    800021b8:	c7dff0ef          	jal	80001e34 <sglib_ilist_it_next>
    800021bc:	00050a63          	beqz	a0,800021d0 <sglib_hashed_ilist_it_init+0x48>
    800021c0:	00813083          	ld	ra,8(sp)
    800021c4:	00013403          	ld	s0,0(sp)
    800021c8:	01010113          	addi	sp,sp,16
    800021cc:	00008067          	ret
    800021d0:	00040513          	mv	a0,s0
    800021d4:	00013403          	ld	s0,0(sp)
    800021d8:	00813083          	ld	ra,8(sp)
    800021dc:	01010113          	addi	sp,sp,16
    800021e0:	ebdff06f          	j	8000209c <sglib_hashed_ilist_it_next>

00000000800021e4 <sglib_iq_init>:
    800021e4:	18052c23          	sw	zero,408(a0)
    800021e8:	18052a23          	sw	zero,404(a0)
    800021ec:	00008067          	ret

00000000800021f0 <sglib_iq_is_empty>:
    800021f0:	19452783          	lw	a5,404(a0)
    800021f4:	19852703          	lw	a4,408(a0)
    800021f8:	40e78533          	sub	a0,a5,a4
    800021fc:	00153513          	seqz	a0,a0
    80002200:	00008067          	ret

0000000080002204 <sglib_iq_is_full>:
    80002204:	19852783          	lw	a5,408(a0)
    80002208:	19452703          	lw	a4,404(a0)
    8000220c:	0017851b          	addiw	a0,a5,1
    80002210:	06500793          	li	a5,101
    80002214:	02f5653b          	remw	a0,a0,a5
    80002218:	40e50533          	sub	a0,a0,a4
    8000221c:	00153513          	seqz	a0,a0
    80002220:	00008067          	ret

0000000080002224 <sglib_iq_first_element>:
    80002224:	19452783          	lw	a5,404(a0)
    80002228:	00279793          	slli	a5,a5,0x2
    8000222c:	00f50533          	add	a0,a0,a5
    80002230:	00052503          	lw	a0,0(a0)
    80002234:	00008067          	ret

0000000080002238 <sglib_iq_first_element_ptr>:
    80002238:	19452783          	lw	a5,404(a0)
    8000223c:	00279793          	slli	a5,a5,0x2
    80002240:	00f50533          	add	a0,a0,a5
    80002244:	00008067          	ret

0000000080002248 <sglib_iq_add_next>:
    80002248:	19852783          	lw	a5,408(a0)
    8000224c:	06500713          	li	a4,101
    80002250:	0017879b          	addiw	a5,a5,1
    80002254:	02e7e7bb          	remw	a5,a5,a4
    80002258:	18f52c23          	sw	a5,408(a0)
    8000225c:	00008067          	ret

0000000080002260 <sglib_iq_add>:
    80002260:	19852783          	lw	a5,408(a0)
    80002264:	06500693          	li	a3,101
    80002268:	0017871b          	addiw	a4,a5,1
    8000226c:	02d7673b          	remw	a4,a4,a3
    80002270:	00279793          	slli	a5,a5,0x2
    80002274:	00f507b3          	add	a5,a0,a5
    80002278:	00b7a023          	sw	a1,0(a5)
    8000227c:	18e52c23          	sw	a4,408(a0)
    80002280:	00008067          	ret

0000000080002284 <sglib_iq_delete_first>:
    80002284:	19452783          	lw	a5,404(a0)
    80002288:	06500713          	li	a4,101
    8000228c:	0017879b          	addiw	a5,a5,1
    80002290:	02e7e7bb          	remw	a5,a5,a4
    80002294:	18f52a23          	sw	a5,404(a0)
    80002298:	00008067          	ret

000000008000229c <sglib_iq_delete>:
    8000229c:	19452783          	lw	a5,404(a0)
    800022a0:	06500713          	li	a4,101
    800022a4:	0017879b          	addiw	a5,a5,1
    800022a8:	02e7e7bb          	remw	a5,a5,a4
    800022ac:	18f52a23          	sw	a5,404(a0)
    800022b0:	00008067          	ret

00000000800022b4 <sglib___rbtree_delete_recursive>:
    800022b4:	fd010113          	addi	sp,sp,-48
    800022b8:	00913c23          	sd	s1,24(sp)
    800022bc:	00053483          	ld	s1,0(a0)
    800022c0:	02113423          	sd	ra,40(sp)
    800022c4:	02048a63          	beqz	s1,800022f8 <sglib___rbtree_delete_recursive+0x44>
    800022c8:	0005a783          	lw	a5,0(a1)
    800022cc:	0004a703          	lw	a4,0(s1)
    800022d0:	02813023          	sd	s0,32(sp)
    800022d4:	00050413          	mv	s0,a0
    800022d8:	40e7853b          	subw	a0,a5,a4
    800022dc:	00054663          	bltz	a0,800022e8 <sglib___rbtree_delete_recursive+0x34>
    800022e0:	02051863          	bnez	a0,80002310 <sglib___rbtree_delete_recursive+0x5c>
    800022e4:	0295f463          	bgeu	a1,s1,8000230c <sglib___rbtree_delete_recursive+0x58>
    800022e8:	00848513          	addi	a0,s1,8
    800022ec:	fc9ff0ef          	jal	800022b4 <sglib___rbtree_delete_recursive>
    800022f0:	08051663          	bnez	a0,8000237c <sglib___rbtree_delete_recursive+0xc8>
    800022f4:	02013403          	ld	s0,32(sp)
    800022f8:	00000513          	li	a0,0
    800022fc:	02813083          	ld	ra,40(sp)
    80002300:	01813483          	ld	s1,24(sp)
    80002304:	03010113          	addi	sp,sp,48
    80002308:	00008067          	ret
    8000230c:	02b4f463          	bgeu	s1,a1,80002334 <sglib___rbtree_delete_recursive+0x80>
    80002310:	01048513          	addi	a0,s1,16
    80002314:	fa1ff0ef          	jal	800022b4 <sglib___rbtree_delete_recursive>
    80002318:	fc050ee3          	beqz	a0,800022f4 <sglib___rbtree_delete_recursive+0x40>
    8000231c:	00040513          	mv	a0,s0
    80002320:	02013403          	ld	s0,32(sp)
    80002324:	02813083          	ld	ra,40(sp)
    80002328:	01813483          	ld	s1,24(sp)
    8000232c:	03010113          	addi	sp,sp,48
    80002330:	c09fe06f          	j	80000f38 <sglib___rbtree_fix_right_deletion_discrepancy>
    80002334:	0084b783          	ld	a5,8(s1)
    80002338:	04078e63          	beqz	a5,80002394 <sglib___rbtree_delete_recursive+0xe0>
    8000233c:	00810593          	addi	a1,sp,8
    80002340:	00848513          	addi	a0,s1,8
    80002344:	d6dfe0ef          	jal	800010b0 <sglib___rbtree_delete_rightmost_leaf>
    80002348:	0104b703          	ld	a4,16(s1)
    8000234c:	00813783          	ld	a5,8(sp)
    80002350:	0084b683          	ld	a3,8(s1)
    80002354:	00e7b823          	sd	a4,16(a5)
    80002358:	00d7b423          	sd	a3,8(a5)
    8000235c:	0044c703          	lbu	a4,4(s1)
    80002360:	00e78223          	sb	a4,4(a5)
    80002364:	00f43023          	sd	a5,0(s0)
    80002368:	f80506e3          	beqz	a0,800022f4 <sglib___rbtree_delete_recursive+0x40>
    8000236c:	00040513          	mv	a0,s0
    80002370:	a51fe0ef          	jal	80000dc0 <sglib___rbtree_fix_left_deletion_discrepancy>
    80002374:	02013403          	ld	s0,32(sp)
    80002378:	f85ff06f          	j	800022fc <sglib___rbtree_delete_recursive+0x48>
    8000237c:	00040513          	mv	a0,s0
    80002380:	02013403          	ld	s0,32(sp)
    80002384:	02813083          	ld	ra,40(sp)
    80002388:	01813483          	ld	s1,24(sp)
    8000238c:	03010113          	addi	sp,sp,48
    80002390:	a31fe06f          	j	80000dc0 <sglib___rbtree_fix_left_deletion_discrepancy>
    80002394:	0104b703          	ld	a4,16(s1)
    80002398:	02070263          	beqz	a4,800023bc <sglib___rbtree_delete_recursive+0x108>
    8000239c:	0044c783          	lbu	a5,4(s1)
    800023a0:	00079663          	bnez	a5,800023ac <sglib___rbtree_delete_recursive+0xf8>
    800023a4:	00474783          	lbu	a5,4(a4)
    800023a8:	0017b513          	seqz	a0,a5
    800023ac:	00070223          	sb	zero,4(a4)
    800023b0:	00e43023          	sd	a4,0(s0)
    800023b4:	02013403          	ld	s0,32(sp)
    800023b8:	f45ff06f          	j	800022fc <sglib___rbtree_delete_recursive+0x48>
    800023bc:	00043023          	sd	zero,0(s0)
    800023c0:	0044c503          	lbu	a0,4(s1)
    800023c4:	02013403          	ld	s0,32(sp)
    800023c8:	00153513          	seqz	a0,a0
    800023cc:	f31ff06f          	j	800022fc <sglib___rbtree_delete_recursive+0x48>

00000000800023d0 <sglib_rbtree_add>:
    800023d0:	ff010113          	addi	sp,sp,-16
    800023d4:	0005b823          	sd	zero,16(a1)
    800023d8:	0005b423          	sd	zero,8(a1)
    800023dc:	00813023          	sd	s0,0(sp)
    800023e0:	00113423          	sd	ra,8(sp)
    800023e4:	00050413          	mv	s0,a0
    800023e8:	de1fe0ef          	jal	800011c8 <sglib___rbtree_add_recursive.constprop.0>
    800023ec:	00043783          	ld	a5,0(s0)
    800023f0:	00078223          	sb	zero,4(a5)
    800023f4:	00813083          	ld	ra,8(sp)
    800023f8:	00013403          	ld	s0,0(sp)
    800023fc:	01010113          	addi	sp,sp,16
    80002400:	00008067          	ret

0000000080002404 <sglib_rbtree_delete>:
    80002404:	ff010113          	addi	sp,sp,-16
    80002408:	00813023          	sd	s0,0(sp)
    8000240c:	00113423          	sd	ra,8(sp)
    80002410:	00050413          	mv	s0,a0
    80002414:	ea1ff0ef          	jal	800022b4 <sglib___rbtree_delete_recursive>
    80002418:	00043783          	ld	a5,0(s0)
    8000241c:	00078463          	beqz	a5,80002424 <sglib_rbtree_delete+0x20>
    80002420:	00078223          	sb	zero,4(a5)
    80002424:	00813083          	ld	ra,8(sp)
    80002428:	00013403          	ld	s0,0(sp)
    8000242c:	01010113          	addi	sp,sp,16
    80002430:	00008067          	ret

0000000080002434 <sglib_rbtree_find_member>:
    80002434:	02050863          	beqz	a0,80002464 <sglib_rbtree_find_member+0x30>
    80002438:	0005a703          	lw	a4,0(a1)
    8000243c:	00052783          	lw	a5,0(a0)
    80002440:	40f707bb          	subw	a5,a4,a5
    80002444:	0007ca63          	bltz	a5,80002458 <sglib_rbtree_find_member+0x24>
    80002448:	02078063          	beqz	a5,80002468 <sglib_rbtree_find_member+0x34>
    8000244c:	01053503          	ld	a0,16(a0)
    80002450:	fe0516e3          	bnez	a0,8000243c <sglib_rbtree_find_member+0x8>
    80002454:	00008067          	ret
    80002458:	00853503          	ld	a0,8(a0)
    8000245c:	fe0510e3          	bnez	a0,8000243c <sglib_rbtree_find_member+0x8>
    80002460:	00008067          	ret
    80002464:	00000513          	li	a0,0
    80002468:	00008067          	ret

000000008000246c <sglib_rbtree_is_member>:
    8000246c:	04050063          	beqz	a0,800024ac <sglib_rbtree_is_member+0x40>
    80002470:	0005a703          	lw	a4,0(a1)
    80002474:	00052783          	lw	a5,0(a0)
    80002478:	40f707bb          	subw	a5,a4,a5
    8000247c:	0007ce63          	bltz	a5,80002498 <sglib_rbtree_is_member+0x2c>
    80002480:	00079663          	bnez	a5,8000248c <sglib_rbtree_is_member+0x20>
    80002484:	00a5ea63          	bltu	a1,a0,80002498 <sglib_rbtree_is_member+0x2c>
    80002488:	00b57e63          	bgeu	a0,a1,800024a4 <sglib_rbtree_is_member+0x38>
    8000248c:	01053503          	ld	a0,16(a0)
    80002490:	fe0512e3          	bnez	a0,80002474 <sglib_rbtree_is_member+0x8>
    80002494:	00008067          	ret
    80002498:	00853503          	ld	a0,8(a0)
    8000249c:	fc051ce3          	bnez	a0,80002474 <sglib_rbtree_is_member+0x8>
    800024a0:	00008067          	ret
    800024a4:	00100513          	li	a0,1
    800024a8:	00008067          	ret
    800024ac:	00000513          	li	a0,0
    800024b0:	00008067          	ret

00000000800024b4 <sglib_rbtree_delete_if_member>:
    800024b4:	00053703          	ld	a4,0(a0)
    800024b8:	08070263          	beqz	a4,8000253c <sglib_rbtree_delete_if_member+0x88>
    800024bc:	0005a683          	lw	a3,0(a1)
    800024c0:	ff010113          	addi	sp,sp,-16
    800024c4:	00813023          	sd	s0,0(sp)
    800024c8:	00113423          	sd	ra,8(sp)
    800024cc:	00050413          	mv	s0,a0
    800024d0:	00072783          	lw	a5,0(a4)
    800024d4:	40f687bb          	subw	a5,a3,a5
    800024d8:	0207c463          	bltz	a5,80002500 <sglib_rbtree_delete_if_member+0x4c>
    800024dc:	02078863          	beqz	a5,8000250c <sglib_rbtree_delete_if_member+0x58>
    800024e0:	01073703          	ld	a4,16(a4)
    800024e4:	fe0716e3          	bnez	a4,800024d0 <sglib_rbtree_delete_if_member+0x1c>
    800024e8:	00813083          	ld	ra,8(sp)
    800024ec:	00013403          	ld	s0,0(sp)
    800024f0:	00063023          	sd	zero,0(a2)
    800024f4:	00000513          	li	a0,0
    800024f8:	01010113          	addi	sp,sp,16
    800024fc:	00008067          	ret
    80002500:	00873703          	ld	a4,8(a4)
    80002504:	fc0716e3          	bnez	a4,800024d0 <sglib_rbtree_delete_if_member+0x1c>
    80002508:	fe1ff06f          	j	800024e8 <sglib_rbtree_delete_if_member+0x34>
    8000250c:	00e63023          	sd	a4,0(a2)
    80002510:	00070593          	mv	a1,a4
    80002514:	00040513          	mv	a0,s0
    80002518:	d9dff0ef          	jal	800022b4 <sglib___rbtree_delete_recursive>
    8000251c:	00043783          	ld	a5,0(s0)
    80002520:	00078463          	beqz	a5,80002528 <sglib_rbtree_delete_if_member+0x74>
    80002524:	00078223          	sb	zero,4(a5)
    80002528:	00813083          	ld	ra,8(sp)
    8000252c:	00013403          	ld	s0,0(sp)
    80002530:	00100513          	li	a0,1
    80002534:	01010113          	addi	sp,sp,16
    80002538:	00008067          	ret
    8000253c:	00063023          	sd	zero,0(a2)
    80002540:	00000513          	li	a0,0
    80002544:	00008067          	ret

0000000080002548 <sglib_rbtree_add_if_not_member>:
    80002548:	00053783          	ld	a5,0(a0)
    8000254c:	ff010113          	addi	sp,sp,-16
    80002550:	00813023          	sd	s0,0(sp)
    80002554:	00113423          	sd	ra,8(sp)
    80002558:	00050413          	mv	s0,a0
    8000255c:	02078063          	beqz	a5,8000257c <sglib_rbtree_add_if_not_member+0x34>
    80002560:	0005a703          	lw	a4,0(a1)
    80002564:	0007a503          	lw	a0,0(a5)
    80002568:	40a7053b          	subw	a0,a4,a0
    8000256c:	04054063          	bltz	a0,800025ac <sglib_rbtree_add_if_not_member+0x64>
    80002570:	04050463          	beqz	a0,800025b8 <sglib_rbtree_add_if_not_member+0x70>
    80002574:	0107b783          	ld	a5,16(a5)
    80002578:	fe0796e3          	bnez	a5,80002564 <sglib_rbtree_add_if_not_member+0x1c>
    8000257c:	00063023          	sd	zero,0(a2)
    80002580:	00040513          	mv	a0,s0
    80002584:	0005b823          	sd	zero,16(a1)
    80002588:	0005b423          	sd	zero,8(a1)
    8000258c:	c3dfe0ef          	jal	800011c8 <sglib___rbtree_add_recursive.constprop.0>
    80002590:	00043783          	ld	a5,0(s0)
    80002594:	00100513          	li	a0,1
    80002598:	00078223          	sb	zero,4(a5)
    8000259c:	00813083          	ld	ra,8(sp)
    800025a0:	00013403          	ld	s0,0(sp)
    800025a4:	01010113          	addi	sp,sp,16
    800025a8:	00008067          	ret
    800025ac:	0087b783          	ld	a5,8(a5)
    800025b0:	fa079ae3          	bnez	a5,80002564 <sglib_rbtree_add_if_not_member+0x1c>
    800025b4:	fc9ff06f          	j	8000257c <sglib_rbtree_add_if_not_member+0x34>
    800025b8:	00813083          	ld	ra,8(sp)
    800025bc:	00013403          	ld	s0,0(sp)
    800025c0:	00f63023          	sd	a5,0(a2)
    800025c4:	01010113          	addi	sp,sp,16
    800025c8:	00008067          	ret

00000000800025cc <sglib_rbtree_len>:
    800025cc:	0a050a63          	beqz	a0,80002680 <sglib_rbtree_len+0xb4>
    800025d0:	00050693          	mv	a3,a0
    800025d4:	b8010113          	addi	sp,sp,-1152
    800025d8:	00000713          	li	a4,0
    800025dc:	00000513          	li	a0,0
    800025e0:	00371613          	slli	a2,a4,0x3
    800025e4:	08010793          	addi	a5,sp,128
    800025e8:	0017071b          	addiw	a4,a4,1
    800025ec:	00c78633          	add	a2,a5,a2
    800025f0:	0106b583          	ld	a1,16(a3)
    800025f4:	0086b683          	ld	a3,8(a3)
    800025f8:	00e107b3          	add	a5,sp,a4
    800025fc:	00b63023          	sd	a1,0(a2)
    80002600:	fe078fa3          	sb	zero,-1(a5)
    80002604:	00860613          	addi	a2,a2,8
    80002608:	00070793          	mv	a5,a4
    8000260c:	00170713          	addi	a4,a4,1
    80002610:	fe0690e3          	bnez	a3,800025f0 <sglib_rbtree_len+0x24>
    80002614:	0007879b          	sext.w	a5,a5
    80002618:	00379613          	slli	a2,a5,0x3
    8000261c:	ff860613          	addi	a2,a2,-8
    80002620:	08010713          	addi	a4,sp,128
    80002624:	00f106b3          	add	a3,sp,a5
    80002628:	00c70633          	add	a2,a4,a2
    8000262c:	0140006f          	j	80002640 <sglib_rbtree_len+0x74>
    80002630:	00063583          	ld	a1,0(a2)
    80002634:	fff68693          	addi	a3,a3,-1
    80002638:	ff860613          	addi	a2,a2,-8
    8000263c:	02059263          	bnez	a1,80002660 <sglib_rbtree_len+0x94>
    80002640:	fff6c583          	lbu	a1,-1(a3)
    80002644:	00078713          	mv	a4,a5
    80002648:	fff7879b          	addiw	a5,a5,-1
    8000264c:	0015881b          	addiw	a6,a1,1
    80002650:	00059463          	bnez	a1,80002658 <sglib_rbtree_len+0x8c>
    80002654:	0015051b          	addiw	a0,a0,1
    80002658:	ff068fa3          	sb	a6,-1(a3)
    8000265c:	fcf04ae3          	bgtz	a5,80002630 <sglib_rbtree_len+0x64>
    80002660:	00379793          	slli	a5,a5,0x3
    80002664:	48078793          	addi	a5,a5,1152
    80002668:	002787b3          	add	a5,a5,sp
    8000266c:	c007b683          	ld	a3,-1024(a5)
    80002670:	c007b023          	sd	zero,-1024(a5)
    80002674:	f60696e3          	bnez	a3,800025e0 <sglib_rbtree_len+0x14>
    80002678:	48010113          	addi	sp,sp,1152
    8000267c:	00008067          	ret
    80002680:	00000513          	li	a0,0
    80002684:	00008067          	ret

0000000080002688 <sglib__rbtree_it_compute_current_elem>:
    80002688:	fb010113          	addi	sp,sp,-80
    8000268c:	48851783          	lh	a5,1160(a0)
    80002690:	03313423          	sd	s3,40(sp)
    80002694:	03413023          	sd	s4,32(sp)
    80002698:	04113423          	sd	ra,72(sp)
    8000269c:	00053023          	sd	zero,0(a0)
    800026a0:	49053983          	ld	s3,1168(a0)
    800026a4:	49853a03          	ld	s4,1176(a0)
    800026a8:	08f05c63          	blez	a5,80002740 <sglib__rbtree_it_compute_current_elem+0xb8>
    800026ac:	02913c23          	sd	s1,56(sp)
    800026b0:	01613823          	sd	s6,16(sp)
    800026b4:	04813023          	sd	s0,64(sp)
    800026b8:	03213823          	sd	s2,48(sp)
    800026bc:	01513c23          	sd	s5,24(sp)
    800026c0:	01713423          	sd	s7,8(sp)
    800026c4:	00050493          	mv	s1,a0
    800026c8:	fff7869b          	addiw	a3,a5,-1
    800026cc:	00100b13          	li	s6,1
    800026d0:	0006891b          	sext.w	s2,a3
    800026d4:	01248933          	add	s2,s1,s2
    800026d8:	00894703          	lbu	a4,8(s2)
    800026dc:	00078a93          	mv	s5,a5
    800026e0:	06eb7a63          	bgeu	s6,a4,80002754 <sglib__rbtree_it_compute_current_elem+0xcc>
    800026e4:	0106979b          	slliw	a5,a3,0x10
    800026e8:	4107d79b          	sraiw	a5,a5,0x10
    800026ec:	48f49423          	sh	a5,1160(s1)
    800026f0:	02f05c63          	blez	a5,80002728 <sglib__rbtree_it_compute_current_elem+0xa0>
    800026f4:	fff7871b          	addiw	a4,a5,-1
    800026f8:	00e48633          	add	a2,s1,a4
    800026fc:	48a49583          	lh	a1,1162(s1)
    80002700:	00864603          	lbu	a2,8(a2)
    80002704:	00070693          	mv	a3,a4
    80002708:	00c59c63          	bne	a1,a2,80002720 <sglib__rbtree_it_compute_current_elem+0x98>
    8000270c:	01070713          	addi	a4,a4,16
    80002710:	00371713          	slli	a4,a4,0x3
    80002714:	00e48733          	add	a4,s1,a4
    80002718:	00873703          	ld	a4,8(a4)
    8000271c:	00e4b023          	sd	a4,0(s1)
    80002720:	0004b703          	ld	a4,0(s1)
    80002724:	fa0706e3          	beqz	a4,800026d0 <sglib__rbtree_it_compute_current_elem+0x48>
    80002728:	04013403          	ld	s0,64(sp)
    8000272c:	03813483          	ld	s1,56(sp)
    80002730:	03013903          	ld	s2,48(sp)
    80002734:	01813a83          	ld	s5,24(sp)
    80002738:	01013b03          	ld	s6,16(sp)
    8000273c:	00813b83          	ld	s7,8(sp)
    80002740:	04813083          	ld	ra,72(sp)
    80002744:	02813983          	ld	s3,40(sp)
    80002748:	02013a03          	ld	s4,32(sp)
    8000274c:	05010113          	addi	sp,sp,80
    80002750:	00008067          	ret
    80002754:	00379b93          	slli	s7,a5,0x3
    80002758:	01748bb3          	add	s7,s1,s7
    8000275c:	080bb783          	ld	a5,128(s7)
    80002760:	04071a63          	bnez	a4,800027b4 <sglib__rbtree_it_compute_current_elem+0x12c>
    80002764:	0087b403          	ld	s0,8(a5)
    80002768:	04098a63          	beqz	s3,800027bc <sglib__rbtree_it_compute_current_elem+0x134>
    8000276c:	060a0c63          	beqz	s4,800027e4 <sglib__rbtree_it_compute_current_elem+0x15c>
    80002770:	0c040063          	beqz	s0,80002830 <sglib__rbtree_it_compute_current_elem+0x1a8>
    80002774:	00040593          	mv	a1,s0
    80002778:	00098513          	mv	a0,s3
    8000277c:	000a00e7          	jalr	s4
    80002780:	02054463          	bltz	a0,800027a8 <sglib__rbtree_it_compute_current_elem+0x120>
    80002784:	0a050063          	beqz	a0,80002824 <sglib__rbtree_it_compute_current_elem+0x19c>
    80002788:	01043403          	ld	s0,16(s0)
    8000278c:	fe0414e3          	bnez	s0,80002774 <sglib__rbtree_it_compute_current_elem+0xec>
    80002790:	48849683          	lh	a3,1160(s1)
    80002794:	00068793          	mv	a5,a3
    80002798:	00894703          	lbu	a4,8(s2)
    8000279c:	0017071b          	addiw	a4,a4,1
    800027a0:	00e90423          	sb	a4,8(s2)
    800027a4:	f4dff06f          	j	800026f0 <sglib__rbtree_it_compute_current_elem+0x68>
    800027a8:	00843403          	ld	s0,8(s0)
    800027ac:	fc0414e3          	bnez	s0,80002774 <sglib__rbtree_it_compute_current_elem+0xec>
    800027b0:	fe1ff06f          	j	80002790 <sglib__rbtree_it_compute_current_elem+0x108>
    800027b4:	0107b403          	ld	s0,16(a5)
    800027b8:	fa099ae3          	bnez	s3,8000276c <sglib__rbtree_it_compute_current_elem+0xe4>
    800027bc:	48849783          	lh	a5,1160(s1)
    800027c0:	fc040ce3          	beqz	s0,80002798 <sglib__rbtree_it_compute_current_elem+0x110>
    800027c4:	0017879b          	addiw	a5,a5,1
    800027c8:	088bb423          	sd	s0,136(s7)
    800027cc:	01548ab3          	add	s5,s1,s5
    800027d0:	0107979b          	slliw	a5,a5,0x10
    800027d4:	000a8423          	sb	zero,8(s5)
    800027d8:	4107d79b          	sraiw	a5,a5,0x10
    800027dc:	48f49423          	sh	a5,1160(s1)
    800027e0:	fb9ff06f          	j	80002798 <sglib__rbtree_it_compute_current_elem+0x110>
    800027e4:	48849683          	lh	a3,1160(s1)
    800027e8:	00068793          	mv	a5,a3
    800027ec:	fa0408e3          	beqz	s0,8000279c <sglib__rbtree_it_compute_current_elem+0x114>
    800027f0:	0009a703          	lw	a4,0(s3)
    800027f4:	00042783          	lw	a5,0(s0)
    800027f8:	40f707bb          	subw	a5,a4,a5
    800027fc:	0007ce63          	bltz	a5,80002818 <sglib__rbtree_it_compute_current_elem+0x190>
    80002800:	02078463          	beqz	a5,80002828 <sglib__rbtree_it_compute_current_elem+0x1a0>
    80002804:	01043403          	ld	s0,16(s0)
    80002808:	f80406e3          	beqz	s0,80002794 <sglib__rbtree_it_compute_current_elem+0x10c>
    8000280c:	00042783          	lw	a5,0(s0)
    80002810:	40f707bb          	subw	a5,a4,a5
    80002814:	fe07d6e3          	bgez	a5,80002800 <sglib__rbtree_it_compute_current_elem+0x178>
    80002818:	00843403          	ld	s0,8(s0)
    8000281c:	fe0418e3          	bnez	s0,8000280c <sglib__rbtree_it_compute_current_elem+0x184>
    80002820:	f75ff06f          	j	80002794 <sglib__rbtree_it_compute_current_elem+0x10c>
    80002824:	48849683          	lh	a3,1160(s1)
    80002828:	00068793          	mv	a5,a3
    8000282c:	f99ff06f          	j	800027c4 <sglib__rbtree_it_compute_current_elem+0x13c>
    80002830:	48849783          	lh	a5,1160(s1)
    80002834:	f69ff06f          	j	8000279c <sglib__rbtree_it_compute_current_elem+0x114>

0000000080002838 <benchmark_body>:
    80002838:	8e010113          	addi	sp,sp,-1824
    8000283c:	70113c23          	sd	ra,1816(sp)
    80002840:	00a13823          	sd	a0,16(sp)
    80002844:	6ca05e63          	blez	a0,80002f20 <benchmark_body+0x6e8>
    80002848:	000107b7          	lui	a5,0x10
    8000284c:	00178793          	addi	a5,a5,1 # 10001 <__stack_size+0x8001>
    80002850:	70813823          	sd	s0,1808(sp)
    80002854:	70913423          	sd	s1,1800(sp)
    80002858:	71213023          	sd	s2,1792(sp)
    8000285c:	6f313c23          	sd	s3,1784(sp)
    80002860:	6f413823          	sd	s4,1776(sp)
    80002864:	6d913423          	sd	s9,1736(sp)
    80002868:	6da13023          	sd	s10,1728(sp)
    8000286c:	6f513423          	sd	s5,1768(sp)
    80002870:	6f613023          	sd	s6,1760(sp)
    80002874:	6d713c23          	sd	s7,1752(sp)
    80002878:	6d813823          	sd	s8,1744(sp)
    8000287c:	6bb13c23          	sd	s11,1720(sp)
    80002880:	00013423          	sd	zero,8(sp)
    80002884:	8a818c93          	addi	s9,gp,-1880 # 800056a0 <array2>
    80002888:	00003d17          	auipc	s10,0x3
    8000288c:	a68d0d13          	addi	s10,s10,-1432 # 800052f0 <array_exp.0>
    80002890:	85018413          	addi	s0,gp,-1968 # 80005648 <the_list>
    80002894:	a3818493          	addi	s1,gp,-1480 # 80005830 <htab>
    80002898:	00200a13          	li	s4,2
    8000289c:	00100993          	li	s3,1
    800028a0:	06300913          	li	s2,99
    800028a4:	00f13c23          	sd	a5,24(sp)
    800028a8:	00003797          	auipc	a5,0x3
    800028ac:	8b878793          	addi	a5,a5,-1864 # 80005160 <array>
    800028b0:	8a818713          	addi	a4,gp,-1880 # 800056a0 <array2>
    800028b4:	0007b803          	ld	a6,0(a5)
    800028b8:	0087b503          	ld	a0,8(a5)
    800028bc:	0107b583          	ld	a1,16(a5)
    800028c0:	0187b603          	ld	a2,24(a5)
    800028c4:	0207b683          	ld	a3,32(a5)
    800028c8:	01073023          	sd	a6,0(a4)
    800028cc:	00a73423          	sd	a0,8(a4)
    800028d0:	00b73823          	sd	a1,16(a4)
    800028d4:	00c73c23          	sd	a2,24(a4)
    800028d8:	02d73023          	sd	a3,32(a4)
    800028dc:	02878793          	addi	a5,a5,40
    800028e0:	02870713          	addi	a4,a4,40
    800028e4:	fda798e3          	bne	a5,s10,800028b4 <benchmark_body+0x7c>
    800028e8:	06400793          	li	a5,100
    800028ec:	06400313          	li	t1,100
    800028f0:	00000893          	li	a7,0
    800028f4:	20f12823          	sw	a5,528(sp)
    800028f8:	06012c23          	sw	zero,120(sp)
    800028fc:	00000e13          	li	t3,0
    80002900:	411307bb          	subw	a5,t1,a7
    80002904:	0cfa5463          	bge	s4,a5,800029cc <benchmark_body+0x194>
    80002908:	fff3069b          	addiw	a3,t1,-1
    8000290c:	00289813          	slli	a6,a7,0x2
    80002910:	0018879b          	addiw	a5,a7,1
    80002914:	00269593          	slli	a1,a3,0x2
    80002918:	010c8eb3          	add	t4,s9,a6
    8000291c:	00068613          	mv	a2,a3
    80002920:	14d7d663          	bge	a5,a3,80002a6c <benchmark_body+0x234>
    80002924:	000ea503          	lw	a0,0(t4)
    80002928:	0cf6ca63          	blt	a3,a5,800029fc <benchmark_body+0x1c4>
    8000292c:	00279713          	slli	a4,a5,0x2
    80002930:	00ec8733          	add	a4,s9,a4
    80002934:	00c0006f          	j	80002940 <benchmark_body+0x108>
    80002938:	0017879b          	addiw	a5,a5,1
    8000293c:	0cf6c063          	blt	a3,a5,800029fc <benchmark_body+0x1c4>
    80002940:	00072603          	lw	a2,0(a4)
    80002944:	00470713          	addi	a4,a4,4
    80002948:	fec558e3          	bge	a0,a2,80002938 <benchmark_body+0x100>
    8000294c:	0af6c863          	blt	a3,a5,800029fc <benchmark_body+0x1c4>
    80002950:	00bc8733          	add	a4,s9,a1
    80002954:	00072603          	lw	a2,0(a4)
    80002958:	ffc70713          	addi	a4,a4,-4
    8000295c:	0aa64463          	blt	a2,a0,80002a04 <benchmark_body+0x1cc>
    80002960:	fff6869b          	addiw	a3,a3,-1
    80002964:	fef6d8e3          	bge	a3,a5,80002954 <benchmark_body+0x11c>
    80002968:	00269713          	slli	a4,a3,0x2
    8000296c:	00ec8733          	add	a4,s9,a4
    80002970:	00072603          	lw	a2,0(a4)
    80002974:	010c87b3          	add	a5,s9,a6
    80002978:	00a72023          	sw	a0,0(a4)
    8000297c:	00c7a023          	sw	a2,0(a5)
    80002980:	00068613          	mv	a2,a3
    80002984:	411687bb          	subw	a5,a3,a7
    80002988:	0ef9d263          	bge	s3,a5,80002a6c <benchmark_body+0x234>
    8000298c:	40c305bb          	subw	a1,t1,a2
    80002990:	0eb9d463          	bge	s3,a1,80002a78 <benchmark_body+0x240>
    80002994:	0016051b          	addiw	a0,a2,1
    80002998:	fff5871b          	addiw	a4,a1,-1
    8000299c:	00050613          	mv	a2,a0
    800029a0:	001e059b          	addiw	a1,t3,1
    800029a4:	0ce7de63          	bge	a5,a4,80002a80 <benchmark_body+0x248>
    800029a8:	002e1713          	slli	a4,t3,0x2
    800029ac:	69070713          	addi	a4,a4,1680
    800029b0:	02010513          	addi	a0,sp,32
    800029b4:	00a70733          	add	a4,a4,a0
    800029b8:	b6672023          	sw	t1,-1184(a4)
    800029bc:	9cc72423          	sw	a2,-1592(a4)
    800029c0:	00068313          	mv	t1,a3
    800029c4:	00058e13          	mv	t3,a1
    800029c8:	f4fa40e3          	blt	s4,a5,80002908 <benchmark_body+0xd0>
    800029cc:	0d478e63          	beq	a5,s4,80002aa8 <benchmark_body+0x270>
    800029d0:	11c05263          	blez	t3,80002ad4 <benchmark_body+0x29c>
    800029d4:	fffe0e1b          	addiw	t3,t3,-1
    800029d8:	000e079b          	sext.w	a5,t3
    800029dc:	00279793          	slli	a5,a5,0x2
    800029e0:	69078793          	addi	a5,a5,1680
    800029e4:	02010713          	addi	a4,sp,32
    800029e8:	00e787b3          	add	a5,a5,a4
    800029ec:	9c87a883          	lw	a7,-1592(a5)
    800029f0:	b607a303          	lw	t1,-1184(a5)
    800029f4:	411307bb          	subw	a5,t1,a7
    800029f8:	f0dff06f          	j	80002904 <benchmark_body+0xcc>
    800029fc:	00bc8733          	add	a4,s9,a1
    80002a00:	f71ff06f          	j	80002970 <benchmark_body+0x138>
    80002a04:	f6f6c2e3          	blt	a3,a5,80002968 <benchmark_body+0x130>
    80002a08:	04d7da63          	bge	a5,a3,80002a5c <benchmark_body+0x224>
    80002a0c:	00269593          	slli	a1,a3,0x2
    80002a10:	00bc8633          	add	a2,s9,a1
    80002a14:	00279713          	slli	a4,a5,0x2
    80002a18:	00062503          	lw	a0,0(a2)
    80002a1c:	00ec8733          	add	a4,s9,a4
    80002a20:	00072f03          	lw	t5,0(a4)
    80002a24:	00a72023          	sw	a0,0(a4)
    80002a28:	0017871b          	addiw	a4,a5,1
    80002a2c:	01e62023          	sw	t5,0(a2)
    80002a30:	0027861b          	addiw	a2,a5,2
    80002a34:	00d64a63          	blt	a2,a3,80002a48 <benchmark_body+0x210>
    80002a38:	00d74463          	blt	a4,a3,80002a40 <benchmark_body+0x208>
    80002a3c:	00078713          	mv	a4,a5
    80002a40:	00070793          	mv	a5,a4
    80002a44:	ee1ff06f          	j	80002924 <benchmark_body+0xec>
    80002a48:	fff6869b          	addiw	a3,a3,-1
    80002a4c:	4ed75c63          	bge	a4,a3,80002f44 <benchmark_body+0x70c>
    80002a50:	00269593          	slli	a1,a3,0x2
    80002a54:	00070793          	mv	a5,a4
    80002a58:	ecdff06f          	j	80002924 <benchmark_body+0xec>
    80002a5c:	00068613          	mv	a2,a3
    80002a60:	00078693          	mv	a3,a5
    80002a64:	411687bb          	subw	a5,a3,a7
    80002a68:	f21ff06f          	j	80002988 <benchmark_body+0x150>
    80002a6c:	0016089b          	addiw	a7,a2,1
    80002a70:	411307bb          	subw	a5,t1,a7
    80002a74:	e91ff06f          	j	80002904 <benchmark_body+0xcc>
    80002a78:	00068313          	mv	t1,a3
    80002a7c:	e89ff06f          	j	80002904 <benchmark_body+0xcc>
    80002a80:	002e1793          	slli	a5,t3,0x2
    80002a84:	69078793          	addi	a5,a5,1680
    80002a88:	02010713          	addi	a4,sp,32
    80002a8c:	00e787b3          	add	a5,a5,a4
    80002a90:	9d17a423          	sw	a7,-1592(a5)
    80002a94:	b6d7a023          	sw	a3,-1184(a5)
    80002a98:	00050893          	mv	a7,a0
    80002a9c:	40a307bb          	subw	a5,t1,a0
    80002aa0:	00058e13          	mv	t3,a1
    80002aa4:	e61ff06f          	j	80002904 <benchmark_body+0xcc>
    80002aa8:	fff3079b          	addiw	a5,t1,-1
    80002aac:	00289713          	slli	a4,a7,0x2
    80002ab0:	00279793          	slli	a5,a5,0x2
    80002ab4:	00ec8733          	add	a4,s9,a4
    80002ab8:	00fc87b3          	add	a5,s9,a5
    80002abc:	00072683          	lw	a3,0(a4)
    80002ac0:	0007a603          	lw	a2,0(a5)
    80002ac4:	f0d656e3          	bge	a2,a3,800029d0 <benchmark_body+0x198>
    80002ac8:	00c72023          	sw	a2,0(a4)
    80002acc:	00d7a023          	sw	a3,0(a5)
    80002ad0:	f1c042e3          	bgtz	t3,800029d4 <benchmark_body+0x19c>
    80002ad4:	000025b7          	lui	a1,0x2
    80002ad8:	00003517          	auipc	a0,0x3
    80002adc:	df850513          	addi	a0,a0,-520 # 800058d0 <heap>
    80002ae0:	00002d97          	auipc	s11,0x2
    80002ae4:	680d8d93          	addi	s11,s11,1664 # 80005160 <array>
    80002ae8:	914fe0ef          	jal	80000bfc <init_heap_beebs>
    80002aec:	000d8a93          	mv	s5,s11
    80002af0:	8401b823          	sd	zero,-1968(gp) # 80005648 <the_list>
    80002af4:	0280006f          	j	80002b1c <benchmark_body+0x2e4>
    80002af8:	0107b683          	ld	a3,16(a5)
    80002afc:	00f53423          	sd	a5,8(a0)
    80002b00:	00d53823          	sd	a3,16(a0)
    80002b04:	00a7b823          	sd	a0,16(a5)
    80002b08:	01053783          	ld	a5,16(a0)
    80002b0c:	00078463          	beqz	a5,80002b14 <benchmark_body+0x2dc>
    80002b10:	00a7b423          	sd	a0,8(a5)
    80002b14:	004a8a93          	addi	s5,s5,4
    80002b18:	035d0863          	beq	s10,s5,80002b48 <benchmark_body+0x310>
    80002b1c:	01800513          	li	a0,24
    80002b20:	938fe0ef          	jal	80000c58 <malloc_beebs>
    80002b24:	000aa683          	lw	a3,0(s5)
    80002b28:	00043783          	ld	a5,0(s0)
    80002b2c:	00d52023          	sw	a3,0(a0)
    80002b30:	fc0794e3          	bnez	a5,80002af8 <benchmark_body+0x2c0>
    80002b34:	00a43023          	sd	a0,0(s0)
    80002b38:	00053823          	sd	zero,16(a0)
    80002b3c:	00053423          	sd	zero,8(a0)
    80002b40:	004a8a93          	addi	s5,s5,4
    80002b44:	fd5d1ce3          	bne	s10,s5,80002b1c <benchmark_body+0x2e4>
    80002b48:	85018513          	addi	a0,gp,-1968 # 80005648 <the_list>
    80002b4c:	c85fe0ef          	jal	800017d0 <sglib_dllist_sort>
    80002b50:	00043783          	ld	a5,0(s0)
    80002b54:	02012623          	sw	zero,44(sp)
    80002b58:	02078263          	beqz	a5,80002b7c <benchmark_body+0x344>
    80002b5c:	00078713          	mv	a4,a5
    80002b60:	0107b783          	ld	a5,16(a5)
    80002b64:	fe079ce3          	bnez	a5,80002b5c <benchmark_body+0x324>
    80002b68:	02c12783          	lw	a5,44(sp)
    80002b6c:	00873703          	ld	a4,8(a4)
    80002b70:	0017879b          	addiw	a5,a5,1
    80002b74:	02f12623          	sw	a5,44(sp)
    80002b78:	fe0718e3          	bnez	a4,80002b68 <benchmark_body+0x330>
    80002b7c:	0a000613          	li	a2,160
    80002b80:	00000593          	li	a1,0
    80002b84:	a3818513          	addi	a0,gp,-1480 # 80005830 <htab>
    80002b88:	78f000ef          	jal	80003b16 <memset>
    80002b8c:	00002a97          	auipc	s5,0x2
    80002b90:	5d4a8a93          	addi	s5,s5,1492 # 80005160 <array>
    80002b94:	01400c13          	li	s8,20
    80002b98:	000aab83          	lw	s7,0(s5)
    80002b9c:	038bf63b          	remuw	a2,s7,s8
    80002ba0:	02061613          	slli	a2,a2,0x20
    80002ba4:	01d65613          	srli	a2,a2,0x1d
    80002ba8:	00c48b33          	add	s6,s1,a2
    80002bac:	000b3783          	ld	a5,0(s6)
    80002bb0:	00079863          	bnez	a5,80002bc0 <benchmark_body+0x388>
    80002bb4:	15c0006f          	j	80002d10 <benchmark_body+0x4d8>
    80002bb8:	0087b783          	ld	a5,8(a5)
    80002bbc:	14078a63          	beqz	a5,80002d10 <benchmark_body+0x4d8>
    80002bc0:	0007a703          	lw	a4,0(a5)
    80002bc4:	ff771ae3          	bne	a4,s7,80002bb8 <benchmark_body+0x380>
    80002bc8:	004a8a93          	addi	s5,s5,4
    80002bcc:	fd5d16e3          	bne	s10,s5,80002b98 <benchmark_body+0x360>
    80002bd0:	190cb783          	ld	a5,400(s9)
    80002bd4:	03810513          	addi	a0,sp,56
    80002bd8:	04913c23          	sd	s1,88(sp)
    80002bdc:	06012023          	sw	zero,96(sp)
    80002be0:	06013423          	sd	zero,104(sp)
    80002be4:	06013823          	sd	zero,112(sp)
    80002be8:	04013423          	sd	zero,72(sp)
    80002bec:	04013823          	sd	zero,80(sp)
    80002bf0:	04f13023          	sd	a5,64(sp)
    80002bf4:	a40ff0ef          	jal	80001e34 <sglib_ilist_it_next>
    80002bf8:	32050e63          	beqz	a0,80002f34 <benchmark_body+0x6fc>
    80002bfc:	02c12783          	lw	a5,44(sp)
    80002c00:	03810513          	addi	a0,sp,56
    80002c04:	0017879b          	addiw	a5,a5,1
    80002c08:	02f12623          	sw	a5,44(sp)
    80002c0c:	c90ff0ef          	jal	8000209c <sglib_hashed_ilist_it_next>
    80002c10:	fe0516e3          	bnez	a0,80002bfc <benchmark_body+0x3c4>
    80002c14:	00002717          	auipc	a4,0x2
    80002c18:	54c70713          	addi	a4,a4,1356 # 80005160 <array>
    80002c1c:	00000793          	li	a5,0
    80002c20:	06500593          	li	a1,101
    80002c24:	00072603          	lw	a2,0(a4)
    80002c28:	00279693          	slli	a3,a5,0x2
    80002c2c:	69068693          	addi	a3,a3,1680
    80002c30:	02010513          	addi	a0,sp,32
    80002c34:	00a686b3          	add	a3,a3,a0
    80002c38:	0017879b          	addiw	a5,a5,1
    80002c3c:	9cc6a423          	sw	a2,-1592(a3)
    80002c40:	00470713          	addi	a4,a4,4
    80002c44:	02b7e7bb          	remw	a5,a5,a1
    80002c48:	fda71ee3          	bne	a4,s10,80002c24 <benchmark_body+0x3ec>
    80002c4c:	00000713          	li	a4,0
    80002c50:	06500613          	li	a2,101
    80002c54:	02078863          	beqz	a5,80002c84 <benchmark_body+0x44c>
    80002c58:	0017059b          	addiw	a1,a4,1
    80002c5c:	00271693          	slli	a3,a4,0x2
    80002c60:	02c5e73b          	remw	a4,a1,a2
    80002c64:	69068693          	addi	a3,a3,1680
    80002c68:	02010593          	addi	a1,sp,32
    80002c6c:	00b686b3          	add	a3,a3,a1
    80002c70:	9c86a683          	lw	a3,-1592(a3)
    80002c74:	02c12583          	lw	a1,44(sp)
    80002c78:	00b686bb          	addw	a3,a3,a1
    80002c7c:	02d12623          	sw	a3,44(sp)
    80002c80:	fcf71ce3          	bne	a4,a5,80002c58 <benchmark_body+0x420>
    80002c84:	07810813          	addi	a6,sp,120
    80002c88:	00e00613          	li	a2,14
    80002c8c:	00000513          	li	a0,0
    80002c90:	00c82023          	sw	a2,0(a6)
    80002c94:	00002897          	auipc	a7,0x2
    80002c98:	4d088893          	addi	a7,a7,1232 # 80005164 <array+0x4>
    80002c9c:	0005079b          	sext.w	a5,a0
    80002ca0:	00051e63          	bnez	a0,80002cbc <benchmark_body+0x484>
    80002ca4:	0640006f          	j	80002d08 <benchmark_body+0x4d0>
    80002ca8:	9cc72423          	sw	a2,-1592(a4)
    80002cac:	9cb7a423          	sw	a1,-1592(a5)
    80002cb0:	02068c63          	beqz	a3,80002ce8 <benchmark_body+0x4b0>
    80002cb4:	9c872603          	lw	a2,-1592(a4)
    80002cb8:	00068793          	mv	a5,a3
    80002cbc:	4017d69b          	sraiw	a3,a5,0x1
    80002cc0:	00269713          	slli	a4,a3,0x2
    80002cc4:	02010593          	addi	a1,sp,32
    80002cc8:	69070713          	addi	a4,a4,1680
    80002ccc:	00b70733          	add	a4,a4,a1
    80002cd0:	9c872583          	lw	a1,-1592(a4)
    80002cd4:	00279793          	slli	a5,a5,0x2
    80002cd8:	69078793          	addi	a5,a5,1680
    80002cdc:	02010313          	addi	t1,sp,32
    80002ce0:	006787b3          	add	a5,a5,t1
    80002ce4:	fcc5c2e3          	blt	a1,a2,80002ca8 <benchmark_body+0x470>
    80002ce8:	00480813          	addi	a6,a6,4
    80002cec:	05250463          	beq	a0,s2,80002d34 <benchmark_body+0x4fc>
    80002cf0:	0008a603          	lw	a2,0(a7)
    80002cf4:	00150513          	addi	a0,a0,1
    80002cf8:	00488893          	addi	a7,a7,4
    80002cfc:	00c82023          	sw	a2,0(a6)
    80002d00:	0005079b          	sext.w	a5,a0
    80002d04:	fa051ce3          	bnez	a0,80002cbc <benchmark_body+0x484>
    80002d08:	00480813          	addi	a6,a6,4
    80002d0c:	fe5ff06f          	j	80002cf0 <benchmark_body+0x4b8>
    80002d10:	01000513          	li	a0,16
    80002d14:	f45fd0ef          	jal	80000c58 <malloc_beebs>
    80002d18:	000b3783          	ld	a5,0(s6)
    80002d1c:	01752023          	sw	s7,0(a0)
    80002d20:	004a8a93          	addi	s5,s5,4
    80002d24:	00f53423          	sd	a5,8(a0)
    80002d28:	00ab3023          	sd	a0,0(s6)
    80002d2c:	e75d16e3          	bne	s10,s5,80002b98 <benchmark_body+0x360>
    80002d30:	ea1ff06f          	j	80002bd0 <benchmark_body+0x398>
    80002d34:	20410893          	addi	a7,sp,516
    80002d38:	06400813          	li	a6,100
    80002d3c:	00c0006f          	j	80002d48 <benchmark_body+0x510>
    80002d40:	ffc88893          	addi	a7,a7,-4
    80002d44:	0c080c63          	beqz	a6,80002e1c <benchmark_body+0x5e4>
    80002d48:	02c12683          	lw	a3,44(sp)
    80002d4c:	07812783          	lw	a5,120(sp)
    80002d50:	0008a703          	lw	a4,0(a7)
    80002d54:	fff8081b          	addiw	a6,a6,-1
    80002d58:	00d787bb          	addw	a5,a5,a3
    80002d5c:	02f12623          	sw	a5,44(sp)
    80002d60:	06e12c23          	sw	a4,120(sp)
    80002d64:	00000593          	li	a1,0
    80002d68:	0015979b          	slliw	a5,a1,0x1
    80002d6c:	0017869b          	addiw	a3,a5,1
    80002d70:	fd06d8e3          	bge	a3,a6,80002d40 <benchmark_body+0x508>
    80002d74:	00259613          	slli	a2,a1,0x2
    80002d78:	00269713          	slli	a4,a3,0x2
    80002d7c:	02010313          	addi	t1,sp,32
    80002d80:	69060513          	addi	a0,a2,1680
    80002d84:	69070713          	addi	a4,a4,1680
    80002d88:	00650533          	add	a0,a0,t1
    80002d8c:	00670733          	add	a4,a4,t1
    80002d90:	9c852503          	lw	a0,-1592(a0)
    80002d94:	9c872703          	lw	a4,-1592(a4)
    80002d98:	0027879b          	addiw	a5,a5,2
    80002d9c:	04e54c63          	blt	a0,a4,80002df4 <benchmark_body+0x5bc>
    80002da0:	fb07d0e3          	bge	a5,a6,80002d40 <benchmark_body+0x508>
    80002da4:	00279713          	slli	a4,a5,0x2
    80002da8:	69070713          	addi	a4,a4,1680
    80002dac:	00670733          	add	a4,a4,t1
    80002db0:	9c872703          	lw	a4,-1592(a4)
    80002db4:	f8a746e3          	blt	a4,a0,80002d40 <benchmark_body+0x508>
    80002db8:	f8e554e3          	bge	a0,a4,80002d40 <benchmark_body+0x508>
    80002dbc:	00078693          	mv	a3,a5
    80002dc0:	f8d580e3          	beq	a1,a3,80002d40 <benchmark_body+0x508>
    80002dc4:	00269793          	slli	a5,a3,0x2
    80002dc8:	02010713          	addi	a4,sp,32
    80002dcc:	69078793          	addi	a5,a5,1680
    80002dd0:	00e787b3          	add	a5,a5,a4
    80002dd4:	9c87a703          	lw	a4,-1592(a5)
    80002dd8:	02010593          	addi	a1,sp,32
    80002ddc:	69060613          	addi	a2,a2,1680
    80002de0:	00b60633          	add	a2,a2,a1
    80002de4:	9ce62423          	sw	a4,-1592(a2)
    80002de8:	00068593          	mv	a1,a3
    80002dec:	9ca7a423          	sw	a0,-1592(a5)
    80002df0:	f79ff06f          	j	80002d68 <benchmark_body+0x530>
    80002df4:	fd07d6e3          	bge	a5,a6,80002dc0 <benchmark_body+0x588>
    80002df8:	00279313          	slli	t1,a5,0x2
    80002dfc:	69030313          	addi	t1,t1,1680
    80002e00:	02010e13          	addi	t3,sp,32
    80002e04:	01c30333          	add	t1,t1,t3
    80002e08:	9c832303          	lw	t1,-1592(t1)
    80002e0c:	fae34ae3          	blt	t1,a4,80002dc0 <benchmark_body+0x588>
    80002e10:	fa6758e3          	bge	a4,t1,80002dc0 <benchmark_body+0x588>
    80002e14:	00078693          	mv	a3,a5
    80002e18:	fa9ff06f          	j	80002dc0 <benchmark_body+0x588>
    80002e1c:	02013823          	sd	zero,48(sp)
    80002e20:	00e00c13          	li	s8,14
    80002e24:	01800513          	li	a0,24
    80002e28:	e31fd0ef          	jal	80000c58 <malloc_beebs>
    80002e2c:	00050593          	mv	a1,a0
    80002e30:	01852023          	sw	s8,0(a0)
    80002e34:	00053823          	sd	zero,16(a0)
    80002e38:	00053423          	sd	zero,8(a0)
    80002e3c:	03010513          	addi	a0,sp,48
    80002e40:	b88fe0ef          	jal	800011c8 <sglib___rbtree_add_recursive.constprop.0>
    80002e44:	03013603          	ld	a2,48(sp)
    80002e48:	004d8d93          	addi	s11,s11,4
    80002e4c:	00060223          	sb	zero,4(a2)
    80002e50:	05bd0263          	beq	s10,s11,80002e94 <benchmark_body+0x65c>
    80002e54:	00060713          	mv	a4,a2
    80002e58:	000dac03          	lw	s8,0(s11)
    80002e5c:	00072783          	lw	a5,0(a4)
    80002e60:	40fc07bb          	subw	a5,s8,a5
    80002e64:	0007ce63          	bltz	a5,80002e80 <benchmark_body+0x648>
    80002e68:	02078263          	beqz	a5,80002e8c <benchmark_body+0x654>
    80002e6c:	01073703          	ld	a4,16(a4)
    80002e70:	fa070ae3          	beqz	a4,80002e24 <benchmark_body+0x5ec>
    80002e74:	00072783          	lw	a5,0(a4)
    80002e78:	40fc07bb          	subw	a5,s8,a5
    80002e7c:	fe07d6e3          	bgez	a5,80002e68 <benchmark_body+0x630>
    80002e80:	00873703          	ld	a4,8(a4)
    80002e84:	fe0718e3          	bnez	a4,80002e74 <benchmark_body+0x63c>
    80002e88:	f9dff06f          	j	80002e24 <benchmark_body+0x5ec>
    80002e8c:	004d8d93          	addi	s11,s11,4
    80002e90:	fdbd12e3          	bne	s10,s11,80002e54 <benchmark_body+0x61c>
    80002e94:	01813783          	ld	a5,24(sp)
    80002e98:	21010513          	addi	a0,sp,528
    80002e9c:	6a013023          	sd	zero,1696(sp)
    80002ea0:	68f12c23          	sw	a5,1688(sp)
    80002ea4:	6a013423          	sd	zero,1704(sp)
    80002ea8:	20010c23          	sb	zero,536(sp)
    80002eac:	28c13c23          	sd	a2,664(sp)
    80002eb0:	fd8ff0ef          	jal	80002688 <sglib__rbtree_it_compute_current_elem>
    80002eb4:	21013783          	ld	a5,528(sp)
    80002eb8:	02078263          	beqz	a5,80002edc <benchmark_body+0x6a4>
    80002ebc:	02c12703          	lw	a4,44(sp)
    80002ec0:	0007a783          	lw	a5,0(a5)
    80002ec4:	21010513          	addi	a0,sp,528
    80002ec8:	00e787bb          	addw	a5,a5,a4
    80002ecc:	02f12623          	sw	a5,44(sp)
    80002ed0:	fb8ff0ef          	jal	80002688 <sglib__rbtree_it_compute_current_elem>
    80002ed4:	21013783          	ld	a5,528(sp)
    80002ed8:	fe0792e3          	bnez	a5,80002ebc <benchmark_body+0x684>
    80002edc:	00813783          	ld	a5,8(sp)
    80002ee0:	01013703          	ld	a4,16(sp)
    80002ee4:	0017879b          	addiw	a5,a5,1
    80002ee8:	00f13423          	sd	a5,8(sp)
    80002eec:	9af71ee3          	bne	a4,a5,800028a8 <benchmark_body+0x70>
    80002ef0:	71013403          	ld	s0,1808(sp)
    80002ef4:	70813483          	ld	s1,1800(sp)
    80002ef8:	70013903          	ld	s2,1792(sp)
    80002efc:	6f813983          	ld	s3,1784(sp)
    80002f00:	6f013a03          	ld	s4,1776(sp)
    80002f04:	6e813a83          	ld	s5,1768(sp)
    80002f08:	6e013b03          	ld	s6,1760(sp)
    80002f0c:	6d813b83          	ld	s7,1752(sp)
    80002f10:	6d013c03          	ld	s8,1744(sp)
    80002f14:	6c813c83          	ld	s9,1736(sp)
    80002f18:	6c013d03          	ld	s10,1728(sp)
    80002f1c:	6b813d83          	ld	s11,1720(sp)
    80002f20:	02c12503          	lw	a0,44(sp)
    80002f24:	71813083          	ld	ra,1816(sp)
    80002f28:	0005051b          	sext.w	a0,a0
    80002f2c:	72010113          	addi	sp,sp,1824
    80002f30:	00008067          	ret
    80002f34:	03810513          	addi	a0,sp,56
    80002f38:	964ff0ef          	jal	8000209c <sglib_hashed_ilist_it_next>
    80002f3c:	cc0510e3          	bnez	a0,80002bfc <benchmark_body+0x3c4>
    80002f40:	cd5ff06f          	j	80002c14 <benchmark_body+0x3dc>
    80002f44:	00068613          	mv	a2,a3
    80002f48:	411707bb          	subw	a5,a4,a7
    80002f4c:	00070693          	mv	a3,a4
    80002f50:	a39ff06f          	j	80002988 <benchmark_body+0x150>

0000000080002f54 <sglib__rbtree_it_init>:
    80002f54:	fd010113          	addi	sp,sp,-48
    80002f58:	02813023          	sd	s0,32(sp)
    80002f5c:	01313423          	sd	s3,8(sp)
    80002f60:	01413023          	sd	s4,0(sp)
    80002f64:	02113423          	sd	ra,40(sp)
    80002f68:	48c51523          	sh	a2,1162(a0)
    80002f6c:	48e53823          	sd	a4,1168(a0)
    80002f70:	48d53c23          	sd	a3,1176(a0)
    80002f74:	00050993          	mv	s3,a0
    80002f78:	00060a13          	mv	s4,a2
    80002f7c:	00058413          	mv	s0,a1
    80002f80:	0a070263          	beqz	a4,80003024 <sglib__rbtree_it_init+0xd0>
    80002f84:	00913c23          	sd	s1,24(sp)
    80002f88:	01213823          	sd	s2,16(sp)
    80002f8c:	00070493          	mv	s1,a4
    80002f90:	00068913          	mv	s2,a3
    80002f94:	04068c63          	beqz	a3,80002fec <sglib__rbtree_it_init+0x98>
    80002f98:	02040063          	beqz	s0,80002fb8 <sglib__rbtree_it_init+0x64>
    80002f9c:	00040593          	mv	a1,s0
    80002fa0:	00048513          	mv	a0,s1
    80002fa4:	000900e7          	jalr	s2
    80002fa8:	02054e63          	bltz	a0,80002fe4 <sglib__rbtree_it_init+0x90>
    80002fac:	0a050863          	beqz	a0,8000305c <sglib__rbtree_it_init+0x108>
    80002fb0:	01043403          	ld	s0,16(s0)
    80002fb4:	fe0414e3          	bnez	s0,80002f9c <sglib__rbtree_it_init+0x48>
    80002fb8:	01813483          	ld	s1,24(sp)
    80002fbc:	01013903          	ld	s2,16(sp)
    80002fc0:	02813083          	ld	ra,40(sp)
    80002fc4:	02013403          	ld	s0,32(sp)
    80002fc8:	48099423          	sh	zero,1160(s3)
    80002fcc:	0009b023          	sd	zero,0(s3)
    80002fd0:	00013a03          	ld	s4,0(sp)
    80002fd4:	00813983          	ld	s3,8(sp)
    80002fd8:	00000513          	li	a0,0
    80002fdc:	03010113          	addi	sp,sp,48
    80002fe0:	00008067          	ret
    80002fe4:	00843403          	ld	s0,8(s0)
    80002fe8:	fb1ff06f          	j	80002f98 <sglib__rbtree_it_init+0x44>
    80002fec:	fc0586e3          	beqz	a1,80002fb8 <sglib__rbtree_it_init+0x64>
    80002ff0:	00072703          	lw	a4,0(a4)
    80002ff4:	00042783          	lw	a5,0(s0)
    80002ff8:	40f707bb          	subw	a5,a4,a5
    80002ffc:	0007ce63          	bltz	a5,80003018 <sglib__rbtree_it_init+0xc4>
    80003000:	04078e63          	beqz	a5,8000305c <sglib__rbtree_it_init+0x108>
    80003004:	01043403          	ld	s0,16(s0)
    80003008:	fa0408e3          	beqz	s0,80002fb8 <sglib__rbtree_it_init+0x64>
    8000300c:	00042783          	lw	a5,0(s0)
    80003010:	40f707bb          	subw	a5,a4,a5
    80003014:	fe07d6e3          	bgez	a5,80003000 <sglib__rbtree_it_init+0xac>
    80003018:	00843403          	ld	s0,8(s0)
    8000301c:	fe0418e3          	bnez	s0,8000300c <sglib__rbtree_it_init+0xb8>
    80003020:	f99ff06f          	j	80002fb8 <sglib__rbtree_it_init+0x64>
    80003024:	f8058ee3          	beqz	a1,80002fc0 <sglib__rbtree_it_init+0x6c>
    80003028:	00100793          	li	a5,1
    8000302c:	48f99423          	sh	a5,1160(s3)
    80003030:	00098423          	sb	zero,8(s3)
    80003034:	0889b423          	sd	s0,136(s3)
    80003038:	040a1063          	bnez	s4,80003078 <sglib__rbtree_it_init+0x124>
    8000303c:	0089b023          	sd	s0,0(s3)
    80003040:	02813083          	ld	ra,40(sp)
    80003044:	00040513          	mv	a0,s0
    80003048:	02013403          	ld	s0,32(sp)
    8000304c:	00813983          	ld	s3,8(sp)
    80003050:	00013a03          	ld	s4,0(sp)
    80003054:	03010113          	addi	sp,sp,48
    80003058:	00008067          	ret
    8000305c:	00100793          	li	a5,1
    80003060:	01813483          	ld	s1,24(sp)
    80003064:	01013903          	ld	s2,16(sp)
    80003068:	48f99423          	sh	a5,1160(s3)
    8000306c:	00098423          	sb	zero,8(s3)
    80003070:	0889b423          	sd	s0,136(s3)
    80003074:	fc0a04e3          	beqz	s4,8000303c <sglib__rbtree_it_init+0xe8>
    80003078:	00098513          	mv	a0,s3
    8000307c:	e0cff0ef          	jal	80002688 <sglib__rbtree_it_compute_current_elem>
    80003080:	02813083          	ld	ra,40(sp)
    80003084:	02013403          	ld	s0,32(sp)
    80003088:	0009b503          	ld	a0,0(s3)
    8000308c:	00013a03          	ld	s4,0(sp)
    80003090:	00813983          	ld	s3,8(sp)
    80003094:	03010113          	addi	sp,sp,48
    80003098:	00008067          	ret

000000008000309c <sglib_rbtree_it_init>:
    8000309c:	ff010113          	addi	sp,sp,-16
    800030a0:	00813023          	sd	s0,0(sp)
    800030a4:	00113423          	sd	ra,8(sp)
    800030a8:	00200793          	li	a5,2
    800030ac:	48f51523          	sh	a5,1162(a0)
    800030b0:	48053823          	sd	zero,1168(a0)
    800030b4:	48053c23          	sd	zero,1176(a0)
    800030b8:	00050413          	mv	s0,a0
    800030bc:	02058663          	beqz	a1,800030e8 <sglib_rbtree_it_init+0x4c>
    800030c0:	00100793          	li	a5,1
    800030c4:	48f51423          	sh	a5,1160(a0)
    800030c8:	00050423          	sb	zero,8(a0)
    800030cc:	08b53423          	sd	a1,136(a0)
    800030d0:	db8ff0ef          	jal	80002688 <sglib__rbtree_it_compute_current_elem>
    800030d4:	00043503          	ld	a0,0(s0)
    800030d8:	00813083          	ld	ra,8(sp)
    800030dc:	00013403          	ld	s0,0(sp)
    800030e0:	01010113          	addi	sp,sp,16
    800030e4:	00008067          	ret
    800030e8:	00813083          	ld	ra,8(sp)
    800030ec:	00013403          	ld	s0,0(sp)
    800030f0:	48051423          	sh	zero,1160(a0)
    800030f4:	00053023          	sd	zero,0(a0)
    800030f8:	00000513          	li	a0,0
    800030fc:	01010113          	addi	sp,sp,16
    80003100:	00008067          	ret

0000000080003104 <sglib_rbtree_it_init_preorder>:
    80003104:	00050793          	mv	a5,a0
    80003108:	48079523          	sh	zero,1162(a5)
    8000310c:	4807b823          	sd	zero,1168(a5)
    80003110:	4807bc23          	sd	zero,1176(a5)
    80003114:	00058513          	mv	a0,a1
    80003118:	00000713          	li	a4,0
    8000311c:	00058863          	beqz	a1,8000312c <sglib_rbtree_it_init_preorder+0x28>
    80003120:	00078423          	sb	zero,8(a5)
    80003124:	08b7b423          	sd	a1,136(a5)
    80003128:	00100713          	li	a4,1
    8000312c:	00a7b023          	sd	a0,0(a5)
    80003130:	48e79423          	sh	a4,1160(a5)
    80003134:	00008067          	ret

0000000080003138 <sglib_rbtree_it_init_inorder>:
    80003138:	ff010113          	addi	sp,sp,-16
    8000313c:	00813023          	sd	s0,0(sp)
    80003140:	00113423          	sd	ra,8(sp)
    80003144:	00100793          	li	a5,1
    80003148:	48f51523          	sh	a5,1162(a0)
    8000314c:	48053823          	sd	zero,1168(a0)
    80003150:	48053c23          	sd	zero,1176(a0)
    80003154:	00050413          	mv	s0,a0
    80003158:	02058463          	beqz	a1,80003180 <sglib_rbtree_it_init_inorder+0x48>
    8000315c:	48f51423          	sh	a5,1160(a0)
    80003160:	00050423          	sb	zero,8(a0)
    80003164:	08b53423          	sd	a1,136(a0)
    80003168:	d20ff0ef          	jal	80002688 <sglib__rbtree_it_compute_current_elem>
    8000316c:	00043503          	ld	a0,0(s0)
    80003170:	00813083          	ld	ra,8(sp)
    80003174:	00013403          	ld	s0,0(sp)
    80003178:	01010113          	addi	sp,sp,16
    8000317c:	00008067          	ret
    80003180:	00813083          	ld	ra,8(sp)
    80003184:	00013403          	ld	s0,0(sp)
    80003188:	48051423          	sh	zero,1160(a0)
    8000318c:	00053023          	sd	zero,0(a0)
    80003190:	00000513          	li	a0,0
    80003194:	01010113          	addi	sp,sp,16
    80003198:	00008067          	ret

000000008000319c <sglib_rbtree_it_init_postorder>:
    8000319c:	ff010113          	addi	sp,sp,-16
    800031a0:	00813023          	sd	s0,0(sp)
    800031a4:	00113423          	sd	ra,8(sp)
    800031a8:	00200793          	li	a5,2
    800031ac:	48f51523          	sh	a5,1162(a0)
    800031b0:	48053823          	sd	zero,1168(a0)
    800031b4:	48053c23          	sd	zero,1176(a0)
    800031b8:	00050413          	mv	s0,a0
    800031bc:	02058663          	beqz	a1,800031e8 <sglib_rbtree_it_init_postorder+0x4c>
    800031c0:	00100793          	li	a5,1
    800031c4:	48f51423          	sh	a5,1160(a0)
    800031c8:	00050423          	sb	zero,8(a0)
    800031cc:	08b53423          	sd	a1,136(a0)
    800031d0:	cb8ff0ef          	jal	80002688 <sglib__rbtree_it_compute_current_elem>
    800031d4:	00043503          	ld	a0,0(s0)
    800031d8:	00813083          	ld	ra,8(sp)
    800031dc:	00013403          	ld	s0,0(sp)
    800031e0:	01010113          	addi	sp,sp,16
    800031e4:	00008067          	ret
    800031e8:	00813083          	ld	ra,8(sp)
    800031ec:	00013403          	ld	s0,0(sp)
    800031f0:	48051423          	sh	zero,1160(a0)
    800031f4:	00053023          	sd	zero,0(a0)
    800031f8:	00000513          	li	a0,0
    800031fc:	01010113          	addi	sp,sp,16
    80003200:	00008067          	ret

0000000080003204 <sglib_rbtree_it_init_on_equal>:
    80003204:	00068713          	mv	a4,a3
    80003208:	00060693          	mv	a3,a2
    8000320c:	00100613          	li	a2,1
    80003210:	d45ff06f          	j	80002f54 <sglib__rbtree_it_init>

0000000080003214 <sglib_rbtree_it_current>:
    80003214:	00053503          	ld	a0,0(a0)
    80003218:	00008067          	ret

000000008000321c <sglib_rbtree_it_next>:
    8000321c:	ff010113          	addi	sp,sp,-16
    80003220:	00813023          	sd	s0,0(sp)
    80003224:	00113423          	sd	ra,8(sp)
    80003228:	00050413          	mv	s0,a0
    8000322c:	c5cff0ef          	jal	80002688 <sglib__rbtree_it_compute_current_elem>
    80003230:	00043503          	ld	a0,0(s0)
    80003234:	00813083          	ld	ra,8(sp)
    80003238:	00013403          	ld	s0,0(sp)
    8000323c:	01010113          	addi	sp,sp,16
    80003240:	00008067          	ret

0000000080003244 <sglib___rbtree_consistency_check>:
    80003244:	fe010113          	addi	sp,sp,-32
    80003248:	00c10593          	addi	a1,sp,12
    8000324c:	fff00793          	li	a5,-1
    80003250:	00000613          	li	a2,0
    80003254:	00113c23          	sd	ra,24(sp)
    80003258:	00f12623          	sw	a5,12(sp)
    8000325c:	ef5fd0ef          	jal	80001150 <sglib___rbtree_consistency_check_recursive>
    80003260:	01813083          	ld	ra,24(sp)
    80003264:	02010113          	addi	sp,sp,32
    80003268:	00008067          	ret

000000008000326c <verify_benchmark>:
    8000326c:	8501b703          	ld	a4,-1968(gp) # 80005648 <the_list>
    80003270:	02070a63          	beqz	a4,800032a4 <verify_benchmark+0x38>
    80003274:	00070793          	mv	a5,a4
    80003278:	01073703          	ld	a4,16(a4)
    8000327c:	fe071ce3          	bnez	a4,80003274 <verify_benchmark+0x8>
    80003280:	0007a683          	lw	a3,0(a5)
    80003284:	00e69c63          	bne	a3,a4,8000329c <verify_benchmark+0x30>
    80003288:	0087b783          	ld	a5,8(a5)
    8000328c:	0017071b          	addiw	a4,a4,1
    80003290:	00078a63          	beqz	a5,800032a4 <verify_benchmark+0x38>
    80003294:	0007a683          	lw	a3,0(a5)
    80003298:	fee688e3          	beq	a3,a4,80003288 <verify_benchmark+0x1c>
    8000329c:	00000513          	li	a0,0
    800032a0:	00008067          	ret
    800032a4:	00002617          	auipc	a2,0x2
    800032a8:	ebc60613          	addi	a2,a2,-324 # 80005160 <array>
    800032ac:	00002897          	auipc	a7,0x2
    800032b0:	04488893          	addi	a7,a7,68 # 800052f0 <array_exp.0>
    800032b4:	8a818813          	addi	a6,gp,-1880 # 800056a0 <array2>
    800032b8:	01400593          	li	a1,20
    800032bc:	00062683          	lw	a3,0(a2)
    800032c0:	02b6f7bb          	remuw	a5,a3,a1
    800032c4:	02079793          	slli	a5,a5,0x20
    800032c8:	01d7d793          	srli	a5,a5,0x1d
    800032cc:	00f807b3          	add	a5,a6,a5
    800032d0:	1907b783          	ld	a5,400(a5)
    800032d4:	00079863          	bnez	a5,800032e4 <verify_benchmark+0x78>
    800032d8:	fc5ff06f          	j	8000329c <verify_benchmark+0x30>
    800032dc:	0087b783          	ld	a5,8(a5)
    800032e0:	fa078ee3          	beqz	a5,8000329c <verify_benchmark+0x30>
    800032e4:	0007a703          	lw	a4,0(a5)
    800032e8:	fed71ae3          	bne	a4,a3,800032dc <verify_benchmark+0x70>
    800032ec:	00460613          	addi	a2,a2,4
    800032f0:	fcc896e3          	bne	a7,a2,800032bc <verify_benchmark+0x50>
    800032f4:	000047b7          	lui	a5,0x4
    800032f8:	aca78793          	addi	a5,a5,-1334 # 3aca <__stack_align+0x3aba>
    800032fc:	faf510e3          	bne	a0,a5,8000329c <verify_benchmark+0x30>
    80003300:	ff010113          	addi	sp,sp,-16
    80003304:	00002517          	auipc	a0,0x2
    80003308:	5cc50513          	addi	a0,a0,1484 # 800058d0 <heap>
    8000330c:	00113423          	sd	ra,8(sp)
    80003310:	931fd0ef          	jal	80000c40 <check_heap_beebs>
    80003314:	02050463          	beqz	a0,8000333c <verify_benchmark+0xd0>
    80003318:	19000613          	li	a2,400
    8000331c:	00002597          	auipc	a1,0x2
    80003320:	fd458593          	addi	a1,a1,-44 # 800052f0 <array_exp.0>
    80003324:	8a818513          	addi	a0,gp,-1880 # 800056a0 <array2>
    80003328:	624000ef          	jal	8000394c <memcmp>
    8000332c:	00813083          	ld	ra,8(sp)
    80003330:	00153513          	seqz	a0,a0
    80003334:	01010113          	addi	sp,sp,16
    80003338:	00008067          	ret
    8000333c:	00813083          	ld	ra,8(sp)
    80003340:	00000513          	li	a0,0
    80003344:	01010113          	addi	sp,sp,16
    80003348:	00008067          	ret

000000008000334c <initialise_benchmark>:
    8000334c:	00008067          	ret

0000000080003350 <warm_caches>:
    80003350:	ce8ff06f          	j	80002838 <benchmark_body>

0000000080003354 <benchmark>:
    80003354:	01d00513          	li	a0,29
    80003358:	ce0ff06f          	j	80002838 <benchmark_body>

000000008000335c <__assert_func>:
    8000335c:	1141                	addi	sp,sp,-16
    8000335e:	00002797          	auipc	a5,0x2
    80003362:	29a7b783          	ld	a5,666(a5) # 800055f8 <_impure_ptr>
    80003366:	8832                	mv	a6,a2
    80003368:	e406                	sd	ra,8(sp)
    8000336a:	88aa                	mv	a7,a0
    8000336c:	872e                	mv	a4,a1
    8000336e:	6f88                	ld	a0,24(a5)
    80003370:	8636                	mv	a2,a3
    80003372:	00002797          	auipc	a5,0x2
    80003376:	d5678793          	addi	a5,a5,-682 # 800050c8 <__tbss_end+0x12a>
    8000337a:	00081763          	bnez	a6,80003388 <__assert_func+0x2c>
    8000337e:	00002797          	auipc	a5,0x2
    80003382:	db278793          	addi	a5,a5,-590 # 80005130 <__tbss_end+0x192>
    80003386:	883e                	mv	a6,a5
    80003388:	86c6                	mv	a3,a7
    8000338a:	00002597          	auipc	a1,0x2
    8000338e:	d4e58593          	addi	a1,a1,-690 # 800050d8 <__tbss_end+0x13a>
    80003392:	412000ef          	jal	800037a4 <fiprintf>
    80003396:	790000ef          	jal	80003b26 <abort>

000000008000339a <__assert>:
    8000339a:	1141                	addi	sp,sp,-16
    8000339c:	86b2                	mv	a3,a2
    8000339e:	4601                	li	a2,0
    800033a0:	e406                	sd	ra,8(sp)
    800033a2:	fbbff0ef          	jal	8000335c <__assert_func>

00000000800033a6 <exit>:
    800033a6:	1141                	addi	sp,sp,-16
    800033a8:	e022                	sd	s0,0(sp)
    800033aa:	e406                	sd	ra,8(sp)
    800033ac:	00002797          	auipc	a5,0x2
    800033b0:	b2a78793          	addi	a5,a5,-1238 # 80004ed6 <__call_exitprocs>
    800033b4:	842a                	mv	s0,a0
    800033b6:	c781                	beqz	a5,800033be <exit+0x18>
    800033b8:	4581                	li	a1,0
    800033ba:	31d010ef          	jal	80004ed6 <__call_exitprocs>
    800033be:	8681b783          	ld	a5,-1944(gp) # 80005660 <__stdio_exit_handler>
    800033c2:	c391                	beqz	a5,800033c6 <exit+0x20>
    800033c4:	9782                	jalr	a5
    800033c6:	8522                	mv	a0,s0
    800033c8:	0a7010ef          	jal	80004c6e <_exit>

00000000800033cc <malloc>:
    800033cc:	85aa                	mv	a1,a0
    800033ce:	00002517          	auipc	a0,0x2
    800033d2:	22a53503          	ld	a0,554(a0) # 800055f8 <_impure_ptr>
    800033d6:	a0ad                	j	80003440 <_malloc_r>

00000000800033d8 <free>:
    800033d8:	85aa                	mv	a1,a0
    800033da:	00002517          	auipc	a0,0x2
    800033de:	21e53503          	ld	a0,542(a0) # 800055f8 <_impure_ptr>
    800033e2:	7540006f          	j	80003b36 <_free_r>

00000000800033e6 <sbrk_aligned>:
    800033e6:	1101                	addi	sp,sp,-32
    800033e8:	e04a                	sd	s2,0(sp)
    800033ea:	85818913          	addi	s2,gp,-1960 # 80005650 <__malloc_sbrk_start>
    800033ee:	00093783          	ld	a5,0(s2)
    800033f2:	e822                	sd	s0,16(sp)
    800033f4:	e426                	sd	s1,8(sp)
    800033f6:	ec06                	sd	ra,24(sp)
    800033f8:	84aa                	mv	s1,a0
    800033fa:	842e                	mv	s0,a1
    800033fc:	e791                	bnez	a5,80003408 <sbrk_aligned+0x22>
    800033fe:	4581                	li	a1,0
    80003400:	6c2000ef          	jal	80003ac2 <_sbrk_r>
    80003404:	00a93023          	sd	a0,0(s2)
    80003408:	85a2                	mv	a1,s0
    8000340a:	8526                	mv	a0,s1
    8000340c:	6b6000ef          	jal	80003ac2 <_sbrk_r>
    80003410:	597d                	li	s2,-1
    80003412:	01251a63          	bne	a0,s2,80003426 <sbrk_aligned+0x40>
    80003416:	547d                	li	s0,-1
    80003418:	60e2                	ld	ra,24(sp)
    8000341a:	8522                	mv	a0,s0
    8000341c:	6442                	ld	s0,16(sp)
    8000341e:	64a2                	ld	s1,8(sp)
    80003420:	6902                	ld	s2,0(sp)
    80003422:	6105                	addi	sp,sp,32
    80003424:	8082                	ret
    80003426:	00750413          	addi	s0,a0,7
    8000342a:	9861                	andi	s0,s0,-8
    8000342c:	fe8506e3          	beq	a0,s0,80003418 <sbrk_aligned+0x32>
    80003430:	40a405b3          	sub	a1,s0,a0
    80003434:	8526                	mv	a0,s1
    80003436:	68c000ef          	jal	80003ac2 <_sbrk_r>
    8000343a:	fd251fe3          	bne	a0,s2,80003418 <sbrk_aligned+0x32>
    8000343e:	bfe1                	j	80003416 <sbrk_aligned+0x30>

0000000080003440 <_malloc_r>:
    80003440:	00758793          	addi	a5,a1,7
    80003444:	7179                	addi	sp,sp,-48
    80003446:	9be1                	andi	a5,a5,-8
    80003448:	ec26                	sd	s1,24(sp)
    8000344a:	e84a                	sd	s2,16(sp)
    8000344c:	f406                	sd	ra,40(sp)
    8000344e:	f022                	sd	s0,32(sp)
    80003450:	e44e                	sd	s3,8(sp)
    80003452:	e052                	sd	s4,0(sp)
    80003454:	07a1                	addi	a5,a5,8
    80003456:	4741                	li	a4,16
    80003458:	892a                	mv	s2,a0
    8000345a:	44c1                	li	s1,16
    8000345c:	00e7e363          	bltu	a5,a4,80003462 <_malloc_r+0x22>
    80003460:	84be                	mv	s1,a5
    80003462:	80000737          	lui	a4,0x80000
    80003466:	fff74713          	not	a4,a4
    8000346a:	00f76463          	bltu	a4,a5,80003472 <_malloc_r+0x32>
    8000346e:	00b4fe63          	bgeu	s1,a1,8000348a <_malloc_r+0x4a>
    80003472:	47b1                	li	a5,12
    80003474:	00f92023          	sw	a5,0(s2)
    80003478:	4501                	li	a0,0
    8000347a:	70a2                	ld	ra,40(sp)
    8000347c:	7402                	ld	s0,32(sp)
    8000347e:	64e2                	ld	s1,24(sp)
    80003480:	6942                	ld	s2,16(sp)
    80003482:	69a2                	ld	s3,8(sp)
    80003484:	6a02                	ld	s4,0(sp)
    80003486:	6145                	addi	sp,sp,48
    80003488:	8082                	ret
    8000348a:	854a                	mv	a0,s2
    8000348c:	0e4000ef          	jal	80003570 <__malloc_lock>
    80003490:	86018993          	addi	s3,gp,-1952 # 80005658 <__malloc_free_list>
    80003494:	0009b783          	ld	a5,0(s3)
    80003498:	843e                	mv	s0,a5
    8000349a:	ec21                	bnez	s0,800034f2 <_malloc_r+0xb2>
    8000349c:	85a6                	mv	a1,s1
    8000349e:	854a                	mv	a0,s2
    800034a0:	f47ff0ef          	jal	800033e6 <sbrk_aligned>
    800034a4:	57fd                	li	a5,-1
    800034a6:	842a                	mv	s0,a0
    800034a8:	0af51f63          	bne	a0,a5,80003566 <_malloc_r+0x126>
    800034ac:	0009b403          	ld	s0,0(s3)
    800034b0:	87a2                	mv	a5,s0
    800034b2:	efd1                	bnez	a5,8000354e <_malloc_r+0x10e>
    800034b4:	c055                	beqz	s0,80003558 <_malloc_r+0x118>
    800034b6:	00043a03          	ld	s4,0(s0)
    800034ba:	4581                	li	a1,0
    800034bc:	854a                	mv	a0,s2
    800034be:	9a22                	add	s4,s4,s0
    800034c0:	602000ef          	jal	80003ac2 <_sbrk_r>
    800034c4:	08aa1a63          	bne	s4,a0,80003558 <_malloc_r+0x118>
    800034c8:	601c                	ld	a5,0(s0)
    800034ca:	854a                	mv	a0,s2
    800034cc:	8c9d                	sub	s1,s1,a5
    800034ce:	85a6                	mv	a1,s1
    800034d0:	f17ff0ef          	jal	800033e6 <sbrk_aligned>
    800034d4:	57fd                	li	a5,-1
    800034d6:	08f50163          	beq	a0,a5,80003558 <_malloc_r+0x118>
    800034da:	601c                	ld	a5,0(s0)
    800034dc:	97a6                	add	a5,a5,s1
    800034de:	e01c                	sd	a5,0(s0)
    800034e0:	0009b783          	ld	a5,0(s3)
    800034e4:	c3d9                	beqz	a5,8000356a <_malloc_r+0x12a>
    800034e6:	6798                	ld	a4,8(a5)
    800034e8:	06871663          	bne	a4,s0,80003554 <_malloc_r+0x114>
    800034ec:	0007b423          	sd	zero,8(a5)
    800034f0:	a015                	j	80003514 <_malloc_r+0xd4>
    800034f2:	6014                	ld	a3,0(s0)
    800034f4:	9e85                	subw	a3,a3,s1
    800034f6:	0406c963          	bltz	a3,80003548 <_malloc_r+0x108>
    800034fa:	473d                	li	a4,15
    800034fc:	02d75e63          	bge	a4,a3,80003538 <_malloc_r+0xf8>
    80003500:	e004                	sd	s1,0(s0)
    80003502:	00940733          	add	a4,s0,s1
    80003506:	02879763          	bne	a5,s0,80003534 <_malloc_r+0xf4>
    8000350a:	00e9b023          	sd	a4,0(s3)
    8000350e:	641c                	ld	a5,8(s0)
    80003510:	e314                	sd	a3,0(a4)
    80003512:	e71c                	sd	a5,8(a4)
    80003514:	854a                	mv	a0,s2
    80003516:	05c000ef          	jal	80003572 <__malloc_unlock>
    8000351a:	00f40513          	addi	a0,s0,15
    8000351e:	00840793          	addi	a5,s0,8
    80003522:	9961                	andi	a0,a0,-8
    80003524:	40f507bb          	subw	a5,a0,a5
    80003528:	dba9                	beqz	a5,8000347a <_malloc_r+0x3a>
    8000352a:	943e                	add	s0,s0,a5
    8000352c:	40f007bb          	negw	a5,a5
    80003530:	e01c                	sd	a5,0(s0)
    80003532:	b7a1                	j	8000347a <_malloc_r+0x3a>
    80003534:	e798                	sd	a4,8(a5)
    80003536:	bfe1                	j	8000350e <_malloc_r+0xce>
    80003538:	6418                	ld	a4,8(s0)
    8000353a:	00879563          	bne	a5,s0,80003544 <_malloc_r+0x104>
    8000353e:	00e9b023          	sd	a4,0(s3)
    80003542:	bfc9                	j	80003514 <_malloc_r+0xd4>
    80003544:	e798                	sd	a4,8(a5)
    80003546:	b7f9                	j	80003514 <_malloc_r+0xd4>
    80003548:	87a2                	mv	a5,s0
    8000354a:	6400                	ld	s0,8(s0)
    8000354c:	b7b9                	j	8000349a <_malloc_r+0x5a>
    8000354e:	843e                	mv	s0,a5
    80003550:	679c                	ld	a5,8(a5)
    80003552:	b785                	j	800034b2 <_malloc_r+0x72>
    80003554:	87ba                	mv	a5,a4
    80003556:	b779                	j	800034e4 <_malloc_r+0xa4>
    80003558:	47b1                	li	a5,12
    8000355a:	00f92023          	sw	a5,0(s2)
    8000355e:	854a                	mv	a0,s2
    80003560:	012000ef          	jal	80003572 <__malloc_unlock>
    80003564:	bf11                	j	80003478 <_malloc_r+0x38>
    80003566:	e104                	sd	s1,0(a0)
    80003568:	b775                	j	80003514 <_malloc_r+0xd4>
    8000356a:	00003423          	sd	zero,8(zero) # 8 <__boot_hart+0x8>
    8000356e:	9002                	ebreak

0000000080003570 <__malloc_lock>:
    80003570:	8082                	ret

0000000080003572 <__malloc_unlock>:
    80003572:	8082                	ret

0000000080003574 <__fp_lock>:
    80003574:	4501                	li	a0,0
    80003576:	8082                	ret

0000000080003578 <std>:
    80003578:	1141                	addi	sp,sp,-16
    8000357a:	e022                	sd	s0,0(sp)
    8000357c:	e406                	sd	ra,8(sp)
    8000357e:	842a                	mv	s0,a0
    80003580:	00b51823          	sh	a1,16(a0)
    80003584:	00c51923          	sh	a2,18(a0)
    80003588:	00053023          	sd	zero,0(a0)
    8000358c:	00053423          	sd	zero,8(a0)
    80003590:	0a052623          	sw	zero,172(a0)
    80003594:	00053c23          	sd	zero,24(a0)
    80003598:	02052023          	sw	zero,32(a0)
    8000359c:	02052423          	sw	zero,40(a0)
    800035a0:	4621                	li	a2,8
    800035a2:	4581                	li	a1,0
    800035a4:	0a450513          	addi	a0,a0,164
    800035a8:	56e000ef          	jal	80003b16 <memset>
    800035ac:	00000797          	auipc	a5,0x0
    800035b0:	2dc78793          	addi	a5,a5,732 # 80003888 <__sread>
    800035b4:	e03c                	sd	a5,64(s0)
    800035b6:	00000797          	auipc	a5,0x0
    800035ba:	30878793          	addi	a5,a5,776 # 800038be <__swrite>
    800035be:	e43c                	sd	a5,72(s0)
    800035c0:	00000797          	auipc	a5,0x0
    800035c4:	34e78793          	addi	a5,a5,846 # 8000390e <__sseek>
    800035c8:	e83c                	sd	a5,80(s0)
    800035ca:	00000797          	auipc	a5,0x0
    800035ce:	37c78793          	addi	a5,a5,892 # 80003946 <__sclose>
    800035d2:	60a2                	ld	ra,8(sp)
    800035d4:	fc00                	sd	s0,56(s0)
    800035d6:	ec3c                	sd	a5,88(s0)
    800035d8:	6402                	ld	s0,0(sp)
    800035da:	0141                	addi	sp,sp,16
    800035dc:	8082                	ret

00000000800035de <stdio_exit_handler>:
    800035de:	00002617          	auipc	a2,0x2
    800035e2:	f7260613          	addi	a2,a2,-142 # 80005550 <__sglue>
    800035e6:	00001597          	auipc	a1,0x1
    800035ea:	dfa58593          	addi	a1,a1,-518 # 800043e0 <_fflush_r>
    800035ee:	00002517          	auipc	a0,0x2
    800035f2:	f7a50513          	addi	a0,a0,-134 # 80005568 <_impure_data>
    800035f6:	aae1                	j	800037ce <_fwalk_sglue>

00000000800035f8 <cleanup_stdio>:
    800035f8:	650c                	ld	a1,8(a0)
    800035fa:	1141                	addi	sp,sp,-16
    800035fc:	e022                	sd	s0,0(sp)
    800035fe:	e406                	sd	ra,8(sp)
    80003600:	00004797          	auipc	a5,0x4
    80003604:	2d078793          	addi	a5,a5,720 # 800078d0 <__sf>
    80003608:	842a                	mv	s0,a0
    8000360a:	00f58463          	beq	a1,a5,80003612 <cleanup_stdio+0x1a>
    8000360e:	5d3000ef          	jal	800043e0 <_fflush_r>
    80003612:	680c                	ld	a1,16(s0)
    80003614:	00004797          	auipc	a5,0x4
    80003618:	36c78793          	addi	a5,a5,876 # 80007980 <__sf+0xb0>
    8000361c:	00f58563          	beq	a1,a5,80003626 <cleanup_stdio+0x2e>
    80003620:	8522                	mv	a0,s0
    80003622:	5bf000ef          	jal	800043e0 <_fflush_r>
    80003626:	6c0c                	ld	a1,24(s0)
    80003628:	00004797          	auipc	a5,0x4
    8000362c:	40878793          	addi	a5,a5,1032 # 80007a30 <__sf+0x160>
    80003630:	00f58863          	beq	a1,a5,80003640 <cleanup_stdio+0x48>
    80003634:	8522                	mv	a0,s0
    80003636:	6402                	ld	s0,0(sp)
    80003638:	60a2                	ld	ra,8(sp)
    8000363a:	0141                	addi	sp,sp,16
    8000363c:	5a50006f          	j	800043e0 <_fflush_r>
    80003640:	60a2                	ld	ra,8(sp)
    80003642:	6402                	ld	s0,0(sp)
    80003644:	0141                	addi	sp,sp,16
    80003646:	8082                	ret

0000000080003648 <global_stdio_init.part.0>:
    80003648:	1141                	addi	sp,sp,-16
    8000364a:	00000797          	auipc	a5,0x0
    8000364e:	f9478793          	addi	a5,a5,-108 # 800035de <stdio_exit_handler>
    80003652:	4601                	li	a2,0
    80003654:	4591                	li	a1,4
    80003656:	00004517          	auipc	a0,0x4
    8000365a:	27a50513          	addi	a0,a0,634 # 800078d0 <__sf>
    8000365e:	e406                	sd	ra,8(sp)
    80003660:	86f1b423          	sd	a5,-1944(gp) # 80005660 <__stdio_exit_handler>
    80003664:	f15ff0ef          	jal	80003578 <std>
    80003668:	4605                	li	a2,1
    8000366a:	45a5                	li	a1,9
    8000366c:	00004517          	auipc	a0,0x4
    80003670:	31450513          	addi	a0,a0,788 # 80007980 <__sf+0xb0>
    80003674:	f05ff0ef          	jal	80003578 <std>
    80003678:	60a2                	ld	ra,8(sp)
    8000367a:	4609                	li	a2,2
    8000367c:	45c9                	li	a1,18
    8000367e:	00004517          	auipc	a0,0x4
    80003682:	3b250513          	addi	a0,a0,946 # 80007a30 <__sf+0x160>
    80003686:	0141                	addi	sp,sp,16
    80003688:	bdc5                	j	80003578 <std>

000000008000368a <__fp_unlock>:
    8000368a:	4501                	li	a0,0
    8000368c:	8082                	ret

000000008000368e <__sfp>:
    8000368e:	1101                	addi	sp,sp,-32
    80003690:	e04a                	sd	s2,0(sp)
    80003692:	ec06                	sd	ra,24(sp)
    80003694:	e822                	sd	s0,16(sp)
    80003696:	e426                	sd	s1,8(sp)
    80003698:	8681b783          	ld	a5,-1944(gp) # 80005660 <__stdio_exit_handler>
    8000369c:	892a                	mv	s2,a0
    8000369e:	e399                	bnez	a5,800036a4 <__sfp+0x16>
    800036a0:	fa9ff0ef          	jal	80003648 <global_stdio_init.part.0>
    800036a4:	00002497          	auipc	s1,0x2
    800036a8:	eac48493          	addi	s1,s1,-340 # 80005550 <__sglue>
    800036ac:	6880                	ld	s0,16(s1)
    800036ae:	449c                	lw	a5,8(s1)
    800036b0:	37fd                	addiw	a5,a5,-1
    800036b2:	0207d163          	bgez	a5,800036d4 <__sfp+0x46>
    800036b6:	609c                	ld	a5,0(s1)
    800036b8:	e7c1                	bnez	a5,80003740 <__sfp+0xb2>
    800036ba:	2d800593          	li	a1,728
    800036be:	854a                	mv	a0,s2
    800036c0:	d81ff0ef          	jal	80003440 <_malloc_r>
    800036c4:	842a                	mv	s0,a0
    800036c6:	e12d                	bnez	a0,80003728 <__sfp+0x9a>
    800036c8:	0004b023          	sd	zero,0(s1)
    800036cc:	47b1                	li	a5,12
    800036ce:	00f92023          	sw	a5,0(s2)
    800036d2:	a089                	j	80003714 <__sfp+0x86>
    800036d4:	01041703          	lh	a4,16(s0)
    800036d8:	e729                	bnez	a4,80003722 <__sfp+0x94>
    800036da:	77c1                	lui	a5,0xffff0
    800036dc:	0785                	addi	a5,a5,1 # ffffffffffff0001 <__heap_end+0xffffffff7ffc8001>
    800036de:	0a042623          	sw	zero,172(s0)
    800036e2:	00043023          	sd	zero,0(s0)
    800036e6:	00043423          	sd	zero,8(s0)
    800036ea:	c81c                	sw	a5,16(s0)
    800036ec:	00043c23          	sd	zero,24(s0)
    800036f0:	02042023          	sw	zero,32(s0)
    800036f4:	02042423          	sw	zero,40(s0)
    800036f8:	4621                	li	a2,8
    800036fa:	4581                	li	a1,0
    800036fc:	0a440513          	addi	a0,s0,164
    80003700:	416000ef          	jal	80003b16 <memset>
    80003704:	06043023          	sd	zero,96(s0)
    80003708:	06042423          	sw	zero,104(s0)
    8000370c:	08043023          	sd	zero,128(s0)
    80003710:	08042423          	sw	zero,136(s0)
    80003714:	60e2                	ld	ra,24(sp)
    80003716:	8522                	mv	a0,s0
    80003718:	6442                	ld	s0,16(sp)
    8000371a:	64a2                	ld	s1,8(sp)
    8000371c:	6902                	ld	s2,0(sp)
    8000371e:	6105                	addi	sp,sp,32
    80003720:	8082                	ret
    80003722:	0b040413          	addi	s0,s0,176
    80003726:	b769                	j	800036b0 <__sfp+0x22>
    80003728:	4791                	li	a5,4
    8000372a:	00053023          	sd	zero,0(a0)
    8000372e:	c51c                	sw	a5,8(a0)
    80003730:	0561                	addi	a0,a0,24
    80003732:	e808                	sd	a0,16(s0)
    80003734:	2c000613          	li	a2,704
    80003738:	4581                	li	a1,0
    8000373a:	3dc000ef          	jal	80003b16 <memset>
    8000373e:	e080                	sd	s0,0(s1)
    80003740:	6084                	ld	s1,0(s1)
    80003742:	b7ad                	j	800036ac <__sfp+0x1e>

0000000080003744 <__sinit>:
    80003744:	613c                	ld	a5,64(a0)
    80003746:	eb91                	bnez	a5,8000375a <__sinit+0x16>
    80003748:	00000797          	auipc	a5,0x0
    8000374c:	eb078793          	addi	a5,a5,-336 # 800035f8 <cleanup_stdio>
    80003750:	e13c                	sd	a5,64(a0)
    80003752:	8681b783          	ld	a5,-1944(gp) # 80005660 <__stdio_exit_handler>
    80003756:	e391                	bnez	a5,8000375a <__sinit+0x16>
    80003758:	bdc5                	j	80003648 <global_stdio_init.part.0>
    8000375a:	8082                	ret

000000008000375c <__sfp_lock_acquire>:
    8000375c:	8082                	ret

000000008000375e <__sfp_lock_release>:
    8000375e:	8082                	ret

0000000080003760 <__fp_lock_all>:
    80003760:	00002617          	auipc	a2,0x2
    80003764:	df060613          	addi	a2,a2,-528 # 80005550 <__sglue>
    80003768:	00000597          	auipc	a1,0x0
    8000376c:	e0c58593          	addi	a1,a1,-500 # 80003574 <__fp_lock>
    80003770:	4501                	li	a0,0
    80003772:	a8b1                	j	800037ce <_fwalk_sglue>

0000000080003774 <__fp_unlock_all>:
    80003774:	00002617          	auipc	a2,0x2
    80003778:	ddc60613          	addi	a2,a2,-548 # 80005550 <__sglue>
    8000377c:	00000597          	auipc	a1,0x0
    80003780:	f0e58593          	addi	a1,a1,-242 # 8000368a <__fp_unlock>
    80003784:	4501                	li	a0,0
    80003786:	a0a1                	j	800037ce <_fwalk_sglue>

0000000080003788 <_fiprintf_r>:
    80003788:	715d                	addi	sp,sp,-80
    8000378a:	f436                	sd	a3,40(sp)
    8000378c:	1034                	addi	a3,sp,40
    8000378e:	ec06                	sd	ra,24(sp)
    80003790:	f83a                	sd	a4,48(sp)
    80003792:	fc3e                	sd	a5,56(sp)
    80003794:	e0c2                	sd	a6,64(sp)
    80003796:	e4c6                	sd	a7,72(sp)
    80003798:	e436                	sd	a3,8(sp)
    8000379a:	4d2000ef          	jal	80003c6c <_vfiprintf_r>
    8000379e:	60e2                	ld	ra,24(sp)
    800037a0:	6161                	addi	sp,sp,80
    800037a2:	8082                	ret

00000000800037a4 <fiprintf>:
    800037a4:	715d                	addi	sp,sp,-80
    800037a6:	f032                	sd	a2,32(sp)
    800037a8:	f436                	sd	a3,40(sp)
    800037aa:	862e                	mv	a2,a1
    800037ac:	1014                	addi	a3,sp,32
    800037ae:	85aa                	mv	a1,a0
    800037b0:	00002517          	auipc	a0,0x2
    800037b4:	e4853503          	ld	a0,-440(a0) # 800055f8 <_impure_ptr>
    800037b8:	ec06                	sd	ra,24(sp)
    800037ba:	f83a                	sd	a4,48(sp)
    800037bc:	fc3e                	sd	a5,56(sp)
    800037be:	e0c2                	sd	a6,64(sp)
    800037c0:	e4c6                	sd	a7,72(sp)
    800037c2:	e436                	sd	a3,8(sp)
    800037c4:	4a8000ef          	jal	80003c6c <_vfiprintf_r>
    800037c8:	60e2                	ld	ra,24(sp)
    800037ca:	6161                	addi	sp,sp,80
    800037cc:	8082                	ret

00000000800037ce <_fwalk_sglue>:
    800037ce:	715d                	addi	sp,sp,-80
    800037d0:	e0a2                	sd	s0,64(sp)
    800037d2:	fc26                	sd	s1,56(sp)
    800037d4:	f44e                	sd	s3,40(sp)
    800037d6:	f052                	sd	s4,32(sp)
    800037d8:	e85a                	sd	s6,16(sp)
    800037da:	e45e                	sd	s7,8(sp)
    800037dc:	e486                	sd	ra,72(sp)
    800037de:	f84a                	sd	s2,48(sp)
    800037e0:	ec56                	sd	s5,24(sp)
    800037e2:	89aa                	mv	s3,a0
    800037e4:	8a2e                	mv	s4,a1
    800037e6:	8432                	mv	s0,a2
    800037e8:	4481                	li	s1,0
    800037ea:	4b05                	li	s6,1
    800037ec:	5bfd                	li	s7,-1
    800037ee:	01043903          	ld	s2,16(s0)
    800037f2:	00842a83          	lw	s5,8(s0)
    800037f6:	3afd                	addiw	s5,s5,-1
    800037f8:	020ad063          	bgez	s5,80003818 <_fwalk_sglue+0x4a>
    800037fc:	6000                	ld	s0,0(s0)
    800037fe:	f865                	bnez	s0,800037ee <_fwalk_sglue+0x20>
    80003800:	60a6                	ld	ra,72(sp)
    80003802:	6406                	ld	s0,64(sp)
    80003804:	7942                	ld	s2,48(sp)
    80003806:	79a2                	ld	s3,40(sp)
    80003808:	7a02                	ld	s4,32(sp)
    8000380a:	6ae2                	ld	s5,24(sp)
    8000380c:	6b42                	ld	s6,16(sp)
    8000380e:	6ba2                	ld	s7,8(sp)
    80003810:	8526                	mv	a0,s1
    80003812:	74e2                	ld	s1,56(sp)
    80003814:	6161                	addi	sp,sp,80
    80003816:	8082                	ret
    80003818:	01095783          	lhu	a5,16(s2)
    8000381c:	00fb7b63          	bgeu	s6,a5,80003832 <_fwalk_sglue+0x64>
    80003820:	01291783          	lh	a5,18(s2)
    80003824:	01778763          	beq	a5,s7,80003832 <_fwalk_sglue+0x64>
    80003828:	85ca                	mv	a1,s2
    8000382a:	854e                	mv	a0,s3
    8000382c:	9a02                	jalr	s4
    8000382e:	8cc9                	or	s1,s1,a0
    80003830:	2481                	sext.w	s1,s1
    80003832:	0b090913          	addi	s2,s2,176
    80003836:	b7c1                	j	800037f6 <_fwalk_sglue+0x28>

0000000080003838 <_iprintf_r>:
    80003838:	715d                	addi	sp,sp,-80
    8000383a:	f032                	sd	a2,32(sp)
    8000383c:	f436                	sd	a3,40(sp)
    8000383e:	f83a                	sd	a4,48(sp)
    80003840:	fc3e                	sd	a5,56(sp)
    80003842:	e0c2                	sd	a6,64(sp)
    80003844:	e4c6                	sd	a7,72(sp)
    80003846:	862e                	mv	a2,a1
    80003848:	690c                	ld	a1,16(a0)
    8000384a:	1014                	addi	a3,sp,32
    8000384c:	ec06                	sd	ra,24(sp)
    8000384e:	e436                	sd	a3,8(sp)
    80003850:	41c000ef          	jal	80003c6c <_vfiprintf_r>
    80003854:	60e2                	ld	ra,24(sp)
    80003856:	6161                	addi	sp,sp,80
    80003858:	8082                	ret

000000008000385a <iprintf>:
    8000385a:	711d                	addi	sp,sp,-96
    8000385c:	f832                	sd	a2,48(sp)
    8000385e:	fc36                	sd	a3,56(sp)
    80003860:	e4be                	sd	a5,72(sp)
    80003862:	f42e                	sd	a1,40(sp)
    80003864:	e0ba                	sd	a4,64(sp)
    80003866:	e8c2                	sd	a6,80(sp)
    80003868:	ecc6                	sd	a7,88(sp)
    8000386a:	00002797          	auipc	a5,0x2
    8000386e:	d8e7b783          	ld	a5,-626(a5) # 800055f8 <_impure_ptr>
    80003872:	6b8c                	ld	a1,16(a5)
    80003874:	1034                	addi	a3,sp,40
    80003876:	862a                	mv	a2,a0
    80003878:	853e                	mv	a0,a5
    8000387a:	ec06                	sd	ra,24(sp)
    8000387c:	e436                	sd	a3,8(sp)
    8000387e:	3ee000ef          	jal	80003c6c <_vfiprintf_r>
    80003882:	60e2                	ld	ra,24(sp)
    80003884:	6125                	addi	sp,sp,96
    80003886:	8082                	ret

0000000080003888 <__sread>:
    80003888:	1141                	addi	sp,sp,-16
    8000388a:	e022                	sd	s0,0(sp)
    8000388c:	842e                	mv	s0,a1
    8000388e:	01259583          	lh	a1,18(a1)
    80003892:	e406                	sd	ra,8(sp)
    80003894:	202000ef          	jal	80003a96 <_read_r>
    80003898:	00054963          	bltz	a0,800038aa <__sread+0x22>
    8000389c:	6c5c                	ld	a5,152(s0)
    8000389e:	97aa                	add	a5,a5,a0
    800038a0:	ec5c                	sd	a5,152(s0)
    800038a2:	60a2                	ld	ra,8(sp)
    800038a4:	6402                	ld	s0,0(sp)
    800038a6:	0141                	addi	sp,sp,16
    800038a8:	8082                	ret
    800038aa:	01045783          	lhu	a5,16(s0)
    800038ae:	777d                	lui	a4,0xfffff
    800038b0:	177d                	addi	a4,a4,-1 # ffffffffffffefff <__heap_end+0xffffffff7ffd6fff>
    800038b2:	8ff9                	and	a5,a5,a4
    800038b4:	00f41823          	sh	a5,16(s0)
    800038b8:	b7ed                	j	800038a2 <__sread+0x1a>

00000000800038ba <__seofread>:
    800038ba:	4501                	li	a0,0
    800038bc:	8082                	ret

00000000800038be <__swrite>:
    800038be:	0105d783          	lhu	a5,16(a1)
    800038c2:	7179                	addi	sp,sp,-48
    800038c4:	f022                	sd	s0,32(sp)
    800038c6:	ec26                	sd	s1,24(sp)
    800038c8:	e84a                	sd	s2,16(sp)
    800038ca:	e44e                	sd	s3,8(sp)
    800038cc:	f406                	sd	ra,40(sp)
    800038ce:	1007f793          	andi	a5,a5,256
    800038d2:	84aa                	mv	s1,a0
    800038d4:	842e                	mv	s0,a1
    800038d6:	8932                	mv	s2,a2
    800038d8:	89b6                	mv	s3,a3
    800038da:	c799                	beqz	a5,800038e8 <__swrite+0x2a>
    800038dc:	01259583          	lh	a1,18(a1)
    800038e0:	4689                	li	a3,2
    800038e2:	4601                	li	a2,0
    800038e4:	186000ef          	jal	80003a6a <_lseek_r>
    800038e8:	01045783          	lhu	a5,16(s0)
    800038ec:	777d                	lui	a4,0xfffff
    800038ee:	177d                	addi	a4,a4,-1 # ffffffffffffefff <__heap_end+0xffffffff7ffd6fff>
    800038f0:	8ff9                	and	a5,a5,a4
    800038f2:	01241583          	lh	a1,18(s0)
    800038f6:	00f41823          	sh	a5,16(s0)
    800038fa:	7402                	ld	s0,32(sp)
    800038fc:	70a2                	ld	ra,40(sp)
    800038fe:	86ce                	mv	a3,s3
    80003900:	864a                	mv	a2,s2
    80003902:	69a2                	ld	s3,8(sp)
    80003904:	6942                	ld	s2,16(sp)
    80003906:	8526                	mv	a0,s1
    80003908:	64e2                	ld	s1,24(sp)
    8000390a:	6145                	addi	sp,sp,48
    8000390c:	aaf9                	j	80003aea <_write_r>

000000008000390e <__sseek>:
    8000390e:	1141                	addi	sp,sp,-16
    80003910:	e022                	sd	s0,0(sp)
    80003912:	842e                	mv	s0,a1
    80003914:	01259583          	lh	a1,18(a1)
    80003918:	e406                	sd	ra,8(sp)
    8000391a:	150000ef          	jal	80003a6a <_lseek_r>
    8000391e:	577d                	li	a4,-1
    80003920:	01045783          	lhu	a5,16(s0)
    80003924:	00e51b63          	bne	a0,a4,8000393a <__sseek+0x2c>
    80003928:	777d                	lui	a4,0xfffff
    8000392a:	177d                	addi	a4,a4,-1 # ffffffffffffefff <__heap_end+0xffffffff7ffd6fff>
    8000392c:	8ff9                	and	a5,a5,a4
    8000392e:	00f41823          	sh	a5,16(s0)
    80003932:	60a2                	ld	ra,8(sp)
    80003934:	6402                	ld	s0,0(sp)
    80003936:	0141                	addi	sp,sp,16
    80003938:	8082                	ret
    8000393a:	6705                	lui	a4,0x1
    8000393c:	8fd9                	or	a5,a5,a4
    8000393e:	00f41823          	sh	a5,16(s0)
    80003942:	ec48                	sd	a0,152(s0)
    80003944:	b7fd                	j	80003932 <__sseek+0x24>

0000000080003946 <__sclose>:
    80003946:	01259583          	lh	a1,18(a1)
    8000394a:	a025                	j	80003972 <_close_r>

000000008000394c <memcmp>:
    8000394c:	4701                	li	a4,0
    8000394e:	00e61463          	bne	a2,a4,80003956 <memcmp+0xa>
    80003952:	4501                	li	a0,0
    80003954:	8082                	ret
    80003956:	00e507b3          	add	a5,a0,a4
    8000395a:	0705                	addi	a4,a4,1 # 1001 <__stack_align+0xff1>
    8000395c:	00e586b3          	add	a3,a1,a4
    80003960:	0007c783          	lbu	a5,0(a5)
    80003964:	fff6c683          	lbu	a3,-1(a3)
    80003968:	fed783e3          	beq	a5,a3,8000394e <memcmp+0x2>
    8000396c:	40d7853b          	subw	a0,a5,a3
    80003970:	8082                	ret

0000000080003972 <_close_r>:
    80003972:	1141                	addi	sp,sp,-16
    80003974:	e022                	sd	s0,0(sp)
    80003976:	842a                	mv	s0,a0
    80003978:	852e                	mv	a0,a1
    8000397a:	8601a823          	sw	zero,-1936(gp) # 80005668 <errno>
    8000397e:	e406                	sd	ra,8(sp)
    80003980:	2da010ef          	jal	80004c5a <_close>
    80003984:	57fd                	li	a5,-1
    80003986:	00f51663          	bne	a0,a5,80003992 <_close_r+0x20>
    8000398a:	8701a783          	lw	a5,-1936(gp) # 80005668 <errno>
    8000398e:	c391                	beqz	a5,80003992 <_close_r+0x20>
    80003990:	c01c                	sw	a5,0(s0)
    80003992:	60a2                	ld	ra,8(sp)
    80003994:	6402                	ld	s0,0(sp)
    80003996:	0141                	addi	sp,sp,16
    80003998:	8082                	ret

000000008000399a <_reclaim_reent>:
    8000399a:	00002797          	auipc	a5,0x2
    8000399e:	c5e7b783          	ld	a5,-930(a5) # 800055f8 <_impure_ptr>
    800039a2:	0ca78363          	beq	a5,a0,80003a68 <_reclaim_reent+0xce>
    800039a6:	7d1c                	ld	a5,56(a0)
    800039a8:	7179                	addi	sp,sp,-48
    800039aa:	f022                	sd	s0,32(sp)
    800039ac:	f406                	sd	ra,40(sp)
    800039ae:	ec26                	sd	s1,24(sp)
    800039b0:	e84a                	sd	s2,16(sp)
    800039b2:	e44e                	sd	s3,8(sp)
    800039b4:	842a                	mv	s0,a0
    800039b6:	cb8d                	beqz	a5,800039e8 <_reclaim_reent+0x4e>
    800039b8:	6f9c                	ld	a5,24(a5)
    800039ba:	c38d                	beqz	a5,800039dc <_reclaim_reent+0x42>
    800039bc:	4481                	li	s1,0
    800039be:	20000913          	li	s2,512
    800039c2:	7c1c                	ld	a5,56(s0)
    800039c4:	6f9c                	ld	a5,24(a5)
    800039c6:	97a6                	add	a5,a5,s1
    800039c8:	638c                	ld	a1,0(a5)
    800039ca:	e1c9                	bnez	a1,80003a4c <_reclaim_reent+0xb2>
    800039cc:	04a1                	addi	s1,s1,8
    800039ce:	ff249ae3          	bne	s1,s2,800039c2 <_reclaim_reent+0x28>
    800039d2:	7c1c                	ld	a5,56(s0)
    800039d4:	8522                	mv	a0,s0
    800039d6:	6f8c                	ld	a1,24(a5)
    800039d8:	15e000ef          	jal	80003b36 <_free_r>
    800039dc:	7c1c                	ld	a5,56(s0)
    800039de:	638c                	ld	a1,0(a5)
    800039e0:	c581                	beqz	a1,800039e8 <_reclaim_reent+0x4e>
    800039e2:	8522                	mv	a0,s0
    800039e4:	152000ef          	jal	80003b36 <_free_r>
    800039e8:	740c                	ld	a1,40(s0)
    800039ea:	c581                	beqz	a1,800039f2 <_reclaim_reent+0x58>
    800039ec:	8522                	mv	a0,s0
    800039ee:	148000ef          	jal	80003b36 <_free_r>
    800039f2:	7c0c                	ld	a1,56(s0)
    800039f4:	c581                	beqz	a1,800039fc <_reclaim_reent+0x62>
    800039f6:	8522                	mv	a0,s0
    800039f8:	13e000ef          	jal	80003b36 <_free_r>
    800039fc:	6c2c                	ld	a1,88(s0)
    800039fe:	c581                	beqz	a1,80003a06 <_reclaim_reent+0x6c>
    80003a00:	8522                	mv	a0,s0
    80003a02:	134000ef          	jal	80003b36 <_free_r>
    80003a06:	702c                	ld	a1,96(s0)
    80003a08:	c581                	beqz	a1,80003a10 <_reclaim_reent+0x76>
    80003a0a:	8522                	mv	a0,s0
    80003a0c:	12a000ef          	jal	80003b36 <_free_r>
    80003a10:	742c                	ld	a1,104(s0)
    80003a12:	c581                	beqz	a1,80003a1a <_reclaim_reent+0x80>
    80003a14:	8522                	mv	a0,s0
    80003a16:	120000ef          	jal	80003b36 <_free_r>
    80003a1a:	644c                	ld	a1,136(s0)
    80003a1c:	c581                	beqz	a1,80003a24 <_reclaim_reent+0x8a>
    80003a1e:	8522                	mv	a0,s0
    80003a20:	116000ef          	jal	80003b36 <_free_r>
    80003a24:	604c                	ld	a1,128(s0)
    80003a26:	c581                	beqz	a1,80003a2e <_reclaim_reent+0x94>
    80003a28:	8522                	mv	a0,s0
    80003a2a:	10c000ef          	jal	80003b36 <_free_r>
    80003a2e:	682c                	ld	a1,80(s0)
    80003a30:	c581                	beqz	a1,80003a38 <_reclaim_reent+0x9e>
    80003a32:	8522                	mv	a0,s0
    80003a34:	102000ef          	jal	80003b36 <_free_r>
    80003a38:	603c                	ld	a5,64(s0)
    80003a3a:	c385                	beqz	a5,80003a5a <_reclaim_reent+0xc0>
    80003a3c:	8522                	mv	a0,s0
    80003a3e:	7402                	ld	s0,32(sp)
    80003a40:	70a2                	ld	ra,40(sp)
    80003a42:	64e2                	ld	s1,24(sp)
    80003a44:	6942                	ld	s2,16(sp)
    80003a46:	69a2                	ld	s3,8(sp)
    80003a48:	6145                	addi	sp,sp,48
    80003a4a:	8782                	jr	a5
    80003a4c:	0005b983          	ld	s3,0(a1)
    80003a50:	8522                	mv	a0,s0
    80003a52:	0e4000ef          	jal	80003b36 <_free_r>
    80003a56:	85ce                	mv	a1,s3
    80003a58:	bf8d                	j	800039ca <_reclaim_reent+0x30>
    80003a5a:	70a2                	ld	ra,40(sp)
    80003a5c:	7402                	ld	s0,32(sp)
    80003a5e:	64e2                	ld	s1,24(sp)
    80003a60:	6942                	ld	s2,16(sp)
    80003a62:	69a2                	ld	s3,8(sp)
    80003a64:	6145                	addi	sp,sp,48
    80003a66:	8082                	ret
    80003a68:	8082                	ret

0000000080003a6a <_lseek_r>:
    80003a6a:	1141                	addi	sp,sp,-16
    80003a6c:	e022                	sd	s0,0(sp)
    80003a6e:	842a                	mv	s0,a0
    80003a70:	852e                	mv	a0,a1
    80003a72:	85b2                	mv	a1,a2
    80003a74:	8636                	mv	a2,a3
    80003a76:	8601a823          	sw	zero,-1936(gp) # 80005668 <errno>
    80003a7a:	e406                	sd	ra,8(sp)
    80003a7c:	248010ef          	jal	80004cc4 <_lseek>
    80003a80:	57fd                	li	a5,-1
    80003a82:	00f51663          	bne	a0,a5,80003a8e <_lseek_r+0x24>
    80003a86:	8701a783          	lw	a5,-1936(gp) # 80005668 <errno>
    80003a8a:	c391                	beqz	a5,80003a8e <_lseek_r+0x24>
    80003a8c:	c01c                	sw	a5,0(s0)
    80003a8e:	60a2                	ld	ra,8(sp)
    80003a90:	6402                	ld	s0,0(sp)
    80003a92:	0141                	addi	sp,sp,16
    80003a94:	8082                	ret

0000000080003a96 <_read_r>:
    80003a96:	1141                	addi	sp,sp,-16
    80003a98:	e022                	sd	s0,0(sp)
    80003a9a:	842a                	mv	s0,a0
    80003a9c:	852e                	mv	a0,a1
    80003a9e:	85b2                	mv	a1,a2
    80003aa0:	8636                	mv	a2,a3
    80003aa2:	8601a823          	sw	zero,-1936(gp) # 80005668 <errno>
    80003aa6:	e406                	sd	ra,8(sp)
    80003aa8:	230010ef          	jal	80004cd8 <_read>
    80003aac:	57fd                	li	a5,-1
    80003aae:	00f51663          	bne	a0,a5,80003aba <_read_r+0x24>
    80003ab2:	8701a783          	lw	a5,-1936(gp) # 80005668 <errno>
    80003ab6:	c391                	beqz	a5,80003aba <_read_r+0x24>
    80003ab8:	c01c                	sw	a5,0(s0)
    80003aba:	60a2                	ld	ra,8(sp)
    80003abc:	6402                	ld	s0,0(sp)
    80003abe:	0141                	addi	sp,sp,16
    80003ac0:	8082                	ret

0000000080003ac2 <_sbrk_r>:
    80003ac2:	1141                	addi	sp,sp,-16
    80003ac4:	e022                	sd	s0,0(sp)
    80003ac6:	842a                	mv	s0,a0
    80003ac8:	852e                	mv	a0,a1
    80003aca:	8601a823          	sw	zero,-1936(gp) # 80005668 <errno>
    80003ace:	e406                	sd	ra,8(sp)
    80003ad0:	21e010ef          	jal	80004cee <_sbrk>
    80003ad4:	57fd                	li	a5,-1
    80003ad6:	00f51663          	bne	a0,a5,80003ae2 <_sbrk_r+0x20>
    80003ada:	8701a783          	lw	a5,-1936(gp) # 80005668 <errno>
    80003ade:	c391                	beqz	a5,80003ae2 <_sbrk_r+0x20>
    80003ae0:	c01c                	sw	a5,0(s0)
    80003ae2:	60a2                	ld	ra,8(sp)
    80003ae4:	6402                	ld	s0,0(sp)
    80003ae6:	0141                	addi	sp,sp,16
    80003ae8:	8082                	ret

0000000080003aea <_write_r>:
    80003aea:	1141                	addi	sp,sp,-16
    80003aec:	e022                	sd	s0,0(sp)
    80003aee:	842a                	mv	s0,a0
    80003af0:	852e                	mv	a0,a1
    80003af2:	85b2                	mv	a1,a2
    80003af4:	8636                	mv	a2,a3
    80003af6:	8601a823          	sw	zero,-1936(gp) # 80005668 <errno>
    80003afa:	e406                	sd	ra,8(sp)
    80003afc:	232010ef          	jal	80004d2e <_write>
    80003b00:	57fd                	li	a5,-1
    80003b02:	00f51663          	bne	a0,a5,80003b0e <_write_r+0x24>
    80003b06:	8701a783          	lw	a5,-1936(gp) # 80005668 <errno>
    80003b0a:	c391                	beqz	a5,80003b0e <_write_r+0x24>
    80003b0c:	c01c                	sw	a5,0(s0)
    80003b0e:	60a2                	ld	ra,8(sp)
    80003b10:	6402                	ld	s0,0(sp)
    80003b12:	0141                	addi	sp,sp,16
    80003b14:	8082                	ret

0000000080003b16 <memset>:
    80003b16:	832a                	mv	t1,a0
    80003b18:	c611                	beqz	a2,80003b24 <memset+0xe>
    80003b1a:	00b30023          	sb	a1,0(t1)
    80003b1e:	167d                	addi	a2,a2,-1
    80003b20:	0305                	addi	t1,t1,1
    80003b22:	fe65                	bnez	a2,80003b1a <memset+0x4>
    80003b24:	8082                	ret

0000000080003b26 <abort>:
    80003b26:	1141                	addi	sp,sp,-16
    80003b28:	4519                	li	a0,6
    80003b2a:	e406                	sd	ra,8(sp)
    80003b2c:	6b3000ef          	jal	800049de <raise>
    80003b30:	4505                	li	a0,1
    80003b32:	13c010ef          	jal	80004c6e <_exit>

0000000080003b36 <_free_r>:
    80003b36:	c1c5                	beqz	a1,80003bd6 <_free_r+0xa0>
    80003b38:	ff85b783          	ld	a5,-8(a1)
    80003b3c:	1101                	addi	sp,sp,-32
    80003b3e:	e822                	sd	s0,16(sp)
    80003b40:	ec06                	sd	ra,24(sp)
    80003b42:	ff858413          	addi	s0,a1,-8
    80003b46:	0007d363          	bgez	a5,80003b4c <_free_r+0x16>
    80003b4a:	943e                	add	s0,s0,a5
    80003b4c:	e42a                	sd	a0,8(sp)
    80003b4e:	a23ff0ef          	jal	80003570 <__malloc_lock>
    80003b52:	86018713          	addi	a4,gp,-1952 # 80005658 <__malloc_free_list>
    80003b56:	631c                	ld	a5,0(a4)
    80003b58:	6522                	ld	a0,8(sp)
    80003b5a:	eb89                	bnez	a5,80003b6c <_free_r+0x36>
    80003b5c:	00043423          	sd	zero,8(s0)
    80003b60:	e300                	sd	s0,0(a4)
    80003b62:	6442                	ld	s0,16(sp)
    80003b64:	60e2                	ld	ra,24(sp)
    80003b66:	6105                	addi	sp,sp,32
    80003b68:	a0bff06f          	j	80003572 <__malloc_unlock>
    80003b6c:	00f47d63          	bgeu	s0,a5,80003b86 <_free_r+0x50>
    80003b70:	6010                	ld	a2,0(s0)
    80003b72:	00c406b3          	add	a3,s0,a2
    80003b76:	00d79663          	bne	a5,a3,80003b82 <_free_r+0x4c>
    80003b7a:	6394                	ld	a3,0(a5)
    80003b7c:	679c                	ld	a5,8(a5)
    80003b7e:	96b2                	add	a3,a3,a2
    80003b80:	e014                	sd	a3,0(s0)
    80003b82:	e41c                	sd	a5,8(s0)
    80003b84:	bff1                	j	80003b60 <_free_r+0x2a>
    80003b86:	873e                	mv	a4,a5
    80003b88:	679c                	ld	a5,8(a5)
    80003b8a:	c399                	beqz	a5,80003b90 <_free_r+0x5a>
    80003b8c:	fef47de3          	bgeu	s0,a5,80003b86 <_free_r+0x50>
    80003b90:	6314                	ld	a3,0(a4)
    80003b92:	00d70633          	add	a2,a4,a3
    80003b96:	00861f63          	bne	a2,s0,80003bb4 <_free_r+0x7e>
    80003b9a:	6010                	ld	a2,0(s0)
    80003b9c:	96b2                	add	a3,a3,a2
    80003b9e:	e314                	sd	a3,0(a4)
    80003ba0:	00d70633          	add	a2,a4,a3
    80003ba4:	fac79fe3          	bne	a5,a2,80003b62 <_free_r+0x2c>
    80003ba8:	6390                	ld	a2,0(a5)
    80003baa:	679c                	ld	a5,8(a5)
    80003bac:	96b2                	add	a3,a3,a2
    80003bae:	e314                	sd	a3,0(a4)
    80003bb0:	e71c                	sd	a5,8(a4)
    80003bb2:	bf45                	j	80003b62 <_free_r+0x2c>
    80003bb4:	00c47563          	bgeu	s0,a2,80003bbe <_free_r+0x88>
    80003bb8:	47b1                	li	a5,12
    80003bba:	c11c                	sw	a5,0(a0)
    80003bbc:	b75d                	j	80003b62 <_free_r+0x2c>
    80003bbe:	6010                	ld	a2,0(s0)
    80003bc0:	00c406b3          	add	a3,s0,a2
    80003bc4:	00d79663          	bne	a5,a3,80003bd0 <_free_r+0x9a>
    80003bc8:	6394                	ld	a3,0(a5)
    80003bca:	679c                	ld	a5,8(a5)
    80003bcc:	96b2                	add	a3,a3,a2
    80003bce:	e014                	sd	a3,0(s0)
    80003bd0:	e41c                	sd	a5,8(s0)
    80003bd2:	e700                	sd	s0,8(a4)
    80003bd4:	b779                	j	80003b62 <_free_r+0x2c>
    80003bd6:	8082                	ret

0000000080003bd8 <__sfputc_r>:
    80003bd8:	465c                	lw	a5,12(a2)
    80003bda:	fff7871b          	addiw	a4,a5,-1
    80003bde:	c658                	sw	a4,12(a2)
    80003be0:	00075a63          	bgez	a4,80003bf4 <__sfputc_r+0x1c>
    80003be4:	561c                	lw	a5,40(a2)
    80003be6:	00f74563          	blt	a4,a5,80003bf0 <__sfputc_r+0x18>
    80003bea:	47a9                	li	a5,10
    80003bec:	00f59463          	bne	a1,a5,80003bf4 <__sfputc_r+0x1c>
    80003bf0:	3290006f          	j	80004718 <__swbuf_r>
    80003bf4:	621c                	ld	a5,0(a2)
    80003bf6:	852e                	mv	a0,a1
    80003bf8:	00178713          	addi	a4,a5,1
    80003bfc:	e218                	sd	a4,0(a2)
    80003bfe:	00b78023          	sb	a1,0(a5)
    80003c02:	8082                	ret

0000000080003c04 <__sfputs_r>:
    80003c04:	7179                	addi	sp,sp,-48
    80003c06:	f022                	sd	s0,32(sp)
    80003c08:	ec26                	sd	s1,24(sp)
    80003c0a:	e84a                	sd	s2,16(sp)
    80003c0c:	e44e                	sd	s3,8(sp)
    80003c0e:	e052                	sd	s4,0(sp)
    80003c10:	f406                	sd	ra,40(sp)
    80003c12:	892a                	mv	s2,a0
    80003c14:	89ae                	mv	s3,a1
    80003c16:	8432                	mv	s0,a2
    80003c18:	00d604b3          	add	s1,a2,a3
    80003c1c:	5a7d                	li	s4,-1
    80003c1e:	00941463          	bne	s0,s1,80003c26 <__sfputs_r+0x22>
    80003c22:	4501                	li	a0,0
    80003c24:	a811                	j	80003c38 <__sfputs_r+0x34>
    80003c26:	00044583          	lbu	a1,0(s0)
    80003c2a:	864e                	mv	a2,s3
    80003c2c:	854a                	mv	a0,s2
    80003c2e:	fabff0ef          	jal	80003bd8 <__sfputc_r>
    80003c32:	0405                	addi	s0,s0,1
    80003c34:	ff4515e3          	bne	a0,s4,80003c1e <__sfputs_r+0x1a>
    80003c38:	70a2                	ld	ra,40(sp)
    80003c3a:	7402                	ld	s0,32(sp)
    80003c3c:	64e2                	ld	s1,24(sp)
    80003c3e:	6942                	ld	s2,16(sp)
    80003c40:	69a2                	ld	s3,8(sp)
    80003c42:	6a02                	ld	s4,0(sp)
    80003c44:	6145                	addi	sp,sp,48
    80003c46:	8082                	ret

0000000080003c48 <__sprint_r>:
    80003c48:	6a1c                	ld	a5,16(a2)
    80003c4a:	1141                	addi	sp,sp,-16
    80003c4c:	e022                	sd	s0,0(sp)
    80003c4e:	e406                	sd	ra,8(sp)
    80003c50:	8432                	mv	s0,a2
    80003c52:	cb99                	beqz	a5,80003c68 <__sprint_r+0x20>
    80003c54:	7ee000ef          	jal	80004442 <__sfvwrite_r>
    80003c58:	00043823          	sd	zero,16(s0)
    80003c5c:	60a2                	ld	ra,8(sp)
    80003c5e:	00042423          	sw	zero,8(s0)
    80003c62:	6402                	ld	s0,0(sp)
    80003c64:	0141                	addi	sp,sp,16
    80003c66:	8082                	ret
    80003c68:	4501                	li	a0,0
    80003c6a:	bfcd                	j	80003c5c <__sprint_r+0x14>

0000000080003c6c <_vfiprintf_r>:
    80003c6c:	7155                	addi	sp,sp,-208
    80003c6e:	e1a2                	sd	s0,192(sp)
    80003c70:	fd26                	sd	s1,184(sp)
    80003c72:	f94a                	sd	s2,176(sp)
    80003c74:	f54e                	sd	s3,168(sp)
    80003c76:	f152                	sd	s4,160(sp)
    80003c78:	e586                	sd	ra,200(sp)
    80003c7a:	ed56                	sd	s5,152(sp)
    80003c7c:	e95a                	sd	s6,144(sp)
    80003c7e:	e55e                	sd	s7,136(sp)
    80003c80:	e162                	sd	s8,128(sp)
    80003c82:	fce6                	sd	s9,120(sp)
    80003c84:	f8ea                	sd	s10,112(sp)
    80003c86:	8a2a                	mv	s4,a0
    80003c88:	892e                	mv	s2,a1
    80003c8a:	84b2                	mv	s1,a2
    80003c8c:	8436                	mv	s0,a3
    80003c8e:	4981                	li	s3,0
    80003c90:	c509                	beqz	a0,80003c9a <_vfiprintf_r+0x2e>
    80003c92:	613c                	ld	a5,64(a0)
    80003c94:	e399                	bnez	a5,80003c9a <_vfiprintf_r+0x2e>
    80003c96:	aafff0ef          	jal	80003744 <__sinit>
    80003c9a:	01095783          	lhu	a5,16(s2)
    80003c9e:	8ba1                	andi	a5,a5,8
    80003ca0:	cbe1                	beqz	a5,80003d70 <_vfiprintf_r+0x104>
    80003ca2:	01893783          	ld	a5,24(s2)
    80003ca6:	c7e9                	beqz	a5,80003d70 <_vfiprintf_r+0x104>
    80003ca8:	02000793          	li	a5,32
    80003cac:	02f104a3          	sb	a5,41(sp)
    80003cb0:	5afd                	li	s5,-1
    80003cb2:	03000793          	li	a5,48
    80003cb6:	d202                	sw	zero,36(sp)
    80003cb8:	02f10523          	sb	a5,42(sp)
    80003cbc:	e422                	sd	s0,8(sp)
    80003cbe:	02500b93          	li	s7,37
    80003cc2:	020a9c13          	slli	s8,s5,0x20
    80003cc6:	00001b17          	auipc	s6,0x1
    80003cca:	442b0b13          	addi	s6,s6,1090 # 80005108 <__tbss_end+0x16a>
    80003cce:	4c85                	li	s9,1
    80003cd0:	8426                	mv	s0,s1
    80003cd2:	00044783          	lbu	a5,0(s0)
    80003cd6:	c399                	beqz	a5,80003cdc <_vfiprintf_r+0x70>
    80003cd8:	0d779063          	bne	a5,s7,80003d98 <_vfiprintf_r+0x12c>
    80003cdc:	40940d3b          	subw	s10,s0,s1
    80003ce0:	000d0e63          	beqz	s10,80003cfc <_vfiprintf_r+0x90>
    80003ce4:	86ea                	mv	a3,s10
    80003ce6:	8626                	mv	a2,s1
    80003ce8:	85ca                	mv	a1,s2
    80003cea:	8552                	mv	a0,s4
    80003cec:	f19ff0ef          	jal	80003c04 <__sfputs_r>
    80003cf0:	1d550963          	beq	a0,s5,80003ec2 <_vfiprintf_r+0x256>
    80003cf4:	5792                	lw	a5,36(sp)
    80003cf6:	01a787bb          	addw	a5,a5,s10
    80003cfa:	d23e                	sw	a5,36(sp)
    80003cfc:	00044783          	lbu	a5,0(s0)
    80003d00:	1c078163          	beqz	a5,80003ec2 <_vfiprintf_r+0x256>
    80003d04:	00140493          	addi	s1,s0,1
    80003d08:	e862                	sd	s8,16(sp)
    80003d0a:	ec02                	sd	zero,24(sp)
    80003d0c:	040109a3          	sb	zero,83(sp)
    80003d10:	d482                	sw	zero,104(sp)
    80003d12:	0004c583          	lbu	a1,0(s1)
    80003d16:	4615                	li	a2,5
    80003d18:	855a                	mv	a0,s6
    80003d1a:	377000ef          	jal	80004890 <memchr>
    80003d1e:	47c2                	lw	a5,16(sp)
    80003d20:	00148413          	addi	s0,s1,1
    80003d24:	ed25                	bnez	a0,80003d9c <_vfiprintf_r+0x130>
    80003d26:	0107f713          	andi	a4,a5,16
    80003d2a:	c709                	beqz	a4,80003d34 <_vfiprintf_r+0xc8>
    80003d2c:	02000713          	li	a4,32
    80003d30:	04e109a3          	sb	a4,83(sp)
    80003d34:	0087f713          	andi	a4,a5,8
    80003d38:	c709                	beqz	a4,80003d42 <_vfiprintf_r+0xd6>
    80003d3a:	02b00713          	li	a4,43
    80003d3e:	04e109a3          	sb	a4,83(sp)
    80003d42:	0004c683          	lbu	a3,0(s1)
    80003d46:	02a00713          	li	a4,42
    80003d4a:	06e68163          	beq	a3,a4,80003dac <_vfiprintf_r+0x140>
    80003d4e:	47f2                	lw	a5,28(sp)
    80003d50:	8426                	mv	s0,s1
    80003d52:	4681                	li	a3,0
    80003d54:	4625                	li	a2,9
    80003d56:	4829                	li	a6,10
    80003d58:	00044703          	lbu	a4,0(s0)
    80003d5c:	00140513          	addi	a0,s0,1
    80003d60:	fd07059b          	addiw	a1,a4,-48
    80003d64:	872e                	mv	a4,a1
    80003d66:	08b67a63          	bgeu	a2,a1,80003dfa <_vfiprintf_r+0x18e>
    80003d6a:	caa9                	beqz	a3,80003dbc <_vfiprintf_r+0x150>
    80003d6c:	ce3e                	sw	a5,28(sp)
    80003d6e:	a0b9                	j	80003dbc <_vfiprintf_r+0x150>
    80003d70:	85ca                	mv	a1,s2
    80003d72:	8552                	mv	a0,s4
    80003d74:	24f000ef          	jal	800047c2 <__swsetup_r>
    80003d78:	d905                	beqz	a0,80003ca8 <_vfiprintf_r+0x3c>
    80003d7a:	557d                	li	a0,-1
    80003d7c:	60ae                	ld	ra,200(sp)
    80003d7e:	640e                	ld	s0,192(sp)
    80003d80:	74ea                	ld	s1,184(sp)
    80003d82:	794a                	ld	s2,176(sp)
    80003d84:	79aa                	ld	s3,168(sp)
    80003d86:	7a0a                	ld	s4,160(sp)
    80003d88:	6aea                	ld	s5,152(sp)
    80003d8a:	6b4a                	ld	s6,144(sp)
    80003d8c:	6baa                	ld	s7,136(sp)
    80003d8e:	6c0a                	ld	s8,128(sp)
    80003d90:	7ce6                	ld	s9,120(sp)
    80003d92:	7d46                	ld	s10,112(sp)
    80003d94:	6169                	addi	sp,sp,208
    80003d96:	8082                	ret
    80003d98:	0405                	addi	s0,s0,1
    80003d9a:	bf25                	j	80003cd2 <_vfiprintf_r+0x66>
    80003d9c:	41650533          	sub	a0,a0,s6
    80003da0:	00ac953b          	sllw	a0,s9,a0
    80003da4:	8fc9                	or	a5,a5,a0
    80003da6:	c83e                	sw	a5,16(sp)
    80003da8:	84a2                	mv	s1,s0
    80003daa:	b7a5                	j	80003d12 <_vfiprintf_r+0xa6>
    80003dac:	6722                	ld	a4,8(sp)
    80003dae:	00870693          	addi	a3,a4,8
    80003db2:	4318                	lw	a4,0(a4)
    80003db4:	e436                	sd	a3,8(sp)
    80003db6:	02074b63          	bltz	a4,80003dec <_vfiprintf_r+0x180>
    80003dba:	ce3a                	sw	a4,28(sp)
    80003dbc:	00044703          	lbu	a4,0(s0)
    80003dc0:	02e00793          	li	a5,46
    80003dc4:	06f71163          	bne	a4,a5,80003e26 <_vfiprintf_r+0x1ba>
    80003dc8:	00144703          	lbu	a4,1(s0)
    80003dcc:	02a00793          	li	a5,42
    80003dd0:	02f71b63          	bne	a4,a5,80003e06 <_vfiprintf_r+0x19a>
    80003dd4:	67a2                	ld	a5,8(sp)
    80003dd6:	0409                	addi	s0,s0,2
    80003dd8:	00878713          	addi	a4,a5,8
    80003ddc:	e43a                	sd	a4,8(sp)
    80003dde:	4398                	lw	a4,0(a5)
    80003de0:	87ba                	mv	a5,a4
    80003de2:	00075363          	bgez	a4,80003de8 <_vfiprintf_r+0x17c>
    80003de6:	57fd                	li	a5,-1
    80003de8:	ca3e                	sw	a5,20(sp)
    80003dea:	a835                	j	80003e26 <_vfiprintf_r+0x1ba>
    80003dec:	40e0073b          	negw	a4,a4
    80003df0:	0027e793          	ori	a5,a5,2
    80003df4:	ce3a                	sw	a4,28(sp)
    80003df6:	c83e                	sw	a5,16(sp)
    80003df8:	b7d1                	j	80003dbc <_vfiprintf_r+0x150>
    80003dfa:	02f807bb          	mulw	a5,a6,a5
    80003dfe:	842a                	mv	s0,a0
    80003e00:	4685                	li	a3,1
    80003e02:	9fb9                	addw	a5,a5,a4
    80003e04:	bf91                	j	80003d58 <_vfiprintf_r+0xec>
    80003e06:	0405                	addi	s0,s0,1
    80003e08:	ca02                	sw	zero,20(sp)
    80003e0a:	4681                	li	a3,0
    80003e0c:	4781                	li	a5,0
    80003e0e:	4625                	li	a2,9
    80003e10:	4829                	li	a6,10
    80003e12:	00044703          	lbu	a4,0(s0)
    80003e16:	00140513          	addi	a0,s0,1
    80003e1a:	fd07059b          	addiw	a1,a4,-48
    80003e1e:	872e                	mv	a4,a1
    80003e20:	06b67c63          	bgeu	a2,a1,80003e98 <_vfiprintf_r+0x22c>
    80003e24:	f2f1                	bnez	a3,80003de8 <_vfiprintf_r+0x17c>
    80003e26:	00044583          	lbu	a1,0(s0)
    80003e2a:	460d                	li	a2,3
    80003e2c:	00001517          	auipc	a0,0x1
    80003e30:	2e450513          	addi	a0,a0,740 # 80005110 <__tbss_end+0x172>
    80003e34:	25d000ef          	jal	80004890 <memchr>
    80003e38:	cd11                	beqz	a0,80003e54 <_vfiprintf_r+0x1e8>
    80003e3a:	00001797          	auipc	a5,0x1
    80003e3e:	2d678793          	addi	a5,a5,726 # 80005110 <__tbss_end+0x172>
    80003e42:	8d1d                	sub	a0,a0,a5
    80003e44:	47c2                	lw	a5,16(sp)
    80003e46:	04000713          	li	a4,64
    80003e4a:	00a7173b          	sllw	a4,a4,a0
    80003e4e:	8fd9                	or	a5,a5,a4
    80003e50:	0405                	addi	s0,s0,1
    80003e52:	c83e                	sw	a5,16(sp)
    80003e54:	00044583          	lbu	a1,0(s0)
    80003e58:	4619                	li	a2,6
    80003e5a:	00001517          	auipc	a0,0x1
    80003e5e:	2be50513          	addi	a0,a0,702 # 80005118 <__tbss_end+0x17a>
    80003e62:	00140493          	addi	s1,s0,1
    80003e66:	02b10423          	sb	a1,40(sp)
    80003e6a:	227000ef          	jal	80004890 <memchr>
    80003e6e:	c135                	beqz	a0,80003ed2 <_vfiprintf_r+0x266>
    80003e70:	00000793          	li	a5,0
    80003e74:	eb85                	bnez	a5,80003ea4 <_vfiprintf_r+0x238>
    80003e76:	4742                	lw	a4,16(sp)
    80003e78:	67a2                	ld	a5,8(sp)
    80003e7a:	10077713          	andi	a4,a4,256
    80003e7e:	00878693          	addi	a3,a5,8
    80003e82:	c709                	beqz	a4,80003e8c <_vfiprintf_r+0x220>
    80003e84:	07bd                	addi	a5,a5,15
    80003e86:	9bc1                	andi	a5,a5,-16
    80003e88:	01078693          	addi	a3,a5,16
    80003e8c:	e436                	sd	a3,8(sp)
    80003e8e:	5792                	lw	a5,36(sp)
    80003e90:	013787bb          	addw	a5,a5,s3
    80003e94:	d23e                	sw	a5,36(sp)
    80003e96:	bd2d                	j	80003cd0 <_vfiprintf_r+0x64>
    80003e98:	02f807bb          	mulw	a5,a6,a5
    80003e9c:	842a                	mv	s0,a0
    80003e9e:	4685                	li	a3,1
    80003ea0:	9fb9                	addw	a5,a5,a4
    80003ea2:	bf85                	j	80003e12 <_vfiprintf_r+0x1a6>
    80003ea4:	0038                	addi	a4,sp,8
    80003ea6:	00000697          	auipc	a3,0x0
    80003eaa:	d5e68693          	addi	a3,a3,-674 # 80003c04 <__sfputs_r>
    80003eae:	864a                	mv	a2,s2
    80003eb0:	080c                	addi	a1,sp,16
    80003eb2:	8552                	mv	a0,s4
    80003eb4:	00000097          	auipc	ra,0x0
    80003eb8:	000000e7          	jalr	zero # 0 <__boot_hart>
    80003ebc:	89aa                	mv	s3,a0
    80003ebe:	fd5518e3          	bne	a0,s5,80003e8e <_vfiprintf_r+0x222>
    80003ec2:	01095783          	lhu	a5,16(s2)
    80003ec6:	0407f793          	andi	a5,a5,64
    80003eca:	ea0798e3          	bnez	a5,80003d7a <_vfiprintf_r+0x10e>
    80003ece:	5512                	lw	a0,36(sp)
    80003ed0:	b575                	j	80003d7c <_vfiprintf_r+0x110>
    80003ed2:	0038                	addi	a4,sp,8
    80003ed4:	00000697          	auipc	a3,0x0
    80003ed8:	d3068693          	addi	a3,a3,-720 # 80003c04 <__sfputs_r>
    80003edc:	864a                	mv	a2,s2
    80003ede:	080c                	addi	a1,sp,16
    80003ee0:	8552                	mv	a0,s4
    80003ee2:	134000ef          	jal	80004016 <_printf_i>
    80003ee6:	bfd9                	j	80003ebc <_vfiprintf_r+0x250>

0000000080003ee8 <vfiprintf>:
    80003ee8:	86b2                	mv	a3,a2
    80003eea:	862e                	mv	a2,a1
    80003eec:	85aa                	mv	a1,a0
    80003eee:	00001517          	auipc	a0,0x1
    80003ef2:	70a53503          	ld	a0,1802(a0) # 800055f8 <_impure_ptr>
    80003ef6:	bb9d                	j	80003c6c <_vfiprintf_r>

0000000080003ef8 <_printf_common>:
    80003ef8:	715d                	addi	sp,sp,-80
    80003efa:	f052                	sd	s4,32(sp)
    80003efc:	ec56                	sd	s5,24(sp)
    80003efe:	8a36                	mv	s4,a3
    80003f00:	8aba                	mv	s5,a4
    80003f02:	4994                	lw	a3,16(a1)
    80003f04:	4598                	lw	a4,8(a1)
    80003f06:	e0a2                	sd	s0,64(sp)
    80003f08:	f84a                	sd	s2,48(sp)
    80003f0a:	f44e                	sd	s3,40(sp)
    80003f0c:	e486                	sd	ra,72(sp)
    80003f0e:	fc26                	sd	s1,56(sp)
    80003f10:	e85a                	sd	s6,16(sp)
    80003f12:	e45e                	sd	s7,8(sp)
    80003f14:	89aa                	mv	s3,a0
    80003f16:	842e                	mv	s0,a1
    80003f18:	8932                	mv	s2,a2
    80003f1a:	87ba                	mv	a5,a4
    80003f1c:	00e6c363          	blt	a3,a4,80003f22 <_printf_common+0x2a>
    80003f20:	87b6                	mv	a5,a3
    80003f22:	00f92023          	sw	a5,0(s2)
    80003f26:	04344703          	lbu	a4,67(s0)
    80003f2a:	c701                	beqz	a4,80003f32 <_printf_common+0x3a>
    80003f2c:	2785                	addiw	a5,a5,1
    80003f2e:	00f92023          	sw	a5,0(s2)
    80003f32:	401c                	lw	a5,0(s0)
    80003f34:	0207f793          	andi	a5,a5,32
    80003f38:	c791                	beqz	a5,80003f44 <_printf_common+0x4c>
    80003f3a:	00092783          	lw	a5,0(s2)
    80003f3e:	2789                	addiw	a5,a5,2
    80003f40:	00f92023          	sw	a5,0(s2)
    80003f44:	4004                	lw	s1,0(s0)
    80003f46:	8899                	andi	s1,s1,6
    80003f48:	e891                	bnez	s1,80003f5c <_printf_common+0x64>
    80003f4a:	01940b13          	addi	s6,s0,25
    80003f4e:	5bfd                	li	s7,-1
    80003f50:	445c                	lw	a5,12(s0)
    80003f52:	00092703          	lw	a4,0(s2)
    80003f56:	9f99                	subw	a5,a5,a4
    80003f58:	06f4c063          	blt	s1,a5,80003fb8 <_printf_common+0xc0>
    80003f5c:	04344783          	lbu	a5,67(s0)
    80003f60:	00f03633          	snez	a2,a5
    80003f64:	00f036b3          	snez	a3,a5
    80003f68:	401c                	lw	a5,0(s0)
    80003f6a:	0207f793          	andi	a5,a5,32
    80003f6e:	ebb5                	bnez	a5,80003fe2 <_printf_common+0xea>
    80003f70:	04340613          	addi	a2,s0,67
    80003f74:	85d2                	mv	a1,s4
    80003f76:	854e                	mv	a0,s3
    80003f78:	9a82                	jalr	s5
    80003f7a:	57fd                	li	a5,-1
    80003f7c:	04f50563          	beq	a0,a5,80003fc6 <_printf_common+0xce>
    80003f80:	401c                	lw	a5,0(s0)
    80003f82:	4711                	li	a4,4
    80003f84:	4481                	li	s1,0
    80003f86:	8b99                	andi	a5,a5,6
    80003f88:	00e79b63          	bne	a5,a4,80003f9e <_printf_common+0xa6>
    80003f8c:	00092783          	lw	a5,0(s2)
    80003f90:	4444                	lw	s1,12(s0)
    80003f92:	9c9d                	subw	s1,s1,a5
    80003f94:	02049793          	slli	a5,s1,0x20
    80003f98:	0007d363          	bgez	a5,80003f9e <_printf_common+0xa6>
    80003f9c:	4481                	li	s1,0
    80003f9e:	441c                	lw	a5,8(s0)
    80003fa0:	4818                	lw	a4,16(s0)
    80003fa2:	00f75463          	bge	a4,a5,80003faa <_printf_common+0xb2>
    80003fa6:	9f99                	subw	a5,a5,a4
    80003fa8:	9cbd                	addw	s1,s1,a5
    80003faa:	4901                	li	s2,0
    80003fac:	0469                	addi	s0,s0,26
    80003fae:	5b7d                	li	s6,-1
    80003fb0:	05249a63          	bne	s1,s2,80004004 <_printf_common+0x10c>
    80003fb4:	4501                	li	a0,0
    80003fb6:	a809                	j	80003fc8 <_printf_common+0xd0>
    80003fb8:	4685                	li	a3,1
    80003fba:	865a                	mv	a2,s6
    80003fbc:	85d2                	mv	a1,s4
    80003fbe:	854e                	mv	a0,s3
    80003fc0:	9a82                	jalr	s5
    80003fc2:	01751e63          	bne	a0,s7,80003fde <_printf_common+0xe6>
    80003fc6:	557d                	li	a0,-1
    80003fc8:	60a6                	ld	ra,72(sp)
    80003fca:	6406                	ld	s0,64(sp)
    80003fcc:	74e2                	ld	s1,56(sp)
    80003fce:	7942                	ld	s2,48(sp)
    80003fd0:	79a2                	ld	s3,40(sp)
    80003fd2:	7a02                	ld	s4,32(sp)
    80003fd4:	6ae2                	ld	s5,24(sp)
    80003fd6:	6b42                	ld	s6,16(sp)
    80003fd8:	6ba2                	ld	s7,8(sp)
    80003fda:	6161                	addi	sp,sp,80
    80003fdc:	8082                	ret
    80003fde:	2485                	addiw	s1,s1,1
    80003fe0:	bf85                	j	80003f50 <_printf_common+0x58>
    80003fe2:	00d407b3          	add	a5,s0,a3
    80003fe6:	03000693          	li	a3,48
    80003fea:	04d781a3          	sb	a3,67(a5)
    80003fee:	0016071b          	addiw	a4,a2,1
    80003ff2:	0026069b          	addiw	a3,a2,2
    80003ff6:	04544603          	lbu	a2,69(s0)
    80003ffa:	00e407b3          	add	a5,s0,a4
    80003ffe:	04c781a3          	sb	a2,67(a5)
    80004002:	b7bd                	j	80003f70 <_printf_common+0x78>
    80004004:	4685                	li	a3,1
    80004006:	8622                	mv	a2,s0
    80004008:	85d2                	mv	a1,s4
    8000400a:	854e                	mv	a0,s3
    8000400c:	9a82                	jalr	s5
    8000400e:	fb650ce3          	beq	a0,s6,80003fc6 <_printf_common+0xce>
    80004012:	2905                	addiw	s2,s2,1
    80004014:	bf71                	j	80003fb0 <_printf_common+0xb8>

0000000080004016 <_printf_i>:
    80004016:	715d                	addi	sp,sp,-80
    80004018:	e0a2                	sd	s0,64(sp)
    8000401a:	f84a                	sd	s2,48(sp)
    8000401c:	f44e                	sd	s3,40(sp)
    8000401e:	f052                	sd	s4,32(sp)
    80004020:	e486                	sd	ra,72(sp)
    80004022:	fc26                	sd	s1,56(sp)
    80004024:	ec56                	sd	s5,24(sp)
    80004026:	e85a                	sd	s6,16(sp)
    80004028:	0185c803          	lbu	a6,24(a1)
    8000402c:	07800793          	li	a5,120
    80004030:	892a                	mv	s2,a0
    80004032:	842e                	mv	s0,a1
    80004034:	89b2                	mv	s3,a2
    80004036:	8a36                	mv	s4,a3
    80004038:	0307e263          	bltu	a5,a6,8000405c <_printf_i+0x46>
    8000403c:	06200793          	li	a5,98
    80004040:	04358693          	addi	a3,a1,67
    80004044:	0307e163          	bltu	a5,a6,80004066 <_printf_i+0x50>
    80004048:	1c080663          	beqz	a6,80004214 <_printf_i+0x1fe>
    8000404c:	05800793          	li	a5,88
    80004050:	00001617          	auipc	a2,0x1
    80004054:	0d060613          	addi	a2,a2,208 # 80005120 <__tbss_end+0x182>
    80004058:	14f80a63          	beq	a6,a5,800041ac <_printf_i+0x196>
    8000405c:	04240493          	addi	s1,s0,66
    80004060:	05040123          	sb	a6,66(s0)
    80004064:	a815                	j	80004098 <_printf_i+0x82>
    80004066:	f9d8079b          	addiw	a5,a6,-99
    8000406a:	0ff7f793          	zext.b	a5,a5
    8000406e:	4655                	li	a2,21
    80004070:	fef666e3          	bltu	a2,a5,8000405c <_printf_i+0x46>
    80004074:	00001617          	auipc	a2,0x1
    80004078:	40c60613          	addi	a2,a2,1036 # 80005480 <array_exp.0+0x190>
    8000407c:	078a                	slli	a5,a5,0x2
    8000407e:	97b2                	add	a5,a5,a2
    80004080:	439c                	lw	a5,0(a5)
    80004082:	97b2                	add	a5,a5,a2
    80004084:	8782                	jr	a5
    80004086:	631c                	ld	a5,0(a4)
    80004088:	04258493          	addi	s1,a1,66
    8000408c:	00878693          	addi	a3,a5,8
    80004090:	439c                	lw	a5,0(a5)
    80004092:	e314                	sd	a3,0(a4)
    80004094:	04f58123          	sb	a5,66(a1)
    80004098:	4785                	li	a5,1
    8000409a:	aa4d                	j	8000424c <_printf_i+0x236>
    8000409c:	419c                	lw	a5,0(a1)
    8000409e:	6308                	ld	a0,0(a4)
    800040a0:	0807f613          	andi	a2,a5,128
    800040a4:	00850593          	addi	a1,a0,8
    800040a8:	c20d                	beqz	a2,800040ca <_printf_i+0xb4>
    800040aa:	611c                	ld	a5,0(a0)
    800040ac:	e30c                	sd	a1,0(a4)
    800040ae:	0007d863          	bgez	a5,800040be <_printf_i+0xa8>
    800040b2:	02d00713          	li	a4,45
    800040b6:	40f007b3          	neg	a5,a5
    800040ba:	04e401a3          	sb	a4,67(s0)
    800040be:	00001617          	auipc	a2,0x1
    800040c2:	06260613          	addi	a2,a2,98 # 80005120 <__tbss_end+0x182>
    800040c6:	4829                	li	a6,10
    800040c8:	a83d                	j	80004106 <_printf_i+0xf0>
    800040ca:	0407f613          	andi	a2,a5,64
    800040ce:	411c                	lw	a5,0(a0)
    800040d0:	e30c                	sd	a1,0(a4)
    800040d2:	de71                	beqz	a2,800040ae <_printf_i+0x98>
    800040d4:	0107979b          	slliw	a5,a5,0x10
    800040d8:	4107d79b          	sraiw	a5,a5,0x10
    800040dc:	bfc9                	j	800040ae <_printf_i+0x98>
    800040de:	4190                	lw	a2,0(a1)
    800040e0:	631c                	ld	a5,0(a4)
    800040e2:	08067513          	andi	a0,a2,128
    800040e6:	00878593          	addi	a1,a5,8
    800040ea:	cd41                	beqz	a0,80004182 <_printf_i+0x16c>
    800040ec:	639c                	ld	a5,0(a5)
    800040ee:	e30c                	sd	a1,0(a4)
    800040f0:	06f00713          	li	a4,111
    800040f4:	00001617          	auipc	a2,0x1
    800040f8:	02c60613          	addi	a2,a2,44 # 80005120 <__tbss_end+0x182>
    800040fc:	0ee81e63          	bne	a6,a4,800041f8 <_printf_i+0x1e2>
    80004100:	4821                	li	a6,8
    80004102:	040401a3          	sb	zero,67(s0)
    80004106:	4058                	lw	a4,4(s0)
    80004108:	c418                	sw	a4,8(s0)
    8000410a:	00074563          	bltz	a4,80004114 <_printf_i+0xfe>
    8000410e:	400c                	lw	a1,0(s0)
    80004110:	99ed                	andi	a1,a1,-5
    80004112:	c00c                	sw	a1,0(s0)
    80004114:	e399                	bnez	a5,8000411a <_printf_i+0x104>
    80004116:	84b6                	mv	s1,a3
    80004118:	cf19                	beqz	a4,80004136 <_printf_i+0x120>
    8000411a:	84b6                	mv	s1,a3
    8000411c:	0307f733          	remu	a4,a5,a6
    80004120:	14fd                	addi	s1,s1,-1
    80004122:	9732                	add	a4,a4,a2
    80004124:	00074703          	lbu	a4,0(a4)
    80004128:	00e48023          	sb	a4,0(s1)
    8000412c:	873e                	mv	a4,a5
    8000412e:	0307d7b3          	divu	a5,a5,a6
    80004132:	ff0775e3          	bgeu	a4,a6,8000411c <_printf_i+0x106>
    80004136:	47a1                	li	a5,8
    80004138:	00f81e63          	bne	a6,a5,80004154 <_printf_i+0x13e>
    8000413c:	401c                	lw	a5,0(s0)
    8000413e:	8b85                	andi	a5,a5,1
    80004140:	cb91                	beqz	a5,80004154 <_printf_i+0x13e>
    80004142:	4058                	lw	a4,4(s0)
    80004144:	481c                	lw	a5,16(s0)
    80004146:	00e7c763          	blt	a5,a4,80004154 <_printf_i+0x13e>
    8000414a:	03000793          	li	a5,48
    8000414e:	fef48fa3          	sb	a5,-1(s1)
    80004152:	14fd                	addi	s1,s1,-1
    80004154:	8e85                	sub	a3,a3,s1
    80004156:	c814                	sw	a3,16(s0)
    80004158:	8752                	mv	a4,s4
    8000415a:	86ce                	mv	a3,s3
    8000415c:	0070                	addi	a2,sp,12
    8000415e:	85a2                	mv	a1,s0
    80004160:	854a                	mv	a0,s2
    80004162:	d97ff0ef          	jal	80003ef8 <_printf_common>
    80004166:	5afd                	li	s5,-1
    80004168:	0f551663          	bne	a0,s5,80004254 <_printf_i+0x23e>
    8000416c:	557d                	li	a0,-1
    8000416e:	60a6                	ld	ra,72(sp)
    80004170:	6406                	ld	s0,64(sp)
    80004172:	74e2                	ld	s1,56(sp)
    80004174:	7942                	ld	s2,48(sp)
    80004176:	79a2                	ld	s3,40(sp)
    80004178:	7a02                	ld	s4,32(sp)
    8000417a:	6ae2                	ld	s5,24(sp)
    8000417c:	6b42                	ld	s6,16(sp)
    8000417e:	6161                	addi	sp,sp,80
    80004180:	8082                	ret
    80004182:	439c                	lw	a5,0(a5)
    80004184:	04067613          	andi	a2,a2,64
    80004188:	e30c                	sd	a1,0(a4)
    8000418a:	c601                	beqz	a2,80004192 <_printf_i+0x17c>
    8000418c:	17c2                	slli	a5,a5,0x30
    8000418e:	93c1                	srli	a5,a5,0x30
    80004190:	b785                	j	800040f0 <_printf_i+0xda>
    80004192:	1782                	slli	a5,a5,0x20
    80004194:	9381                	srli	a5,a5,0x20
    80004196:	bfa9                	j	800040f0 <_printf_i+0xda>
    80004198:	419c                	lw	a5,0(a1)
    8000419a:	0a07e793          	ori	a5,a5,160
    8000419e:	c19c                	sw	a5,0(a1)
    800041a0:	07800813          	li	a6,120
    800041a4:	00001617          	auipc	a2,0x1
    800041a8:	f9460613          	addi	a2,a2,-108 # 80005138 <__tbss_end+0x19a>
    800041ac:	050402a3          	sb	a6,69(s0)
    800041b0:	400c                	lw	a1,0(s0)
    800041b2:	631c                	ld	a5,0(a4)
    800041b4:	0805f813          	andi	a6,a1,128
    800041b8:	00878513          	addi	a0,a5,8
    800041bc:	00080d63          	beqz	a6,800041d6 <_printf_i+0x1c0>
    800041c0:	639c                	ld	a5,0(a5)
    800041c2:	e308                	sd	a0,0(a4)
    800041c4:	0015f713          	andi	a4,a1,1
    800041c8:	c701                	beqz	a4,800041d0 <_printf_i+0x1ba>
    800041ca:	0205e593          	ori	a1,a1,32
    800041ce:	c00c                	sw	a1,0(s0)
    800041d0:	cf99                	beqz	a5,800041ee <_printf_i+0x1d8>
    800041d2:	4841                	li	a6,16
    800041d4:	b73d                	j	80004102 <_printf_i+0xec>
    800041d6:	439c                	lw	a5,0(a5)
    800041d8:	0405f813          	andi	a6,a1,64
    800041dc:	e308                	sd	a0,0(a4)
    800041de:	00080563          	beqz	a6,800041e8 <_printf_i+0x1d2>
    800041e2:	17c2                	slli	a5,a5,0x30
    800041e4:	93c1                	srli	a5,a5,0x30
    800041e6:	bff9                	j	800041c4 <_printf_i+0x1ae>
    800041e8:	1782                	slli	a5,a5,0x20
    800041ea:	9381                	srli	a5,a5,0x20
    800041ec:	bfe1                	j	800041c4 <_printf_i+0x1ae>
    800041ee:	4018                	lw	a4,0(s0)
    800041f0:	fdf77713          	andi	a4,a4,-33
    800041f4:	c018                	sw	a4,0(s0)
    800041f6:	bff1                	j	800041d2 <_printf_i+0x1bc>
    800041f8:	4829                	li	a6,10
    800041fa:	b721                	j	80004102 <_printf_i+0xec>
    800041fc:	4190                	lw	a2,0(a1)
    800041fe:	631c                	ld	a5,0(a4)
    80004200:	49cc                	lw	a1,20(a1)
    80004202:	08067813          	andi	a6,a2,128
    80004206:	00878513          	addi	a0,a5,8
    8000420a:	00080963          	beqz	a6,8000421c <_printf_i+0x206>
    8000420e:	e308                	sd	a0,0(a4)
    80004210:	639c                	ld	a5,0(a5)
    80004212:	e38c                	sd	a1,0(a5)
    80004214:	00042823          	sw	zero,16(s0)
    80004218:	84b6                	mv	s1,a3
    8000421a:	bf3d                	j	80004158 <_printf_i+0x142>
    8000421c:	e308                	sd	a0,0(a4)
    8000421e:	04067613          	andi	a2,a2,64
    80004222:	639c                	ld	a5,0(a5)
    80004224:	c601                	beqz	a2,8000422c <_printf_i+0x216>
    80004226:	00b79023          	sh	a1,0(a5)
    8000422a:	b7ed                	j	80004214 <_printf_i+0x1fe>
    8000422c:	c38c                	sw	a1,0(a5)
    8000422e:	b7dd                	j	80004214 <_printf_i+0x1fe>
    80004230:	631c                	ld	a5,0(a4)
    80004232:	41d0                	lw	a2,4(a1)
    80004234:	4581                	li	a1,0
    80004236:	00878693          	addi	a3,a5,8
    8000423a:	e314                	sd	a3,0(a4)
    8000423c:	6384                	ld	s1,0(a5)
    8000423e:	8526                	mv	a0,s1
    80004240:	650000ef          	jal	80004890 <memchr>
    80004244:	c119                	beqz	a0,8000424a <_printf_i+0x234>
    80004246:	8d05                	sub	a0,a0,s1
    80004248:	c048                	sw	a0,4(s0)
    8000424a:	405c                	lw	a5,4(s0)
    8000424c:	c81c                	sw	a5,16(s0)
    8000424e:	040401a3          	sb	zero,67(s0)
    80004252:	b719                	j	80004158 <_printf_i+0x142>
    80004254:	4814                	lw	a3,16(s0)
    80004256:	8626                	mv	a2,s1
    80004258:	85ce                	mv	a1,s3
    8000425a:	854a                	mv	a0,s2
    8000425c:	9a02                	jalr	s4
    8000425e:	f15507e3          	beq	a0,s5,8000416c <_printf_i+0x156>
    80004262:	401c                	lw	a5,0(s0)
    80004264:	8b89                	andi	a5,a5,2
    80004266:	eb85                	bnez	a5,80004296 <_printf_i+0x280>
    80004268:	4458                	lw	a4,12(s0)
    8000426a:	47b2                	lw	a5,12(sp)
    8000426c:	0007051b          	sext.w	a0,a4
    80004270:	eef75fe3          	bge	a4,a5,8000416e <_printf_i+0x158>
    80004274:	0007851b          	sext.w	a0,a5
    80004278:	bddd                	j	8000416e <_printf_i+0x158>
    8000427a:	4685                	li	a3,1
    8000427c:	8656                	mv	a2,s5
    8000427e:	85ce                	mv	a1,s3
    80004280:	854a                	mv	a0,s2
    80004282:	9a02                	jalr	s4
    80004284:	ef6504e3          	beq	a0,s6,8000416c <_printf_i+0x156>
    80004288:	2485                	addiw	s1,s1,1
    8000428a:	445c                	lw	a5,12(s0)
    8000428c:	4732                	lw	a4,12(sp)
    8000428e:	9f99                	subw	a5,a5,a4
    80004290:	fef4c5e3          	blt	s1,a5,8000427a <_printf_i+0x264>
    80004294:	bfd1                	j	80004268 <_printf_i+0x252>
    80004296:	4481                	li	s1,0
    80004298:	01940a93          	addi	s5,s0,25
    8000429c:	5b7d                	li	s6,-1
    8000429e:	b7f5                	j	8000428a <_printf_i+0x274>

00000000800042a0 <__sflush_r>:
    800042a0:	01059783          	lh	a5,16(a1)
    800042a4:	7179                	addi	sp,sp,-48
    800042a6:	f022                	sd	s0,32(sp)
    800042a8:	ec26                	sd	s1,24(sp)
    800042aa:	f406                	sd	ra,40(sp)
    800042ac:	e84a                	sd	s2,16(sp)
    800042ae:	e44e                	sd	s3,8(sp)
    800042b0:	0087f713          	andi	a4,a5,8
    800042b4:	84aa                	mv	s1,a0
    800042b6:	842e                	mv	s0,a1
    800042b8:	eb69                	bnez	a4,8000438a <__sflush_r+0xea>
    800042ba:	4598                	lw	a4,8(a1)
    800042bc:	00e04563          	bgtz	a4,800042c6 <__sflush_r+0x26>
    800042c0:	5db8                	lw	a4,120(a1)
    800042c2:	0ae05b63          	blez	a4,80004378 <__sflush_r+0xd8>
    800042c6:	6838                	ld	a4,80(s0)
    800042c8:	cb45                	beqz	a4,80004378 <__sflush_r+0xd8>
    800042ca:	0004a903          	lw	s2,0(s1)
    800042ce:	03379693          	slli	a3,a5,0x33
    800042d2:	0004a023          	sw	zero,0(s1)
    800042d6:	7c0c                	ld	a1,56(s0)
    800042d8:	0606de63          	bgez	a3,80004354 <__sflush_r+0xb4>
    800042dc:	6c50                	ld	a2,152(s0)
    800042de:	01045783          	lhu	a5,16(s0)
    800042e2:	8b91                	andi	a5,a5,4
    800042e4:	c799                	beqz	a5,800042f2 <__sflush_r+0x52>
    800042e6:	441c                	lw	a5,8(s0)
    800042e8:	8e1d                	sub	a2,a2,a5
    800042ea:	703c                	ld	a5,96(s0)
    800042ec:	c399                	beqz	a5,800042f2 <__sflush_r+0x52>
    800042ee:	5c3c                	lw	a5,120(s0)
    800042f0:	8e1d                	sub	a2,a2,a5
    800042f2:	683c                	ld	a5,80(s0)
    800042f4:	7c0c                	ld	a1,56(s0)
    800042f6:	4681                	li	a3,0
    800042f8:	8526                	mv	a0,s1
    800042fa:	9782                	jalr	a5
    800042fc:	577d                	li	a4,-1
    800042fe:	01045783          	lhu	a5,16(s0)
    80004302:	00e51d63          	bne	a0,a4,8000431c <__sflush_r+0x7c>
    80004306:	4094                	lw	a3,0(s1)
    80004308:	4775                	li	a4,29
    8000430a:	06d76963          	bltu	a4,a3,8000437c <__sflush_r+0xdc>
    8000430e:	20400737          	lui	a4,0x20400
    80004312:	0705                	addi	a4,a4,1 # 20400001 <__heap_size+0x203e0001>
    80004314:	00d75733          	srl	a4,a4,a3
    80004318:	8b05                	andi	a4,a4,1
    8000431a:	c32d                	beqz	a4,8000437c <__sflush_r+0xdc>
    8000431c:	6c18                	ld	a4,24(s0)
    8000431e:	00042423          	sw	zero,8(s0)
    80004322:	e018                	sd	a4,0(s0)
    80004324:	03379713          	slli	a4,a5,0x33
    80004328:	00075863          	bgez	a4,80004338 <__sflush_r+0x98>
    8000432c:	57fd                	li	a5,-1
    8000432e:	00f51463          	bne	a0,a5,80004336 <__sflush_r+0x96>
    80004332:	409c                	lw	a5,0(s1)
    80004334:	e391                	bnez	a5,80004338 <__sflush_r+0x98>
    80004336:	ec48                	sd	a0,152(s0)
    80004338:	702c                	ld	a1,96(s0)
    8000433a:	0124a023          	sw	s2,0(s1)
    8000433e:	cd8d                	beqz	a1,80004378 <__sflush_r+0xd8>
    80004340:	07c40793          	addi	a5,s0,124
    80004344:	00f58563          	beq	a1,a5,8000434e <__sflush_r+0xae>
    80004348:	8526                	mv	a0,s1
    8000434a:	fecff0ef          	jal	80003b36 <_free_r>
    8000434e:	06043023          	sd	zero,96(s0)
    80004352:	a01d                	j	80004378 <__sflush_r+0xd8>
    80004354:	4601                	li	a2,0
    80004356:	4685                	li	a3,1
    80004358:	8526                	mv	a0,s1
    8000435a:	9702                	jalr	a4
    8000435c:	57fd                	li	a5,-1
    8000435e:	862a                	mv	a2,a0
    80004360:	f6f51fe3          	bne	a0,a5,800042de <__sflush_r+0x3e>
    80004364:	409c                	lw	a5,0(s1)
    80004366:	dfa5                	beqz	a5,800042de <__sflush_r+0x3e>
    80004368:	4775                	li	a4,29
    8000436a:	00e78563          	beq	a5,a4,80004374 <__sflush_r+0xd4>
    8000436e:	4759                	li	a4,22
    80004370:	04e79663          	bne	a5,a4,800043bc <__sflush_r+0x11c>
    80004374:	0124a023          	sw	s2,0(s1)
    80004378:	4501                	li	a0,0
    8000437a:	a881                	j	800043ca <__sflush_r+0x12a>
    8000437c:	0407e793          	ori	a5,a5,64
    80004380:	0107979b          	slliw	a5,a5,0x10
    80004384:	4107d79b          	sraiw	a5,a5,0x10
    80004388:	a835                	j	800043c4 <__sflush_r+0x124>
    8000438a:	0185b983          	ld	s3,24(a1)
    8000438e:	fe0985e3          	beqz	s3,80004378 <__sflush_r+0xd8>
    80004392:	0005b903          	ld	s2,0(a1)
    80004396:	8b8d                	andi	a5,a5,3
    80004398:	0135b023          	sd	s3,0(a1)
    8000439c:	4139093b          	subw	s2,s2,s3
    800043a0:	4701                	li	a4,0
    800043a2:	e391                	bnez	a5,800043a6 <__sflush_r+0x106>
    800043a4:	5198                	lw	a4,32(a1)
    800043a6:	c458                	sw	a4,12(s0)
    800043a8:	fd2058e3          	blez	s2,80004378 <__sflush_r+0xd8>
    800043ac:	643c                	ld	a5,72(s0)
    800043ae:	7c0c                	ld	a1,56(s0)
    800043b0:	86ca                	mv	a3,s2
    800043b2:	864e                	mv	a2,s3
    800043b4:	8526                	mv	a0,s1
    800043b6:	9782                	jalr	a5
    800043b8:	02a04063          	bgtz	a0,800043d8 <__sflush_r+0x138>
    800043bc:	01041783          	lh	a5,16(s0)
    800043c0:	0407e793          	ori	a5,a5,64
    800043c4:	00f41823          	sh	a5,16(s0)
    800043c8:	557d                	li	a0,-1
    800043ca:	70a2                	ld	ra,40(sp)
    800043cc:	7402                	ld	s0,32(sp)
    800043ce:	64e2                	ld	s1,24(sp)
    800043d0:	6942                	ld	s2,16(sp)
    800043d2:	69a2                	ld	s3,8(sp)
    800043d4:	6145                	addi	sp,sp,48
    800043d6:	8082                	ret
    800043d8:	99aa                	add	s3,s3,a0
    800043da:	40a9093b          	subw	s2,s2,a0
    800043de:	b7e9                	j	800043a8 <__sflush_r+0x108>

00000000800043e0 <_fflush_r>:
    800043e0:	6d9c                	ld	a5,24(a1)
    800043e2:	cb8d                	beqz	a5,80004414 <_fflush_r+0x34>
    800043e4:	1101                	addi	sp,sp,-32
    800043e6:	e822                	sd	s0,16(sp)
    800043e8:	ec06                	sd	ra,24(sp)
    800043ea:	842a                	mv	s0,a0
    800043ec:	c519                	beqz	a0,800043fa <_fflush_r+0x1a>
    800043ee:	613c                	ld	a5,64(a0)
    800043f0:	e789                	bnez	a5,800043fa <_fflush_r+0x1a>
    800043f2:	e42e                	sd	a1,8(sp)
    800043f4:	b50ff0ef          	jal	80003744 <__sinit>
    800043f8:	65a2                	ld	a1,8(sp)
    800043fa:	01059783          	lh	a5,16(a1)
    800043fe:	c791                	beqz	a5,8000440a <_fflush_r+0x2a>
    80004400:	8522                	mv	a0,s0
    80004402:	6442                	ld	s0,16(sp)
    80004404:	60e2                	ld	ra,24(sp)
    80004406:	6105                	addi	sp,sp,32
    80004408:	bd61                	j	800042a0 <__sflush_r>
    8000440a:	60e2                	ld	ra,24(sp)
    8000440c:	6442                	ld	s0,16(sp)
    8000440e:	4501                	li	a0,0
    80004410:	6105                	addi	sp,sp,32
    80004412:	8082                	ret
    80004414:	4501                	li	a0,0
    80004416:	8082                	ret

0000000080004418 <fflush>:
    80004418:	85aa                	mv	a1,a0
    8000441a:	ed19                	bnez	a0,80004438 <fflush+0x20>
    8000441c:	00001617          	auipc	a2,0x1
    80004420:	13460613          	addi	a2,a2,308 # 80005550 <__sglue>
    80004424:	00000597          	auipc	a1,0x0
    80004428:	fbc58593          	addi	a1,a1,-68 # 800043e0 <_fflush_r>
    8000442c:	00001517          	auipc	a0,0x1
    80004430:	13c50513          	addi	a0,a0,316 # 80005568 <_impure_data>
    80004434:	b9aff06f          	j	800037ce <_fwalk_sglue>
    80004438:	00001517          	auipc	a0,0x1
    8000443c:	1c053503          	ld	a0,448(a0) # 800055f8 <_impure_ptr>
    80004440:	b745                	j	800043e0 <_fflush_r>

0000000080004442 <__sfvwrite_r>:
    80004442:	6a1c                	ld	a5,16(a2)
    80004444:	e399                	bnez	a5,8000444a <__sfvwrite_r+0x8>
    80004446:	4501                	li	a0,0
    80004448:	8082                	ret
    8000444a:	0105d783          	lhu	a5,16(a1)
    8000444e:	7159                	addi	sp,sp,-112
    80004450:	f0a2                	sd	s0,96(sp)
    80004452:	e8ca                	sd	s2,80(sp)
    80004454:	e0d2                	sd	s4,64(sp)
    80004456:	f486                	sd	ra,104(sp)
    80004458:	eca6                	sd	s1,88(sp)
    8000445a:	e4ce                	sd	s3,72(sp)
    8000445c:	fc56                	sd	s5,56(sp)
    8000445e:	f85a                	sd	s6,48(sp)
    80004460:	f45e                	sd	s7,40(sp)
    80004462:	f062                	sd	s8,32(sp)
    80004464:	ec66                	sd	s9,24(sp)
    80004466:	e86a                	sd	s10,16(sp)
    80004468:	e46e                	sd	s11,8(sp)
    8000446a:	8ba1                	andi	a5,a5,8
    8000446c:	892a                	mv	s2,a0
    8000446e:	842e                	mv	s0,a1
    80004470:	8a32                	mv	s4,a2
    80004472:	cfc1                	beqz	a5,8000450a <__sfvwrite_r+0xc8>
    80004474:	6d9c                	ld	a5,24(a1)
    80004476:	cbd1                	beqz	a5,8000450a <__sfvwrite_r+0xc8>
    80004478:	01041783          	lh	a5,16(s0)
    8000447c:	000a3983          	ld	s3,0(s4)
    80004480:	0027f713          	andi	a4,a5,2
    80004484:	e765                	bnez	a4,8000456c <__sfvwrite_r+0x12a>
    80004486:	8b85                	andi	a5,a5,1
    80004488:	4a81                	li	s5,0
    8000448a:	16078063          	beqz	a5,800045ea <__sfvwrite_r+0x1a8>
    8000448e:	4501                	li	a0,0
    80004490:	4b81                	li	s7,0
    80004492:	4b01                	li	s6,0
    80004494:	240b0063          	beqz	s6,800046d4 <__sfvwrite_r+0x292>
    80004498:	e919                	bnez	a0,800044ae <__sfvwrite_r+0x6c>
    8000449a:	865a                	mv	a2,s6
    8000449c:	45a9                	li	a1,10
    8000449e:	855e                	mv	a0,s7
    800044a0:	3f0000ef          	jal	80004890 <memchr>
    800044a4:	22050f63          	beqz	a0,800046e2 <__sfvwrite_r+0x2a0>
    800044a8:	0505                	addi	a0,a0,1
    800044aa:	41750abb          	subw	s5,a0,s7
    800044ae:	8c56                	mv	s8,s5
    800044b0:	015b7363          	bgeu	s6,s5,800044b6 <__sfvwrite_r+0x74>
    800044b4:	8c5a                	mv	s8,s6
    800044b6:	6008                	ld	a0,0(s0)
    800044b8:	6c1c                	ld	a5,24(s0)
    800044ba:	4444                	lw	s1,12(s0)
    800044bc:	5014                	lw	a3,32(s0)
    800044be:	22a7f563          	bgeu	a5,a0,800046e8 <__sfvwrite_r+0x2a6>
    800044c2:	9cb5                	addw	s1,s1,a3
    800044c4:	2384d263          	bge	s1,s8,800046e8 <__sfvwrite_r+0x2a6>
    800044c8:	85de                	mv	a1,s7
    800044ca:	8626                	mv	a2,s1
    800044cc:	56e000ef          	jal	80004a3a <memmove>
    800044d0:	601c                	ld	a5,0(s0)
    800044d2:	85a2                	mv	a1,s0
    800044d4:	854a                	mv	a0,s2
    800044d6:	97a6                	add	a5,a5,s1
    800044d8:	e01c                	sd	a5,0(s0)
    800044da:	f07ff0ef          	jal	800043e0 <_fflush_r>
    800044de:	0e051f63          	bnez	a0,800045dc <__sfvwrite_r+0x19a>
    800044e2:	409a8abb          	subw	s5,s5,s1
    800044e6:	4505                	li	a0,1
    800044e8:	000a9763          	bnez	s5,800044f6 <__sfvwrite_r+0xb4>
    800044ec:	85a2                	mv	a1,s0
    800044ee:	854a                	mv	a0,s2
    800044f0:	ef1ff0ef          	jal	800043e0 <_fflush_r>
    800044f4:	e565                	bnez	a0,800045dc <__sfvwrite_r+0x19a>
    800044f6:	010a3783          	ld	a5,16(s4)
    800044fa:	9ba6                	add	s7,s7,s1
    800044fc:	409b0b33          	sub	s6,s6,s1
    80004500:	8f85                	sub	a5,a5,s1
    80004502:	00fa3823          	sd	a5,16(s4)
    80004506:	f7d9                	bnez	a5,80004494 <__sfvwrite_r+0x52>
    80004508:	a091                	j	8000454c <__sfvwrite_r+0x10a>
    8000450a:	85a2                	mv	a1,s0
    8000450c:	854a                	mv	a0,s2
    8000450e:	2b4000ef          	jal	800047c2 <__swsetup_r>
    80004512:	d13d                	beqz	a0,80004478 <__sfvwrite_r+0x36>
    80004514:	557d                	li	a0,-1
    80004516:	a825                	j	8000454e <__sfvwrite_r+0x10c>
    80004518:	0009ba83          	ld	s5,0(s3)
    8000451c:	0089b483          	ld	s1,8(s3)
    80004520:	09c1                	addi	s3,s3,16
    80004522:	643c                	ld	a5,72(s0)
    80004524:	7c0c                	ld	a1,56(s0)
    80004526:	d8ed                	beqz	s1,80004518 <__sfvwrite_r+0xd6>
    80004528:	86a6                	mv	a3,s1
    8000452a:	009b7363          	bgeu	s6,s1,80004530 <__sfvwrite_r+0xee>
    8000452e:	86da                	mv	a3,s6
    80004530:	2681                	sext.w	a3,a3
    80004532:	8656                	mv	a2,s5
    80004534:	854a                	mv	a0,s2
    80004536:	9782                	jalr	a5
    80004538:	0aa05263          	blez	a0,800045dc <__sfvwrite_r+0x19a>
    8000453c:	010a3783          	ld	a5,16(s4)
    80004540:	9aaa                	add	s5,s5,a0
    80004542:	8c89                	sub	s1,s1,a0
    80004544:	8f89                	sub	a5,a5,a0
    80004546:	00fa3823          	sd	a5,16(s4)
    8000454a:	ffe1                	bnez	a5,80004522 <__sfvwrite_r+0xe0>
    8000454c:	4501                	li	a0,0
    8000454e:	70a6                	ld	ra,104(sp)
    80004550:	7406                	ld	s0,96(sp)
    80004552:	64e6                	ld	s1,88(sp)
    80004554:	6946                	ld	s2,80(sp)
    80004556:	69a6                	ld	s3,72(sp)
    80004558:	6a06                	ld	s4,64(sp)
    8000455a:	7ae2                	ld	s5,56(sp)
    8000455c:	7b42                	ld	s6,48(sp)
    8000455e:	7ba2                	ld	s7,40(sp)
    80004560:	7c02                	ld	s8,32(sp)
    80004562:	6ce2                	ld	s9,24(sp)
    80004564:	6d42                	ld	s10,16(sp)
    80004566:	6da2                	ld	s11,8(sp)
    80004568:	6165                	addi	sp,sp,112
    8000456a:	8082                	ret
    8000456c:	80000b37          	lui	s6,0x80000
    80004570:	4a81                	li	s5,0
    80004572:	4481                	li	s1,0
    80004574:	c00b4b13          	xori	s6,s6,-1024
    80004578:	b76d                	j	80004522 <__sfvwrite_r+0xe0>
    8000457a:	0009ba83          	ld	s5,0(s3)
    8000457e:	0089bc83          	ld	s9,8(s3)
    80004582:	09c1                	addi	s3,s3,16
    80004584:	4444                	lw	s1,12(s0)
    80004586:	01041783          	lh	a5,16(s0)
    8000458a:	6008                	ld	a0,0(s0)
    8000458c:	8d26                	mv	s10,s1
    8000458e:	fe0c86e3          	beqz	s9,8000457a <__sfvwrite_r+0x138>
    80004592:	2007f713          	andi	a4,a5,512
    80004596:	c37d                	beqz	a4,8000467c <__sfvwrite_r+0x23a>
    80004598:	089ce763          	bltu	s9,s1,80004626 <__sfvwrite_r+0x1e4>
    8000459c:	4807f713          	andi	a4,a5,1152
    800045a0:	c359                	beqz	a4,80004626 <__sfvwrite_r+0x1e4>
    800045a2:	5004                	lw	s1,32(s0)
    800045a4:	6c0c                	ld	a1,24(s0)
    800045a6:	029b84bb          	mulw	s1,s7,s1
    800045aa:	8d0d                	sub	a0,a0,a1
    800045ac:	00050d9b          	sext.w	s11,a0
    800045b0:	001d8713          	addi	a4,s11,1
    800045b4:	9766                	add	a4,a4,s9
    800045b6:	0384c4bb          	divw	s1,s1,s8
    800045ba:	00e4f563          	bgeu	s1,a4,800045c4 <__sfvwrite_r+0x182>
    800045be:	2505                	addiw	a0,a0,1
    800045c0:	019504bb          	addw	s1,a0,s9
    800045c4:	4007f793          	andi	a5,a5,1024
    800045c8:	cbc9                	beqz	a5,8000465a <__sfvwrite_r+0x218>
    800045ca:	85a6                	mv	a1,s1
    800045cc:	854a                	mv	a0,s2
    800045ce:	e73fe0ef          	jal	80003440 <_malloc_r>
    800045d2:	8d2a                	mv	s10,a0
    800045d4:	e11d                	bnez	a0,800045fa <__sfvwrite_r+0x1b8>
    800045d6:	47b1                	li	a5,12
    800045d8:	00f92023          	sw	a5,0(s2)
    800045dc:	01045783          	lhu	a5,16(s0)
    800045e0:	0407e793          	ori	a5,a5,64
    800045e4:	00f41823          	sh	a5,16(s0)
    800045e8:	b735                	j	80004514 <__sfvwrite_r+0xd2>
    800045ea:	80000b37          	lui	s6,0x80000
    800045ee:	4c81                	li	s9,0
    800045f0:	fffb4b13          	not	s6,s6
    800045f4:	4b8d                	li	s7,3
    800045f6:	4c09                	li	s8,2
    800045f8:	b771                	j	80004584 <__sfvwrite_r+0x142>
    800045fa:	6c0c                	ld	a1,24(s0)
    800045fc:	866e                	mv	a2,s11
    800045fe:	462000ef          	jal	80004a60 <memcpy>
    80004602:	01045783          	lhu	a5,16(s0)
    80004606:	b7f7f793          	andi	a5,a5,-1153
    8000460a:	0807e793          	ori	a5,a5,128
    8000460e:	00f41823          	sh	a5,16(s0)
    80004612:	01a43c23          	sd	s10,24(s0)
    80004616:	d004                	sw	s1,32(s0)
    80004618:	9d6e                	add	s10,s10,s11
    8000461a:	41b484bb          	subw	s1,s1,s11
    8000461e:	01a43023          	sd	s10,0(s0)
    80004622:	c444                	sw	s1,12(s0)
    80004624:	8d66                	mv	s10,s9
    80004626:	84e6                	mv	s1,s9
    80004628:	01acf363          	bgeu	s9,s10,8000462e <__sfvwrite_r+0x1ec>
    8000462c:	8d66                	mv	s10,s9
    8000462e:	6008                	ld	a0,0(s0)
    80004630:	866a                	mv	a2,s10
    80004632:	85d6                	mv	a1,s5
    80004634:	406000ef          	jal	80004a3a <memmove>
    80004638:	445c                	lw	a5,12(s0)
    8000463a:	41a787bb          	subw	a5,a5,s10
    8000463e:	c45c                	sw	a5,12(s0)
    80004640:	601c                	ld	a5,0(s0)
    80004642:	97ea                	add	a5,a5,s10
    80004644:	e01c                	sd	a5,0(s0)
    80004646:	010a3783          	ld	a5,16(s4)
    8000464a:	9aa6                	add	s5,s5,s1
    8000464c:	409c8cb3          	sub	s9,s9,s1
    80004650:	8f85                	sub	a5,a5,s1
    80004652:	00fa3823          	sd	a5,16(s4)
    80004656:	f79d                	bnez	a5,80004584 <__sfvwrite_r+0x142>
    80004658:	bdd5                	j	8000454c <__sfvwrite_r+0x10a>
    8000465a:	8626                	mv	a2,s1
    8000465c:	854a                	mv	a0,s2
    8000465e:	418000ef          	jal	80004a76 <_realloc_r>
    80004662:	8d2a                	mv	s10,a0
    80004664:	f55d                	bnez	a0,80004612 <__sfvwrite_r+0x1d0>
    80004666:	6c0c                	ld	a1,24(s0)
    80004668:	854a                	mv	a0,s2
    8000466a:	cccff0ef          	jal	80003b36 <_free_r>
    8000466e:	01045783          	lhu	a5,16(s0)
    80004672:	f7f7f793          	andi	a5,a5,-129
    80004676:	00f41823          	sh	a5,16(s0)
    8000467a:	bfb1                	j	800045d6 <__sfvwrite_r+0x194>
    8000467c:	6c1c                	ld	a5,24(s0)
    8000467e:	00a7e563          	bltu	a5,a0,80004688 <__sfvwrite_r+0x246>
    80004682:	5014                	lw	a3,32(s0)
    80004684:	02dcf763          	bgeu	s9,a3,800046b2 <__sfvwrite_r+0x270>
    80004688:	009cf363          	bgeu	s9,s1,8000468e <__sfvwrite_r+0x24c>
    8000468c:	84e6                	mv	s1,s9
    8000468e:	8626                	mv	a2,s1
    80004690:	85d6                	mv	a1,s5
    80004692:	3a8000ef          	jal	80004a3a <memmove>
    80004696:	445c                	lw	a5,12(s0)
    80004698:	4097873b          	subw	a4,a5,s1
    8000469c:	601c                	ld	a5,0(s0)
    8000469e:	c458                	sw	a4,12(s0)
    800046a0:	97a6                	add	a5,a5,s1
    800046a2:	e01c                	sd	a5,0(s0)
    800046a4:	f34d                	bnez	a4,80004646 <__sfvwrite_r+0x204>
    800046a6:	85a2                	mv	a1,s0
    800046a8:	854a                	mv	a0,s2
    800046aa:	d37ff0ef          	jal	800043e0 <_fflush_r>
    800046ae:	dd41                	beqz	a0,80004646 <__sfvwrite_r+0x204>
    800046b0:	b735                	j	800045dc <__sfvwrite_r+0x19a>
    800046b2:	87e6                	mv	a5,s9
    800046b4:	019b7363          	bgeu	s6,s9,800046ba <__sfvwrite_r+0x278>
    800046b8:	87da                	mv	a5,s6
    800046ba:	02d7c7bb          	divw	a5,a5,a3
    800046be:	6438                	ld	a4,72(s0)
    800046c0:	7c0c                	ld	a1,56(s0)
    800046c2:	8656                	mv	a2,s5
    800046c4:	854a                	mv	a0,s2
    800046c6:	02d786bb          	mulw	a3,a5,a3
    800046ca:	9702                	jalr	a4
    800046cc:	84aa                	mv	s1,a0
    800046ce:	f6a04ce3          	bgtz	a0,80004646 <__sfvwrite_r+0x204>
    800046d2:	b729                	j	800045dc <__sfvwrite_r+0x19a>
    800046d4:	0009bb83          	ld	s7,0(s3)
    800046d8:	0089bb03          	ld	s6,8(s3)
    800046dc:	4501                	li	a0,0
    800046de:	09c1                	addi	s3,s3,16
    800046e0:	bb55                	j	80004494 <__sfvwrite_r+0x52>
    800046e2:	001b0a9b          	addiw	s5,s6,1 # ffffffff80000001 <__heap_end+0xfffffffefffd8001>
    800046e6:	b3e1                	j	800044ae <__sfvwrite_r+0x6c>
    800046e8:	00dc4b63          	blt	s8,a3,800046fe <__sfvwrite_r+0x2bc>
    800046ec:	643c                	ld	a5,72(s0)
    800046ee:	7c0c                	ld	a1,56(s0)
    800046f0:	865e                	mv	a2,s7
    800046f2:	854a                	mv	a0,s2
    800046f4:	9782                	jalr	a5
    800046f6:	84aa                	mv	s1,a0
    800046f8:	dea045e3          	bgtz	a0,800044e2 <__sfvwrite_r+0xa0>
    800046fc:	b5c5                	j	800045dc <__sfvwrite_r+0x19a>
    800046fe:	8662                	mv	a2,s8
    80004700:	85de                	mv	a1,s7
    80004702:	338000ef          	jal	80004a3a <memmove>
    80004706:	445c                	lw	a5,12(s0)
    80004708:	84e2                	mv	s1,s8
    8000470a:	418787bb          	subw	a5,a5,s8
    8000470e:	c45c                	sw	a5,12(s0)
    80004710:	601c                	ld	a5,0(s0)
    80004712:	97e2                	add	a5,a5,s8
    80004714:	e01c                	sd	a5,0(s0)
    80004716:	b3f1                	j	800044e2 <__sfvwrite_r+0xa0>

0000000080004718 <__swbuf_r>:
    80004718:	7179                	addi	sp,sp,-48
    8000471a:	f022                	sd	s0,32(sp)
    8000471c:	ec26                	sd	s1,24(sp)
    8000471e:	e84a                	sd	s2,16(sp)
    80004720:	f406                	sd	ra,40(sp)
    80004722:	e44e                	sd	s3,8(sp)
    80004724:	892a                	mv	s2,a0
    80004726:	84ae                	mv	s1,a1
    80004728:	8432                	mv	s0,a2
    8000472a:	c509                	beqz	a0,80004734 <__swbuf_r+0x1c>
    8000472c:	613c                	ld	a5,64(a0)
    8000472e:	e399                	bnez	a5,80004734 <__swbuf_r+0x1c>
    80004730:	814ff0ef          	jal	80003744 <__sinit>
    80004734:	541c                	lw	a5,40(s0)
    80004736:	c45c                	sw	a5,12(s0)
    80004738:	01045783          	lhu	a5,16(s0)
    8000473c:	8ba1                	andi	a5,a5,8
    8000473e:	c399                	beqz	a5,80004744 <__swbuf_r+0x2c>
    80004740:	6c1c                	ld	a5,24(s0)
    80004742:	ef99                	bnez	a5,80004760 <__swbuf_r+0x48>
    80004744:	85a2                	mv	a1,s0
    80004746:	854a                	mv	a0,s2
    80004748:	07a000ef          	jal	800047c2 <__swsetup_r>
    8000474c:	c911                	beqz	a0,80004760 <__swbuf_r+0x48>
    8000474e:	54fd                	li	s1,-1
    80004750:	70a2                	ld	ra,40(sp)
    80004752:	7402                	ld	s0,32(sp)
    80004754:	6942                	ld	s2,16(sp)
    80004756:	69a2                	ld	s3,8(sp)
    80004758:	8526                	mv	a0,s1
    8000475a:	64e2                	ld	s1,24(sp)
    8000475c:	6145                	addi	sp,sp,48
    8000475e:	8082                	ret
    80004760:	601c                	ld	a5,0(s0)
    80004762:	6c18                	ld	a4,24(s0)
    80004764:	0ff4f993          	zext.b	s3,s1
    80004768:	84ce                	mv	s1,s3
    8000476a:	40e7853b          	subw	a0,a5,a4
    8000476e:	501c                	lw	a5,32(s0)
    80004770:	00f54763          	blt	a0,a5,8000477e <__swbuf_r+0x66>
    80004774:	85a2                	mv	a1,s0
    80004776:	854a                	mv	a0,s2
    80004778:	c69ff0ef          	jal	800043e0 <_fflush_r>
    8000477c:	f969                	bnez	a0,8000474e <__swbuf_r+0x36>
    8000477e:	445c                	lw	a5,12(s0)
    80004780:	37fd                	addiw	a5,a5,-1
    80004782:	c45c                	sw	a5,12(s0)
    80004784:	601c                	ld	a5,0(s0)
    80004786:	00178713          	addi	a4,a5,1
    8000478a:	e018                	sd	a4,0(s0)
    8000478c:	01378023          	sb	s3,0(a5)
    80004790:	5018                	lw	a4,32(s0)
    80004792:	0015079b          	addiw	a5,a0,1
    80004796:	00f70963          	beq	a4,a5,800047a8 <__swbuf_r+0x90>
    8000479a:	01045783          	lhu	a5,16(s0)
    8000479e:	8b85                	andi	a5,a5,1
    800047a0:	dbc5                	beqz	a5,80004750 <__swbuf_r+0x38>
    800047a2:	47a9                	li	a5,10
    800047a4:	faf496e3          	bne	s1,a5,80004750 <__swbuf_r+0x38>
    800047a8:	85a2                	mv	a1,s0
    800047aa:	854a                	mv	a0,s2
    800047ac:	c35ff0ef          	jal	800043e0 <_fflush_r>
    800047b0:	d145                	beqz	a0,80004750 <__swbuf_r+0x38>
    800047b2:	bf71                	j	8000474e <__swbuf_r+0x36>

00000000800047b4 <__swbuf>:
    800047b4:	862e                	mv	a2,a1
    800047b6:	85aa                	mv	a1,a0
    800047b8:	00001517          	auipc	a0,0x1
    800047bc:	e4053503          	ld	a0,-448(a0) # 800055f8 <_impure_ptr>
    800047c0:	bfa1                	j	80004718 <__swbuf_r>

00000000800047c2 <__swsetup_r>:
    800047c2:	1101                	addi	sp,sp,-32
    800047c4:	e822                	sd	s0,16(sp)
    800047c6:	e426                	sd	s1,8(sp)
    800047c8:	ec06                	sd	ra,24(sp)
    800047ca:	84aa                	mv	s1,a0
    800047cc:	00001517          	auipc	a0,0x1
    800047d0:	e2c53503          	ld	a0,-468(a0) # 800055f8 <_impure_ptr>
    800047d4:	842e                	mv	s0,a1
    800047d6:	c509                	beqz	a0,800047e0 <__swsetup_r+0x1e>
    800047d8:	613c                	ld	a5,64(a0)
    800047da:	e399                	bnez	a5,800047e0 <__swsetup_r+0x1e>
    800047dc:	f69fe0ef          	jal	80003744 <__sinit>
    800047e0:	01041783          	lh	a5,16(s0)
    800047e4:	0087f713          	andi	a4,a5,8
    800047e8:	eb29                	bnez	a4,8000483a <__swsetup_r+0x78>
    800047ea:	0107f713          	andi	a4,a5,16
    800047ee:	eb09                	bnez	a4,80004800 <__swsetup_r+0x3e>
    800047f0:	4725                	li	a4,9
    800047f2:	c098                	sw	a4,0(s1)
    800047f4:	0407e793          	ori	a5,a5,64
    800047f8:	00f41823          	sh	a5,16(s0)
    800047fc:	557d                	li	a0,-1
    800047fe:	a8ad                	j	80004878 <__swsetup_r+0xb6>
    80004800:	8b91                	andi	a5,a5,4
    80004802:	c795                	beqz	a5,8000482e <__swsetup_r+0x6c>
    80004804:	702c                	ld	a1,96(s0)
    80004806:	c991                	beqz	a1,8000481a <__swsetup_r+0x58>
    80004808:	07c40793          	addi	a5,s0,124
    8000480c:	00f58563          	beq	a1,a5,80004816 <__swsetup_r+0x54>
    80004810:	8526                	mv	a0,s1
    80004812:	b24ff0ef          	jal	80003b36 <_free_r>
    80004816:	06043023          	sd	zero,96(s0)
    8000481a:	01045783          	lhu	a5,16(s0)
    8000481e:	00042423          	sw	zero,8(s0)
    80004822:	fdb7f793          	andi	a5,a5,-37
    80004826:	00f41823          	sh	a5,16(s0)
    8000482a:	6c1c                	ld	a5,24(s0)
    8000482c:	e01c                	sd	a5,0(s0)
    8000482e:	01045783          	lhu	a5,16(s0)
    80004832:	0087e793          	ori	a5,a5,8
    80004836:	00f41823          	sh	a5,16(s0)
    8000483a:	6c1c                	ld	a5,24(s0)
    8000483c:	ef89                	bnez	a5,80004856 <__swsetup_r+0x94>
    8000483e:	01045783          	lhu	a5,16(s0)
    80004842:	20000713          	li	a4,512
    80004846:	2807f793          	andi	a5,a5,640
    8000484a:	00e78663          	beq	a5,a4,80004856 <__swsetup_r+0x94>
    8000484e:	85a2                	mv	a1,s0
    80004850:	8526                	mv	a0,s1
    80004852:	300000ef          	jal	80004b52 <__smakebuf_r>
    80004856:	01041783          	lh	a5,16(s0)
    8000485a:	0017f713          	andi	a4,a5,1
    8000485e:	c315                	beqz	a4,80004882 <__swsetup_r+0xc0>
    80004860:	5018                	lw	a4,32(s0)
    80004862:	00042623          	sw	zero,12(s0)
    80004866:	40e0073b          	negw	a4,a4
    8000486a:	d418                	sw	a4,40(s0)
    8000486c:	6c18                	ld	a4,24(s0)
    8000486e:	4501                	li	a0,0
    80004870:	e701                	bnez	a4,80004878 <__swsetup_r+0xb6>
    80004872:	0807f713          	andi	a4,a5,128
    80004876:	ff3d                	bnez	a4,800047f4 <__swsetup_r+0x32>
    80004878:	60e2                	ld	ra,24(sp)
    8000487a:	6442                	ld	s0,16(sp)
    8000487c:	64a2                	ld	s1,8(sp)
    8000487e:	6105                	addi	sp,sp,32
    80004880:	8082                	ret
    80004882:	0027f713          	andi	a4,a5,2
    80004886:	4681                	li	a3,0
    80004888:	e311                	bnez	a4,8000488c <__swsetup_r+0xca>
    8000488a:	5014                	lw	a3,32(s0)
    8000488c:	c454                	sw	a3,12(s0)
    8000488e:	bff9                	j	8000486c <__swsetup_r+0xaa>

0000000080004890 <memchr>:
    80004890:	0ff5f593          	zext.b	a1,a1
    80004894:	962a                	add	a2,a2,a0
    80004896:	00c51463          	bne	a0,a2,8000489e <memchr+0xe>
    8000489a:	4501                	li	a0,0
    8000489c:	8082                	ret
    8000489e:	00054783          	lbu	a5,0(a0)
    800048a2:	feb78de3          	beq	a5,a1,8000489c <memchr+0xc>
    800048a6:	0505                	addi	a0,a0,1
    800048a8:	b7fd                	j	80004896 <memchr+0x6>

00000000800048aa <_init_signal_r>:
    800048aa:	793c                	ld	a5,112(a0)
    800048ac:	eb95                	bnez	a5,800048e0 <_init_signal_r+0x36>
    800048ae:	1141                	addi	sp,sp,-16
    800048b0:	10000593          	li	a1,256
    800048b4:	e022                	sd	s0,0(sp)
    800048b6:	e406                	sd	ra,8(sp)
    800048b8:	842a                	mv	s0,a0
    800048ba:	b87fe0ef          	jal	80003440 <_malloc_r>
    800048be:	87aa                	mv	a5,a0
    800048c0:	f828                	sd	a0,112(s0)
    800048c2:	557d                	li	a0,-1
    800048c4:	cb91                	beqz	a5,800048d8 <_init_signal_r+0x2e>
    800048c6:	853e                	mv	a0,a5
    800048c8:	10078793          	addi	a5,a5,256
    800048cc:	00053023          	sd	zero,0(a0)
    800048d0:	0521                	addi	a0,a0,8
    800048d2:	fef51de3          	bne	a0,a5,800048cc <_init_signal_r+0x22>
    800048d6:	4501                	li	a0,0
    800048d8:	60a2                	ld	ra,8(sp)
    800048da:	6402                	ld	s0,0(sp)
    800048dc:	0141                	addi	sp,sp,16
    800048de:	8082                	ret
    800048e0:	4501                	li	a0,0
    800048e2:	8082                	ret

00000000800048e4 <_signal_r>:
    800048e4:	1101                	addi	sp,sp,-32
    800048e6:	e426                	sd	s1,8(sp)
    800048e8:	ec06                	sd	ra,24(sp)
    800048ea:	e822                	sd	s0,16(sp)
    800048ec:	e04a                	sd	s2,0(sp)
    800048ee:	47fd                	li	a5,31
    800048f0:	84aa                	mv	s1,a0
    800048f2:	00b7f663          	bgeu	a5,a1,800048fe <_signal_r+0x1a>
    800048f6:	47d9                	li	a5,22
    800048f8:	c11c                	sw	a5,0(a0)
    800048fa:	557d                	li	a0,-1
    800048fc:	a819                	j	80004912 <_signal_r+0x2e>
    800048fe:	793c                	ld	a5,112(a0)
    80004900:	842e                	mv	s0,a1
    80004902:	8932                	mv	s2,a2
    80004904:	cf89                	beqz	a5,8000491e <_signal_r+0x3a>
    80004906:	78bc                	ld	a5,112(s1)
    80004908:	040e                	slli	s0,s0,0x3
    8000490a:	97a2                	add	a5,a5,s0
    8000490c:	6388                	ld	a0,0(a5)
    8000490e:	0127b023          	sd	s2,0(a5)
    80004912:	60e2                	ld	ra,24(sp)
    80004914:	6442                	ld	s0,16(sp)
    80004916:	64a2                	ld	s1,8(sp)
    80004918:	6902                	ld	s2,0(sp)
    8000491a:	6105                	addi	sp,sp,32
    8000491c:	8082                	ret
    8000491e:	f8dff0ef          	jal	800048aa <_init_signal_r>
    80004922:	d175                	beqz	a0,80004906 <_signal_r+0x22>
    80004924:	bfd9                	j	800048fa <_signal_r+0x16>

0000000080004926 <_raise_r>:
    80004926:	1101                	addi	sp,sp,-32
    80004928:	e822                	sd	s0,16(sp)
    8000492a:	ec06                	sd	ra,24(sp)
    8000492c:	47fd                	li	a5,31
    8000492e:	842a                	mv	s0,a0
    80004930:	00b7f963          	bgeu	a5,a1,80004942 <_raise_r+0x1c>
    80004934:	47d9                	li	a5,22
    80004936:	c11c                	sw	a5,0(a0)
    80004938:	557d                	li	a0,-1
    8000493a:	60e2                	ld	ra,24(sp)
    8000493c:	6442                	ld	s0,16(sp)
    8000493e:	6105                	addi	sp,sp,32
    80004940:	8082                	ret
    80004942:	793c                	ld	a5,112(a0)
    80004944:	862e                	mv	a2,a1
    80004946:	c791                	beqz	a5,80004952 <_raise_r+0x2c>
    80004948:	00359713          	slli	a4,a1,0x3
    8000494c:	97ba                	add	a5,a5,a4
    8000494e:	6398                	ld	a4,0(a5)
    80004950:	ef01                	bnez	a4,80004968 <_raise_r+0x42>
    80004952:	8522                	mv	a0,s0
    80004954:	e432                	sd	a2,8(sp)
    80004956:	0e2000ef          	jal	80004a38 <_getpid_r>
    8000495a:	85aa                	mv	a1,a0
    8000495c:	8522                	mv	a0,s0
    8000495e:	6442                	ld	s0,16(sp)
    80004960:	6622                	ld	a2,8(sp)
    80004962:	60e2                	ld	ra,24(sp)
    80004964:	6105                	addi	sp,sp,32
    80004966:	a065                	j	80004a0e <_kill_r>
    80004968:	4685                	li	a3,1
    8000496a:	00d70d63          	beq	a4,a3,80004984 <_raise_r+0x5e>
    8000496e:	56fd                	li	a3,-1
    80004970:	00d71663          	bne	a4,a3,8000497c <_raise_r+0x56>
    80004974:	47d9                	li	a5,22
    80004976:	c11c                	sw	a5,0(a0)
    80004978:	4505                	li	a0,1
    8000497a:	b7c1                	j	8000493a <_raise_r+0x14>
    8000497c:	0007b023          	sd	zero,0(a5)
    80004980:	852e                	mv	a0,a1
    80004982:	9702                	jalr	a4
    80004984:	4501                	li	a0,0
    80004986:	bf55                	j	8000493a <_raise_r+0x14>

0000000080004988 <__sigtramp_r>:
    80004988:	47fd                	li	a5,31
    8000498a:	00b7f463          	bgeu	a5,a1,80004992 <__sigtramp_r+0xa>
    8000498e:	557d                	li	a0,-1
    80004990:	8082                	ret
    80004992:	793c                	ld	a5,112(a0)
    80004994:	1101                	addi	sp,sp,-32
    80004996:	e822                	sd	s0,16(sp)
    80004998:	e426                	sd	s1,8(sp)
    8000499a:	ec06                	sd	ra,24(sp)
    8000499c:	84aa                	mv	s1,a0
    8000499e:	842e                	mv	s0,a1
    800049a0:	c795                	beqz	a5,800049cc <__sigtramp_r+0x44>
    800049a2:	78b8                	ld	a4,112(s1)
    800049a4:	00341793          	slli	a5,s0,0x3
    800049a8:	4505                	li	a0,1
    800049aa:	973e                	add	a4,a4,a5
    800049ac:	631c                	ld	a5,0(a4)
    800049ae:	c39d                	beqz	a5,800049d4 <__sigtramp_r+0x4c>
    800049b0:	56fd                	li	a3,-1
    800049b2:	4509                	li	a0,2
    800049b4:	02d78063          	beq	a5,a3,800049d4 <__sigtramp_r+0x4c>
    800049b8:	4685                	li	a3,1
    800049ba:	450d                	li	a0,3
    800049bc:	00d78c63          	beq	a5,a3,800049d4 <__sigtramp_r+0x4c>
    800049c0:	8522                	mv	a0,s0
    800049c2:	00073023          	sd	zero,0(a4)
    800049c6:	9782                	jalr	a5
    800049c8:	4501                	li	a0,0
    800049ca:	a029                	j	800049d4 <__sigtramp_r+0x4c>
    800049cc:	edfff0ef          	jal	800048aa <_init_signal_r>
    800049d0:	d969                	beqz	a0,800049a2 <__sigtramp_r+0x1a>
    800049d2:	557d                	li	a0,-1
    800049d4:	60e2                	ld	ra,24(sp)
    800049d6:	6442                	ld	s0,16(sp)
    800049d8:	64a2                	ld	s1,8(sp)
    800049da:	6105                	addi	sp,sp,32
    800049dc:	8082                	ret

00000000800049de <raise>:
    800049de:	85aa                	mv	a1,a0
    800049e0:	00001517          	auipc	a0,0x1
    800049e4:	c1853503          	ld	a0,-1000(a0) # 800055f8 <_impure_ptr>
    800049e8:	bf3d                	j	80004926 <_raise_r>

00000000800049ea <signal>:
    800049ea:	862e                	mv	a2,a1
    800049ec:	85aa                	mv	a1,a0
    800049ee:	00001517          	auipc	a0,0x1
    800049f2:	c0a53503          	ld	a0,-1014(a0) # 800055f8 <_impure_ptr>
    800049f6:	b5fd                	j	800048e4 <_signal_r>

00000000800049f8 <_init_signal>:
    800049f8:	00001517          	auipc	a0,0x1
    800049fc:	c0053503          	ld	a0,-1024(a0) # 800055f8 <_impure_ptr>
    80004a00:	b56d                	j	800048aa <_init_signal_r>

0000000080004a02 <__sigtramp>:
    80004a02:	85aa                	mv	a1,a0
    80004a04:	00001517          	auipc	a0,0x1
    80004a08:	bf453503          	ld	a0,-1036(a0) # 800055f8 <_impure_ptr>
    80004a0c:	bfb5                	j	80004988 <__sigtramp_r>

0000000080004a0e <_kill_r>:
    80004a0e:	1141                	addi	sp,sp,-16
    80004a10:	e022                	sd	s0,0(sp)
    80004a12:	842a                	mv	s0,a0
    80004a14:	852e                	mv	a0,a1
    80004a16:	85b2                	mv	a1,a2
    80004a18:	8601a823          	sw	zero,-1936(gp) # 80005668 <errno>
    80004a1c:	e406                	sd	ra,8(sp)
    80004a1e:	292000ef          	jal	80004cb0 <_kill>
    80004a22:	57fd                	li	a5,-1
    80004a24:	00f51663          	bne	a0,a5,80004a30 <_kill_r+0x22>
    80004a28:	8701a783          	lw	a5,-1936(gp) # 80005668 <errno>
    80004a2c:	c391                	beqz	a5,80004a30 <_kill_r+0x22>
    80004a2e:	c01c                	sw	a5,0(s0)
    80004a30:	60a2                	ld	ra,8(sp)
    80004a32:	6402                	ld	s0,0(sp)
    80004a34:	0141                	addi	sp,sp,16
    80004a36:	8082                	ret

0000000080004a38 <_getpid_r>:
    80004a38:	a4b5                	j	80004ca4 <_getpid>

0000000080004a3a <memmove>:
    80004a3a:	c215                	beqz	a2,80004a5e <memmove+0x24>
    80004a3c:	832a                	mv	t1,a0
    80004a3e:	4685                	li	a3,1
    80004a40:	00b56763          	bltu	a0,a1,80004a4e <memmove+0x14>
    80004a44:	56fd                	li	a3,-1
    80004a46:	fff60713          	addi	a4,a2,-1
    80004a4a:	933a                	add	t1,t1,a4
    80004a4c:	95ba                	add	a1,a1,a4
    80004a4e:	00058383          	lb	t2,0(a1)
    80004a52:	00730023          	sb	t2,0(t1)
    80004a56:	167d                	addi	a2,a2,-1
    80004a58:	9336                	add	t1,t1,a3
    80004a5a:	95b6                	add	a1,a1,a3
    80004a5c:	fa6d                	bnez	a2,80004a4e <memmove+0x14>
    80004a5e:	8082                	ret

0000000080004a60 <memcpy>:
    80004a60:	832a                	mv	t1,a0
    80004a62:	ca09                	beqz	a2,80004a74 <memcpy+0x14>
    80004a64:	00058383          	lb	t2,0(a1)
    80004a68:	00730023          	sb	t2,0(t1)
    80004a6c:	167d                	addi	a2,a2,-1
    80004a6e:	0305                	addi	t1,t1,1
    80004a70:	0585                	addi	a1,a1,1
    80004a72:	fa6d                	bnez	a2,80004a64 <memcpy+0x4>
    80004a74:	8082                	ret

0000000080004a76 <_realloc_r>:
    80004a76:	7179                	addi	sp,sp,-48
    80004a78:	f022                	sd	s0,32(sp)
    80004a7a:	f406                	sd	ra,40(sp)
    80004a7c:	ec26                	sd	s1,24(sp)
    80004a7e:	e84a                	sd	s2,16(sp)
    80004a80:	e44e                	sd	s3,8(sp)
    80004a82:	e052                	sd	s4,0(sp)
    80004a84:	8432                	mv	s0,a2
    80004a86:	e999                	bnez	a1,80004a9c <_realloc_r+0x26>
    80004a88:	7402                	ld	s0,32(sp)
    80004a8a:	70a2                	ld	ra,40(sp)
    80004a8c:	64e2                	ld	s1,24(sp)
    80004a8e:	6942                	ld	s2,16(sp)
    80004a90:	69a2                	ld	s3,8(sp)
    80004a92:	6a02                	ld	s4,0(sp)
    80004a94:	85b2                	mv	a1,a2
    80004a96:	6145                	addi	sp,sp,48
    80004a98:	9a9fe06f          	j	80003440 <_malloc_r>
    80004a9c:	ee09                	bnez	a2,80004ab6 <_realloc_r+0x40>
    80004a9e:	898ff0ef          	jal	80003b36 <_free_r>
    80004aa2:	4481                	li	s1,0
    80004aa4:	70a2                	ld	ra,40(sp)
    80004aa6:	7402                	ld	s0,32(sp)
    80004aa8:	6942                	ld	s2,16(sp)
    80004aaa:	69a2                	ld	s3,8(sp)
    80004aac:	6a02                	ld	s4,0(sp)
    80004aae:	8526                	mv	a0,s1
    80004ab0:	64e2                	ld	s1,24(sp)
    80004ab2:	6145                	addi	sp,sp,48
    80004ab4:	8082                	ret
    80004ab6:	8a2a                	mv	s4,a0
    80004ab8:	84ae                	mv	s1,a1
    80004aba:	188000ef          	jal	80004c42 <_malloc_usable_size_r>
    80004abe:	892a                	mv	s2,a0
    80004ac0:	00856663          	bltu	a0,s0,80004acc <_realloc_r+0x56>
    80004ac4:	00155793          	srli	a5,a0,0x1
    80004ac8:	fc87eee3          	bltu	a5,s0,80004aa4 <_realloc_r+0x2e>
    80004acc:	85a2                	mv	a1,s0
    80004ace:	8552                	mv	a0,s4
    80004ad0:	971fe0ef          	jal	80003440 <_malloc_r>
    80004ad4:	89aa                	mv	s3,a0
    80004ad6:	e119                	bnez	a0,80004adc <_realloc_r+0x66>
    80004ad8:	84ce                	mv	s1,s3
    80004ada:	b7e9                	j	80004aa4 <_realloc_r+0x2e>
    80004adc:	8622                	mv	a2,s0
    80004ade:	00897363          	bgeu	s2,s0,80004ae4 <_realloc_r+0x6e>
    80004ae2:	864a                	mv	a2,s2
    80004ae4:	85a6                	mv	a1,s1
    80004ae6:	854e                	mv	a0,s3
    80004ae8:	f79ff0ef          	jal	80004a60 <memcpy>
    80004aec:	85a6                	mv	a1,s1
    80004aee:	8552                	mv	a0,s4
    80004af0:	846ff0ef          	jal	80003b36 <_free_r>
    80004af4:	b7d5                	j	80004ad8 <_realloc_r+0x62>

0000000080004af6 <__swhatbuf_r>:
    80004af6:	7175                	addi	sp,sp,-144
    80004af8:	e122                	sd	s0,128(sp)
    80004afa:	842e                	mv	s0,a1
    80004afc:	01259583          	lh	a1,18(a1)
    80004b00:	fca6                	sd	s1,120(sp)
    80004b02:	f8ca                	sd	s2,112(sp)
    80004b04:	e506                	sd	ra,136(sp)
    80004b06:	84b2                	mv	s1,a2
    80004b08:	8936                	mv	s2,a3
    80004b0a:	0205d363          	bgez	a1,80004b30 <__swhatbuf_r+0x3a>
    80004b0e:	01045783          	lhu	a5,16(s0)
    80004b12:	0807f793          	andi	a5,a5,128
    80004b16:	eb95                	bnez	a5,80004b4a <__swhatbuf_r+0x54>
    80004b18:	40000713          	li	a4,1024
    80004b1c:	60aa                	ld	ra,136(sp)
    80004b1e:	640a                	ld	s0,128(sp)
    80004b20:	00f92023          	sw	a5,0(s2)
    80004b24:	e098                	sd	a4,0(s1)
    80004b26:	7946                	ld	s2,112(sp)
    80004b28:	74e6                	ld	s1,120(sp)
    80004b2a:	4501                	li	a0,0
    80004b2c:	6149                	addi	sp,sp,144
    80004b2e:	8082                	ret
    80004b30:	0030                	addi	a2,sp,8
    80004b32:	0be000ef          	jal	80004bf0 <_fstat_r>
    80004b36:	fc054ce3          	bltz	a0,80004b0e <__swhatbuf_r+0x18>
    80004b3a:	47b2                	lw	a5,12(sp)
    80004b3c:	673d                	lui	a4,0xf
    80004b3e:	8ff9                	and	a5,a5,a4
    80004b40:	6709                	lui	a4,0x2
    80004b42:	8f99                	sub	a5,a5,a4
    80004b44:	0017b793          	seqz	a5,a5
    80004b48:	bfc1                	j	80004b18 <__swhatbuf_r+0x22>
    80004b4a:	4781                	li	a5,0
    80004b4c:	04000713          	li	a4,64
    80004b50:	b7f1                	j	80004b1c <__swhatbuf_r+0x26>

0000000080004b52 <__smakebuf_r>:
    80004b52:	0105d783          	lhu	a5,16(a1)
    80004b56:	7139                	addi	sp,sp,-64
    80004b58:	f822                	sd	s0,48(sp)
    80004b5a:	fc06                	sd	ra,56(sp)
    80004b5c:	f426                	sd	s1,40(sp)
    80004b5e:	f04a                	sd	s2,32(sp)
    80004b60:	ec4e                	sd	s3,24(sp)
    80004b62:	8b89                	andi	a5,a5,2
    80004b64:	842e                	mv	s0,a1
    80004b66:	cf91                	beqz	a5,80004b82 <__smakebuf_r+0x30>
    80004b68:	07f40793          	addi	a5,s0,127
    80004b6c:	e01c                	sd	a5,0(s0)
    80004b6e:	ec1c                	sd	a5,24(s0)
    80004b70:	4785                	li	a5,1
    80004b72:	d01c                	sw	a5,32(s0)
    80004b74:	70e2                	ld	ra,56(sp)
    80004b76:	7442                	ld	s0,48(sp)
    80004b78:	74a2                	ld	s1,40(sp)
    80004b7a:	7902                	ld	s2,32(sp)
    80004b7c:	69e2                	ld	s3,24(sp)
    80004b7e:	6121                	addi	sp,sp,64
    80004b80:	8082                	ret
    80004b82:	0054                	addi	a3,sp,4
    80004b84:	0030                	addi	a2,sp,8
    80004b86:	84aa                	mv	s1,a0
    80004b88:	f6fff0ef          	jal	80004af6 <__swhatbuf_r>
    80004b8c:	69a2                	ld	s3,8(sp)
    80004b8e:	892a                	mv	s2,a0
    80004b90:	8526                	mv	a0,s1
    80004b92:	85ce                	mv	a1,s3
    80004b94:	8adfe0ef          	jal	80003440 <_malloc_r>
    80004b98:	ed01                	bnez	a0,80004bb0 <__smakebuf_r+0x5e>
    80004b9a:	01041783          	lh	a5,16(s0)
    80004b9e:	2007f713          	andi	a4,a5,512
    80004ba2:	fb69                	bnez	a4,80004b74 <__smakebuf_r+0x22>
    80004ba4:	9bf1                	andi	a5,a5,-4
    80004ba6:	0027e793          	ori	a5,a5,2
    80004baa:	00f41823          	sh	a5,16(s0)
    80004bae:	bf6d                	j	80004b68 <__smakebuf_r+0x16>
    80004bb0:	01045783          	lhu	a5,16(s0)
    80004bb4:	e008                	sd	a0,0(s0)
    80004bb6:	ec08                	sd	a0,24(s0)
    80004bb8:	0807e793          	ori	a5,a5,128
    80004bbc:	00f41823          	sh	a5,16(s0)
    80004bc0:	4792                	lw	a5,4(sp)
    80004bc2:	03342023          	sw	s3,32(s0)
    80004bc6:	cf91                	beqz	a5,80004be2 <__smakebuf_r+0x90>
    80004bc8:	01241583          	lh	a1,18(s0)
    80004bcc:	8526                	mv	a0,s1
    80004bce:	04c000ef          	jal	80004c1a <_isatty_r>
    80004bd2:	c901                	beqz	a0,80004be2 <__smakebuf_r+0x90>
    80004bd4:	01045783          	lhu	a5,16(s0)
    80004bd8:	9bf1                	andi	a5,a5,-4
    80004bda:	0017e793          	ori	a5,a5,1
    80004bde:	00f41823          	sh	a5,16(s0)
    80004be2:	01045783          	lhu	a5,16(s0)
    80004be6:	0127e533          	or	a0,a5,s2
    80004bea:	00a41823          	sh	a0,16(s0)
    80004bee:	b759                	j	80004b74 <__smakebuf_r+0x22>

0000000080004bf0 <_fstat_r>:
    80004bf0:	1141                	addi	sp,sp,-16
    80004bf2:	e022                	sd	s0,0(sp)
    80004bf4:	842a                	mv	s0,a0
    80004bf6:	852e                	mv	a0,a1
    80004bf8:	85b2                	mv	a1,a2
    80004bfa:	8601a823          	sw	zero,-1936(gp) # 80005668 <errno>
    80004bfe:	e406                	sd	ra,8(sp)
    80004c00:	090000ef          	jal	80004c90 <_fstat>
    80004c04:	57fd                	li	a5,-1
    80004c06:	00f51663          	bne	a0,a5,80004c12 <_fstat_r+0x22>
    80004c0a:	8701a783          	lw	a5,-1936(gp) # 80005668 <errno>
    80004c0e:	c391                	beqz	a5,80004c12 <_fstat_r+0x22>
    80004c10:	c01c                	sw	a5,0(s0)
    80004c12:	60a2                	ld	ra,8(sp)
    80004c14:	6402                	ld	s0,0(sp)
    80004c16:	0141                	addi	sp,sp,16
    80004c18:	8082                	ret

0000000080004c1a <_isatty_r>:
    80004c1a:	1141                	addi	sp,sp,-16
    80004c1c:	e022                	sd	s0,0(sp)
    80004c1e:	842a                	mv	s0,a0
    80004c20:	852e                	mv	a0,a1
    80004c22:	8601a823          	sw	zero,-1936(gp) # 80005668 <errno>
    80004c26:	e406                	sd	ra,8(sp)
    80004c28:	080000ef          	jal	80004ca8 <_isatty>
    80004c2c:	57fd                	li	a5,-1
    80004c2e:	00f51663          	bne	a0,a5,80004c3a <_isatty_r+0x20>
    80004c32:	8701a783          	lw	a5,-1936(gp) # 80005668 <errno>
    80004c36:	c391                	beqz	a5,80004c3a <_isatty_r+0x20>
    80004c38:	c01c                	sw	a5,0(s0)
    80004c3a:	60a2                	ld	ra,8(sp)
    80004c3c:	6402                	ld	s0,0(sp)
    80004c3e:	0141                	addi	sp,sp,16
    80004c40:	8082                	ret

0000000080004c42 <_malloc_usable_size_r>:
    80004c42:	ff85b503          	ld	a0,-8(a1)
    80004c46:	0005079b          	sext.w	a5,a0
    80004c4a:	1561                	addi	a0,a0,-8
    80004c4c:	0007d663          	bgez	a5,80004c58 <_malloc_usable_size_r+0x16>
    80004c50:	95aa                	add	a1,a1,a0
    80004c52:	6188                	ld	a0,0(a1)
    80004c54:	17e1                	addi	a5,a5,-8
    80004c56:	953e                	add	a0,a0,a5
    80004c58:	8082                	ret

0000000080004c5a <_close>:
#include <errno.h>
#include "syscall.h"

int _close(int file)
{
    80004c5a:	1141                	addi	sp,sp,-16
    80004c5c:	e406                	sd	ra,8(sp)
    errno = EBADF;
    80004c5e:	15c000ef          	jal	80004dba <__errno>
    return -1;
}
    80004c62:	60a2                	ld	ra,8(sp)
    errno = EBADF;
    80004c64:	47a5                	li	a5,9
    80004c66:	c11c                	sw	a5,0(a0)
}
    80004c68:	557d                	li	a0,-1
    80004c6a:	0141                	addi	sp,sp,16
    80004c6c:	8082                	ret

0000000080004c6e <_exit>:
#include "syscall.h"
#include "htif.h"

void __attribute__ ((noreturn)) _exit(int code)
{
    uint64_t cmd = HTIF_TOHOST(0, 0, (code << 1) | 0x1);
    80004c6e:	0015179b          	slliw	a5,a0,0x1
    80004c72:	0017e793          	ori	a5,a5,1
    80004c76:	2781                	sext.w	a5,a5
    80004c78:	07c2                	slli	a5,a5,0x10
    80004c7a:	83c1                	srli	a5,a5,0x10
    80004c7c:	00001717          	auipc	a4,0x1
    80004c80:	8c470713          	addi	a4,a4,-1852 # 80005540 <tohost>
    for (;;) {
        fromhost = 0;
    80004c84:	00001697          	auipc	a3,0x1
    80004c88:	8c06b223          	sd	zero,-1852(a3) # 80005548 <fromhost>
        tohost = cmd;
    80004c8c:	e31c                	sd	a5,0(a4)
    for (;;) {
    80004c8e:	bfdd                	j	80004c84 <_exit+0x16>

0000000080004c90 <_fstat>:
#include <errno.h>
#include <sys/stat.h>
#include "syscall.h"

int _fstat(int file, struct stat *st)
{
    80004c90:	1141                	addi	sp,sp,-16
    80004c92:	e406                	sd	ra,8(sp)
    errno = EBADF;
    80004c94:	126000ef          	jal	80004dba <__errno>
    return -1;
}
    80004c98:	60a2                	ld	ra,8(sp)
    errno = EBADF;
    80004c9a:	47a5                	li	a5,9
    80004c9c:	c11c                	sw	a5,0(a0)
}
    80004c9e:	557d                	li	a0,-1
    80004ca0:	0141                	addi	sp,sp,16
    80004ca2:	8082                	ret

0000000080004ca4 <_getpid>:
#include "syscall.h"

int _getpid(void)
{
    return 1;
}
    80004ca4:	4505                	li	a0,1
    80004ca6:	8082                	ret

0000000080004ca8 <_isatty>:
#include <unistd.h>
#include "syscall.h"

int _isatty(int file)
{
    return (file == STDOUT_FILENO || file == STDERR_FILENO);
    80004ca8:	357d                	addiw	a0,a0,-1
}
    80004caa:	00253513          	sltiu	a0,a0,2
    80004cae:	8082                	ret

0000000080004cb0 <_kill>:
#include <errno.h>
#include "syscall.h"

int _kill(int pid, int sig)
{
    80004cb0:	1141                	addi	sp,sp,-16
    80004cb2:	e406                	sd	ra,8(sp)
    errno = EINVAL;
    80004cb4:	106000ef          	jal	80004dba <__errno>
    return -1;
}
    80004cb8:	60a2                	ld	ra,8(sp)
    errno = EINVAL;
    80004cba:	47d9                	li	a5,22
    80004cbc:	c11c                	sw	a5,0(a0)
}
    80004cbe:	557d                	li	a0,-1
    80004cc0:	0141                	addi	sp,sp,16
    80004cc2:	8082                	ret

0000000080004cc4 <_lseek>:
#include <errno.h>
#include <sys/types.h>
#include "syscall.h"

off_t _lseek(int file, off_t ptr, int dir)
{
    80004cc4:	1141                	addi	sp,sp,-16
    80004cc6:	e406                	sd	ra,8(sp)
    errno = EBADF;
    80004cc8:	0f2000ef          	jal	80004dba <__errno>
    return -1;
}
    80004ccc:	60a2                	ld	ra,8(sp)
    errno = EBADF;
    80004cce:	47a5                	li	a5,9
    80004cd0:	c11c                	sw	a5,0(a0)
}
    80004cd2:	557d                	li	a0,-1
    80004cd4:	0141                	addi	sp,sp,16
    80004cd6:	8082                	ret

0000000080004cd8 <_read>:
#include <errno.h>
#include <sys/types.h>
#include "syscall.h"

ssize_t _read(int file, void *ptr, size_t len)
{
    80004cd8:	1141                	addi	sp,sp,-16
    80004cda:	e406                	sd	ra,8(sp)
    errno = ENOSYS;
    80004cdc:	0de000ef          	jal	80004dba <__errno>
    return -1;
}
    80004ce0:	60a2                	ld	ra,8(sp)
    errno = ENOSYS;
    80004ce2:	05800793          	li	a5,88
    80004ce6:	c11c                	sw	a5,0(a0)
}
    80004ce8:	557d                	li	a0,-1
    80004cea:	0141                	addi	sp,sp,16
    80004cec:	8082                	ret

0000000080004cee <_sbrk>:
{
    extern char __heap_end[];
    char *newbrk;
    char *oldbrk;

    oldbrk = curbrk;
    80004cee:	00001717          	auipc	a4,0x1
    80004cf2:	91270713          	addi	a4,a4,-1774 # 80005600 <curbrk>
    80004cf6:	631c                	ld	a5,0(a4)
    newbrk = oldbrk + incr;
    if (unlikely((newbrk < _end) || (newbrk >= __heap_end))) {
    80004cf8:	00003697          	auipc	a3,0x3
    80004cfc:	f0868693          	addi	a3,a3,-248 # 80007c00 <_end>
    newbrk = oldbrk + incr;
    80004d00:	953e                	add	a0,a0,a5
    if (unlikely((newbrk < _end) || (newbrk >= __heap_end))) {
    80004d02:	00d56b63          	bltu	a0,a3,80004d18 <_sbrk+0x2a>
    80004d06:	00023697          	auipc	a3,0x23
    80004d0a:	2fa68693          	addi	a3,a3,762 # 80028000 <__heap_end>
    80004d0e:	00d57563          	bgeu	a0,a3,80004d18 <_sbrk+0x2a>
        errno = ENOMEM;
        return (void *)(-1);
    }

    curbrk = newbrk;
    80004d12:	e308                	sd	a0,0(a4)
    return oldbrk;
}
    80004d14:	853e                	mv	a0,a5
    80004d16:	8082                	ret
{
    80004d18:	1141                	addi	sp,sp,-16
    80004d1a:	e406                	sd	ra,8(sp)
        errno = ENOMEM;
    80004d1c:	09e000ef          	jal	80004dba <__errno>
}
    80004d20:	60a2                	ld	ra,8(sp)
        errno = ENOMEM;
    80004d22:	47b1                	li	a5,12
    80004d24:	c11c                	sw	a5,0(a0)
        return (void *)(-1);
    80004d26:	57fd                	li	a5,-1
}
    80004d28:	853e                	mv	a0,a5
    80004d2a:	0141                	addi	sp,sp,16
    80004d2c:	8082                	ret

0000000080004d2e <_write>:
#include <sys/types.h>
#include "syscall.h"

ssize_t _write(int fd, const void *ptr, size_t len)
{
    return SYSCALL3(SYS_write, fd, (uintptr_t)ptr, len);
    80004d2e:	04000693          	li	a3,64
    80004d32:	a80d                	j	80004d64 <htif_syscall>

0000000080004d34 <__init_tls>:
#include <string.h>

void __init_tls(void)
{
    80004d34:	1141                	addi	sp,sp,-16
    extern char __tdata_start[];
    extern char __tbss_offset[];
    extern char __tdata_size[];
    extern char __tbss_size[];

    memcpy(__thread_self, __tdata_start, (size_t)__tdata_size);
    80004d36:	00000613          	li	a2,0
    80004d3a:	00000597          	auipc	a1,0x0
    80004d3e:	26458593          	addi	a1,a1,612 # 80004f9e <__tbss_end>
    80004d42:	8512                	mv	a0,tp
{
    80004d44:	e022                	sd	s0,0(sp)
    80004d46:	e406                	sd	ra,8(sp)
    memcpy(__thread_self, __tdata_start, (size_t)__tdata_size);
    80004d48:	8412                	mv	s0,tp
    80004d4a:	d17ff0ef          	jal	80004a60 <memcpy>
    memset(__thread_self + (size_t)__tbss_offset, 0, (size_t)__tbss_size);
    80004d4e:	00000513          	li	a0,0
    80004d52:	9522                	add	a0,a0,s0
}
    80004d54:	6402                	ld	s0,0(sp)
    80004d56:	60a2                	ld	ra,8(sp)
    memset(__thread_self + (size_t)__tbss_offset, 0, (size_t)__tbss_size);
    80004d58:	00000613          	li	a2,0
    80004d5c:	4581                	li	a1,0
}
    80004d5e:	0141                	addi	sp,sp,16
    memset(__thread_self + (size_t)__tbss_offset, 0, (size_t)__tbss_size);
    80004d60:	db7fe06f          	j	80003b16 <memset>

0000000080004d64 <htif_syscall>:
volatile uint64_t fromhost __attribute__ ((section (".htif")));

static spinlock_t htif_lock = SPINLOCK_INIT;

long htif_syscall(uint64_t a0, uint64_t a1, uint64_t a2, unsigned long n)
{
    80004d64:	7139                	addi	sp,sp,-64
    volatile uint64_t buf[8];
    uint64_t sc;

    buf[0] = n;
    80004d66:	e036                	sd	a3,0(sp)
    buf[1] = a0;
    80004d68:	e42a                	sd	a0,8(sp)
    buf[2] = a1;
    buf[3] = a2;

    sc = HTIF_TOHOST(0, 0, (uintptr_t)&buf);
    80004d6a:	fff007b7          	lui	a5,0xfff00
    buf[2] = a1;
    80004d6e:	e82e                	sd	a1,16(sp)
    sc = HTIF_TOHOST(0, 0, (uintptr_t)&buf);
    80004d70:	83c1                	srli	a5,a5,0x10
    buf[3] = a2;
    80004d72:	ec32                	sd	a2,24(sp)
    sc = HTIF_TOHOST(0, 0, (uintptr_t)&buf);
    80004d74:	860a                	mv	a2,sp
    80004d76:	8e7d                	and	a2,a2,a5
    spin_lock(&htif_lock);
    80004d78:	87818713          	addi	a4,gp,-1928 # 80005670 <htif_lock>

static inline long atomic_swap_acquire(atomic_t *p, atomic_t v)
{
    long n;
#ifdef __riscv_atomic
    __asm__ __volatile__ (
    80004d7c:	56fd                	li	a3,-1
    return *((volatile const atomic_t *)p);
    80004d7e:	431c                	lw	a5,0(a4)

static inline void spin_lock(spinlock_t *lock)
{
    do {
#ifdef __riscv_atomic
        while (atomic_load(&lock->lock));
    80004d80:	fffd                	bnez	a5,80004d7e <htif_syscall+0x1a>
    __asm__ __volatile__ (
    80004d82:	0cd727af          	amoswap.w.aq	a5,a3,(a4)
#endif
    } while (atomic_swap_acquire(&lock->lock, -1));
    80004d86:	ffe5                	bnez	a5,80004d7e <htif_syscall+0x1a>
static inline void wmb(void) { fence(w, w); }
    80004d88:	0110000f          	fence	w,w
    wmb();
    tohost = sc;
    80004d8c:	00000697          	auipc	a3,0x0
    80004d90:	7b468693          	addi	a3,a3,1972 # 80005540 <tohost>
    80004d94:	e290                	sd	a2,0(a3)
    while (fromhost == 0);
    80004d96:	669c                	ld	a5,8(a3)
    80004d98:	dffd                	beqz	a5,80004d96 <htif_syscall+0x32>
    fromhost = 0;
    80004d9a:	00000797          	auipc	a5,0x0
    80004d9e:	7a07b723          	sd	zero,1966(a5) # 80005548 <fromhost>
}

static inline void atomic_clear_release(atomic_t *p)
{
#ifdef __riscv_atomic
    __asm__ __volatile__ (
    80004da2:	0a07202f          	amoswap.w.rl	zero,zero,(a4)
static inline void rmb(void) { fence(r, r); }
    80004da6:	0220000f          	fence	r,r
    spin_unlock(&htif_lock);

    rmb();
    return buf[0];
    80004daa:	6502                	ld	a0,0(sp)
}
    80004dac:	6121                	addi	sp,sp,64
    80004dae:	8082                	ret

0000000080004db0 <atexit>:
    80004db0:	85aa                	mv	a1,a0
    80004db2:	4681                	li	a3,0
    80004db4:	4601                	li	a2,0
    80004db6:	4501                	li	a0,0
    80004db8:	a045                	j	80004e58 <__register_exitproc>

0000000080004dba <__errno>:
    80004dba:	00001517          	auipc	a0,0x1
    80004dbe:	83e53503          	ld	a0,-1986(a0) # 800055f8 <_impure_ptr>
    80004dc2:	8082                	ret

0000000080004dc4 <__libc_init_array>:
    80004dc4:	1101                	addi	sp,sp,-32
    80004dc6:	e822                	sd	s0,16(sp)
    80004dc8:	e426                	sd	s1,8(sp)
    80004dca:	00000417          	auipc	s0,0x0
    80004dce:	75640413          	addi	s0,s0,1878 # 80005520 <__fini_array_end>
    80004dd2:	00000497          	auipc	s1,0x0
    80004dd6:	74e48493          	addi	s1,s1,1870 # 80005520 <__fini_array_end>
    80004dda:	8c81                	sub	s1,s1,s0
    80004ddc:	e04a                	sd	s2,0(sp)
    80004dde:	ec06                	sd	ra,24(sp)
    80004de0:	848d                	srai	s1,s1,0x3
    80004de2:	4901                	li	s2,0
    80004de4:	02991563          	bne	s2,s1,80004e0e <__libc_init_array+0x4a>
    80004de8:	00000417          	auipc	s0,0x0
    80004dec:	73840413          	addi	s0,s0,1848 # 80005520 <__fini_array_end>
    80004df0:	00000497          	auipc	s1,0x0
    80004df4:	73048493          	addi	s1,s1,1840 # 80005520 <__fini_array_end>
    80004df8:	8c81                	sub	s1,s1,s0
    80004dfa:	848d                	srai	s1,s1,0x3
    80004dfc:	4901                	li	s2,0
    80004dfe:	00991d63          	bne	s2,s1,80004e18 <__libc_init_array+0x54>
    80004e02:	60e2                	ld	ra,24(sp)
    80004e04:	6442                	ld	s0,16(sp)
    80004e06:	64a2                	ld	s1,8(sp)
    80004e08:	6902                	ld	s2,0(sp)
    80004e0a:	6105                	addi	sp,sp,32
    80004e0c:	8082                	ret
    80004e0e:	601c                	ld	a5,0(s0)
    80004e10:	0905                	addi	s2,s2,1
    80004e12:	0421                	addi	s0,s0,8
    80004e14:	9782                	jalr	a5
    80004e16:	b7f9                	j	80004de4 <__libc_init_array+0x20>
    80004e18:	601c                	ld	a5,0(s0)
    80004e1a:	0905                	addi	s2,s2,1
    80004e1c:	0421                	addi	s0,s0,8
    80004e1e:	9782                	jalr	a5
    80004e20:	bff9                	j	80004dfe <__libc_init_array+0x3a>

0000000080004e22 <__libc_fini_array>:
    80004e22:	1101                	addi	sp,sp,-32
    80004e24:	e822                	sd	s0,16(sp)
    80004e26:	e426                	sd	s1,8(sp)
    80004e28:	00000417          	auipc	s0,0x0
    80004e2c:	6f840413          	addi	s0,s0,1784 # 80005520 <__fini_array_end>
    80004e30:	00000497          	auipc	s1,0x0
    80004e34:	6f048493          	addi	s1,s1,1776 # 80005520 <__fini_array_end>
    80004e38:	8c05                	sub	s0,s0,s1
    80004e3a:	ec06                	sd	ra,24(sp)
    80004e3c:	840d                	srai	s0,s0,0x3
    80004e3e:	e411                	bnez	s0,80004e4a <__libc_fini_array+0x28>
    80004e40:	60e2                	ld	ra,24(sp)
    80004e42:	6442                	ld	s0,16(sp)
    80004e44:	64a2                	ld	s1,8(sp)
    80004e46:	6105                	addi	sp,sp,32
    80004e48:	8082                	ret
    80004e4a:	147d                	addi	s0,s0,-1
    80004e4c:	00341793          	slli	a5,s0,0x3
    80004e50:	97a6                	add	a5,a5,s1
    80004e52:	639c                	ld	a5,0(a5)
    80004e54:	9782                	jalr	a5
    80004e56:	b7e5                	j	80004e3e <__libc_fini_array+0x1c>

0000000080004e58 <__register_exitproc>:
    80004e58:	88aa                	mv	a7,a0
    80004e5a:	88818513          	addi	a0,gp,-1912 # 80005680 <__atexit>
    80004e5e:	6118                	ld	a4,0(a0)
    80004e60:	e305                	bnez	a4,80004e80 <__register_exitproc+0x28>
    80004e62:	00003797          	auipc	a5,0x3
    80004e66:	c8678793          	addi	a5,a5,-890 # 80007ae8 <__atexit0>
    80004e6a:	e11c                	sd	a5,0(a0)
    80004e6c:	00000713          	li	a4,0
    80004e70:	c701                	beqz	a4,80004e78 <__register_exitproc+0x20>
    80004e72:	6318                	ld	a4,0(a4)
    80004e74:	10e7b823          	sd	a4,272(a5)
    80004e78:	00003717          	auipc	a4,0x3
    80004e7c:	c7070713          	addi	a4,a4,-912 # 80007ae8 <__atexit0>
    80004e80:	471c                	lw	a5,8(a4)
    80004e82:	487d                	li	a6,31
    80004e84:	557d                	li	a0,-1
    80004e86:	04f84763          	blt	a6,a5,80004ed4 <__register_exitproc+0x7c>
    80004e8a:	02088d63          	beqz	a7,80004ec4 <__register_exitproc+0x6c>
    80004e8e:	11073803          	ld	a6,272(a4)
    80004e92:	04080163          	beqz	a6,80004ed4 <__register_exitproc+0x7c>
    80004e96:	00379513          	slli	a0,a5,0x3
    80004e9a:	9542                	add	a0,a0,a6
    80004e9c:	e110                	sd	a2,0(a0)
    80004e9e:	20082303          	lw	t1,512(a6)
    80004ea2:	4605                	li	a2,1
    80004ea4:	00f6163b          	sllw	a2,a2,a5
    80004ea8:	00c36333          	or	t1,t1,a2
    80004eac:	20682023          	sw	t1,512(a6)
    80004eb0:	10d53023          	sd	a3,256(a0)
    80004eb4:	4689                	li	a3,2
    80004eb6:	00d89763          	bne	a7,a3,80004ec4 <__register_exitproc+0x6c>
    80004eba:	20482683          	lw	a3,516(a6)
    80004ebe:	8ed1                	or	a3,a3,a2
    80004ec0:	20d82223          	sw	a3,516(a6)
    80004ec4:	0017869b          	addiw	a3,a5,1
    80004ec8:	0789                	addi	a5,a5,2
    80004eca:	078e                	slli	a5,a5,0x3
    80004ecc:	c714                	sw	a3,8(a4)
    80004ece:	973e                	add	a4,a4,a5
    80004ed0:	e30c                	sd	a1,0(a4)
    80004ed2:	4501                	li	a0,0
    80004ed4:	8082                	ret

0000000080004ed6 <__call_exitprocs>:
    80004ed6:	711d                	addi	sp,sp,-96
    80004ed8:	f852                	sd	s4,48(sp)
    80004eda:	f456                	sd	s5,40(sp)
    80004edc:	f05a                	sd	s6,32(sp)
    80004ede:	ec5e                	sd	s7,24(sp)
    80004ee0:	ec86                	sd	ra,88(sp)
    80004ee2:	e8a2                	sd	s0,80(sp)
    80004ee4:	e4a6                	sd	s1,72(sp)
    80004ee6:	e0ca                	sd	s2,64(sp)
    80004ee8:	fc4e                	sd	s3,56(sp)
    80004eea:	e862                	sd	s8,16(sp)
    80004eec:	e466                	sd	s9,8(sp)
    80004eee:	8aaa                	mv	s5,a0
    80004ef0:	8a2e                	mv	s4,a1
    80004ef2:	88818b13          	addi	s6,gp,-1912 # 80005680 <__atexit>
    80004ef6:	4b85                	li	s7,1
    80004ef8:	000b3483          	ld	s1,0(s6)
    80004efc:	cc81                	beqz	s1,80004f14 <__call_exitprocs+0x3e>
    80004efe:	4480                	lw	s0,8(s1)
    80004f00:	1104b983          	ld	s3,272(s1)
    80004f04:	fff4091b          	addiw	s2,s0,-1
    80004f08:	040e                	slli	s0,s0,0x3
    80004f0a:	00898cb3          	add	s9,s3,s0
    80004f0e:	9426                	add	s0,s0,s1
    80004f10:	00095f63          	bgez	s2,80004f2e <__call_exitprocs+0x58>
    80004f14:	60e6                	ld	ra,88(sp)
    80004f16:	6446                	ld	s0,80(sp)
    80004f18:	64a6                	ld	s1,72(sp)
    80004f1a:	6906                	ld	s2,64(sp)
    80004f1c:	79e2                	ld	s3,56(sp)
    80004f1e:	7a42                	ld	s4,48(sp)
    80004f20:	7aa2                	ld	s5,40(sp)
    80004f22:	7b02                	ld	s6,32(sp)
    80004f24:	6be2                	ld	s7,24(sp)
    80004f26:	6c42                	ld	s8,16(sp)
    80004f28:	6ca2                	ld	s9,8(sp)
    80004f2a:	6125                	addi	sp,sp,96
    80004f2c:	8082                	ret
    80004f2e:	000a0c63          	beqz	s4,80004f46 <__call_exitprocs+0x70>
    80004f32:	00099663          	bnez	s3,80004f3e <__call_exitprocs+0x68>
    80004f36:	397d                	addiw	s2,s2,-1
    80004f38:	1ce1                	addi	s9,s9,-8
    80004f3a:	1461                	addi	s0,s0,-8
    80004f3c:	bfd1                	j	80004f10 <__call_exitprocs+0x3a>
    80004f3e:	0f8cb783          	ld	a5,248(s9)
    80004f42:	ff479ae3          	bne	a5,s4,80004f36 <__call_exitprocs+0x60>
    80004f46:	449c                	lw	a5,8(s1)
    80004f48:	6418                	ld	a4,8(s0)
    80004f4a:	37fd                	addiw	a5,a5,-1
    80004f4c:	03279963          	bne	a5,s2,80004f7e <__call_exitprocs+0xa8>
    80004f50:	0124a423          	sw	s2,8(s1)
    80004f54:	d36d                	beqz	a4,80004f36 <__call_exitprocs+0x60>
    80004f56:	0084ac03          	lw	s8,8(s1)
    80004f5a:	00098963          	beqz	s3,80004f6c <__call_exitprocs+0x96>
    80004f5e:	2009a783          	lw	a5,512(s3)
    80004f62:	012b96bb          	sllw	a3,s7,s2
    80004f66:	8ff5                	and	a5,a5,a3
    80004f68:	2781                	sext.w	a5,a5
    80004f6a:	ef89                	bnez	a5,80004f84 <__call_exitprocs+0xae>
    80004f6c:	9702                	jalr	a4
    80004f6e:	4498                	lw	a4,8(s1)
    80004f70:	000b3783          	ld	a5,0(s6)
    80004f74:	f98712e3          	bne	a4,s8,80004ef8 <__call_exitprocs+0x22>
    80004f78:	faf48fe3          	beq	s1,a5,80004f36 <__call_exitprocs+0x60>
    80004f7c:	bfb5                	j	80004ef8 <__call_exitprocs+0x22>
    80004f7e:	00043423          	sd	zero,8(s0)
    80004f82:	bfc9                	j	80004f54 <__call_exitprocs+0x7e>
    80004f84:	2049a783          	lw	a5,516(s3)
    80004f88:	ff8cb583          	ld	a1,-8(s9)
    80004f8c:	8ff5                	and	a5,a5,a3
    80004f8e:	2781                	sext.w	a5,a5
    80004f90:	e781                	bnez	a5,80004f98 <__call_exitprocs+0xc2>
    80004f92:	8556                	mv	a0,s5
    80004f94:	9702                	jalr	a4
    80004f96:	bfe1                	j	80004f6e <__call_exitprocs+0x98>
    80004f98:	852e                	mv	a0,a1
    80004f9a:	9702                	jalr	a4
    80004f9c:	bfc9                	j	80004f6e <__call_exitprocs+0x98>
