
/home/wtl/Voyager/tapeout-Voyager/software/embench/build_meek/slre.riscv:     file format elf64-littleriscv


Disassembly of section .text:

0000000080000000 <_start>:
    .global _start
    .type _start, @function
_start:
    .cfi_startproc

    li x1, 0
    80000000:	4081                	li	ra,0
    li x2, 0
    80000002:	4101                	li	sp,0
    li x3, 0
    80000004:	4181                	li	gp,0
    li x4, 0
    80000006:	4201                	li	tp,0
    li x5, 0
    80000008:	4281                	li	t0,0
    li x6, 0
    8000000a:	4301                	li	t1,0
    li x7, 0
    8000000c:	4381                	li	t2,0
    li x8, 0
    8000000e:	4401                	li	s0,0
    li x9, 0
    80000010:	4481                	li	s1,0
    li x10, 0
    80000012:	4501                	li	a0,0
    li x11, 0
    80000014:	4581                	li	a1,0
    li x12, 0
    80000016:	4601                	li	a2,0
    li x13, 0
    80000018:	4681                	li	a3,0
    li x14, 0
    8000001a:	4701                	li	a4,0
    li x15, 0
    8000001c:	4781                	li	a5,0
    li x16, 0
    8000001e:	4801                	li	a6,0
    li x17, 0
    80000020:	4881                	li	a7,0
    li x18, 0
    80000022:	4901                	li	s2,0
    li x19, 0
    80000024:	4981                	li	s3,0
    li x20, 0
    80000026:	4a01                	li	s4,0
    li x21, 0
    80000028:	4a81                	li	s5,0
    li x22, 0
    8000002a:	4b01                	li	s6,0
    li x23, 0
    8000002c:	4b81                	li	s7,0
    li x24, 0
    8000002e:	4c01                	li	s8,0
    li x25, 0
    80000030:	4c81                	li	s9,0
    li x26, 0
    80000032:	4d01                	li	s10,0
    li x27, 0
    80000034:	4d81                	li	s11,0
    li x28, 0
    80000036:	4e01                	li	t3,0
    li x29, 0
    80000038:	4e81                	li	t4,0
    li x30, 0
    8000003a:	4f01                	li	t5,0
    li x31, 0
    8000003c:	4f81                	li	t6,0

    li t0, (MSTATUS_FS | MSTATUS_XS | MSTATUS_VS)
    8000003e:	62f9                	lui	t0,0x1e
    80000040:	6002829b          	addiw	t0,t0,1536 # 1e600 <__stack_size+0x16600>
    csrs mstatus, t0
    80000044:	3002a073          	csrs	mstatus,t0

#ifdef __riscv_flen
    /* Initialize FPU if present */
    la t0, 1f
    80000048:	00000297          	auipc	t0,0x0
    8000004c:	09028293          	addi	t0,t0,144 # 800000d8 <_start+0xd8>
    csrw mtvec, t0
    80000050:	30529073          	csrw	mtvec,t0

    fscsr zero
    80000054:	00301073          	fscsr	zero
    fmv.s.x f0,  zero
    80000058:	f0000053          	fmv.w.x	ft0,zero
    fmv.s.x f1,  zero
    8000005c:	f00000d3          	fmv.w.x	ft1,zero
    fmv.s.x f2,  zero
    80000060:	f0000153          	fmv.w.x	ft2,zero
    fmv.s.x f3,  zero
    80000064:	f00001d3          	fmv.w.x	ft3,zero
    fmv.s.x f4,  zero
    80000068:	f0000253          	fmv.w.x	ft4,zero
    fmv.s.x f5,  zero
    8000006c:	f00002d3          	fmv.w.x	ft5,zero
    fmv.s.x f6,  zero
    80000070:	f0000353          	fmv.w.x	ft6,zero
    fmv.s.x f7,  zero
    80000074:	f00003d3          	fmv.w.x	ft7,zero
    fmv.s.x f8,  zero
    80000078:	f0000453          	fmv.w.x	fs0,zero
    fmv.s.x f9,  zero
    8000007c:	f00004d3          	fmv.w.x	fs1,zero
    fmv.s.x f10, zero
    80000080:	f0000553          	fmv.w.x	fa0,zero
    fmv.s.x f11, zero
    80000084:	f00005d3          	fmv.w.x	fa1,zero
    fmv.s.x f12, zero
    80000088:	f0000653          	fmv.w.x	fa2,zero
    fmv.s.x f13, zero
    8000008c:	f00006d3          	fmv.w.x	fa3,zero
    fmv.s.x f14, zero
    80000090:	f0000753          	fmv.w.x	fa4,zero
    fmv.s.x f15, zero
    80000094:	f00007d3          	fmv.w.x	fa5,zero
    fmv.s.x f16, zero
    80000098:	f0000853          	fmv.w.x	fa6,zero
    fmv.s.x f17, zero
    8000009c:	f00008d3          	fmv.w.x	fa7,zero
    fmv.s.x f18, zero
    800000a0:	f0000953          	fmv.w.x	fs2,zero
    fmv.s.x f19, zero
    800000a4:	f00009d3          	fmv.w.x	fs3,zero
    fmv.s.x f20, zero
    800000a8:	f0000a53          	fmv.w.x	fs4,zero
    fmv.s.x f21, zero
    800000ac:	f0000ad3          	fmv.w.x	fs5,zero
    fmv.s.x f22, zero
    800000b0:	f0000b53          	fmv.w.x	fs6,zero
    fmv.s.x f23, zero
    800000b4:	f0000bd3          	fmv.w.x	fs7,zero
    fmv.s.x f24, zero
    800000b8:	f0000c53          	fmv.w.x	fs8,zero
    fmv.s.x f25, zero
    800000bc:	f0000cd3          	fmv.w.x	fs9,zero
    fmv.s.x f26, zero
    800000c0:	f0000d53          	fmv.w.x	fs10,zero
    fmv.s.x f27, zero
    800000c4:	f0000dd3          	fmv.w.x	fs11,zero
    fmv.s.x f28, zero
    800000c8:	f0000e53          	fmv.w.x	ft8,zero
    fmv.s.x f29, zero
    800000cc:	f0000ed3          	fmv.w.x	ft9,zero
    fmv.s.x f30, zero
    800000d0:	f0000f53          	fmv.w.x	ft10,zero
    fmv.s.x f31, zero
    800000d4:	f0000fd3          	fmv.w.x	ft11,zero

    /* Initialize global pointer; disable relaxation to avoid relaxing
       the address calculation to "addi gp, gp, 0" */
    .option push
    .option norelax
    la gp, __global_pointer$
    800000d8:	00004197          	auipc	gp,0x4
    800000dc:	77018193          	addi	gp,gp,1904 # 80004848 <__global_pointer$>
    .option pop

    /* Initialize thread pointer */
    csrr s0, mhartid
    800000e0:	f1402473          	csrr	s0,mhartid
    lui t0, %hi(__stack_shift)
    addi t0, t0, %lo(__stack_shift)
    800000e4:	00f00293          	li	t0,15
    la tp, __stack_start
    800000e8:	00025217          	auipc	tp,0x25
    800000ec:	f1820213          	addi	tp,tp,-232 # 80025000 <__heap_end>
    sll t0, s0, t0
    800000f0:	005412b3          	sll	t0,s0,t0
    add tp, tp, t0
    800000f4:	9216                	add	tp,tp,t0

    /* Initialize stack pointer */
    lui t0, %hi(__stack_size)
    800000f6:	62a1                	lui	t0,0x8
    addi t0, t0, %lo(__stack_size)
    800000f8:	00028293          	mv	t0,t0
    add sp, tp, t0
    800000fc:	00520133          	add	sp,tp,t0

    /* Initialize trap vector */
    la t0, trap_entry
    80000100:	00000297          	auipc	t0,0x0
    80000104:	04428293          	addi	t0,t0,68 # 80000144 <trap_entry>
    csrw mtvec, t0
    80000108:	30529073          	csrw	mtvec,t0

    /* Initialize TLS */
    call __init_tls
    8000010c:	7f6030ef          	jal	80003902 <__init_tls>

    /* Skip global initialization if not the designated boot hart */
    la t0, __boot_hart
    80000110:	00000293          	li	t0,0
    bne s0, t0, _start_secondary
    80000114:	00540463          	beq	s0,t0,8000011c <_start+0x11c>
    80000118:	0f60006f          	j	8000020e <_start_secondary>

    /* Zero BSS segment */
    la t0, __bss_start
    8000011c:	82018293          	addi	t0,gp,-2016 # 80004068 <uart_lock>
    la t1, __bss_end
    80000120:	bc018313          	addi	t1,gp,-1088 # 80004408 <_end>
    bgeu t0, t1, 2f
    80000124:	0062f763          	bgeu	t0,t1,80000132 <_start+0x132>
1:
    SREG zero, (t0)
    80000128:	0002b023          	sd	zero,0(t0)
    addi t0, t0, REGBYTES
    8000012c:	02a1                	addi	t0,t0,8
    bltu t0, t1, 1b
    8000012e:	fe62ede3          	bltu	t0,t1,80000128 <_start+0x128>
2:

    /* Call global constructors */
    la a0, __libc_fini_array
    80000132:	00004517          	auipc	a0,0x4
    80000136:	8be50513          	addi	a0,a0,-1858 # 800039f0 <__libc_fini_array>
    call atexit
    8000013a:	045030ef          	jal	8000397e <atexit>
    call __libc_init_array
    8000013e:	055030ef          	jal	80003992 <__libc_init_array>

    /* Call main function */
    tail _start_main
    80000142:	a075                	j	800001ee <_start_main>

0000000080000144 <trap_entry>:
    .cfi_endproc


    .align 2
trap_entry:
    csrw mscratch, sp
    80000144:	34011073          	csrw	mscratch,sp
    addi sp, sp, -(32*REGBYTES)
    80000148:	7111                	addi	sp,sp,-256

    /* Save trap frame */
    SREG x1, 1*REGBYTES(sp)
    8000014a:	e406                	sd	ra,8(sp)
    csrr x1, mscratch
    8000014c:	340020f3          	csrr	ra,mscratch
    SREG x1, 2*REGBYTES(sp)
    80000150:	e806                	sd	ra,16(sp)
    SREG x3, 3*REGBYTES(sp)
    80000152:	ec0e                	sd	gp,24(sp)
    SREG x4, 4*REGBYTES(sp)
    80000154:	f012                	sd	tp,32(sp)
    SREG x5, 5*REGBYTES(sp)
    80000156:	f416                	sd	t0,40(sp)
    SREG x6, 6*REGBYTES(sp)
    80000158:	f81a                	sd	t1,48(sp)
    SREG x7, 7*REGBYTES(sp)
    8000015a:	fc1e                	sd	t2,56(sp)
    SREG x8, 8*REGBYTES(sp)
    8000015c:	e0a2                	sd	s0,64(sp)
    SREG x9, 9*REGBYTES(sp)
    8000015e:	e4a6                	sd	s1,72(sp)
    SREG x10, 10*REGBYTES(sp)
    80000160:	e8aa                	sd	a0,80(sp)
    SREG x11, 11*REGBYTES(sp)
    80000162:	ecae                	sd	a1,88(sp)
    SREG x12, 12*REGBYTES(sp)
    80000164:	f0b2                	sd	a2,96(sp)
    SREG x13, 13*REGBYTES(sp)
    80000166:	f4b6                	sd	a3,104(sp)
    SREG x14, 14*REGBYTES(sp)
    80000168:	f8ba                	sd	a4,112(sp)
    SREG x15, 15*REGBYTES(sp)
    8000016a:	fcbe                	sd	a5,120(sp)
    SREG x16, 16*REGBYTES(sp)
    8000016c:	e142                	sd	a6,128(sp)
    SREG x17, 17*REGBYTES(sp)
    8000016e:	e546                	sd	a7,136(sp)
    SREG x18, 18*REGBYTES(sp)
    80000170:	e94a                	sd	s2,144(sp)
    SREG x19, 19*REGBYTES(sp)
    80000172:	ed4e                	sd	s3,152(sp)
    SREG x20, 20*REGBYTES(sp)
    80000174:	f152                	sd	s4,160(sp)
    SREG x21, 21*REGBYTES(sp)
    80000176:	f556                	sd	s5,168(sp)
    SREG x22, 22*REGBYTES(sp)
    80000178:	f95a                	sd	s6,176(sp)
    SREG x23, 23*REGBYTES(sp)
    8000017a:	fd5e                	sd	s7,184(sp)
    SREG x24, 24*REGBYTES(sp)
    8000017c:	e1e2                	sd	s8,192(sp)
    SREG x25, 25*REGBYTES(sp)
    8000017e:	e5e6                	sd	s9,200(sp)
    SREG x26, 26*REGBYTES(sp)
    80000180:	e9ea                	sd	s10,208(sp)
    SREG x27, 27*REGBYTES(sp)
    80000182:	edee                	sd	s11,216(sp)
    SREG x28, 28*REGBYTES(sp)
    80000184:	f1f2                	sd	t3,224(sp)
    SREG x29, 29*REGBYTES(sp)
    80000186:	f5f6                	sd	t4,232(sp)
    SREG x30, 30*REGBYTES(sp)
    80000188:	f9fa                	sd	t5,240(sp)
    SREG x31, 31*REGBYTES(sp)
    8000018a:	fdfe                	sd	t6,248(sp)

    /* Invoke higher-level trap handler */
    csrr a0, mepc
    8000018c:	34102573          	csrr	a0,mepc
    csrr a1, mcause
    80000190:	342025f3          	csrr	a1,mcause
    csrr a2, mtval
    80000194:	34302673          	csrr	a2,mtval
    mv a3, sp
    80000198:	868a                	mv	a3,sp
    call handle_trap
    8000019a:	142000ef          	jal	800002dc <handle_trap>
    csrw mepc, a0
    8000019e:	34151073          	csrw	mepc,a0

    /* Remain in M-mode after return */
    li t0, MSTATUS_MPP
    800001a2:	6289                	lui	t0,0x2
    800001a4:	8002829b          	addiw	t0,t0,-2048 # 1800 <__stack_align+0x17f0>
    csrs mstatus, t0
    800001a8:	3002a073          	csrs	mstatus,t0

    LREG x1, 1*REGBYTES(sp)
    800001ac:	60a2                	ld	ra,8(sp)
    LREG x3, 3*REGBYTES(sp)
    800001ae:	61e2                	ld	gp,24(sp)
    LREG x4, 4*REGBYTES(sp)
    800001b0:	7202                	ld	tp,32(sp)
    LREG x5, 5*REGBYTES(sp)
    800001b2:	72a2                	ld	t0,40(sp)
    LREG x6, 6*REGBYTES(sp)
    800001b4:	7342                	ld	t1,48(sp)
    LREG x7, 7*REGBYTES(sp)
    800001b6:	73e2                	ld	t2,56(sp)
    LREG x8, 8*REGBYTES(sp)
    800001b8:	6406                	ld	s0,64(sp)
    LREG x9, 9*REGBYTES(sp)
    800001ba:	64a6                	ld	s1,72(sp)
    LREG x10, 10*REGBYTES(sp)
    800001bc:	6546                	ld	a0,80(sp)
    LREG x11, 11*REGBYTES(sp)
    800001be:	65e6                	ld	a1,88(sp)
    LREG x12, 12*REGBYTES(sp)
    800001c0:	7606                	ld	a2,96(sp)
    LREG x13, 13*REGBYTES(sp)
    800001c2:	76a6                	ld	a3,104(sp)
    LREG x14, 14*REGBYTES(sp)
    800001c4:	7746                	ld	a4,112(sp)
    LREG x15, 15*REGBYTES(sp)
    800001c6:	77e6                	ld	a5,120(sp)
    LREG x16, 16*REGBYTES(sp)
    800001c8:	680a                	ld	a6,128(sp)
    LREG x17, 17*REGBYTES(sp)
    800001ca:	68aa                	ld	a7,136(sp)
    LREG x18, 18*REGBYTES(sp)
    800001cc:	694a                	ld	s2,144(sp)
    LREG x19, 19*REGBYTES(sp)
    800001ce:	69ea                	ld	s3,152(sp)
    LREG x20, 20*REGBYTES(sp)
    800001d0:	7a0a                	ld	s4,160(sp)
    LREG x21, 21*REGBYTES(sp)
    800001d2:	7aaa                	ld	s5,168(sp)
    LREG x22, 22*REGBYTES(sp)
    800001d4:	7b4a                	ld	s6,176(sp)
    LREG x23, 23*REGBYTES(sp)
    800001d6:	7bea                	ld	s7,184(sp)
    LREG x24, 24*REGBYTES(sp)
    800001d8:	6c0e                	ld	s8,192(sp)
    LREG x25, 25*REGBYTES(sp)
    800001da:	6cae                	ld	s9,200(sp)
    LREG x26, 26*REGBYTES(sp)
    800001dc:	6d4e                	ld	s10,208(sp)
    LREG x27, 27*REGBYTES(sp)
    800001de:	6dee                	ld	s11,216(sp)
    LREG x28, 28*REGBYTES(sp)
    800001e0:	7e0e                	ld	t3,224(sp)
    LREG x29, 29*REGBYTES(sp)
    800001e2:	7eae                	ld	t4,232(sp)
    LREG x30, 30*REGBYTES(sp)
    800001e4:	7f4e                	ld	t5,240(sp)
    LREG x31, 31*REGBYTES(sp)
    800001e6:	7fee                	ld	t6,248(sp)
    /* Restore sp last */
    LREG x2, 2*REGBYTES(sp)
    800001e8:	6142                	ld	sp,16(sp)

    mret
    800001ea:	30200073          	mret

00000000800001ee <_start_main>:
    .endm

    .global _start_main
    .type _start_main, @function
_start_main:
    BARRIER_PASS __boot_sync
    800001ee:	52fd                	li	t0,-1
    800001f0:	0110000f          	fence	w,w
    800001f4:	aa51a023          	sw	t0,-1376(gp) # 800042e8 <__boot_sync>
    ENTER main
    800001f8:	4505                	li	a0,1
    800001fa:	00004597          	auipc	a1,0x4
    800001fe:	cce58593          	addi	a1,a1,-818 # 80003ec8 <argv>
    80000202:	8101b603          	ld	a2,-2032(gp) # 80004058 <environ>
    80000206:	02a000ef          	jal	80000230 <main>
    8000020a:	5710106f          	j	80001f7a <exit>

000000008000020e <_start_secondary>:

    .global _start_secondary
    .type _start_secondary, @function
_start_secondary:
    /* Synchronize secondary harts */
    BARRIER_WAIT __boot_sync
    8000020e:	aa01a283          	lw	t0,-1376(gp) # 800042e8 <__boot_sync>
    80000212:	fe028ee3          	beqz	t0,8000020e <_start_secondary>
    80000216:	0220000f          	fence	r,r
    ENTER __main
    8000021a:	4505                	li	a0,1
    8000021c:	00004597          	auipc	a1,0x4
    80000220:	cac58593          	addi	a1,a1,-852 # 80003ec8 <argv>
    80000224:	8101b603          	ld	a2,-2032(gp) # 80004058 <environ>
    80000228:	710000ef          	jal	80000938 <__main>
    8000022c:	54f0106f          	j	80001f7a <exit>

0000000080000230 <main>:
    80000230:	fe010113          	addi	sp,sp,-32
    80000234:	00113c23          	sd	ra,24(sp)
    80000238:	15d000ef          	jal	80000b94 <initialise_board>
    8000023c:	4d9010ef          	jal	80001f14 <initialise_benchmark>
    80000240:	00100513          	li	a0,1
    80000244:	4d5010ef          	jal	80001f18 <warm_caches>
    80000248:	2d0000ef          	jal	80000518 <rStartup>
    8000024c:	151000ef          	jal	80000b9c <start_trigger>
    80000250:	4cd010ef          	jal	80001f1c <benchmark>
    80000254:	00a12623          	sw	a0,12(sp)
    80000258:	14d000ef          	jal	80000ba4 <stop_trigger>
    8000025c:	698000ef          	jal	800008f4 <rCleanup>
    80000260:	00c12503          	lw	a0,12(sp)
    80000264:	4c1010ef          	jal	80001f24 <verify_benchmark>
    80000268:	01813083          	ld	ra,24(sp)
    8000026c:	00153513          	seqz	a0,a0
    80000270:	02010113          	addi	sp,sp,32
    80000274:	00008067          	ret

0000000080000278 <mtimecmp_cfg>:
    80000278:	f1402873          	csrr	a6,mhartid
    8000027c:	004017b7          	lui	a5,0x401
    80000280:	80078793          	addi	a5,a5,-2048 # 400800 <__heap_size+0x3e0800>
    80000284:	00f80833          	add	a6,a6,a5
    80000288:	0200c6b7          	lui	a3,0x200c
    8000028c:	0200c537          	lui	a0,0x200c
    80000290:	00381813          	slli	a6,a6,0x3
    80000294:	ffc68693          	addi	a3,a3,-4 # 200bffc <__heap_size+0x1febffc>
    80000298:	ff850513          	addi	a0,a0,-8 # 200bff8 <__heap_size+0x1febff8>
    8000029c:	0006a703          	lw	a4,0(a3)
    800002a0:	00052783          	lw	a5,0(a0)
    800002a4:	0006a583          	lw	a1,0(a3)
    800002a8:	0007061b          	sext.w	a2,a4
    800002ac:	0007879b          	sext.w	a5,a5
    800002b0:	feb716e3          	bne	a4,a1,8000029c <mtimecmp_cfg+0x24>
    800002b4:	02079793          	slli	a5,a5,0x20
    800002b8:	0207d793          	srli	a5,a5,0x20
    800002bc:	02061613          	slli	a2,a2,0x20
    800002c0:	00f66633          	or	a2,a2,a5
    800002c4:	02060613          	addi	a2,a2,32
    800002c8:	0006079b          	sext.w	a5,a2
    800002cc:	00f82023          	sw	a5,0(a6)
    800002d0:	42065613          	srai	a2,a2,0x20
    800002d4:	00c82223          	sw	a2,4(a6)
    800002d8:	00008067          	ret

00000000800002dc <handle_trap>:
    800002dc:	f14027f3          	csrr	a5,mhartid
    800002e0:	0805dc63          	bgez	a1,80000378 <handle_trap+0x9c>
    800002e4:	34402773          	csrr	a4,mip
    800002e8:	00877713          	andi	a4,a4,8
    800002ec:	00070c63          	beqz	a4,80000304 <handle_trap+0x28>
    800002f0:	00800737          	lui	a4,0x800
    800002f4:	00e787b3          	add	a5,a5,a4
    800002f8:	00279793          	slli	a5,a5,0x2
    800002fc:	0007a023          	sw	zero,0(a5)
    80000300:	00008067          	ret
    80000304:	34402773          	csrr	a4,mip
    80000308:	08077713          	andi	a4,a4,128
    8000030c:	06070a63          	beqz	a4,80000380 <handle_trap+0xa4>
    80000310:	06079e63          	bnez	a5,8000038c <handle_trap+0xb0>
    80000314:	8801a783          	lw	a5,-1920(gp) # 800040c8 <timer_flags>
    80000318:	88018713          	addi	a4,gp,-1920 # 800040c8 <timer_flags>
    8000031c:	0017879b          	addiw	a5,a5,1
    80000320:	00f72023          	sw	a5,0(a4) # 800000 <__heap_size+0x7e0000>
    80000324:	00072683          	lw	a3,0(a4)
    80000328:	03100793          	li	a5,49
    8000032c:	0cd7ce63          	blt	a5,a3,80000408 <handle_trap+0x12c>
    80000330:	0200c6b7          	lui	a3,0x200c
    80000334:	0200c837          	lui	a6,0x200c
    80000338:	ffc68693          	addi	a3,a3,-4 # 200bffc <__heap_size+0x1febffc>
    8000033c:	ff880813          	addi	a6,a6,-8 # 200bff8 <__heap_size+0x1febff8>
    80000340:	0006a703          	lw	a4,0(a3)
    80000344:	00082783          	lw	a5,0(a6)
    80000348:	0006a603          	lw	a2,0(a3)
    8000034c:	0007059b          	sext.w	a1,a4
    80000350:	0007879b          	sext.w	a5,a5
    80000354:	fec716e3          	bne	a4,a2,80000340 <handle_trap+0x64>
    80000358:	02079793          	slli	a5,a5,0x20
    8000035c:	02059593          	slli	a1,a1,0x20
    80000360:	0207d793          	srli	a5,a5,0x20
    80000364:	00f5e7b3          	or	a5,a1,a5
    80000368:	02078793          	addi	a5,a5,32
    8000036c:	02004737          	lui	a4,0x2004
    80000370:	00f73023          	sd	a5,0(a4) # 2004000 <__heap_size+0x1fe4000>
    80000374:	00008067          	ret
    80000378:	00b00793          	li	a5,11
    8000037c:	00f58463          	beq	a1,a5,80000384 <handle_trap+0xa8>
    80000380:	00008067          	ret
    80000384:	00450513          	addi	a0,a0,4
    80000388:	00008067          	ret
    8000038c:	00100713          	li	a4,1
    80000390:	08e78e63          	beq	a5,a4,8000042c <handle_trap+0x150>
    80000394:	00200713          	li	a4,2
    80000398:	0ee78c63          	beq	a5,a4,80000490 <handle_trap+0x1b4>
    8000039c:	00300713          	li	a4,3
    800003a0:	fee790e3          	bne	a5,a4,80000380 <handle_trap+0xa4>
    800003a4:	88c1a783          	lw	a5,-1908(gp) # 800040d4 <timer_flags+0xc>
    800003a8:	88018713          	addi	a4,gp,-1920 # 800040c8 <timer_flags>
    800003ac:	0017879b          	addiw	a5,a5,1
    800003b0:	00f72623          	sw	a5,12(a4)
    800003b4:	00c72683          	lw	a3,12(a4)
    800003b8:	03100793          	li	a5,49
    800003bc:	14d7c863          	blt	a5,a3,8000050c <handle_trap+0x230>
    800003c0:	0200c6b7          	lui	a3,0x200c
    800003c4:	0200c837          	lui	a6,0x200c
    800003c8:	ffc68693          	addi	a3,a3,-4 # 200bffc <__heap_size+0x1febffc>
    800003cc:	ff880813          	addi	a6,a6,-8 # 200bff8 <__heap_size+0x1febff8>
    800003d0:	0006a703          	lw	a4,0(a3)
    800003d4:	00082783          	lw	a5,0(a6)
    800003d8:	0006a603          	lw	a2,0(a3)
    800003dc:	0007059b          	sext.w	a1,a4
    800003e0:	0007879b          	sext.w	a5,a5
    800003e4:	fec716e3          	bne	a4,a2,800003d0 <handle_trap+0xf4>
    800003e8:	02079793          	slli	a5,a5,0x20
    800003ec:	02059593          	slli	a1,a1,0x20
    800003f0:	0207d793          	srli	a5,a5,0x20
    800003f4:	00f5e7b3          	or	a5,a1,a5
    800003f8:	02004737          	lui	a4,0x2004
    800003fc:	02078793          	addi	a5,a5,32
    80000400:	00f73c23          	sd	a5,24(a4) # 2004018 <__heap_size+0x1fe4018>
    80000404:	00008067          	ret
    80000408:	00072703          	lw	a4,0(a4)
    8000040c:	f6e7dae3          	bge	a5,a4,80000380 <handle_trap+0xa4>
    80000410:	304027f3          	csrr	a5,mie
    80000414:	f7f7f793          	andi	a5,a5,-129
    80000418:	30479073          	csrw	mie,a5
    8000041c:	300027f3          	csrr	a5,mstatus
    80000420:	ff77f793          	andi	a5,a5,-9
    80000424:	30079073          	csrw	mstatus,a5
    80000428:	00008067          	ret
    8000042c:	8841a783          	lw	a5,-1916(gp) # 800040cc <timer_flags+0x4>
    80000430:	88018713          	addi	a4,gp,-1920 # 800040c8 <timer_flags>
    80000434:	0017879b          	addiw	a5,a5,1
    80000438:	00f72223          	sw	a5,4(a4)
    8000043c:	00472683          	lw	a3,4(a4)
    80000440:	03100793          	li	a5,49
    80000444:	0ad7c863          	blt	a5,a3,800004f4 <handle_trap+0x218>
    80000448:	0200c6b7          	lui	a3,0x200c
    8000044c:	0200c837          	lui	a6,0x200c
    80000450:	ffc68693          	addi	a3,a3,-4 # 200bffc <__heap_size+0x1febffc>
    80000454:	ff880813          	addi	a6,a6,-8 # 200bff8 <__heap_size+0x1febff8>
    80000458:	0006a703          	lw	a4,0(a3)
    8000045c:	00082783          	lw	a5,0(a6)
    80000460:	0006a603          	lw	a2,0(a3)
    80000464:	0007059b          	sext.w	a1,a4
    80000468:	0007879b          	sext.w	a5,a5
    8000046c:	fec716e3          	bne	a4,a2,80000458 <handle_trap+0x17c>
    80000470:	02079793          	slli	a5,a5,0x20
    80000474:	02059593          	slli	a1,a1,0x20
    80000478:	0207d793          	srli	a5,a5,0x20
    8000047c:	00f5e7b3          	or	a5,a1,a5
    80000480:	02004737          	lui	a4,0x2004
    80000484:	02078793          	addi	a5,a5,32
    80000488:	00f73423          	sd	a5,8(a4) # 2004008 <__heap_size+0x1fe4008>
    8000048c:	00008067          	ret
    80000490:	8881a783          	lw	a5,-1912(gp) # 800040d0 <timer_flags+0x8>
    80000494:	88018713          	addi	a4,gp,-1920 # 800040c8 <timer_flags>
    80000498:	0017879b          	addiw	a5,a5,1
    8000049c:	00f72423          	sw	a5,8(a4)
    800004a0:	00872683          	lw	a3,8(a4)
    800004a4:	03100793          	li	a5,49
    800004a8:	04d7cc63          	blt	a5,a3,80000500 <handle_trap+0x224>
    800004ac:	0200c6b7          	lui	a3,0x200c
    800004b0:	0200c837          	lui	a6,0x200c
    800004b4:	ffc68693          	addi	a3,a3,-4 # 200bffc <__heap_size+0x1febffc>
    800004b8:	ff880813          	addi	a6,a6,-8 # 200bff8 <__heap_size+0x1febff8>
    800004bc:	0006a703          	lw	a4,0(a3)
    800004c0:	00082783          	lw	a5,0(a6)
    800004c4:	0006a603          	lw	a2,0(a3)
    800004c8:	0007059b          	sext.w	a1,a4
    800004cc:	0007879b          	sext.w	a5,a5
    800004d0:	fec716e3          	bne	a4,a2,800004bc <handle_trap+0x1e0>
    800004d4:	02079793          	slli	a5,a5,0x20
    800004d8:	02059593          	slli	a1,a1,0x20
    800004dc:	0207d793          	srli	a5,a5,0x20
    800004e0:	00f5e7b3          	or	a5,a1,a5
    800004e4:	02004737          	lui	a4,0x2004
    800004e8:	02078793          	addi	a5,a5,32
    800004ec:	00f73823          	sd	a5,16(a4) # 2004010 <__heap_size+0x1fe4010>
    800004f0:	00008067          	ret
    800004f4:	00472703          	lw	a4,4(a4)
    800004f8:	e8e7d4e3          	bge	a5,a4,80000380 <handle_trap+0xa4>
    800004fc:	f15ff06f          	j	80000410 <handle_trap+0x134>
    80000500:	00872703          	lw	a4,8(a4)
    80000504:	e6e7dee3          	bge	a5,a4,80000380 <handle_trap+0xa4>
    80000508:	f09ff06f          	j	80000410 <handle_trap+0x134>
    8000050c:	00c72703          	lw	a4,12(a4)
    80000510:	e6e7d8e3          	bge	a5,a4,80000380 <handle_trap+0xa4>
    80000514:	efdff06f          	j	80000410 <handle_trap+0x134>

0000000080000518 <rStartup>:
    80000518:	ff010113          	addi	sp,sp,-16
    8000051c:	00113423          	sd	ra,8(sp)
    80000520:	00813023          	sd	s0,0(sp)
    80000524:	00400593          	li	a1,4
    80000528:	3805a02b          	.word	0x3805a02b
    8000052c:	006405b7          	lui	a1,0x640
    80000530:	01258593          	addi	a1,a1,18 # 640012 <__heap_size+0x620012>
    80000534:	00200613          	li	a2,2
    80000538:	0cc5b02b          	.word	0x0cc5b02b
    8000053c:	106405b7          	lui	a1,0x10640
    80000540:	01258593          	addi	a1,a1,18 # 10640012 <__heap_size+0x10620012>
    80000544:	0cc5b02b          	.word	0x0cc5b02b
    80000548:	206405b7          	lui	a1,0x20640
    8000054c:	01258593          	addi	a1,a1,18 # 20640012 <__heap_size+0x20620012>
    80000550:	0cc5b02b          	.word	0x0cc5b02b
    80000554:	306405b7          	lui	a1,0x30640
    80000558:	01258593          	addi	a1,a1,18 # 30640012 <__heap_size+0x30620012>
    8000055c:	0cc5b02b          	.word	0x0cc5b02b
    80000560:	406405b7          	lui	a1,0x40640
    80000564:	01258593          	addi	a1,a1,18 # 40640012 <__heap_size+0x40620012>
    80000568:	0cc5b02b          	.word	0x0cc5b02b
    8000056c:	506405b7          	lui	a1,0x50640
    80000570:	01258593          	addi	a1,a1,18 # 50640012 <__heap_size+0x50620012>
    80000574:	0cc5b02b          	.word	0x0cc5b02b
    80000578:	606405b7          	lui	a1,0x60640
    8000057c:	01258593          	addi	a1,a1,18 # 60640012 <__heap_size+0x60620012>
    80000580:	0cc5b02b          	.word	0x0cc5b02b
    80000584:	20e405b7          	lui	a1,0x20e40
    80000588:	01258593          	addi	a1,a1,18 # 20e40012 <__heap_size+0x20e20012>
    8000058c:	0cc5b02b          	.word	0x0cc5b02b
    80000590:	30e405b7          	lui	a1,0x30e40
    80000594:	01258593          	addi	a1,a1,18 # 30e40012 <__heap_size+0x30e20012>
    80000598:	0cc5b02b          	.word	0x0cc5b02b
    8000059c:	40e405b7          	lui	a1,0x40e40
    800005a0:	01258593          	addi	a1,a1,18 # 40e40012 <__heap_size+0x40e20012>
    800005a4:	0cc5b02b          	.word	0x0cc5b02b
    800005a8:	02001737          	lui	a4,0x2001
    800005ac:	00671713          	slli	a4,a4,0x6
    800005b0:	00100693          	li	a3,1
    800005b4:	200007b7          	lui	a5,0x20000
    800005b8:	01270713          	addi	a4,a4,18 # 2001012 <__heap_size+0x1fe1012>
    800005bc:	10000537          	lui	a0,0x10000
    800005c0:	01f69693          	slli	a3,a3,0x1f
    800005c4:	00e7e5b3          	or	a1,a5,a4
    800005c8:	00200613          	li	a2,2
    800005cc:	0cc5b02b          	.word	0x0cc5b02b
    800005d0:	00a787b3          	add	a5,a5,a0
    800005d4:	fed798e3          	bne	a5,a3,800005c4 <rStartup+0xac>
    800005d8:	02011737          	lui	a4,0x2011
    800005dc:	00671713          	slli	a4,a4,0x6
    800005e0:	00100693          	li	a3,1
    800005e4:	200007b7          	lui	a5,0x20000
    800005e8:	01270713          	addi	a4,a4,18 # 2011012 <__heap_size+0x1ff1012>
    800005ec:	10000537          	lui	a0,0x10000
    800005f0:	01f69693          	slli	a3,a3,0x1f
    800005f4:	00e7e5b3          	or	a1,a5,a4
    800005f8:	00200613          	li	a2,2
    800005fc:	0cc5b02b          	.word	0x0cc5b02b
    80000600:	00a787b3          	add	a5,a5,a0
    80000604:	fed798e3          	bne	a5,a3,800005f4 <rStartup+0xdc>
    80000608:	046605b7          	lui	a1,0x4660
    8000060c:	02258593          	addi	a1,a1,34 # 4660022 <__heap_size+0x4640022>
    80000610:	0cc5b02b          	.word	0x0cc5b02b
    80000614:	146605b7          	lui	a1,0x14660
    80000618:	02258593          	addi	a1,a1,34 # 14660022 <__heap_size+0x14640022>
    8000061c:	0cc5b02b          	.word	0x0cc5b02b
    80000620:	246605b7          	lui	a1,0x24660
    80000624:	02258593          	addi	a1,a1,34 # 24660022 <__heap_size+0x24640022>
    80000628:	0cc5b02b          	.word	0x0cc5b02b
    8000062c:	346605b7          	lui	a1,0x34660
    80000630:	02258593          	addi	a1,a1,34 # 34660022 <__heap_size+0x34640022>
    80000634:	0cc5b02b          	.word	0x0cc5b02b
    80000638:	24e605b7          	lui	a1,0x24e60
    8000063c:	02258593          	addi	a1,a1,34 # 24e60022 <__heap_size+0x24e40022>
    80000640:	0cc5b02b          	.word	0x0cc5b02b
    80000644:	34e605b7          	lui	a1,0x34e60
    80000648:	02258593          	addi	a1,a1,34 # 34e60022 <__heap_size+0x34e40022>
    8000064c:	0cc5b02b          	.word	0x0cc5b02b
    80000650:	44e605b7          	lui	a1,0x44e60
    80000654:	02258593          	addi	a1,a1,34 # 44e60022 <__heap_size+0x44e40022>
    80000658:	0cc5b02b          	.word	0x0cc5b02b
    8000065c:	04043737          	lui	a4,0x4043
    80000660:	00571713          	slli	a4,a4,0x5
    80000664:	00100693          	li	a3,1
    80000668:	200007b7          	lui	a5,0x20000
    8000066c:	02270713          	addi	a4,a4,34 # 4043022 <__heap_size+0x4023022>
    80000670:	10000537          	lui	a0,0x10000
    80000674:	01f69693          	slli	a3,a3,0x1f
    80000678:	00e7e5b3          	or	a1,a5,a4
    8000067c:	00200613          	li	a2,2
    80000680:	0cc5b02b          	.word	0x0cc5b02b
    80000684:	00a787b3          	add	a5,a5,a0
    80000688:	fed798e3          	bne	a5,a3,80000678 <rStartup+0x160>
    8000068c:	04063737          	lui	a4,0x4063
    80000690:	00571713          	slli	a4,a4,0x5
    80000694:	00100693          	li	a3,1
    80000698:	200007b7          	lui	a5,0x20000
    8000069c:	02270713          	addi	a4,a4,34 # 4063022 <__heap_size+0x4043022>
    800006a0:	10000537          	lui	a0,0x10000
    800006a4:	01f69693          	slli	a3,a3,0x1f
    800006a8:	00e7e5b3          	or	a1,a5,a4
    800006ac:	00200613          	li	a2,2
    800006b0:	0cc5b02b          	.word	0x0cc5b02b
    800006b4:	00a787b3          	add	a5,a5,a0
    800006b8:	fed798e3          	bne	a5,a3,800006a8 <rStartup+0x190>
    800006bc:	1e6205b7          	lui	a1,0x1e620
    800006c0:	03258593          	addi	a1,a1,50 # 1e620032 <__heap_size+0x1e600032>
    800006c4:	0cc5b02b          	.word	0x0cc5b02b
    800006c8:	2e6205b7          	lui	a1,0x2e620
    800006cc:	03258593          	addi	a1,a1,50 # 2e620032 <__heap_size+0x2e600032>
    800006d0:	0cc5b02b          	.word	0x0cc5b02b
    800006d4:	3e6205b7          	lui	a1,0x3e620
    800006d8:	03258593          	addi	a1,a1,50 # 3e620032 <__heap_size+0x3e600032>
    800006dc:	0cc5b02b          	.word	0x0cc5b02b
    800006e0:	5e6205b7          	lui	a1,0x5e620
    800006e4:	03258593          	addi	a1,a1,50 # 5e620032 <__heap_size+0x5e600032>
    800006e8:	0cc5b02b          	.word	0x0cc5b02b
    800006ec:	6e6205b7          	lui	a1,0x6e620
    800006f0:	03258593          	addi	a1,a1,50 # 6e620032 <__heap_size+0x6e600032>
    800006f4:	0cc5b02b          	.word	0x0cc5b02b
    800006f8:	7e6205b7          	lui	a1,0x7e620
    800006fc:	03258593          	addi	a1,a1,50 # 7e620032 <__heap_size+0x7e600032>
    80000700:	0cc5b02b          	.word	0x0cc5b02b
    80000704:	25ea05b7          	lui	a1,0x25ea0
    80000708:	01258593          	addi	a1,a1,18 # 25ea0012 <__heap_size+0x25e80012>
    8000070c:	0cc5b02b          	.word	0x0cc5b02b
    80000710:	35ea05b7          	lui	a1,0x35ea0
    80000714:	01258593          	addi	a1,a1,18 # 35ea0012 <__heap_size+0x35e80012>
    80000718:	0cc5b02b          	.word	0x0cc5b02b
    8000071c:	102205b7          	lui	a1,0x10220
    80000720:	00458593          	addi	a1,a1,4 # 10220004 <__heap_size+0x10200004>
    80000724:	0cc5b02b          	.word	0x0cc5b02b
    80000728:	202405b7          	lui	a1,0x20240
    8000072c:	01458593          	addi	a1,a1,20 # 20240014 <__heap_size+0x20220014>
    80000730:	0cc5b02b          	.word	0x0cc5b02b
    80000734:	302605b7          	lui	a1,0x30260
    80000738:	02458593          	addi	a1,a1,36 # 30260024 <__heap_size+0x30240024>
    8000073c:	0cc5b02b          	.word	0x0cc5b02b
    80000740:	402805b7          	lui	a1,0x40280
    80000744:	03458593          	addi	a1,a1,52 # 40280034 <__heap_size+0x40260034>
    80000748:	0cc5b02b          	.word	0x0cc5b02b
    8000074c:	00001f37          	lui	t5,0x1
    80000750:	00001eb7          	lui	t4,0x1
    80000754:	00001e37          	lui	t3,0x1
    80000758:	00001337          	lui	t1,0x1
    8000075c:	000018b7          	lui	a7,0x1
    80000760:	00001837          	lui	a6,0x1
    80000764:	00001537          	lui	a0,0x1
    80000768:	08000693          	li	a3,128
    8000076c:	00000713          	li	a4,0
    80000770:	00100293          	li	t0,1
    80000774:	813f0f13          	addi	t5,t5,-2029 # 813 <__stack_align+0x803>
    80000778:	823e8e93          	addi	t4,t4,-2013 # 823 <__stack_align+0x813>
    8000077c:	833e0e13          	addi	t3,t3,-1997 # 833 <__stack_align+0x823>
    80000780:	87330313          	addi	t1,t1,-1933 # 873 <__stack_align+0x863>
    80000784:	c7388893          	addi	a7,a7,-909 # c73 <__stack_align+0xc63>
    80000788:	85380813          	addi	a6,a6,-1965 # 853 <__stack_align+0x843>
    8000078c:	c5350513          	addi	a0,a0,-941 # c53 <__stack_align+0xc43>
    80000790:	00400f93          	li	t6,4
    80000794:	00e297bb          	sllw	a5,t0,a4
    80000798:	01079793          	slli	a5,a5,0x10
    8000079c:	00d7e7b3          	or	a5,a5,a3
    800007a0:	01e7e5b3          	or	a1,a5,t5
    800007a4:	00200613          	li	a2,2
    800007a8:	0cc5b02b          	.word	0x0cc5b02b
    800007ac:	01d7e5b3          	or	a1,a5,t4
    800007b0:	0cc5b02b          	.word	0x0cc5b02b
    800007b4:	01c7e5b3          	or	a1,a5,t3
    800007b8:	0cc5b02b          	.word	0x0cc5b02b
    800007bc:	4137e593          	ori	a1,a5,1043
    800007c0:	0cc5b02b          	.word	0x0cc5b02b
    800007c4:	4237e593          	ori	a1,a5,1059
    800007c8:	0cc5b02b          	.word	0x0cc5b02b
    800007cc:	4337e593          	ori	a1,a5,1075
    800007d0:	0cc5b02b          	.word	0x0cc5b02b
    800007d4:	0067e5b3          	or	a1,a5,t1
    800007d8:	0cc5b02b          	.word	0x0cc5b02b
    800007dc:	4737e593          	ori	a1,a5,1139
    800007e0:	0cc5b02b          	.word	0x0cc5b02b
    800007e4:	0117e5b3          	or	a1,a5,a7
    800007e8:	0cc5b02b          	.word	0x0cc5b02b
    800007ec:	0107e5b3          	or	a1,a5,a6
    800007f0:	0cc5b02b          	.word	0x0cc5b02b
    800007f4:	4537e593          	ori	a1,a5,1107
    800007f8:	0cc5b02b          	.word	0x0cc5b02b
    800007fc:	00a7e5b3          	or	a1,a5,a0
    80000800:	0cc5b02b          	.word	0x0cc5b02b
    80000804:	0017071b          	addiw	a4,a4,1
    80000808:	08068693          	addi	a3,a3,128
    8000080c:	f9f714e3          	bne	a4,t6,80000794 <rStartup+0x27c>
    80000810:	00500593          	li	a1,5
    80000814:	0cc5b02b          	.word	0x0cc5b02b
    80000818:	00f00593          	li	a1,15
    8000081c:	fa05a02b          	.word	0xfa05a02b
    80000820:	fc00452b          	.word	0xfc00452b
    80000824:	82018413          	addi	s0,gp,-2016 # 80004068 <uart_lock>
    80000828:	00050593          	mv	a1,a0
    8000082c:	00100713          	li	a4,1
    80000830:	0ce427af          	amoswap.w.aq	a5,a4,(s0)
    80000834:	0007879b          	sext.w	a5,a5
    80000838:	fe079ce3          	bnez	a5,80000830 <rStartup+0x318>
    8000083c:	00003517          	auipc	a0,0x3
    80000840:	32c50513          	addi	a0,a0,812 # 80003b68 <__tbss_end+0x4>
    80000844:	3e3010ef          	jal	80002426 <iprintf>
    80000848:	0a04202f          	amoswap.w.rl	zero,zero,(s0)
    8000084c:	304027f3          	csrr	a5,mie
    80000850:	0087e793          	ori	a5,a5,8
    80000854:	30479073          	csrw	mie,a5
    80000858:	300027f3          	csrr	a5,mstatus
    8000085c:	0087e793          	ori	a5,a5,8
    80000860:	30079073          	csrw	mstatus,a5
    80000864:	f14027f3          	csrr	a5,mhartid
    80000868:	00800737          	lui	a4,0x800
    8000086c:	00e787b3          	add	a5,a5,a4
    80000870:	00279793          	slli	a5,a5,0x2
    80000874:	00100713          	li	a4,1
    80000878:	00e7a023          	sw	a4,0(a5) # 20000000 <__heap_size+0x1ffe0000>
    8000087c:	3600452b          	.word	0x3600452b
    80000880:	fe050ee3          	beqz	a0,8000087c <rStartup+0x364>
    80000884:	00100593          	li	a1,1
    80000888:	2c05a02b          	.word	0x2c05a02b
    8000088c:	9edff0ef          	jal	80000278 <mtimecmp_cfg>
    80000890:	304027f3          	csrr	a5,mie
    80000894:	0807e793          	ori	a5,a5,128
    80000898:	30479073          	csrw	mie,a5
    8000089c:	6200002b          	.word	0x6200002b
    800008a0:	00100593          	li	a1,1
    800008a4:	e005a02b          	.word	0xe005a02b
    800008a8:	00100713          	li	a4,1
    800008ac:	0ce427af          	amoswap.w.aq	a5,a4,(s0)
    800008b0:	0007879b          	sext.w	a5,a5
    800008b4:	fe079ce3          	bnez	a5,800008ac <rStartup+0x394>
    800008b8:	000016b7          	lui	a3,0x1
    800008bc:	38868693          	addi	a3,a3,904 # 1388 <__stack_align+0x1378>
    800008c0:	00100613          	li	a2,1
    800008c4:	00000593          	li	a1,0
    800008c8:	00003517          	auipc	a0,0x3
    800008cc:	2c050513          	addi	a0,a0,704 # 80003b88 <__tbss_end+0x24>
    800008d0:	357010ef          	jal	80002426 <iprintf>
    800008d4:	00003517          	auipc	a0,0x3
    800008d8:	2fc50513          	addi	a0,a0,764 # 80003bd0 <__tbss_end+0x6c>
    800008dc:	34b010ef          	jal	80002426 <iprintf>
    800008e0:	0a04202f          	amoswap.w.rl	zero,zero,(s0)
    800008e4:	00813083          	ld	ra,8(sp)
    800008e8:	00013403          	ld	s0,0(sp)
    800008ec:	01010113          	addi	sp,sp,16
    800008f0:	00008067          	ret

00000000800008f4 <rCleanup>:
    800008f4:	00200593          	li	a1,2
    800008f8:	e005a02b          	.word	0xe005a02b
    800008fc:	01a00793          	li	a5,26
    80000900:	00000013          	nop
    80000904:	fff7879b          	addiw	a5,a5,-1
    80000908:	fe079ce3          	bnez	a5,80000900 <rCleanup+0xc>
    8000090c:	6400002b          	.word	0x6400002b
    80000910:	000207b7          	lui	a5,0x20
    80000914:	ffe78793          	addi	a5,a5,-2 # 1fffe <__stack_size+0x17ffe>
    80000918:	00000593          	li	a1,0
    8000091c:	00000613          	li	a2,0
    80000920:	0cc5f52b          	.word	0x0cc5f52b
    80000924:	fea7fae3          	bgeu	a5,a0,80000918 <rCleanup+0x24>
    80000928:	00200593          	li	a1,2
    8000092c:	2c05a02b          	.word	0x2c05a02b
    80000930:	6000002b          	.word	0x6000002b
    80000934:	00008067          	ret

0000000080000938 <__main>:
    80000938:	ff010113          	addi	sp,sp,-16
    8000093c:	00113423          	sd	ra,8(sp)
    80000940:	f14027f3          	csrr	a5,mhartid
    80000944:	00300713          	li	a4,3
    80000948:	0ae78e63          	beq	a5,a4,80000a04 <__main+0xcc>
    8000094c:	0af76263          	bltu	a4,a5,800009f0 <__main+0xb8>
    80000950:	00100713          	li	a4,1
    80000954:	04e78a63          	beq	a5,a4,800009a8 <__main+0x70>
    80000958:	00200693          	li	a3,2
    8000095c:	0ed79c63          	bne	a5,a3,80000a54 <__main+0x11c>
    80000960:	304027f3          	csrr	a5,mie
    80000964:	0087e793          	ori	a5,a5,8
    80000968:	30479073          	csrw	mie,a5
    8000096c:	300027f3          	csrr	a5,mstatus
    80000970:	0087e793          	ori	a5,a5,8
    80000974:	30079073          	csrw	mstatus,a5
    80000978:	f14027f3          	csrr	a5,mhartid
    8000097c:	008006b7          	lui	a3,0x800
    80000980:	00d787b3          	add	a5,a5,a3
    80000984:	00279793          	slli	a5,a5,0x2
    80000988:	00e7a023          	sw	a4,0(a5)
    8000098c:	8edff0ef          	jal	80000278 <mtimecmp_cfg>
    80000990:	304027f3          	csrr	a5,mie
    80000994:	0807e793          	ori	a5,a5,128
    80000998:	30479073          	csrw	mie,a5
    8000099c:	00200513          	li	a0,2
    800009a0:	0b8000ef          	jal	80000a58 <checker>
    800009a4:	0000006f          	j	800009a4 <__main+0x6c>
    800009a8:	30402773          	csrr	a4,mie
    800009ac:	00876713          	ori	a4,a4,8
    800009b0:	30471073          	csrw	mie,a4
    800009b4:	30002773          	csrr	a4,mstatus
    800009b8:	00876713          	ori	a4,a4,8
    800009bc:	30071073          	csrw	mstatus,a4
    800009c0:	f1402773          	csrr	a4,mhartid
    800009c4:	008006b7          	lui	a3,0x800
    800009c8:	00d70733          	add	a4,a4,a3
    800009cc:	00271713          	slli	a4,a4,0x2
    800009d0:	00f72023          	sw	a5,0(a4) # 800000 <__heap_size+0x7e0000>
    800009d4:	8a5ff0ef          	jal	80000278 <mtimecmp_cfg>
    800009d8:	304027f3          	csrr	a5,mie
    800009dc:	0807e793          	ori	a5,a5,128
    800009e0:	30479073          	csrw	mie,a5
    800009e4:	00100513          	li	a0,1
    800009e8:	070000ef          	jal	80000a58 <checker>
    800009ec:	fb9ff06f          	j	800009a4 <__main+0x6c>
    800009f0:	00400713          	li	a4,4
    800009f4:	04e79e63          	bne	a5,a4,80000a50 <__main+0x118>
    800009f8:	00400513          	li	a0,4
    800009fc:	05c000ef          	jal	80000a58 <checker>
    80000a00:	fa5ff06f          	j	800009a4 <__main+0x6c>
    80000a04:	304027f3          	csrr	a5,mie
    80000a08:	0087e793          	ori	a5,a5,8
    80000a0c:	30479073          	csrw	mie,a5
    80000a10:	300027f3          	csrr	a5,mstatus
    80000a14:	0087e793          	ori	a5,a5,8
    80000a18:	30079073          	csrw	mstatus,a5
    80000a1c:	f14027f3          	csrr	a5,mhartid
    80000a20:	00800737          	lui	a4,0x800
    80000a24:	00e787b3          	add	a5,a5,a4
    80000a28:	00279793          	slli	a5,a5,0x2
    80000a2c:	00100713          	li	a4,1
    80000a30:	00e7a023          	sw	a4,0(a5)
    80000a34:	845ff0ef          	jal	80000278 <mtimecmp_cfg>
    80000a38:	304027f3          	csrr	a5,mie
    80000a3c:	0807e793          	ori	a5,a5,128
    80000a40:	30479073          	csrw	mie,a5
    80000a44:	00300513          	li	a0,3
    80000a48:	010000ef          	jal	80000a58 <checker>
    80000a4c:	f59ff06f          	j	800009a4 <__main+0x6c>
    80000a50:	f55ff06f          	j	800009a4 <__main+0x6c>
    80000a54:	f51ff06f          	j	800009a4 <__main+0x6c>

0000000080000a58 <checker>:
    80000a58:	00100593          	li	a1,1
    80000a5c:	0205a02b          	.word	0x0205a02b
    80000a60:	2c05a02b          	.word	0x2c05a02b
    80000a64:	8000002b          	.word	0x8000002b
    80000a68:	a200002b          	.word	0xa200002b
    80000a6c:	000015b7          	lui	a1,0x1
    80000a70:	38858593          	addi	a1,a1,904 # 1388 <__stack_align+0x1378>
    80000a74:	f205a02b          	.word	0xf205a02b
    80000a78:	00100593          	li	a1,1
    80000a7c:	ec05a02b          	.word	0xec05a02b
    80000a80:	00000593          	li	a1,0
    80000a84:	ec05a02b          	.word	0xec05a02b
    80000a88:	02000593          	li	a1,32
    80000a8c:	ec05a02b          	.word	0xec05a02b
    80000a90:	00000593          	li	a1,0
    80000a94:	ec05a02b          	.word	0xec05a02b
    80000a98:	ea00002b          	.word	0xea00002b
    80000a9c:	e600002b          	.word	0xe600002b
    80000aa0:	c800002b          	.word	0xc800002b
    80000aa4:	00200793          	li	a5,2
    80000aa8:	00800713          	li	a4,8
    80000aac:	0100006f          	j	80000abc <checker+0x64>
    80000ab0:	c200452b          	.word	0xc200452b
    80000ab4:	01857513          	andi	a0,a0,24
    80000ab8:	04e50a63          	beq	a0,a4,80000b0c <checker+0xb4>
    80000abc:	0e00452b          	.word	0x0e00452b
    80000ac0:	fef518e3          	bne	a0,a5,80000ab0 <checker+0x58>
    80000ac4:	04000593          	li	a1,64
    80000ac8:	ec05a02b          	.word	0xec05a02b
    80000acc:	00000593          	li	a1,0
    80000ad0:	ec05a02b          	.word	0xec05a02b
    80000ad4:	e400002b          	.word	0xe400002b
    80000ad8:	c000002b          	.word	0xc000002b
    80000adc:	00000013          	nop
    80000ae0:	00000013          	nop
    80000ae4:	00000013          	nop
    80000ae8:	00000013          	nop
    80000aec:	00000013          	nop
    80000af0:	00200793          	li	a5,2
    80000af4:	0e00452b          	.word	0x0e00452b
    80000af8:	fef51ee3          	bne	a0,a5,80000af4 <checker+0x9c>
    80000afc:	8600002b          	.word	0x8600002b
    80000b00:	00200593          	li	a1,2
    80000b04:	2c05a02b          	.word	0x2c05a02b
    80000b08:	0000006f          	j	80000b08 <checker+0xb0>
    80000b0c:	c000002b          	.word	0xc000002b
    80000b10:	00001067          	.word	0x00001067
    80000b14:	fa9ff06f          	j	80000abc <checker+0x64>

0000000080000b18 <task_synthetic_malloc>:
    80000b18:	ff010113          	addi	sp,sp,-16
    80000b1c:	00813023          	sd	s0,0(sp)
    80000b20:	00050413          	mv	s0,a0
    80000b24:	08000513          	li	a0,128
    80000b28:	00113423          	sd	ra,8(sp)
    80000b2c:	474010ef          	jal	80001fa0 <malloc>
    80000b30:	04050863          	beqz	a0,80000b80 <task_synthetic_malloc+0x68>
    80000b34:	0004069b          	sext.w	a3,s0
    80000b38:	00050793          	mv	a5,a0
    80000b3c:	08050613          	addi	a2,a0,128
    80000b40:	00050713          	mv	a4,a0
    80000b44:	00d72023          	sw	a3,0(a4) # 800000 <__heap_size+0x7e0000>
    80000b48:	00470713          	addi	a4,a4,4
    80000b4c:	0016869b          	addiw	a3,a3,1 # 800001 <__heap_size+0x7e0001>
    80000b50:	fec71ae3          	bne	a4,a2,80000b44 <task_synthetic_malloc+0x2c>
    80000b54:	00000413          	li	s0,0
    80000b58:	0007a703          	lw	a4,0(a5)
    80000b5c:	00478793          	addi	a5,a5,4
    80000b60:	0087043b          	addw	s0,a4,s0
    80000b64:	fec79ae3          	bne	a5,a2,80000b58 <task_synthetic_malloc+0x40>
    80000b68:	444010ef          	jal	80001fac <free>
    80000b6c:	00813083          	ld	ra,8(sp)
    80000b70:	00040513          	mv	a0,s0
    80000b74:	00013403          	ld	s0,0(sp)
    80000b78:	01010113          	addi	sp,sp,16
    80000b7c:	00008067          	ret
    80000b80:	00003517          	auipc	a0,0x3
    80000b84:	08050513          	addi	a0,a0,128 # 80003c00 <__tbss_end+0x9c>
    80000b88:	09f010ef          	jal	80002426 <iprintf>
    80000b8c:	00000513          	li	a0,0
    80000b90:	3ea010ef          	jal	80001f7a <exit>

0000000080000b94 <initialise_board>:
    80000b94:	00000513          	li	a0,0
    80000b98:	00008067          	ret

0000000080000b9c <start_trigger>:
    80000b9c:	00000513          	li	a0,0
    80000ba0:	00008067          	ret

0000000080000ba4 <stop_trigger>:
    80000ba4:	00000513          	li	a0,0
    80000ba8:	00008067          	ret

0000000080000bac <rand_beebs>:
    80000bac:	84018713          	addi	a4,gp,-1984 # 80004088 <seed>
    80000bb0:	00073503          	ld	a0,0(a4)
    80000bb4:	41c657b7          	lui	a5,0x41c65
    80000bb8:	e6d78793          	addi	a5,a5,-403 # 41c64e6d <__heap_size+0x41c44e6d>
    80000bbc:	02f50533          	mul	a0,a0,a5
    80000bc0:	000037b7          	lui	a5,0x3
    80000bc4:	03978793          	addi	a5,a5,57 # 3039 <__stack_align+0x3029>
    80000bc8:	00f50533          	add	a0,a0,a5
    80000bcc:	02151513          	slli	a0,a0,0x21
    80000bd0:	02155513          	srli	a0,a0,0x21
    80000bd4:	00a73023          	sd	a0,0(a4)
    80000bd8:	01055513          	srli	a0,a0,0x10
    80000bdc:	00008067          	ret

0000000080000be0 <srand_beebs>:
    80000be0:	02051513          	slli	a0,a0,0x20
    80000be4:	02055513          	srli	a0,a0,0x20
    80000be8:	84a1b023          	sd	a0,-1984(gp) # 80004088 <seed>
    80000bec:	00008067          	ret

0000000080000bf0 <init_heap_beebs>:
    80000bf0:	0075f793          	andi	a5,a1,7
    80000bf4:	00079c63          	bnez	a5,80000c0c <init_heap_beebs+0x1c>
    80000bf8:	00b505b3          	add	a1,a0,a1
    80000bfc:	82a1bc23          	sd	a0,-1992(gp) # 80004080 <heap_ptr>
    80000c00:	82b1b823          	sd	a1,-2000(gp) # 80004078 <heap_end>
    80000c04:	8201b423          	sd	zero,-2008(gp) # 80004070 <heap_requested>
    80000c08:	00008067          	ret
    80000c0c:	ff010113          	addi	sp,sp,-16
    80000c10:	00003697          	auipc	a3,0x3
    80000c14:	01068693          	addi	a3,a3,16 # 80003c20 <__tbss_end+0xbc>
    80000c18:	00003617          	auipc	a2,0x3
    80000c1c:	14060613          	addi	a2,a2,320 # 80003d58 <__func__.0>
    80000c20:	04100593          	li	a1,65
    80000c24:	00003517          	auipc	a0,0x3
    80000c28:	01c50513          	addi	a0,a0,28 # 80003c40 <__tbss_end+0xdc>
    80000c2c:	00113423          	sd	ra,8(sp)
    80000c30:	300010ef          	jal	80001f30 <__assert_func>

0000000080000c34 <check_heap_beebs>:
    80000c34:	8281b783          	ld	a5,-2008(gp) # 80004070 <heap_requested>
    80000c38:	00f507b3          	add	a5,a0,a5
    80000c3c:	8301b503          	ld	a0,-2000(gp) # 80004078 <heap_end>
    80000c40:	00f53533          	sltu	a0,a0,a5
    80000c44:	00154513          	xori	a0,a0,1
    80000c48:	00008067          	ret

0000000080000c4c <malloc_beebs>:
    80000c4c:	00050793          	mv	a5,a0
    80000c50:	04050a63          	beqz	a0,80000ca4 <malloc_beebs+0x58>
    80000c54:	83818613          	addi	a2,gp,-1992 # 80004080 <heap_ptr>
    80000c58:	00063503          	ld	a0,0(a2)
    80000c5c:	82818693          	addi	a3,gp,-2008 # 80004070 <heap_requested>
    80000c60:	0006b583          	ld	a1,0(a3)
    80000c64:	00f50733          	add	a4,a0,a5
    80000c68:	00777813          	andi	a6,a4,7
    80000c6c:	00b787b3          	add	a5,a5,a1
    80000c70:	00081c63          	bnez	a6,80000c88 <malloc_beebs+0x3c>
    80000c74:	00f6b023          	sd	a5,0(a3)
    80000c78:	8301b783          	ld	a5,-2000(gp) # 80004078 <heap_end>
    80000c7c:	02e7e463          	bltu	a5,a4,80000ca4 <malloc_beebs+0x58>
    80000c80:	00e63023          	sd	a4,0(a2)
    80000c84:	00008067          	ret
    80000c88:	00800593          	li	a1,8
    80000c8c:	410585b3          	sub	a1,a1,a6
    80000c90:	00b787b3          	add	a5,a5,a1
    80000c94:	00f6b023          	sd	a5,0(a3)
    80000c98:	00b70733          	add	a4,a4,a1
    80000c9c:	8301b783          	ld	a5,-2000(gp) # 80004078 <heap_end>
    80000ca0:	fee7f0e3          	bgeu	a5,a4,80000c80 <malloc_beebs+0x34>
    80000ca4:	00000513          	li	a0,0
    80000ca8:	00008067          	ret

0000000080000cac <calloc_beebs>:
    80000cac:	02b50633          	mul	a2,a0,a1
    80000cb0:	06060a63          	beqz	a2,80000d24 <calloc_beebs+0x78>
    80000cb4:	83818513          	addi	a0,gp,-1992 # 80004080 <heap_ptr>
    80000cb8:	00053783          	ld	a5,0(a0)
    80000cbc:	82818593          	addi	a1,gp,-2008 # 80004070 <heap_requested>
    80000cc0:	0005b703          	ld	a4,0(a1)
    80000cc4:	00c786b3          	add	a3,a5,a2
    80000cc8:	0076f893          	andi	a7,a3,7
    80000ccc:	00e60733          	add	a4,a2,a4
    80000cd0:	02089c63          	bnez	a7,80000d08 <calloc_beebs+0x5c>
    80000cd4:	00e5b023          	sd	a4,0(a1)
    80000cd8:	8301b703          	ld	a4,-2000(gp) # 80004078 <heap_end>
    80000cdc:	04d76463          	bltu	a4,a3,80000d24 <calloc_beebs+0x78>
    80000ce0:	00d53023          	sd	a3,0(a0)
    80000ce4:	04078263          	beqz	a5,80000d28 <calloc_beebs+0x7c>
    80000ce8:	ff010113          	addi	sp,sp,-16
    80000cec:	00000593          	li	a1,0
    80000cf0:	00078513          	mv	a0,a5
    80000cf4:	00113423          	sd	ra,8(sp)
    80000cf8:	1df010ef          	jal	800026d6 <memset>
    80000cfc:	00813083          	ld	ra,8(sp)
    80000d00:	01010113          	addi	sp,sp,16
    80000d04:	00008067          	ret
    80000d08:	00800813          	li	a6,8
    80000d0c:	41180833          	sub	a6,a6,a7
    80000d10:	01070733          	add	a4,a4,a6
    80000d14:	00e5b023          	sd	a4,0(a1)
    80000d18:	010686b3          	add	a3,a3,a6
    80000d1c:	8301b703          	ld	a4,-2000(gp) # 80004078 <heap_end>
    80000d20:	fcd770e3          	bgeu	a4,a3,80000ce0 <calloc_beebs+0x34>
    80000d24:	00000793          	li	a5,0
    80000d28:	00078513          	mv	a0,a5
    80000d2c:	00008067          	ret

0000000080000d30 <realloc_beebs>:
    80000d30:	06050c63          	beqz	a0,80000da8 <realloc_beebs+0x78>
    80000d34:	fe010113          	addi	sp,sp,-32
    80000d38:	00813823          	sd	s0,16(sp)
    80000d3c:	00050413          	mv	s0,a0
    80000d40:	00058513          	mv	a0,a1
    80000d44:	00913423          	sd	s1,8(sp)
    80000d48:	00113c23          	sd	ra,24(sp)
    80000d4c:	00058493          	mv	s1,a1
    80000d50:	efdff0ef          	jal	80000c4c <malloc_beebs>
    80000d54:	02050e63          	beqz	a0,80000d90 <realloc_beebs+0x60>
    80000d58:	00040793          	mv	a5,s0
    80000d5c:	00050713          	mv	a4,a0
    80000d60:	00940633          	add	a2,s0,s1
    80000d64:	00048c63          	beqz	s1,80000d7c <realloc_beebs+0x4c>
    80000d68:	0007c683          	lbu	a3,0(a5)
    80000d6c:	00178793          	addi	a5,a5,1
    80000d70:	00170713          	addi	a4,a4,1
    80000d74:	fed70fa3          	sb	a3,-1(a4)
    80000d78:	fec798e3          	bne	a5,a2,80000d68 <realloc_beebs+0x38>
    80000d7c:	01813083          	ld	ra,24(sp)
    80000d80:	01013403          	ld	s0,16(sp)
    80000d84:	00813483          	ld	s1,8(sp)
    80000d88:	02010113          	addi	sp,sp,32
    80000d8c:	00008067          	ret
    80000d90:	01813083          	ld	ra,24(sp)
    80000d94:	01013403          	ld	s0,16(sp)
    80000d98:	00813483          	ld	s1,8(sp)
    80000d9c:	00000513          	li	a0,0
    80000da0:	02010113          	addi	sp,sp,32
    80000da4:	00008067          	ret
    80000da8:	00000513          	li	a0,0
    80000dac:	00008067          	ret

0000000080000db0 <free_beebs>:
    80000db0:	00008067          	ret

0000000080000db4 <match_op>:
    80000db4:	00054783          	lbu	a5,0(a0)
    80000db8:	05c00713          	li	a4,92
    80000dbc:	08e78863          	beq	a5,a4,80000e4c <match_op+0x98>
    80000dc0:	02f76063          	bltu	a4,a5,80000de0 <match_op+0x2c>
    80000dc4:	02400713          	li	a4,36
    80000dc8:	fff00513          	li	a0,-1
    80000dcc:	00e78863          	beq	a5,a4,80000ddc <match_op+0x28>
    80000dd0:	02e00713          	li	a4,46
    80000dd4:	00100513          	li	a0,1
    80000dd8:	00e79a63          	bne	a5,a4,80000dec <match_op+0x38>
    80000ddc:	00008067          	ret
    80000de0:	07c00713          	li	a4,124
    80000de4:	ffc00513          	li	a0,-4
    80000de8:	fee78ae3          	beq	a5,a4,80000ddc <match_op+0x28>
    80000dec:	00001737          	lui	a4,0x1
    80000df0:	00e60633          	add	a2,a2,a4
    80000df4:	fbc62703          	lw	a4,-68(a2)
    80000df8:	0005c683          	lbu	a3,0(a1)
    80000dfc:	00177713          	andi	a4,a4,1
    80000e00:	04070063          	beqz	a4,80000e40 <match_op+0x8c>
    80000e04:	00003717          	auipc	a4,0x3
    80000e08:	f6570713          	addi	a4,a4,-155 # 80003d69 <_ctype_+0x1>
    80000e0c:	00f70633          	add	a2,a4,a5
    80000e10:	00064603          	lbu	a2,0(a2)
    80000e14:	00100593          	li	a1,1
    80000e18:	0007879b          	sext.w	a5,a5
    80000e1c:	00367613          	andi	a2,a2,3
    80000e20:	00b61463          	bne	a2,a1,80000e28 <match_op+0x74>
    80000e24:	02078793          	addi	a5,a5,32
    80000e28:	00d70733          	add	a4,a4,a3
    80000e2c:	00074703          	lbu	a4,0(a4)
    80000e30:	00100613          	li	a2,1
    80000e34:	0006869b          	sext.w	a3,a3
    80000e38:	00377713          	andi	a4,a4,3
    80000e3c:	10c70063          	beq	a4,a2,80000f3c <match_op+0x188>
    80000e40:	04d79463          	bne	a5,a3,80000e88 <match_op+0xd4>
    80000e44:	00100513          	li	a0,1
    80000e48:	00008067          	ret
    80000e4c:	00154783          	lbu	a5,1(a0)
    80000e50:	07300713          	li	a4,115
    80000e54:	0005c683          	lbu	a3,0(a1)
    80000e58:	0ce78463          	beq	a5,a4,80000f20 <match_op+0x16c>
    80000e5c:	02f76a63          	bltu	a4,a5,80000e90 <match_op+0xdc>
    80000e60:	05300713          	li	a4,83
    80000e64:	0ee78063          	beq	a5,a4,80000f44 <match_op+0x190>
    80000e68:	06400713          	li	a4,100
    80000e6c:	fce79ae3          	bne	a5,a4,80000e40 <match_op+0x8c>
    80000e70:	00003797          	auipc	a5,0x3
    80000e74:	ef978793          	addi	a5,a5,-263 # 80003d69 <_ctype_+0x1>
    80000e78:	00f687b3          	add	a5,a3,a5
    80000e7c:	0007c783          	lbu	a5,0(a5)
    80000e80:	0047f793          	andi	a5,a5,4
    80000e84:	fc0790e3          	bnez	a5,80000e44 <match_op+0x90>
    80000e88:	fff00513          	li	a0,-1
    80000e8c:	00008067          	ret
    80000e90:	07800713          	li	a4,120
    80000e94:	fae796e3          	bne	a5,a4,80000e40 <match_op+0x8c>
    80000e98:	00254783          	lbu	a5,2(a0)
    80000e9c:	00003717          	auipc	a4,0x3
    80000ea0:	ecd70713          	addi	a4,a4,-307 # 80003d69 <_ctype_+0x1>
    80000ea4:	00100593          	li	a1,1
    80000ea8:	00f70633          	add	a2,a4,a5
    80000eac:	00064603          	lbu	a2,0(a2)
    80000eb0:	0007879b          	sext.w	a5,a5
    80000eb4:	00367613          	andi	a2,a2,3
    80000eb8:	00b61463          	bne	a2,a1,80000ec0 <match_op+0x10c>
    80000ebc:	02078793          	addi	a5,a5,32
    80000ec0:	00003597          	auipc	a1,0x3
    80000ec4:	ea858593          	addi	a1,a1,-344 # 80003d68 <_ctype_>
    80000ec8:	00f58633          	add	a2,a1,a5
    80000ecc:	00164603          	lbu	a2,1(a2)
    80000ed0:	00467613          	andi	a2,a2,4
    80000ed4:	08060a63          	beqz	a2,80000f68 <match_op+0x1b4>
    80000ed8:	fd07879b          	addiw	a5,a5,-48
    80000edc:	00354603          	lbu	a2,3(a0)
    80000ee0:	00100813          	li	a6,1
    80000ee4:	0047979b          	slliw	a5,a5,0x4
    80000ee8:	00c70733          	add	a4,a4,a2
    80000eec:	00074503          	lbu	a0,0(a4)
    80000ef0:	0006071b          	sext.w	a4,a2
    80000ef4:	00357613          	andi	a2,a0,3
    80000ef8:	01061463          	bne	a2,a6,80000f00 <match_op+0x14c>
    80000efc:	02070713          	addi	a4,a4,32
    80000f00:	00e585b3          	add	a1,a1,a4
    80000f04:	0015c603          	lbu	a2,1(a1)
    80000f08:	00467613          	andi	a2,a2,4
    80000f0c:	04060a63          	beqz	a2,80000f60 <match_op+0x1ac>
    80000f10:	fd07071b          	addiw	a4,a4,-48
    80000f14:	00e7e7b3          	or	a5,a5,a4
    80000f18:	f2f686e3          	beq	a3,a5,80000e44 <match_op+0x90>
    80000f1c:	f6dff06f          	j	80000e88 <match_op+0xd4>
    80000f20:	00003797          	auipc	a5,0x3
    80000f24:	e4978793          	addi	a5,a5,-439 # 80003d69 <_ctype_+0x1>
    80000f28:	00f687b3          	add	a5,a3,a5
    80000f2c:	0007c783          	lbu	a5,0(a5)
    80000f30:	0087f793          	andi	a5,a5,8
    80000f34:	f00798e3          	bnez	a5,80000e44 <match_op+0x90>
    80000f38:	f51ff06f          	j	80000e88 <match_op+0xd4>
    80000f3c:	02068693          	addi	a3,a3,32
    80000f40:	f01ff06f          	j	80000e40 <match_op+0x8c>
    80000f44:	00003797          	auipc	a5,0x3
    80000f48:	e2578793          	addi	a5,a5,-475 # 80003d69 <_ctype_+0x1>
    80000f4c:	00f687b3          	add	a5,a3,a5
    80000f50:	0007c783          	lbu	a5,0(a5)
    80000f54:	0087f793          	andi	a5,a5,8
    80000f58:	ee0786e3          	beqz	a5,80000e44 <match_op+0x90>
    80000f5c:	f2dff06f          	j	80000e88 <match_op+0xd4>
    80000f60:	fa97071b          	addiw	a4,a4,-87
    80000f64:	fb1ff06f          	j	80000f14 <match_op+0x160>
    80000f68:	fa97879b          	addiw	a5,a5,-87
    80000f6c:	f71ff06f          	j	80000edc <match_op+0x128>

0000000080000f70 <bar>:
    80000f70:	f5010113          	addi	sp,sp,-176
    80000f74:	0a113423          	sd	ra,168(sp)
    80000f78:	05b13423          	sd	s11,72(sp)
    80000f7c:	74b05663          	blez	a1,800016c8 <bar+0x758>
    80000f80:	09213823          	sd	s2,144(sp)
    80000f84:	00068913          	mv	s2,a3
    80000f88:	7406c463          	bltz	a3,800016d0 <bar+0x760>
    80000f8c:	08913c23          	sd	s1,152(sp)
    80000f90:	09313423          	sd	s3,136(sp)
    80000f94:	09413023          	sd	s4,128(sp)
    80000f98:	07513c23          	sd	s5,120(sp)
    80000f9c:	07613823          	sd	s6,112(sp)
    80000fa0:	07813023          	sd	s8,96(sp)
    80000fa4:	05913c23          	sd	s9,88(sp)
    80000fa8:	0a813023          	sd	s0,160(sp)
    80000fac:	05a13823          	sd	s10,80(sp)
    80000fb0:	00058c93          	mv	s9,a1
    80000fb4:	00050a13          	mv	s4,a0
    80000fb8:	00060a93          	mv	s5,a2
    80000fbc:	00070493          	mv	s1,a4
    80000fc0:	00078993          	mv	s3,a5
    80000fc4:	00000b13          	li	s6,0
    80000fc8:	00000313          	li	t1,0
    80000fcc:	02800c13          	li	s8,40
    80000fd0:	006a0d33          	add	s10,s4,t1
    80000fd4:	000d4703          	lbu	a4,0(s10)
    80000fd8:	0d871463          	bne	a4,s8,800010a0 <bar+0x130>
    80000fdc:	0019869b          	addiw	a3,s3,1
    80000fe0:	00169793          	slli	a5,a3,0x1
    80000fe4:	00d787b3          	add	a5,a5,a3
    80000fe8:	00379793          	slli	a5,a5,0x3
    80000fec:	00f487b3          	add	a5,s1,a5
    80000ff0:	0087a403          	lw	s0,8(a5)
    80000ff4:	0024041b          	addiw	s0,s0,2
    80000ff8:	72805863          	blez	s0,80001728 <bar+0x7b8>
    80000ffc:	008305bb          	addw	a1,t1,s0
    80001000:	1795ce63          	blt	a1,s9,8000117c <bar+0x20c>
    80001004:	05b00793          	li	a5,91
    80001008:	3ef70e63          	beq	a4,a5,80001404 <bar+0x494>
    8000100c:	000017b7          	lui	a5,0x1
    80001010:	00f487b3          	add	a5,s1,a5
    80001014:	9607a783          	lw	a5,-1696(a5) # 960 <__stack_align+0x950>
    80001018:	0019899b          	addiw	s3,s3,1
    8000101c:	72f9d863          	bge	s3,a5,8000174c <bar+0x7dc>
    80001020:	41690d3b          	subw	s10,s2,s6
    80001024:	40bc87bb          	subw	a5,s9,a1
    80001028:	016a8533          	add	a0,s5,s6
    8000102c:	000d059b          	sext.w	a1,s10
    80001030:	02f13023          	sd	a5,32(sp)
    80001034:	00a13823          	sd	a0,16(sp)
    80001038:	00b13c23          	sd	a1,24(sp)
    8000103c:	52f04e63          	bgtz	a5,80001578 <bar+0x608>
    80001040:	00098693          	mv	a3,s3
    80001044:	00048613          	mv	a2,s1
    80001048:	00613423          	sd	t1,8(sp)
    8000104c:	708000ef          	jal	80001754 <doh>
    80001050:	00813303          	ld	t1,8(sp)
    80001054:	00050d93          	mv	s11,a0
    80001058:	060dc663          	bltz	s11,800010c4 <bar+0x154>
    8000105c:	016d8f3b          	addw	t5,s11,s6
    80001060:	000017b7          	lui	a5,0x1
    80001064:	00f487b3          	add	a5,s1,a5
    80001068:	fb07b783          	ld	a5,-80(a5) # fb0 <__stack_align+0xfa0>
    8000106c:	00078e63          	beqz	a5,80001088 <bar+0x118>
    80001070:	00499713          	slli	a4,s3,0x4
    80001074:	ff070713          	addi	a4,a4,-16
    80001078:	00e787b3          	add	a5,a5,a4
    8000107c:	01013703          	ld	a4,16(sp)
    80001080:	01b7a423          	sw	s11,8(a5)
    80001084:	00e7b023          	sd	a4,0(a5)
    80001088:	000f0b1b          	sext.w	s6,t5
    8000108c:	0083033b          	addw	t1,t1,s0
    80001090:	01935463          	bge	t1,s9,80001098 <bar+0x128>
    80001094:	f3695ee3          	bge	s2,s6,80000fd0 <bar+0x60>
    80001098:	000b0d93          	mv	s11,s6
    8000109c:	0280006f          	j	800010c4 <bar+0x154>
    800010a0:	05b00793          	li	a5,91
    800010a4:	2cf70a63          	beq	a4,a5,80001378 <bar+0x408>
    800010a8:	05c00793          	li	a5,92
    800010ac:	04f70a63          	beq	a4,a5,80001100 <bar+0x190>
    800010b0:	fd67079b          	addiw	a5,a4,-42
    800010b4:	0ff7f793          	zext.b	a5,a5
    800010b8:	00100693          	li	a3,1
    800010bc:	0cf6e463          	bltu	a3,a5,80001184 <bar+0x214>
    800010c0:	ffe00d93          	li	s11,-2
    800010c4:	0a013403          	ld	s0,160(sp)
    800010c8:	09813483          	ld	s1,152(sp)
    800010cc:	09013903          	ld	s2,144(sp)
    800010d0:	08813983          	ld	s3,136(sp)
    800010d4:	08013a03          	ld	s4,128(sp)
    800010d8:	07813a83          	ld	s5,120(sp)
    800010dc:	07013b03          	ld	s6,112(sp)
    800010e0:	06013c03          	ld	s8,96(sp)
    800010e4:	05813c83          	ld	s9,88(sp)
    800010e8:	05013d03          	ld	s10,80(sp)
    800010ec:	0a813083          	ld	ra,168(sp)
    800010f0:	000d8513          	mv	a0,s11
    800010f4:	04813d83          	ld	s11,72(sp)
    800010f8:	0b010113          	addi	sp,sp,176
    800010fc:	00008067          	ret
    80001100:	001d4683          	lbu	a3,1(s10)
    80001104:	07800793          	li	a5,120
    80001108:	44f68463          	beq	a3,a5,80001550 <bar+0x5e0>
    8000110c:	0023059b          	addiw	a1,t1,2
    80001110:	00200413          	li	s0,2
    80001114:	0995da63          	bge	a1,s9,800011a8 <bar+0x238>
    80001118:	07713423          	sd	s7,104(sp)
    8000111c:	00200413          	li	s0,2
    80001120:	00040b93          	mv	s7,s0
    80001124:	01730bb3          	add	s7,t1,s7
    80001128:	017a07b3          	add	a5,s4,s7
    8000112c:	0007c683          	lbu	a3,0(a5)
    80001130:	00f13c23          	sd	a5,24(sp)
    80001134:	00100613          	li	a2,1
    80001138:	fd66879b          	addiw	a5,a3,-42
    8000113c:	0ff7f793          	zext.b	a5,a5
    80001140:	08f67a63          	bgeu	a2,a5,800011d4 <bar+0x264>
    80001144:	03f00793          	li	a5,63
    80001148:	58f68a63          	beq	a3,a5,800016dc <bar+0x76c>
    8000114c:	05b00793          	li	a5,91
    80001150:	4af70e63          	beq	a4,a5,8000160c <bar+0x69c>
    80001154:	02800793          	li	a5,40
    80001158:	06813b83          	ld	s7,104(sp)
    8000115c:	eaf708e3          	beq	a4,a5,8000100c <bar+0x9c>
    80001160:	05e00793          	li	a5,94
    80001164:	26f70c63          	beq	a4,a5,800013dc <bar+0x46c>
    80001168:	02400793          	li	a5,36
    8000116c:	02f71e63          	bne	a4,a5,800011a8 <bar+0x238>
    80001170:	27690863          	beq	s2,s6,800013e0 <bar+0x470>
    80001174:	fff00d93          	li	s11,-1
    80001178:	f4dff06f          	j	800010c4 <bar+0x154>
    8000117c:	07713423          	sd	s7,104(sp)
    80001180:	fa1ff06f          	j	80001120 <bar+0x1b0>
    80001184:	03f00793          	li	a5,63
    80001188:	f2f70ce3          	beq	a4,a5,800010c0 <bar+0x150>
    8000118c:	0013059b          	addiw	a1,t1,1
    80001190:	00100413          	li	s0,1
    80001194:	fd95d6e3          	bge	a1,s9,80001160 <bar+0x1f0>
    80001198:	07713423          	sd	s7,104(sp)
    8000119c:	00100413          	li	s0,1
    800011a0:	00100b93          	li	s7,1
    800011a4:	f81ff06f          	j	80001124 <bar+0x1b4>
    800011a8:	00613423          	sd	t1,8(sp)
    800011ac:	fd2b54e3          	bge	s6,s2,80001174 <bar+0x204>
    800011b0:	00048613          	mv	a2,s1
    800011b4:	016a85b3          	add	a1,s5,s6
    800011b8:	000d0513          	mv	a0,s10
    800011bc:	bf9ff0ef          	jal	80000db4 <match_op>
    800011c0:	00050d93          	mv	s11,a0
    800011c4:	f0a050e3          	blez	a0,800010c4 <bar+0x154>
    800011c8:	00813303          	ld	t1,8(sp)
    800011cc:	01650b3b          	addw	s6,a0,s6
    800011d0:	ebdff06f          	j	8000108c <bar+0x11c>
    800011d4:	0015879b          	addiw	a5,a1,1
    800011d8:	00f13823          	sd	a5,16(sp)
    800011dc:	02013023          	sd	zero,32(sp)
    800011e0:	0197da63          	bge	a5,s9,800011f4 <bar+0x284>
    800011e4:	00fa07b3          	add	a5,s4,a5
    800011e8:	0007c703          	lbu	a4,0(a5)
    800011ec:	03f00793          	li	a5,63
    800011f0:	20f70063          	beq	a4,a5,800013f0 <bar+0x480>
    800011f4:	fff00793          	li	a5,-1
    800011f8:	02f13423          	sd	a5,40(sp)
    800011fc:	01013783          	ld	a5,16(sp)
    80001200:	000b0c13          	mv	s8,s6
    80001204:	000b0d93          	mv	s11,s6
    80001208:	40fc873b          	subw	a4,s9,a5
    8000120c:	00fa07b3          	add	a5,s4,a5
    80001210:	02e13823          	sd	a4,48(sp)
    80001214:	02f13c23          	sd	a5,56(sp)
    80001218:	01ba8bb3          	add	s7,s5,s11
    8000121c:	41b906bb          	subw	a3,s2,s11
    80001220:	00098793          	mv	a5,s3
    80001224:	00048713          	mv	a4,s1
    80001228:	000b8613          	mv	a2,s7
    8000122c:	00040593          	mv	a1,s0
    80001230:	000d0513          	mv	a0,s10
    80001234:	00d13423          	sd	a3,8(sp)
    80001238:	d39ff0ef          	jal	80000f70 <bar>
    8000123c:	00813683          	ld	a3,8(sp)
    80001240:	00050313          	mv	t1,a0
    80001244:	0ca05663          	blez	a0,80001310 <bar+0x3a0>
    80001248:	00ad8dbb          	addw	s11,s11,a0
    8000124c:	01013783          	ld	a5,16(sp)
    80001250:	0f97c863          	blt	a5,s9,80001340 <bar+0x3d0>
    80001254:	000d8c13          	mv	s8,s11
    80001258:	018b5663          	bge	s6,s8,80001264 <bar+0x2f4>
    8000125c:	02013783          	ld	a5,32(sp)
    80001260:	00079463          	bnez	a5,80001268 <bar+0x2f8>
    80001264:	fa604ae3          	bgtz	t1,80001218 <bar+0x2a8>
    80001268:	01813783          	ld	a5,24(sp)
    8000126c:	0007c783          	lbu	a5,0(a5)
    80001270:	04035063          	bgez	t1,800012b0 <bar+0x340>
    80001274:	02a00713          	li	a4,42
    80001278:	02e79c63          	bne	a5,a4,800012b0 <bar+0x340>
    8000127c:	01013503          	ld	a0,16(sp)
    80001280:	00098793          	mv	a5,s3
    80001284:	00048713          	mv	a4,s1
    80001288:	40ac85bb          	subw	a1,s9,a0
    8000128c:	416906bb          	subw	a3,s2,s6
    80001290:	016a8633          	add	a2,s5,s6
    80001294:	00aa0533          	add	a0,s4,a0
    80001298:	cd9ff0ef          	jal	80000f70 <bar>
    8000129c:	02a13423          	sd	a0,40(sp)
    800012a0:	01650dbb          	addw	s11,a0,s6
    800012a4:	02a04663          	bgtz	a0,800012d0 <bar+0x360>
    800012a8:	01813783          	ld	a5,24(sp)
    800012ac:	0007c783          	lbu	a5,0(a5)
    800012b0:	000c0d93          	mv	s11,s8
    800012b4:	02b00713          	li	a4,43
    800012b8:	06e78c63          	beq	a5,a4,80001330 <bar+0x3c0>
    800012bc:	016d9a63          	bne	s11,s6,800012d0 <bar+0x360>
    800012c0:	01013783          	ld	a5,16(sp)
    800012c4:	0197d663          	bge	a5,s9,800012d0 <bar+0x360>
    800012c8:	02813783          	ld	a5,40(sp)
    800012cc:	0607c463          	bltz	a5,80001334 <bar+0x3c4>
    800012d0:	0a013403          	ld	s0,160(sp)
    800012d4:	0a813083          	ld	ra,168(sp)
    800012d8:	09813483          	ld	s1,152(sp)
    800012dc:	09013903          	ld	s2,144(sp)
    800012e0:	08813983          	ld	s3,136(sp)
    800012e4:	08013a03          	ld	s4,128(sp)
    800012e8:	07813a83          	ld	s5,120(sp)
    800012ec:	07013b03          	ld	s6,112(sp)
    800012f0:	06813b83          	ld	s7,104(sp)
    800012f4:	06013c03          	ld	s8,96(sp)
    800012f8:	05813c83          	ld	s9,88(sp)
    800012fc:	05013d03          	ld	s10,80(sp)
    80001300:	000d8513          	mv	a0,s11
    80001304:	04813d83          	ld	s11,72(sp)
    80001308:	0b010113          	addi	sp,sp,176
    8000130c:	00008067          	ret
    80001310:	01813783          	ld	a5,24(sp)
    80001314:	02b00713          	li	a4,43
    80001318:	0007c783          	lbu	a5,0(a5)
    8000131c:	f2e798e3          	bne	a5,a4,8000124c <bar+0x2dc>
    80001320:	24051663          	bnez	a0,8000156c <bar+0x5fc>
    80001324:	01013703          	ld	a4,16(sp)
    80001328:	03974063          	blt	a4,s9,80001348 <bar+0x3d8>
    8000132c:	f9bb44e3          	blt	s6,s11,800012b4 <bar+0x344>
    80001330:	fbbb10e3          	bne	s6,s11,800012d0 <bar+0x360>
    80001334:	06813b83          	ld	s7,104(sp)
    80001338:	fff00d93          	li	s11,-1
    8000133c:	d89ff06f          	j	800010c4 <bar+0x154>
    80001340:	01ba8bb3          	add	s7,s5,s11
    80001344:	41b906bb          	subw	a3,s2,s11
    80001348:	03013583          	ld	a1,48(sp)
    8000134c:	03813503          	ld	a0,56(sp)
    80001350:	00098793          	mv	a5,s3
    80001354:	00048713          	mv	a4,s1
    80001358:	000b8613          	mv	a2,s7
    8000135c:	00613423          	sd	t1,8(sp)
    80001360:	c11ff0ef          	jal	80000f70 <bar>
    80001364:	02a13423          	sd	a0,40(sp)
    80001368:	00813303          	ld	t1,8(sp)
    8000136c:	ee0546e3          	bltz	a0,80001258 <bar+0x2e8>
    80001370:	01b50c3b          	addw	s8,a0,s11
    80001374:	ee5ff06f          	j	80001258 <bar+0x2e8>
    80001378:	406c85bb          	subw	a1,s9,t1
    8000137c:	fff5859b          	addiw	a1,a1,-1
    80001380:	00000413          	li	s0,0
    80001384:	05d00513          	li	a0,93
    80001388:	05c00813          	li	a6,92
    8000138c:	07800f13          	li	t5,120
    80001390:	3a058463          	beqz	a1,80001738 <bar+0x7c8>
    80001394:	0014069b          	addiw	a3,s0,1
    80001398:	00dd0633          	add	a2,s10,a3
    8000139c:	00064783          	lbu	a5,0(a2)
    800013a0:	00a78863          	beq	a5,a0,800013b0 <bar+0x440>
    800013a4:	01078c63          	beq	a5,a6,800013bc <bar+0x44c>
    800013a8:	00068413          	mv	s0,a3
    800013ac:	feb444e3          	blt	s0,a1,80001394 <bar+0x424>
    800013b0:	3685cc63          	blt	a1,s0,80001728 <bar+0x7b8>
    800013b4:	0024041b          	addiw	s0,s0,2
    800013b8:	c41ff06f          	j	80000ff8 <bar+0x88>
    800013bc:	00164783          	lbu	a5,1(a2)
    800013c0:	01e78863          	beq	a5,t5,800013d0 <bar+0x460>
    800013c4:	0024041b          	addiw	s0,s0,2
    800013c8:	fcb446e3          	blt	s0,a1,80001394 <bar+0x424>
    800013cc:	fe5ff06f          	j	800013b0 <bar+0x440>
    800013d0:	0044041b          	addiw	s0,s0,4
    800013d4:	fcb440e3          	blt	s0,a1,80001394 <bar+0x424>
    800013d8:	fd9ff06f          	j	800013b0 <bar+0x440>
    800013dc:	d80b1ce3          	bnez	s6,80001174 <bar+0x204>
    800013e0:	0083033b          	addw	t1,t1,s0
    800013e4:	bf9346e3          	blt	t1,s9,80000fd0 <bar+0x60>
    800013e8:	000b0d93          	mv	s11,s6
    800013ec:	cd9ff06f          	j	800010c4 <bar+0x154>
    800013f0:	0025879b          	addiw	a5,a1,2
    800013f4:	00f13823          	sd	a5,16(sp)
    800013f8:	00100793          	li	a5,1
    800013fc:	02f13023          	sd	a5,32(sp)
    80001400:	df5ff06f          	j	800011f4 <bar+0x284>
    80001404:	0023079b          	addiw	a5,t1,2
    80001408:	00130713          	addi	a4,t1,1
    8000140c:	00ea0db3          	add	s11,s4,a4
    80001410:	000dc683          	lbu	a3,0(s11)
    80001414:	40fc863b          	subw	a2,s9,a5
    80001418:	00060793          	mv	a5,a2
    8000141c:	00c13423          	sd	a2,8(sp)
    80001420:	016a8633          	add	a2,s5,s6
    80001424:	02d13823          	sd	a3,48(sp)
    80001428:	05e00713          	li	a4,94
    8000142c:	02c13023          	sd	a2,32(sp)
    80001430:	1ee68463          	beq	a3,a4,80001618 <bar+0x6a8>
    80001434:	00813783          	ld	a5,8(sp)
    80001438:	d207cee3          	bltz	a5,80001174 <bar+0x204>
    8000143c:	03013803          	ld	a6,48(sp)
    80001440:	07713423          	sd	s7,104(sp)
    80001444:	fff00513          	li	a0,-1
    80001448:	00000d13          	li	s10,0
    8000144c:	000d8793          	mv	a5,s11
    80001450:	02d00b93          	li	s7,45
    80001454:	05d00713          	li	a4,93
    80001458:	0ce80e63          	beq	a6,a4,80001534 <bar+0x5c4>
    8000145c:	1ea04063          	bgtz	a0,8000163c <bar+0x6cc>
    80001460:	07780663          	beq	a6,s7,800014cc <bar+0x55c>
    80001464:	0017c703          	lbu	a4,1(a5)
    80001468:	09770263          	beq	a4,s7,800014ec <bar+0x57c>
    8000146c:	02013583          	ld	a1,32(sp)
    80001470:	00078513          	mv	a0,a5
    80001474:	00048613          	mv	a2,s1
    80001478:	01013c23          	sd	a6,24(sp)
    8000147c:	00613823          	sd	t1,16(sp)
    80001480:	02f13423          	sd	a5,40(sp)
    80001484:	931ff0ef          	jal	80000db4 <match_op>
    80001488:	01813803          	ld	a6,24(sp)
    8000148c:	05c00793          	li	a5,92
    80001490:	01013303          	ld	t1,16(sp)
    80001494:	08f81c63          	bne	a6,a5,8000152c <bar+0x5bc>
    80001498:	02813783          	ld	a5,40(sp)
    8000149c:	07800693          	li	a3,120
    800014a0:	0017c703          	lbu	a4,1(a5)
    800014a4:	00200793          	li	a5,2
    800014a8:	00d70e63          	beq	a4,a3,800014c4 <bar+0x554>
    800014ac:	01a78d3b          	addw	s10,a5,s10
    800014b0:	00813783          	ld	a5,8(sp)
    800014b4:	09a7c063          	blt	a5,s10,80001534 <bar+0x5c4>
    800014b8:	01ad87b3          	add	a5,s11,s10
    800014bc:	0007c803          	lbu	a6,0(a5)
    800014c0:	f95ff06f          	j	80001454 <bar+0x4e4>
    800014c4:	00400793          	li	a5,4
    800014c8:	fe5ff06f          	j	800014ac <bar+0x53c>
    800014cc:	02013583          	ld	a1,32(sp)
    800014d0:	00078513          	mv	a0,a5
    800014d4:	00048613          	mv	a2,s1
    800014d8:	00613823          	sd	t1,16(sp)
    800014dc:	8d9ff0ef          	jal	80000db4 <match_op>
    800014e0:	01013303          	ld	t1,16(sp)
    800014e4:	00100793          	li	a5,1
    800014e8:	fc5ff06f          	j	800014ac <bar+0x53c>
    800014ec:	0027c703          	lbu	a4,2(a5)
    800014f0:	05d00693          	li	a3,93
    800014f4:	f6d70ce3          	beq	a4,a3,8000146c <bar+0x4fc>
    800014f8:	f6070ae3          	beqz	a4,8000146c <bar+0x4fc>
    800014fc:	000017b7          	lui	a5,0x1
    80001500:	00f487b3          	add	a5,s1,a5
    80001504:	fbc7a503          	lw	a0,-68(a5) # fbc <__stack_align+0xfac>
    80001508:	02013783          	ld	a5,32(sp)
    8000150c:	0007c783          	lbu	a5,0(a5)
    80001510:	14050263          	beqz	a0,80001654 <bar+0x6e4>
    80001514:	00000513          	li	a0,0
    80001518:	0107e663          	bltu	a5,a6,80001524 <bar+0x5b4>
    8000151c:	00f737b3          	sltu	a5,a4,a5
    80001520:	0017c513          	xori	a0,a5,1
    80001524:	003d0d1b          	addiw	s10,s10,3
    80001528:	f89ff06f          	j	800014b0 <bar+0x540>
    8000152c:	00100793          	li	a5,1
    80001530:	f7dff06f          	j	800014ac <bar+0x53c>
    80001534:	03013703          	ld	a4,48(sp)
    80001538:	05e00793          	li	a5,94
    8000153c:	06813b83          	ld	s7,104(sp)
    80001540:	1cf70e63          	beq	a4,a5,8000171c <bar+0x7ac>
    80001544:	c2a058e3          	blez	a0,80001174 <bar+0x204>
    80001548:	001b0b1b          	addiw	s6,s6,1
    8000154c:	b41ff06f          	j	8000108c <bar+0x11c>
    80001550:	0043059b          	addiw	a1,t1,4
    80001554:	00400413          	li	s0,4
    80001558:	c595d8e3          	bge	a1,s9,800011a8 <bar+0x238>
    8000155c:	07713423          	sd	s7,104(sp)
    80001560:	00400413          	li	s0,4
    80001564:	00400b93          	li	s7,4
    80001568:	bbdff06f          	j	80001124 <bar+0x1b4>
    8000156c:	000c0d93          	mv	s11,s8
    80001570:	d7bb10e3          	bne	s6,s11,800012d0 <bar+0x360>
    80001574:	dc1ff06f          	j	80001334 <bar+0x3c4>
    80001578:	00640db3          	add	s11,s0,t1
    8000157c:	01ba07b3          	add	a5,s4,s11
    80001580:	07713423          	sd	s7,104(sp)
    80001584:	02f13823          	sd	a5,48(sp)
    80001588:	00000b93          	li	s7,0
    8000158c:	01013503          	ld	a0,16(sp)
    80001590:	00098693          	mv	a3,s3
    80001594:	00048613          	mv	a2,s1
    80001598:	417d05bb          	subw	a1,s10,s7
    8000159c:	00613423          	sd	t1,8(sp)
    800015a0:	1b4000ef          	jal	80001754 <doh>
    800015a4:	00813303          	ld	t1,8(sp)
    800015a8:	00050d93          	mv	s11,a0
    800015ac:	00055a63          	bgez	a0,800015c0 <bar+0x650>
    800015b0:	01813783          	ld	a5,24(sp)
    800015b4:	001b8b9b          	addiw	s7,s7,1
    800015b8:	fd77dae3          	bge	a5,s7,8000158c <bar+0x61c>
    800015bc:	d15ff06f          	j	800012d0 <bar+0x360>
    800015c0:	01650f3b          	addw	t5,a0,s6
    800015c4:	01650633          	add	a2,a0,s6
    800015c8:	02013583          	ld	a1,32(sp)
    800015cc:	03013503          	ld	a0,48(sp)
    800015d0:	41e906bb          	subw	a3,s2,t5
    800015d4:	00098793          	mv	a5,s3
    800015d8:	00048713          	mv	a4,s1
    800015dc:	00ca8633          	add	a2,s5,a2
    800015e0:	02613423          	sd	t1,40(sp)
    800015e4:	01e12423          	sw	t5,8(sp)
    800015e8:	989ff0ef          	jal	80000f70 <bar>
    800015ec:	00812f03          	lw	t5,8(sp)
    800015f0:	02813303          	ld	t1,40(sp)
    800015f4:	001b8b9b          	addiw	s7,s7,1
    800015f8:	12055c63          	bgez	a0,80001730 <bar+0x7c0>
    800015fc:	01813783          	ld	a5,24(sp)
    80001600:	f977d6e3          	bge	a5,s7,8000158c <bar+0x61c>
    80001604:	06813b83          	ld	s7,104(sp)
    80001608:	a51ff06f          	j	80001058 <bar+0xe8>
    8000160c:	06813b83          	ld	s7,104(sp)
    80001610:	0023079b          	addiw	a5,t1,2
    80001614:	df5ff06f          	j	80001408 <bar+0x498>
    80001618:	fff7879b          	addiw	a5,a5,-1
    8000161c:	00078713          	mv	a4,a5
    80001620:	00f13423          	sd	a5,8(sp)
    80001624:	001d8793          	addi	a5,s11,1
    80001628:	f20740e3          	bltz	a4,80001548 <bar+0x5d8>
    8000162c:	07713423          	sd	s7,104(sp)
    80001630:	001dc803          	lbu	a6,1(s11)
    80001634:	00078d93          	mv	s11,a5
    80001638:	e0dff06f          	j	80001444 <bar+0x4d4>
    8000163c:	03013703          	ld	a4,48(sp)
    80001640:	05e00793          	li	a5,94
    80001644:	cef708e3          	beq	a4,a5,80001334 <bar+0x3c4>
    80001648:	06813b83          	ld	s7,104(sp)
    8000164c:	001b0b1b          	addiw	s6,s6,1
    80001650:	a3dff06f          	j	8000108c <bar+0x11c>
    80001654:	00002597          	auipc	a1,0x2
    80001658:	71558593          	addi	a1,a1,1813 # 80003d69 <_ctype_+0x1>
    8000165c:	00f58633          	add	a2,a1,a5
    80001660:	00064e03          	lbu	t3,0(a2)
    80001664:	00100f13          	li	t5,1
    80001668:	0007861b          	sext.w	a2,a5
    8000166c:	003e7793          	andi	a5,t3,3
    80001670:	01e79463          	bne	a5,t5,80001678 <bar+0x708>
    80001674:	02060613          	addi	a2,a2,32
    80001678:	010587b3          	add	a5,a1,a6
    8000167c:	0007c783          	lbu	a5,0(a5)
    80001680:	00100e13          	li	t3,1
    80001684:	0008081b          	sext.w	a6,a6
    80001688:	0037f793          	andi	a5,a5,3
    8000168c:	03c78a63          	beq	a5,t3,800016c0 <bar+0x750>
    80001690:	e9064ae3          	blt	a2,a6,80001524 <bar+0x5b4>
    80001694:	00e585b3          	add	a1,a1,a4
    80001698:	0005c583          	lbu	a1,0(a1)
    8000169c:	0007079b          	sext.w	a5,a4
    800016a0:	00100513          	li	a0,1
    800016a4:	0035f713          	andi	a4,a1,3
    800016a8:	00a71463          	bne	a4,a0,800016b0 <bar+0x740>
    800016ac:	02078793          	addi	a5,a5,32
    800016b0:	00c7a7b3          	slt	a5,a5,a2
    800016b4:	0017c513          	xori	a0,a5,1
    800016b8:	003d0d1b          	addiw	s10,s10,3
    800016bc:	df5ff06f          	j	800014b0 <bar+0x540>
    800016c0:	02080813          	addi	a6,a6,32
    800016c4:	fcdff06f          	j	80001690 <bar+0x720>
    800016c8:	00000d93          	li	s11,0
    800016cc:	a21ff06f          	j	800010ec <bar+0x17c>
    800016d0:	09013903          	ld	s2,144(sp)
    800016d4:	00000d93          	li	s11,0
    800016d8:	a15ff06f          	j	800010ec <bar+0x17c>
    800016dc:	00098793          	mv	a5,s3
    800016e0:	416906bb          	subw	a3,s2,s6
    800016e4:	016a8633          	add	a2,s5,s6
    800016e8:	00048713          	mv	a4,s1
    800016ec:	00040593          	mv	a1,s0
    800016f0:	000d0513          	mv	a0,s10
    800016f4:	00613423          	sd	t1,8(sp)
    800016f8:	879ff0ef          	jal	80000f70 <bar>
    800016fc:	fff54793          	not	a5,a0
    80001700:	00813303          	ld	t1,8(sp)
    80001704:	43f7d793          	srai	a5,a5,0x3f
    80001708:	00f57533          	and	a0,a0,a5
    8000170c:	06813b83          	ld	s7,104(sp)
    80001710:	01650b3b          	addw	s6,a0,s6
    80001714:	0013031b          	addiw	t1,t1,1
    80001718:	975ff06f          	j	8000108c <bar+0x11c>
    8000171c:	a4a04ce3          	bgtz	a0,80001174 <bar+0x204>
    80001720:	001b0b1b          	addiw	s6,s6,1
    80001724:	969ff06f          	j	8000108c <bar+0x11c>
    80001728:	ffb00d93          	li	s11,-5
    8000172c:	999ff06f          	j	800010c4 <bar+0x154>
    80001730:	06813b83          	ld	s7,104(sp)
    80001734:	92dff06f          	j	80001060 <bar+0xf0>
    80001738:	0023059b          	addiw	a1,t1,2
    8000173c:	00058793          	mv	a5,a1
    80001740:	00200413          	li	s0,2
    80001744:	cd95d2e3          	bge	a1,s9,80001408 <bar+0x498>
    80001748:	9d1ff06f          	j	80001118 <bar+0x1a8>
    8000174c:	ffc00d93          	li	s11,-4
    80001750:	975ff06f          	j	800010c4 <bar+0x154>

0000000080001754 <doh>:
    80001754:	fc010113          	addi	sp,sp,-64
    80001758:	02813823          	sd	s0,48(sp)
    8000175c:	00169413          	slli	s0,a3,0x1
    80001760:	00d40433          	add	s0,s0,a3
    80001764:	00341413          	slli	s0,s0,0x3
    80001768:	00860433          	add	s0,a2,s0
    8000176c:	02913423          	sd	s1,40(sp)
    80001770:	01042483          	lw	s1,16(s0)
    80001774:	02113c23          	sd	ra,56(sp)
    80001778:	00068793          	mv	a5,a3
    8000177c:	00060713          	mv	a4,a2
    80001780:	00058693          	mv	a3,a1
    80001784:	00050613          	mv	a2,a0
    80001788:	00043503          	ld	a0,0(s0)
    8000178c:	0a048463          	beqz	s1,80001834 <doh+0xe0>
    80001790:	03213023          	sd	s2,32(sp)
    80001794:	00000913          	li	s2,0
    80001798:	00c42803          	lw	a6,12(s0)
    8000179c:	00f13c23          	sd	a5,24(sp)
    800017a0:	00e13823          	sd	a4,16(sp)
    800017a4:	0128083b          	addw	a6,a6,s2
    800017a8:	09680813          	addi	a6,a6,150
    800017ac:	00481813          	slli	a6,a6,0x4
    800017b0:	01070833          	add	a6,a4,a6
    800017b4:	01083583          	ld	a1,16(a6)
    800017b8:	00d13423          	sd	a3,8(sp)
    800017bc:	00c13023          	sd	a2,0(sp)
    800017c0:	40a585bb          	subw	a1,a1,a0
    800017c4:	facff0ef          	jal	80000f70 <bar>
    800017c8:	0019081b          	addiw	a6,s2,1
    800017cc:	08a04463          	bgtz	a0,80001854 <doh+0x100>
    800017d0:	0008059b          	sext.w	a1,a6
    800017d4:	08995063          	bge	s2,s1,80001854 <doh+0x100>
    800017d8:	00c42503          	lw	a0,12(s0)
    800017dc:	01013703          	ld	a4,16(sp)
    800017e0:	00013603          	ld	a2,0(sp)
    800017e4:	00a8083b          	addw	a6,a6,a0
    800017e8:	fff8081b          	addiw	a6,a6,-1
    800017ec:	09680813          	addi	a6,a6,150
    800017f0:	00481813          	slli	a6,a6,0x4
    800017f4:	01070833          	add	a6,a4,a6
    800017f8:	01083503          	ld	a0,16(a6)
    800017fc:	00813683          	ld	a3,8(sp)
    80001800:	01813783          	ld	a5,24(sp)
    80001804:	00150513          	addi	a0,a0,1
    80001808:	04959263          	bne	a1,s1,8000184c <doh+0xf8>
    8000180c:	00842583          	lw	a1,8(s0)
    80001810:	00043803          	ld	a6,0(s0)
    80001814:	03013403          	ld	s0,48(sp)
    80001818:	02013903          	ld	s2,32(sp)
    8000181c:	03813083          	ld	ra,56(sp)
    80001820:	02813483          	ld	s1,40(sp)
    80001824:	00b80833          	add	a6,a6,a1
    80001828:	40a805bb          	subw	a1,a6,a0
    8000182c:	04010113          	addi	sp,sp,64
    80001830:	f40ff06f          	j	80000f70 <bar>
    80001834:	00842583          	lw	a1,8(s0)
    80001838:	03013403          	ld	s0,48(sp)
    8000183c:	03813083          	ld	ra,56(sp)
    80001840:	02813483          	ld	s1,40(sp)
    80001844:	04010113          	addi	sp,sp,64
    80001848:	f28ff06f          	j	80000f70 <bar>
    8000184c:	00058913          	mv	s2,a1
    80001850:	f49ff06f          	j	80001798 <doh+0x44>
    80001854:	03813083          	ld	ra,56(sp)
    80001858:	03013403          	ld	s0,48(sp)
    8000185c:	02013903          	ld	s2,32(sp)
    80001860:	02813483          	ld	s1,40(sp)
    80001864:	04010113          	addi	sp,sp,64
    80001868:	00008067          	ret

000000008000186c <slre_match>:
    8000186c:	fffff2b7          	lui	t0,0xfffff
    80001870:	81010113          	addi	sp,sp,-2032
    80001874:	79028293          	addi	t0,t0,1936 # fffffffffffff790 <__heap_end+0xffffffff7ffda790>
    80001878:	7e813023          	sd	s0,2016(sp)
    8000187c:	7d213823          	sd	s2,2000(sp)
    80001880:	79913c23          	sd	s9,1944(sp)
    80001884:	7e113423          	sd	ra,2024(sp)
    80001888:	7c913c23          	sd	s1,2008(sp)
    8000188c:	7d313423          	sd	s3,1992(sp)
    80001890:	7d413023          	sd	s4,1984(sp)
    80001894:	7b513c23          	sd	s5,1976(sp)
    80001898:	7b613823          	sd	s6,1968(sp)
    8000189c:	7b713423          	sd	s7,1960(sp)
    800018a0:	7b813023          	sd	s8,1952(sp)
    800018a4:	79a13823          	sd	s10,1936(sp)
    800018a8:	79b13423          	sd	s11,1928(sp)
    800018ac:	000017b7          	lui	a5,0x1
    800018b0:	00510133          	add	sp,sp,t0
    800018b4:	03010813          	addi	a6,sp,48
    800018b8:	00070913          	mv	s2,a4
    800018bc:	fa878713          	addi	a4,a5,-88 # fa8 <__stack_align+0xf98>
    800018c0:	01070733          	add	a4,a4,a6
    800018c4:	00072023          	sw	zero,0(a4)
    800018c8:	fbc78713          	addi	a4,a5,-68
    800018cc:	01070733          	add	a4,a4,a6
    800018d0:	00072023          	sw	zero,0(a4)
    800018d4:	00050c93          	mv	s9,a0
    800018d8:	fb878713          	addi	a4,a5,-72
    800018dc:	00054503          	lbu	a0,0(a0)
    800018e0:	fb078793          	addi	a5,a5,-80
    800018e4:	010787b3          	add	a5,a5,a6
    800018e8:	01070733          	add	a4,a4,a6
    800018ec:	00d7b023          	sd	a3,0(a5)
    800018f0:	01272023          	sw	s2,0(a4)
    800018f4:	02800793          	li	a5,40
    800018f8:	02b13023          	sd	a1,32(sp)
    800018fc:	00060413          	mv	s0,a2
    80001900:	4ef50663          	beq	a0,a5,80001dec <slre_match+0x580>
    80001904:	000c8513          	mv	a0,s9
    80001908:	5df000ef          	jal	800026e6 <strlen>
    8000190c:	000016b7          	lui	a3,0x1
    80001910:	fffff7b7          	lui	a5,0xfffff
    80001914:	fc068713          	addi	a4,a3,-64 # fc0 <__stack_align+0xfb0>
    80001918:	00f70733          	add	a4,a4,a5
    8000191c:	03010793          	addi	a5,sp,48
    80001920:	00f707b3          	add	a5,a4,a5
    80001924:	00050a9b          	sext.w	s5,a0
    80001928:	96068713          	addi	a4,a3,-1696
    8000192c:	03010693          	addi	a3,sp,48
    80001930:	00f13423          	sd	a5,8(sp)
    80001934:	0597b023          	sd	s9,64(a5) # fffffffffffff040 <__heap_end+0xffffffff7ffda040>
    80001938:	0557a423          	sw	s5,72(a5)
    8000193c:	00d70733          	add	a4,a4,a3
    80001940:	00100793          	li	a5,1
    80001944:	00f72023          	sw	a5,0(a4)
    80001948:	51505863          	blez	s5,80001e58 <slre_match+0x5ec>
    8000194c:	fffa879b          	addiw	a5,s5,-1
    80001950:	00f13c23          	sd	a5,24(sp)
    80001954:	ffda879b          	addiw	a5,s5,-3
    80001958:	00000b93          	li	s7,0
    8000195c:	00000c13          	li	s8,0
    80001960:	05b00e13          	li	t3,91
    80001964:	05c00d13          	li	s10,92
    80001968:	07c00f13          	li	t5,124
    8000196c:	02800993          	li	s3,40
    80001970:	fff00493          	li	s1,-1
    80001974:	06300a13          	li	s4,99
    80001978:	07800b13          	li	s6,120
    8000197c:	02f13423          	sd	a5,40(sp)
    80001980:	05d00d93          	li	s11,93
    80001984:	018c8833          	add	a6,s9,s8
    80001988:	00084783          	lbu	a5,0(a6)
    8000198c:	2fc78c63          	beq	a5,t3,80001c84 <slre_match+0x418>
    80001990:	2ba78663          	beq	a5,s10,80001c3c <slre_match+0x3d0>
    80001994:	23e78063          	beq	a5,t5,80001bb4 <slre_match+0x348>
    80001998:	35379663          	bne	a5,s3,80001ce4 <slre_match+0x478>
    8000199c:	00001637          	lui	a2,0x1
    800019a0:	96060793          	addi	a5,a2,-1696 # 960 <__stack_align+0x950>
    800019a4:	03010713          	addi	a4,sp,48
    800019a8:	00e787b3          	add	a5,a5,a4
    800019ac:	0007a683          	lw	a3,0(a5)
    800019b0:	48da4863          	blt	s4,a3,80001e40 <slre_match+0x5d4>
    800019b4:	00813583          	ld	a1,8(sp)
    800019b8:	00169793          	slli	a5,a3,0x1
    800019bc:	00d787b3          	add	a5,a5,a3
    800019c0:	00379793          	slli	a5,a5,0x3
    800019c4:	001c0713          	addi	a4,s8,1
    800019c8:	00f587b3          	add	a5,a1,a5
    800019cc:	00ec8733          	add	a4,s9,a4
    800019d0:	04e7b023          	sd	a4,64(a5)
    800019d4:	0497a423          	sw	s1,72(a5)
    800019d8:	03010713          	addi	a4,sp,48
    800019dc:	96060793          	addi	a5,a2,-1696
    800019e0:	0016859b          	addiw	a1,a3,1
    800019e4:	00e787b3          	add	a5,a5,a4
    800019e8:	00b7a023          	sw	a1,0(a5)
    800019ec:	001b8b9b          	addiw	s7,s7,1
    800019f0:	01205463          	blez	s2,800019f8 <slre_match+0x18c>
    800019f4:	44d94e63          	blt	s2,a3,80001e50 <slre_match+0x5e4>
    800019f8:	001c0c1b          	addiw	s8,s8,1
    800019fc:	f95c44e3          	blt	s8,s5,80001984 <slre_match+0x118>
    80001a00:	440b9463          	bnez	s7,80001e48 <slre_match+0x5dc>
    80001a04:	00001737          	lui	a4,0x1
    80001a08:	03010693          	addi	a3,sp,48
    80001a0c:	fa870793          	addi	a5,a4,-88 # fa8 <__stack_align+0xf98>
    80001a10:	00d787b3          	add	a5,a5,a3
    80001a14:	03010613          	addi	a2,sp,48
    80001a18:	96070693          	addi	a3,a4,-1696
    80001a1c:	00c686b3          	add	a3,a3,a2
    80001a20:	0007a503          	lw	a0,0(a5)
    80001a24:	0006a303          	lw	t1,0(a3)
    80001a28:	fffff7b7          	lui	a5,0xfffff
    80001a2c:	fc070693          	addi	a3,a4,-64
    80001a30:	00f686b3          	add	a3,a3,a5
    80001a34:	00c687b3          	add	a5,a3,a2
    80001a38:	00f13423          	sd	a5,8(sp)
    80001a3c:	0407bc83          	ld	s9,64(a5) # fffffffffffff040 <__heap_end+0xffffffff7ffda040>
    80001a40:	08a05663          	blez	a0,80001acc <slre_match+0x260>
    80001a44:	9a870793          	addi	a5,a4,-1624
    80001a48:	001b8b9b          	addiw	s7,s7,1
    80001a4c:	00278733          	add	a4,a5,sp
    80001a50:	00000e13          	li	t3,0
    80001a54:	fff50e9b          	addiw	t4,a0,-1
    80001a58:	06abd863          	bge	s7,a0,80001ac8 <slre_match+0x25c>
    80001a5c:	417e863b          	subw	a2,t4,s7
    80001a60:	02061613          	slli	a2,a2,0x20
    80001a64:	02065613          	srli	a2,a2,0x20
    80001a68:	000017b7          	lui	a5,0x1
    80001a6c:	01c60633          	add	a2,a2,t3
    80001a70:	98878793          	addi	a5,a5,-1656 # 988 <__stack_align+0x978>
    80001a74:	03010693          	addi	a3,sp,48
    80001a78:	00d787b3          	add	a5,a5,a3
    80001a7c:	00461613          	slli	a2,a2,0x4
    80001a80:	00f60633          	add	a2,a2,a5
    80001a84:	00070793          	mv	a5,a4
    80001a88:	0007a583          	lw	a1,0(a5)
    80001a8c:	ff072683          	lw	a3,-16(a4)
    80001a90:	02d5d063          	bge	a1,a3,80001ab0 <slre_match+0x244>
    80001a94:	0007b803          	ld	a6,0(a5)
    80001a98:	ff873583          	ld	a1,-8(a4)
    80001a9c:	ff073823          	sd	a6,-16(a4)
    80001aa0:	0087b803          	ld	a6,8(a5)
    80001aa4:	ff073c23          	sd	a6,-8(a4)
    80001aa8:	00d7a023          	sw	a3,0(a5)
    80001aac:	00b7b423          	sd	a1,8(a5)
    80001ab0:	01078793          	addi	a5,a5,16
    80001ab4:	fcc79ae3          	bne	a5,a2,80001a88 <slre_match+0x21c>
    80001ab8:	001b8b9b          	addiw	s7,s7,1
    80001abc:	001e0e13          	addi	t3,t3,1
    80001ac0:	01070713          	addi	a4,a4,16
    80001ac4:	f8abcce3          	blt	s7,a0,80001a5c <slre_match+0x1f0>
    80001ac8:	feab98e3          	bne	s7,a0,80001ab8 <slre_match+0x24c>
    80001acc:	08605263          	blez	t1,80001b50 <slre_match+0x2e4>
    80001ad0:	fffff7b7          	lui	a5,0xfffff
    80001ad4:	00001737          	lui	a4,0x1
    80001ad8:	04078793          	addi	a5,a5,64 # fffffffffffff040 <__heap_end+0xffffffff7ffda040>
    80001adc:	fc070713          	addi	a4,a4,-64 # fc0 <__stack_align+0xfb0>
    80001ae0:	00f70733          	add	a4,a4,a5
    80001ae4:	03010793          	addi	a5,sp,48
    80001ae8:	00f707b3          	add	a5,a4,a5
    80001aec:	00001837          	lui	a6,0x1
    80001af0:	00f13423          	sd	a5,8(sp)
    80001af4:	01078613          	addi	a2,a5,16
    80001af8:	00000693          	li	a3,0
    80001afc:	00000593          	li	a1,0
    80001b00:	96880813          	addi	a6,a6,-1688 # 968 <__stack_align+0x958>
    80001b04:	00062023          	sw	zero,0(a2)
    80001b08:	fed62e23          	sw	a3,-4(a2)
    80001b0c:	02a6dc63          	bge	a3,a0,80001b44 <slre_match+0x2d8>
    80001b10:	00813783          	ld	a5,8(sp)
    80001b14:	00469713          	slli	a4,a3,0x4
    80001b18:	01070733          	add	a4,a4,a6
    80001b1c:	00e78733          	add	a4,a5,a4
    80001b20:	0180006f          	j	80001b38 <slre_match+0x2cc>
    80001b24:	00062783          	lw	a5,0(a2)
    80001b28:	0016869b          	addiw	a3,a3,1
    80001b2c:	0017879b          	addiw	a5,a5,1
    80001b30:	00f62023          	sw	a5,0(a2)
    80001b34:	00a68863          	beq	a3,a0,80001b44 <slre_match+0x2d8>
    80001b38:	00072783          	lw	a5,0(a4)
    80001b3c:	01070713          	addi	a4,a4,16
    80001b40:	feb782e3          	beq	a5,a1,80001b24 <slre_match+0x2b8>
    80001b44:	0015859b          	addiw	a1,a1,1
    80001b48:	01860613          	addi	a2,a2,24
    80001b4c:	fa659ce3          	bne	a1,t1,80001b04 <slre_match+0x298>
    80001b50:	fffff9b7          	lui	s3,0xfffff
    80001b54:	000017b7          	lui	a5,0x1
    80001b58:	04098993          	addi	s3,s3,64 # fffffffffffff040 <__heap_end+0xffffffff7ffda040>
    80001b5c:	fc078793          	addi	a5,a5,-64 # fc0 <__stack_align+0xfb0>
    80001b60:	013787b3          	add	a5,a5,s3
    80001b64:	03010713          	addi	a4,sp,48
    80001b68:	000cca83          	lbu	s5,0(s9)
    80001b6c:	00000913          	li	s2,0
    80001b70:	00e789b3          	add	s3,a5,a4
    80001b74:	05e00a13          	li	s4,94
    80001b78:	00045c63          	bgez	s0,80001b90 <slre_match+0x324>
    80001b7c:	1dc0006f          	j	80001d58 <slre_match+0x4ec>
    80001b80:	00190913          	addi	s2,s2,1
    80001b84:	0009079b          	sext.w	a5,s2
    80001b88:	214a8a63          	beq	s5,s4,80001d9c <slre_match+0x530>
    80001b8c:	20f44863          	blt	s0,a5,80001d9c <slre_match+0x530>
    80001b90:	02013783          	ld	a5,32(sp)
    80001b94:	00000693          	li	a3,0
    80001b98:	00098613          	mv	a2,s3
    80001b9c:	412405bb          	subw	a1,s0,s2
    80001ba0:	01278533          	add	a0,a5,s2
    80001ba4:	bb1ff0ef          	jal	80001754 <doh>
    80001ba8:	fc054ce3          	bltz	a0,80001b80 <slre_match+0x314>
    80001bac:	00a9053b          	addw	a0,s2,a0
    80001bb0:	1ec0006f          	j	80001d9c <slre_match+0x530>
    80001bb4:	00001737          	lui	a4,0x1
    80001bb8:	03010693          	addi	a3,sp,48
    80001bbc:	fa870793          	addi	a5,a4,-88 # fa8 <__stack_align+0xf98>
    80001bc0:	00d787b3          	add	a5,a5,a3
    80001bc4:	0007a683          	lw	a3,0(a5)
    80001bc8:	26da4863          	blt	s4,a3,80001e38 <slre_match+0x5cc>
    80001bcc:	96070793          	addi	a5,a4,-1696
    80001bd0:	03010713          	addi	a4,sp,48
    80001bd4:	00e787b3          	add	a5,a5,a4
    80001bd8:	0007a703          	lw	a4,0(a5)
    80001bdc:	00813603          	ld	a2,8(sp)
    80001be0:	fff7071b          	addiw	a4,a4,-1
    80001be4:	00171793          	slli	a5,a4,0x1
    80001be8:	00e787b3          	add	a5,a5,a4
    80001bec:	00379793          	slli	a5,a5,0x3
    80001bf0:	00f607b3          	add	a5,a2,a5
    80001bf4:	0487a783          	lw	a5,72(a5)
    80001bf8:	00978463          	beq	a5,s1,80001c00 <slre_match+0x394>
    80001bfc:	000b8713          	mv	a4,s7
    80001c00:	00813603          	ld	a2,8(sp)
    80001c04:	09668793          	addi	a5,a3,150
    80001c08:	00479793          	slli	a5,a5,0x4
    80001c0c:	00f607b3          	add	a5,a2,a5
    80001c10:	04e7a423          	sw	a4,72(a5)
    80001c14:	0507b823          	sd	a6,80(a5)
    80001c18:	000017b7          	lui	a5,0x1
    80001c1c:	fa878793          	addi	a5,a5,-88 # fa8 <__stack_align+0xf98>
    80001c20:	03010713          	addi	a4,sp,48
    80001c24:	0016869b          	addiw	a3,a3,1
    80001c28:	00e787b3          	add	a5,a5,a4
    80001c2c:	00d7a023          	sw	a3,0(a5)
    80001c30:	001c0c1b          	addiw	s8,s8,1
    80001c34:	d55c48e3          	blt	s8,s5,80001984 <slre_match+0x118>
    80001c38:	dc9ff06f          	j	80001a00 <slre_match+0x194>
    80001c3c:	00184703          	lbu	a4,1(a6)
    80001c40:	00200793          	li	a5,2
    80001c44:	1b670063          	beq	a4,s6,80001de4 <slre_match+0x578>
    80001c48:	01813703          	ld	a4,24(sp)
    80001c4c:	14ec5663          	bge	s8,a4,80001d98 <slre_match+0x52c>
    80001c50:	00184583          	lbu	a1,1(a6)
    80001c54:	11658663          	beq	a1,s6,80001d60 <slre_match+0x4f4>
    80001c58:	00002517          	auipc	a0,0x2
    80001c5c:	04050513          	addi	a0,a0,64 # 80003c98 <__tbss_end+0x134>
    80001c60:	00f13823          	sd	a5,16(sp)
    80001c64:	0b5000ef          	jal	80002518 <strchr>
    80001c68:	12050863          	beqz	a0,80001d98 <slre_match+0x52c>
    80001c6c:	01013783          	ld	a5,16(sp)
    80001c70:	05b00e13          	li	t3,91
    80001c74:	07c00f13          	li	t5,124
    80001c78:	01878c3b          	addw	s8,a5,s8
    80001c7c:	d15c44e3          	blt	s8,s5,80001984 <slre_match+0x118>
    80001c80:	d81ff06f          	j	80001a00 <slre_match+0x194>
    80001c84:	418a853b          	subw	a0,s5,s8
    80001c88:	fff5051b          	addiw	a0,a0,-1
    80001c8c:	00000793          	li	a5,0
    80001c90:	18050e63          	beqz	a0,80001e2c <slre_match+0x5c0>
    80001c94:	0017871b          	addiw	a4,a5,1
    80001c98:	00e805b3          	add	a1,a6,a4
    80001c9c:	0005c683          	lbu	a3,0(a1)
    80001ca0:	01b68863          	beq	a3,s11,80001cb0 <slre_match+0x444>
    80001ca4:	03a68063          	beq	a3,s10,80001cc4 <slre_match+0x458>
    80001ca8:	00070793          	mv	a5,a4
    80001cac:	fea7c4e3          	blt	a5,a0,80001c94 <slre_match+0x428>
    80001cb0:	d4f546e3          	blt	a0,a5,800019fc <slre_match+0x190>
    80001cb4:	0027879b          	addiw	a5,a5,2
    80001cb8:	01878c3b          	addw	s8,a5,s8
    80001cbc:	cd5c44e3          	blt	s8,s5,80001984 <slre_match+0x118>
    80001cc0:	d41ff06f          	j	80001a00 <slre_match+0x194>
    80001cc4:	0015c703          	lbu	a4,1(a1)
    80001cc8:	01670863          	beq	a4,s6,80001cd8 <slre_match+0x46c>
    80001ccc:	0027879b          	addiw	a5,a5,2
    80001cd0:	fca7c2e3          	blt	a5,a0,80001c94 <slre_match+0x428>
    80001cd4:	fddff06f          	j	80001cb0 <slre_match+0x444>
    80001cd8:	0047879b          	addiw	a5,a5,4
    80001cdc:	faa7cce3          	blt	a5,a0,80001c94 <slre_match+0x428>
    80001ce0:	fd1ff06f          	j	80001cb0 <slre_match+0x444>
    80001ce4:	02900713          	li	a4,41
    80001ce8:	d0e798e3          	bne	a5,a4,800019f8 <slre_match+0x18c>
    80001cec:	000017b7          	lui	a5,0x1
    80001cf0:	03010713          	addi	a4,sp,48
    80001cf4:	96078793          	addi	a5,a5,-1696 # 960 <__stack_align+0x950>
    80001cf8:	00e787b3          	add	a5,a5,a4
    80001cfc:	0007a703          	lw	a4,0(a5)
    80001d00:	00813603          	ld	a2,8(sp)
    80001d04:	fff7071b          	addiw	a4,a4,-1
    80001d08:	00171793          	slli	a5,a4,0x1
    80001d0c:	00e786b3          	add	a3,a5,a4
    80001d10:	00369693          	slli	a3,a3,0x3
    80001d14:	00d606b3          	add	a3,a2,a3
    80001d18:	0486a683          	lw	a3,72(a3)
    80001d1c:	00968663          	beq	a3,s1,80001d28 <slre_match+0x4bc>
    80001d20:	000b8713          	mv	a4,s7
    80001d24:	001b9793          	slli	a5,s7,0x1
    80001d28:	00e787b3          	add	a5,a5,a4
    80001d2c:	00813703          	ld	a4,8(sp)
    80001d30:	00379793          	slli	a5,a5,0x3
    80001d34:	fffb8b9b          	addiw	s7,s7,-1
    80001d38:	00f707b3          	add	a5,a4,a5
    80001d3c:	0407b703          	ld	a4,64(a5)
    80001d40:	40e80733          	sub	a4,a6,a4
    80001d44:	04e7a423          	sw	a4,72(a5)
    80001d48:	100bc063          	bltz	s7,80001e48 <slre_match+0x5dc>
    80001d4c:	cb8056e3          	blez	s8,800019f8 <slre_match+0x18c>
    80001d50:	fff84783          	lbu	a5,-1(a6)
    80001d54:	cb3792e3          	bne	a5,s3,800019f8 <slre_match+0x18c>
    80001d58:	fff00513          	li	a0,-1
    80001d5c:	0400006f          	j	80001d9c <slre_match+0x530>
    80001d60:	02813703          	ld	a4,40(sp)
    80001d64:	02ec5a63          	bge	s8,a4,80001d98 <slre_match+0x52c>
    80001d68:	00284703          	lbu	a4,2(a6)
    80001d6c:	00002697          	auipc	a3,0x2
    80001d70:	ffd68693          	addi	a3,a3,-3 # 80003d69 <_ctype_+0x1>
    80001d74:	00d70733          	add	a4,a4,a3
    80001d78:	00074703          	lbu	a4,0(a4)
    80001d7c:	04477713          	andi	a4,a4,68
    80001d80:	00070c63          	beqz	a4,80001d98 <slre_match+0x52c>
    80001d84:	00384703          	lbu	a4,3(a6)
    80001d88:	00d70733          	add	a4,a4,a3
    80001d8c:	00074703          	lbu	a4,0(a4)
    80001d90:	04477713          	andi	a4,a4,68
    80001d94:	f20712e3          	bnez	a4,80001cb8 <slre_match+0x44c>
    80001d98:	ffa00513          	li	a0,-6
    80001d9c:	000012b7          	lui	t0,0x1
    80001da0:	87028293          	addi	t0,t0,-1936 # 870 <__stack_align+0x860>
    80001da4:	00510133          	add	sp,sp,t0
    80001da8:	7e813083          	ld	ra,2024(sp)
    80001dac:	7e013403          	ld	s0,2016(sp)
    80001db0:	7d813483          	ld	s1,2008(sp)
    80001db4:	7d013903          	ld	s2,2000(sp)
    80001db8:	7c813983          	ld	s3,1992(sp)
    80001dbc:	7c013a03          	ld	s4,1984(sp)
    80001dc0:	7b813a83          	ld	s5,1976(sp)
    80001dc4:	7b013b03          	ld	s6,1968(sp)
    80001dc8:	7a813b83          	ld	s7,1960(sp)
    80001dcc:	7a013c03          	ld	s8,1952(sp)
    80001dd0:	79813c83          	ld	s9,1944(sp)
    80001dd4:	79013d03          	ld	s10,1936(sp)
    80001dd8:	78813d83          	ld	s11,1928(sp)
    80001ddc:	7f010113          	addi	sp,sp,2032
    80001de0:	00008067          	ret
    80001de4:	00400793          	li	a5,4
    80001de8:	e61ff06f          	j	80001c48 <slre_match+0x3dc>
    80001dec:	001cc703          	lbu	a4,1(s9)
    80001df0:	03f00793          	li	a5,63
    80001df4:	b0f718e3          	bne	a4,a5,80001904 <slre_match+0x98>
    80001df8:	002cc703          	lbu	a4,2(s9)
    80001dfc:	06900793          	li	a5,105
    80001e00:	b0f712e3          	bne	a4,a5,80001904 <slre_match+0x98>
    80001e04:	003cc703          	lbu	a4,3(s9)
    80001e08:	02900793          	li	a5,41
    80001e0c:	aef71ce3          	bne	a4,a5,80001904 <slre_match+0x98>
    80001e10:	00001737          	lui	a4,0x1
    80001e14:	fbc70713          	addi	a4,a4,-68 # fbc <__stack_align+0xfac>
    80001e18:	00100793          	li	a5,1
    80001e1c:	01070733          	add	a4,a4,a6
    80001e20:	00f72023          	sw	a5,0(a4)
    80001e24:	004c8c93          	addi	s9,s9,4
    80001e28:	addff06f          	j	80001904 <slre_match+0x98>
    80001e2c:	00200793          	li	a5,2
    80001e30:	01878c3b          	addw	s8,a5,s8
    80001e34:	e89ff06f          	j	80001cbc <slre_match+0x450>
    80001e38:	ff800513          	li	a0,-8
    80001e3c:	f61ff06f          	j	80001d9c <slre_match+0x530>
    80001e40:	ff700513          	li	a0,-9
    80001e44:	f59ff06f          	j	80001d9c <slre_match+0x530>
    80001e48:	ffd00513          	li	a0,-3
    80001e4c:	f51ff06f          	j	80001d9c <slre_match+0x530>
    80001e50:	ff900513          	li	a0,-7
    80001e54:	f49ff06f          	j	80001d9c <slre_match+0x530>
    80001e58:	00100313          	li	t1,1
    80001e5c:	00000513          	li	a0,0
    80001e60:	c71ff06f          	j	80001ad0 <slre_match+0x264>

0000000080001e64 <benchmark_body>:
    80001e64:	fa010113          	addi	sp,sp,-96
    80001e68:	04113c23          	sd	ra,88(sp)
    80001e6c:	08a05c63          	blez	a0,80001f04 <benchmark_body+0xa0>
    80001e70:	05213023          	sd	s2,64(sp)
    80001e74:	03313c23          	sd	s3,56(sp)
    80001e78:	03413823          	sd	s4,48(sp)
    80001e7c:	03513423          	sd	s5,40(sp)
    80001e80:	04813823          	sd	s0,80(sp)
    80001e84:	04913423          	sd	s1,72(sp)
    80001e88:	00050a93          	mv	s5,a0
    80001e8c:	00000a13          	li	s4,0
    80001e90:	00002997          	auipc	s3,0x2
    80001e94:	11098993          	addi	s3,s3,272 # 80003fa0 <__sglue>
    80001e98:	00002917          	auipc	s2,0x2
    80001e9c:	0b890913          	addi	s2,s2,184 # 80003f50 <text>
    80001ea0:	00090513          	mv	a0,s2
    80001ea4:	043000ef          	jal	800026e6 <strlen>
    80001ea8:	0005049b          	sext.w	s1,a0
    80001eac:	00012623          	sw	zero,12(sp)
    80001eb0:	00002417          	auipc	s0,0x2
    80001eb4:	0d040413          	addi	s0,s0,208 # 80003f80 <regexes>
    80001eb8:	00043503          	ld	a0,0(s0)
    80001ebc:	00100713          	li	a4,1
    80001ec0:	01010693          	addi	a3,sp,16
    80001ec4:	00048613          	mv	a2,s1
    80001ec8:	00090593          	mv	a1,s2
    80001ecc:	9a1ff0ef          	jal	8000186c <slre_match>
    80001ed0:	00c12783          	lw	a5,12(sp)
    80001ed4:	00840413          	addi	s0,s0,8
    80001ed8:	00a787bb          	addw	a5,a5,a0
    80001edc:	00f12623          	sw	a5,12(sp)
    80001ee0:	fd341ce3          	bne	s0,s3,80001eb8 <benchmark_body+0x54>
    80001ee4:	001a0a1b          	addiw	s4,s4,1
    80001ee8:	fb4a9ce3          	bne	s5,s4,80001ea0 <benchmark_body+0x3c>
    80001eec:	05013403          	ld	s0,80(sp)
    80001ef0:	04813483          	ld	s1,72(sp)
    80001ef4:	04013903          	ld	s2,64(sp)
    80001ef8:	03813983          	ld	s3,56(sp)
    80001efc:	03013a03          	ld	s4,48(sp)
    80001f00:	02813a83          	ld	s5,40(sp)
    80001f04:	05813083          	ld	ra,88(sp)
    80001f08:	00c12503          	lw	a0,12(sp)
    80001f0c:	06010113          	addi	sp,sp,96
    80001f10:	00008067          	ret

0000000080001f14 <initialise_benchmark>:
    80001f14:	00008067          	ret

0000000080001f18 <warm_caches>:
    80001f18:	f4dff06f          	j	80001e64 <benchmark_body>

0000000080001f1c <benchmark>:
    80001f1c:	06e00513          	li	a0,110
    80001f20:	f45ff06f          	j	80001e64 <benchmark_body>

0000000080001f24 <verify_benchmark>:
    80001f24:	f9a50513          	addi	a0,a0,-102
    80001f28:	00153513          	seqz	a0,a0
    80001f2c:	00008067          	ret

0000000080001f30 <__assert_func>:
    80001f30:	1141                	addi	sp,sp,-16
    80001f32:	00002797          	auipc	a5,0x2
    80001f36:	1167b783          	ld	a5,278(a5) # 80004048 <_impure_ptr>
    80001f3a:	8832                	mv	a6,a2
    80001f3c:	e406                	sd	ra,8(sp)
    80001f3e:	88aa                	mv	a7,a0
    80001f40:	872e                	mv	a4,a1
    80001f42:	6f88                	ld	a0,24(a5)
    80001f44:	8636                	mv	a2,a3
    80001f46:	00002797          	auipc	a5,0x2
    80001f4a:	d8a78793          	addi	a5,a5,-630 # 80003cd0 <__tbss_end+0x16c>
    80001f4e:	00081763          	bnez	a6,80001f5c <__assert_func+0x2c>
    80001f52:	00002797          	auipc	a5,0x2
    80001f56:	de678793          	addi	a5,a5,-538 # 80003d38 <__tbss_end+0x1d4>
    80001f5a:	883e                	mv	a6,a5
    80001f5c:	86c6                	mv	a3,a7
    80001f5e:	00002597          	auipc	a1,0x2
    80001f62:	d8258593          	addi	a1,a1,-638 # 80003ce0 <__tbss_end+0x17c>
    80001f66:	40a000ef          	jal	80002370 <fiprintf>
    80001f6a:	78e000ef          	jal	800026f8 <abort>

0000000080001f6e <__assert>:
    80001f6e:	1141                	addi	sp,sp,-16
    80001f70:	86b2                	mv	a3,a2
    80001f72:	4601                	li	a2,0
    80001f74:	e406                	sd	ra,8(sp)
    80001f76:	fbbff0ef          	jal	80001f30 <__assert_func>

0000000080001f7a <exit>:
    80001f7a:	1141                	addi	sp,sp,-16
    80001f7c:	e022                	sd	s0,0(sp)
    80001f7e:	e406                	sd	ra,8(sp)
    80001f80:	00002797          	auipc	a5,0x2
    80001f84:	b1c78793          	addi	a5,a5,-1252 # 80003a9c <__call_exitprocs>
    80001f88:	842a                	mv	s0,a0
    80001f8a:	c781                	beqz	a5,80001f92 <exit+0x18>
    80001f8c:	4581                	li	a1,0
    80001f8e:	30f010ef          	jal	80003a9c <__call_exitprocs>
    80001f92:	8581b783          	ld	a5,-1960(gp) # 800040a0 <__stdio_exit_handler>
    80001f96:	c391                	beqz	a5,80001f9a <exit+0x20>
    80001f98:	9782                	jalr	a5
    80001f9a:	8522                	mv	a0,s0
    80001f9c:	0a5010ef          	jal	80003840 <_exit>

0000000080001fa0 <malloc>:
    80001fa0:	85aa                	mv	a1,a0
    80001fa2:	00002517          	auipc	a0,0x2
    80001fa6:	0a653503          	ld	a0,166(a0) # 80004048 <_impure_ptr>
    80001faa:	a0ad                	j	80002014 <_malloc_r>

0000000080001fac <free>:
    80001fac:	85aa                	mv	a1,a0
    80001fae:	00002517          	auipc	a0,0x2
    80001fb2:	09a53503          	ld	a0,154(a0) # 80004048 <_impure_ptr>
    80001fb6:	7520006f          	j	80002708 <_free_r>

0000000080001fba <sbrk_aligned>:
    80001fba:	1101                	addi	sp,sp,-32
    80001fbc:	e04a                	sd	s2,0(sp)
    80001fbe:	84818913          	addi	s2,gp,-1976 # 80004090 <__malloc_sbrk_start>
    80001fc2:	00093783          	ld	a5,0(s2)
    80001fc6:	e822                	sd	s0,16(sp)
    80001fc8:	e426                	sd	s1,8(sp)
    80001fca:	ec06                	sd	ra,24(sp)
    80001fcc:	84aa                	mv	s1,a0
    80001fce:	842e                	mv	s0,a1
    80001fd0:	e791                	bnez	a5,80001fdc <sbrk_aligned+0x22>
    80001fd2:	4581                	li	a1,0
    80001fd4:	6ae000ef          	jal	80002682 <_sbrk_r>
    80001fd8:	00a93023          	sd	a0,0(s2)
    80001fdc:	85a2                	mv	a1,s0
    80001fde:	8526                	mv	a0,s1
    80001fe0:	6a2000ef          	jal	80002682 <_sbrk_r>
    80001fe4:	597d                	li	s2,-1
    80001fe6:	01251a63          	bne	a0,s2,80001ffa <sbrk_aligned+0x40>
    80001fea:	547d                	li	s0,-1
    80001fec:	60e2                	ld	ra,24(sp)
    80001fee:	8522                	mv	a0,s0
    80001ff0:	6442                	ld	s0,16(sp)
    80001ff2:	64a2                	ld	s1,8(sp)
    80001ff4:	6902                	ld	s2,0(sp)
    80001ff6:	6105                	addi	sp,sp,32
    80001ff8:	8082                	ret
    80001ffa:	00750413          	addi	s0,a0,7
    80001ffe:	9861                	andi	s0,s0,-8
    80002000:	fe8506e3          	beq	a0,s0,80001fec <sbrk_aligned+0x32>
    80002004:	40a405b3          	sub	a1,s0,a0
    80002008:	8526                	mv	a0,s1
    8000200a:	678000ef          	jal	80002682 <_sbrk_r>
    8000200e:	fd251fe3          	bne	a0,s2,80001fec <sbrk_aligned+0x32>
    80002012:	bfe1                	j	80001fea <sbrk_aligned+0x30>

0000000080002014 <_malloc_r>:
    80002014:	00758793          	addi	a5,a1,7
    80002018:	7179                	addi	sp,sp,-48
    8000201a:	9be1                	andi	a5,a5,-8
    8000201c:	ec26                	sd	s1,24(sp)
    8000201e:	e84a                	sd	s2,16(sp)
    80002020:	f406                	sd	ra,40(sp)
    80002022:	f022                	sd	s0,32(sp)
    80002024:	e44e                	sd	s3,8(sp)
    80002026:	e052                	sd	s4,0(sp)
    80002028:	07a1                	addi	a5,a5,8
    8000202a:	4741                	li	a4,16
    8000202c:	892a                	mv	s2,a0
    8000202e:	44c1                	li	s1,16
    80002030:	00e7e363          	bltu	a5,a4,80002036 <_malloc_r+0x22>
    80002034:	84be                	mv	s1,a5
    80002036:	80000737          	lui	a4,0x80000
    8000203a:	fff74713          	not	a4,a4
    8000203e:	00f76463          	bltu	a4,a5,80002046 <_malloc_r+0x32>
    80002042:	00b4fe63          	bgeu	s1,a1,8000205e <_malloc_r+0x4a>
    80002046:	47b1                	li	a5,12
    80002048:	00f92023          	sw	a5,0(s2)
    8000204c:	4501                	li	a0,0
    8000204e:	70a2                	ld	ra,40(sp)
    80002050:	7402                	ld	s0,32(sp)
    80002052:	64e2                	ld	s1,24(sp)
    80002054:	6942                	ld	s2,16(sp)
    80002056:	69a2                	ld	s3,8(sp)
    80002058:	6a02                	ld	s4,0(sp)
    8000205a:	6145                	addi	sp,sp,48
    8000205c:	8082                	ret
    8000205e:	854a                	mv	a0,s2
    80002060:	0e4000ef          	jal	80002144 <__malloc_lock>
    80002064:	85018993          	addi	s3,gp,-1968 # 80004098 <__malloc_free_list>
    80002068:	0009b783          	ld	a5,0(s3)
    8000206c:	843e                	mv	s0,a5
    8000206e:	ec21                	bnez	s0,800020c6 <_malloc_r+0xb2>
    80002070:	85a6                	mv	a1,s1
    80002072:	854a                	mv	a0,s2
    80002074:	f47ff0ef          	jal	80001fba <sbrk_aligned>
    80002078:	57fd                	li	a5,-1
    8000207a:	842a                	mv	s0,a0
    8000207c:	0af51f63          	bne	a0,a5,8000213a <_malloc_r+0x126>
    80002080:	0009b403          	ld	s0,0(s3)
    80002084:	87a2                	mv	a5,s0
    80002086:	efd1                	bnez	a5,80002122 <_malloc_r+0x10e>
    80002088:	c055                	beqz	s0,8000212c <_malloc_r+0x118>
    8000208a:	00043a03          	ld	s4,0(s0)
    8000208e:	4581                	li	a1,0
    80002090:	854a                	mv	a0,s2
    80002092:	9a22                	add	s4,s4,s0
    80002094:	5ee000ef          	jal	80002682 <_sbrk_r>
    80002098:	08aa1a63          	bne	s4,a0,8000212c <_malloc_r+0x118>
    8000209c:	601c                	ld	a5,0(s0)
    8000209e:	854a                	mv	a0,s2
    800020a0:	8c9d                	sub	s1,s1,a5
    800020a2:	85a6                	mv	a1,s1
    800020a4:	f17ff0ef          	jal	80001fba <sbrk_aligned>
    800020a8:	57fd                	li	a5,-1
    800020aa:	08f50163          	beq	a0,a5,8000212c <_malloc_r+0x118>
    800020ae:	601c                	ld	a5,0(s0)
    800020b0:	97a6                	add	a5,a5,s1
    800020b2:	e01c                	sd	a5,0(s0)
    800020b4:	0009b783          	ld	a5,0(s3)
    800020b8:	c3d9                	beqz	a5,8000213e <_malloc_r+0x12a>
    800020ba:	6798                	ld	a4,8(a5)
    800020bc:	06871663          	bne	a4,s0,80002128 <_malloc_r+0x114>
    800020c0:	0007b423          	sd	zero,8(a5)
    800020c4:	a015                	j	800020e8 <_malloc_r+0xd4>
    800020c6:	6014                	ld	a3,0(s0)
    800020c8:	9e85                	subw	a3,a3,s1
    800020ca:	0406c963          	bltz	a3,8000211c <_malloc_r+0x108>
    800020ce:	473d                	li	a4,15
    800020d0:	02d75e63          	bge	a4,a3,8000210c <_malloc_r+0xf8>
    800020d4:	e004                	sd	s1,0(s0)
    800020d6:	00940733          	add	a4,s0,s1
    800020da:	02879763          	bne	a5,s0,80002108 <_malloc_r+0xf4>
    800020de:	00e9b023          	sd	a4,0(s3)
    800020e2:	641c                	ld	a5,8(s0)
    800020e4:	e314                	sd	a3,0(a4)
    800020e6:	e71c                	sd	a5,8(a4)
    800020e8:	854a                	mv	a0,s2
    800020ea:	05c000ef          	jal	80002146 <__malloc_unlock>
    800020ee:	00f40513          	addi	a0,s0,15
    800020f2:	00840793          	addi	a5,s0,8
    800020f6:	9961                	andi	a0,a0,-8
    800020f8:	40f507bb          	subw	a5,a0,a5
    800020fc:	dba9                	beqz	a5,8000204e <_malloc_r+0x3a>
    800020fe:	943e                	add	s0,s0,a5
    80002100:	40f007bb          	negw	a5,a5
    80002104:	e01c                	sd	a5,0(s0)
    80002106:	b7a1                	j	8000204e <_malloc_r+0x3a>
    80002108:	e798                	sd	a4,8(a5)
    8000210a:	bfe1                	j	800020e2 <_malloc_r+0xce>
    8000210c:	6418                	ld	a4,8(s0)
    8000210e:	00879563          	bne	a5,s0,80002118 <_malloc_r+0x104>
    80002112:	00e9b023          	sd	a4,0(s3)
    80002116:	bfc9                	j	800020e8 <_malloc_r+0xd4>
    80002118:	e798                	sd	a4,8(a5)
    8000211a:	b7f9                	j	800020e8 <_malloc_r+0xd4>
    8000211c:	87a2                	mv	a5,s0
    8000211e:	6400                	ld	s0,8(s0)
    80002120:	b7b9                	j	8000206e <_malloc_r+0x5a>
    80002122:	843e                	mv	s0,a5
    80002124:	679c                	ld	a5,8(a5)
    80002126:	b785                	j	80002086 <_malloc_r+0x72>
    80002128:	87ba                	mv	a5,a4
    8000212a:	b779                	j	800020b8 <_malloc_r+0xa4>
    8000212c:	47b1                	li	a5,12
    8000212e:	00f92023          	sw	a5,0(s2)
    80002132:	854a                	mv	a0,s2
    80002134:	012000ef          	jal	80002146 <__malloc_unlock>
    80002138:	bf11                	j	8000204c <_malloc_r+0x38>
    8000213a:	e104                	sd	s1,0(a0)
    8000213c:	b775                	j	800020e8 <_malloc_r+0xd4>
    8000213e:	00003423          	sd	zero,8(zero) # 8 <__boot_hart+0x8>
    80002142:	9002                	ebreak

0000000080002144 <__malloc_lock>:
    80002144:	8082                	ret

0000000080002146 <__malloc_unlock>:
    80002146:	8082                	ret

0000000080002148 <__fp_lock>:
    80002148:	4501                	li	a0,0
    8000214a:	8082                	ret

000000008000214c <std>:
    8000214c:	1141                	addi	sp,sp,-16
    8000214e:	e022                	sd	s0,0(sp)
    80002150:	e406                	sd	ra,8(sp)
    80002152:	842a                	mv	s0,a0
    80002154:	00b51823          	sh	a1,16(a0)
    80002158:	00c51923          	sh	a2,18(a0)
    8000215c:	00053023          	sd	zero,0(a0)
    80002160:	00053423          	sd	zero,8(a0)
    80002164:	0a052623          	sw	zero,172(a0)
    80002168:	00053c23          	sd	zero,24(a0)
    8000216c:	02052023          	sw	zero,32(a0)
    80002170:	02052423          	sw	zero,40(a0)
    80002174:	4621                	li	a2,8
    80002176:	4581                	li	a1,0
    80002178:	0a450513          	addi	a0,a0,164
    8000217c:	55a000ef          	jal	800026d6 <memset>
    80002180:	00000797          	auipc	a5,0x0
    80002184:	2d478793          	addi	a5,a5,724 # 80002454 <__sread>
    80002188:	e03c                	sd	a5,64(s0)
    8000218a:	00000797          	auipc	a5,0x0
    8000218e:	30078793          	addi	a5,a5,768 # 8000248a <__swrite>
    80002192:	e43c                	sd	a5,72(s0)
    80002194:	00000797          	auipc	a5,0x0
    80002198:	34678793          	addi	a5,a5,838 # 800024da <__sseek>
    8000219c:	e83c                	sd	a5,80(s0)
    8000219e:	00000797          	auipc	a5,0x0
    800021a2:	37478793          	addi	a5,a5,884 # 80002512 <__sclose>
    800021a6:	60a2                	ld	ra,8(sp)
    800021a8:	fc00                	sd	s0,56(s0)
    800021aa:	ec3c                	sd	a5,88(s0)
    800021ac:	6402                	ld	s0,0(sp)
    800021ae:	0141                	addi	sp,sp,16
    800021b0:	8082                	ret

00000000800021b2 <stdio_exit_handler>:
    800021b2:	00002617          	auipc	a2,0x2
    800021b6:	dee60613          	addi	a2,a2,-530 # 80003fa0 <__sglue>
    800021ba:	00001597          	auipc	a1,0x1
    800021be:	df858593          	addi	a1,a1,-520 # 80002fb2 <_fflush_r>
    800021c2:	00002517          	auipc	a0,0x2
    800021c6:	df650513          	addi	a0,a0,-522 # 80003fb8 <_impure_data>
    800021ca:	aac1                	j	8000239a <_fwalk_sglue>

00000000800021cc <cleanup_stdio>:
    800021cc:	650c                	ld	a1,8(a0)
    800021ce:	1141                	addi	sp,sp,-16
    800021d0:	e022                	sd	s0,0(sp)
    800021d2:	e406                	sd	ra,8(sp)
    800021d4:	00002797          	auipc	a5,0x2
    800021d8:	f0478793          	addi	a5,a5,-252 # 800040d8 <__sf>
    800021dc:	842a                	mv	s0,a0
    800021de:	00f58463          	beq	a1,a5,800021e6 <cleanup_stdio+0x1a>
    800021e2:	5d1000ef          	jal	80002fb2 <_fflush_r>
    800021e6:	680c                	ld	a1,16(s0)
    800021e8:	00002797          	auipc	a5,0x2
    800021ec:	fa078793          	addi	a5,a5,-96 # 80004188 <__sf+0xb0>
    800021f0:	00f58563          	beq	a1,a5,800021fa <cleanup_stdio+0x2e>
    800021f4:	8522                	mv	a0,s0
    800021f6:	5bd000ef          	jal	80002fb2 <_fflush_r>
    800021fa:	6c0c                	ld	a1,24(s0)
    800021fc:	9f018793          	addi	a5,gp,-1552 # 80004238 <__sf+0x160>
    80002200:	00f58863          	beq	a1,a5,80002210 <cleanup_stdio+0x44>
    80002204:	8522                	mv	a0,s0
    80002206:	6402                	ld	s0,0(sp)
    80002208:	60a2                	ld	ra,8(sp)
    8000220a:	0141                	addi	sp,sp,16
    8000220c:	5a70006f          	j	80002fb2 <_fflush_r>
    80002210:	60a2                	ld	ra,8(sp)
    80002212:	6402                	ld	s0,0(sp)
    80002214:	0141                	addi	sp,sp,16
    80002216:	8082                	ret

0000000080002218 <global_stdio_init.part.0>:
    80002218:	1141                	addi	sp,sp,-16
    8000221a:	00000797          	auipc	a5,0x0
    8000221e:	f9878793          	addi	a5,a5,-104 # 800021b2 <stdio_exit_handler>
    80002222:	4601                	li	a2,0
    80002224:	4591                	li	a1,4
    80002226:	00002517          	auipc	a0,0x2
    8000222a:	eb250513          	addi	a0,a0,-334 # 800040d8 <__sf>
    8000222e:	e406                	sd	ra,8(sp)
    80002230:	84f1bc23          	sd	a5,-1960(gp) # 800040a0 <__stdio_exit_handler>
    80002234:	f19ff0ef          	jal	8000214c <std>
    80002238:	4605                	li	a2,1
    8000223a:	45a5                	li	a1,9
    8000223c:	00002517          	auipc	a0,0x2
    80002240:	f4c50513          	addi	a0,a0,-180 # 80004188 <__sf+0xb0>
    80002244:	f09ff0ef          	jal	8000214c <std>
    80002248:	60a2                	ld	ra,8(sp)
    8000224a:	4609                	li	a2,2
    8000224c:	45c9                	li	a1,18
    8000224e:	9f018513          	addi	a0,gp,-1552 # 80004238 <__sf+0x160>
    80002252:	0141                	addi	sp,sp,16
    80002254:	bde5                	j	8000214c <std>

0000000080002256 <__fp_unlock>:
    80002256:	4501                	li	a0,0
    80002258:	8082                	ret

000000008000225a <__sfp>:
    8000225a:	1101                	addi	sp,sp,-32
    8000225c:	e04a                	sd	s2,0(sp)
    8000225e:	ec06                	sd	ra,24(sp)
    80002260:	e822                	sd	s0,16(sp)
    80002262:	e426                	sd	s1,8(sp)
    80002264:	8581b783          	ld	a5,-1960(gp) # 800040a0 <__stdio_exit_handler>
    80002268:	892a                	mv	s2,a0
    8000226a:	e399                	bnez	a5,80002270 <__sfp+0x16>
    8000226c:	fadff0ef          	jal	80002218 <global_stdio_init.part.0>
    80002270:	00002497          	auipc	s1,0x2
    80002274:	d3048493          	addi	s1,s1,-720 # 80003fa0 <__sglue>
    80002278:	6880                	ld	s0,16(s1)
    8000227a:	449c                	lw	a5,8(s1)
    8000227c:	37fd                	addiw	a5,a5,-1
    8000227e:	0207d163          	bgez	a5,800022a0 <__sfp+0x46>
    80002282:	609c                	ld	a5,0(s1)
    80002284:	e7c1                	bnez	a5,8000230c <__sfp+0xb2>
    80002286:	2d800593          	li	a1,728
    8000228a:	854a                	mv	a0,s2
    8000228c:	d89ff0ef          	jal	80002014 <_malloc_r>
    80002290:	842a                	mv	s0,a0
    80002292:	e12d                	bnez	a0,800022f4 <__sfp+0x9a>
    80002294:	0004b023          	sd	zero,0(s1)
    80002298:	47b1                	li	a5,12
    8000229a:	00f92023          	sw	a5,0(s2)
    8000229e:	a089                	j	800022e0 <__sfp+0x86>
    800022a0:	01041703          	lh	a4,16(s0)
    800022a4:	e729                	bnez	a4,800022ee <__sfp+0x94>
    800022a6:	77c1                	lui	a5,0xffff0
    800022a8:	0785                	addi	a5,a5,1 # ffffffffffff0001 <__heap_end+0xffffffff7ffcb001>
    800022aa:	0a042623          	sw	zero,172(s0)
    800022ae:	00043023          	sd	zero,0(s0)
    800022b2:	00043423          	sd	zero,8(s0)
    800022b6:	c81c                	sw	a5,16(s0)
    800022b8:	00043c23          	sd	zero,24(s0)
    800022bc:	02042023          	sw	zero,32(s0)
    800022c0:	02042423          	sw	zero,40(s0)
    800022c4:	4621                	li	a2,8
    800022c6:	4581                	li	a1,0
    800022c8:	0a440513          	addi	a0,s0,164
    800022cc:	40a000ef          	jal	800026d6 <memset>
    800022d0:	06043023          	sd	zero,96(s0)
    800022d4:	06042423          	sw	zero,104(s0)
    800022d8:	08043023          	sd	zero,128(s0)
    800022dc:	08042423          	sw	zero,136(s0)
    800022e0:	60e2                	ld	ra,24(sp)
    800022e2:	8522                	mv	a0,s0
    800022e4:	6442                	ld	s0,16(sp)
    800022e6:	64a2                	ld	s1,8(sp)
    800022e8:	6902                	ld	s2,0(sp)
    800022ea:	6105                	addi	sp,sp,32
    800022ec:	8082                	ret
    800022ee:	0b040413          	addi	s0,s0,176
    800022f2:	b769                	j	8000227c <__sfp+0x22>
    800022f4:	4791                	li	a5,4
    800022f6:	00053023          	sd	zero,0(a0)
    800022fa:	c51c                	sw	a5,8(a0)
    800022fc:	0561                	addi	a0,a0,24
    800022fe:	e808                	sd	a0,16(s0)
    80002300:	2c000613          	li	a2,704
    80002304:	4581                	li	a1,0
    80002306:	3d0000ef          	jal	800026d6 <memset>
    8000230a:	e080                	sd	s0,0(s1)
    8000230c:	6084                	ld	s1,0(s1)
    8000230e:	b7ad                	j	80002278 <__sfp+0x1e>

0000000080002310 <__sinit>:
    80002310:	613c                	ld	a5,64(a0)
    80002312:	eb91                	bnez	a5,80002326 <__sinit+0x16>
    80002314:	00000797          	auipc	a5,0x0
    80002318:	eb878793          	addi	a5,a5,-328 # 800021cc <cleanup_stdio>
    8000231c:	e13c                	sd	a5,64(a0)
    8000231e:	8581b783          	ld	a5,-1960(gp) # 800040a0 <__stdio_exit_handler>
    80002322:	e391                	bnez	a5,80002326 <__sinit+0x16>
    80002324:	bdd5                	j	80002218 <global_stdio_init.part.0>
    80002326:	8082                	ret

0000000080002328 <__sfp_lock_acquire>:
    80002328:	8082                	ret

000000008000232a <__sfp_lock_release>:
    8000232a:	8082                	ret

000000008000232c <__fp_lock_all>:
    8000232c:	00002617          	auipc	a2,0x2
    80002330:	c7460613          	addi	a2,a2,-908 # 80003fa0 <__sglue>
    80002334:	00000597          	auipc	a1,0x0
    80002338:	e1458593          	addi	a1,a1,-492 # 80002148 <__fp_lock>
    8000233c:	4501                	li	a0,0
    8000233e:	a8b1                	j	8000239a <_fwalk_sglue>

0000000080002340 <__fp_unlock_all>:
    80002340:	00002617          	auipc	a2,0x2
    80002344:	c6060613          	addi	a2,a2,-928 # 80003fa0 <__sglue>
    80002348:	00000597          	auipc	a1,0x0
    8000234c:	f0e58593          	addi	a1,a1,-242 # 80002256 <__fp_unlock>
    80002350:	4501                	li	a0,0
    80002352:	a0a1                	j	8000239a <_fwalk_sglue>

0000000080002354 <_fiprintf_r>:
    80002354:	715d                	addi	sp,sp,-80
    80002356:	f436                	sd	a3,40(sp)
    80002358:	1034                	addi	a3,sp,40
    8000235a:	ec06                	sd	ra,24(sp)
    8000235c:	f83a                	sd	a4,48(sp)
    8000235e:	fc3e                	sd	a5,56(sp)
    80002360:	e0c2                	sd	a6,64(sp)
    80002362:	e4c6                	sd	a7,72(sp)
    80002364:	e436                	sd	a3,8(sp)
    80002366:	4d8000ef          	jal	8000283e <_vfiprintf_r>
    8000236a:	60e2                	ld	ra,24(sp)
    8000236c:	6161                	addi	sp,sp,80
    8000236e:	8082                	ret

0000000080002370 <fiprintf>:
    80002370:	715d                	addi	sp,sp,-80
    80002372:	f032                	sd	a2,32(sp)
    80002374:	f436                	sd	a3,40(sp)
    80002376:	862e                	mv	a2,a1
    80002378:	1014                	addi	a3,sp,32
    8000237a:	85aa                	mv	a1,a0
    8000237c:	00002517          	auipc	a0,0x2
    80002380:	ccc53503          	ld	a0,-820(a0) # 80004048 <_impure_ptr>
    80002384:	ec06                	sd	ra,24(sp)
    80002386:	f83a                	sd	a4,48(sp)
    80002388:	fc3e                	sd	a5,56(sp)
    8000238a:	e0c2                	sd	a6,64(sp)
    8000238c:	e4c6                	sd	a7,72(sp)
    8000238e:	e436                	sd	a3,8(sp)
    80002390:	4ae000ef          	jal	8000283e <_vfiprintf_r>
    80002394:	60e2                	ld	ra,24(sp)
    80002396:	6161                	addi	sp,sp,80
    80002398:	8082                	ret

000000008000239a <_fwalk_sglue>:
    8000239a:	715d                	addi	sp,sp,-80
    8000239c:	e0a2                	sd	s0,64(sp)
    8000239e:	fc26                	sd	s1,56(sp)
    800023a0:	f44e                	sd	s3,40(sp)
    800023a2:	f052                	sd	s4,32(sp)
    800023a4:	e85a                	sd	s6,16(sp)
    800023a6:	e45e                	sd	s7,8(sp)
    800023a8:	e486                	sd	ra,72(sp)
    800023aa:	f84a                	sd	s2,48(sp)
    800023ac:	ec56                	sd	s5,24(sp)
    800023ae:	89aa                	mv	s3,a0
    800023b0:	8a2e                	mv	s4,a1
    800023b2:	8432                	mv	s0,a2
    800023b4:	4481                	li	s1,0
    800023b6:	4b05                	li	s6,1
    800023b8:	5bfd                	li	s7,-1
    800023ba:	01043903          	ld	s2,16(s0)
    800023be:	00842a83          	lw	s5,8(s0)
    800023c2:	3afd                	addiw	s5,s5,-1
    800023c4:	020ad063          	bgez	s5,800023e4 <_fwalk_sglue+0x4a>
    800023c8:	6000                	ld	s0,0(s0)
    800023ca:	f865                	bnez	s0,800023ba <_fwalk_sglue+0x20>
    800023cc:	60a6                	ld	ra,72(sp)
    800023ce:	6406                	ld	s0,64(sp)
    800023d0:	7942                	ld	s2,48(sp)
    800023d2:	79a2                	ld	s3,40(sp)
    800023d4:	7a02                	ld	s4,32(sp)
    800023d6:	6ae2                	ld	s5,24(sp)
    800023d8:	6b42                	ld	s6,16(sp)
    800023da:	6ba2                	ld	s7,8(sp)
    800023dc:	8526                	mv	a0,s1
    800023de:	74e2                	ld	s1,56(sp)
    800023e0:	6161                	addi	sp,sp,80
    800023e2:	8082                	ret
    800023e4:	01095783          	lhu	a5,16(s2)
    800023e8:	00fb7b63          	bgeu	s6,a5,800023fe <_fwalk_sglue+0x64>
    800023ec:	01291783          	lh	a5,18(s2)
    800023f0:	01778763          	beq	a5,s7,800023fe <_fwalk_sglue+0x64>
    800023f4:	85ca                	mv	a1,s2
    800023f6:	854e                	mv	a0,s3
    800023f8:	9a02                	jalr	s4
    800023fa:	8cc9                	or	s1,s1,a0
    800023fc:	2481                	sext.w	s1,s1
    800023fe:	0b090913          	addi	s2,s2,176
    80002402:	b7c1                	j	800023c2 <_fwalk_sglue+0x28>

0000000080002404 <_iprintf_r>:
    80002404:	715d                	addi	sp,sp,-80
    80002406:	f032                	sd	a2,32(sp)
    80002408:	f436                	sd	a3,40(sp)
    8000240a:	f83a                	sd	a4,48(sp)
    8000240c:	fc3e                	sd	a5,56(sp)
    8000240e:	e0c2                	sd	a6,64(sp)
    80002410:	e4c6                	sd	a7,72(sp)
    80002412:	862e                	mv	a2,a1
    80002414:	690c                	ld	a1,16(a0)
    80002416:	1014                	addi	a3,sp,32
    80002418:	ec06                	sd	ra,24(sp)
    8000241a:	e436                	sd	a3,8(sp)
    8000241c:	422000ef          	jal	8000283e <_vfiprintf_r>
    80002420:	60e2                	ld	ra,24(sp)
    80002422:	6161                	addi	sp,sp,80
    80002424:	8082                	ret

0000000080002426 <iprintf>:
    80002426:	711d                	addi	sp,sp,-96
    80002428:	f832                	sd	a2,48(sp)
    8000242a:	fc36                	sd	a3,56(sp)
    8000242c:	e4be                	sd	a5,72(sp)
    8000242e:	f42e                	sd	a1,40(sp)
    80002430:	e0ba                	sd	a4,64(sp)
    80002432:	e8c2                	sd	a6,80(sp)
    80002434:	ecc6                	sd	a7,88(sp)
    80002436:	00002797          	auipc	a5,0x2
    8000243a:	c127b783          	ld	a5,-1006(a5) # 80004048 <_impure_ptr>
    8000243e:	6b8c                	ld	a1,16(a5)
    80002440:	1034                	addi	a3,sp,40
    80002442:	862a                	mv	a2,a0
    80002444:	853e                	mv	a0,a5
    80002446:	ec06                	sd	ra,24(sp)
    80002448:	e436                	sd	a3,8(sp)
    8000244a:	3f4000ef          	jal	8000283e <_vfiprintf_r>
    8000244e:	60e2                	ld	ra,24(sp)
    80002450:	6125                	addi	sp,sp,96
    80002452:	8082                	ret

0000000080002454 <__sread>:
    80002454:	1141                	addi	sp,sp,-16
    80002456:	e022                	sd	s0,0(sp)
    80002458:	842e                	mv	s0,a1
    8000245a:	01259583          	lh	a1,18(a1)
    8000245e:	e406                	sd	ra,8(sp)
    80002460:	1f6000ef          	jal	80002656 <_read_r>
    80002464:	00054963          	bltz	a0,80002476 <__sread+0x22>
    80002468:	6c5c                	ld	a5,152(s0)
    8000246a:	97aa                	add	a5,a5,a0
    8000246c:	ec5c                	sd	a5,152(s0)
    8000246e:	60a2                	ld	ra,8(sp)
    80002470:	6402                	ld	s0,0(sp)
    80002472:	0141                	addi	sp,sp,16
    80002474:	8082                	ret
    80002476:	01045783          	lhu	a5,16(s0)
    8000247a:	777d                	lui	a4,0xfffff
    8000247c:	177d                	addi	a4,a4,-1 # ffffffffffffefff <__heap_end+0xffffffff7ffd9fff>
    8000247e:	8ff9                	and	a5,a5,a4
    80002480:	00f41823          	sh	a5,16(s0)
    80002484:	b7ed                	j	8000246e <__sread+0x1a>

0000000080002486 <__seofread>:
    80002486:	4501                	li	a0,0
    80002488:	8082                	ret

000000008000248a <__swrite>:
    8000248a:	0105d783          	lhu	a5,16(a1)
    8000248e:	7179                	addi	sp,sp,-48
    80002490:	f022                	sd	s0,32(sp)
    80002492:	ec26                	sd	s1,24(sp)
    80002494:	e84a                	sd	s2,16(sp)
    80002496:	e44e                	sd	s3,8(sp)
    80002498:	f406                	sd	ra,40(sp)
    8000249a:	1007f793          	andi	a5,a5,256
    8000249e:	84aa                	mv	s1,a0
    800024a0:	842e                	mv	s0,a1
    800024a2:	8932                	mv	s2,a2
    800024a4:	89b6                	mv	s3,a3
    800024a6:	c799                	beqz	a5,800024b4 <__swrite+0x2a>
    800024a8:	01259583          	lh	a1,18(a1)
    800024ac:	4689                	li	a3,2
    800024ae:	4601                	li	a2,0
    800024b0:	17a000ef          	jal	8000262a <_lseek_r>
    800024b4:	01045783          	lhu	a5,16(s0)
    800024b8:	777d                	lui	a4,0xfffff
    800024ba:	177d                	addi	a4,a4,-1 # ffffffffffffefff <__heap_end+0xffffffff7ffd9fff>
    800024bc:	8ff9                	and	a5,a5,a4
    800024be:	01241583          	lh	a1,18(s0)
    800024c2:	00f41823          	sh	a5,16(s0)
    800024c6:	7402                	ld	s0,32(sp)
    800024c8:	70a2                	ld	ra,40(sp)
    800024ca:	86ce                	mv	a3,s3
    800024cc:	864a                	mv	a2,s2
    800024ce:	69a2                	ld	s3,8(sp)
    800024d0:	6942                	ld	s2,16(sp)
    800024d2:	8526                	mv	a0,s1
    800024d4:	64e2                	ld	s1,24(sp)
    800024d6:	6145                	addi	sp,sp,48
    800024d8:	aac9                	j	800026aa <_write_r>

00000000800024da <__sseek>:
    800024da:	1141                	addi	sp,sp,-16
    800024dc:	e022                	sd	s0,0(sp)
    800024de:	842e                	mv	s0,a1
    800024e0:	01259583          	lh	a1,18(a1)
    800024e4:	e406                	sd	ra,8(sp)
    800024e6:	144000ef          	jal	8000262a <_lseek_r>
    800024ea:	577d                	li	a4,-1
    800024ec:	01045783          	lhu	a5,16(s0)
    800024f0:	00e51b63          	bne	a0,a4,80002506 <__sseek+0x2c>
    800024f4:	777d                	lui	a4,0xfffff
    800024f6:	177d                	addi	a4,a4,-1 # ffffffffffffefff <__heap_end+0xffffffff7ffd9fff>
    800024f8:	8ff9                	and	a5,a5,a4
    800024fa:	00f41823          	sh	a5,16(s0)
    800024fe:	60a2                	ld	ra,8(sp)
    80002500:	6402                	ld	s0,0(sp)
    80002502:	0141                	addi	sp,sp,16
    80002504:	8082                	ret
    80002506:	6705                	lui	a4,0x1
    80002508:	8fd9                	or	a5,a5,a4
    8000250a:	00f41823          	sh	a5,16(s0)
    8000250e:	ec48                	sd	a0,152(s0)
    80002510:	b7fd                	j	800024fe <__sseek+0x24>

0000000080002512 <__sclose>:
    80002512:	01259583          	lh	a1,18(a1)
    80002516:	a831                	j	80002532 <_close_r>

0000000080002518 <strchr>:
    80002518:	0ff5f593          	zext.b	a1,a1
    8000251c:	00054783          	lbu	a5,0(a0)
    80002520:	c791                	beqz	a5,8000252c <strchr+0x14>
    80002522:	00b79363          	bne	a5,a1,80002528 <strchr+0x10>
    80002526:	8082                	ret
    80002528:	0505                	addi	a0,a0,1
    8000252a:	bfcd                	j	8000251c <strchr+0x4>
    8000252c:	c191                	beqz	a1,80002530 <strchr+0x18>
    8000252e:	4501                	li	a0,0
    80002530:	8082                	ret

0000000080002532 <_close_r>:
    80002532:	1141                	addi	sp,sp,-16
    80002534:	e022                	sd	s0,0(sp)
    80002536:	842a                	mv	s0,a0
    80002538:	852e                	mv	a0,a1
    8000253a:	8601a023          	sw	zero,-1952(gp) # 800040a8 <errno>
    8000253e:	e406                	sd	ra,8(sp)
    80002540:	2ec010ef          	jal	8000382c <_close>
    80002544:	57fd                	li	a5,-1
    80002546:	00f51663          	bne	a0,a5,80002552 <_close_r+0x20>
    8000254a:	8601a783          	lw	a5,-1952(gp) # 800040a8 <errno>
    8000254e:	c391                	beqz	a5,80002552 <_close_r+0x20>
    80002550:	c01c                	sw	a5,0(s0)
    80002552:	60a2                	ld	ra,8(sp)
    80002554:	6402                	ld	s0,0(sp)
    80002556:	0141                	addi	sp,sp,16
    80002558:	8082                	ret

000000008000255a <_reclaim_reent>:
    8000255a:	00002797          	auipc	a5,0x2
    8000255e:	aee7b783          	ld	a5,-1298(a5) # 80004048 <_impure_ptr>
    80002562:	0ca78363          	beq	a5,a0,80002628 <_reclaim_reent+0xce>
    80002566:	7d1c                	ld	a5,56(a0)
    80002568:	7179                	addi	sp,sp,-48
    8000256a:	f022                	sd	s0,32(sp)
    8000256c:	f406                	sd	ra,40(sp)
    8000256e:	ec26                	sd	s1,24(sp)
    80002570:	e84a                	sd	s2,16(sp)
    80002572:	e44e                	sd	s3,8(sp)
    80002574:	842a                	mv	s0,a0
    80002576:	cb8d                	beqz	a5,800025a8 <_reclaim_reent+0x4e>
    80002578:	6f9c                	ld	a5,24(a5)
    8000257a:	c38d                	beqz	a5,8000259c <_reclaim_reent+0x42>
    8000257c:	4481                	li	s1,0
    8000257e:	20000913          	li	s2,512
    80002582:	7c1c                	ld	a5,56(s0)
    80002584:	6f9c                	ld	a5,24(a5)
    80002586:	97a6                	add	a5,a5,s1
    80002588:	638c                	ld	a1,0(a5)
    8000258a:	e1c9                	bnez	a1,8000260c <_reclaim_reent+0xb2>
    8000258c:	04a1                	addi	s1,s1,8
    8000258e:	ff249ae3          	bne	s1,s2,80002582 <_reclaim_reent+0x28>
    80002592:	7c1c                	ld	a5,56(s0)
    80002594:	8522                	mv	a0,s0
    80002596:	6f8c                	ld	a1,24(a5)
    80002598:	170000ef          	jal	80002708 <_free_r>
    8000259c:	7c1c                	ld	a5,56(s0)
    8000259e:	638c                	ld	a1,0(a5)
    800025a0:	c581                	beqz	a1,800025a8 <_reclaim_reent+0x4e>
    800025a2:	8522                	mv	a0,s0
    800025a4:	164000ef          	jal	80002708 <_free_r>
    800025a8:	740c                	ld	a1,40(s0)
    800025aa:	c581                	beqz	a1,800025b2 <_reclaim_reent+0x58>
    800025ac:	8522                	mv	a0,s0
    800025ae:	15a000ef          	jal	80002708 <_free_r>
    800025b2:	7c0c                	ld	a1,56(s0)
    800025b4:	c581                	beqz	a1,800025bc <_reclaim_reent+0x62>
    800025b6:	8522                	mv	a0,s0
    800025b8:	150000ef          	jal	80002708 <_free_r>
    800025bc:	6c2c                	ld	a1,88(s0)
    800025be:	c581                	beqz	a1,800025c6 <_reclaim_reent+0x6c>
    800025c0:	8522                	mv	a0,s0
    800025c2:	146000ef          	jal	80002708 <_free_r>
    800025c6:	702c                	ld	a1,96(s0)
    800025c8:	c581                	beqz	a1,800025d0 <_reclaim_reent+0x76>
    800025ca:	8522                	mv	a0,s0
    800025cc:	13c000ef          	jal	80002708 <_free_r>
    800025d0:	742c                	ld	a1,104(s0)
    800025d2:	c581                	beqz	a1,800025da <_reclaim_reent+0x80>
    800025d4:	8522                	mv	a0,s0
    800025d6:	132000ef          	jal	80002708 <_free_r>
    800025da:	644c                	ld	a1,136(s0)
    800025dc:	c581                	beqz	a1,800025e4 <_reclaim_reent+0x8a>
    800025de:	8522                	mv	a0,s0
    800025e0:	128000ef          	jal	80002708 <_free_r>
    800025e4:	604c                	ld	a1,128(s0)
    800025e6:	c581                	beqz	a1,800025ee <_reclaim_reent+0x94>
    800025e8:	8522                	mv	a0,s0
    800025ea:	11e000ef          	jal	80002708 <_free_r>
    800025ee:	682c                	ld	a1,80(s0)
    800025f0:	c581                	beqz	a1,800025f8 <_reclaim_reent+0x9e>
    800025f2:	8522                	mv	a0,s0
    800025f4:	114000ef          	jal	80002708 <_free_r>
    800025f8:	603c                	ld	a5,64(s0)
    800025fa:	c385                	beqz	a5,8000261a <_reclaim_reent+0xc0>
    800025fc:	8522                	mv	a0,s0
    800025fe:	7402                	ld	s0,32(sp)
    80002600:	70a2                	ld	ra,40(sp)
    80002602:	64e2                	ld	s1,24(sp)
    80002604:	6942                	ld	s2,16(sp)
    80002606:	69a2                	ld	s3,8(sp)
    80002608:	6145                	addi	sp,sp,48
    8000260a:	8782                	jr	a5
    8000260c:	0005b983          	ld	s3,0(a1)
    80002610:	8522                	mv	a0,s0
    80002612:	0f6000ef          	jal	80002708 <_free_r>
    80002616:	85ce                	mv	a1,s3
    80002618:	bf8d                	j	8000258a <_reclaim_reent+0x30>
    8000261a:	70a2                	ld	ra,40(sp)
    8000261c:	7402                	ld	s0,32(sp)
    8000261e:	64e2                	ld	s1,24(sp)
    80002620:	6942                	ld	s2,16(sp)
    80002622:	69a2                	ld	s3,8(sp)
    80002624:	6145                	addi	sp,sp,48
    80002626:	8082                	ret
    80002628:	8082                	ret

000000008000262a <_lseek_r>:
    8000262a:	1141                	addi	sp,sp,-16
    8000262c:	e022                	sd	s0,0(sp)
    8000262e:	842a                	mv	s0,a0
    80002630:	852e                	mv	a0,a1
    80002632:	85b2                	mv	a1,a2
    80002634:	8636                	mv	a2,a3
    80002636:	8601a023          	sw	zero,-1952(gp) # 800040a8 <errno>
    8000263a:	e406                	sd	ra,8(sp)
    8000263c:	25a010ef          	jal	80003896 <_lseek>
    80002640:	57fd                	li	a5,-1
    80002642:	00f51663          	bne	a0,a5,8000264e <_lseek_r+0x24>
    80002646:	8601a783          	lw	a5,-1952(gp) # 800040a8 <errno>
    8000264a:	c391                	beqz	a5,8000264e <_lseek_r+0x24>
    8000264c:	c01c                	sw	a5,0(s0)
    8000264e:	60a2                	ld	ra,8(sp)
    80002650:	6402                	ld	s0,0(sp)
    80002652:	0141                	addi	sp,sp,16
    80002654:	8082                	ret

0000000080002656 <_read_r>:
    80002656:	1141                	addi	sp,sp,-16
    80002658:	e022                	sd	s0,0(sp)
    8000265a:	842a                	mv	s0,a0
    8000265c:	852e                	mv	a0,a1
    8000265e:	85b2                	mv	a1,a2
    80002660:	8636                	mv	a2,a3
    80002662:	8601a023          	sw	zero,-1952(gp) # 800040a8 <errno>
    80002666:	e406                	sd	ra,8(sp)
    80002668:	242010ef          	jal	800038aa <_read>
    8000266c:	57fd                	li	a5,-1
    8000266e:	00f51663          	bne	a0,a5,8000267a <_read_r+0x24>
    80002672:	8601a783          	lw	a5,-1952(gp) # 800040a8 <errno>
    80002676:	c391                	beqz	a5,8000267a <_read_r+0x24>
    80002678:	c01c                	sw	a5,0(s0)
    8000267a:	60a2                	ld	ra,8(sp)
    8000267c:	6402                	ld	s0,0(sp)
    8000267e:	0141                	addi	sp,sp,16
    80002680:	8082                	ret

0000000080002682 <_sbrk_r>:
    80002682:	1141                	addi	sp,sp,-16
    80002684:	e022                	sd	s0,0(sp)
    80002686:	842a                	mv	s0,a0
    80002688:	852e                	mv	a0,a1
    8000268a:	8601a023          	sw	zero,-1952(gp) # 800040a8 <errno>
    8000268e:	e406                	sd	ra,8(sp)
    80002690:	230010ef          	jal	800038c0 <_sbrk>
    80002694:	57fd                	li	a5,-1
    80002696:	00f51663          	bne	a0,a5,800026a2 <_sbrk_r+0x20>
    8000269a:	8601a783          	lw	a5,-1952(gp) # 800040a8 <errno>
    8000269e:	c391                	beqz	a5,800026a2 <_sbrk_r+0x20>
    800026a0:	c01c                	sw	a5,0(s0)
    800026a2:	60a2                	ld	ra,8(sp)
    800026a4:	6402                	ld	s0,0(sp)
    800026a6:	0141                	addi	sp,sp,16
    800026a8:	8082                	ret

00000000800026aa <_write_r>:
    800026aa:	1141                	addi	sp,sp,-16
    800026ac:	e022                	sd	s0,0(sp)
    800026ae:	842a                	mv	s0,a0
    800026b0:	852e                	mv	a0,a1
    800026b2:	85b2                	mv	a1,a2
    800026b4:	8636                	mv	a2,a3
    800026b6:	8601a023          	sw	zero,-1952(gp) # 800040a8 <errno>
    800026ba:	e406                	sd	ra,8(sp)
    800026bc:	240010ef          	jal	800038fc <_write>
    800026c0:	57fd                	li	a5,-1
    800026c2:	00f51663          	bne	a0,a5,800026ce <_write_r+0x24>
    800026c6:	8601a783          	lw	a5,-1952(gp) # 800040a8 <errno>
    800026ca:	c391                	beqz	a5,800026ce <_write_r+0x24>
    800026cc:	c01c                	sw	a5,0(s0)
    800026ce:	60a2                	ld	ra,8(sp)
    800026d0:	6402                	ld	s0,0(sp)
    800026d2:	0141                	addi	sp,sp,16
    800026d4:	8082                	ret

00000000800026d6 <memset>:
    800026d6:	832a                	mv	t1,a0
    800026d8:	c611                	beqz	a2,800026e4 <memset+0xe>
    800026da:	00b30023          	sb	a1,0(t1)
    800026de:	167d                	addi	a2,a2,-1
    800026e0:	0305                	addi	t1,t1,1
    800026e2:	fe65                	bnez	a2,800026da <memset+0x4>
    800026e4:	8082                	ret

00000000800026e6 <strlen>:
    800026e6:	87aa                	mv	a5,a0
    800026e8:	0007c703          	lbu	a4,0(a5)
    800026ec:	0785                	addi	a5,a5,1
    800026ee:	ff6d                	bnez	a4,800026e8 <strlen+0x2>
    800026f0:	40a78533          	sub	a0,a5,a0
    800026f4:	157d                	addi	a0,a0,-1
    800026f6:	8082                	ret

00000000800026f8 <abort>:
    800026f8:	1141                	addi	sp,sp,-16
    800026fa:	4519                	li	a0,6
    800026fc:	e406                	sd	ra,8(sp)
    800026fe:	6b3000ef          	jal	800035b0 <raise>
    80002702:	4505                	li	a0,1
    80002704:	13c010ef          	jal	80003840 <_exit>

0000000080002708 <_free_r>:
    80002708:	c1c5                	beqz	a1,800027a8 <_free_r+0xa0>
    8000270a:	ff85b783          	ld	a5,-8(a1)
    8000270e:	1101                	addi	sp,sp,-32
    80002710:	e822                	sd	s0,16(sp)
    80002712:	ec06                	sd	ra,24(sp)
    80002714:	ff858413          	addi	s0,a1,-8
    80002718:	0007d363          	bgez	a5,8000271e <_free_r+0x16>
    8000271c:	943e                	add	s0,s0,a5
    8000271e:	e42a                	sd	a0,8(sp)
    80002720:	a25ff0ef          	jal	80002144 <__malloc_lock>
    80002724:	85018713          	addi	a4,gp,-1968 # 80004098 <__malloc_free_list>
    80002728:	631c                	ld	a5,0(a4)
    8000272a:	6522                	ld	a0,8(sp)
    8000272c:	eb89                	bnez	a5,8000273e <_free_r+0x36>
    8000272e:	00043423          	sd	zero,8(s0)
    80002732:	e300                	sd	s0,0(a4)
    80002734:	6442                	ld	s0,16(sp)
    80002736:	60e2                	ld	ra,24(sp)
    80002738:	6105                	addi	sp,sp,32
    8000273a:	a0dff06f          	j	80002146 <__malloc_unlock>
    8000273e:	00f47d63          	bgeu	s0,a5,80002758 <_free_r+0x50>
    80002742:	6010                	ld	a2,0(s0)
    80002744:	00c406b3          	add	a3,s0,a2
    80002748:	00d79663          	bne	a5,a3,80002754 <_free_r+0x4c>
    8000274c:	6394                	ld	a3,0(a5)
    8000274e:	679c                	ld	a5,8(a5)
    80002750:	96b2                	add	a3,a3,a2
    80002752:	e014                	sd	a3,0(s0)
    80002754:	e41c                	sd	a5,8(s0)
    80002756:	bff1                	j	80002732 <_free_r+0x2a>
    80002758:	873e                	mv	a4,a5
    8000275a:	679c                	ld	a5,8(a5)
    8000275c:	c399                	beqz	a5,80002762 <_free_r+0x5a>
    8000275e:	fef47de3          	bgeu	s0,a5,80002758 <_free_r+0x50>
    80002762:	6314                	ld	a3,0(a4)
    80002764:	00d70633          	add	a2,a4,a3
    80002768:	00861f63          	bne	a2,s0,80002786 <_free_r+0x7e>
    8000276c:	6010                	ld	a2,0(s0)
    8000276e:	96b2                	add	a3,a3,a2
    80002770:	e314                	sd	a3,0(a4)
    80002772:	00d70633          	add	a2,a4,a3
    80002776:	fac79fe3          	bne	a5,a2,80002734 <_free_r+0x2c>
    8000277a:	6390                	ld	a2,0(a5)
    8000277c:	679c                	ld	a5,8(a5)
    8000277e:	96b2                	add	a3,a3,a2
    80002780:	e314                	sd	a3,0(a4)
    80002782:	e71c                	sd	a5,8(a4)
    80002784:	bf45                	j	80002734 <_free_r+0x2c>
    80002786:	00c47563          	bgeu	s0,a2,80002790 <_free_r+0x88>
    8000278a:	47b1                	li	a5,12
    8000278c:	c11c                	sw	a5,0(a0)
    8000278e:	b75d                	j	80002734 <_free_r+0x2c>
    80002790:	6010                	ld	a2,0(s0)
    80002792:	00c406b3          	add	a3,s0,a2
    80002796:	00d79663          	bne	a5,a3,800027a2 <_free_r+0x9a>
    8000279a:	6394                	ld	a3,0(a5)
    8000279c:	679c                	ld	a5,8(a5)
    8000279e:	96b2                	add	a3,a3,a2
    800027a0:	e014                	sd	a3,0(s0)
    800027a2:	e41c                	sd	a5,8(s0)
    800027a4:	e700                	sd	s0,8(a4)
    800027a6:	b779                	j	80002734 <_free_r+0x2c>
    800027a8:	8082                	ret

00000000800027aa <__sfputc_r>:
    800027aa:	465c                	lw	a5,12(a2)
    800027ac:	fff7871b          	addiw	a4,a5,-1
    800027b0:	c658                	sw	a4,12(a2)
    800027b2:	00075a63          	bgez	a4,800027c6 <__sfputc_r+0x1c>
    800027b6:	561c                	lw	a5,40(a2)
    800027b8:	00f74563          	blt	a4,a5,800027c2 <__sfputc_r+0x18>
    800027bc:	47a9                	li	a5,10
    800027be:	00f59463          	bne	a1,a5,800027c6 <__sfputc_r+0x1c>
    800027c2:	3290006f          	j	800032ea <__swbuf_r>
    800027c6:	621c                	ld	a5,0(a2)
    800027c8:	852e                	mv	a0,a1
    800027ca:	00178713          	addi	a4,a5,1
    800027ce:	e218                	sd	a4,0(a2)
    800027d0:	00b78023          	sb	a1,0(a5)
    800027d4:	8082                	ret

00000000800027d6 <__sfputs_r>:
    800027d6:	7179                	addi	sp,sp,-48
    800027d8:	f022                	sd	s0,32(sp)
    800027da:	ec26                	sd	s1,24(sp)
    800027dc:	e84a                	sd	s2,16(sp)
    800027de:	e44e                	sd	s3,8(sp)
    800027e0:	e052                	sd	s4,0(sp)
    800027e2:	f406                	sd	ra,40(sp)
    800027e4:	892a                	mv	s2,a0
    800027e6:	89ae                	mv	s3,a1
    800027e8:	8432                	mv	s0,a2
    800027ea:	00d604b3          	add	s1,a2,a3
    800027ee:	5a7d                	li	s4,-1
    800027f0:	00941463          	bne	s0,s1,800027f8 <__sfputs_r+0x22>
    800027f4:	4501                	li	a0,0
    800027f6:	a811                	j	8000280a <__sfputs_r+0x34>
    800027f8:	00044583          	lbu	a1,0(s0)
    800027fc:	864e                	mv	a2,s3
    800027fe:	854a                	mv	a0,s2
    80002800:	fabff0ef          	jal	800027aa <__sfputc_r>
    80002804:	0405                	addi	s0,s0,1
    80002806:	ff4515e3          	bne	a0,s4,800027f0 <__sfputs_r+0x1a>
    8000280a:	70a2                	ld	ra,40(sp)
    8000280c:	7402                	ld	s0,32(sp)
    8000280e:	64e2                	ld	s1,24(sp)
    80002810:	6942                	ld	s2,16(sp)
    80002812:	69a2                	ld	s3,8(sp)
    80002814:	6a02                	ld	s4,0(sp)
    80002816:	6145                	addi	sp,sp,48
    80002818:	8082                	ret

000000008000281a <__sprint_r>:
    8000281a:	6a1c                	ld	a5,16(a2)
    8000281c:	1141                	addi	sp,sp,-16
    8000281e:	e022                	sd	s0,0(sp)
    80002820:	e406                	sd	ra,8(sp)
    80002822:	8432                	mv	s0,a2
    80002824:	cb99                	beqz	a5,8000283a <__sprint_r+0x20>
    80002826:	7ee000ef          	jal	80003014 <__sfvwrite_r>
    8000282a:	00043823          	sd	zero,16(s0)
    8000282e:	60a2                	ld	ra,8(sp)
    80002830:	00042423          	sw	zero,8(s0)
    80002834:	6402                	ld	s0,0(sp)
    80002836:	0141                	addi	sp,sp,16
    80002838:	8082                	ret
    8000283a:	4501                	li	a0,0
    8000283c:	bfcd                	j	8000282e <__sprint_r+0x14>

000000008000283e <_vfiprintf_r>:
    8000283e:	7155                	addi	sp,sp,-208
    80002840:	e1a2                	sd	s0,192(sp)
    80002842:	fd26                	sd	s1,184(sp)
    80002844:	f94a                	sd	s2,176(sp)
    80002846:	f54e                	sd	s3,168(sp)
    80002848:	f152                	sd	s4,160(sp)
    8000284a:	e586                	sd	ra,200(sp)
    8000284c:	ed56                	sd	s5,152(sp)
    8000284e:	e95a                	sd	s6,144(sp)
    80002850:	e55e                	sd	s7,136(sp)
    80002852:	e162                	sd	s8,128(sp)
    80002854:	fce6                	sd	s9,120(sp)
    80002856:	f8ea                	sd	s10,112(sp)
    80002858:	8a2a                	mv	s4,a0
    8000285a:	892e                	mv	s2,a1
    8000285c:	84b2                	mv	s1,a2
    8000285e:	8436                	mv	s0,a3
    80002860:	4981                	li	s3,0
    80002862:	c509                	beqz	a0,8000286c <_vfiprintf_r+0x2e>
    80002864:	613c                	ld	a5,64(a0)
    80002866:	e399                	bnez	a5,8000286c <_vfiprintf_r+0x2e>
    80002868:	aa9ff0ef          	jal	80002310 <__sinit>
    8000286c:	01095783          	lhu	a5,16(s2)
    80002870:	8ba1                	andi	a5,a5,8
    80002872:	cbe1                	beqz	a5,80002942 <_vfiprintf_r+0x104>
    80002874:	01893783          	ld	a5,24(s2)
    80002878:	c7e9                	beqz	a5,80002942 <_vfiprintf_r+0x104>
    8000287a:	02000793          	li	a5,32
    8000287e:	02f104a3          	sb	a5,41(sp)
    80002882:	5afd                	li	s5,-1
    80002884:	03000793          	li	a5,48
    80002888:	d202                	sw	zero,36(sp)
    8000288a:	02f10523          	sb	a5,42(sp)
    8000288e:	e422                	sd	s0,8(sp)
    80002890:	02500b93          	li	s7,37
    80002894:	020a9c13          	slli	s8,s5,0x20
    80002898:	00001b17          	auipc	s6,0x1
    8000289c:	478b0b13          	addi	s6,s6,1144 # 80003d10 <__tbss_end+0x1ac>
    800028a0:	4c85                	li	s9,1
    800028a2:	8426                	mv	s0,s1
    800028a4:	00044783          	lbu	a5,0(s0)
    800028a8:	c399                	beqz	a5,800028ae <_vfiprintf_r+0x70>
    800028aa:	0d779063          	bne	a5,s7,8000296a <_vfiprintf_r+0x12c>
    800028ae:	40940d3b          	subw	s10,s0,s1
    800028b2:	000d0e63          	beqz	s10,800028ce <_vfiprintf_r+0x90>
    800028b6:	86ea                	mv	a3,s10
    800028b8:	8626                	mv	a2,s1
    800028ba:	85ca                	mv	a1,s2
    800028bc:	8552                	mv	a0,s4
    800028be:	f19ff0ef          	jal	800027d6 <__sfputs_r>
    800028c2:	1d550963          	beq	a0,s5,80002a94 <_vfiprintf_r+0x256>
    800028c6:	5792                	lw	a5,36(sp)
    800028c8:	01a787bb          	addw	a5,a5,s10
    800028cc:	d23e                	sw	a5,36(sp)
    800028ce:	00044783          	lbu	a5,0(s0)
    800028d2:	1c078163          	beqz	a5,80002a94 <_vfiprintf_r+0x256>
    800028d6:	00140493          	addi	s1,s0,1
    800028da:	e862                	sd	s8,16(sp)
    800028dc:	ec02                	sd	zero,24(sp)
    800028de:	040109a3          	sb	zero,83(sp)
    800028e2:	d482                	sw	zero,104(sp)
    800028e4:	0004c583          	lbu	a1,0(s1)
    800028e8:	4615                	li	a2,5
    800028ea:	855a                	mv	a0,s6
    800028ec:	377000ef          	jal	80003462 <memchr>
    800028f0:	47c2                	lw	a5,16(sp)
    800028f2:	00148413          	addi	s0,s1,1
    800028f6:	ed25                	bnez	a0,8000296e <_vfiprintf_r+0x130>
    800028f8:	0107f713          	andi	a4,a5,16
    800028fc:	c709                	beqz	a4,80002906 <_vfiprintf_r+0xc8>
    800028fe:	02000713          	li	a4,32
    80002902:	04e109a3          	sb	a4,83(sp)
    80002906:	0087f713          	andi	a4,a5,8
    8000290a:	c709                	beqz	a4,80002914 <_vfiprintf_r+0xd6>
    8000290c:	02b00713          	li	a4,43
    80002910:	04e109a3          	sb	a4,83(sp)
    80002914:	0004c683          	lbu	a3,0(s1)
    80002918:	02a00713          	li	a4,42
    8000291c:	06e68163          	beq	a3,a4,8000297e <_vfiprintf_r+0x140>
    80002920:	47f2                	lw	a5,28(sp)
    80002922:	8426                	mv	s0,s1
    80002924:	4681                	li	a3,0
    80002926:	4625                	li	a2,9
    80002928:	4829                	li	a6,10
    8000292a:	00044703          	lbu	a4,0(s0)
    8000292e:	00140513          	addi	a0,s0,1
    80002932:	fd07059b          	addiw	a1,a4,-48 # fd0 <__stack_align+0xfc0>
    80002936:	872e                	mv	a4,a1
    80002938:	08b67a63          	bgeu	a2,a1,800029cc <_vfiprintf_r+0x18e>
    8000293c:	caa9                	beqz	a3,8000298e <_vfiprintf_r+0x150>
    8000293e:	ce3e                	sw	a5,28(sp)
    80002940:	a0b9                	j	8000298e <_vfiprintf_r+0x150>
    80002942:	85ca                	mv	a1,s2
    80002944:	8552                	mv	a0,s4
    80002946:	24f000ef          	jal	80003394 <__swsetup_r>
    8000294a:	d905                	beqz	a0,8000287a <_vfiprintf_r+0x3c>
    8000294c:	557d                	li	a0,-1
    8000294e:	60ae                	ld	ra,200(sp)
    80002950:	640e                	ld	s0,192(sp)
    80002952:	74ea                	ld	s1,184(sp)
    80002954:	794a                	ld	s2,176(sp)
    80002956:	79aa                	ld	s3,168(sp)
    80002958:	7a0a                	ld	s4,160(sp)
    8000295a:	6aea                	ld	s5,152(sp)
    8000295c:	6b4a                	ld	s6,144(sp)
    8000295e:	6baa                	ld	s7,136(sp)
    80002960:	6c0a                	ld	s8,128(sp)
    80002962:	7ce6                	ld	s9,120(sp)
    80002964:	7d46                	ld	s10,112(sp)
    80002966:	6169                	addi	sp,sp,208
    80002968:	8082                	ret
    8000296a:	0405                	addi	s0,s0,1
    8000296c:	bf25                	j	800028a4 <_vfiprintf_r+0x66>
    8000296e:	41650533          	sub	a0,a0,s6
    80002972:	00ac953b          	sllw	a0,s9,a0
    80002976:	8fc9                	or	a5,a5,a0
    80002978:	c83e                	sw	a5,16(sp)
    8000297a:	84a2                	mv	s1,s0
    8000297c:	b7a5                	j	800028e4 <_vfiprintf_r+0xa6>
    8000297e:	6722                	ld	a4,8(sp)
    80002980:	00870693          	addi	a3,a4,8
    80002984:	4318                	lw	a4,0(a4)
    80002986:	e436                	sd	a3,8(sp)
    80002988:	02074b63          	bltz	a4,800029be <_vfiprintf_r+0x180>
    8000298c:	ce3a                	sw	a4,28(sp)
    8000298e:	00044703          	lbu	a4,0(s0)
    80002992:	02e00793          	li	a5,46
    80002996:	06f71163          	bne	a4,a5,800029f8 <_vfiprintf_r+0x1ba>
    8000299a:	00144703          	lbu	a4,1(s0)
    8000299e:	02a00793          	li	a5,42
    800029a2:	02f71b63          	bne	a4,a5,800029d8 <_vfiprintf_r+0x19a>
    800029a6:	67a2                	ld	a5,8(sp)
    800029a8:	0409                	addi	s0,s0,2
    800029aa:	00878713          	addi	a4,a5,8
    800029ae:	e43a                	sd	a4,8(sp)
    800029b0:	4398                	lw	a4,0(a5)
    800029b2:	87ba                	mv	a5,a4
    800029b4:	00075363          	bgez	a4,800029ba <_vfiprintf_r+0x17c>
    800029b8:	57fd                	li	a5,-1
    800029ba:	ca3e                	sw	a5,20(sp)
    800029bc:	a835                	j	800029f8 <_vfiprintf_r+0x1ba>
    800029be:	40e0073b          	negw	a4,a4
    800029c2:	0027e793          	ori	a5,a5,2
    800029c6:	ce3a                	sw	a4,28(sp)
    800029c8:	c83e                	sw	a5,16(sp)
    800029ca:	b7d1                	j	8000298e <_vfiprintf_r+0x150>
    800029cc:	02f807bb          	mulw	a5,a6,a5
    800029d0:	842a                	mv	s0,a0
    800029d2:	4685                	li	a3,1
    800029d4:	9fb9                	addw	a5,a5,a4
    800029d6:	bf91                	j	8000292a <_vfiprintf_r+0xec>
    800029d8:	0405                	addi	s0,s0,1
    800029da:	ca02                	sw	zero,20(sp)
    800029dc:	4681                	li	a3,0
    800029de:	4781                	li	a5,0
    800029e0:	4625                	li	a2,9
    800029e2:	4829                	li	a6,10
    800029e4:	00044703          	lbu	a4,0(s0)
    800029e8:	00140513          	addi	a0,s0,1
    800029ec:	fd07059b          	addiw	a1,a4,-48
    800029f0:	872e                	mv	a4,a1
    800029f2:	06b67c63          	bgeu	a2,a1,80002a6a <_vfiprintf_r+0x22c>
    800029f6:	f2f1                	bnez	a3,800029ba <_vfiprintf_r+0x17c>
    800029f8:	00044583          	lbu	a1,0(s0)
    800029fc:	460d                	li	a2,3
    800029fe:	00001517          	auipc	a0,0x1
    80002a02:	31a50513          	addi	a0,a0,794 # 80003d18 <__tbss_end+0x1b4>
    80002a06:	25d000ef          	jal	80003462 <memchr>
    80002a0a:	cd11                	beqz	a0,80002a26 <_vfiprintf_r+0x1e8>
    80002a0c:	00001797          	auipc	a5,0x1
    80002a10:	30c78793          	addi	a5,a5,780 # 80003d18 <__tbss_end+0x1b4>
    80002a14:	8d1d                	sub	a0,a0,a5
    80002a16:	47c2                	lw	a5,16(sp)
    80002a18:	04000713          	li	a4,64
    80002a1c:	00a7173b          	sllw	a4,a4,a0
    80002a20:	8fd9                	or	a5,a5,a4
    80002a22:	0405                	addi	s0,s0,1
    80002a24:	c83e                	sw	a5,16(sp)
    80002a26:	00044583          	lbu	a1,0(s0)
    80002a2a:	4619                	li	a2,6
    80002a2c:	00001517          	auipc	a0,0x1
    80002a30:	2f450513          	addi	a0,a0,756 # 80003d20 <__tbss_end+0x1bc>
    80002a34:	00140493          	addi	s1,s0,1
    80002a38:	02b10423          	sb	a1,40(sp)
    80002a3c:	227000ef          	jal	80003462 <memchr>
    80002a40:	c135                	beqz	a0,80002aa4 <_vfiprintf_r+0x266>
    80002a42:	00000793          	li	a5,0
    80002a46:	eb85                	bnez	a5,80002a76 <_vfiprintf_r+0x238>
    80002a48:	4742                	lw	a4,16(sp)
    80002a4a:	67a2                	ld	a5,8(sp)
    80002a4c:	10077713          	andi	a4,a4,256
    80002a50:	00878693          	addi	a3,a5,8
    80002a54:	c709                	beqz	a4,80002a5e <_vfiprintf_r+0x220>
    80002a56:	07bd                	addi	a5,a5,15
    80002a58:	9bc1                	andi	a5,a5,-16
    80002a5a:	01078693          	addi	a3,a5,16
    80002a5e:	e436                	sd	a3,8(sp)
    80002a60:	5792                	lw	a5,36(sp)
    80002a62:	013787bb          	addw	a5,a5,s3
    80002a66:	d23e                	sw	a5,36(sp)
    80002a68:	bd2d                	j	800028a2 <_vfiprintf_r+0x64>
    80002a6a:	02f807bb          	mulw	a5,a6,a5
    80002a6e:	842a                	mv	s0,a0
    80002a70:	4685                	li	a3,1
    80002a72:	9fb9                	addw	a5,a5,a4
    80002a74:	bf85                	j	800029e4 <_vfiprintf_r+0x1a6>
    80002a76:	0038                	addi	a4,sp,8
    80002a78:	00000697          	auipc	a3,0x0
    80002a7c:	d5e68693          	addi	a3,a3,-674 # 800027d6 <__sfputs_r>
    80002a80:	864a                	mv	a2,s2
    80002a82:	080c                	addi	a1,sp,16
    80002a84:	8552                	mv	a0,s4
    80002a86:	00000097          	auipc	ra,0x0
    80002a8a:	000000e7          	jalr	zero # 0 <__boot_hart>
    80002a8e:	89aa                	mv	s3,a0
    80002a90:	fd5518e3          	bne	a0,s5,80002a60 <_vfiprintf_r+0x222>
    80002a94:	01095783          	lhu	a5,16(s2)
    80002a98:	0407f793          	andi	a5,a5,64
    80002a9c:	ea0798e3          	bnez	a5,8000294c <_vfiprintf_r+0x10e>
    80002aa0:	5512                	lw	a0,36(sp)
    80002aa2:	b575                	j	8000294e <_vfiprintf_r+0x110>
    80002aa4:	0038                	addi	a4,sp,8
    80002aa6:	00000697          	auipc	a3,0x0
    80002aaa:	d3068693          	addi	a3,a3,-720 # 800027d6 <__sfputs_r>
    80002aae:	864a                	mv	a2,s2
    80002ab0:	080c                	addi	a1,sp,16
    80002ab2:	8552                	mv	a0,s4
    80002ab4:	134000ef          	jal	80002be8 <_printf_i>
    80002ab8:	bfd9                	j	80002a8e <_vfiprintf_r+0x250>

0000000080002aba <vfiprintf>:
    80002aba:	86b2                	mv	a3,a2
    80002abc:	862e                	mv	a2,a1
    80002abe:	85aa                	mv	a1,a0
    80002ac0:	00001517          	auipc	a0,0x1
    80002ac4:	58853503          	ld	a0,1416(a0) # 80004048 <_impure_ptr>
    80002ac8:	bb9d                	j	8000283e <_vfiprintf_r>

0000000080002aca <_printf_common>:
    80002aca:	715d                	addi	sp,sp,-80
    80002acc:	f052                	sd	s4,32(sp)
    80002ace:	ec56                	sd	s5,24(sp)
    80002ad0:	8a36                	mv	s4,a3
    80002ad2:	8aba                	mv	s5,a4
    80002ad4:	4994                	lw	a3,16(a1)
    80002ad6:	4598                	lw	a4,8(a1)
    80002ad8:	e0a2                	sd	s0,64(sp)
    80002ada:	f84a                	sd	s2,48(sp)
    80002adc:	f44e                	sd	s3,40(sp)
    80002ade:	e486                	sd	ra,72(sp)
    80002ae0:	fc26                	sd	s1,56(sp)
    80002ae2:	e85a                	sd	s6,16(sp)
    80002ae4:	e45e                	sd	s7,8(sp)
    80002ae6:	89aa                	mv	s3,a0
    80002ae8:	842e                	mv	s0,a1
    80002aea:	8932                	mv	s2,a2
    80002aec:	87ba                	mv	a5,a4
    80002aee:	00e6c363          	blt	a3,a4,80002af4 <_printf_common+0x2a>
    80002af2:	87b6                	mv	a5,a3
    80002af4:	00f92023          	sw	a5,0(s2)
    80002af8:	04344703          	lbu	a4,67(s0)
    80002afc:	c701                	beqz	a4,80002b04 <_printf_common+0x3a>
    80002afe:	2785                	addiw	a5,a5,1
    80002b00:	00f92023          	sw	a5,0(s2)
    80002b04:	401c                	lw	a5,0(s0)
    80002b06:	0207f793          	andi	a5,a5,32
    80002b0a:	c791                	beqz	a5,80002b16 <_printf_common+0x4c>
    80002b0c:	00092783          	lw	a5,0(s2)
    80002b10:	2789                	addiw	a5,a5,2
    80002b12:	00f92023          	sw	a5,0(s2)
    80002b16:	4004                	lw	s1,0(s0)
    80002b18:	8899                	andi	s1,s1,6
    80002b1a:	e891                	bnez	s1,80002b2e <_printf_common+0x64>
    80002b1c:	01940b13          	addi	s6,s0,25
    80002b20:	5bfd                	li	s7,-1
    80002b22:	445c                	lw	a5,12(s0)
    80002b24:	00092703          	lw	a4,0(s2)
    80002b28:	9f99                	subw	a5,a5,a4
    80002b2a:	06f4c063          	blt	s1,a5,80002b8a <_printf_common+0xc0>
    80002b2e:	04344783          	lbu	a5,67(s0)
    80002b32:	00f03633          	snez	a2,a5
    80002b36:	00f036b3          	snez	a3,a5
    80002b3a:	401c                	lw	a5,0(s0)
    80002b3c:	0207f793          	andi	a5,a5,32
    80002b40:	ebb5                	bnez	a5,80002bb4 <_printf_common+0xea>
    80002b42:	04340613          	addi	a2,s0,67
    80002b46:	85d2                	mv	a1,s4
    80002b48:	854e                	mv	a0,s3
    80002b4a:	9a82                	jalr	s5
    80002b4c:	57fd                	li	a5,-1
    80002b4e:	04f50563          	beq	a0,a5,80002b98 <_printf_common+0xce>
    80002b52:	401c                	lw	a5,0(s0)
    80002b54:	4711                	li	a4,4
    80002b56:	4481                	li	s1,0
    80002b58:	8b99                	andi	a5,a5,6
    80002b5a:	00e79b63          	bne	a5,a4,80002b70 <_printf_common+0xa6>
    80002b5e:	00092783          	lw	a5,0(s2)
    80002b62:	4444                	lw	s1,12(s0)
    80002b64:	9c9d                	subw	s1,s1,a5
    80002b66:	02049793          	slli	a5,s1,0x20
    80002b6a:	0007d363          	bgez	a5,80002b70 <_printf_common+0xa6>
    80002b6e:	4481                	li	s1,0
    80002b70:	441c                	lw	a5,8(s0)
    80002b72:	4818                	lw	a4,16(s0)
    80002b74:	00f75463          	bge	a4,a5,80002b7c <_printf_common+0xb2>
    80002b78:	9f99                	subw	a5,a5,a4
    80002b7a:	9cbd                	addw	s1,s1,a5
    80002b7c:	4901                	li	s2,0
    80002b7e:	0469                	addi	s0,s0,26
    80002b80:	5b7d                	li	s6,-1
    80002b82:	05249a63          	bne	s1,s2,80002bd6 <_printf_common+0x10c>
    80002b86:	4501                	li	a0,0
    80002b88:	a809                	j	80002b9a <_printf_common+0xd0>
    80002b8a:	4685                	li	a3,1
    80002b8c:	865a                	mv	a2,s6
    80002b8e:	85d2                	mv	a1,s4
    80002b90:	854e                	mv	a0,s3
    80002b92:	9a82                	jalr	s5
    80002b94:	01751e63          	bne	a0,s7,80002bb0 <_printf_common+0xe6>
    80002b98:	557d                	li	a0,-1
    80002b9a:	60a6                	ld	ra,72(sp)
    80002b9c:	6406                	ld	s0,64(sp)
    80002b9e:	74e2                	ld	s1,56(sp)
    80002ba0:	7942                	ld	s2,48(sp)
    80002ba2:	79a2                	ld	s3,40(sp)
    80002ba4:	7a02                	ld	s4,32(sp)
    80002ba6:	6ae2                	ld	s5,24(sp)
    80002ba8:	6b42                	ld	s6,16(sp)
    80002baa:	6ba2                	ld	s7,8(sp)
    80002bac:	6161                	addi	sp,sp,80
    80002bae:	8082                	ret
    80002bb0:	2485                	addiw	s1,s1,1
    80002bb2:	bf85                	j	80002b22 <_printf_common+0x58>
    80002bb4:	00d407b3          	add	a5,s0,a3
    80002bb8:	03000693          	li	a3,48
    80002bbc:	04d781a3          	sb	a3,67(a5)
    80002bc0:	0016071b          	addiw	a4,a2,1
    80002bc4:	0026069b          	addiw	a3,a2,2
    80002bc8:	04544603          	lbu	a2,69(s0)
    80002bcc:	00e407b3          	add	a5,s0,a4
    80002bd0:	04c781a3          	sb	a2,67(a5)
    80002bd4:	b7bd                	j	80002b42 <_printf_common+0x78>
    80002bd6:	4685                	li	a3,1
    80002bd8:	8622                	mv	a2,s0
    80002bda:	85d2                	mv	a1,s4
    80002bdc:	854e                	mv	a0,s3
    80002bde:	9a82                	jalr	s5
    80002be0:	fb650ce3          	beq	a0,s6,80002b98 <_printf_common+0xce>
    80002be4:	2905                	addiw	s2,s2,1
    80002be6:	bf71                	j	80002b82 <_printf_common+0xb8>

0000000080002be8 <_printf_i>:
    80002be8:	715d                	addi	sp,sp,-80
    80002bea:	e0a2                	sd	s0,64(sp)
    80002bec:	f84a                	sd	s2,48(sp)
    80002bee:	f44e                	sd	s3,40(sp)
    80002bf0:	f052                	sd	s4,32(sp)
    80002bf2:	e486                	sd	ra,72(sp)
    80002bf4:	fc26                	sd	s1,56(sp)
    80002bf6:	ec56                	sd	s5,24(sp)
    80002bf8:	e85a                	sd	s6,16(sp)
    80002bfa:	0185c803          	lbu	a6,24(a1)
    80002bfe:	07800793          	li	a5,120
    80002c02:	892a                	mv	s2,a0
    80002c04:	842e                	mv	s0,a1
    80002c06:	89b2                	mv	s3,a2
    80002c08:	8a36                	mv	s4,a3
    80002c0a:	0307e263          	bltu	a5,a6,80002c2e <_printf_i+0x46>
    80002c0e:	06200793          	li	a5,98
    80002c12:	04358693          	addi	a3,a1,67
    80002c16:	0307e163          	bltu	a5,a6,80002c38 <_printf_i+0x50>
    80002c1a:	1c080663          	beqz	a6,80002de6 <_printf_i+0x1fe>
    80002c1e:	05800793          	li	a5,88
    80002c22:	00001617          	auipc	a2,0x1
    80002c26:	10660613          	addi	a2,a2,262 # 80003d28 <__tbss_end+0x1c4>
    80002c2a:	14f80a63          	beq	a6,a5,80002d7e <_printf_i+0x196>
    80002c2e:	04240493          	addi	s1,s0,66
    80002c32:	05040123          	sb	a6,66(s0)
    80002c36:	a815                	j	80002c6a <_printf_i+0x82>
    80002c38:	f9d8079b          	addiw	a5,a6,-99
    80002c3c:	0ff7f793          	zext.b	a5,a5
    80002c40:	4655                	li	a2,21
    80002c42:	fef666e3          	bltu	a2,a5,80002c2e <_printf_i+0x46>
    80002c46:	00001617          	auipc	a2,0x1
    80002c4a:	22660613          	addi	a2,a2,550 # 80003e6c <_ctype_+0x104>
    80002c4e:	078a                	slli	a5,a5,0x2
    80002c50:	97b2                	add	a5,a5,a2
    80002c52:	439c                	lw	a5,0(a5)
    80002c54:	97b2                	add	a5,a5,a2
    80002c56:	8782                	jr	a5
    80002c58:	631c                	ld	a5,0(a4)
    80002c5a:	04258493          	addi	s1,a1,66
    80002c5e:	00878693          	addi	a3,a5,8
    80002c62:	439c                	lw	a5,0(a5)
    80002c64:	e314                	sd	a3,0(a4)
    80002c66:	04f58123          	sb	a5,66(a1)
    80002c6a:	4785                	li	a5,1
    80002c6c:	aa4d                	j	80002e1e <_printf_i+0x236>
    80002c6e:	419c                	lw	a5,0(a1)
    80002c70:	6308                	ld	a0,0(a4)
    80002c72:	0807f613          	andi	a2,a5,128
    80002c76:	00850593          	addi	a1,a0,8
    80002c7a:	c20d                	beqz	a2,80002c9c <_printf_i+0xb4>
    80002c7c:	611c                	ld	a5,0(a0)
    80002c7e:	e30c                	sd	a1,0(a4)
    80002c80:	0007d863          	bgez	a5,80002c90 <_printf_i+0xa8>
    80002c84:	02d00713          	li	a4,45
    80002c88:	40f007b3          	neg	a5,a5
    80002c8c:	04e401a3          	sb	a4,67(s0)
    80002c90:	00001617          	auipc	a2,0x1
    80002c94:	09860613          	addi	a2,a2,152 # 80003d28 <__tbss_end+0x1c4>
    80002c98:	4829                	li	a6,10
    80002c9a:	a83d                	j	80002cd8 <_printf_i+0xf0>
    80002c9c:	0407f613          	andi	a2,a5,64
    80002ca0:	411c                	lw	a5,0(a0)
    80002ca2:	e30c                	sd	a1,0(a4)
    80002ca4:	de71                	beqz	a2,80002c80 <_printf_i+0x98>
    80002ca6:	0107979b          	slliw	a5,a5,0x10
    80002caa:	4107d79b          	sraiw	a5,a5,0x10
    80002cae:	bfc9                	j	80002c80 <_printf_i+0x98>
    80002cb0:	4190                	lw	a2,0(a1)
    80002cb2:	631c                	ld	a5,0(a4)
    80002cb4:	08067513          	andi	a0,a2,128
    80002cb8:	00878593          	addi	a1,a5,8
    80002cbc:	cd41                	beqz	a0,80002d54 <_printf_i+0x16c>
    80002cbe:	639c                	ld	a5,0(a5)
    80002cc0:	e30c                	sd	a1,0(a4)
    80002cc2:	06f00713          	li	a4,111
    80002cc6:	00001617          	auipc	a2,0x1
    80002cca:	06260613          	addi	a2,a2,98 # 80003d28 <__tbss_end+0x1c4>
    80002cce:	0ee81e63          	bne	a6,a4,80002dca <_printf_i+0x1e2>
    80002cd2:	4821                	li	a6,8
    80002cd4:	040401a3          	sb	zero,67(s0)
    80002cd8:	4058                	lw	a4,4(s0)
    80002cda:	c418                	sw	a4,8(s0)
    80002cdc:	00074563          	bltz	a4,80002ce6 <_printf_i+0xfe>
    80002ce0:	400c                	lw	a1,0(s0)
    80002ce2:	99ed                	andi	a1,a1,-5
    80002ce4:	c00c                	sw	a1,0(s0)
    80002ce6:	e399                	bnez	a5,80002cec <_printf_i+0x104>
    80002ce8:	84b6                	mv	s1,a3
    80002cea:	cf19                	beqz	a4,80002d08 <_printf_i+0x120>
    80002cec:	84b6                	mv	s1,a3
    80002cee:	0307f733          	remu	a4,a5,a6
    80002cf2:	14fd                	addi	s1,s1,-1
    80002cf4:	9732                	add	a4,a4,a2
    80002cf6:	00074703          	lbu	a4,0(a4)
    80002cfa:	00e48023          	sb	a4,0(s1)
    80002cfe:	873e                	mv	a4,a5
    80002d00:	0307d7b3          	divu	a5,a5,a6
    80002d04:	ff0775e3          	bgeu	a4,a6,80002cee <_printf_i+0x106>
    80002d08:	47a1                	li	a5,8
    80002d0a:	00f81e63          	bne	a6,a5,80002d26 <_printf_i+0x13e>
    80002d0e:	401c                	lw	a5,0(s0)
    80002d10:	8b85                	andi	a5,a5,1
    80002d12:	cb91                	beqz	a5,80002d26 <_printf_i+0x13e>
    80002d14:	4058                	lw	a4,4(s0)
    80002d16:	481c                	lw	a5,16(s0)
    80002d18:	00e7c763          	blt	a5,a4,80002d26 <_printf_i+0x13e>
    80002d1c:	03000793          	li	a5,48
    80002d20:	fef48fa3          	sb	a5,-1(s1)
    80002d24:	14fd                	addi	s1,s1,-1
    80002d26:	8e85                	sub	a3,a3,s1
    80002d28:	c814                	sw	a3,16(s0)
    80002d2a:	8752                	mv	a4,s4
    80002d2c:	86ce                	mv	a3,s3
    80002d2e:	0070                	addi	a2,sp,12
    80002d30:	85a2                	mv	a1,s0
    80002d32:	854a                	mv	a0,s2
    80002d34:	d97ff0ef          	jal	80002aca <_printf_common>
    80002d38:	5afd                	li	s5,-1
    80002d3a:	0f551663          	bne	a0,s5,80002e26 <_printf_i+0x23e>
    80002d3e:	557d                	li	a0,-1
    80002d40:	60a6                	ld	ra,72(sp)
    80002d42:	6406                	ld	s0,64(sp)
    80002d44:	74e2                	ld	s1,56(sp)
    80002d46:	7942                	ld	s2,48(sp)
    80002d48:	79a2                	ld	s3,40(sp)
    80002d4a:	7a02                	ld	s4,32(sp)
    80002d4c:	6ae2                	ld	s5,24(sp)
    80002d4e:	6b42                	ld	s6,16(sp)
    80002d50:	6161                	addi	sp,sp,80
    80002d52:	8082                	ret
    80002d54:	439c                	lw	a5,0(a5)
    80002d56:	04067613          	andi	a2,a2,64
    80002d5a:	e30c                	sd	a1,0(a4)
    80002d5c:	c601                	beqz	a2,80002d64 <_printf_i+0x17c>
    80002d5e:	17c2                	slli	a5,a5,0x30
    80002d60:	93c1                	srli	a5,a5,0x30
    80002d62:	b785                	j	80002cc2 <_printf_i+0xda>
    80002d64:	1782                	slli	a5,a5,0x20
    80002d66:	9381                	srli	a5,a5,0x20
    80002d68:	bfa9                	j	80002cc2 <_printf_i+0xda>
    80002d6a:	419c                	lw	a5,0(a1)
    80002d6c:	0a07e793          	ori	a5,a5,160
    80002d70:	c19c                	sw	a5,0(a1)
    80002d72:	07800813          	li	a6,120
    80002d76:	00001617          	auipc	a2,0x1
    80002d7a:	fca60613          	addi	a2,a2,-54 # 80003d40 <__tbss_end+0x1dc>
    80002d7e:	050402a3          	sb	a6,69(s0)
    80002d82:	400c                	lw	a1,0(s0)
    80002d84:	631c                	ld	a5,0(a4)
    80002d86:	0805f813          	andi	a6,a1,128
    80002d8a:	00878513          	addi	a0,a5,8
    80002d8e:	00080d63          	beqz	a6,80002da8 <_printf_i+0x1c0>
    80002d92:	639c                	ld	a5,0(a5)
    80002d94:	e308                	sd	a0,0(a4)
    80002d96:	0015f713          	andi	a4,a1,1
    80002d9a:	c701                	beqz	a4,80002da2 <_printf_i+0x1ba>
    80002d9c:	0205e593          	ori	a1,a1,32
    80002da0:	c00c                	sw	a1,0(s0)
    80002da2:	cf99                	beqz	a5,80002dc0 <_printf_i+0x1d8>
    80002da4:	4841                	li	a6,16
    80002da6:	b73d                	j	80002cd4 <_printf_i+0xec>
    80002da8:	439c                	lw	a5,0(a5)
    80002daa:	0405f813          	andi	a6,a1,64
    80002dae:	e308                	sd	a0,0(a4)
    80002db0:	00080563          	beqz	a6,80002dba <_printf_i+0x1d2>
    80002db4:	17c2                	slli	a5,a5,0x30
    80002db6:	93c1                	srli	a5,a5,0x30
    80002db8:	bff9                	j	80002d96 <_printf_i+0x1ae>
    80002dba:	1782                	slli	a5,a5,0x20
    80002dbc:	9381                	srli	a5,a5,0x20
    80002dbe:	bfe1                	j	80002d96 <_printf_i+0x1ae>
    80002dc0:	4018                	lw	a4,0(s0)
    80002dc2:	fdf77713          	andi	a4,a4,-33
    80002dc6:	c018                	sw	a4,0(s0)
    80002dc8:	bff1                	j	80002da4 <_printf_i+0x1bc>
    80002dca:	4829                	li	a6,10
    80002dcc:	b721                	j	80002cd4 <_printf_i+0xec>
    80002dce:	4190                	lw	a2,0(a1)
    80002dd0:	631c                	ld	a5,0(a4)
    80002dd2:	49cc                	lw	a1,20(a1)
    80002dd4:	08067813          	andi	a6,a2,128
    80002dd8:	00878513          	addi	a0,a5,8
    80002ddc:	00080963          	beqz	a6,80002dee <_printf_i+0x206>
    80002de0:	e308                	sd	a0,0(a4)
    80002de2:	639c                	ld	a5,0(a5)
    80002de4:	e38c                	sd	a1,0(a5)
    80002de6:	00042823          	sw	zero,16(s0)
    80002dea:	84b6                	mv	s1,a3
    80002dec:	bf3d                	j	80002d2a <_printf_i+0x142>
    80002dee:	e308                	sd	a0,0(a4)
    80002df0:	04067613          	andi	a2,a2,64
    80002df4:	639c                	ld	a5,0(a5)
    80002df6:	c601                	beqz	a2,80002dfe <_printf_i+0x216>
    80002df8:	00b79023          	sh	a1,0(a5)
    80002dfc:	b7ed                	j	80002de6 <_printf_i+0x1fe>
    80002dfe:	c38c                	sw	a1,0(a5)
    80002e00:	b7dd                	j	80002de6 <_printf_i+0x1fe>
    80002e02:	631c                	ld	a5,0(a4)
    80002e04:	41d0                	lw	a2,4(a1)
    80002e06:	4581                	li	a1,0
    80002e08:	00878693          	addi	a3,a5,8
    80002e0c:	e314                	sd	a3,0(a4)
    80002e0e:	6384                	ld	s1,0(a5)
    80002e10:	8526                	mv	a0,s1
    80002e12:	650000ef          	jal	80003462 <memchr>
    80002e16:	c119                	beqz	a0,80002e1c <_printf_i+0x234>
    80002e18:	8d05                	sub	a0,a0,s1
    80002e1a:	c048                	sw	a0,4(s0)
    80002e1c:	405c                	lw	a5,4(s0)
    80002e1e:	c81c                	sw	a5,16(s0)
    80002e20:	040401a3          	sb	zero,67(s0)
    80002e24:	b719                	j	80002d2a <_printf_i+0x142>
    80002e26:	4814                	lw	a3,16(s0)
    80002e28:	8626                	mv	a2,s1
    80002e2a:	85ce                	mv	a1,s3
    80002e2c:	854a                	mv	a0,s2
    80002e2e:	9a02                	jalr	s4
    80002e30:	f15507e3          	beq	a0,s5,80002d3e <_printf_i+0x156>
    80002e34:	401c                	lw	a5,0(s0)
    80002e36:	8b89                	andi	a5,a5,2
    80002e38:	eb85                	bnez	a5,80002e68 <_printf_i+0x280>
    80002e3a:	4458                	lw	a4,12(s0)
    80002e3c:	47b2                	lw	a5,12(sp)
    80002e3e:	0007051b          	sext.w	a0,a4
    80002e42:	eef75fe3          	bge	a4,a5,80002d40 <_printf_i+0x158>
    80002e46:	0007851b          	sext.w	a0,a5
    80002e4a:	bddd                	j	80002d40 <_printf_i+0x158>
    80002e4c:	4685                	li	a3,1
    80002e4e:	8656                	mv	a2,s5
    80002e50:	85ce                	mv	a1,s3
    80002e52:	854a                	mv	a0,s2
    80002e54:	9a02                	jalr	s4
    80002e56:	ef6504e3          	beq	a0,s6,80002d3e <_printf_i+0x156>
    80002e5a:	2485                	addiw	s1,s1,1
    80002e5c:	445c                	lw	a5,12(s0)
    80002e5e:	4732                	lw	a4,12(sp)
    80002e60:	9f99                	subw	a5,a5,a4
    80002e62:	fef4c5e3          	blt	s1,a5,80002e4c <_printf_i+0x264>
    80002e66:	bfd1                	j	80002e3a <_printf_i+0x252>
    80002e68:	4481                	li	s1,0
    80002e6a:	01940a93          	addi	s5,s0,25
    80002e6e:	5b7d                	li	s6,-1
    80002e70:	b7f5                	j	80002e5c <_printf_i+0x274>

0000000080002e72 <__sflush_r>:
    80002e72:	01059783          	lh	a5,16(a1)
    80002e76:	7179                	addi	sp,sp,-48
    80002e78:	f022                	sd	s0,32(sp)
    80002e7a:	ec26                	sd	s1,24(sp)
    80002e7c:	f406                	sd	ra,40(sp)
    80002e7e:	e84a                	sd	s2,16(sp)
    80002e80:	e44e                	sd	s3,8(sp)
    80002e82:	0087f713          	andi	a4,a5,8
    80002e86:	84aa                	mv	s1,a0
    80002e88:	842e                	mv	s0,a1
    80002e8a:	eb69                	bnez	a4,80002f5c <__sflush_r+0xea>
    80002e8c:	4598                	lw	a4,8(a1)
    80002e8e:	00e04563          	bgtz	a4,80002e98 <__sflush_r+0x26>
    80002e92:	5db8                	lw	a4,120(a1)
    80002e94:	0ae05b63          	blez	a4,80002f4a <__sflush_r+0xd8>
    80002e98:	6838                	ld	a4,80(s0)
    80002e9a:	cb45                	beqz	a4,80002f4a <__sflush_r+0xd8>
    80002e9c:	0004a903          	lw	s2,0(s1)
    80002ea0:	03379693          	slli	a3,a5,0x33
    80002ea4:	0004a023          	sw	zero,0(s1)
    80002ea8:	7c0c                	ld	a1,56(s0)
    80002eaa:	0606de63          	bgez	a3,80002f26 <__sflush_r+0xb4>
    80002eae:	6c50                	ld	a2,152(s0)
    80002eb0:	01045783          	lhu	a5,16(s0)
    80002eb4:	8b91                	andi	a5,a5,4
    80002eb6:	c799                	beqz	a5,80002ec4 <__sflush_r+0x52>
    80002eb8:	441c                	lw	a5,8(s0)
    80002eba:	8e1d                	sub	a2,a2,a5
    80002ebc:	703c                	ld	a5,96(s0)
    80002ebe:	c399                	beqz	a5,80002ec4 <__sflush_r+0x52>
    80002ec0:	5c3c                	lw	a5,120(s0)
    80002ec2:	8e1d                	sub	a2,a2,a5
    80002ec4:	683c                	ld	a5,80(s0)
    80002ec6:	7c0c                	ld	a1,56(s0)
    80002ec8:	4681                	li	a3,0
    80002eca:	8526                	mv	a0,s1
    80002ecc:	9782                	jalr	a5
    80002ece:	577d                	li	a4,-1
    80002ed0:	01045783          	lhu	a5,16(s0)
    80002ed4:	00e51d63          	bne	a0,a4,80002eee <__sflush_r+0x7c>
    80002ed8:	4094                	lw	a3,0(s1)
    80002eda:	4775                	li	a4,29
    80002edc:	06d76963          	bltu	a4,a3,80002f4e <__sflush_r+0xdc>
    80002ee0:	20400737          	lui	a4,0x20400
    80002ee4:	0705                	addi	a4,a4,1 # 20400001 <__heap_size+0x203e0001>
    80002ee6:	00d75733          	srl	a4,a4,a3
    80002eea:	8b05                	andi	a4,a4,1
    80002eec:	c32d                	beqz	a4,80002f4e <__sflush_r+0xdc>
    80002eee:	6c18                	ld	a4,24(s0)
    80002ef0:	00042423          	sw	zero,8(s0)
    80002ef4:	e018                	sd	a4,0(s0)
    80002ef6:	03379713          	slli	a4,a5,0x33
    80002efa:	00075863          	bgez	a4,80002f0a <__sflush_r+0x98>
    80002efe:	57fd                	li	a5,-1
    80002f00:	00f51463          	bne	a0,a5,80002f08 <__sflush_r+0x96>
    80002f04:	409c                	lw	a5,0(s1)
    80002f06:	e391                	bnez	a5,80002f0a <__sflush_r+0x98>
    80002f08:	ec48                	sd	a0,152(s0)
    80002f0a:	702c                	ld	a1,96(s0)
    80002f0c:	0124a023          	sw	s2,0(s1)
    80002f10:	cd8d                	beqz	a1,80002f4a <__sflush_r+0xd8>
    80002f12:	07c40793          	addi	a5,s0,124
    80002f16:	00f58563          	beq	a1,a5,80002f20 <__sflush_r+0xae>
    80002f1a:	8526                	mv	a0,s1
    80002f1c:	fecff0ef          	jal	80002708 <_free_r>
    80002f20:	06043023          	sd	zero,96(s0)
    80002f24:	a01d                	j	80002f4a <__sflush_r+0xd8>
    80002f26:	4601                	li	a2,0
    80002f28:	4685                	li	a3,1
    80002f2a:	8526                	mv	a0,s1
    80002f2c:	9702                	jalr	a4
    80002f2e:	57fd                	li	a5,-1
    80002f30:	862a                	mv	a2,a0
    80002f32:	f6f51fe3          	bne	a0,a5,80002eb0 <__sflush_r+0x3e>
    80002f36:	409c                	lw	a5,0(s1)
    80002f38:	dfa5                	beqz	a5,80002eb0 <__sflush_r+0x3e>
    80002f3a:	4775                	li	a4,29
    80002f3c:	00e78563          	beq	a5,a4,80002f46 <__sflush_r+0xd4>
    80002f40:	4759                	li	a4,22
    80002f42:	04e79663          	bne	a5,a4,80002f8e <__sflush_r+0x11c>
    80002f46:	0124a023          	sw	s2,0(s1)
    80002f4a:	4501                	li	a0,0
    80002f4c:	a881                	j	80002f9c <__sflush_r+0x12a>
    80002f4e:	0407e793          	ori	a5,a5,64
    80002f52:	0107979b          	slliw	a5,a5,0x10
    80002f56:	4107d79b          	sraiw	a5,a5,0x10
    80002f5a:	a835                	j	80002f96 <__sflush_r+0x124>
    80002f5c:	0185b983          	ld	s3,24(a1)
    80002f60:	fe0985e3          	beqz	s3,80002f4a <__sflush_r+0xd8>
    80002f64:	0005b903          	ld	s2,0(a1)
    80002f68:	8b8d                	andi	a5,a5,3
    80002f6a:	0135b023          	sd	s3,0(a1)
    80002f6e:	4139093b          	subw	s2,s2,s3
    80002f72:	4701                	li	a4,0
    80002f74:	e391                	bnez	a5,80002f78 <__sflush_r+0x106>
    80002f76:	5198                	lw	a4,32(a1)
    80002f78:	c458                	sw	a4,12(s0)
    80002f7a:	fd2058e3          	blez	s2,80002f4a <__sflush_r+0xd8>
    80002f7e:	643c                	ld	a5,72(s0)
    80002f80:	7c0c                	ld	a1,56(s0)
    80002f82:	86ca                	mv	a3,s2
    80002f84:	864e                	mv	a2,s3
    80002f86:	8526                	mv	a0,s1
    80002f88:	9782                	jalr	a5
    80002f8a:	02a04063          	bgtz	a0,80002faa <__sflush_r+0x138>
    80002f8e:	01041783          	lh	a5,16(s0)
    80002f92:	0407e793          	ori	a5,a5,64
    80002f96:	00f41823          	sh	a5,16(s0)
    80002f9a:	557d                	li	a0,-1
    80002f9c:	70a2                	ld	ra,40(sp)
    80002f9e:	7402                	ld	s0,32(sp)
    80002fa0:	64e2                	ld	s1,24(sp)
    80002fa2:	6942                	ld	s2,16(sp)
    80002fa4:	69a2                	ld	s3,8(sp)
    80002fa6:	6145                	addi	sp,sp,48
    80002fa8:	8082                	ret
    80002faa:	99aa                	add	s3,s3,a0
    80002fac:	40a9093b          	subw	s2,s2,a0
    80002fb0:	b7e9                	j	80002f7a <__sflush_r+0x108>

0000000080002fb2 <_fflush_r>:
    80002fb2:	6d9c                	ld	a5,24(a1)
    80002fb4:	cb8d                	beqz	a5,80002fe6 <_fflush_r+0x34>
    80002fb6:	1101                	addi	sp,sp,-32
    80002fb8:	e822                	sd	s0,16(sp)
    80002fba:	ec06                	sd	ra,24(sp)
    80002fbc:	842a                	mv	s0,a0
    80002fbe:	c519                	beqz	a0,80002fcc <_fflush_r+0x1a>
    80002fc0:	613c                	ld	a5,64(a0)
    80002fc2:	e789                	bnez	a5,80002fcc <_fflush_r+0x1a>
    80002fc4:	e42e                	sd	a1,8(sp)
    80002fc6:	b4aff0ef          	jal	80002310 <__sinit>
    80002fca:	65a2                	ld	a1,8(sp)
    80002fcc:	01059783          	lh	a5,16(a1)
    80002fd0:	c791                	beqz	a5,80002fdc <_fflush_r+0x2a>
    80002fd2:	8522                	mv	a0,s0
    80002fd4:	6442                	ld	s0,16(sp)
    80002fd6:	60e2                	ld	ra,24(sp)
    80002fd8:	6105                	addi	sp,sp,32
    80002fda:	bd61                	j	80002e72 <__sflush_r>
    80002fdc:	60e2                	ld	ra,24(sp)
    80002fde:	6442                	ld	s0,16(sp)
    80002fe0:	4501                	li	a0,0
    80002fe2:	6105                	addi	sp,sp,32
    80002fe4:	8082                	ret
    80002fe6:	4501                	li	a0,0
    80002fe8:	8082                	ret

0000000080002fea <fflush>:
    80002fea:	85aa                	mv	a1,a0
    80002fec:	ed19                	bnez	a0,8000300a <fflush+0x20>
    80002fee:	00001617          	auipc	a2,0x1
    80002ff2:	fb260613          	addi	a2,a2,-78 # 80003fa0 <__sglue>
    80002ff6:	00000597          	auipc	a1,0x0
    80002ffa:	fbc58593          	addi	a1,a1,-68 # 80002fb2 <_fflush_r>
    80002ffe:	00001517          	auipc	a0,0x1
    80003002:	fba50513          	addi	a0,a0,-70 # 80003fb8 <_impure_data>
    80003006:	b94ff06f          	j	8000239a <_fwalk_sglue>
    8000300a:	00001517          	auipc	a0,0x1
    8000300e:	03e53503          	ld	a0,62(a0) # 80004048 <_impure_ptr>
    80003012:	b745                	j	80002fb2 <_fflush_r>

0000000080003014 <__sfvwrite_r>:
    80003014:	6a1c                	ld	a5,16(a2)
    80003016:	e399                	bnez	a5,8000301c <__sfvwrite_r+0x8>
    80003018:	4501                	li	a0,0
    8000301a:	8082                	ret
    8000301c:	0105d783          	lhu	a5,16(a1)
    80003020:	7159                	addi	sp,sp,-112
    80003022:	f0a2                	sd	s0,96(sp)
    80003024:	e8ca                	sd	s2,80(sp)
    80003026:	e0d2                	sd	s4,64(sp)
    80003028:	f486                	sd	ra,104(sp)
    8000302a:	eca6                	sd	s1,88(sp)
    8000302c:	e4ce                	sd	s3,72(sp)
    8000302e:	fc56                	sd	s5,56(sp)
    80003030:	f85a                	sd	s6,48(sp)
    80003032:	f45e                	sd	s7,40(sp)
    80003034:	f062                	sd	s8,32(sp)
    80003036:	ec66                	sd	s9,24(sp)
    80003038:	e86a                	sd	s10,16(sp)
    8000303a:	e46e                	sd	s11,8(sp)
    8000303c:	8ba1                	andi	a5,a5,8
    8000303e:	892a                	mv	s2,a0
    80003040:	842e                	mv	s0,a1
    80003042:	8a32                	mv	s4,a2
    80003044:	cfc1                	beqz	a5,800030dc <__sfvwrite_r+0xc8>
    80003046:	6d9c                	ld	a5,24(a1)
    80003048:	cbd1                	beqz	a5,800030dc <__sfvwrite_r+0xc8>
    8000304a:	01041783          	lh	a5,16(s0)
    8000304e:	000a3983          	ld	s3,0(s4)
    80003052:	0027f713          	andi	a4,a5,2
    80003056:	e765                	bnez	a4,8000313e <__sfvwrite_r+0x12a>
    80003058:	8b85                	andi	a5,a5,1
    8000305a:	4a81                	li	s5,0
    8000305c:	16078063          	beqz	a5,800031bc <__sfvwrite_r+0x1a8>
    80003060:	4501                	li	a0,0
    80003062:	4b81                	li	s7,0
    80003064:	4b01                	li	s6,0
    80003066:	240b0063          	beqz	s6,800032a6 <__sfvwrite_r+0x292>
    8000306a:	e919                	bnez	a0,80003080 <__sfvwrite_r+0x6c>
    8000306c:	865a                	mv	a2,s6
    8000306e:	45a9                	li	a1,10
    80003070:	855e                	mv	a0,s7
    80003072:	3f0000ef          	jal	80003462 <memchr>
    80003076:	22050f63          	beqz	a0,800032b4 <__sfvwrite_r+0x2a0>
    8000307a:	0505                	addi	a0,a0,1
    8000307c:	41750abb          	subw	s5,a0,s7
    80003080:	8c56                	mv	s8,s5
    80003082:	015b7363          	bgeu	s6,s5,80003088 <__sfvwrite_r+0x74>
    80003086:	8c5a                	mv	s8,s6
    80003088:	6008                	ld	a0,0(s0)
    8000308a:	6c1c                	ld	a5,24(s0)
    8000308c:	4444                	lw	s1,12(s0)
    8000308e:	5014                	lw	a3,32(s0)
    80003090:	22a7f563          	bgeu	a5,a0,800032ba <__sfvwrite_r+0x2a6>
    80003094:	9cb5                	addw	s1,s1,a3
    80003096:	2384d263          	bge	s1,s8,800032ba <__sfvwrite_r+0x2a6>
    8000309a:	85de                	mv	a1,s7
    8000309c:	8626                	mv	a2,s1
    8000309e:	56e000ef          	jal	8000360c <memmove>
    800030a2:	601c                	ld	a5,0(s0)
    800030a4:	85a2                	mv	a1,s0
    800030a6:	854a                	mv	a0,s2
    800030a8:	97a6                	add	a5,a5,s1
    800030aa:	e01c                	sd	a5,0(s0)
    800030ac:	f07ff0ef          	jal	80002fb2 <_fflush_r>
    800030b0:	0e051f63          	bnez	a0,800031ae <__sfvwrite_r+0x19a>
    800030b4:	409a8abb          	subw	s5,s5,s1
    800030b8:	4505                	li	a0,1
    800030ba:	000a9763          	bnez	s5,800030c8 <__sfvwrite_r+0xb4>
    800030be:	85a2                	mv	a1,s0
    800030c0:	854a                	mv	a0,s2
    800030c2:	ef1ff0ef          	jal	80002fb2 <_fflush_r>
    800030c6:	e565                	bnez	a0,800031ae <__sfvwrite_r+0x19a>
    800030c8:	010a3783          	ld	a5,16(s4)
    800030cc:	9ba6                	add	s7,s7,s1
    800030ce:	409b0b33          	sub	s6,s6,s1
    800030d2:	8f85                	sub	a5,a5,s1
    800030d4:	00fa3823          	sd	a5,16(s4)
    800030d8:	f7d9                	bnez	a5,80003066 <__sfvwrite_r+0x52>
    800030da:	a091                	j	8000311e <__sfvwrite_r+0x10a>
    800030dc:	85a2                	mv	a1,s0
    800030de:	854a                	mv	a0,s2
    800030e0:	2b4000ef          	jal	80003394 <__swsetup_r>
    800030e4:	d13d                	beqz	a0,8000304a <__sfvwrite_r+0x36>
    800030e6:	557d                	li	a0,-1
    800030e8:	a825                	j	80003120 <__sfvwrite_r+0x10c>
    800030ea:	0009ba83          	ld	s5,0(s3)
    800030ee:	0089b483          	ld	s1,8(s3)
    800030f2:	09c1                	addi	s3,s3,16
    800030f4:	643c                	ld	a5,72(s0)
    800030f6:	7c0c                	ld	a1,56(s0)
    800030f8:	d8ed                	beqz	s1,800030ea <__sfvwrite_r+0xd6>
    800030fa:	86a6                	mv	a3,s1
    800030fc:	009b7363          	bgeu	s6,s1,80003102 <__sfvwrite_r+0xee>
    80003100:	86da                	mv	a3,s6
    80003102:	2681                	sext.w	a3,a3
    80003104:	8656                	mv	a2,s5
    80003106:	854a                	mv	a0,s2
    80003108:	9782                	jalr	a5
    8000310a:	0aa05263          	blez	a0,800031ae <__sfvwrite_r+0x19a>
    8000310e:	010a3783          	ld	a5,16(s4)
    80003112:	9aaa                	add	s5,s5,a0
    80003114:	8c89                	sub	s1,s1,a0
    80003116:	8f89                	sub	a5,a5,a0
    80003118:	00fa3823          	sd	a5,16(s4)
    8000311c:	ffe1                	bnez	a5,800030f4 <__sfvwrite_r+0xe0>
    8000311e:	4501                	li	a0,0
    80003120:	70a6                	ld	ra,104(sp)
    80003122:	7406                	ld	s0,96(sp)
    80003124:	64e6                	ld	s1,88(sp)
    80003126:	6946                	ld	s2,80(sp)
    80003128:	69a6                	ld	s3,72(sp)
    8000312a:	6a06                	ld	s4,64(sp)
    8000312c:	7ae2                	ld	s5,56(sp)
    8000312e:	7b42                	ld	s6,48(sp)
    80003130:	7ba2                	ld	s7,40(sp)
    80003132:	7c02                	ld	s8,32(sp)
    80003134:	6ce2                	ld	s9,24(sp)
    80003136:	6d42                	ld	s10,16(sp)
    80003138:	6da2                	ld	s11,8(sp)
    8000313a:	6165                	addi	sp,sp,112
    8000313c:	8082                	ret
    8000313e:	80000b37          	lui	s6,0x80000
    80003142:	4a81                	li	s5,0
    80003144:	4481                	li	s1,0
    80003146:	c00b4b13          	xori	s6,s6,-1024
    8000314a:	b76d                	j	800030f4 <__sfvwrite_r+0xe0>
    8000314c:	0009ba83          	ld	s5,0(s3)
    80003150:	0089bc83          	ld	s9,8(s3)
    80003154:	09c1                	addi	s3,s3,16
    80003156:	4444                	lw	s1,12(s0)
    80003158:	01041783          	lh	a5,16(s0)
    8000315c:	6008                	ld	a0,0(s0)
    8000315e:	8d26                	mv	s10,s1
    80003160:	fe0c86e3          	beqz	s9,8000314c <__sfvwrite_r+0x138>
    80003164:	2007f713          	andi	a4,a5,512
    80003168:	c37d                	beqz	a4,8000324e <__sfvwrite_r+0x23a>
    8000316a:	089ce763          	bltu	s9,s1,800031f8 <__sfvwrite_r+0x1e4>
    8000316e:	4807f713          	andi	a4,a5,1152
    80003172:	c359                	beqz	a4,800031f8 <__sfvwrite_r+0x1e4>
    80003174:	5004                	lw	s1,32(s0)
    80003176:	6c0c                	ld	a1,24(s0)
    80003178:	029b84bb          	mulw	s1,s7,s1
    8000317c:	8d0d                	sub	a0,a0,a1
    8000317e:	00050d9b          	sext.w	s11,a0
    80003182:	001d8713          	addi	a4,s11,1
    80003186:	9766                	add	a4,a4,s9
    80003188:	0384c4bb          	divw	s1,s1,s8
    8000318c:	00e4f563          	bgeu	s1,a4,80003196 <__sfvwrite_r+0x182>
    80003190:	2505                	addiw	a0,a0,1
    80003192:	019504bb          	addw	s1,a0,s9
    80003196:	4007f793          	andi	a5,a5,1024
    8000319a:	cbc9                	beqz	a5,8000322c <__sfvwrite_r+0x218>
    8000319c:	85a6                	mv	a1,s1
    8000319e:	854a                	mv	a0,s2
    800031a0:	e75fe0ef          	jal	80002014 <_malloc_r>
    800031a4:	8d2a                	mv	s10,a0
    800031a6:	e11d                	bnez	a0,800031cc <__sfvwrite_r+0x1b8>
    800031a8:	47b1                	li	a5,12
    800031aa:	00f92023          	sw	a5,0(s2)
    800031ae:	01045783          	lhu	a5,16(s0)
    800031b2:	0407e793          	ori	a5,a5,64
    800031b6:	00f41823          	sh	a5,16(s0)
    800031ba:	b735                	j	800030e6 <__sfvwrite_r+0xd2>
    800031bc:	80000b37          	lui	s6,0x80000
    800031c0:	4c81                	li	s9,0
    800031c2:	fffb4b13          	not	s6,s6
    800031c6:	4b8d                	li	s7,3
    800031c8:	4c09                	li	s8,2
    800031ca:	b771                	j	80003156 <__sfvwrite_r+0x142>
    800031cc:	6c0c                	ld	a1,24(s0)
    800031ce:	866e                	mv	a2,s11
    800031d0:	462000ef          	jal	80003632 <memcpy>
    800031d4:	01045783          	lhu	a5,16(s0)
    800031d8:	b7f7f793          	andi	a5,a5,-1153
    800031dc:	0807e793          	ori	a5,a5,128
    800031e0:	00f41823          	sh	a5,16(s0)
    800031e4:	01a43c23          	sd	s10,24(s0)
    800031e8:	d004                	sw	s1,32(s0)
    800031ea:	9d6e                	add	s10,s10,s11
    800031ec:	41b484bb          	subw	s1,s1,s11
    800031f0:	01a43023          	sd	s10,0(s0)
    800031f4:	c444                	sw	s1,12(s0)
    800031f6:	8d66                	mv	s10,s9
    800031f8:	84e6                	mv	s1,s9
    800031fa:	01acf363          	bgeu	s9,s10,80003200 <__sfvwrite_r+0x1ec>
    800031fe:	8d66                	mv	s10,s9
    80003200:	6008                	ld	a0,0(s0)
    80003202:	866a                	mv	a2,s10
    80003204:	85d6                	mv	a1,s5
    80003206:	406000ef          	jal	8000360c <memmove>
    8000320a:	445c                	lw	a5,12(s0)
    8000320c:	41a787bb          	subw	a5,a5,s10
    80003210:	c45c                	sw	a5,12(s0)
    80003212:	601c                	ld	a5,0(s0)
    80003214:	97ea                	add	a5,a5,s10
    80003216:	e01c                	sd	a5,0(s0)
    80003218:	010a3783          	ld	a5,16(s4)
    8000321c:	9aa6                	add	s5,s5,s1
    8000321e:	409c8cb3          	sub	s9,s9,s1
    80003222:	8f85                	sub	a5,a5,s1
    80003224:	00fa3823          	sd	a5,16(s4)
    80003228:	f79d                	bnez	a5,80003156 <__sfvwrite_r+0x142>
    8000322a:	bdd5                	j	8000311e <__sfvwrite_r+0x10a>
    8000322c:	8626                	mv	a2,s1
    8000322e:	854a                	mv	a0,s2
    80003230:	418000ef          	jal	80003648 <_realloc_r>
    80003234:	8d2a                	mv	s10,a0
    80003236:	f55d                	bnez	a0,800031e4 <__sfvwrite_r+0x1d0>
    80003238:	6c0c                	ld	a1,24(s0)
    8000323a:	854a                	mv	a0,s2
    8000323c:	cccff0ef          	jal	80002708 <_free_r>
    80003240:	01045783          	lhu	a5,16(s0)
    80003244:	f7f7f793          	andi	a5,a5,-129
    80003248:	00f41823          	sh	a5,16(s0)
    8000324c:	bfb1                	j	800031a8 <__sfvwrite_r+0x194>
    8000324e:	6c1c                	ld	a5,24(s0)
    80003250:	00a7e563          	bltu	a5,a0,8000325a <__sfvwrite_r+0x246>
    80003254:	5014                	lw	a3,32(s0)
    80003256:	02dcf763          	bgeu	s9,a3,80003284 <__sfvwrite_r+0x270>
    8000325a:	009cf363          	bgeu	s9,s1,80003260 <__sfvwrite_r+0x24c>
    8000325e:	84e6                	mv	s1,s9
    80003260:	8626                	mv	a2,s1
    80003262:	85d6                	mv	a1,s5
    80003264:	3a8000ef          	jal	8000360c <memmove>
    80003268:	445c                	lw	a5,12(s0)
    8000326a:	4097873b          	subw	a4,a5,s1
    8000326e:	601c                	ld	a5,0(s0)
    80003270:	c458                	sw	a4,12(s0)
    80003272:	97a6                	add	a5,a5,s1
    80003274:	e01c                	sd	a5,0(s0)
    80003276:	f34d                	bnez	a4,80003218 <__sfvwrite_r+0x204>
    80003278:	85a2                	mv	a1,s0
    8000327a:	854a                	mv	a0,s2
    8000327c:	d37ff0ef          	jal	80002fb2 <_fflush_r>
    80003280:	dd41                	beqz	a0,80003218 <__sfvwrite_r+0x204>
    80003282:	b735                	j	800031ae <__sfvwrite_r+0x19a>
    80003284:	87e6                	mv	a5,s9
    80003286:	019b7363          	bgeu	s6,s9,8000328c <__sfvwrite_r+0x278>
    8000328a:	87da                	mv	a5,s6
    8000328c:	02d7c7bb          	divw	a5,a5,a3
    80003290:	6438                	ld	a4,72(s0)
    80003292:	7c0c                	ld	a1,56(s0)
    80003294:	8656                	mv	a2,s5
    80003296:	854a                	mv	a0,s2
    80003298:	02d786bb          	mulw	a3,a5,a3
    8000329c:	9702                	jalr	a4
    8000329e:	84aa                	mv	s1,a0
    800032a0:	f6a04ce3          	bgtz	a0,80003218 <__sfvwrite_r+0x204>
    800032a4:	b729                	j	800031ae <__sfvwrite_r+0x19a>
    800032a6:	0009bb83          	ld	s7,0(s3)
    800032aa:	0089bb03          	ld	s6,8(s3)
    800032ae:	4501                	li	a0,0
    800032b0:	09c1                	addi	s3,s3,16
    800032b2:	bb55                	j	80003066 <__sfvwrite_r+0x52>
    800032b4:	001b0a9b          	addiw	s5,s6,1 # ffffffff80000001 <__heap_end+0xfffffffefffdb001>
    800032b8:	b3e1                	j	80003080 <__sfvwrite_r+0x6c>
    800032ba:	00dc4b63          	blt	s8,a3,800032d0 <__sfvwrite_r+0x2bc>
    800032be:	643c                	ld	a5,72(s0)
    800032c0:	7c0c                	ld	a1,56(s0)
    800032c2:	865e                	mv	a2,s7
    800032c4:	854a                	mv	a0,s2
    800032c6:	9782                	jalr	a5
    800032c8:	84aa                	mv	s1,a0
    800032ca:	dea045e3          	bgtz	a0,800030b4 <__sfvwrite_r+0xa0>
    800032ce:	b5c5                	j	800031ae <__sfvwrite_r+0x19a>
    800032d0:	8662                	mv	a2,s8
    800032d2:	85de                	mv	a1,s7
    800032d4:	338000ef          	jal	8000360c <memmove>
    800032d8:	445c                	lw	a5,12(s0)
    800032da:	84e2                	mv	s1,s8
    800032dc:	418787bb          	subw	a5,a5,s8
    800032e0:	c45c                	sw	a5,12(s0)
    800032e2:	601c                	ld	a5,0(s0)
    800032e4:	97e2                	add	a5,a5,s8
    800032e6:	e01c                	sd	a5,0(s0)
    800032e8:	b3f1                	j	800030b4 <__sfvwrite_r+0xa0>

00000000800032ea <__swbuf_r>:
    800032ea:	7179                	addi	sp,sp,-48
    800032ec:	f022                	sd	s0,32(sp)
    800032ee:	ec26                	sd	s1,24(sp)
    800032f0:	e84a                	sd	s2,16(sp)
    800032f2:	f406                	sd	ra,40(sp)
    800032f4:	e44e                	sd	s3,8(sp)
    800032f6:	892a                	mv	s2,a0
    800032f8:	84ae                	mv	s1,a1
    800032fa:	8432                	mv	s0,a2
    800032fc:	c509                	beqz	a0,80003306 <__swbuf_r+0x1c>
    800032fe:	613c                	ld	a5,64(a0)
    80003300:	e399                	bnez	a5,80003306 <__swbuf_r+0x1c>
    80003302:	80eff0ef          	jal	80002310 <__sinit>
    80003306:	541c                	lw	a5,40(s0)
    80003308:	c45c                	sw	a5,12(s0)
    8000330a:	01045783          	lhu	a5,16(s0)
    8000330e:	8ba1                	andi	a5,a5,8
    80003310:	c399                	beqz	a5,80003316 <__swbuf_r+0x2c>
    80003312:	6c1c                	ld	a5,24(s0)
    80003314:	ef99                	bnez	a5,80003332 <__swbuf_r+0x48>
    80003316:	85a2                	mv	a1,s0
    80003318:	854a                	mv	a0,s2
    8000331a:	07a000ef          	jal	80003394 <__swsetup_r>
    8000331e:	c911                	beqz	a0,80003332 <__swbuf_r+0x48>
    80003320:	54fd                	li	s1,-1
    80003322:	70a2                	ld	ra,40(sp)
    80003324:	7402                	ld	s0,32(sp)
    80003326:	6942                	ld	s2,16(sp)
    80003328:	69a2                	ld	s3,8(sp)
    8000332a:	8526                	mv	a0,s1
    8000332c:	64e2                	ld	s1,24(sp)
    8000332e:	6145                	addi	sp,sp,48
    80003330:	8082                	ret
    80003332:	601c                	ld	a5,0(s0)
    80003334:	6c18                	ld	a4,24(s0)
    80003336:	0ff4f993          	zext.b	s3,s1
    8000333a:	84ce                	mv	s1,s3
    8000333c:	40e7853b          	subw	a0,a5,a4
    80003340:	501c                	lw	a5,32(s0)
    80003342:	00f54763          	blt	a0,a5,80003350 <__swbuf_r+0x66>
    80003346:	85a2                	mv	a1,s0
    80003348:	854a                	mv	a0,s2
    8000334a:	c69ff0ef          	jal	80002fb2 <_fflush_r>
    8000334e:	f969                	bnez	a0,80003320 <__swbuf_r+0x36>
    80003350:	445c                	lw	a5,12(s0)
    80003352:	37fd                	addiw	a5,a5,-1
    80003354:	c45c                	sw	a5,12(s0)
    80003356:	601c                	ld	a5,0(s0)
    80003358:	00178713          	addi	a4,a5,1
    8000335c:	e018                	sd	a4,0(s0)
    8000335e:	01378023          	sb	s3,0(a5)
    80003362:	5018                	lw	a4,32(s0)
    80003364:	0015079b          	addiw	a5,a0,1
    80003368:	00f70963          	beq	a4,a5,8000337a <__swbuf_r+0x90>
    8000336c:	01045783          	lhu	a5,16(s0)
    80003370:	8b85                	andi	a5,a5,1
    80003372:	dbc5                	beqz	a5,80003322 <__swbuf_r+0x38>
    80003374:	47a9                	li	a5,10
    80003376:	faf496e3          	bne	s1,a5,80003322 <__swbuf_r+0x38>
    8000337a:	85a2                	mv	a1,s0
    8000337c:	854a                	mv	a0,s2
    8000337e:	c35ff0ef          	jal	80002fb2 <_fflush_r>
    80003382:	d145                	beqz	a0,80003322 <__swbuf_r+0x38>
    80003384:	bf71                	j	80003320 <__swbuf_r+0x36>

0000000080003386 <__swbuf>:
    80003386:	862e                	mv	a2,a1
    80003388:	85aa                	mv	a1,a0
    8000338a:	00001517          	auipc	a0,0x1
    8000338e:	cbe53503          	ld	a0,-834(a0) # 80004048 <_impure_ptr>
    80003392:	bfa1                	j	800032ea <__swbuf_r>

0000000080003394 <__swsetup_r>:
    80003394:	1101                	addi	sp,sp,-32
    80003396:	e822                	sd	s0,16(sp)
    80003398:	e426                	sd	s1,8(sp)
    8000339a:	ec06                	sd	ra,24(sp)
    8000339c:	84aa                	mv	s1,a0
    8000339e:	00001517          	auipc	a0,0x1
    800033a2:	caa53503          	ld	a0,-854(a0) # 80004048 <_impure_ptr>
    800033a6:	842e                	mv	s0,a1
    800033a8:	c509                	beqz	a0,800033b2 <__swsetup_r+0x1e>
    800033aa:	613c                	ld	a5,64(a0)
    800033ac:	e399                	bnez	a5,800033b2 <__swsetup_r+0x1e>
    800033ae:	f63fe0ef          	jal	80002310 <__sinit>
    800033b2:	01041783          	lh	a5,16(s0)
    800033b6:	0087f713          	andi	a4,a5,8
    800033ba:	eb29                	bnez	a4,8000340c <__swsetup_r+0x78>
    800033bc:	0107f713          	andi	a4,a5,16
    800033c0:	eb09                	bnez	a4,800033d2 <__swsetup_r+0x3e>
    800033c2:	4725                	li	a4,9
    800033c4:	c098                	sw	a4,0(s1)
    800033c6:	0407e793          	ori	a5,a5,64
    800033ca:	00f41823          	sh	a5,16(s0)
    800033ce:	557d                	li	a0,-1
    800033d0:	a8ad                	j	8000344a <__swsetup_r+0xb6>
    800033d2:	8b91                	andi	a5,a5,4
    800033d4:	c795                	beqz	a5,80003400 <__swsetup_r+0x6c>
    800033d6:	702c                	ld	a1,96(s0)
    800033d8:	c991                	beqz	a1,800033ec <__swsetup_r+0x58>
    800033da:	07c40793          	addi	a5,s0,124
    800033de:	00f58563          	beq	a1,a5,800033e8 <__swsetup_r+0x54>
    800033e2:	8526                	mv	a0,s1
    800033e4:	b24ff0ef          	jal	80002708 <_free_r>
    800033e8:	06043023          	sd	zero,96(s0)
    800033ec:	01045783          	lhu	a5,16(s0)
    800033f0:	00042423          	sw	zero,8(s0)
    800033f4:	fdb7f793          	andi	a5,a5,-37
    800033f8:	00f41823          	sh	a5,16(s0)
    800033fc:	6c1c                	ld	a5,24(s0)
    800033fe:	e01c                	sd	a5,0(s0)
    80003400:	01045783          	lhu	a5,16(s0)
    80003404:	0087e793          	ori	a5,a5,8
    80003408:	00f41823          	sh	a5,16(s0)
    8000340c:	6c1c                	ld	a5,24(s0)
    8000340e:	ef89                	bnez	a5,80003428 <__swsetup_r+0x94>
    80003410:	01045783          	lhu	a5,16(s0)
    80003414:	20000713          	li	a4,512
    80003418:	2807f793          	andi	a5,a5,640
    8000341c:	00e78663          	beq	a5,a4,80003428 <__swsetup_r+0x94>
    80003420:	85a2                	mv	a1,s0
    80003422:	8526                	mv	a0,s1
    80003424:	300000ef          	jal	80003724 <__smakebuf_r>
    80003428:	01041783          	lh	a5,16(s0)
    8000342c:	0017f713          	andi	a4,a5,1
    80003430:	c315                	beqz	a4,80003454 <__swsetup_r+0xc0>
    80003432:	5018                	lw	a4,32(s0)
    80003434:	00042623          	sw	zero,12(s0)
    80003438:	40e0073b          	negw	a4,a4
    8000343c:	d418                	sw	a4,40(s0)
    8000343e:	6c18                	ld	a4,24(s0)
    80003440:	4501                	li	a0,0
    80003442:	e701                	bnez	a4,8000344a <__swsetup_r+0xb6>
    80003444:	0807f713          	andi	a4,a5,128
    80003448:	ff3d                	bnez	a4,800033c6 <__swsetup_r+0x32>
    8000344a:	60e2                	ld	ra,24(sp)
    8000344c:	6442                	ld	s0,16(sp)
    8000344e:	64a2                	ld	s1,8(sp)
    80003450:	6105                	addi	sp,sp,32
    80003452:	8082                	ret
    80003454:	0027f713          	andi	a4,a5,2
    80003458:	4681                	li	a3,0
    8000345a:	e311                	bnez	a4,8000345e <__swsetup_r+0xca>
    8000345c:	5014                	lw	a3,32(s0)
    8000345e:	c454                	sw	a3,12(s0)
    80003460:	bff9                	j	8000343e <__swsetup_r+0xaa>

0000000080003462 <memchr>:
    80003462:	0ff5f593          	zext.b	a1,a1
    80003466:	962a                	add	a2,a2,a0
    80003468:	00c51463          	bne	a0,a2,80003470 <memchr+0xe>
    8000346c:	4501                	li	a0,0
    8000346e:	8082                	ret
    80003470:	00054783          	lbu	a5,0(a0)
    80003474:	feb78de3          	beq	a5,a1,8000346e <memchr+0xc>
    80003478:	0505                	addi	a0,a0,1
    8000347a:	b7fd                	j	80003468 <memchr+0x6>

000000008000347c <_init_signal_r>:
    8000347c:	793c                	ld	a5,112(a0)
    8000347e:	eb95                	bnez	a5,800034b2 <_init_signal_r+0x36>
    80003480:	1141                	addi	sp,sp,-16
    80003482:	10000593          	li	a1,256
    80003486:	e022                	sd	s0,0(sp)
    80003488:	e406                	sd	ra,8(sp)
    8000348a:	842a                	mv	s0,a0
    8000348c:	b89fe0ef          	jal	80002014 <_malloc_r>
    80003490:	87aa                	mv	a5,a0
    80003492:	f828                	sd	a0,112(s0)
    80003494:	557d                	li	a0,-1
    80003496:	cb91                	beqz	a5,800034aa <_init_signal_r+0x2e>
    80003498:	853e                	mv	a0,a5
    8000349a:	10078793          	addi	a5,a5,256
    8000349e:	00053023          	sd	zero,0(a0)
    800034a2:	0521                	addi	a0,a0,8
    800034a4:	fef51de3          	bne	a0,a5,8000349e <_init_signal_r+0x22>
    800034a8:	4501                	li	a0,0
    800034aa:	60a2                	ld	ra,8(sp)
    800034ac:	6402                	ld	s0,0(sp)
    800034ae:	0141                	addi	sp,sp,16
    800034b0:	8082                	ret
    800034b2:	4501                	li	a0,0
    800034b4:	8082                	ret

00000000800034b6 <_signal_r>:
    800034b6:	1101                	addi	sp,sp,-32
    800034b8:	e426                	sd	s1,8(sp)
    800034ba:	ec06                	sd	ra,24(sp)
    800034bc:	e822                	sd	s0,16(sp)
    800034be:	e04a                	sd	s2,0(sp)
    800034c0:	47fd                	li	a5,31
    800034c2:	84aa                	mv	s1,a0
    800034c4:	00b7f663          	bgeu	a5,a1,800034d0 <_signal_r+0x1a>
    800034c8:	47d9                	li	a5,22
    800034ca:	c11c                	sw	a5,0(a0)
    800034cc:	557d                	li	a0,-1
    800034ce:	a819                	j	800034e4 <_signal_r+0x2e>
    800034d0:	793c                	ld	a5,112(a0)
    800034d2:	842e                	mv	s0,a1
    800034d4:	8932                	mv	s2,a2
    800034d6:	cf89                	beqz	a5,800034f0 <_signal_r+0x3a>
    800034d8:	78bc                	ld	a5,112(s1)
    800034da:	040e                	slli	s0,s0,0x3
    800034dc:	97a2                	add	a5,a5,s0
    800034de:	6388                	ld	a0,0(a5)
    800034e0:	0127b023          	sd	s2,0(a5)
    800034e4:	60e2                	ld	ra,24(sp)
    800034e6:	6442                	ld	s0,16(sp)
    800034e8:	64a2                	ld	s1,8(sp)
    800034ea:	6902                	ld	s2,0(sp)
    800034ec:	6105                	addi	sp,sp,32
    800034ee:	8082                	ret
    800034f0:	f8dff0ef          	jal	8000347c <_init_signal_r>
    800034f4:	d175                	beqz	a0,800034d8 <_signal_r+0x22>
    800034f6:	bfd9                	j	800034cc <_signal_r+0x16>

00000000800034f8 <_raise_r>:
    800034f8:	1101                	addi	sp,sp,-32
    800034fa:	e822                	sd	s0,16(sp)
    800034fc:	ec06                	sd	ra,24(sp)
    800034fe:	47fd                	li	a5,31
    80003500:	842a                	mv	s0,a0
    80003502:	00b7f963          	bgeu	a5,a1,80003514 <_raise_r+0x1c>
    80003506:	47d9                	li	a5,22
    80003508:	c11c                	sw	a5,0(a0)
    8000350a:	557d                	li	a0,-1
    8000350c:	60e2                	ld	ra,24(sp)
    8000350e:	6442                	ld	s0,16(sp)
    80003510:	6105                	addi	sp,sp,32
    80003512:	8082                	ret
    80003514:	793c                	ld	a5,112(a0)
    80003516:	862e                	mv	a2,a1
    80003518:	c791                	beqz	a5,80003524 <_raise_r+0x2c>
    8000351a:	00359713          	slli	a4,a1,0x3
    8000351e:	97ba                	add	a5,a5,a4
    80003520:	6398                	ld	a4,0(a5)
    80003522:	ef01                	bnez	a4,8000353a <_raise_r+0x42>
    80003524:	8522                	mv	a0,s0
    80003526:	e432                	sd	a2,8(sp)
    80003528:	0e2000ef          	jal	8000360a <_getpid_r>
    8000352c:	85aa                	mv	a1,a0
    8000352e:	8522                	mv	a0,s0
    80003530:	6442                	ld	s0,16(sp)
    80003532:	6622                	ld	a2,8(sp)
    80003534:	60e2                	ld	ra,24(sp)
    80003536:	6105                	addi	sp,sp,32
    80003538:	a065                	j	800035e0 <_kill_r>
    8000353a:	4685                	li	a3,1
    8000353c:	00d70d63          	beq	a4,a3,80003556 <_raise_r+0x5e>
    80003540:	56fd                	li	a3,-1
    80003542:	00d71663          	bne	a4,a3,8000354e <_raise_r+0x56>
    80003546:	47d9                	li	a5,22
    80003548:	c11c                	sw	a5,0(a0)
    8000354a:	4505                	li	a0,1
    8000354c:	b7c1                	j	8000350c <_raise_r+0x14>
    8000354e:	0007b023          	sd	zero,0(a5)
    80003552:	852e                	mv	a0,a1
    80003554:	9702                	jalr	a4
    80003556:	4501                	li	a0,0
    80003558:	bf55                	j	8000350c <_raise_r+0x14>

000000008000355a <__sigtramp_r>:
    8000355a:	47fd                	li	a5,31
    8000355c:	00b7f463          	bgeu	a5,a1,80003564 <__sigtramp_r+0xa>
    80003560:	557d                	li	a0,-1
    80003562:	8082                	ret
    80003564:	793c                	ld	a5,112(a0)
    80003566:	1101                	addi	sp,sp,-32
    80003568:	e822                	sd	s0,16(sp)
    8000356a:	e426                	sd	s1,8(sp)
    8000356c:	ec06                	sd	ra,24(sp)
    8000356e:	84aa                	mv	s1,a0
    80003570:	842e                	mv	s0,a1
    80003572:	c795                	beqz	a5,8000359e <__sigtramp_r+0x44>
    80003574:	78b8                	ld	a4,112(s1)
    80003576:	00341793          	slli	a5,s0,0x3
    8000357a:	4505                	li	a0,1
    8000357c:	973e                	add	a4,a4,a5
    8000357e:	631c                	ld	a5,0(a4)
    80003580:	c39d                	beqz	a5,800035a6 <__sigtramp_r+0x4c>
    80003582:	56fd                	li	a3,-1
    80003584:	4509                	li	a0,2
    80003586:	02d78063          	beq	a5,a3,800035a6 <__sigtramp_r+0x4c>
    8000358a:	4685                	li	a3,1
    8000358c:	450d                	li	a0,3
    8000358e:	00d78c63          	beq	a5,a3,800035a6 <__sigtramp_r+0x4c>
    80003592:	8522                	mv	a0,s0
    80003594:	00073023          	sd	zero,0(a4)
    80003598:	9782                	jalr	a5
    8000359a:	4501                	li	a0,0
    8000359c:	a029                	j	800035a6 <__sigtramp_r+0x4c>
    8000359e:	edfff0ef          	jal	8000347c <_init_signal_r>
    800035a2:	d969                	beqz	a0,80003574 <__sigtramp_r+0x1a>
    800035a4:	557d                	li	a0,-1
    800035a6:	60e2                	ld	ra,24(sp)
    800035a8:	6442                	ld	s0,16(sp)
    800035aa:	64a2                	ld	s1,8(sp)
    800035ac:	6105                	addi	sp,sp,32
    800035ae:	8082                	ret

00000000800035b0 <raise>:
    800035b0:	85aa                	mv	a1,a0
    800035b2:	00001517          	auipc	a0,0x1
    800035b6:	a9653503          	ld	a0,-1386(a0) # 80004048 <_impure_ptr>
    800035ba:	bf3d                	j	800034f8 <_raise_r>

00000000800035bc <signal>:
    800035bc:	862e                	mv	a2,a1
    800035be:	85aa                	mv	a1,a0
    800035c0:	00001517          	auipc	a0,0x1
    800035c4:	a8853503          	ld	a0,-1400(a0) # 80004048 <_impure_ptr>
    800035c8:	b5fd                	j	800034b6 <_signal_r>

00000000800035ca <_init_signal>:
    800035ca:	00001517          	auipc	a0,0x1
    800035ce:	a7e53503          	ld	a0,-1410(a0) # 80004048 <_impure_ptr>
    800035d2:	b56d                	j	8000347c <_init_signal_r>

00000000800035d4 <__sigtramp>:
    800035d4:	85aa                	mv	a1,a0
    800035d6:	00001517          	auipc	a0,0x1
    800035da:	a7253503          	ld	a0,-1422(a0) # 80004048 <_impure_ptr>
    800035de:	bfb5                	j	8000355a <__sigtramp_r>

00000000800035e0 <_kill_r>:
    800035e0:	1141                	addi	sp,sp,-16
    800035e2:	e022                	sd	s0,0(sp)
    800035e4:	842a                	mv	s0,a0
    800035e6:	852e                	mv	a0,a1
    800035e8:	85b2                	mv	a1,a2
    800035ea:	8601a023          	sw	zero,-1952(gp) # 800040a8 <errno>
    800035ee:	e406                	sd	ra,8(sp)
    800035f0:	292000ef          	jal	80003882 <_kill>
    800035f4:	57fd                	li	a5,-1
    800035f6:	00f51663          	bne	a0,a5,80003602 <_kill_r+0x22>
    800035fa:	8601a783          	lw	a5,-1952(gp) # 800040a8 <errno>
    800035fe:	c391                	beqz	a5,80003602 <_kill_r+0x22>
    80003600:	c01c                	sw	a5,0(s0)
    80003602:	60a2                	ld	ra,8(sp)
    80003604:	6402                	ld	s0,0(sp)
    80003606:	0141                	addi	sp,sp,16
    80003608:	8082                	ret

000000008000360a <_getpid_r>:
    8000360a:	a4b5                	j	80003876 <_getpid>

000000008000360c <memmove>:
    8000360c:	c215                	beqz	a2,80003630 <memmove+0x24>
    8000360e:	832a                	mv	t1,a0
    80003610:	4685                	li	a3,1
    80003612:	00b56763          	bltu	a0,a1,80003620 <memmove+0x14>
    80003616:	56fd                	li	a3,-1
    80003618:	fff60713          	addi	a4,a2,-1
    8000361c:	933a                	add	t1,t1,a4
    8000361e:	95ba                	add	a1,a1,a4
    80003620:	00058383          	lb	t2,0(a1)
    80003624:	00730023          	sb	t2,0(t1)
    80003628:	167d                	addi	a2,a2,-1
    8000362a:	9336                	add	t1,t1,a3
    8000362c:	95b6                	add	a1,a1,a3
    8000362e:	fa6d                	bnez	a2,80003620 <memmove+0x14>
    80003630:	8082                	ret

0000000080003632 <memcpy>:
    80003632:	832a                	mv	t1,a0
    80003634:	ca09                	beqz	a2,80003646 <memcpy+0x14>
    80003636:	00058383          	lb	t2,0(a1)
    8000363a:	00730023          	sb	t2,0(t1)
    8000363e:	167d                	addi	a2,a2,-1
    80003640:	0305                	addi	t1,t1,1
    80003642:	0585                	addi	a1,a1,1
    80003644:	fa6d                	bnez	a2,80003636 <memcpy+0x4>
    80003646:	8082                	ret

0000000080003648 <_realloc_r>:
    80003648:	7179                	addi	sp,sp,-48
    8000364a:	f022                	sd	s0,32(sp)
    8000364c:	f406                	sd	ra,40(sp)
    8000364e:	ec26                	sd	s1,24(sp)
    80003650:	e84a                	sd	s2,16(sp)
    80003652:	e44e                	sd	s3,8(sp)
    80003654:	e052                	sd	s4,0(sp)
    80003656:	8432                	mv	s0,a2
    80003658:	e999                	bnez	a1,8000366e <_realloc_r+0x26>
    8000365a:	7402                	ld	s0,32(sp)
    8000365c:	70a2                	ld	ra,40(sp)
    8000365e:	64e2                	ld	s1,24(sp)
    80003660:	6942                	ld	s2,16(sp)
    80003662:	69a2                	ld	s3,8(sp)
    80003664:	6a02                	ld	s4,0(sp)
    80003666:	85b2                	mv	a1,a2
    80003668:	6145                	addi	sp,sp,48
    8000366a:	9abfe06f          	j	80002014 <_malloc_r>
    8000366e:	ee09                	bnez	a2,80003688 <_realloc_r+0x40>
    80003670:	898ff0ef          	jal	80002708 <_free_r>
    80003674:	4481                	li	s1,0
    80003676:	70a2                	ld	ra,40(sp)
    80003678:	7402                	ld	s0,32(sp)
    8000367a:	6942                	ld	s2,16(sp)
    8000367c:	69a2                	ld	s3,8(sp)
    8000367e:	6a02                	ld	s4,0(sp)
    80003680:	8526                	mv	a0,s1
    80003682:	64e2                	ld	s1,24(sp)
    80003684:	6145                	addi	sp,sp,48
    80003686:	8082                	ret
    80003688:	8a2a                	mv	s4,a0
    8000368a:	84ae                	mv	s1,a1
    8000368c:	188000ef          	jal	80003814 <_malloc_usable_size_r>
    80003690:	892a                	mv	s2,a0
    80003692:	00856663          	bltu	a0,s0,8000369e <_realloc_r+0x56>
    80003696:	00155793          	srli	a5,a0,0x1
    8000369a:	fc87eee3          	bltu	a5,s0,80003676 <_realloc_r+0x2e>
    8000369e:	85a2                	mv	a1,s0
    800036a0:	8552                	mv	a0,s4
    800036a2:	973fe0ef          	jal	80002014 <_malloc_r>
    800036a6:	89aa                	mv	s3,a0
    800036a8:	e119                	bnez	a0,800036ae <_realloc_r+0x66>
    800036aa:	84ce                	mv	s1,s3
    800036ac:	b7e9                	j	80003676 <_realloc_r+0x2e>
    800036ae:	8622                	mv	a2,s0
    800036b0:	00897363          	bgeu	s2,s0,800036b6 <_realloc_r+0x6e>
    800036b4:	864a                	mv	a2,s2
    800036b6:	85a6                	mv	a1,s1
    800036b8:	854e                	mv	a0,s3
    800036ba:	f79ff0ef          	jal	80003632 <memcpy>
    800036be:	85a6                	mv	a1,s1
    800036c0:	8552                	mv	a0,s4
    800036c2:	846ff0ef          	jal	80002708 <_free_r>
    800036c6:	b7d5                	j	800036aa <_realloc_r+0x62>

00000000800036c8 <__swhatbuf_r>:
    800036c8:	7175                	addi	sp,sp,-144
    800036ca:	e122                	sd	s0,128(sp)
    800036cc:	842e                	mv	s0,a1
    800036ce:	01259583          	lh	a1,18(a1)
    800036d2:	fca6                	sd	s1,120(sp)
    800036d4:	f8ca                	sd	s2,112(sp)
    800036d6:	e506                	sd	ra,136(sp)
    800036d8:	84b2                	mv	s1,a2
    800036da:	8936                	mv	s2,a3
    800036dc:	0205d363          	bgez	a1,80003702 <__swhatbuf_r+0x3a>
    800036e0:	01045783          	lhu	a5,16(s0)
    800036e4:	0807f793          	andi	a5,a5,128
    800036e8:	eb95                	bnez	a5,8000371c <__swhatbuf_r+0x54>
    800036ea:	40000713          	li	a4,1024
    800036ee:	60aa                	ld	ra,136(sp)
    800036f0:	640a                	ld	s0,128(sp)
    800036f2:	00f92023          	sw	a5,0(s2)
    800036f6:	e098                	sd	a4,0(s1)
    800036f8:	7946                	ld	s2,112(sp)
    800036fa:	74e6                	ld	s1,120(sp)
    800036fc:	4501                	li	a0,0
    800036fe:	6149                	addi	sp,sp,144
    80003700:	8082                	ret
    80003702:	0030                	addi	a2,sp,8
    80003704:	0be000ef          	jal	800037c2 <_fstat_r>
    80003708:	fc054ce3          	bltz	a0,800036e0 <__swhatbuf_r+0x18>
    8000370c:	47b2                	lw	a5,12(sp)
    8000370e:	673d                	lui	a4,0xf
    80003710:	8ff9                	and	a5,a5,a4
    80003712:	6709                	lui	a4,0x2
    80003714:	8f99                	sub	a5,a5,a4
    80003716:	0017b793          	seqz	a5,a5
    8000371a:	bfc1                	j	800036ea <__swhatbuf_r+0x22>
    8000371c:	4781                	li	a5,0
    8000371e:	04000713          	li	a4,64
    80003722:	b7f1                	j	800036ee <__swhatbuf_r+0x26>

0000000080003724 <__smakebuf_r>:
    80003724:	0105d783          	lhu	a5,16(a1)
    80003728:	7139                	addi	sp,sp,-64
    8000372a:	f822                	sd	s0,48(sp)
    8000372c:	fc06                	sd	ra,56(sp)
    8000372e:	f426                	sd	s1,40(sp)
    80003730:	f04a                	sd	s2,32(sp)
    80003732:	ec4e                	sd	s3,24(sp)
    80003734:	8b89                	andi	a5,a5,2
    80003736:	842e                	mv	s0,a1
    80003738:	cf91                	beqz	a5,80003754 <__smakebuf_r+0x30>
    8000373a:	07f40793          	addi	a5,s0,127
    8000373e:	e01c                	sd	a5,0(s0)
    80003740:	ec1c                	sd	a5,24(s0)
    80003742:	4785                	li	a5,1
    80003744:	d01c                	sw	a5,32(s0)
    80003746:	70e2                	ld	ra,56(sp)
    80003748:	7442                	ld	s0,48(sp)
    8000374a:	74a2                	ld	s1,40(sp)
    8000374c:	7902                	ld	s2,32(sp)
    8000374e:	69e2                	ld	s3,24(sp)
    80003750:	6121                	addi	sp,sp,64
    80003752:	8082                	ret
    80003754:	0054                	addi	a3,sp,4
    80003756:	0030                	addi	a2,sp,8
    80003758:	84aa                	mv	s1,a0
    8000375a:	f6fff0ef          	jal	800036c8 <__swhatbuf_r>
    8000375e:	69a2                	ld	s3,8(sp)
    80003760:	892a                	mv	s2,a0
    80003762:	8526                	mv	a0,s1
    80003764:	85ce                	mv	a1,s3
    80003766:	8affe0ef          	jal	80002014 <_malloc_r>
    8000376a:	ed01                	bnez	a0,80003782 <__smakebuf_r+0x5e>
    8000376c:	01041783          	lh	a5,16(s0)
    80003770:	2007f713          	andi	a4,a5,512
    80003774:	fb69                	bnez	a4,80003746 <__smakebuf_r+0x22>
    80003776:	9bf1                	andi	a5,a5,-4
    80003778:	0027e793          	ori	a5,a5,2
    8000377c:	00f41823          	sh	a5,16(s0)
    80003780:	bf6d                	j	8000373a <__smakebuf_r+0x16>
    80003782:	01045783          	lhu	a5,16(s0)
    80003786:	e008                	sd	a0,0(s0)
    80003788:	ec08                	sd	a0,24(s0)
    8000378a:	0807e793          	ori	a5,a5,128
    8000378e:	00f41823          	sh	a5,16(s0)
    80003792:	4792                	lw	a5,4(sp)
    80003794:	03342023          	sw	s3,32(s0)
    80003798:	cf91                	beqz	a5,800037b4 <__smakebuf_r+0x90>
    8000379a:	01241583          	lh	a1,18(s0)
    8000379e:	8526                	mv	a0,s1
    800037a0:	04c000ef          	jal	800037ec <_isatty_r>
    800037a4:	c901                	beqz	a0,800037b4 <__smakebuf_r+0x90>
    800037a6:	01045783          	lhu	a5,16(s0)
    800037aa:	9bf1                	andi	a5,a5,-4
    800037ac:	0017e793          	ori	a5,a5,1
    800037b0:	00f41823          	sh	a5,16(s0)
    800037b4:	01045783          	lhu	a5,16(s0)
    800037b8:	0127e533          	or	a0,a5,s2
    800037bc:	00a41823          	sh	a0,16(s0)
    800037c0:	b759                	j	80003746 <__smakebuf_r+0x22>

00000000800037c2 <_fstat_r>:
    800037c2:	1141                	addi	sp,sp,-16
    800037c4:	e022                	sd	s0,0(sp)
    800037c6:	842a                	mv	s0,a0
    800037c8:	852e                	mv	a0,a1
    800037ca:	85b2                	mv	a1,a2
    800037cc:	8601a023          	sw	zero,-1952(gp) # 800040a8 <errno>
    800037d0:	e406                	sd	ra,8(sp)
    800037d2:	090000ef          	jal	80003862 <_fstat>
    800037d6:	57fd                	li	a5,-1
    800037d8:	00f51663          	bne	a0,a5,800037e4 <_fstat_r+0x22>
    800037dc:	8601a783          	lw	a5,-1952(gp) # 800040a8 <errno>
    800037e0:	c391                	beqz	a5,800037e4 <_fstat_r+0x22>
    800037e2:	c01c                	sw	a5,0(s0)
    800037e4:	60a2                	ld	ra,8(sp)
    800037e6:	6402                	ld	s0,0(sp)
    800037e8:	0141                	addi	sp,sp,16
    800037ea:	8082                	ret

00000000800037ec <_isatty_r>:
    800037ec:	1141                	addi	sp,sp,-16
    800037ee:	e022                	sd	s0,0(sp)
    800037f0:	842a                	mv	s0,a0
    800037f2:	852e                	mv	a0,a1
    800037f4:	8601a023          	sw	zero,-1952(gp) # 800040a8 <errno>
    800037f8:	e406                	sd	ra,8(sp)
    800037fa:	080000ef          	jal	8000387a <_isatty>
    800037fe:	57fd                	li	a5,-1
    80003800:	00f51663          	bne	a0,a5,8000380c <_isatty_r+0x20>
    80003804:	8601a783          	lw	a5,-1952(gp) # 800040a8 <errno>
    80003808:	c391                	beqz	a5,8000380c <_isatty_r+0x20>
    8000380a:	c01c                	sw	a5,0(s0)
    8000380c:	60a2                	ld	ra,8(sp)
    8000380e:	6402                	ld	s0,0(sp)
    80003810:	0141                	addi	sp,sp,16
    80003812:	8082                	ret

0000000080003814 <_malloc_usable_size_r>:
    80003814:	ff85b503          	ld	a0,-8(a1)
    80003818:	0005079b          	sext.w	a5,a0
    8000381c:	1561                	addi	a0,a0,-8
    8000381e:	0007d663          	bgez	a5,8000382a <_malloc_usable_size_r+0x16>
    80003822:	95aa                	add	a1,a1,a0
    80003824:	6188                	ld	a0,0(a1)
    80003826:	17e1                	addi	a5,a5,-8
    80003828:	953e                	add	a0,a0,a5
    8000382a:	8082                	ret

000000008000382c <_close>:
#include <errno.h>
#include "syscall.h"

int _close(int file)
{
    8000382c:	1141                	addi	sp,sp,-16
    8000382e:	e406                	sd	ra,8(sp)
    errno = EBADF;
    80003830:	158000ef          	jal	80003988 <__errno>
    return -1;
}
    80003834:	60a2                	ld	ra,8(sp)
    errno = EBADF;
    80003836:	47a5                	li	a5,9
    80003838:	c11c                	sw	a5,0(a0)
}
    8000383a:	557d                	li	a0,-1
    8000383c:	0141                	addi	sp,sp,16
    8000383e:	8082                	ret

0000000080003840 <_exit>:
#include "syscall.h"
#include "htif.h"

void __attribute__ ((noreturn)) _exit(int code)
{
    uint64_t cmd = HTIF_TOHOST(0, 0, (code << 1) | 0x1);
    80003840:	0015179b          	slliw	a5,a0,0x1
    80003844:	0017e793          	ori	a5,a5,1
    80003848:	2781                	sext.w	a5,a5
    8000384a:	07c2                	slli	a5,a5,0x10
    8000384c:	83c1                	srli	a5,a5,0x10
    8000384e:	00000717          	auipc	a4,0x0
    80003852:	6f270713          	addi	a4,a4,1778 # 80003f40 <tohost>
    for (;;) {
        fromhost = 0;
    80003856:	00000697          	auipc	a3,0x0
    8000385a:	6e06b923          	sd	zero,1778(a3) # 80003f48 <fromhost>
        tohost = cmd;
    8000385e:	e31c                	sd	a5,0(a4)
    for (;;) {
    80003860:	bfdd                	j	80003856 <_exit+0x16>

0000000080003862 <_fstat>:
#include <errno.h>
#include <sys/stat.h>
#include "syscall.h"

int _fstat(int file, struct stat *st)
{
    80003862:	1141                	addi	sp,sp,-16
    80003864:	e406                	sd	ra,8(sp)
    errno = EBADF;
    80003866:	122000ef          	jal	80003988 <__errno>
    return -1;
}
    8000386a:	60a2                	ld	ra,8(sp)
    errno = EBADF;
    8000386c:	47a5                	li	a5,9
    8000386e:	c11c                	sw	a5,0(a0)
}
    80003870:	557d                	li	a0,-1
    80003872:	0141                	addi	sp,sp,16
    80003874:	8082                	ret

0000000080003876 <_getpid>:
#include "syscall.h"

int _getpid(void)
{
    return 1;
}
    80003876:	4505                	li	a0,1
    80003878:	8082                	ret

000000008000387a <_isatty>:
#include <unistd.h>
#include "syscall.h"

int _isatty(int file)
{
    return (file == STDOUT_FILENO || file == STDERR_FILENO);
    8000387a:	357d                	addiw	a0,a0,-1
}
    8000387c:	00253513          	sltiu	a0,a0,2
    80003880:	8082                	ret

0000000080003882 <_kill>:
#include <errno.h>
#include "syscall.h"

int _kill(int pid, int sig)
{
    80003882:	1141                	addi	sp,sp,-16
    80003884:	e406                	sd	ra,8(sp)
    errno = EINVAL;
    80003886:	102000ef          	jal	80003988 <__errno>
    return -1;
}
    8000388a:	60a2                	ld	ra,8(sp)
    errno = EINVAL;
    8000388c:	47d9                	li	a5,22
    8000388e:	c11c                	sw	a5,0(a0)
}
    80003890:	557d                	li	a0,-1
    80003892:	0141                	addi	sp,sp,16
    80003894:	8082                	ret

0000000080003896 <_lseek>:
#include <errno.h>
#include <sys/types.h>
#include "syscall.h"

off_t _lseek(int file, off_t ptr, int dir)
{
    80003896:	1141                	addi	sp,sp,-16
    80003898:	e406                	sd	ra,8(sp)
    errno = EBADF;
    8000389a:	0ee000ef          	jal	80003988 <__errno>
    return -1;
}
    8000389e:	60a2                	ld	ra,8(sp)
    errno = EBADF;
    800038a0:	47a5                	li	a5,9
    800038a2:	c11c                	sw	a5,0(a0)
}
    800038a4:	557d                	li	a0,-1
    800038a6:	0141                	addi	sp,sp,16
    800038a8:	8082                	ret

00000000800038aa <_read>:
#include <errno.h>
#include <sys/types.h>
#include "syscall.h"

ssize_t _read(int file, void *ptr, size_t len)
{
    800038aa:	1141                	addi	sp,sp,-16
    800038ac:	e406                	sd	ra,8(sp)
    errno = ENOSYS;
    800038ae:	0da000ef          	jal	80003988 <__errno>
    return -1;
}
    800038b2:	60a2                	ld	ra,8(sp)
    errno = ENOSYS;
    800038b4:	05800793          	li	a5,88
    800038b8:	c11c                	sw	a5,0(a0)
}
    800038ba:	557d                	li	a0,-1
    800038bc:	0141                	addi	sp,sp,16
    800038be:	8082                	ret

00000000800038c0 <_sbrk>:
{
    extern char __heap_end[];
    char *newbrk;
    char *oldbrk;

    oldbrk = curbrk;
    800038c0:	00000717          	auipc	a4,0x0
    800038c4:	79070713          	addi	a4,a4,1936 # 80004050 <curbrk>
    800038c8:	631c                	ld	a5,0(a4)
    newbrk = oldbrk + incr;
    if (unlikely((newbrk < _end) || (newbrk >= __heap_end))) {
    800038ca:	bc018693          	addi	a3,gp,-1088 # 80004408 <_end>
    newbrk = oldbrk + incr;
    800038ce:	953e                	add	a0,a0,a5
    if (unlikely((newbrk < _end) || (newbrk >= __heap_end))) {
    800038d0:	00d56b63          	bltu	a0,a3,800038e6 <_sbrk+0x26>
    800038d4:	00021697          	auipc	a3,0x21
    800038d8:	72c68693          	addi	a3,a3,1836 # 80025000 <__heap_end>
    800038dc:	00d57563          	bgeu	a0,a3,800038e6 <_sbrk+0x26>
        errno = ENOMEM;
        return (void *)(-1);
    }

    curbrk = newbrk;
    800038e0:	e308                	sd	a0,0(a4)
    return oldbrk;
}
    800038e2:	853e                	mv	a0,a5
    800038e4:	8082                	ret
{
    800038e6:	1141                	addi	sp,sp,-16
    800038e8:	e406                	sd	ra,8(sp)
        errno = ENOMEM;
    800038ea:	09e000ef          	jal	80003988 <__errno>
}
    800038ee:	60a2                	ld	ra,8(sp)
        errno = ENOMEM;
    800038f0:	47b1                	li	a5,12
    800038f2:	c11c                	sw	a5,0(a0)
        return (void *)(-1);
    800038f4:	57fd                	li	a5,-1
}
    800038f6:	853e                	mv	a0,a5
    800038f8:	0141                	addi	sp,sp,16
    800038fa:	8082                	ret

00000000800038fc <_write>:
#include <sys/types.h>
#include "syscall.h"

ssize_t _write(int fd, const void *ptr, size_t len)
{
    return SYSCALL3(SYS_write, fd, (uintptr_t)ptr, len);
    800038fc:	04000693          	li	a3,64
    80003900:	a80d                	j	80003932 <htif_syscall>

0000000080003902 <__init_tls>:
#include <string.h>

void __init_tls(void)
{
    80003902:	1141                	addi	sp,sp,-16
    extern char __tdata_start[];
    extern char __tbss_offset[];
    extern char __tdata_size[];
    extern char __tbss_size[];

    memcpy(__thread_self, __tdata_start, (size_t)__tdata_size);
    80003904:	00000613          	li	a2,0
    80003908:	00000597          	auipc	a1,0x0
    8000390c:	25c58593          	addi	a1,a1,604 # 80003b64 <__tbss_end>
    80003910:	8512                	mv	a0,tp
{
    80003912:	e022                	sd	s0,0(sp)
    80003914:	e406                	sd	ra,8(sp)
    memcpy(__thread_self, __tdata_start, (size_t)__tdata_size);
    80003916:	8412                	mv	s0,tp
    80003918:	d1bff0ef          	jal	80003632 <memcpy>
    memset(__thread_self + (size_t)__tbss_offset, 0, (size_t)__tbss_size);
    8000391c:	00000513          	li	a0,0
    80003920:	9522                	add	a0,a0,s0
}
    80003922:	6402                	ld	s0,0(sp)
    80003924:	60a2                	ld	ra,8(sp)
    memset(__thread_self + (size_t)__tbss_offset, 0, (size_t)__tbss_size);
    80003926:	00000613          	li	a2,0
    8000392a:	4581                	li	a1,0
}
    8000392c:	0141                	addi	sp,sp,16
    memset(__thread_self + (size_t)__tbss_offset, 0, (size_t)__tbss_size);
    8000392e:	da9fe06f          	j	800026d6 <memset>

0000000080003932 <htif_syscall>:
volatile uint64_t fromhost __attribute__ ((section (".htif")));

static spinlock_t htif_lock = SPINLOCK_INIT;

long htif_syscall(uint64_t a0, uint64_t a1, uint64_t a2, unsigned long n)
{
    80003932:	7139                	addi	sp,sp,-64
    volatile uint64_t buf[8];
    uint64_t sc;

    buf[0] = n;
    80003934:	e036                	sd	a3,0(sp)
    buf[1] = a0;
    80003936:	e42a                	sd	a0,8(sp)
    buf[2] = a1;
    buf[3] = a2;

    sc = HTIF_TOHOST(0, 0, (uintptr_t)&buf);
    80003938:	fff007b7          	lui	a5,0xfff00
    buf[2] = a1;
    8000393c:	e82e                	sd	a1,16(sp)
    sc = HTIF_TOHOST(0, 0, (uintptr_t)&buf);
    8000393e:	83c1                	srli	a5,a5,0x10
    buf[3] = a2;
    80003940:	ec32                	sd	a2,24(sp)
    sc = HTIF_TOHOST(0, 0, (uintptr_t)&buf);
    80003942:	860a                	mv	a2,sp
    80003944:	8e7d                	and	a2,a2,a5
    spin_lock(&htif_lock);
    80003946:	86818713          	addi	a4,gp,-1944 # 800040b0 <htif_lock>

static inline long atomic_swap_acquire(atomic_t *p, atomic_t v)
{
    long n;
#ifdef __riscv_atomic
    __asm__ __volatile__ (
    8000394a:	56fd                	li	a3,-1
    return *((volatile const atomic_t *)p);
    8000394c:	431c                	lw	a5,0(a4)

static inline void spin_lock(spinlock_t *lock)
{
    do {
#ifdef __riscv_atomic
        while (atomic_load(&lock->lock));
    8000394e:	fffd                	bnez	a5,8000394c <htif_syscall+0x1a>
    __asm__ __volatile__ (
    80003950:	0cd727af          	amoswap.w.aq	a5,a3,(a4)
#endif
    } while (atomic_swap_acquire(&lock->lock, -1));
    80003954:	ffe5                	bnez	a5,8000394c <htif_syscall+0x1a>
static inline void wmb(void) { fence(w, w); }
    80003956:	0110000f          	fence	w,w
    wmb();
    tohost = sc;
    8000395a:	00000697          	auipc	a3,0x0
    8000395e:	5e668693          	addi	a3,a3,1510 # 80003f40 <tohost>
    80003962:	e290                	sd	a2,0(a3)
    while (fromhost == 0);
    80003964:	669c                	ld	a5,8(a3)
    80003966:	dffd                	beqz	a5,80003964 <htif_syscall+0x32>
    fromhost = 0;
    80003968:	00000797          	auipc	a5,0x0
    8000396c:	5e07b023          	sd	zero,1504(a5) # 80003f48 <fromhost>
}

static inline void atomic_clear_release(atomic_t *p)
{
#ifdef __riscv_atomic
    __asm__ __volatile__ (
    80003970:	0a07202f          	amoswap.w.rl	zero,zero,(a4)
static inline void rmb(void) { fence(r, r); }
    80003974:	0220000f          	fence	r,r
    spin_unlock(&htif_lock);

    rmb();
    return buf[0];
    80003978:	6502                	ld	a0,0(sp)
}
    8000397a:	6121                	addi	sp,sp,64
    8000397c:	8082                	ret

000000008000397e <atexit>:
    8000397e:	85aa                	mv	a1,a0
    80003980:	4681                	li	a3,0
    80003982:	4601                	li	a2,0
    80003984:	4501                	li	a0,0
    80003986:	a045                	j	80003a26 <__register_exitproc>

0000000080003988 <__errno>:
    80003988:	00000517          	auipc	a0,0x0
    8000398c:	6c053503          	ld	a0,1728(a0) # 80004048 <_impure_ptr>
    80003990:	8082                	ret

0000000080003992 <__libc_init_array>:
    80003992:	1101                	addi	sp,sp,-32
    80003994:	e822                	sd	s0,16(sp)
    80003996:	e426                	sd	s1,8(sp)
    80003998:	00000417          	auipc	s0,0x0
    8000399c:	57840413          	addi	s0,s0,1400 # 80003f10 <__fini_array_end>
    800039a0:	00000497          	auipc	s1,0x0
    800039a4:	57048493          	addi	s1,s1,1392 # 80003f10 <__fini_array_end>
    800039a8:	8c81                	sub	s1,s1,s0
    800039aa:	e04a                	sd	s2,0(sp)
    800039ac:	ec06                	sd	ra,24(sp)
    800039ae:	848d                	srai	s1,s1,0x3
    800039b0:	4901                	li	s2,0
    800039b2:	02991563          	bne	s2,s1,800039dc <__libc_init_array+0x4a>
    800039b6:	00000417          	auipc	s0,0x0
    800039ba:	55a40413          	addi	s0,s0,1370 # 80003f10 <__fini_array_end>
    800039be:	00000497          	auipc	s1,0x0
    800039c2:	55248493          	addi	s1,s1,1362 # 80003f10 <__fini_array_end>
    800039c6:	8c81                	sub	s1,s1,s0
    800039c8:	848d                	srai	s1,s1,0x3
    800039ca:	4901                	li	s2,0
    800039cc:	00991d63          	bne	s2,s1,800039e6 <__libc_init_array+0x54>
    800039d0:	60e2                	ld	ra,24(sp)
    800039d2:	6442                	ld	s0,16(sp)
    800039d4:	64a2                	ld	s1,8(sp)
    800039d6:	6902                	ld	s2,0(sp)
    800039d8:	6105                	addi	sp,sp,32
    800039da:	8082                	ret
    800039dc:	601c                	ld	a5,0(s0)
    800039de:	0905                	addi	s2,s2,1
    800039e0:	0421                	addi	s0,s0,8
    800039e2:	9782                	jalr	a5
    800039e4:	b7f9                	j	800039b2 <__libc_init_array+0x20>
    800039e6:	601c                	ld	a5,0(s0)
    800039e8:	0905                	addi	s2,s2,1
    800039ea:	0421                	addi	s0,s0,8
    800039ec:	9782                	jalr	a5
    800039ee:	bff9                	j	800039cc <__libc_init_array+0x3a>

00000000800039f0 <__libc_fini_array>:
    800039f0:	1101                	addi	sp,sp,-32
    800039f2:	e822                	sd	s0,16(sp)
    800039f4:	e426                	sd	s1,8(sp)
    800039f6:	00000417          	auipc	s0,0x0
    800039fa:	51a40413          	addi	s0,s0,1306 # 80003f10 <__fini_array_end>
    800039fe:	00000497          	auipc	s1,0x0
    80003a02:	51248493          	addi	s1,s1,1298 # 80003f10 <__fini_array_end>
    80003a06:	8c05                	sub	s0,s0,s1
    80003a08:	ec06                	sd	ra,24(sp)
    80003a0a:	840d                	srai	s0,s0,0x3
    80003a0c:	e411                	bnez	s0,80003a18 <__libc_fini_array+0x28>
    80003a0e:	60e2                	ld	ra,24(sp)
    80003a10:	6442                	ld	s0,16(sp)
    80003a12:	64a2                	ld	s1,8(sp)
    80003a14:	6105                	addi	sp,sp,32
    80003a16:	8082                	ret
    80003a18:	147d                	addi	s0,s0,-1
    80003a1a:	00341793          	slli	a5,s0,0x3
    80003a1e:	97a6                	add	a5,a5,s1
    80003a20:	639c                	ld	a5,0(a5)
    80003a22:	9782                	jalr	a5
    80003a24:	b7e5                	j	80003a0c <__libc_fini_array+0x1c>

0000000080003a26 <__register_exitproc>:
    80003a26:	88aa                	mv	a7,a0
    80003a28:	87818513          	addi	a0,gp,-1928 # 800040c0 <__atexit>
    80003a2c:	6118                	ld	a4,0(a0)
    80003a2e:	ef01                	bnez	a4,80003a46 <__register_exitproc+0x20>
    80003a30:	aa818793          	addi	a5,gp,-1368 # 800042f0 <__atexit0>
    80003a34:	e11c                	sd	a5,0(a0)
    80003a36:	00000713          	li	a4,0
    80003a3a:	c701                	beqz	a4,80003a42 <__register_exitproc+0x1c>
    80003a3c:	6318                	ld	a4,0(a4)
    80003a3e:	10e7b823          	sd	a4,272(a5)
    80003a42:	aa818713          	addi	a4,gp,-1368 # 800042f0 <__atexit0>
    80003a46:	471c                	lw	a5,8(a4)
    80003a48:	487d                	li	a6,31
    80003a4a:	557d                	li	a0,-1
    80003a4c:	04f84763          	blt	a6,a5,80003a9a <__register_exitproc+0x74>
    80003a50:	02088d63          	beqz	a7,80003a8a <__register_exitproc+0x64>
    80003a54:	11073803          	ld	a6,272(a4)
    80003a58:	04080163          	beqz	a6,80003a9a <__register_exitproc+0x74>
    80003a5c:	00379513          	slli	a0,a5,0x3
    80003a60:	9542                	add	a0,a0,a6
    80003a62:	e110                	sd	a2,0(a0)
    80003a64:	20082303          	lw	t1,512(a6)
    80003a68:	4605                	li	a2,1
    80003a6a:	00f6163b          	sllw	a2,a2,a5
    80003a6e:	00c36333          	or	t1,t1,a2
    80003a72:	20682023          	sw	t1,512(a6)
    80003a76:	10d53023          	sd	a3,256(a0)
    80003a7a:	4689                	li	a3,2
    80003a7c:	00d89763          	bne	a7,a3,80003a8a <__register_exitproc+0x64>
    80003a80:	20482683          	lw	a3,516(a6)
    80003a84:	8ed1                	or	a3,a3,a2
    80003a86:	20d82223          	sw	a3,516(a6)
    80003a8a:	0017869b          	addiw	a3,a5,1
    80003a8e:	0789                	addi	a5,a5,2
    80003a90:	078e                	slli	a5,a5,0x3
    80003a92:	c714                	sw	a3,8(a4)
    80003a94:	973e                	add	a4,a4,a5
    80003a96:	e30c                	sd	a1,0(a4)
    80003a98:	4501                	li	a0,0
    80003a9a:	8082                	ret

0000000080003a9c <__call_exitprocs>:
    80003a9c:	711d                	addi	sp,sp,-96
    80003a9e:	f852                	sd	s4,48(sp)
    80003aa0:	f456                	sd	s5,40(sp)
    80003aa2:	f05a                	sd	s6,32(sp)
    80003aa4:	ec5e                	sd	s7,24(sp)
    80003aa6:	ec86                	sd	ra,88(sp)
    80003aa8:	e8a2                	sd	s0,80(sp)
    80003aaa:	e4a6                	sd	s1,72(sp)
    80003aac:	e0ca                	sd	s2,64(sp)
    80003aae:	fc4e                	sd	s3,56(sp)
    80003ab0:	e862                	sd	s8,16(sp)
    80003ab2:	e466                	sd	s9,8(sp)
    80003ab4:	8aaa                	mv	s5,a0
    80003ab6:	8a2e                	mv	s4,a1
    80003ab8:	87818b13          	addi	s6,gp,-1928 # 800040c0 <__atexit>
    80003abc:	4b85                	li	s7,1
    80003abe:	000b3483          	ld	s1,0(s6)
    80003ac2:	cc81                	beqz	s1,80003ada <__call_exitprocs+0x3e>
    80003ac4:	4480                	lw	s0,8(s1)
    80003ac6:	1104b983          	ld	s3,272(s1)
    80003aca:	fff4091b          	addiw	s2,s0,-1
    80003ace:	040e                	slli	s0,s0,0x3
    80003ad0:	00898cb3          	add	s9,s3,s0
    80003ad4:	9426                	add	s0,s0,s1
    80003ad6:	00095f63          	bgez	s2,80003af4 <__call_exitprocs+0x58>
    80003ada:	60e6                	ld	ra,88(sp)
    80003adc:	6446                	ld	s0,80(sp)
    80003ade:	64a6                	ld	s1,72(sp)
    80003ae0:	6906                	ld	s2,64(sp)
    80003ae2:	79e2                	ld	s3,56(sp)
    80003ae4:	7a42                	ld	s4,48(sp)
    80003ae6:	7aa2                	ld	s5,40(sp)
    80003ae8:	7b02                	ld	s6,32(sp)
    80003aea:	6be2                	ld	s7,24(sp)
    80003aec:	6c42                	ld	s8,16(sp)
    80003aee:	6ca2                	ld	s9,8(sp)
    80003af0:	6125                	addi	sp,sp,96
    80003af2:	8082                	ret
    80003af4:	000a0c63          	beqz	s4,80003b0c <__call_exitprocs+0x70>
    80003af8:	00099663          	bnez	s3,80003b04 <__call_exitprocs+0x68>
    80003afc:	397d                	addiw	s2,s2,-1
    80003afe:	1ce1                	addi	s9,s9,-8
    80003b00:	1461                	addi	s0,s0,-8
    80003b02:	bfd1                	j	80003ad6 <__call_exitprocs+0x3a>
    80003b04:	0f8cb783          	ld	a5,248(s9)
    80003b08:	ff479ae3          	bne	a5,s4,80003afc <__call_exitprocs+0x60>
    80003b0c:	449c                	lw	a5,8(s1)
    80003b0e:	6418                	ld	a4,8(s0)
    80003b10:	37fd                	addiw	a5,a5,-1
    80003b12:	03279963          	bne	a5,s2,80003b44 <__call_exitprocs+0xa8>
    80003b16:	0124a423          	sw	s2,8(s1)
    80003b1a:	d36d                	beqz	a4,80003afc <__call_exitprocs+0x60>
    80003b1c:	0084ac03          	lw	s8,8(s1)
    80003b20:	00098963          	beqz	s3,80003b32 <__call_exitprocs+0x96>
    80003b24:	2009a783          	lw	a5,512(s3)
    80003b28:	012b96bb          	sllw	a3,s7,s2
    80003b2c:	8ff5                	and	a5,a5,a3
    80003b2e:	2781                	sext.w	a5,a5
    80003b30:	ef89                	bnez	a5,80003b4a <__call_exitprocs+0xae>
    80003b32:	9702                	jalr	a4
    80003b34:	4498                	lw	a4,8(s1)
    80003b36:	000b3783          	ld	a5,0(s6)
    80003b3a:	f98712e3          	bne	a4,s8,80003abe <__call_exitprocs+0x22>
    80003b3e:	faf48fe3          	beq	s1,a5,80003afc <__call_exitprocs+0x60>
    80003b42:	bfb5                	j	80003abe <__call_exitprocs+0x22>
    80003b44:	00043423          	sd	zero,8(s0)
    80003b48:	bfc9                	j	80003b1a <__call_exitprocs+0x7e>
    80003b4a:	2049a783          	lw	a5,516(s3)
    80003b4e:	ff8cb583          	ld	a1,-8(s9)
    80003b52:	8ff5                	and	a5,a5,a3
    80003b54:	2781                	sext.w	a5,a5
    80003b56:	e781                	bnez	a5,80003b5e <__call_exitprocs+0xc2>
    80003b58:	8556                	mv	a0,s5
    80003b5a:	9702                	jalr	a4
    80003b5c:	bfe1                	j	80003b34 <__call_exitprocs+0x98>
    80003b5e:	852e                	mv	a0,a1
    80003b60:	9702                	jalr	a4
    80003b62:	bfc9                	j	80003b34 <__call_exitprocs+0x98>
