
/home/wtl/Voyager/tapeout-Voyager/software/embench/build_meek/st.riscv:     file format elf64-littleriscv


Disassembly of section .text:

0000000080000000 <_start>:
    .global _start
    .type _start, @function
_start:
    .cfi_startproc

    li x1, 0
    80000000:	4081                	li	ra,0
    li x2, 0
    80000002:	4101                	li	sp,0
    li x3, 0
    80000004:	4181                	li	gp,0
    li x4, 0
    80000006:	4201                	li	tp,0
    li x5, 0
    80000008:	4281                	li	t0,0
    li x6, 0
    8000000a:	4301                	li	t1,0
    li x7, 0
    8000000c:	4381                	li	t2,0
    li x8, 0
    8000000e:	4401                	li	s0,0
    li x9, 0
    80000010:	4481                	li	s1,0
    li x10, 0
    80000012:	4501                	li	a0,0
    li x11, 0
    80000014:	4581                	li	a1,0
    li x12, 0
    80000016:	4601                	li	a2,0
    li x13, 0
    80000018:	4681                	li	a3,0
    li x14, 0
    8000001a:	4701                	li	a4,0
    li x15, 0
    8000001c:	4781                	li	a5,0
    li x16, 0
    8000001e:	4801                	li	a6,0
    li x17, 0
    80000020:	4881                	li	a7,0
    li x18, 0
    80000022:	4901                	li	s2,0
    li x19, 0
    80000024:	4981                	li	s3,0
    li x20, 0
    80000026:	4a01                	li	s4,0
    li x21, 0
    80000028:	4a81                	li	s5,0
    li x22, 0
    8000002a:	4b01                	li	s6,0
    li x23, 0
    8000002c:	4b81                	li	s7,0
    li x24, 0
    8000002e:	4c01                	li	s8,0
    li x25, 0
    80000030:	4c81                	li	s9,0
    li x26, 0
    80000032:	4d01                	li	s10,0
    li x27, 0
    80000034:	4d81                	li	s11,0
    li x28, 0
    80000036:	4e01                	li	t3,0
    li x29, 0
    80000038:	4e81                	li	t4,0
    li x30, 0
    8000003a:	4f01                	li	t5,0
    li x31, 0
    8000003c:	4f81                	li	t6,0

    li t0, (MSTATUS_FS | MSTATUS_XS | MSTATUS_VS)
    8000003e:	62f9                	lui	t0,0x1e
    80000040:	6002829b          	addiw	t0,t0,1536 # 1e600 <__stack_size+0x16600>
    csrs mstatus, t0
    80000044:	3002a073          	csrs	mstatus,t0

#ifdef __riscv_flen
    /* Initialize FPU if present */
    la t0, 1f
    80000048:	00000297          	auipc	t0,0x0
    8000004c:	09028293          	addi	t0,t0,144 # 800000d8 <_start+0xd8>
    csrw mtvec, t0
    80000050:	30529073          	csrw	mtvec,t0

    fscsr zero
    80000054:	00301073          	fscsr	zero
    fmv.s.x f0,  zero
    80000058:	f0000053          	fmv.w.x	ft0,zero
    fmv.s.x f1,  zero
    8000005c:	f00000d3          	fmv.w.x	ft1,zero
    fmv.s.x f2,  zero
    80000060:	f0000153          	fmv.w.x	ft2,zero
    fmv.s.x f3,  zero
    80000064:	f00001d3          	fmv.w.x	ft3,zero
    fmv.s.x f4,  zero
    80000068:	f0000253          	fmv.w.x	ft4,zero
    fmv.s.x f5,  zero
    8000006c:	f00002d3          	fmv.w.x	ft5,zero
    fmv.s.x f6,  zero
    80000070:	f0000353          	fmv.w.x	ft6,zero
    fmv.s.x f7,  zero
    80000074:	f00003d3          	fmv.w.x	ft7,zero
    fmv.s.x f8,  zero
    80000078:	f0000453          	fmv.w.x	fs0,zero
    fmv.s.x f9,  zero
    8000007c:	f00004d3          	fmv.w.x	fs1,zero
    fmv.s.x f10, zero
    80000080:	f0000553          	fmv.w.x	fa0,zero
    fmv.s.x f11, zero
    80000084:	f00005d3          	fmv.w.x	fa1,zero
    fmv.s.x f12, zero
    80000088:	f0000653          	fmv.w.x	fa2,zero
    fmv.s.x f13, zero
    8000008c:	f00006d3          	fmv.w.x	fa3,zero
    fmv.s.x f14, zero
    80000090:	f0000753          	fmv.w.x	fa4,zero
    fmv.s.x f15, zero
    80000094:	f00007d3          	fmv.w.x	fa5,zero
    fmv.s.x f16, zero
    80000098:	f0000853          	fmv.w.x	fa6,zero
    fmv.s.x f17, zero
    8000009c:	f00008d3          	fmv.w.x	fa7,zero
    fmv.s.x f18, zero
    800000a0:	f0000953          	fmv.w.x	fs2,zero
    fmv.s.x f19, zero
    800000a4:	f00009d3          	fmv.w.x	fs3,zero
    fmv.s.x f20, zero
    800000a8:	f0000a53          	fmv.w.x	fs4,zero
    fmv.s.x f21, zero
    800000ac:	f0000ad3          	fmv.w.x	fs5,zero
    fmv.s.x f22, zero
    800000b0:	f0000b53          	fmv.w.x	fs6,zero
    fmv.s.x f23, zero
    800000b4:	f0000bd3          	fmv.w.x	fs7,zero
    fmv.s.x f24, zero
    800000b8:	f0000c53          	fmv.w.x	fs8,zero
    fmv.s.x f25, zero
    800000bc:	f0000cd3          	fmv.w.x	fs9,zero
    fmv.s.x f26, zero
    800000c0:	f0000d53          	fmv.w.x	fs10,zero
    fmv.s.x f27, zero
    800000c4:	f0000dd3          	fmv.w.x	fs11,zero
    fmv.s.x f28, zero
    800000c8:	f0000e53          	fmv.w.x	ft8,zero
    fmv.s.x f29, zero
    800000cc:	f0000ed3          	fmv.w.x	ft9,zero
    fmv.s.x f30, zero
    800000d0:	f0000f53          	fmv.w.x	ft10,zero
    fmv.s.x f31, zero
    800000d4:	f0000fd3          	fmv.w.x	ft11,zero

    /* Initialize global pointer; disable relaxation to avoid relaxing
       the address calculation to "addi gp, gp, 0" */
    .option push
    .option norelax
    la gp, __global_pointer$
    800000d8:	00004197          	auipc	gp,0x4
    800000dc:	8e018193          	addi	gp,gp,-1824 # 800039b8 <__global_pointer$>
    .option pop

    /* Initialize thread pointer */
    csrr s0, mhartid
    800000e0:	f1402473          	csrr	s0,mhartid
    lui t0, %hi(__stack_shift)
    addi t0, t0, %lo(__stack_shift)
    800000e4:	00f00293          	li	t0,15
    la tp, __stack_start
    800000e8:	00024217          	auipc	tp,0x24
    800000ec:	f1820213          	addi	tp,tp,-232 # 80024000 <__heap_end>
    sll t0, s0, t0
    800000f0:	005412b3          	sll	t0,s0,t0
    add tp, tp, t0
    800000f4:	9216                	add	tp,tp,t0

    /* Initialize stack pointer */
    lui t0, %hi(__stack_size)
    800000f6:	62a1                	lui	t0,0x8
    addi t0, t0, %lo(__stack_size)
    800000f8:	00028293          	mv	t0,t0
    add sp, tp, t0
    800000fc:	00520133          	add	sp,tp,t0

    /* Initialize trap vector */
    la t0, trap_entry
    80000100:	00000297          	auipc	t0,0x0
    80000104:	04428293          	addi	t0,t0,68 # 80000144 <trap_entry>
    csrw mtvec, t0
    80000108:	30529073          	csrw	mtvec,t0

    /* Initialize TLS */
    call __init_tls
    8000010c:	333020ef          	jal	80002c3e <__init_tls>

    /* Skip global initialization if not the designated boot hart */
    la t0, __boot_hart
    80000110:	00000293          	li	t0,0
    bne s0, t0, _start_secondary
    80000114:	00540463          	beq	s0,t0,8000011c <_start+0x11c>
    80000118:	0f60006f          	j	8000020e <_start_secondary>

    /* Zero BSS segment */
    la t0, __bss_start
    8000011c:	85018293          	addi	t0,gp,-1968 # 80003208 <uart_lock>
    la t1, __bss_end
    80000120:	25018313          	addi	t1,gp,592 # 80003c08 <_end>
    bgeu t0, t1, 2f
    80000124:	0062f763          	bgeu	t0,t1,80000132 <_start+0x132>
1:
    SREG zero, (t0)
    80000128:	0002b023          	sd	zero,0(t0)
    addi t0, t0, REGBYTES
    8000012c:	02a1                	addi	t0,t0,8
    bltu t0, t1, 1b
    8000012e:	fe62ede3          	bltu	t0,t1,80000128 <_start+0x128>
2:

    /* Call global constructors */
    la a0, __libc_fini_array
    80000132:	00003517          	auipc	a0,0x3
    80000136:	bf050513          	addi	a0,a0,-1040 # 80002d22 <__libc_fini_array>
    call atexit
    8000013a:	381020ef          	jal	80002cba <atexit>
    call __libc_init_array
    8000013e:	387020ef          	jal	80002cc4 <__libc_init_array>

    /* Call main function */
    tail _start_main
    80000142:	a075                	j	800001ee <_start_main>

0000000080000144 <trap_entry>:
    .cfi_endproc


    .align 2
trap_entry:
    csrw mscratch, sp
    80000144:	34011073          	csrw	mscratch,sp
    addi sp, sp, -(32*REGBYTES)
    80000148:	7111                	addi	sp,sp,-256

    /* Save trap frame */
    SREG x1, 1*REGBYTES(sp)
    8000014a:	e406                	sd	ra,8(sp)
    csrr x1, mscratch
    8000014c:	340020f3          	csrr	ra,mscratch
    SREG x1, 2*REGBYTES(sp)
    80000150:	e806                	sd	ra,16(sp)
    SREG x3, 3*REGBYTES(sp)
    80000152:	ec0e                	sd	gp,24(sp)
    SREG x4, 4*REGBYTES(sp)
    80000154:	f012                	sd	tp,32(sp)
    SREG x5, 5*REGBYTES(sp)
    80000156:	f416                	sd	t0,40(sp)
    SREG x6, 6*REGBYTES(sp)
    80000158:	f81a                	sd	t1,48(sp)
    SREG x7, 7*REGBYTES(sp)
    8000015a:	fc1e                	sd	t2,56(sp)
    SREG x8, 8*REGBYTES(sp)
    8000015c:	e0a2                	sd	s0,64(sp)
    SREG x9, 9*REGBYTES(sp)
    8000015e:	e4a6                	sd	s1,72(sp)
    SREG x10, 10*REGBYTES(sp)
    80000160:	e8aa                	sd	a0,80(sp)
    SREG x11, 11*REGBYTES(sp)
    80000162:	ecae                	sd	a1,88(sp)
    SREG x12, 12*REGBYTES(sp)
    80000164:	f0b2                	sd	a2,96(sp)
    SREG x13, 13*REGBYTES(sp)
    80000166:	f4b6                	sd	a3,104(sp)
    SREG x14, 14*REGBYTES(sp)
    80000168:	f8ba                	sd	a4,112(sp)
    SREG x15, 15*REGBYTES(sp)
    8000016a:	fcbe                	sd	a5,120(sp)
    SREG x16, 16*REGBYTES(sp)
    8000016c:	e142                	sd	a6,128(sp)
    SREG x17, 17*REGBYTES(sp)
    8000016e:	e546                	sd	a7,136(sp)
    SREG x18, 18*REGBYTES(sp)
    80000170:	e94a                	sd	s2,144(sp)
    SREG x19, 19*REGBYTES(sp)
    80000172:	ed4e                	sd	s3,152(sp)
    SREG x20, 20*REGBYTES(sp)
    80000174:	f152                	sd	s4,160(sp)
    SREG x21, 21*REGBYTES(sp)
    80000176:	f556                	sd	s5,168(sp)
    SREG x22, 22*REGBYTES(sp)
    80000178:	f95a                	sd	s6,176(sp)
    SREG x23, 23*REGBYTES(sp)
    8000017a:	fd5e                	sd	s7,184(sp)
    SREG x24, 24*REGBYTES(sp)
    8000017c:	e1e2                	sd	s8,192(sp)
    SREG x25, 25*REGBYTES(sp)
    8000017e:	e5e6                	sd	s9,200(sp)
    SREG x26, 26*REGBYTES(sp)
    80000180:	e9ea                	sd	s10,208(sp)
    SREG x27, 27*REGBYTES(sp)
    80000182:	edee                	sd	s11,216(sp)
    SREG x28, 28*REGBYTES(sp)
    80000184:	f1f2                	sd	t3,224(sp)
    SREG x29, 29*REGBYTES(sp)
    80000186:	f5f6                	sd	t4,232(sp)
    SREG x30, 30*REGBYTES(sp)
    80000188:	f9fa                	sd	t5,240(sp)
    SREG x31, 31*REGBYTES(sp)
    8000018a:	fdfe                	sd	t6,248(sp)

    /* Invoke higher-level trap handler */
    csrr a0, mepc
    8000018c:	34102573          	csrr	a0,mepc
    csrr a1, mcause
    80000190:	342025f3          	csrr	a1,mcause
    csrr a2, mtval
    80000194:	34302673          	csrr	a2,mtval
    mv a3, sp
    80000198:	868a                	mv	a3,sp
    call handle_trap
    8000019a:	142000ef          	jal	800002dc <handle_trap>
    csrw mepc, a0
    8000019e:	34151073          	csrw	mepc,a0

    /* Remain in M-mode after return */
    li t0, MSTATUS_MPP
    800001a2:	6289                	lui	t0,0x2
    800001a4:	8002829b          	addiw	t0,t0,-2048 # 1800 <__stack_align+0x17f0>
    csrs mstatus, t0
    800001a8:	3002a073          	csrs	mstatus,t0

    LREG x1, 1*REGBYTES(sp)
    800001ac:	60a2                	ld	ra,8(sp)
    LREG x3, 3*REGBYTES(sp)
    800001ae:	61e2                	ld	gp,24(sp)
    LREG x4, 4*REGBYTES(sp)
    800001b0:	7202                	ld	tp,32(sp)
    LREG x5, 5*REGBYTES(sp)
    800001b2:	72a2                	ld	t0,40(sp)
    LREG x6, 6*REGBYTES(sp)
    800001b4:	7342                	ld	t1,48(sp)
    LREG x7, 7*REGBYTES(sp)
    800001b6:	73e2                	ld	t2,56(sp)
    LREG x8, 8*REGBYTES(sp)
    800001b8:	6406                	ld	s0,64(sp)
    LREG x9, 9*REGBYTES(sp)
    800001ba:	64a6                	ld	s1,72(sp)
    LREG x10, 10*REGBYTES(sp)
    800001bc:	6546                	ld	a0,80(sp)
    LREG x11, 11*REGBYTES(sp)
    800001be:	65e6                	ld	a1,88(sp)
    LREG x12, 12*REGBYTES(sp)
    800001c0:	7606                	ld	a2,96(sp)
    LREG x13, 13*REGBYTES(sp)
    800001c2:	76a6                	ld	a3,104(sp)
    LREG x14, 14*REGBYTES(sp)
    800001c4:	7746                	ld	a4,112(sp)
    LREG x15, 15*REGBYTES(sp)
    800001c6:	77e6                	ld	a5,120(sp)
    LREG x16, 16*REGBYTES(sp)
    800001c8:	680a                	ld	a6,128(sp)
    LREG x17, 17*REGBYTES(sp)
    800001ca:	68aa                	ld	a7,136(sp)
    LREG x18, 18*REGBYTES(sp)
    800001cc:	694a                	ld	s2,144(sp)
    LREG x19, 19*REGBYTES(sp)
    800001ce:	69ea                	ld	s3,152(sp)
    LREG x20, 20*REGBYTES(sp)
    800001d0:	7a0a                	ld	s4,160(sp)
    LREG x21, 21*REGBYTES(sp)
    800001d2:	7aaa                	ld	s5,168(sp)
    LREG x22, 22*REGBYTES(sp)
    800001d4:	7b4a                	ld	s6,176(sp)
    LREG x23, 23*REGBYTES(sp)
    800001d6:	7bea                	ld	s7,184(sp)
    LREG x24, 24*REGBYTES(sp)
    800001d8:	6c0e                	ld	s8,192(sp)
    LREG x25, 25*REGBYTES(sp)
    800001da:	6cae                	ld	s9,200(sp)
    LREG x26, 26*REGBYTES(sp)
    800001dc:	6d4e                	ld	s10,208(sp)
    LREG x27, 27*REGBYTES(sp)
    800001de:	6dee                	ld	s11,216(sp)
    LREG x28, 28*REGBYTES(sp)
    800001e0:	7e0e                	ld	t3,224(sp)
    LREG x29, 29*REGBYTES(sp)
    800001e2:	7eae                	ld	t4,232(sp)
    LREG x30, 30*REGBYTES(sp)
    800001e4:	7f4e                	ld	t5,240(sp)
    LREG x31, 31*REGBYTES(sp)
    800001e6:	7fee                	ld	t6,248(sp)
    /* Restore sp last */
    LREG x2, 2*REGBYTES(sp)
    800001e8:	6142                	ld	sp,16(sp)

    mret
    800001ea:	30200073          	mret

00000000800001ee <_start_main>:
    .endm

    .global _start_main
    .type _start_main, @function
_start_main:
    BARRIER_PASS __boot_sync
    800001ee:	52fd                	li	t0,-1
    800001f0:	0110000f          	fence	w,w
    800001f4:	1251a823          	sw	t0,304(gp) # 80003ae8 <__boot_sync>
    ENTER main
    800001f8:	4505                	li	a0,1
    800001fa:	00003597          	auipc	a1,0x3
    800001fe:	eb658593          	addi	a1,a1,-330 # 800030b0 <argv>
    80000202:	8101b603          	ld	a2,-2032(gp) # 800031c8 <environ>
    80000206:	02a000ef          	jal	80000230 <main>
    8000020a:	0de0106f          	j	800012e8 <exit>

000000008000020e <_start_secondary>:

    .global _start_secondary
    .type _start_secondary, @function
_start_secondary:
    /* Synchronize secondary harts */
    BARRIER_WAIT __boot_sync
    8000020e:	1301a283          	lw	t0,304(gp) # 80003ae8 <__boot_sync>
    80000212:	fe028ee3          	beqz	t0,8000020e <_start_secondary>
    80000216:	0220000f          	fence	r,r
    ENTER __main
    8000021a:	4505                	li	a0,1
    8000021c:	00003597          	auipc	a1,0x3
    80000220:	e9458593          	addi	a1,a1,-364 # 800030b0 <argv>
    80000224:	8101b603          	ld	a2,-2032(gp) # 800031c8 <environ>
    80000228:	710000ef          	jal	80000938 <__main>
    8000022c:	0bc0106f          	j	800012e8 <exit>

0000000080000230 <main>:
    80000230:	fe010113          	addi	sp,sp,-32
    80000234:	00113c23          	sd	ra,24(sp)
    80000238:	15d000ef          	jal	80000b94 <initialise_board>
    8000023c:	379000ef          	jal	80000db4 <initialise_benchmark>
    80000240:	00100513          	li	a0,1
    80000244:	71d000ef          	jal	80001160 <warm_caches>
    80000248:	2d0000ef          	jal	80000518 <rStartup>
    8000024c:	151000ef          	jal	80000b9c <start_trigger>
    80000250:	715000ef          	jal	80001164 <benchmark>
    80000254:	00a12623          	sw	a0,12(sp)
    80000258:	14d000ef          	jal	80000ba4 <stop_trigger>
    8000025c:	698000ef          	jal	800008f4 <rCleanup>
    80000260:	00c12503          	lw	a0,12(sp)
    80000264:	799000ef          	jal	800011fc <verify_benchmark>
    80000268:	01813083          	ld	ra,24(sp)
    8000026c:	00153513          	seqz	a0,a0
    80000270:	02010113          	addi	sp,sp,32
    80000274:	00008067          	ret

0000000080000278 <mtimecmp_cfg>:
    80000278:	f1402873          	csrr	a6,mhartid
    8000027c:	004017b7          	lui	a5,0x401
    80000280:	80078793          	addi	a5,a5,-2048 # 400800 <__heap_size+0x3e0800>
    80000284:	00f80833          	add	a6,a6,a5
    80000288:	0200c6b7          	lui	a3,0x200c
    8000028c:	0200c537          	lui	a0,0x200c
    80000290:	00381813          	slli	a6,a6,0x3
    80000294:	ffc68693          	addi	a3,a3,-4 # 200bffc <__heap_size+0x1febffc>
    80000298:	ff850513          	addi	a0,a0,-8 # 200bff8 <__heap_size+0x1febff8>
    8000029c:	0006a703          	lw	a4,0(a3)
    800002a0:	00052783          	lw	a5,0(a0)
    800002a4:	0006a583          	lw	a1,0(a3)
    800002a8:	0007061b          	sext.w	a2,a4
    800002ac:	0007879b          	sext.w	a5,a5
    800002b0:	feb716e3          	bne	a4,a1,8000029c <mtimecmp_cfg+0x24>
    800002b4:	02079793          	slli	a5,a5,0x20
    800002b8:	0207d793          	srli	a5,a5,0x20
    800002bc:	02061613          	slli	a2,a2,0x20
    800002c0:	00f66633          	or	a2,a2,a5
    800002c4:	02060613          	addi	a2,a2,32
    800002c8:	0006079b          	sext.w	a5,a2
    800002cc:	00f82023          	sw	a5,0(a6)
    800002d0:	42065613          	srai	a2,a2,0x20
    800002d4:	00c82223          	sw	a2,4(a6)
    800002d8:	00008067          	ret

00000000800002dc <handle_trap>:
    800002dc:	f14027f3          	csrr	a5,mhartid
    800002e0:	0805dc63          	bgez	a1,80000378 <handle_trap+0x9c>
    800002e4:	34402773          	csrr	a4,mip
    800002e8:	00877713          	andi	a4,a4,8
    800002ec:	00070c63          	beqz	a4,80000304 <handle_trap+0x28>
    800002f0:	00800737          	lui	a4,0x800
    800002f4:	00e787b3          	add	a5,a5,a4
    800002f8:	00279793          	slli	a5,a5,0x2
    800002fc:	0007a023          	sw	zero,0(a5)
    80000300:	00008067          	ret
    80000304:	34402773          	csrr	a4,mip
    80000308:	08077713          	andi	a4,a4,128
    8000030c:	06070a63          	beqz	a4,80000380 <handle_trap+0xa4>
    80000310:	06079e63          	bnez	a5,8000038c <handle_trap+0xb0>
    80000314:	8d01a783          	lw	a5,-1840(gp) # 80003288 <timer_flags>
    80000318:	8d018713          	addi	a4,gp,-1840 # 80003288 <timer_flags>
    8000031c:	0017879b          	addiw	a5,a5,1
    80000320:	00f72023          	sw	a5,0(a4) # 800000 <__heap_size+0x7e0000>
    80000324:	00072683          	lw	a3,0(a4)
    80000328:	03100793          	li	a5,49
    8000032c:	0cd7ce63          	blt	a5,a3,80000408 <handle_trap+0x12c>
    80000330:	0200c6b7          	lui	a3,0x200c
    80000334:	0200c837          	lui	a6,0x200c
    80000338:	ffc68693          	addi	a3,a3,-4 # 200bffc <__heap_size+0x1febffc>
    8000033c:	ff880813          	addi	a6,a6,-8 # 200bff8 <__heap_size+0x1febff8>
    80000340:	0006a703          	lw	a4,0(a3)
    80000344:	00082783          	lw	a5,0(a6)
    80000348:	0006a603          	lw	a2,0(a3)
    8000034c:	0007059b          	sext.w	a1,a4
    80000350:	0007879b          	sext.w	a5,a5
    80000354:	fec716e3          	bne	a4,a2,80000340 <handle_trap+0x64>
    80000358:	02079793          	slli	a5,a5,0x20
    8000035c:	02059593          	slli	a1,a1,0x20
    80000360:	0207d793          	srli	a5,a5,0x20
    80000364:	00f5e7b3          	or	a5,a1,a5
    80000368:	02078793          	addi	a5,a5,32
    8000036c:	02004737          	lui	a4,0x2004
    80000370:	00f73023          	sd	a5,0(a4) # 2004000 <__heap_size+0x1fe4000>
    80000374:	00008067          	ret
    80000378:	00b00793          	li	a5,11
    8000037c:	00f58463          	beq	a1,a5,80000384 <handle_trap+0xa8>
    80000380:	00008067          	ret
    80000384:	00450513          	addi	a0,a0,4
    80000388:	00008067          	ret
    8000038c:	00100713          	li	a4,1
    80000390:	08e78e63          	beq	a5,a4,8000042c <handle_trap+0x150>
    80000394:	00200713          	li	a4,2
    80000398:	0ee78c63          	beq	a5,a4,80000490 <handle_trap+0x1b4>
    8000039c:	00300713          	li	a4,3
    800003a0:	fee790e3          	bne	a5,a4,80000380 <handle_trap+0xa4>
    800003a4:	8dc1a783          	lw	a5,-1828(gp) # 80003294 <timer_flags+0xc>
    800003a8:	8d018713          	addi	a4,gp,-1840 # 80003288 <timer_flags>
    800003ac:	0017879b          	addiw	a5,a5,1
    800003b0:	00f72623          	sw	a5,12(a4)
    800003b4:	00c72683          	lw	a3,12(a4)
    800003b8:	03100793          	li	a5,49
    800003bc:	14d7c863          	blt	a5,a3,8000050c <handle_trap+0x230>
    800003c0:	0200c6b7          	lui	a3,0x200c
    800003c4:	0200c837          	lui	a6,0x200c
    800003c8:	ffc68693          	addi	a3,a3,-4 # 200bffc <__heap_size+0x1febffc>
    800003cc:	ff880813          	addi	a6,a6,-8 # 200bff8 <__heap_size+0x1febff8>
    800003d0:	0006a703          	lw	a4,0(a3)
    800003d4:	00082783          	lw	a5,0(a6)
    800003d8:	0006a603          	lw	a2,0(a3)
    800003dc:	0007059b          	sext.w	a1,a4
    800003e0:	0007879b          	sext.w	a5,a5
    800003e4:	fec716e3          	bne	a4,a2,800003d0 <handle_trap+0xf4>
    800003e8:	02079793          	slli	a5,a5,0x20
    800003ec:	02059593          	slli	a1,a1,0x20
    800003f0:	0207d793          	srli	a5,a5,0x20
    800003f4:	00f5e7b3          	or	a5,a1,a5
    800003f8:	02004737          	lui	a4,0x2004
    800003fc:	02078793          	addi	a5,a5,32
    80000400:	00f73c23          	sd	a5,24(a4) # 2004018 <__heap_size+0x1fe4018>
    80000404:	00008067          	ret
    80000408:	00072703          	lw	a4,0(a4)
    8000040c:	f6e7dae3          	bge	a5,a4,80000380 <handle_trap+0xa4>
    80000410:	304027f3          	csrr	a5,mie
    80000414:	f7f7f793          	andi	a5,a5,-129
    80000418:	30479073          	csrw	mie,a5
    8000041c:	300027f3          	csrr	a5,mstatus
    80000420:	ff77f793          	andi	a5,a5,-9
    80000424:	30079073          	csrw	mstatus,a5
    80000428:	00008067          	ret
    8000042c:	8d41a783          	lw	a5,-1836(gp) # 8000328c <timer_flags+0x4>
    80000430:	8d018713          	addi	a4,gp,-1840 # 80003288 <timer_flags>
    80000434:	0017879b          	addiw	a5,a5,1
    80000438:	00f72223          	sw	a5,4(a4)
    8000043c:	00472683          	lw	a3,4(a4)
    80000440:	03100793          	li	a5,49
    80000444:	0ad7c863          	blt	a5,a3,800004f4 <handle_trap+0x218>
    80000448:	0200c6b7          	lui	a3,0x200c
    8000044c:	0200c837          	lui	a6,0x200c
    80000450:	ffc68693          	addi	a3,a3,-4 # 200bffc <__heap_size+0x1febffc>
    80000454:	ff880813          	addi	a6,a6,-8 # 200bff8 <__heap_size+0x1febff8>
    80000458:	0006a703          	lw	a4,0(a3)
    8000045c:	00082783          	lw	a5,0(a6)
    80000460:	0006a603          	lw	a2,0(a3)
    80000464:	0007059b          	sext.w	a1,a4
    80000468:	0007879b          	sext.w	a5,a5
    8000046c:	fec716e3          	bne	a4,a2,80000458 <handle_trap+0x17c>
    80000470:	02079793          	slli	a5,a5,0x20
    80000474:	02059593          	slli	a1,a1,0x20
    80000478:	0207d793          	srli	a5,a5,0x20
    8000047c:	00f5e7b3          	or	a5,a1,a5
    80000480:	02004737          	lui	a4,0x2004
    80000484:	02078793          	addi	a5,a5,32
    80000488:	00f73423          	sd	a5,8(a4) # 2004008 <__heap_size+0x1fe4008>
    8000048c:	00008067          	ret
    80000490:	8d81a783          	lw	a5,-1832(gp) # 80003290 <timer_flags+0x8>
    80000494:	8d018713          	addi	a4,gp,-1840 # 80003288 <timer_flags>
    80000498:	0017879b          	addiw	a5,a5,1
    8000049c:	00f72423          	sw	a5,8(a4)
    800004a0:	00872683          	lw	a3,8(a4)
    800004a4:	03100793          	li	a5,49
    800004a8:	04d7cc63          	blt	a5,a3,80000500 <handle_trap+0x224>
    800004ac:	0200c6b7          	lui	a3,0x200c
    800004b0:	0200c837          	lui	a6,0x200c
    800004b4:	ffc68693          	addi	a3,a3,-4 # 200bffc <__heap_size+0x1febffc>
    800004b8:	ff880813          	addi	a6,a6,-8 # 200bff8 <__heap_size+0x1febff8>
    800004bc:	0006a703          	lw	a4,0(a3)
    800004c0:	00082783          	lw	a5,0(a6)
    800004c4:	0006a603          	lw	a2,0(a3)
    800004c8:	0007059b          	sext.w	a1,a4
    800004cc:	0007879b          	sext.w	a5,a5
    800004d0:	fec716e3          	bne	a4,a2,800004bc <handle_trap+0x1e0>
    800004d4:	02079793          	slli	a5,a5,0x20
    800004d8:	02059593          	slli	a1,a1,0x20
    800004dc:	0207d793          	srli	a5,a5,0x20
    800004e0:	00f5e7b3          	or	a5,a1,a5
    800004e4:	02004737          	lui	a4,0x2004
    800004e8:	02078793          	addi	a5,a5,32
    800004ec:	00f73823          	sd	a5,16(a4) # 2004010 <__heap_size+0x1fe4010>
    800004f0:	00008067          	ret
    800004f4:	00472703          	lw	a4,4(a4)
    800004f8:	e8e7d4e3          	bge	a5,a4,80000380 <handle_trap+0xa4>
    800004fc:	f15ff06f          	j	80000410 <handle_trap+0x134>
    80000500:	00872703          	lw	a4,8(a4)
    80000504:	e6e7dee3          	bge	a5,a4,80000380 <handle_trap+0xa4>
    80000508:	f09ff06f          	j	80000410 <handle_trap+0x134>
    8000050c:	00c72703          	lw	a4,12(a4)
    80000510:	e6e7d8e3          	bge	a5,a4,80000380 <handle_trap+0xa4>
    80000514:	efdff06f          	j	80000410 <handle_trap+0x134>

0000000080000518 <rStartup>:
    80000518:	ff010113          	addi	sp,sp,-16
    8000051c:	00113423          	sd	ra,8(sp)
    80000520:	00813023          	sd	s0,0(sp)
    80000524:	00400593          	li	a1,4
    80000528:	3805a02b          	.word	0x3805a02b
    8000052c:	006405b7          	lui	a1,0x640
    80000530:	01258593          	addi	a1,a1,18 # 640012 <__heap_size+0x620012>
    80000534:	00200613          	li	a2,2
    80000538:	0cc5b02b          	.word	0x0cc5b02b
    8000053c:	106405b7          	lui	a1,0x10640
    80000540:	01258593          	addi	a1,a1,18 # 10640012 <__heap_size+0x10620012>
    80000544:	0cc5b02b          	.word	0x0cc5b02b
    80000548:	206405b7          	lui	a1,0x20640
    8000054c:	01258593          	addi	a1,a1,18 # 20640012 <__heap_size+0x20620012>
    80000550:	0cc5b02b          	.word	0x0cc5b02b
    80000554:	306405b7          	lui	a1,0x30640
    80000558:	01258593          	addi	a1,a1,18 # 30640012 <__heap_size+0x30620012>
    8000055c:	0cc5b02b          	.word	0x0cc5b02b
    80000560:	406405b7          	lui	a1,0x40640
    80000564:	01258593          	addi	a1,a1,18 # 40640012 <__heap_size+0x40620012>
    80000568:	0cc5b02b          	.word	0x0cc5b02b
    8000056c:	506405b7          	lui	a1,0x50640
    80000570:	01258593          	addi	a1,a1,18 # 50640012 <__heap_size+0x50620012>
    80000574:	0cc5b02b          	.word	0x0cc5b02b
    80000578:	606405b7          	lui	a1,0x60640
    8000057c:	01258593          	addi	a1,a1,18 # 60640012 <__heap_size+0x60620012>
    80000580:	0cc5b02b          	.word	0x0cc5b02b
    80000584:	20e405b7          	lui	a1,0x20e40
    80000588:	01258593          	addi	a1,a1,18 # 20e40012 <__heap_size+0x20e20012>
    8000058c:	0cc5b02b          	.word	0x0cc5b02b
    80000590:	30e405b7          	lui	a1,0x30e40
    80000594:	01258593          	addi	a1,a1,18 # 30e40012 <__heap_size+0x30e20012>
    80000598:	0cc5b02b          	.word	0x0cc5b02b
    8000059c:	40e405b7          	lui	a1,0x40e40
    800005a0:	01258593          	addi	a1,a1,18 # 40e40012 <__heap_size+0x40e20012>
    800005a4:	0cc5b02b          	.word	0x0cc5b02b
    800005a8:	02001737          	lui	a4,0x2001
    800005ac:	00671713          	slli	a4,a4,0x6
    800005b0:	00100693          	li	a3,1
    800005b4:	200007b7          	lui	a5,0x20000
    800005b8:	01270713          	addi	a4,a4,18 # 2001012 <__heap_size+0x1fe1012>
    800005bc:	10000537          	lui	a0,0x10000
    800005c0:	01f69693          	slli	a3,a3,0x1f
    800005c4:	00e7e5b3          	or	a1,a5,a4
    800005c8:	00200613          	li	a2,2
    800005cc:	0cc5b02b          	.word	0x0cc5b02b
    800005d0:	00a787b3          	add	a5,a5,a0
    800005d4:	fed798e3          	bne	a5,a3,800005c4 <rStartup+0xac>
    800005d8:	02011737          	lui	a4,0x2011
    800005dc:	00671713          	slli	a4,a4,0x6
    800005e0:	00100693          	li	a3,1
    800005e4:	200007b7          	lui	a5,0x20000
    800005e8:	01270713          	addi	a4,a4,18 # 2011012 <__heap_size+0x1ff1012>
    800005ec:	10000537          	lui	a0,0x10000
    800005f0:	01f69693          	slli	a3,a3,0x1f
    800005f4:	00e7e5b3          	or	a1,a5,a4
    800005f8:	00200613          	li	a2,2
    800005fc:	0cc5b02b          	.word	0x0cc5b02b
    80000600:	00a787b3          	add	a5,a5,a0
    80000604:	fed798e3          	bne	a5,a3,800005f4 <rStartup+0xdc>
    80000608:	046605b7          	lui	a1,0x4660
    8000060c:	02258593          	addi	a1,a1,34 # 4660022 <__heap_size+0x4640022>
    80000610:	0cc5b02b          	.word	0x0cc5b02b
    80000614:	146605b7          	lui	a1,0x14660
    80000618:	02258593          	addi	a1,a1,34 # 14660022 <__heap_size+0x14640022>
    8000061c:	0cc5b02b          	.word	0x0cc5b02b
    80000620:	246605b7          	lui	a1,0x24660
    80000624:	02258593          	addi	a1,a1,34 # 24660022 <__heap_size+0x24640022>
    80000628:	0cc5b02b          	.word	0x0cc5b02b
    8000062c:	346605b7          	lui	a1,0x34660
    80000630:	02258593          	addi	a1,a1,34 # 34660022 <__heap_size+0x34640022>
    80000634:	0cc5b02b          	.word	0x0cc5b02b
    80000638:	24e605b7          	lui	a1,0x24e60
    8000063c:	02258593          	addi	a1,a1,34 # 24e60022 <__heap_size+0x24e40022>
    80000640:	0cc5b02b          	.word	0x0cc5b02b
    80000644:	34e605b7          	lui	a1,0x34e60
    80000648:	02258593          	addi	a1,a1,34 # 34e60022 <__heap_size+0x34e40022>
    8000064c:	0cc5b02b          	.word	0x0cc5b02b
    80000650:	44e605b7          	lui	a1,0x44e60
    80000654:	02258593          	addi	a1,a1,34 # 44e60022 <__heap_size+0x44e40022>
    80000658:	0cc5b02b          	.word	0x0cc5b02b
    8000065c:	04043737          	lui	a4,0x4043
    80000660:	00571713          	slli	a4,a4,0x5
    80000664:	00100693          	li	a3,1
    80000668:	200007b7          	lui	a5,0x20000
    8000066c:	02270713          	addi	a4,a4,34 # 4043022 <__heap_size+0x4023022>
    80000670:	10000537          	lui	a0,0x10000
    80000674:	01f69693          	slli	a3,a3,0x1f
    80000678:	00e7e5b3          	or	a1,a5,a4
    8000067c:	00200613          	li	a2,2
    80000680:	0cc5b02b          	.word	0x0cc5b02b
    80000684:	00a787b3          	add	a5,a5,a0
    80000688:	fed798e3          	bne	a5,a3,80000678 <rStartup+0x160>
    8000068c:	04063737          	lui	a4,0x4063
    80000690:	00571713          	slli	a4,a4,0x5
    80000694:	00100693          	li	a3,1
    80000698:	200007b7          	lui	a5,0x20000
    8000069c:	02270713          	addi	a4,a4,34 # 4063022 <__heap_size+0x4043022>
    800006a0:	10000537          	lui	a0,0x10000
    800006a4:	01f69693          	slli	a3,a3,0x1f
    800006a8:	00e7e5b3          	or	a1,a5,a4
    800006ac:	00200613          	li	a2,2
    800006b0:	0cc5b02b          	.word	0x0cc5b02b
    800006b4:	00a787b3          	add	a5,a5,a0
    800006b8:	fed798e3          	bne	a5,a3,800006a8 <rStartup+0x190>
    800006bc:	1e6205b7          	lui	a1,0x1e620
    800006c0:	03258593          	addi	a1,a1,50 # 1e620032 <__heap_size+0x1e600032>
    800006c4:	0cc5b02b          	.word	0x0cc5b02b
    800006c8:	2e6205b7          	lui	a1,0x2e620
    800006cc:	03258593          	addi	a1,a1,50 # 2e620032 <__heap_size+0x2e600032>
    800006d0:	0cc5b02b          	.word	0x0cc5b02b
    800006d4:	3e6205b7          	lui	a1,0x3e620
    800006d8:	03258593          	addi	a1,a1,50 # 3e620032 <__heap_size+0x3e600032>
    800006dc:	0cc5b02b          	.word	0x0cc5b02b
    800006e0:	5e6205b7          	lui	a1,0x5e620
    800006e4:	03258593          	addi	a1,a1,50 # 5e620032 <__heap_size+0x5e600032>
    800006e8:	0cc5b02b          	.word	0x0cc5b02b
    800006ec:	6e6205b7          	lui	a1,0x6e620
    800006f0:	03258593          	addi	a1,a1,50 # 6e620032 <__heap_size+0x6e600032>
    800006f4:	0cc5b02b          	.word	0x0cc5b02b
    800006f8:	7e6205b7          	lui	a1,0x7e620
    800006fc:	03258593          	addi	a1,a1,50 # 7e620032 <__heap_size+0x7e600032>
    80000700:	0cc5b02b          	.word	0x0cc5b02b
    80000704:	25ea05b7          	lui	a1,0x25ea0
    80000708:	01258593          	addi	a1,a1,18 # 25ea0012 <__heap_size+0x25e80012>
    8000070c:	0cc5b02b          	.word	0x0cc5b02b
    80000710:	35ea05b7          	lui	a1,0x35ea0
    80000714:	01258593          	addi	a1,a1,18 # 35ea0012 <__heap_size+0x35e80012>
    80000718:	0cc5b02b          	.word	0x0cc5b02b
    8000071c:	102205b7          	lui	a1,0x10220
    80000720:	00458593          	addi	a1,a1,4 # 10220004 <__heap_size+0x10200004>
    80000724:	0cc5b02b          	.word	0x0cc5b02b
    80000728:	202405b7          	lui	a1,0x20240
    8000072c:	01458593          	addi	a1,a1,20 # 20240014 <__heap_size+0x20220014>
    80000730:	0cc5b02b          	.word	0x0cc5b02b
    80000734:	302605b7          	lui	a1,0x30260
    80000738:	02458593          	addi	a1,a1,36 # 30260024 <__heap_size+0x30240024>
    8000073c:	0cc5b02b          	.word	0x0cc5b02b
    80000740:	402805b7          	lui	a1,0x40280
    80000744:	03458593          	addi	a1,a1,52 # 40280034 <__heap_size+0x40260034>
    80000748:	0cc5b02b          	.word	0x0cc5b02b
    8000074c:	00001f37          	lui	t5,0x1
    80000750:	00001eb7          	lui	t4,0x1
    80000754:	00001e37          	lui	t3,0x1
    80000758:	00001337          	lui	t1,0x1
    8000075c:	000018b7          	lui	a7,0x1
    80000760:	00001837          	lui	a6,0x1
    80000764:	00001537          	lui	a0,0x1
    80000768:	08000693          	li	a3,128
    8000076c:	00000713          	li	a4,0
    80000770:	00100293          	li	t0,1
    80000774:	813f0f13          	addi	t5,t5,-2029 # 813 <__stack_align+0x803>
    80000778:	823e8e93          	addi	t4,t4,-2013 # 823 <__stack_align+0x813>
    8000077c:	833e0e13          	addi	t3,t3,-1997 # 833 <__stack_align+0x823>
    80000780:	87330313          	addi	t1,t1,-1933 # 873 <__stack_align+0x863>
    80000784:	c7388893          	addi	a7,a7,-909 # c73 <__stack_align+0xc63>
    80000788:	85380813          	addi	a6,a6,-1965 # 853 <__stack_align+0x843>
    8000078c:	c5350513          	addi	a0,a0,-941 # c53 <__stack_align+0xc43>
    80000790:	00400f93          	li	t6,4
    80000794:	00e297bb          	sllw	a5,t0,a4
    80000798:	01079793          	slli	a5,a5,0x10
    8000079c:	00d7e7b3          	or	a5,a5,a3
    800007a0:	01e7e5b3          	or	a1,a5,t5
    800007a4:	00200613          	li	a2,2
    800007a8:	0cc5b02b          	.word	0x0cc5b02b
    800007ac:	01d7e5b3          	or	a1,a5,t4
    800007b0:	0cc5b02b          	.word	0x0cc5b02b
    800007b4:	01c7e5b3          	or	a1,a5,t3
    800007b8:	0cc5b02b          	.word	0x0cc5b02b
    800007bc:	4137e593          	ori	a1,a5,1043
    800007c0:	0cc5b02b          	.word	0x0cc5b02b
    800007c4:	4237e593          	ori	a1,a5,1059
    800007c8:	0cc5b02b          	.word	0x0cc5b02b
    800007cc:	4337e593          	ori	a1,a5,1075
    800007d0:	0cc5b02b          	.word	0x0cc5b02b
    800007d4:	0067e5b3          	or	a1,a5,t1
    800007d8:	0cc5b02b          	.word	0x0cc5b02b
    800007dc:	4737e593          	ori	a1,a5,1139
    800007e0:	0cc5b02b          	.word	0x0cc5b02b
    800007e4:	0117e5b3          	or	a1,a5,a7
    800007e8:	0cc5b02b          	.word	0x0cc5b02b
    800007ec:	0107e5b3          	or	a1,a5,a6
    800007f0:	0cc5b02b          	.word	0x0cc5b02b
    800007f4:	4537e593          	ori	a1,a5,1107
    800007f8:	0cc5b02b          	.word	0x0cc5b02b
    800007fc:	00a7e5b3          	or	a1,a5,a0
    80000800:	0cc5b02b          	.word	0x0cc5b02b
    80000804:	0017071b          	addiw	a4,a4,1
    80000808:	08068693          	addi	a3,a3,128
    8000080c:	f9f714e3          	bne	a4,t6,80000794 <rStartup+0x27c>
    80000810:	00500593          	li	a1,5
    80000814:	0cc5b02b          	.word	0x0cc5b02b
    80000818:	00f00593          	li	a1,15
    8000081c:	fa05a02b          	.word	0xfa05a02b
    80000820:	fc00452b          	.word	0xfc00452b
    80000824:	85018413          	addi	s0,gp,-1968 # 80003208 <uart_lock>
    80000828:	00050593          	mv	a1,a0
    8000082c:	00100713          	li	a4,1
    80000830:	0ce427af          	amoswap.w.aq	a5,a4,(s0)
    80000834:	0007879b          	sext.w	a5,a5
    80000838:	fe079ce3          	bnez	a5,80000830 <rStartup+0x318>
    8000083c:	00002517          	auipc	a0,0x2
    80000840:	65c50513          	addi	a0,a0,1628 # 80002e98 <__tbss_end+0x2>
    80000844:	741000ef          	jal	80001784 <iprintf>
    80000848:	0a04202f          	amoswap.w.rl	zero,zero,(s0)
    8000084c:	304027f3          	csrr	a5,mie
    80000850:	0087e793          	ori	a5,a5,8
    80000854:	30479073          	csrw	mie,a5
    80000858:	300027f3          	csrr	a5,mstatus
    8000085c:	0087e793          	ori	a5,a5,8
    80000860:	30079073          	csrw	mstatus,a5
    80000864:	f14027f3          	csrr	a5,mhartid
    80000868:	00800737          	lui	a4,0x800
    8000086c:	00e787b3          	add	a5,a5,a4
    80000870:	00279793          	slli	a5,a5,0x2
    80000874:	00100713          	li	a4,1
    80000878:	00e7a023          	sw	a4,0(a5) # 20000000 <__heap_size+0x1ffe0000>
    8000087c:	3600452b          	.word	0x3600452b
    80000880:	fe050ee3          	beqz	a0,8000087c <rStartup+0x364>
    80000884:	00100593          	li	a1,1
    80000888:	2c05a02b          	.word	0x2c05a02b
    8000088c:	9edff0ef          	jal	80000278 <mtimecmp_cfg>
    80000890:	304027f3          	csrr	a5,mie
    80000894:	0807e793          	ori	a5,a5,128
    80000898:	30479073          	csrw	mie,a5
    8000089c:	6200002b          	.word	0x6200002b
    800008a0:	00100593          	li	a1,1
    800008a4:	e005a02b          	.word	0xe005a02b
    800008a8:	00100713          	li	a4,1
    800008ac:	0ce427af          	amoswap.w.aq	a5,a4,(s0)
    800008b0:	0007879b          	sext.w	a5,a5
    800008b4:	fe079ce3          	bnez	a5,800008ac <rStartup+0x394>
    800008b8:	000016b7          	lui	a3,0x1
    800008bc:	38868693          	addi	a3,a3,904 # 1388 <__stack_align+0x1378>
    800008c0:	00100613          	li	a2,1
    800008c4:	00000593          	li	a1,0
    800008c8:	00002517          	auipc	a0,0x2
    800008cc:	5f050513          	addi	a0,a0,1520 # 80002eb8 <__tbss_end+0x22>
    800008d0:	6b5000ef          	jal	80001784 <iprintf>
    800008d4:	00002517          	auipc	a0,0x2
    800008d8:	62c50513          	addi	a0,a0,1580 # 80002f00 <__tbss_end+0x6a>
    800008dc:	6a9000ef          	jal	80001784 <iprintf>
    800008e0:	0a04202f          	amoswap.w.rl	zero,zero,(s0)
    800008e4:	00813083          	ld	ra,8(sp)
    800008e8:	00013403          	ld	s0,0(sp)
    800008ec:	01010113          	addi	sp,sp,16
    800008f0:	00008067          	ret

00000000800008f4 <rCleanup>:
    800008f4:	00200593          	li	a1,2
    800008f8:	e005a02b          	.word	0xe005a02b
    800008fc:	01a00793          	li	a5,26
    80000900:	00000013          	nop
    80000904:	fff7879b          	addiw	a5,a5,-1
    80000908:	fe079ce3          	bnez	a5,80000900 <rCleanup+0xc>
    8000090c:	6400002b          	.word	0x6400002b
    80000910:	000207b7          	lui	a5,0x20
    80000914:	ffe78793          	addi	a5,a5,-2 # 1fffe <__stack_size+0x17ffe>
    80000918:	00000593          	li	a1,0
    8000091c:	00000613          	li	a2,0
    80000920:	0cc5f52b          	.word	0x0cc5f52b
    80000924:	fea7fae3          	bgeu	a5,a0,80000918 <rCleanup+0x24>
    80000928:	00200593          	li	a1,2
    8000092c:	2c05a02b          	.word	0x2c05a02b
    80000930:	6000002b          	.word	0x6000002b
    80000934:	00008067          	ret

0000000080000938 <__main>:
    80000938:	ff010113          	addi	sp,sp,-16
    8000093c:	00113423          	sd	ra,8(sp)
    80000940:	f14027f3          	csrr	a5,mhartid
    80000944:	00300713          	li	a4,3
    80000948:	0ae78e63          	beq	a5,a4,80000a04 <__main+0xcc>
    8000094c:	0af76263          	bltu	a4,a5,800009f0 <__main+0xb8>
    80000950:	00100713          	li	a4,1
    80000954:	04e78a63          	beq	a5,a4,800009a8 <__main+0x70>
    80000958:	00200693          	li	a3,2
    8000095c:	0ed79c63          	bne	a5,a3,80000a54 <__main+0x11c>
    80000960:	304027f3          	csrr	a5,mie
    80000964:	0087e793          	ori	a5,a5,8
    80000968:	30479073          	csrw	mie,a5
    8000096c:	300027f3          	csrr	a5,mstatus
    80000970:	0087e793          	ori	a5,a5,8
    80000974:	30079073          	csrw	mstatus,a5
    80000978:	f14027f3          	csrr	a5,mhartid
    8000097c:	008006b7          	lui	a3,0x800
    80000980:	00d787b3          	add	a5,a5,a3
    80000984:	00279793          	slli	a5,a5,0x2
    80000988:	00e7a023          	sw	a4,0(a5)
    8000098c:	8edff0ef          	jal	80000278 <mtimecmp_cfg>
    80000990:	304027f3          	csrr	a5,mie
    80000994:	0807e793          	ori	a5,a5,128
    80000998:	30479073          	csrw	mie,a5
    8000099c:	00200513          	li	a0,2
    800009a0:	0b8000ef          	jal	80000a58 <checker>
    800009a4:	0000006f          	j	800009a4 <__main+0x6c>
    800009a8:	30402773          	csrr	a4,mie
    800009ac:	00876713          	ori	a4,a4,8
    800009b0:	30471073          	csrw	mie,a4
    800009b4:	30002773          	csrr	a4,mstatus
    800009b8:	00876713          	ori	a4,a4,8
    800009bc:	30071073          	csrw	mstatus,a4
    800009c0:	f1402773          	csrr	a4,mhartid
    800009c4:	008006b7          	lui	a3,0x800
    800009c8:	00d70733          	add	a4,a4,a3
    800009cc:	00271713          	slli	a4,a4,0x2
    800009d0:	00f72023          	sw	a5,0(a4) # 800000 <__heap_size+0x7e0000>
    800009d4:	8a5ff0ef          	jal	80000278 <mtimecmp_cfg>
    800009d8:	304027f3          	csrr	a5,mie
    800009dc:	0807e793          	ori	a5,a5,128
    800009e0:	30479073          	csrw	mie,a5
    800009e4:	00100513          	li	a0,1
    800009e8:	070000ef          	jal	80000a58 <checker>
    800009ec:	fb9ff06f          	j	800009a4 <__main+0x6c>
    800009f0:	00400713          	li	a4,4
    800009f4:	04e79e63          	bne	a5,a4,80000a50 <__main+0x118>
    800009f8:	00400513          	li	a0,4
    800009fc:	05c000ef          	jal	80000a58 <checker>
    80000a00:	fa5ff06f          	j	800009a4 <__main+0x6c>
    80000a04:	304027f3          	csrr	a5,mie
    80000a08:	0087e793          	ori	a5,a5,8
    80000a0c:	30479073          	csrw	mie,a5
    80000a10:	300027f3          	csrr	a5,mstatus
    80000a14:	0087e793          	ori	a5,a5,8
    80000a18:	30079073          	csrw	mstatus,a5
    80000a1c:	f14027f3          	csrr	a5,mhartid
    80000a20:	00800737          	lui	a4,0x800
    80000a24:	00e787b3          	add	a5,a5,a4
    80000a28:	00279793          	slli	a5,a5,0x2
    80000a2c:	00100713          	li	a4,1
    80000a30:	00e7a023          	sw	a4,0(a5)
    80000a34:	845ff0ef          	jal	80000278 <mtimecmp_cfg>
    80000a38:	304027f3          	csrr	a5,mie
    80000a3c:	0807e793          	ori	a5,a5,128
    80000a40:	30479073          	csrw	mie,a5
    80000a44:	00300513          	li	a0,3
    80000a48:	010000ef          	jal	80000a58 <checker>
    80000a4c:	f59ff06f          	j	800009a4 <__main+0x6c>
    80000a50:	f55ff06f          	j	800009a4 <__main+0x6c>
    80000a54:	f51ff06f          	j	800009a4 <__main+0x6c>

0000000080000a58 <checker>:
    80000a58:	00100593          	li	a1,1
    80000a5c:	0205a02b          	.word	0x0205a02b
    80000a60:	2c05a02b          	.word	0x2c05a02b
    80000a64:	8000002b          	.word	0x8000002b
    80000a68:	a200002b          	.word	0xa200002b
    80000a6c:	000015b7          	lui	a1,0x1
    80000a70:	38858593          	addi	a1,a1,904 # 1388 <__stack_align+0x1378>
    80000a74:	f205a02b          	.word	0xf205a02b
    80000a78:	00100593          	li	a1,1
    80000a7c:	ec05a02b          	.word	0xec05a02b
    80000a80:	00000593          	li	a1,0
    80000a84:	ec05a02b          	.word	0xec05a02b
    80000a88:	02000593          	li	a1,32
    80000a8c:	ec05a02b          	.word	0xec05a02b
    80000a90:	00000593          	li	a1,0
    80000a94:	ec05a02b          	.word	0xec05a02b
    80000a98:	ea00002b          	.word	0xea00002b
    80000a9c:	e600002b          	.word	0xe600002b
    80000aa0:	c800002b          	.word	0xc800002b
    80000aa4:	00200793          	li	a5,2
    80000aa8:	00800713          	li	a4,8
    80000aac:	0100006f          	j	80000abc <checker+0x64>
    80000ab0:	c200452b          	.word	0xc200452b
    80000ab4:	01857513          	andi	a0,a0,24
    80000ab8:	04e50a63          	beq	a0,a4,80000b0c <checker+0xb4>
    80000abc:	0e00452b          	.word	0x0e00452b
    80000ac0:	fef518e3          	bne	a0,a5,80000ab0 <checker+0x58>
    80000ac4:	04000593          	li	a1,64
    80000ac8:	ec05a02b          	.word	0xec05a02b
    80000acc:	00000593          	li	a1,0
    80000ad0:	ec05a02b          	.word	0xec05a02b
    80000ad4:	e400002b          	.word	0xe400002b
    80000ad8:	c000002b          	.word	0xc000002b
    80000adc:	00000013          	nop
    80000ae0:	00000013          	nop
    80000ae4:	00000013          	nop
    80000ae8:	00000013          	nop
    80000aec:	00000013          	nop
    80000af0:	00200793          	li	a5,2
    80000af4:	0e00452b          	.word	0x0e00452b
    80000af8:	fef51ee3          	bne	a0,a5,80000af4 <checker+0x9c>
    80000afc:	8600002b          	.word	0x8600002b
    80000b00:	00200593          	li	a1,2
    80000b04:	2c05a02b          	.word	0x2c05a02b
    80000b08:	0000006f          	j	80000b08 <checker+0xb0>
    80000b0c:	c000002b          	.word	0xc000002b
    80000b10:	00001067          	.word	0x00001067
    80000b14:	fa9ff06f          	j	80000abc <checker+0x64>

0000000080000b18 <task_synthetic_malloc>:
    80000b18:	ff010113          	addi	sp,sp,-16
    80000b1c:	00813023          	sd	s0,0(sp)
    80000b20:	00050413          	mv	s0,a0
    80000b24:	08000513          	li	a0,128
    80000b28:	00113423          	sd	ra,8(sp)
    80000b2c:	7e2000ef          	jal	8000130e <malloc>
    80000b30:	04050863          	beqz	a0,80000b80 <task_synthetic_malloc+0x68>
    80000b34:	0004069b          	sext.w	a3,s0
    80000b38:	00050793          	mv	a5,a0
    80000b3c:	08050613          	addi	a2,a0,128
    80000b40:	00050713          	mv	a4,a0
    80000b44:	00d72023          	sw	a3,0(a4) # 800000 <__heap_size+0x7e0000>
    80000b48:	00470713          	addi	a4,a4,4
    80000b4c:	0016869b          	addiw	a3,a3,1 # 800001 <__heap_size+0x7e0001>
    80000b50:	fec71ae3          	bne	a4,a2,80000b44 <task_synthetic_malloc+0x2c>
    80000b54:	00000413          	li	s0,0
    80000b58:	0007a703          	lw	a4,0(a5)
    80000b5c:	00478793          	addi	a5,a5,4
    80000b60:	0087043b          	addw	s0,a4,s0
    80000b64:	fec79ae3          	bne	a5,a2,80000b58 <task_synthetic_malloc+0x40>
    80000b68:	7b2000ef          	jal	8000131a <free>
    80000b6c:	00813083          	ld	ra,8(sp)
    80000b70:	00040513          	mv	a0,s0
    80000b74:	00013403          	ld	s0,0(sp)
    80000b78:	01010113          	addi	sp,sp,16
    80000b7c:	00008067          	ret
    80000b80:	00002517          	auipc	a0,0x2
    80000b84:	3b050513          	addi	a0,a0,944 # 80002f30 <__tbss_end+0x9a>
    80000b88:	3fd000ef          	jal	80001784 <iprintf>
    80000b8c:	00000513          	li	a0,0
    80000b90:	758000ef          	jal	800012e8 <exit>

0000000080000b94 <initialise_board>:
    80000b94:	00000513          	li	a0,0
    80000b98:	00008067          	ret

0000000080000b9c <start_trigger>:
    80000b9c:	00000513          	li	a0,0
    80000ba0:	00008067          	ret

0000000080000ba4 <stop_trigger>:
    80000ba4:	00000513          	li	a0,0
    80000ba8:	00008067          	ret

0000000080000bac <rand_beebs>:
    80000bac:	87018713          	addi	a4,gp,-1936 # 80003228 <seed>
    80000bb0:	00073503          	ld	a0,0(a4)
    80000bb4:	41c657b7          	lui	a5,0x41c65
    80000bb8:	e6d78793          	addi	a5,a5,-403 # 41c64e6d <__heap_size+0x41c44e6d>
    80000bbc:	02f50533          	mul	a0,a0,a5
    80000bc0:	000037b7          	lui	a5,0x3
    80000bc4:	03978793          	addi	a5,a5,57 # 3039 <__stack_align+0x3029>
    80000bc8:	00f50533          	add	a0,a0,a5
    80000bcc:	02151513          	slli	a0,a0,0x21
    80000bd0:	02155513          	srli	a0,a0,0x21
    80000bd4:	00a73023          	sd	a0,0(a4)
    80000bd8:	01055513          	srli	a0,a0,0x10
    80000bdc:	00008067          	ret

0000000080000be0 <srand_beebs>:
    80000be0:	02051513          	slli	a0,a0,0x20
    80000be4:	02055513          	srli	a0,a0,0x20
    80000be8:	86a1b823          	sd	a0,-1936(gp) # 80003228 <seed>
    80000bec:	00008067          	ret

0000000080000bf0 <init_heap_beebs>:
    80000bf0:	0075f793          	andi	a5,a1,7
    80000bf4:	00079c63          	bnez	a5,80000c0c <init_heap_beebs+0x1c>
    80000bf8:	00b505b3          	add	a1,a0,a1
    80000bfc:	86a1b423          	sd	a0,-1944(gp) # 80003220 <heap_ptr>
    80000c00:	86b1b023          	sd	a1,-1952(gp) # 80003218 <heap_end>
    80000c04:	8401bc23          	sd	zero,-1960(gp) # 80003210 <heap_requested>
    80000c08:	00008067          	ret
    80000c0c:	ff010113          	addi	sp,sp,-16
    80000c10:	00002697          	auipc	a3,0x2
    80000c14:	34068693          	addi	a3,a3,832 # 80002f50 <__tbss_end+0xba>
    80000c18:	00002617          	auipc	a2,0x2
    80000c1c:	43060613          	addi	a2,a2,1072 # 80003048 <__func__.0>
    80000c20:	04100593          	li	a1,65
    80000c24:	00002517          	auipc	a0,0x2
    80000c28:	34c50513          	addi	a0,a0,844 # 80002f70 <__tbss_end+0xda>
    80000c2c:	00113423          	sd	ra,8(sp)
    80000c30:	66e000ef          	jal	8000129e <__assert_func>

0000000080000c34 <check_heap_beebs>:
    80000c34:	8581b783          	ld	a5,-1960(gp) # 80003210 <heap_requested>
    80000c38:	00f507b3          	add	a5,a0,a5
    80000c3c:	8601b503          	ld	a0,-1952(gp) # 80003218 <heap_end>
    80000c40:	00f53533          	sltu	a0,a0,a5
    80000c44:	00154513          	xori	a0,a0,1
    80000c48:	00008067          	ret

0000000080000c4c <malloc_beebs>:
    80000c4c:	00050793          	mv	a5,a0
    80000c50:	04050a63          	beqz	a0,80000ca4 <malloc_beebs+0x58>
    80000c54:	86818613          	addi	a2,gp,-1944 # 80003220 <heap_ptr>
    80000c58:	00063503          	ld	a0,0(a2)
    80000c5c:	85818693          	addi	a3,gp,-1960 # 80003210 <heap_requested>
    80000c60:	0006b583          	ld	a1,0(a3)
    80000c64:	00f50733          	add	a4,a0,a5
    80000c68:	00777813          	andi	a6,a4,7
    80000c6c:	00b787b3          	add	a5,a5,a1
    80000c70:	00081c63          	bnez	a6,80000c88 <malloc_beebs+0x3c>
    80000c74:	00f6b023          	sd	a5,0(a3)
    80000c78:	8601b783          	ld	a5,-1952(gp) # 80003218 <heap_end>
    80000c7c:	02e7e463          	bltu	a5,a4,80000ca4 <malloc_beebs+0x58>
    80000c80:	00e63023          	sd	a4,0(a2)
    80000c84:	00008067          	ret
    80000c88:	00800593          	li	a1,8
    80000c8c:	410585b3          	sub	a1,a1,a6
    80000c90:	00b787b3          	add	a5,a5,a1
    80000c94:	00f6b023          	sd	a5,0(a3)
    80000c98:	00b70733          	add	a4,a4,a1
    80000c9c:	8601b783          	ld	a5,-1952(gp) # 80003218 <heap_end>
    80000ca0:	fee7f0e3          	bgeu	a5,a4,80000c80 <malloc_beebs+0x34>
    80000ca4:	00000513          	li	a0,0
    80000ca8:	00008067          	ret

0000000080000cac <calloc_beebs>:
    80000cac:	02b50633          	mul	a2,a0,a1
    80000cb0:	06060a63          	beqz	a2,80000d24 <calloc_beebs+0x78>
    80000cb4:	86818513          	addi	a0,gp,-1944 # 80003220 <heap_ptr>
    80000cb8:	00053783          	ld	a5,0(a0)
    80000cbc:	85818593          	addi	a1,gp,-1960 # 80003210 <heap_requested>
    80000cc0:	0005b703          	ld	a4,0(a1)
    80000cc4:	00c786b3          	add	a3,a5,a2
    80000cc8:	0076f893          	andi	a7,a3,7
    80000ccc:	00e60733          	add	a4,a2,a4
    80000cd0:	02089c63          	bnez	a7,80000d08 <calloc_beebs+0x5c>
    80000cd4:	00e5b023          	sd	a4,0(a1)
    80000cd8:	8601b703          	ld	a4,-1952(gp) # 80003218 <heap_end>
    80000cdc:	04d76463          	bltu	a4,a3,80000d24 <calloc_beebs+0x78>
    80000ce0:	00d53023          	sd	a3,0(a0)
    80000ce4:	04078263          	beqz	a5,80000d28 <calloc_beebs+0x7c>
    80000ce8:	ff010113          	addi	sp,sp,-16
    80000cec:	00000593          	li	a1,0
    80000cf0:	00078513          	mv	a0,a5
    80000cf4:	00113423          	sd	ra,8(sp)
    80000cf8:	52d000ef          	jal	80001a24 <memset>
    80000cfc:	00813083          	ld	ra,8(sp)
    80000d00:	01010113          	addi	sp,sp,16
    80000d04:	00008067          	ret
    80000d08:	00800813          	li	a6,8
    80000d0c:	41180833          	sub	a6,a6,a7
    80000d10:	01070733          	add	a4,a4,a6
    80000d14:	00e5b023          	sd	a4,0(a1)
    80000d18:	010686b3          	add	a3,a3,a6
    80000d1c:	8601b703          	ld	a4,-1952(gp) # 80003218 <heap_end>
    80000d20:	fcd770e3          	bgeu	a4,a3,80000ce0 <calloc_beebs+0x34>
    80000d24:	00000793          	li	a5,0
    80000d28:	00078513          	mv	a0,a5
    80000d2c:	00008067          	ret

0000000080000d30 <realloc_beebs>:
    80000d30:	06050c63          	beqz	a0,80000da8 <realloc_beebs+0x78>
    80000d34:	fe010113          	addi	sp,sp,-32
    80000d38:	00813823          	sd	s0,16(sp)
    80000d3c:	00050413          	mv	s0,a0
    80000d40:	00058513          	mv	a0,a1
    80000d44:	00913423          	sd	s1,8(sp)
    80000d48:	00113c23          	sd	ra,24(sp)
    80000d4c:	00058493          	mv	s1,a1
    80000d50:	efdff0ef          	jal	80000c4c <malloc_beebs>
    80000d54:	02050e63          	beqz	a0,80000d90 <realloc_beebs+0x60>
    80000d58:	00040793          	mv	a5,s0
    80000d5c:	00050713          	mv	a4,a0
    80000d60:	00940633          	add	a2,s0,s1
    80000d64:	00048c63          	beqz	s1,80000d7c <realloc_beebs+0x4c>
    80000d68:	0007c683          	lbu	a3,0(a5)
    80000d6c:	00178793          	addi	a5,a5,1
    80000d70:	00170713          	addi	a4,a4,1
    80000d74:	fed70fa3          	sb	a3,-1(a4)
    80000d78:	fec798e3          	bne	a5,a2,80000d68 <realloc_beebs+0x38>
    80000d7c:	01813083          	ld	ra,24(sp)
    80000d80:	01013403          	ld	s0,16(sp)
    80000d84:	00813483          	ld	s1,8(sp)
    80000d88:	02010113          	addi	sp,sp,32
    80000d8c:	00008067          	ret
    80000d90:	01813083          	ld	ra,24(sp)
    80000d94:	01013403          	ld	s0,16(sp)
    80000d98:	00813483          	ld	s1,8(sp)
    80000d9c:	00000513          	li	a0,0
    80000da0:	02010113          	addi	sp,sp,32
    80000da4:	00008067          	ret
    80000da8:	00000513          	li	a0,0
    80000dac:	00008067          	ret

0000000080000db0 <free_beebs>:
    80000db0:	00008067          	ret

0000000080000db4 <initialise_benchmark>:
    80000db4:	00008067          	ret

0000000080000db8 <InitSeed>:
    80000db8:	8801a823          	sw	zero,-1904(gp) # 80003248 <Seed>
    80000dbc:	00008067          	ret

0000000080000dc0 <Calc_Sum_Mean>:
    80000dc0:	f20007d3          	fmv.d.x	fa5,zero
    80000dc4:	32050793          	addi	a5,a0,800
    80000dc8:	00f5b027          	fsd	fa5,0(a1)
    80000dcc:	00053707          	fld	fa4,0(a0)
    80000dd0:	00850513          	addi	a0,a0,8
    80000dd4:	02e7f7d3          	fadd.d	fa5,fa5,fa4
    80000dd8:	00f5b027          	fsd	fa5,0(a1)
    80000ddc:	fef518e3          	bne	a0,a5,80000dcc <Calc_Sum_Mean+0xc>
    80000de0:	00002797          	auipc	a5,0x2
    80000de4:	3f87b707          	fld	fa4,1016(a5) # 800031d8 <__atexit_dummy+0x8>
    80000de8:	1ae7f7d3          	fdiv.d	fa5,fa5,fa4
    80000dec:	00f63027          	fsd	fa5,0(a2)
    80000df0:	00008067          	ret

0000000080000df4 <Square>:
    80000df4:	12a57553          	fmul.d	fa0,fa0,fa0
    80000df8:	00008067          	ret

0000000080000dfc <Calc_Var_Stddev>:
    80000dfc:	f2000753          	fmv.d.x	fa4,zero
    80000e00:	32050793          	addi	a5,a0,800
    80000e04:	00053787          	fld	fa5,0(a0)
    80000e08:	00850513          	addi	a0,a0,8
    80000e0c:	0aa7f7d3          	fsub.d	fa5,fa5,fa0
    80000e10:	72f7f743          	fmadd.d	fa4,fa5,fa5,fa4
    80000e14:	fea798e3          	bne	a5,a0,80000e04 <Calc_Var_Stddev+0x8>
    80000e18:	00002797          	auipc	a5,0x2
    80000e1c:	3c07b787          	fld	fa5,960(a5) # 800031d8 <__atexit_dummy+0x8>
    80000e20:	1af77553          	fdiv.d	fa0,fa4,fa5
    80000e24:	00a5b027          	fsd	fa0,0(a1)
    80000e28:	00102773          	frflags	a4
    80000e2c:	f20007d3          	fmv.d.x	fa5,zero
    80000e30:	a2f517d3          	flt.d	a5,fa0,fa5
    80000e34:	00171073          	fsflags	a4
    80000e38:	00079863          	bnez	a5,80000e48 <Calc_Var_Stddev+0x4c>
    80000e3c:	5a057753          	fsqrt.d	fa4,fa0
    80000e40:	00e63027          	fsd	fa4,0(a2)
    80000e44:	00008067          	ret
    80000e48:	fe010113          	addi	sp,sp,-32
    80000e4c:	00113c23          	sd	ra,24(sp)
    80000e50:	00c13423          	sd	a2,8(sp)
    80000e54:	40c000ef          	jal	80001260 <sqrt>
    80000e58:	00813603          	ld	a2,8(sp)
    80000e5c:	01813083          	ld	ra,24(sp)
    80000e60:	00a63027          	fsd	fa0,0(a2)
    80000e64:	02010113          	addi	sp,sp,32
    80000e68:	00008067          	ret

0000000080000e6c <Calc_LinCorrCoef>:
    80000e6c:	fd010113          	addi	sp,sp,-48
    80000e70:	00813c27          	fsd	fs0,24(sp)
    80000e74:	f2000453          	fmv.d.x	fs0,zero
    80000e78:	00913827          	fsd	fs1,16(sp)
    80000e7c:	01213427          	fsd	fs2,8(sp)
    80000e80:	228404d3          	fmv.d	fs1,fs0
    80000e84:	22840953          	fmv.d	fs2,fs0
    80000e88:	02113423          	sd	ra,40(sp)
    80000e8c:	32050793          	addi	a5,a0,800
    80000e90:	00053707          	fld	fa4,0(a0)
    80000e94:	0005b787          	fld	fa5,0(a1)
    80000e98:	00850513          	addi	a0,a0,8
    80000e9c:	0aa77753          	fsub.d	fa4,fa4,fa0
    80000ea0:	0ab7f7d3          	fsub.d	fa5,fa5,fa1
    80000ea4:	00858593          	addi	a1,a1,8
    80000ea8:	92e77943          	fmadd.d	fs2,fa4,fa4,fs2
    80000eac:	4af774c3          	fmadd.d	fs1,fa4,fa5,fs1
    80000eb0:	42f7f443          	fmadd.d	fs0,fa5,fa5,fs0
    80000eb4:	fca79ee3          	bne	a5,a0,80000e90 <Calc_LinCorrCoef+0x24>
    80000eb8:	00102773          	frflags	a4
    80000ebc:	f20007d3          	fmv.d.x	fa5,zero
    80000ec0:	a2f917d3          	flt.d	a5,fs2,fa5
    80000ec4:	00171073          	fsflags	a4
    80000ec8:	04079263          	bnez	a5,80000f0c <Calc_LinCorrCoef+0xa0>
    80000ecc:	5a097953          	fsqrt.d	fs2,fs2
    80000ed0:	00102773          	frflags	a4
    80000ed4:	f20007d3          	fmv.d.x	fa5,zero
    80000ed8:	a2f417d3          	flt.d	a5,fs0,fa5
    80000edc:	00171073          	fsflags	a4
    80000ee0:	02079e63          	bnez	a5,80000f1c <Calc_LinCorrCoef+0xb0>
    80000ee4:	5a047453          	fsqrt.d	fs0,fs0
    80000ee8:	128976d3          	fmul.d	fa3,fs2,fs0
    80000eec:	02813083          	ld	ra,40(sp)
    80000ef0:	01813407          	fld	fs0,24(sp)
    80000ef4:	00813907          	fld	fs2,8(sp)
    80000ef8:	1ad4f4d3          	fdiv.d	fs1,fs1,fa3
    80000efc:	8691bc27          	fsd	fs1,-1928(gp) # 80003230 <Coef>
    80000f00:	01013487          	fld	fs1,16(sp)
    80000f04:	03010113          	addi	sp,sp,48
    80000f08:	00008067          	ret
    80000f0c:	23290553          	fmv.d	fa0,fs2
    80000f10:	350000ef          	jal	80001260 <sqrt>
    80000f14:	22a50953          	fmv.d	fs2,fa0
    80000f18:	fb9ff06f          	j	80000ed0 <Calc_LinCorrCoef+0x64>
    80000f1c:	22840553          	fmv.d	fa0,fs0
    80000f20:	340000ef          	jal	80001260 <sqrt>
    80000f24:	22a50453          	fmv.d	fs0,fa0
    80000f28:	fc1ff06f          	j	80000ee8 <Calc_LinCorrCoef+0x7c>

0000000080000f2c <benchmark_body>:
    80000f2c:	20a05a63          	blez	a0,80001140 <benchmark_body+0x214>
    80000f30:	f7010113          	addi	sp,sp,-144
    80000f34:	02813427          	fsd	fs0,40(sp)
    80000f38:	f2000453          	fmv.d.x	fs0,zero
    80000f3c:	05613823          	sd	s6,80(sp)
    80000f40:	00002b37          	lui	s6,0x2
    80000f44:	08813023          	sd	s0,128(sp)
    80000f48:	06913c23          	sd	s1,120(sp)
    80000f4c:	07213823          	sd	s2,112(sp)
    80000f50:	07313423          	sd	s3,104(sp)
    80000f54:	07413023          	sd	s4,96(sp)
    80000f58:	05713423          	sd	s7,72(sp)
    80000f5c:	05813023          	sd	s8,64(sp)
    80000f60:	03913c23          	sd	s9,56(sp)
    80000f64:	03a13823          	sd	s10,48(sp)
    80000f68:	02913027          	fsd	fs1,32(sp)
    80000f6c:	01313827          	fsd	fs3,16(sp)
    80000f70:	08113423          	sd	ra,136(sp)
    80000f74:	05513c23          	sd	s5,88(sp)
    80000f78:	01213c27          	fsd	fs2,24(sp)
    80000f7c:	00050413          	mv	s0,a0
    80000f80:	00000c93          	li	s9,0
    80000f84:	00002797          	auipc	a5,0x2
    80000f88:	25c7b487          	fld	fs1,604(a5) # 800031e0 <__atexit_dummy+0x10>
    80000f8c:	c0018d13          	addi	s10,gp,-1024 # 800035b8 <ArrayB>
    80000f90:	88818a13          	addi	s4,gp,-1912 # 80003240 <SumA>
    80000f94:	00002797          	auipc	a5,0x2
    80000f98:	2447b987          	fld	fs3,580(a5) # 800031d8 <__atexit_dummy+0x8>
    80000f9c:	89018993          	addi	s3,gp,-1904 # 80003248 <Seed>
    80000fa0:	f2018c13          	addi	s8,gp,-224 # 800038d8 <__sf>
    80000fa4:	88018913          	addi	s2,gp,-1920 # 80003238 <SumB>
    80000fa8:	f9fb0b1b          	addiw	s6,s6,-97 # 1f9f <__stack_align+0x1f8f>
    80000fac:	06400b93          	li	s7,100
    80000fb0:	8e018493          	addi	s1,gp,-1824 # 80003298 <ArrayA>
    80000fb4:	8e018713          	addi	a4,gp,-1824 # 80003298 <ArrayA>
    80000fb8:	00070613          	mv	a2,a4
    80000fbc:	00000a93          	li	s5,0
    80000fc0:	00000693          	li	a3,0
    80000fc4:	005a979b          	slliw	a5,s5,0x5
    80000fc8:	015787bb          	addw	a5,a5,s5
    80000fcc:	0027979b          	slliw	a5,a5,0x2
    80000fd0:	015787bb          	addw	a5,a5,s5
    80000fd4:	0517879b          	addiw	a5,a5,81
    80000fd8:	0367eabb          	remw	s5,a5,s6
    80000fdc:	d2068753          	fcvt.d.w	fa4,a3
    80000fe0:	00860613          	addi	a2,a2,8
    80000fe4:	0016869b          	addiw	a3,a3,1
    80000fe8:	d20a87d3          	fcvt.d.w	fa5,s5
    80000fec:	1a97f7d3          	fdiv.d	fa5,fa5,fs1
    80000ff0:	02e7f7d3          	fadd.d	fa5,fa5,fa4
    80000ff4:	fef63c27          	fsd	fa5,-8(a2)
    80000ff8:	fd7696e3          	bne	a3,s7,80000fc4 <benchmark_body+0x98>
    80000ffc:	f20007d3          	fmv.d.x	fa5,zero
    80001000:	8e018793          	addi	a5,gp,-1824 # 80003298 <ArrayA>
    80001004:	0007b707          	fld	fa4,0(a5)
    80001008:	00878793          	addi	a5,a5,8
    8000100c:	02e7f7d3          	fadd.d	fa5,fa5,fa4
    80001010:	fefd1ae3          	bne	s10,a5,80001004 <benchmark_body+0xd8>
    80001014:	1b37f953          	fdiv.d	fs2,fa5,fs3
    80001018:	f2000753          	fmv.d.x	fa4,zero
    8000101c:	00fa3027          	fsd	fa5,0(s4)
    80001020:	00073787          	fld	fa5,0(a4)
    80001024:	00870713          	addi	a4,a4,8
    80001028:	0b27f7d3          	fsub.d	fa5,fa5,fs2
    8000102c:	72f7f743          	fmadd.d	fa4,fa5,fa5,fa4
    80001030:	feed18e3          	bne	s10,a4,80001020 <benchmark_body+0xf4>
    80001034:	1b377553          	fdiv.d	fa0,fa4,fs3
    80001038:	00102773          	frflags	a4
    8000103c:	a28517d3          	flt.d	a5,fa0,fs0
    80001040:	00171073          	fsflags	a4
    80001044:	10079263          	bnez	a5,80001148 <benchmark_body+0x21c>
    80001048:	c0018713          	addi	a4,gp,-1024 # 800035b8 <ArrayB>
    8000104c:	00070613          	mv	a2,a4
    80001050:	00000693          	li	a3,0
    80001054:	005a979b          	slliw	a5,s5,0x5
    80001058:	015787bb          	addw	a5,a5,s5
    8000105c:	0027979b          	slliw	a5,a5,0x2
    80001060:	015787bb          	addw	a5,a5,s5
    80001064:	0517879b          	addiw	a5,a5,81
    80001068:	0367eabb          	remw	s5,a5,s6
    8000106c:	d2068753          	fcvt.d.w	fa4,a3
    80001070:	00860613          	addi	a2,a2,8
    80001074:	0016869b          	addiw	a3,a3,1
    80001078:	d20a87d3          	fcvt.d.w	fa5,s5
    8000107c:	1a97f7d3          	fdiv.d	fa5,fa5,fs1
    80001080:	02e7f7d3          	fadd.d	fa5,fa5,fa4
    80001084:	fef63c27          	fsd	fa5,-8(a2)
    80001088:	fd7696e3          	bne	a3,s7,80001054 <benchmark_body+0x128>
    8000108c:	f20007d3          	fmv.d.x	fa5,zero
    80001090:	0159a023          	sw	s5,0(s3)
    80001094:	c0018793          	addi	a5,gp,-1024 # 800035b8 <ArrayB>
    80001098:	0007b707          	fld	fa4,0(a5)
    8000109c:	00878793          	addi	a5,a5,8
    800010a0:	02e7f7d3          	fadd.d	fa5,fa5,fa4
    800010a4:	fefc1ae3          	bne	s8,a5,80001098 <benchmark_body+0x16c>
    800010a8:	1b37f5d3          	fdiv.d	fa1,fa5,fs3
    800010ac:	f2000753          	fmv.d.x	fa4,zero
    800010b0:	00f93027          	fsd	fa5,0(s2)
    800010b4:	00073787          	fld	fa5,0(a4)
    800010b8:	00870713          	addi	a4,a4,8
    800010bc:	0ab7f7d3          	fsub.d	fa5,fa5,fa1
    800010c0:	72f7f743          	fmadd.d	fa4,fa5,fa5,fa4
    800010c4:	feec18e3          	bne	s8,a4,800010b4 <benchmark_body+0x188>
    800010c8:	1b377553          	fdiv.d	fa0,fa4,fs3
    800010cc:	00102773          	frflags	a4
    800010d0:	a28517d3          	flt.d	a5,fa0,fs0
    800010d4:	00171073          	fsflags	a4
    800010d8:	06079c63          	bnez	a5,80001150 <benchmark_body+0x224>
    800010dc:	23290553          	fmv.d	fa0,fs2
    800010e0:	000d0593          	mv	a1,s10
    800010e4:	00048513          	mv	a0,s1
    800010e8:	001c8c9b          	addiw	s9,s9,1
    800010ec:	d81ff0ef          	jal	80000e6c <Calc_LinCorrCoef>
    800010f0:	ed9412e3          	bne	s0,s9,80000fb4 <benchmark_body+0x88>
    800010f4:	08813083          	ld	ra,136(sp)
    800010f8:	08013403          	ld	s0,128(sp)
    800010fc:	07813483          	ld	s1,120(sp)
    80001100:	07013903          	ld	s2,112(sp)
    80001104:	06813983          	ld	s3,104(sp)
    80001108:	06013a03          	ld	s4,96(sp)
    8000110c:	05813a83          	ld	s5,88(sp)
    80001110:	05013b03          	ld	s6,80(sp)
    80001114:	04813b83          	ld	s7,72(sp)
    80001118:	04013c03          	ld	s8,64(sp)
    8000111c:	03813c83          	ld	s9,56(sp)
    80001120:	03013d03          	ld	s10,48(sp)
    80001124:	02813407          	fld	fs0,40(sp)
    80001128:	02013487          	fld	fs1,32(sp)
    8000112c:	01813907          	fld	fs2,24(sp)
    80001130:	01013987          	fld	fs3,16(sp)
    80001134:	00000513          	li	a0,0
    80001138:	09010113          	addi	sp,sp,144
    8000113c:	00008067          	ret
    80001140:	00000513          	li	a0,0
    80001144:	00008067          	ret
    80001148:	118000ef          	jal	80001260 <sqrt>
    8000114c:	efdff06f          	j	80001048 <benchmark_body+0x11c>
    80001150:	00b13427          	fsd	fa1,8(sp)
    80001154:	10c000ef          	jal	80001260 <sqrt>
    80001158:	00813587          	fld	fa1,8(sp)
    8000115c:	f81ff06f          	j	800010dc <benchmark_body+0x1b0>

0000000080001160 <warm_caches>:
    80001160:	dcdff06f          	j	80000f2c <benchmark_body>

0000000080001164 <benchmark>:
    80001164:	00d00513          	li	a0,13
    80001168:	dc5ff06f          	j	80000f2c <benchmark_body>

000000008000116c <Initialize>:
    8000116c:	89018813          	addi	a6,gp,-1904 # 80003248 <Seed>
    80001170:	00082683          	lw	a3,0(a6)
    80001174:	00002637          	lui	a2,0x2
    80001178:	00000713          	li	a4,0
    8000117c:	00002797          	auipc	a5,0x2
    80001180:	0647b687          	fld	fa3,100(a5) # 800031e0 <__atexit_dummy+0x10>
    80001184:	f9f6061b          	addiw	a2,a2,-97 # 1f9f <__stack_align+0x1f8f>
    80001188:	06400593          	li	a1,100
    8000118c:	0056979b          	slliw	a5,a3,0x5
    80001190:	00d787bb          	addw	a5,a5,a3
    80001194:	0027979b          	slliw	a5,a5,0x2
    80001198:	00d787bb          	addw	a5,a5,a3
    8000119c:	0517879b          	addiw	a5,a5,81
    800011a0:	02c7e6bb          	remw	a3,a5,a2
    800011a4:	d2070753          	fcvt.d.w	fa4,a4
    800011a8:	00850513          	addi	a0,a0,8
    800011ac:	0017071b          	addiw	a4,a4,1
    800011b0:	d20687d3          	fcvt.d.w	fa5,a3
    800011b4:	1ad7f7d3          	fdiv.d	fa5,fa5,fa3
    800011b8:	02e7f7d3          	fadd.d	fa5,fa5,fa4
    800011bc:	fef53c27          	fsd	fa5,-8(a0)
    800011c0:	fcb716e3          	bne	a4,a1,8000118c <Initialize+0x20>
    800011c4:	00d82023          	sw	a3,0(a6)
    800011c8:	00008067          	ret

00000000800011cc <RandomInteger>:
    800011cc:	89018693          	addi	a3,gp,-1904 # 80003248 <Seed>
    800011d0:	0006a703          	lw	a4,0(a3)
    800011d4:	000027b7          	lui	a5,0x2
    800011d8:	f9f7879b          	addiw	a5,a5,-97 # 1f9f <__stack_align+0x1f8f>
    800011dc:	0057151b          	slliw	a0,a4,0x5
    800011e0:	00e5053b          	addw	a0,a0,a4
    800011e4:	0025151b          	slliw	a0,a0,0x2
    800011e8:	00e5053b          	addw	a0,a0,a4
    800011ec:	0515051b          	addiw	a0,a0,81
    800011f0:	02f5653b          	remw	a0,a0,a5
    800011f4:	00a6a023          	sw	a0,0(a3)
    800011f8:	00008067          	ret

00000000800011fc <verify_benchmark>:
    800011fc:	8881b707          	fld	fa4,-1912(gp) # 80003240 <SumA>
    80001200:	00002797          	auipc	a5,0x2
    80001204:	fe87b787          	fld	fa5,-24(a5) # 800031e8 <__atexit_dummy+0x18>
    80001208:	0ae7f7d3          	fsub.d	fa5,fa5,fa4
    8000120c:	00002797          	auipc	a5,0x2
    80001210:	fe47b707          	fld	fa4,-28(a5) # 800031f0 <__atexit_dummy+0x20>
    80001214:	22f7a7d3          	fabs.d	fa5,fa5
    80001218:	a2e797d3          	flt.d	a5,fa5,fa4
    8000121c:	02078e63          	beqz	a5,80001258 <verify_benchmark+0x5c>
    80001220:	00002797          	auipc	a5,0x2
    80001224:	fd87b787          	fld	fa5,-40(a5) # 800031f8 <__atexit_dummy+0x28>
    80001228:	8801b687          	fld	fa3,-1920(gp) # 80003238 <SumB>
    8000122c:	0ad7f7d3          	fsub.d	fa5,fa5,fa3
    80001230:	22f7a7d3          	fabs.d	fa5,fa5
    80001234:	a2e797d3          	flt.d	a5,fa5,fa4
    80001238:	02078063          	beqz	a5,80001258 <verify_benchmark+0x5c>
    8000123c:	00002797          	auipc	a5,0x2
    80001240:	fc47b787          	fld	fa5,-60(a5) # 80003200 <__atexit_dummy+0x30>
    80001244:	8781b687          	fld	fa3,-1928(gp) # 80003230 <Coef>
    80001248:	0ad7f7d3          	fsub.d	fa5,fa5,fa3
    8000124c:	22f7a7d3          	fabs.d	fa5,fa5
    80001250:	a2e79553          	flt.d	a0,fa5,fa4
    80001254:	00008067          	ret
    80001258:	00000513          	li	a0,0
    8000125c:	00008067          	ret

0000000080001260 <sqrt>:
    80001260:	1101                	addi	sp,sp,-32
    80001262:	a422                	fsd	fs0,8(sp)
    80001264:	22a50453          	fmv.d	fs0,fa0
    80001268:	ec06                	sd	ra,24(sp)
    8000126a:	a026                	fsd	fs1,0(sp)
    8000126c:	02c000ef          	jal	80001298 <__ieee754_sqrt>
    80001270:	a28427d3          	feq.d	a5,fs0,fs0
    80001274:	cf89                	beqz	a5,8000128e <sqrt+0x2e>
    80001276:	f20004d3          	fmv.d.x	fs1,zero
    8000127a:	a29417d3          	flt.d	a5,fs0,fs1
    8000127e:	cb81                	beqz	a5,8000128e <sqrt+0x2e>
    80001280:	79a000ef          	jal	80001a1a <__errno>
    80001284:	1a94f553          	fdiv.d	fa0,fs1,fs1
    80001288:	02100793          	li	a5,33
    8000128c:	c11c                	sw	a5,0(a0)
    8000128e:	60e2                	ld	ra,24(sp)
    80001290:	2422                	fld	fs0,8(sp)
    80001292:	2482                	fld	fs1,0(sp)
    80001294:	6105                	addi	sp,sp,32
    80001296:	8082                	ret

0000000080001298 <__ieee754_sqrt>:
    80001298:	5a057553          	fsqrt.d	fa0,fa0
    8000129c:	8082                	ret

000000008000129e <__assert_func>:
    8000129e:	1141                	addi	sp,sp,-16
    800012a0:	00002797          	auipc	a5,0x2
    800012a4:	f187b783          	ld	a5,-232(a5) # 800031b8 <_impure_ptr>
    800012a8:	8832                	mv	a6,a2
    800012aa:	e406                	sd	ra,8(sp)
    800012ac:	88aa                	mv	a7,a0
    800012ae:	872e                	mv	a4,a1
    800012b0:	6f88                	ld	a0,24(a5)
    800012b2:	8636                	mv	a2,a3
    800012b4:	00002797          	auipc	a5,0x2
    800012b8:	d0c78793          	addi	a5,a5,-756 # 80002fc0 <__tbss_end+0x12a>
    800012bc:	00081763          	bnez	a6,800012ca <__assert_func+0x2c>
    800012c0:	00002797          	auipc	a5,0x2
    800012c4:	d6878793          	addi	a5,a5,-664 # 80003028 <__tbss_end+0x192>
    800012c8:	883e                	mv	a6,a5
    800012ca:	86c6                	mv	a3,a7
    800012cc:	00002597          	auipc	a1,0x2
    800012d0:	d0458593          	addi	a1,a1,-764 # 80002fd0 <__tbss_end+0x13a>
    800012d4:	3fa000ef          	jal	800016ce <fiprintf>
    800012d8:	75c000ef          	jal	80001a34 <abort>

00000000800012dc <__assert>:
    800012dc:	1141                	addi	sp,sp,-16
    800012de:	86b2                	mv	a3,a2
    800012e0:	4601                	li	a2,0
    800012e2:	e406                	sd	ra,8(sp)
    800012e4:	fbbff0ef          	jal	8000129e <__assert_func>

00000000800012e8 <exit>:
    800012e8:	1141                	addi	sp,sp,-16
    800012ea:	e022                	sd	s0,0(sp)
    800012ec:	e406                	sd	ra,8(sp)
    800012ee:	00002797          	auipc	a5,0x2
    800012f2:	ae078793          	addi	a5,a5,-1312 # 80002dce <__call_exitprocs>
    800012f6:	842a                	mv	s0,a0
    800012f8:	c781                	beqz	a5,80001300 <exit+0x18>
    800012fa:	4581                	li	a1,0
    800012fc:	2d3010ef          	jal	80002dce <__call_exitprocs>
    80001300:	8a81b783          	ld	a5,-1880(gp) # 80003260 <__stdio_exit_handler>
    80001304:	c391                	beqz	a5,80001308 <exit+0x20>
    80001306:	9782                	jalr	a5
    80001308:	8522                	mv	a0,s0
    8000130a:	073010ef          	jal	80002b7c <_exit>

000000008000130e <malloc>:
    8000130e:	85aa                	mv	a1,a0
    80001310:	00002517          	auipc	a0,0x2
    80001314:	ea853503          	ld	a0,-344(a0) # 800031b8 <_impure_ptr>
    80001318:	a0ad                	j	80001382 <_malloc_r>

000000008000131a <free>:
    8000131a:	85aa                	mv	a1,a0
    8000131c:	00002517          	auipc	a0,0x2
    80001320:	e9c53503          	ld	a0,-356(a0) # 800031b8 <_impure_ptr>
    80001324:	7200006f          	j	80001a44 <_free_r>

0000000080001328 <sbrk_aligned>:
    80001328:	1101                	addi	sp,sp,-32
    8000132a:	e04a                	sd	s2,0(sp)
    8000132c:	89818913          	addi	s2,gp,-1896 # 80003250 <__malloc_sbrk_start>
    80001330:	00093783          	ld	a5,0(s2)
    80001334:	e822                	sd	s0,16(sp)
    80001336:	e426                	sd	s1,8(sp)
    80001338:	ec06                	sd	ra,24(sp)
    8000133a:	84aa                	mv	s1,a0
    8000133c:	842e                	mv	s0,a1
    8000133e:	e791                	bnez	a5,8000134a <sbrk_aligned+0x22>
    80001340:	4581                	li	a1,0
    80001342:	684000ef          	jal	800019c6 <_sbrk_r>
    80001346:	00a93023          	sd	a0,0(s2)
    8000134a:	85a2                	mv	a1,s0
    8000134c:	8526                	mv	a0,s1
    8000134e:	678000ef          	jal	800019c6 <_sbrk_r>
    80001352:	597d                	li	s2,-1
    80001354:	01251a63          	bne	a0,s2,80001368 <sbrk_aligned+0x40>
    80001358:	547d                	li	s0,-1
    8000135a:	60e2                	ld	ra,24(sp)
    8000135c:	8522                	mv	a0,s0
    8000135e:	6442                	ld	s0,16(sp)
    80001360:	64a2                	ld	s1,8(sp)
    80001362:	6902                	ld	s2,0(sp)
    80001364:	6105                	addi	sp,sp,32
    80001366:	8082                	ret
    80001368:	00750413          	addi	s0,a0,7
    8000136c:	9861                	andi	s0,s0,-8
    8000136e:	fe8506e3          	beq	a0,s0,8000135a <sbrk_aligned+0x32>
    80001372:	40a405b3          	sub	a1,s0,a0
    80001376:	8526                	mv	a0,s1
    80001378:	64e000ef          	jal	800019c6 <_sbrk_r>
    8000137c:	fd251fe3          	bne	a0,s2,8000135a <sbrk_aligned+0x32>
    80001380:	bfe1                	j	80001358 <sbrk_aligned+0x30>

0000000080001382 <_malloc_r>:
    80001382:	00758793          	addi	a5,a1,7
    80001386:	7179                	addi	sp,sp,-48
    80001388:	9be1                	andi	a5,a5,-8
    8000138a:	ec26                	sd	s1,24(sp)
    8000138c:	e84a                	sd	s2,16(sp)
    8000138e:	f406                	sd	ra,40(sp)
    80001390:	f022                	sd	s0,32(sp)
    80001392:	e44e                	sd	s3,8(sp)
    80001394:	e052                	sd	s4,0(sp)
    80001396:	07a1                	addi	a5,a5,8
    80001398:	4741                	li	a4,16
    8000139a:	892a                	mv	s2,a0
    8000139c:	44c1                	li	s1,16
    8000139e:	00e7e363          	bltu	a5,a4,800013a4 <_malloc_r+0x22>
    800013a2:	84be                	mv	s1,a5
    800013a4:	80000737          	lui	a4,0x80000
    800013a8:	fff74713          	not	a4,a4
    800013ac:	00f76463          	bltu	a4,a5,800013b4 <_malloc_r+0x32>
    800013b0:	00b4fe63          	bgeu	s1,a1,800013cc <_malloc_r+0x4a>
    800013b4:	47b1                	li	a5,12
    800013b6:	00f92023          	sw	a5,0(s2)
    800013ba:	4501                	li	a0,0
    800013bc:	70a2                	ld	ra,40(sp)
    800013be:	7402                	ld	s0,32(sp)
    800013c0:	64e2                	ld	s1,24(sp)
    800013c2:	6942                	ld	s2,16(sp)
    800013c4:	69a2                	ld	s3,8(sp)
    800013c6:	6a02                	ld	s4,0(sp)
    800013c8:	6145                	addi	sp,sp,48
    800013ca:	8082                	ret
    800013cc:	854a                	mv	a0,s2
    800013ce:	0e4000ef          	jal	800014b2 <__malloc_lock>
    800013d2:	8a018993          	addi	s3,gp,-1888 # 80003258 <__malloc_free_list>
    800013d6:	0009b783          	ld	a5,0(s3)
    800013da:	843e                	mv	s0,a5
    800013dc:	ec21                	bnez	s0,80001434 <_malloc_r+0xb2>
    800013de:	85a6                	mv	a1,s1
    800013e0:	854a                	mv	a0,s2
    800013e2:	f47ff0ef          	jal	80001328 <sbrk_aligned>
    800013e6:	57fd                	li	a5,-1
    800013e8:	842a                	mv	s0,a0
    800013ea:	0af51f63          	bne	a0,a5,800014a8 <_malloc_r+0x126>
    800013ee:	0009b403          	ld	s0,0(s3)
    800013f2:	87a2                	mv	a5,s0
    800013f4:	efd1                	bnez	a5,80001490 <_malloc_r+0x10e>
    800013f6:	c055                	beqz	s0,8000149a <_malloc_r+0x118>
    800013f8:	00043a03          	ld	s4,0(s0)
    800013fc:	4581                	li	a1,0
    800013fe:	854a                	mv	a0,s2
    80001400:	9a22                	add	s4,s4,s0
    80001402:	5c4000ef          	jal	800019c6 <_sbrk_r>
    80001406:	08aa1a63          	bne	s4,a0,8000149a <_malloc_r+0x118>
    8000140a:	601c                	ld	a5,0(s0)
    8000140c:	854a                	mv	a0,s2
    8000140e:	8c9d                	sub	s1,s1,a5
    80001410:	85a6                	mv	a1,s1
    80001412:	f17ff0ef          	jal	80001328 <sbrk_aligned>
    80001416:	57fd                	li	a5,-1
    80001418:	08f50163          	beq	a0,a5,8000149a <_malloc_r+0x118>
    8000141c:	601c                	ld	a5,0(s0)
    8000141e:	97a6                	add	a5,a5,s1
    80001420:	e01c                	sd	a5,0(s0)
    80001422:	0009b783          	ld	a5,0(s3)
    80001426:	c3d9                	beqz	a5,800014ac <_malloc_r+0x12a>
    80001428:	6798                	ld	a4,8(a5)
    8000142a:	06871663          	bne	a4,s0,80001496 <_malloc_r+0x114>
    8000142e:	0007b423          	sd	zero,8(a5)
    80001432:	a015                	j	80001456 <_malloc_r+0xd4>
    80001434:	6014                	ld	a3,0(s0)
    80001436:	9e85                	subw	a3,a3,s1
    80001438:	0406c963          	bltz	a3,8000148a <_malloc_r+0x108>
    8000143c:	473d                	li	a4,15
    8000143e:	02d75e63          	bge	a4,a3,8000147a <_malloc_r+0xf8>
    80001442:	e004                	sd	s1,0(s0)
    80001444:	00940733          	add	a4,s0,s1
    80001448:	02879763          	bne	a5,s0,80001476 <_malloc_r+0xf4>
    8000144c:	00e9b023          	sd	a4,0(s3)
    80001450:	641c                	ld	a5,8(s0)
    80001452:	e314                	sd	a3,0(a4)
    80001454:	e71c                	sd	a5,8(a4)
    80001456:	854a                	mv	a0,s2
    80001458:	05c000ef          	jal	800014b4 <__malloc_unlock>
    8000145c:	00f40513          	addi	a0,s0,15
    80001460:	00840793          	addi	a5,s0,8
    80001464:	9961                	andi	a0,a0,-8
    80001466:	40f507bb          	subw	a5,a0,a5
    8000146a:	dba9                	beqz	a5,800013bc <_malloc_r+0x3a>
    8000146c:	943e                	add	s0,s0,a5
    8000146e:	40f007bb          	negw	a5,a5
    80001472:	e01c                	sd	a5,0(s0)
    80001474:	b7a1                	j	800013bc <_malloc_r+0x3a>
    80001476:	e798                	sd	a4,8(a5)
    80001478:	bfe1                	j	80001450 <_malloc_r+0xce>
    8000147a:	6418                	ld	a4,8(s0)
    8000147c:	00879563          	bne	a5,s0,80001486 <_malloc_r+0x104>
    80001480:	00e9b023          	sd	a4,0(s3)
    80001484:	bfc9                	j	80001456 <_malloc_r+0xd4>
    80001486:	e798                	sd	a4,8(a5)
    80001488:	b7f9                	j	80001456 <_malloc_r+0xd4>
    8000148a:	87a2                	mv	a5,s0
    8000148c:	6400                	ld	s0,8(s0)
    8000148e:	b7b9                	j	800013dc <_malloc_r+0x5a>
    80001490:	843e                	mv	s0,a5
    80001492:	679c                	ld	a5,8(a5)
    80001494:	b785                	j	800013f4 <_malloc_r+0x72>
    80001496:	87ba                	mv	a5,a4
    80001498:	b779                	j	80001426 <_malloc_r+0xa4>
    8000149a:	47b1                	li	a5,12
    8000149c:	00f92023          	sw	a5,0(s2)
    800014a0:	854a                	mv	a0,s2
    800014a2:	012000ef          	jal	800014b4 <__malloc_unlock>
    800014a6:	bf11                	j	800013ba <_malloc_r+0x38>
    800014a8:	e104                	sd	s1,0(a0)
    800014aa:	b775                	j	80001456 <_malloc_r+0xd4>
    800014ac:	00003423          	sd	zero,8(zero) # 8 <__boot_hart+0x8>
    800014b0:	9002                	ebreak

00000000800014b2 <__malloc_lock>:
    800014b2:	8082                	ret

00000000800014b4 <__malloc_unlock>:
    800014b4:	8082                	ret

00000000800014b6 <__fp_lock>:
    800014b6:	4501                	li	a0,0
    800014b8:	8082                	ret

00000000800014ba <std>:
    800014ba:	1141                	addi	sp,sp,-16
    800014bc:	e022                	sd	s0,0(sp)
    800014be:	e406                	sd	ra,8(sp)
    800014c0:	842a                	mv	s0,a0
    800014c2:	00b51823          	sh	a1,16(a0)
    800014c6:	00c51923          	sh	a2,18(a0)
    800014ca:	00053023          	sd	zero,0(a0)
    800014ce:	00053423          	sd	zero,8(a0)
    800014d2:	0a052623          	sw	zero,172(a0)
    800014d6:	00053c23          	sd	zero,24(a0)
    800014da:	02052023          	sw	zero,32(a0)
    800014de:	02052423          	sw	zero,40(a0)
    800014e2:	4621                	li	a2,8
    800014e4:	4581                	li	a1,0
    800014e6:	0a450513          	addi	a0,a0,164
    800014ea:	53a000ef          	jal	80001a24 <memset>
    800014ee:	00000797          	auipc	a5,0x0
    800014f2:	2c478793          	addi	a5,a5,708 # 800017b2 <__sread>
    800014f6:	e03c                	sd	a5,64(s0)
    800014f8:	00000797          	auipc	a5,0x0
    800014fc:	2f078793          	addi	a5,a5,752 # 800017e8 <__swrite>
    80001500:	e43c                	sd	a5,72(s0)
    80001502:	00000797          	auipc	a5,0x0
    80001506:	33678793          	addi	a5,a5,822 # 80001838 <__sseek>
    8000150a:	e83c                	sd	a5,80(s0)
    8000150c:	00000797          	auipc	a5,0x0
    80001510:	36478793          	addi	a5,a5,868 # 80001870 <__sclose>
    80001514:	60a2                	ld	ra,8(sp)
    80001516:	fc00                	sd	s0,56(s0)
    80001518:	ec3c                	sd	a5,88(s0)
    8000151a:	6402                	ld	s0,0(sp)
    8000151c:	0141                	addi	sp,sp,16
    8000151e:	8082                	ret

0000000080001520 <stdio_exit_handler>:
    80001520:	00002617          	auipc	a2,0x2
    80001524:	bf060613          	addi	a2,a2,-1040 # 80003110 <__sglue>
    80001528:	00001597          	auipc	a1,0x1
    8000152c:	dc658593          	addi	a1,a1,-570 # 800022ee <_fflush_r>
    80001530:	00002517          	auipc	a0,0x2
    80001534:	bf850513          	addi	a0,a0,-1032 # 80003128 <_impure_data>
    80001538:	a2c1                	j	800016f8 <_fwalk_sglue>

000000008000153a <cleanup_stdio>:
    8000153a:	650c                	ld	a1,8(a0)
    8000153c:	1141                	addi	sp,sp,-16
    8000153e:	e022                	sd	s0,0(sp)
    80001540:	e406                	sd	ra,8(sp)
    80001542:	f2018793          	addi	a5,gp,-224 # 800038d8 <__sf>
    80001546:	842a                	mv	s0,a0
    80001548:	00f58463          	beq	a1,a5,80001550 <cleanup_stdio+0x16>
    8000154c:	5a3000ef          	jal	800022ee <_fflush_r>
    80001550:	680c                	ld	a1,16(s0)
    80001552:	fd018793          	addi	a5,gp,-48 # 80003988 <__sf+0xb0>
    80001556:	00f58563          	beq	a1,a5,80001560 <cleanup_stdio+0x26>
    8000155a:	8522                	mv	a0,s0
    8000155c:	593000ef          	jal	800022ee <_fflush_r>
    80001560:	6c0c                	ld	a1,24(s0)
    80001562:	08018793          	addi	a5,gp,128 # 80003a38 <__global_pointer$+0x80>
    80001566:	00f58863          	beq	a1,a5,80001576 <cleanup_stdio+0x3c>
    8000156a:	8522                	mv	a0,s0
    8000156c:	6402                	ld	s0,0(sp)
    8000156e:	60a2                	ld	ra,8(sp)
    80001570:	0141                	addi	sp,sp,16
    80001572:	57d0006f          	j	800022ee <_fflush_r>
    80001576:	60a2                	ld	ra,8(sp)
    80001578:	6402                	ld	s0,0(sp)
    8000157a:	0141                	addi	sp,sp,16
    8000157c:	8082                	ret

000000008000157e <global_stdio_init.part.0>:
    8000157e:	1141                	addi	sp,sp,-16
    80001580:	00000797          	auipc	a5,0x0
    80001584:	fa078793          	addi	a5,a5,-96 # 80001520 <stdio_exit_handler>
    80001588:	4601                	li	a2,0
    8000158a:	4591                	li	a1,4
    8000158c:	f2018513          	addi	a0,gp,-224 # 800038d8 <__sf>
    80001590:	e406                	sd	ra,8(sp)
    80001592:	8af1b423          	sd	a5,-1880(gp) # 80003260 <__stdio_exit_handler>
    80001596:	f25ff0ef          	jal	800014ba <std>
    8000159a:	4605                	li	a2,1
    8000159c:	45a5                	li	a1,9
    8000159e:	fd018513          	addi	a0,gp,-48 # 80003988 <__sf+0xb0>
    800015a2:	f19ff0ef          	jal	800014ba <std>
    800015a6:	60a2                	ld	ra,8(sp)
    800015a8:	4609                	li	a2,2
    800015aa:	45c9                	li	a1,18
    800015ac:	08018513          	addi	a0,gp,128 # 80003a38 <__global_pointer$+0x80>
    800015b0:	0141                	addi	sp,sp,16
    800015b2:	b721                	j	800014ba <std>

00000000800015b4 <__fp_unlock>:
    800015b4:	4501                	li	a0,0
    800015b6:	8082                	ret

00000000800015b8 <__sfp>:
    800015b8:	1101                	addi	sp,sp,-32
    800015ba:	e04a                	sd	s2,0(sp)
    800015bc:	ec06                	sd	ra,24(sp)
    800015be:	e822                	sd	s0,16(sp)
    800015c0:	e426                	sd	s1,8(sp)
    800015c2:	8a81b783          	ld	a5,-1880(gp) # 80003260 <__stdio_exit_handler>
    800015c6:	892a                	mv	s2,a0
    800015c8:	e399                	bnez	a5,800015ce <__sfp+0x16>
    800015ca:	fb5ff0ef          	jal	8000157e <global_stdio_init.part.0>
    800015ce:	00002497          	auipc	s1,0x2
    800015d2:	b4248493          	addi	s1,s1,-1214 # 80003110 <__sglue>
    800015d6:	6880                	ld	s0,16(s1)
    800015d8:	449c                	lw	a5,8(s1)
    800015da:	37fd                	addiw	a5,a5,-1
    800015dc:	0207d163          	bgez	a5,800015fe <__sfp+0x46>
    800015e0:	609c                	ld	a5,0(s1)
    800015e2:	e7c1                	bnez	a5,8000166a <__sfp+0xb2>
    800015e4:	2d800593          	li	a1,728
    800015e8:	854a                	mv	a0,s2
    800015ea:	d99ff0ef          	jal	80001382 <_malloc_r>
    800015ee:	842a                	mv	s0,a0
    800015f0:	e12d                	bnez	a0,80001652 <__sfp+0x9a>
    800015f2:	0004b023          	sd	zero,0(s1)
    800015f6:	47b1                	li	a5,12
    800015f8:	00f92023          	sw	a5,0(s2)
    800015fc:	a089                	j	8000163e <__sfp+0x86>
    800015fe:	01041703          	lh	a4,16(s0)
    80001602:	e729                	bnez	a4,8000164c <__sfp+0x94>
    80001604:	77c1                	lui	a5,0xffff0
    80001606:	0785                	addi	a5,a5,1 # ffffffffffff0001 <__heap_end+0xffffffff7ffcc001>
    80001608:	0a042623          	sw	zero,172(s0)
    8000160c:	00043023          	sd	zero,0(s0)
    80001610:	00043423          	sd	zero,8(s0)
    80001614:	c81c                	sw	a5,16(s0)
    80001616:	00043c23          	sd	zero,24(s0)
    8000161a:	02042023          	sw	zero,32(s0)
    8000161e:	02042423          	sw	zero,40(s0)
    80001622:	4621                	li	a2,8
    80001624:	4581                	li	a1,0
    80001626:	0a440513          	addi	a0,s0,164
    8000162a:	3fa000ef          	jal	80001a24 <memset>
    8000162e:	06043023          	sd	zero,96(s0)
    80001632:	06042423          	sw	zero,104(s0)
    80001636:	08043023          	sd	zero,128(s0)
    8000163a:	08042423          	sw	zero,136(s0)
    8000163e:	60e2                	ld	ra,24(sp)
    80001640:	8522                	mv	a0,s0
    80001642:	6442                	ld	s0,16(sp)
    80001644:	64a2                	ld	s1,8(sp)
    80001646:	6902                	ld	s2,0(sp)
    80001648:	6105                	addi	sp,sp,32
    8000164a:	8082                	ret
    8000164c:	0b040413          	addi	s0,s0,176
    80001650:	b769                	j	800015da <__sfp+0x22>
    80001652:	4791                	li	a5,4
    80001654:	00053023          	sd	zero,0(a0)
    80001658:	c51c                	sw	a5,8(a0)
    8000165a:	0561                	addi	a0,a0,24
    8000165c:	e808                	sd	a0,16(s0)
    8000165e:	2c000613          	li	a2,704
    80001662:	4581                	li	a1,0
    80001664:	3c0000ef          	jal	80001a24 <memset>
    80001668:	e080                	sd	s0,0(s1)
    8000166a:	6084                	ld	s1,0(s1)
    8000166c:	b7ad                	j	800015d6 <__sfp+0x1e>

000000008000166e <__sinit>:
    8000166e:	613c                	ld	a5,64(a0)
    80001670:	eb91                	bnez	a5,80001684 <__sinit+0x16>
    80001672:	00000797          	auipc	a5,0x0
    80001676:	ec878793          	addi	a5,a5,-312 # 8000153a <cleanup_stdio>
    8000167a:	e13c                	sd	a5,64(a0)
    8000167c:	8a81b783          	ld	a5,-1880(gp) # 80003260 <__stdio_exit_handler>
    80001680:	e391                	bnez	a5,80001684 <__sinit+0x16>
    80001682:	bdf5                	j	8000157e <global_stdio_init.part.0>
    80001684:	8082                	ret

0000000080001686 <__sfp_lock_acquire>:
    80001686:	8082                	ret

0000000080001688 <__sfp_lock_release>:
    80001688:	8082                	ret

000000008000168a <__fp_lock_all>:
    8000168a:	00002617          	auipc	a2,0x2
    8000168e:	a8660613          	addi	a2,a2,-1402 # 80003110 <__sglue>
    80001692:	00000597          	auipc	a1,0x0
    80001696:	e2458593          	addi	a1,a1,-476 # 800014b6 <__fp_lock>
    8000169a:	4501                	li	a0,0
    8000169c:	a8b1                	j	800016f8 <_fwalk_sglue>

000000008000169e <__fp_unlock_all>:
    8000169e:	00002617          	auipc	a2,0x2
    800016a2:	a7260613          	addi	a2,a2,-1422 # 80003110 <__sglue>
    800016a6:	00000597          	auipc	a1,0x0
    800016aa:	f0e58593          	addi	a1,a1,-242 # 800015b4 <__fp_unlock>
    800016ae:	4501                	li	a0,0
    800016b0:	a0a1                	j	800016f8 <_fwalk_sglue>

00000000800016b2 <_fiprintf_r>:
    800016b2:	715d                	addi	sp,sp,-80
    800016b4:	f436                	sd	a3,40(sp)
    800016b6:	1034                	addi	a3,sp,40
    800016b8:	ec06                	sd	ra,24(sp)
    800016ba:	f83a                	sd	a4,48(sp)
    800016bc:	fc3e                	sd	a5,56(sp)
    800016be:	e0c2                	sd	a6,64(sp)
    800016c0:	e4c6                	sd	a7,72(sp)
    800016c2:	e436                	sd	a3,8(sp)
    800016c4:	4b6000ef          	jal	80001b7a <_vfiprintf_r>
    800016c8:	60e2                	ld	ra,24(sp)
    800016ca:	6161                	addi	sp,sp,80
    800016cc:	8082                	ret

00000000800016ce <fiprintf>:
    800016ce:	715d                	addi	sp,sp,-80
    800016d0:	f032                	sd	a2,32(sp)
    800016d2:	f436                	sd	a3,40(sp)
    800016d4:	862e                	mv	a2,a1
    800016d6:	1014                	addi	a3,sp,32
    800016d8:	85aa                	mv	a1,a0
    800016da:	00002517          	auipc	a0,0x2
    800016de:	ade53503          	ld	a0,-1314(a0) # 800031b8 <_impure_ptr>
    800016e2:	ec06                	sd	ra,24(sp)
    800016e4:	f83a                	sd	a4,48(sp)
    800016e6:	fc3e                	sd	a5,56(sp)
    800016e8:	e0c2                	sd	a6,64(sp)
    800016ea:	e4c6                	sd	a7,72(sp)
    800016ec:	e436                	sd	a3,8(sp)
    800016ee:	48c000ef          	jal	80001b7a <_vfiprintf_r>
    800016f2:	60e2                	ld	ra,24(sp)
    800016f4:	6161                	addi	sp,sp,80
    800016f6:	8082                	ret

00000000800016f8 <_fwalk_sglue>:
    800016f8:	715d                	addi	sp,sp,-80
    800016fa:	e0a2                	sd	s0,64(sp)
    800016fc:	fc26                	sd	s1,56(sp)
    800016fe:	f44e                	sd	s3,40(sp)
    80001700:	f052                	sd	s4,32(sp)
    80001702:	e85a                	sd	s6,16(sp)
    80001704:	e45e                	sd	s7,8(sp)
    80001706:	e486                	sd	ra,72(sp)
    80001708:	f84a                	sd	s2,48(sp)
    8000170a:	ec56                	sd	s5,24(sp)
    8000170c:	89aa                	mv	s3,a0
    8000170e:	8a2e                	mv	s4,a1
    80001710:	8432                	mv	s0,a2
    80001712:	4481                	li	s1,0
    80001714:	4b05                	li	s6,1
    80001716:	5bfd                	li	s7,-1
    80001718:	01043903          	ld	s2,16(s0)
    8000171c:	00842a83          	lw	s5,8(s0)
    80001720:	3afd                	addiw	s5,s5,-1
    80001722:	020ad063          	bgez	s5,80001742 <_fwalk_sglue+0x4a>
    80001726:	6000                	ld	s0,0(s0)
    80001728:	f865                	bnez	s0,80001718 <_fwalk_sglue+0x20>
    8000172a:	60a6                	ld	ra,72(sp)
    8000172c:	6406                	ld	s0,64(sp)
    8000172e:	7942                	ld	s2,48(sp)
    80001730:	79a2                	ld	s3,40(sp)
    80001732:	7a02                	ld	s4,32(sp)
    80001734:	6ae2                	ld	s5,24(sp)
    80001736:	6b42                	ld	s6,16(sp)
    80001738:	6ba2                	ld	s7,8(sp)
    8000173a:	8526                	mv	a0,s1
    8000173c:	74e2                	ld	s1,56(sp)
    8000173e:	6161                	addi	sp,sp,80
    80001740:	8082                	ret
    80001742:	01095783          	lhu	a5,16(s2)
    80001746:	00fb7b63          	bgeu	s6,a5,8000175c <_fwalk_sglue+0x64>
    8000174a:	01291783          	lh	a5,18(s2)
    8000174e:	01778763          	beq	a5,s7,8000175c <_fwalk_sglue+0x64>
    80001752:	85ca                	mv	a1,s2
    80001754:	854e                	mv	a0,s3
    80001756:	9a02                	jalr	s4
    80001758:	8cc9                	or	s1,s1,a0
    8000175a:	2481                	sext.w	s1,s1
    8000175c:	0b090913          	addi	s2,s2,176
    80001760:	b7c1                	j	80001720 <_fwalk_sglue+0x28>

0000000080001762 <_iprintf_r>:
    80001762:	715d                	addi	sp,sp,-80
    80001764:	f032                	sd	a2,32(sp)
    80001766:	f436                	sd	a3,40(sp)
    80001768:	f83a                	sd	a4,48(sp)
    8000176a:	fc3e                	sd	a5,56(sp)
    8000176c:	e0c2                	sd	a6,64(sp)
    8000176e:	e4c6                	sd	a7,72(sp)
    80001770:	862e                	mv	a2,a1
    80001772:	690c                	ld	a1,16(a0)
    80001774:	1014                	addi	a3,sp,32
    80001776:	ec06                	sd	ra,24(sp)
    80001778:	e436                	sd	a3,8(sp)
    8000177a:	400000ef          	jal	80001b7a <_vfiprintf_r>
    8000177e:	60e2                	ld	ra,24(sp)
    80001780:	6161                	addi	sp,sp,80
    80001782:	8082                	ret

0000000080001784 <iprintf>:
    80001784:	711d                	addi	sp,sp,-96
    80001786:	f832                	sd	a2,48(sp)
    80001788:	fc36                	sd	a3,56(sp)
    8000178a:	e4be                	sd	a5,72(sp)
    8000178c:	f42e                	sd	a1,40(sp)
    8000178e:	e0ba                	sd	a4,64(sp)
    80001790:	e8c2                	sd	a6,80(sp)
    80001792:	ecc6                	sd	a7,88(sp)
    80001794:	00002797          	auipc	a5,0x2
    80001798:	a247b783          	ld	a5,-1500(a5) # 800031b8 <_impure_ptr>
    8000179c:	6b8c                	ld	a1,16(a5)
    8000179e:	1034                	addi	a3,sp,40
    800017a0:	862a                	mv	a2,a0
    800017a2:	853e                	mv	a0,a5
    800017a4:	ec06                	sd	ra,24(sp)
    800017a6:	e436                	sd	a3,8(sp)
    800017a8:	3d2000ef          	jal	80001b7a <_vfiprintf_r>
    800017ac:	60e2                	ld	ra,24(sp)
    800017ae:	6125                	addi	sp,sp,96
    800017b0:	8082                	ret

00000000800017b2 <__sread>:
    800017b2:	1141                	addi	sp,sp,-16
    800017b4:	e022                	sd	s0,0(sp)
    800017b6:	842e                	mv	s0,a1
    800017b8:	01259583          	lh	a1,18(a1)
    800017bc:	e406                	sd	ra,8(sp)
    800017be:	1dc000ef          	jal	8000199a <_read_r>
    800017c2:	00054963          	bltz	a0,800017d4 <__sread+0x22>
    800017c6:	6c5c                	ld	a5,152(s0)
    800017c8:	97aa                	add	a5,a5,a0
    800017ca:	ec5c                	sd	a5,152(s0)
    800017cc:	60a2                	ld	ra,8(sp)
    800017ce:	6402                	ld	s0,0(sp)
    800017d0:	0141                	addi	sp,sp,16
    800017d2:	8082                	ret
    800017d4:	01045783          	lhu	a5,16(s0)
    800017d8:	777d                	lui	a4,0xfffff
    800017da:	177d                	addi	a4,a4,-1 # ffffffffffffefff <__heap_end+0xffffffff7ffdafff>
    800017dc:	8ff9                	and	a5,a5,a4
    800017de:	00f41823          	sh	a5,16(s0)
    800017e2:	b7ed                	j	800017cc <__sread+0x1a>

00000000800017e4 <__seofread>:
    800017e4:	4501                	li	a0,0
    800017e6:	8082                	ret

00000000800017e8 <__swrite>:
    800017e8:	0105d783          	lhu	a5,16(a1)
    800017ec:	7179                	addi	sp,sp,-48
    800017ee:	f022                	sd	s0,32(sp)
    800017f0:	ec26                	sd	s1,24(sp)
    800017f2:	e84a                	sd	s2,16(sp)
    800017f4:	e44e                	sd	s3,8(sp)
    800017f6:	f406                	sd	ra,40(sp)
    800017f8:	1007f793          	andi	a5,a5,256
    800017fc:	84aa                	mv	s1,a0
    800017fe:	842e                	mv	s0,a1
    80001800:	8932                	mv	s2,a2
    80001802:	89b6                	mv	s3,a3
    80001804:	c799                	beqz	a5,80001812 <__swrite+0x2a>
    80001806:	01259583          	lh	a1,18(a1)
    8000180a:	4689                	li	a3,2
    8000180c:	4601                	li	a2,0
    8000180e:	160000ef          	jal	8000196e <_lseek_r>
    80001812:	01045783          	lhu	a5,16(s0)
    80001816:	777d                	lui	a4,0xfffff
    80001818:	177d                	addi	a4,a4,-1 # ffffffffffffefff <__heap_end+0xffffffff7ffdafff>
    8000181a:	8ff9                	and	a5,a5,a4
    8000181c:	01241583          	lh	a1,18(s0)
    80001820:	00f41823          	sh	a5,16(s0)
    80001824:	7402                	ld	s0,32(sp)
    80001826:	70a2                	ld	ra,40(sp)
    80001828:	86ce                	mv	a3,s3
    8000182a:	864a                	mv	a2,s2
    8000182c:	69a2                	ld	s3,8(sp)
    8000182e:	6942                	ld	s2,16(sp)
    80001830:	8526                	mv	a0,s1
    80001832:	64e2                	ld	s1,24(sp)
    80001834:	6145                	addi	sp,sp,48
    80001836:	aa65                	j	800019ee <_write_r>

0000000080001838 <__sseek>:
    80001838:	1141                	addi	sp,sp,-16
    8000183a:	e022                	sd	s0,0(sp)
    8000183c:	842e                	mv	s0,a1
    8000183e:	01259583          	lh	a1,18(a1)
    80001842:	e406                	sd	ra,8(sp)
    80001844:	12a000ef          	jal	8000196e <_lseek_r>
    80001848:	577d                	li	a4,-1
    8000184a:	01045783          	lhu	a5,16(s0)
    8000184e:	00e51b63          	bne	a0,a4,80001864 <__sseek+0x2c>
    80001852:	777d                	lui	a4,0xfffff
    80001854:	177d                	addi	a4,a4,-1 # ffffffffffffefff <__heap_end+0xffffffff7ffdafff>
    80001856:	8ff9                	and	a5,a5,a4
    80001858:	00f41823          	sh	a5,16(s0)
    8000185c:	60a2                	ld	ra,8(sp)
    8000185e:	6402                	ld	s0,0(sp)
    80001860:	0141                	addi	sp,sp,16
    80001862:	8082                	ret
    80001864:	6705                	lui	a4,0x1
    80001866:	8fd9                	or	a5,a5,a4
    80001868:	00f41823          	sh	a5,16(s0)
    8000186c:	ec48                	sd	a0,152(s0)
    8000186e:	b7fd                	j	8000185c <__sseek+0x24>

0000000080001870 <__sclose>:
    80001870:	01259583          	lh	a1,18(a1)
    80001874:	a009                	j	80001876 <_close_r>

0000000080001876 <_close_r>:
    80001876:	1141                	addi	sp,sp,-16
    80001878:	e022                	sd	s0,0(sp)
    8000187a:	842a                	mv	s0,a0
    8000187c:	852e                	mv	a0,a1
    8000187e:	8a01a823          	sw	zero,-1872(gp) # 80003268 <errno>
    80001882:	e406                	sd	ra,8(sp)
    80001884:	2e4010ef          	jal	80002b68 <_close>
    80001888:	57fd                	li	a5,-1
    8000188a:	00f51663          	bne	a0,a5,80001896 <_close_r+0x20>
    8000188e:	8b01a783          	lw	a5,-1872(gp) # 80003268 <errno>
    80001892:	c391                	beqz	a5,80001896 <_close_r+0x20>
    80001894:	c01c                	sw	a5,0(s0)
    80001896:	60a2                	ld	ra,8(sp)
    80001898:	6402                	ld	s0,0(sp)
    8000189a:	0141                	addi	sp,sp,16
    8000189c:	8082                	ret

000000008000189e <_reclaim_reent>:
    8000189e:	00002797          	auipc	a5,0x2
    800018a2:	91a7b783          	ld	a5,-1766(a5) # 800031b8 <_impure_ptr>
    800018a6:	0ca78363          	beq	a5,a0,8000196c <_reclaim_reent+0xce>
    800018aa:	7d1c                	ld	a5,56(a0)
    800018ac:	7179                	addi	sp,sp,-48
    800018ae:	f022                	sd	s0,32(sp)
    800018b0:	f406                	sd	ra,40(sp)
    800018b2:	ec26                	sd	s1,24(sp)
    800018b4:	e84a                	sd	s2,16(sp)
    800018b6:	e44e                	sd	s3,8(sp)
    800018b8:	842a                	mv	s0,a0
    800018ba:	cb8d                	beqz	a5,800018ec <_reclaim_reent+0x4e>
    800018bc:	6f9c                	ld	a5,24(a5)
    800018be:	c38d                	beqz	a5,800018e0 <_reclaim_reent+0x42>
    800018c0:	4481                	li	s1,0
    800018c2:	20000913          	li	s2,512
    800018c6:	7c1c                	ld	a5,56(s0)
    800018c8:	6f9c                	ld	a5,24(a5)
    800018ca:	97a6                	add	a5,a5,s1
    800018cc:	638c                	ld	a1,0(a5)
    800018ce:	e1c9                	bnez	a1,80001950 <_reclaim_reent+0xb2>
    800018d0:	04a1                	addi	s1,s1,8
    800018d2:	ff249ae3          	bne	s1,s2,800018c6 <_reclaim_reent+0x28>
    800018d6:	7c1c                	ld	a5,56(s0)
    800018d8:	8522                	mv	a0,s0
    800018da:	6f8c                	ld	a1,24(a5)
    800018dc:	168000ef          	jal	80001a44 <_free_r>
    800018e0:	7c1c                	ld	a5,56(s0)
    800018e2:	638c                	ld	a1,0(a5)
    800018e4:	c581                	beqz	a1,800018ec <_reclaim_reent+0x4e>
    800018e6:	8522                	mv	a0,s0
    800018e8:	15c000ef          	jal	80001a44 <_free_r>
    800018ec:	740c                	ld	a1,40(s0)
    800018ee:	c581                	beqz	a1,800018f6 <_reclaim_reent+0x58>
    800018f0:	8522                	mv	a0,s0
    800018f2:	152000ef          	jal	80001a44 <_free_r>
    800018f6:	7c0c                	ld	a1,56(s0)
    800018f8:	c581                	beqz	a1,80001900 <_reclaim_reent+0x62>
    800018fa:	8522                	mv	a0,s0
    800018fc:	148000ef          	jal	80001a44 <_free_r>
    80001900:	6c2c                	ld	a1,88(s0)
    80001902:	c581                	beqz	a1,8000190a <_reclaim_reent+0x6c>
    80001904:	8522                	mv	a0,s0
    80001906:	13e000ef          	jal	80001a44 <_free_r>
    8000190a:	702c                	ld	a1,96(s0)
    8000190c:	c581                	beqz	a1,80001914 <_reclaim_reent+0x76>
    8000190e:	8522                	mv	a0,s0
    80001910:	134000ef          	jal	80001a44 <_free_r>
    80001914:	742c                	ld	a1,104(s0)
    80001916:	c581                	beqz	a1,8000191e <_reclaim_reent+0x80>
    80001918:	8522                	mv	a0,s0
    8000191a:	12a000ef          	jal	80001a44 <_free_r>
    8000191e:	644c                	ld	a1,136(s0)
    80001920:	c581                	beqz	a1,80001928 <_reclaim_reent+0x8a>
    80001922:	8522                	mv	a0,s0
    80001924:	120000ef          	jal	80001a44 <_free_r>
    80001928:	604c                	ld	a1,128(s0)
    8000192a:	c581                	beqz	a1,80001932 <_reclaim_reent+0x94>
    8000192c:	8522                	mv	a0,s0
    8000192e:	116000ef          	jal	80001a44 <_free_r>
    80001932:	682c                	ld	a1,80(s0)
    80001934:	c581                	beqz	a1,8000193c <_reclaim_reent+0x9e>
    80001936:	8522                	mv	a0,s0
    80001938:	10c000ef          	jal	80001a44 <_free_r>
    8000193c:	603c                	ld	a5,64(s0)
    8000193e:	c385                	beqz	a5,8000195e <_reclaim_reent+0xc0>
    80001940:	8522                	mv	a0,s0
    80001942:	7402                	ld	s0,32(sp)
    80001944:	70a2                	ld	ra,40(sp)
    80001946:	64e2                	ld	s1,24(sp)
    80001948:	6942                	ld	s2,16(sp)
    8000194a:	69a2                	ld	s3,8(sp)
    8000194c:	6145                	addi	sp,sp,48
    8000194e:	8782                	jr	a5
    80001950:	0005b983          	ld	s3,0(a1)
    80001954:	8522                	mv	a0,s0
    80001956:	0ee000ef          	jal	80001a44 <_free_r>
    8000195a:	85ce                	mv	a1,s3
    8000195c:	bf8d                	j	800018ce <_reclaim_reent+0x30>
    8000195e:	70a2                	ld	ra,40(sp)
    80001960:	7402                	ld	s0,32(sp)
    80001962:	64e2                	ld	s1,24(sp)
    80001964:	6942                	ld	s2,16(sp)
    80001966:	69a2                	ld	s3,8(sp)
    80001968:	6145                	addi	sp,sp,48
    8000196a:	8082                	ret
    8000196c:	8082                	ret

000000008000196e <_lseek_r>:
    8000196e:	1141                	addi	sp,sp,-16
    80001970:	e022                	sd	s0,0(sp)
    80001972:	842a                	mv	s0,a0
    80001974:	852e                	mv	a0,a1
    80001976:	85b2                	mv	a1,a2
    80001978:	8636                	mv	a2,a3
    8000197a:	8a01a823          	sw	zero,-1872(gp) # 80003268 <errno>
    8000197e:	e406                	sd	ra,8(sp)
    80001980:	252010ef          	jal	80002bd2 <_lseek>
    80001984:	57fd                	li	a5,-1
    80001986:	00f51663          	bne	a0,a5,80001992 <_lseek_r+0x24>
    8000198a:	8b01a783          	lw	a5,-1872(gp) # 80003268 <errno>
    8000198e:	c391                	beqz	a5,80001992 <_lseek_r+0x24>
    80001990:	c01c                	sw	a5,0(s0)
    80001992:	60a2                	ld	ra,8(sp)
    80001994:	6402                	ld	s0,0(sp)
    80001996:	0141                	addi	sp,sp,16
    80001998:	8082                	ret

000000008000199a <_read_r>:
    8000199a:	1141                	addi	sp,sp,-16
    8000199c:	e022                	sd	s0,0(sp)
    8000199e:	842a                	mv	s0,a0
    800019a0:	852e                	mv	a0,a1
    800019a2:	85b2                	mv	a1,a2
    800019a4:	8636                	mv	a2,a3
    800019a6:	8a01a823          	sw	zero,-1872(gp) # 80003268 <errno>
    800019aa:	e406                	sd	ra,8(sp)
    800019ac:	23a010ef          	jal	80002be6 <_read>
    800019b0:	57fd                	li	a5,-1
    800019b2:	00f51663          	bne	a0,a5,800019be <_read_r+0x24>
    800019b6:	8b01a783          	lw	a5,-1872(gp) # 80003268 <errno>
    800019ba:	c391                	beqz	a5,800019be <_read_r+0x24>
    800019bc:	c01c                	sw	a5,0(s0)
    800019be:	60a2                	ld	ra,8(sp)
    800019c0:	6402                	ld	s0,0(sp)
    800019c2:	0141                	addi	sp,sp,16
    800019c4:	8082                	ret

00000000800019c6 <_sbrk_r>:
    800019c6:	1141                	addi	sp,sp,-16
    800019c8:	e022                	sd	s0,0(sp)
    800019ca:	842a                	mv	s0,a0
    800019cc:	852e                	mv	a0,a1
    800019ce:	8a01a823          	sw	zero,-1872(gp) # 80003268 <errno>
    800019d2:	e406                	sd	ra,8(sp)
    800019d4:	228010ef          	jal	80002bfc <_sbrk>
    800019d8:	57fd                	li	a5,-1
    800019da:	00f51663          	bne	a0,a5,800019e6 <_sbrk_r+0x20>
    800019de:	8b01a783          	lw	a5,-1872(gp) # 80003268 <errno>
    800019e2:	c391                	beqz	a5,800019e6 <_sbrk_r+0x20>
    800019e4:	c01c                	sw	a5,0(s0)
    800019e6:	60a2                	ld	ra,8(sp)
    800019e8:	6402                	ld	s0,0(sp)
    800019ea:	0141                	addi	sp,sp,16
    800019ec:	8082                	ret

00000000800019ee <_write_r>:
    800019ee:	1141                	addi	sp,sp,-16
    800019f0:	e022                	sd	s0,0(sp)
    800019f2:	842a                	mv	s0,a0
    800019f4:	852e                	mv	a0,a1
    800019f6:	85b2                	mv	a1,a2
    800019f8:	8636                	mv	a2,a3
    800019fa:	8a01a823          	sw	zero,-1872(gp) # 80003268 <errno>
    800019fe:	e406                	sd	ra,8(sp)
    80001a00:	238010ef          	jal	80002c38 <_write>
    80001a04:	57fd                	li	a5,-1
    80001a06:	00f51663          	bne	a0,a5,80001a12 <_write_r+0x24>
    80001a0a:	8b01a783          	lw	a5,-1872(gp) # 80003268 <errno>
    80001a0e:	c391                	beqz	a5,80001a12 <_write_r+0x24>
    80001a10:	c01c                	sw	a5,0(s0)
    80001a12:	60a2                	ld	ra,8(sp)
    80001a14:	6402                	ld	s0,0(sp)
    80001a16:	0141                	addi	sp,sp,16
    80001a18:	8082                	ret

0000000080001a1a <__errno>:
    80001a1a:	00001517          	auipc	a0,0x1
    80001a1e:	79e53503          	ld	a0,1950(a0) # 800031b8 <_impure_ptr>
    80001a22:	8082                	ret

0000000080001a24 <memset>:
    80001a24:	832a                	mv	t1,a0
    80001a26:	c611                	beqz	a2,80001a32 <memset+0xe>
    80001a28:	00b30023          	sb	a1,0(t1)
    80001a2c:	167d                	addi	a2,a2,-1
    80001a2e:	0305                	addi	t1,t1,1
    80001a30:	fe65                	bnez	a2,80001a28 <memset+0x4>
    80001a32:	8082                	ret

0000000080001a34 <abort>:
    80001a34:	1141                	addi	sp,sp,-16
    80001a36:	4519                	li	a0,6
    80001a38:	e406                	sd	ra,8(sp)
    80001a3a:	6b3000ef          	jal	800028ec <raise>
    80001a3e:	4505                	li	a0,1
    80001a40:	13c010ef          	jal	80002b7c <_exit>

0000000080001a44 <_free_r>:
    80001a44:	c1c5                	beqz	a1,80001ae4 <_free_r+0xa0>
    80001a46:	ff85b783          	ld	a5,-8(a1)
    80001a4a:	1101                	addi	sp,sp,-32
    80001a4c:	e822                	sd	s0,16(sp)
    80001a4e:	ec06                	sd	ra,24(sp)
    80001a50:	ff858413          	addi	s0,a1,-8
    80001a54:	0007d363          	bgez	a5,80001a5a <_free_r+0x16>
    80001a58:	943e                	add	s0,s0,a5
    80001a5a:	e42a                	sd	a0,8(sp)
    80001a5c:	a57ff0ef          	jal	800014b2 <__malloc_lock>
    80001a60:	8a018713          	addi	a4,gp,-1888 # 80003258 <__malloc_free_list>
    80001a64:	631c                	ld	a5,0(a4)
    80001a66:	6522                	ld	a0,8(sp)
    80001a68:	eb89                	bnez	a5,80001a7a <_free_r+0x36>
    80001a6a:	00043423          	sd	zero,8(s0)
    80001a6e:	e300                	sd	s0,0(a4)
    80001a70:	6442                	ld	s0,16(sp)
    80001a72:	60e2                	ld	ra,24(sp)
    80001a74:	6105                	addi	sp,sp,32
    80001a76:	a3fff06f          	j	800014b4 <__malloc_unlock>
    80001a7a:	00f47d63          	bgeu	s0,a5,80001a94 <_free_r+0x50>
    80001a7e:	6010                	ld	a2,0(s0)
    80001a80:	00c406b3          	add	a3,s0,a2
    80001a84:	00d79663          	bne	a5,a3,80001a90 <_free_r+0x4c>
    80001a88:	6394                	ld	a3,0(a5)
    80001a8a:	679c                	ld	a5,8(a5)
    80001a8c:	96b2                	add	a3,a3,a2
    80001a8e:	e014                	sd	a3,0(s0)
    80001a90:	e41c                	sd	a5,8(s0)
    80001a92:	bff1                	j	80001a6e <_free_r+0x2a>
    80001a94:	873e                	mv	a4,a5
    80001a96:	679c                	ld	a5,8(a5)
    80001a98:	c399                	beqz	a5,80001a9e <_free_r+0x5a>
    80001a9a:	fef47de3          	bgeu	s0,a5,80001a94 <_free_r+0x50>
    80001a9e:	6314                	ld	a3,0(a4)
    80001aa0:	00d70633          	add	a2,a4,a3
    80001aa4:	00861f63          	bne	a2,s0,80001ac2 <_free_r+0x7e>
    80001aa8:	6010                	ld	a2,0(s0)
    80001aaa:	96b2                	add	a3,a3,a2
    80001aac:	e314                	sd	a3,0(a4)
    80001aae:	00d70633          	add	a2,a4,a3
    80001ab2:	fac79fe3          	bne	a5,a2,80001a70 <_free_r+0x2c>
    80001ab6:	6390                	ld	a2,0(a5)
    80001ab8:	679c                	ld	a5,8(a5)
    80001aba:	96b2                	add	a3,a3,a2
    80001abc:	e314                	sd	a3,0(a4)
    80001abe:	e71c                	sd	a5,8(a4)
    80001ac0:	bf45                	j	80001a70 <_free_r+0x2c>
    80001ac2:	00c47563          	bgeu	s0,a2,80001acc <_free_r+0x88>
    80001ac6:	47b1                	li	a5,12
    80001ac8:	c11c                	sw	a5,0(a0)
    80001aca:	b75d                	j	80001a70 <_free_r+0x2c>
    80001acc:	6010                	ld	a2,0(s0)
    80001ace:	00c406b3          	add	a3,s0,a2
    80001ad2:	00d79663          	bne	a5,a3,80001ade <_free_r+0x9a>
    80001ad6:	6394                	ld	a3,0(a5)
    80001ad8:	679c                	ld	a5,8(a5)
    80001ada:	96b2                	add	a3,a3,a2
    80001adc:	e014                	sd	a3,0(s0)
    80001ade:	e41c                	sd	a5,8(s0)
    80001ae0:	e700                	sd	s0,8(a4)
    80001ae2:	b779                	j	80001a70 <_free_r+0x2c>
    80001ae4:	8082                	ret

0000000080001ae6 <__sfputc_r>:
    80001ae6:	465c                	lw	a5,12(a2)
    80001ae8:	fff7871b          	addiw	a4,a5,-1
    80001aec:	c658                	sw	a4,12(a2)
    80001aee:	00075a63          	bgez	a4,80001b02 <__sfputc_r+0x1c>
    80001af2:	561c                	lw	a5,40(a2)
    80001af4:	00f74563          	blt	a4,a5,80001afe <__sfputc_r+0x18>
    80001af8:	47a9                	li	a5,10
    80001afa:	00f59463          	bne	a1,a5,80001b02 <__sfputc_r+0x1c>
    80001afe:	3290006f          	j	80002626 <__swbuf_r>
    80001b02:	621c                	ld	a5,0(a2)
    80001b04:	852e                	mv	a0,a1
    80001b06:	00178713          	addi	a4,a5,1
    80001b0a:	e218                	sd	a4,0(a2)
    80001b0c:	00b78023          	sb	a1,0(a5)
    80001b10:	8082                	ret

0000000080001b12 <__sfputs_r>:
    80001b12:	7179                	addi	sp,sp,-48
    80001b14:	f022                	sd	s0,32(sp)
    80001b16:	ec26                	sd	s1,24(sp)
    80001b18:	e84a                	sd	s2,16(sp)
    80001b1a:	e44e                	sd	s3,8(sp)
    80001b1c:	e052                	sd	s4,0(sp)
    80001b1e:	f406                	sd	ra,40(sp)
    80001b20:	892a                	mv	s2,a0
    80001b22:	89ae                	mv	s3,a1
    80001b24:	8432                	mv	s0,a2
    80001b26:	00d604b3          	add	s1,a2,a3
    80001b2a:	5a7d                	li	s4,-1
    80001b2c:	00941463          	bne	s0,s1,80001b34 <__sfputs_r+0x22>
    80001b30:	4501                	li	a0,0
    80001b32:	a811                	j	80001b46 <__sfputs_r+0x34>
    80001b34:	00044583          	lbu	a1,0(s0)
    80001b38:	864e                	mv	a2,s3
    80001b3a:	854a                	mv	a0,s2
    80001b3c:	fabff0ef          	jal	80001ae6 <__sfputc_r>
    80001b40:	0405                	addi	s0,s0,1
    80001b42:	ff4515e3          	bne	a0,s4,80001b2c <__sfputs_r+0x1a>
    80001b46:	70a2                	ld	ra,40(sp)
    80001b48:	7402                	ld	s0,32(sp)
    80001b4a:	64e2                	ld	s1,24(sp)
    80001b4c:	6942                	ld	s2,16(sp)
    80001b4e:	69a2                	ld	s3,8(sp)
    80001b50:	6a02                	ld	s4,0(sp)
    80001b52:	6145                	addi	sp,sp,48
    80001b54:	8082                	ret

0000000080001b56 <__sprint_r>:
    80001b56:	6a1c                	ld	a5,16(a2)
    80001b58:	1141                	addi	sp,sp,-16
    80001b5a:	e022                	sd	s0,0(sp)
    80001b5c:	e406                	sd	ra,8(sp)
    80001b5e:	8432                	mv	s0,a2
    80001b60:	cb99                	beqz	a5,80001b76 <__sprint_r+0x20>
    80001b62:	7ee000ef          	jal	80002350 <__sfvwrite_r>
    80001b66:	00043823          	sd	zero,16(s0)
    80001b6a:	60a2                	ld	ra,8(sp)
    80001b6c:	00042423          	sw	zero,8(s0)
    80001b70:	6402                	ld	s0,0(sp)
    80001b72:	0141                	addi	sp,sp,16
    80001b74:	8082                	ret
    80001b76:	4501                	li	a0,0
    80001b78:	bfcd                	j	80001b6a <__sprint_r+0x14>

0000000080001b7a <_vfiprintf_r>:
    80001b7a:	7155                	addi	sp,sp,-208
    80001b7c:	e1a2                	sd	s0,192(sp)
    80001b7e:	fd26                	sd	s1,184(sp)
    80001b80:	f94a                	sd	s2,176(sp)
    80001b82:	f54e                	sd	s3,168(sp)
    80001b84:	f152                	sd	s4,160(sp)
    80001b86:	e586                	sd	ra,200(sp)
    80001b88:	ed56                	sd	s5,152(sp)
    80001b8a:	e95a                	sd	s6,144(sp)
    80001b8c:	e55e                	sd	s7,136(sp)
    80001b8e:	e162                	sd	s8,128(sp)
    80001b90:	fce6                	sd	s9,120(sp)
    80001b92:	f8ea                	sd	s10,112(sp)
    80001b94:	8a2a                	mv	s4,a0
    80001b96:	892e                	mv	s2,a1
    80001b98:	84b2                	mv	s1,a2
    80001b9a:	8436                	mv	s0,a3
    80001b9c:	4981                	li	s3,0
    80001b9e:	c509                	beqz	a0,80001ba8 <_vfiprintf_r+0x2e>
    80001ba0:	613c                	ld	a5,64(a0)
    80001ba2:	e399                	bnez	a5,80001ba8 <_vfiprintf_r+0x2e>
    80001ba4:	acbff0ef          	jal	8000166e <__sinit>
    80001ba8:	01095783          	lhu	a5,16(s2)
    80001bac:	8ba1                	andi	a5,a5,8
    80001bae:	cbe1                	beqz	a5,80001c7e <_vfiprintf_r+0x104>
    80001bb0:	01893783          	ld	a5,24(s2)
    80001bb4:	c7e9                	beqz	a5,80001c7e <_vfiprintf_r+0x104>
    80001bb6:	02000793          	li	a5,32
    80001bba:	02f104a3          	sb	a5,41(sp)
    80001bbe:	5afd                	li	s5,-1
    80001bc0:	03000793          	li	a5,48
    80001bc4:	d202                	sw	zero,36(sp)
    80001bc6:	02f10523          	sb	a5,42(sp)
    80001bca:	e422                	sd	s0,8(sp)
    80001bcc:	02500b93          	li	s7,37
    80001bd0:	020a9c13          	slli	s8,s5,0x20
    80001bd4:	00001b17          	auipc	s6,0x1
    80001bd8:	42cb0b13          	addi	s6,s6,1068 # 80003000 <__tbss_end+0x16a>
    80001bdc:	4c85                	li	s9,1
    80001bde:	8426                	mv	s0,s1
    80001be0:	00044783          	lbu	a5,0(s0)
    80001be4:	c399                	beqz	a5,80001bea <_vfiprintf_r+0x70>
    80001be6:	0d779063          	bne	a5,s7,80001ca6 <_vfiprintf_r+0x12c>
    80001bea:	40940d3b          	subw	s10,s0,s1
    80001bee:	000d0e63          	beqz	s10,80001c0a <_vfiprintf_r+0x90>
    80001bf2:	86ea                	mv	a3,s10
    80001bf4:	8626                	mv	a2,s1
    80001bf6:	85ca                	mv	a1,s2
    80001bf8:	8552                	mv	a0,s4
    80001bfa:	f19ff0ef          	jal	80001b12 <__sfputs_r>
    80001bfe:	1d550963          	beq	a0,s5,80001dd0 <_vfiprintf_r+0x256>
    80001c02:	5792                	lw	a5,36(sp)
    80001c04:	01a787bb          	addw	a5,a5,s10
    80001c08:	d23e                	sw	a5,36(sp)
    80001c0a:	00044783          	lbu	a5,0(s0)
    80001c0e:	1c078163          	beqz	a5,80001dd0 <_vfiprintf_r+0x256>
    80001c12:	00140493          	addi	s1,s0,1
    80001c16:	e862                	sd	s8,16(sp)
    80001c18:	ec02                	sd	zero,24(sp)
    80001c1a:	040109a3          	sb	zero,83(sp)
    80001c1e:	d482                	sw	zero,104(sp)
    80001c20:	0004c583          	lbu	a1,0(s1)
    80001c24:	4615                	li	a2,5
    80001c26:	855a                	mv	a0,s6
    80001c28:	377000ef          	jal	8000279e <memchr>
    80001c2c:	47c2                	lw	a5,16(sp)
    80001c2e:	00148413          	addi	s0,s1,1
    80001c32:	ed25                	bnez	a0,80001caa <_vfiprintf_r+0x130>
    80001c34:	0107f713          	andi	a4,a5,16
    80001c38:	c709                	beqz	a4,80001c42 <_vfiprintf_r+0xc8>
    80001c3a:	02000713          	li	a4,32
    80001c3e:	04e109a3          	sb	a4,83(sp)
    80001c42:	0087f713          	andi	a4,a5,8
    80001c46:	c709                	beqz	a4,80001c50 <_vfiprintf_r+0xd6>
    80001c48:	02b00713          	li	a4,43
    80001c4c:	04e109a3          	sb	a4,83(sp)
    80001c50:	0004c683          	lbu	a3,0(s1)
    80001c54:	02a00713          	li	a4,42
    80001c58:	06e68163          	beq	a3,a4,80001cba <_vfiprintf_r+0x140>
    80001c5c:	47f2                	lw	a5,28(sp)
    80001c5e:	8426                	mv	s0,s1
    80001c60:	4681                	li	a3,0
    80001c62:	4625                	li	a2,9
    80001c64:	4829                	li	a6,10
    80001c66:	00044703          	lbu	a4,0(s0)
    80001c6a:	00140513          	addi	a0,s0,1
    80001c6e:	fd07059b          	addiw	a1,a4,-48 # fd0 <__stack_align+0xfc0>
    80001c72:	872e                	mv	a4,a1
    80001c74:	08b67a63          	bgeu	a2,a1,80001d08 <_vfiprintf_r+0x18e>
    80001c78:	caa9                	beqz	a3,80001cca <_vfiprintf_r+0x150>
    80001c7a:	ce3e                	sw	a5,28(sp)
    80001c7c:	a0b9                	j	80001cca <_vfiprintf_r+0x150>
    80001c7e:	85ca                	mv	a1,s2
    80001c80:	8552                	mv	a0,s4
    80001c82:	24f000ef          	jal	800026d0 <__swsetup_r>
    80001c86:	d905                	beqz	a0,80001bb6 <_vfiprintf_r+0x3c>
    80001c88:	557d                	li	a0,-1
    80001c8a:	60ae                	ld	ra,200(sp)
    80001c8c:	640e                	ld	s0,192(sp)
    80001c8e:	74ea                	ld	s1,184(sp)
    80001c90:	794a                	ld	s2,176(sp)
    80001c92:	79aa                	ld	s3,168(sp)
    80001c94:	7a0a                	ld	s4,160(sp)
    80001c96:	6aea                	ld	s5,152(sp)
    80001c98:	6b4a                	ld	s6,144(sp)
    80001c9a:	6baa                	ld	s7,136(sp)
    80001c9c:	6c0a                	ld	s8,128(sp)
    80001c9e:	7ce6                	ld	s9,120(sp)
    80001ca0:	7d46                	ld	s10,112(sp)
    80001ca2:	6169                	addi	sp,sp,208
    80001ca4:	8082                	ret
    80001ca6:	0405                	addi	s0,s0,1
    80001ca8:	bf25                	j	80001be0 <_vfiprintf_r+0x66>
    80001caa:	41650533          	sub	a0,a0,s6
    80001cae:	00ac953b          	sllw	a0,s9,a0
    80001cb2:	8fc9                	or	a5,a5,a0
    80001cb4:	c83e                	sw	a5,16(sp)
    80001cb6:	84a2                	mv	s1,s0
    80001cb8:	b7a5                	j	80001c20 <_vfiprintf_r+0xa6>
    80001cba:	6722                	ld	a4,8(sp)
    80001cbc:	00870693          	addi	a3,a4,8
    80001cc0:	4318                	lw	a4,0(a4)
    80001cc2:	e436                	sd	a3,8(sp)
    80001cc4:	02074b63          	bltz	a4,80001cfa <_vfiprintf_r+0x180>
    80001cc8:	ce3a                	sw	a4,28(sp)
    80001cca:	00044703          	lbu	a4,0(s0)
    80001cce:	02e00793          	li	a5,46
    80001cd2:	06f71163          	bne	a4,a5,80001d34 <_vfiprintf_r+0x1ba>
    80001cd6:	00144703          	lbu	a4,1(s0)
    80001cda:	02a00793          	li	a5,42
    80001cde:	02f71b63          	bne	a4,a5,80001d14 <_vfiprintf_r+0x19a>
    80001ce2:	67a2                	ld	a5,8(sp)
    80001ce4:	0409                	addi	s0,s0,2
    80001ce6:	00878713          	addi	a4,a5,8
    80001cea:	e43a                	sd	a4,8(sp)
    80001cec:	4398                	lw	a4,0(a5)
    80001cee:	87ba                	mv	a5,a4
    80001cf0:	00075363          	bgez	a4,80001cf6 <_vfiprintf_r+0x17c>
    80001cf4:	57fd                	li	a5,-1
    80001cf6:	ca3e                	sw	a5,20(sp)
    80001cf8:	a835                	j	80001d34 <_vfiprintf_r+0x1ba>
    80001cfa:	40e0073b          	negw	a4,a4
    80001cfe:	0027e793          	ori	a5,a5,2
    80001d02:	ce3a                	sw	a4,28(sp)
    80001d04:	c83e                	sw	a5,16(sp)
    80001d06:	b7d1                	j	80001cca <_vfiprintf_r+0x150>
    80001d08:	02f807bb          	mulw	a5,a6,a5
    80001d0c:	842a                	mv	s0,a0
    80001d0e:	4685                	li	a3,1
    80001d10:	9fb9                	addw	a5,a5,a4
    80001d12:	bf91                	j	80001c66 <_vfiprintf_r+0xec>
    80001d14:	0405                	addi	s0,s0,1
    80001d16:	ca02                	sw	zero,20(sp)
    80001d18:	4681                	li	a3,0
    80001d1a:	4781                	li	a5,0
    80001d1c:	4625                	li	a2,9
    80001d1e:	4829                	li	a6,10
    80001d20:	00044703          	lbu	a4,0(s0)
    80001d24:	00140513          	addi	a0,s0,1
    80001d28:	fd07059b          	addiw	a1,a4,-48
    80001d2c:	872e                	mv	a4,a1
    80001d2e:	06b67c63          	bgeu	a2,a1,80001da6 <_vfiprintf_r+0x22c>
    80001d32:	f2f1                	bnez	a3,80001cf6 <_vfiprintf_r+0x17c>
    80001d34:	00044583          	lbu	a1,0(s0)
    80001d38:	460d                	li	a2,3
    80001d3a:	00001517          	auipc	a0,0x1
    80001d3e:	2ce50513          	addi	a0,a0,718 # 80003008 <__tbss_end+0x172>
    80001d42:	25d000ef          	jal	8000279e <memchr>
    80001d46:	cd11                	beqz	a0,80001d62 <_vfiprintf_r+0x1e8>
    80001d48:	00001797          	auipc	a5,0x1
    80001d4c:	2c078793          	addi	a5,a5,704 # 80003008 <__tbss_end+0x172>
    80001d50:	8d1d                	sub	a0,a0,a5
    80001d52:	47c2                	lw	a5,16(sp)
    80001d54:	04000713          	li	a4,64
    80001d58:	00a7173b          	sllw	a4,a4,a0
    80001d5c:	8fd9                	or	a5,a5,a4
    80001d5e:	0405                	addi	s0,s0,1
    80001d60:	c83e                	sw	a5,16(sp)
    80001d62:	00044583          	lbu	a1,0(s0)
    80001d66:	4619                	li	a2,6
    80001d68:	00001517          	auipc	a0,0x1
    80001d6c:	2a850513          	addi	a0,a0,680 # 80003010 <__tbss_end+0x17a>
    80001d70:	00140493          	addi	s1,s0,1
    80001d74:	02b10423          	sb	a1,40(sp)
    80001d78:	227000ef          	jal	8000279e <memchr>
    80001d7c:	c135                	beqz	a0,80001de0 <_vfiprintf_r+0x266>
    80001d7e:	00000793          	li	a5,0
    80001d82:	eb85                	bnez	a5,80001db2 <_vfiprintf_r+0x238>
    80001d84:	4742                	lw	a4,16(sp)
    80001d86:	67a2                	ld	a5,8(sp)
    80001d88:	10077713          	andi	a4,a4,256
    80001d8c:	00878693          	addi	a3,a5,8
    80001d90:	c709                	beqz	a4,80001d9a <_vfiprintf_r+0x220>
    80001d92:	07bd                	addi	a5,a5,15
    80001d94:	9bc1                	andi	a5,a5,-16
    80001d96:	01078693          	addi	a3,a5,16
    80001d9a:	e436                	sd	a3,8(sp)
    80001d9c:	5792                	lw	a5,36(sp)
    80001d9e:	013787bb          	addw	a5,a5,s3
    80001da2:	d23e                	sw	a5,36(sp)
    80001da4:	bd2d                	j	80001bde <_vfiprintf_r+0x64>
    80001da6:	02f807bb          	mulw	a5,a6,a5
    80001daa:	842a                	mv	s0,a0
    80001dac:	4685                	li	a3,1
    80001dae:	9fb9                	addw	a5,a5,a4
    80001db0:	bf85                	j	80001d20 <_vfiprintf_r+0x1a6>
    80001db2:	0038                	addi	a4,sp,8
    80001db4:	00000697          	auipc	a3,0x0
    80001db8:	d5e68693          	addi	a3,a3,-674 # 80001b12 <__sfputs_r>
    80001dbc:	864a                	mv	a2,s2
    80001dbe:	080c                	addi	a1,sp,16
    80001dc0:	8552                	mv	a0,s4
    80001dc2:	00000097          	auipc	ra,0x0
    80001dc6:	000000e7          	jalr	zero # 0 <__boot_hart>
    80001dca:	89aa                	mv	s3,a0
    80001dcc:	fd5518e3          	bne	a0,s5,80001d9c <_vfiprintf_r+0x222>
    80001dd0:	01095783          	lhu	a5,16(s2)
    80001dd4:	0407f793          	andi	a5,a5,64
    80001dd8:	ea0798e3          	bnez	a5,80001c88 <_vfiprintf_r+0x10e>
    80001ddc:	5512                	lw	a0,36(sp)
    80001dde:	b575                	j	80001c8a <_vfiprintf_r+0x110>
    80001de0:	0038                	addi	a4,sp,8
    80001de2:	00000697          	auipc	a3,0x0
    80001de6:	d3068693          	addi	a3,a3,-720 # 80001b12 <__sfputs_r>
    80001dea:	864a                	mv	a2,s2
    80001dec:	080c                	addi	a1,sp,16
    80001dee:	8552                	mv	a0,s4
    80001df0:	134000ef          	jal	80001f24 <_printf_i>
    80001df4:	bfd9                	j	80001dca <_vfiprintf_r+0x250>

0000000080001df6 <vfiprintf>:
    80001df6:	86b2                	mv	a3,a2
    80001df8:	862e                	mv	a2,a1
    80001dfa:	85aa                	mv	a1,a0
    80001dfc:	00001517          	auipc	a0,0x1
    80001e00:	3bc53503          	ld	a0,956(a0) # 800031b8 <_impure_ptr>
    80001e04:	bb9d                	j	80001b7a <_vfiprintf_r>

0000000080001e06 <_printf_common>:
    80001e06:	715d                	addi	sp,sp,-80
    80001e08:	f052                	sd	s4,32(sp)
    80001e0a:	ec56                	sd	s5,24(sp)
    80001e0c:	8a36                	mv	s4,a3
    80001e0e:	8aba                	mv	s5,a4
    80001e10:	4994                	lw	a3,16(a1)
    80001e12:	4598                	lw	a4,8(a1)
    80001e14:	e0a2                	sd	s0,64(sp)
    80001e16:	f84a                	sd	s2,48(sp)
    80001e18:	f44e                	sd	s3,40(sp)
    80001e1a:	e486                	sd	ra,72(sp)
    80001e1c:	fc26                	sd	s1,56(sp)
    80001e1e:	e85a                	sd	s6,16(sp)
    80001e20:	e45e                	sd	s7,8(sp)
    80001e22:	89aa                	mv	s3,a0
    80001e24:	842e                	mv	s0,a1
    80001e26:	8932                	mv	s2,a2
    80001e28:	87ba                	mv	a5,a4
    80001e2a:	00e6c363          	blt	a3,a4,80001e30 <_printf_common+0x2a>
    80001e2e:	87b6                	mv	a5,a3
    80001e30:	00f92023          	sw	a5,0(s2)
    80001e34:	04344703          	lbu	a4,67(s0)
    80001e38:	c701                	beqz	a4,80001e40 <_printf_common+0x3a>
    80001e3a:	2785                	addiw	a5,a5,1
    80001e3c:	00f92023          	sw	a5,0(s2)
    80001e40:	401c                	lw	a5,0(s0)
    80001e42:	0207f793          	andi	a5,a5,32
    80001e46:	c791                	beqz	a5,80001e52 <_printf_common+0x4c>
    80001e48:	00092783          	lw	a5,0(s2)
    80001e4c:	2789                	addiw	a5,a5,2
    80001e4e:	00f92023          	sw	a5,0(s2)
    80001e52:	4004                	lw	s1,0(s0)
    80001e54:	8899                	andi	s1,s1,6
    80001e56:	e891                	bnez	s1,80001e6a <_printf_common+0x64>
    80001e58:	01940b13          	addi	s6,s0,25
    80001e5c:	5bfd                	li	s7,-1
    80001e5e:	445c                	lw	a5,12(s0)
    80001e60:	00092703          	lw	a4,0(s2)
    80001e64:	9f99                	subw	a5,a5,a4
    80001e66:	06f4c063          	blt	s1,a5,80001ec6 <_printf_common+0xc0>
    80001e6a:	04344783          	lbu	a5,67(s0)
    80001e6e:	00f03633          	snez	a2,a5
    80001e72:	00f036b3          	snez	a3,a5
    80001e76:	401c                	lw	a5,0(s0)
    80001e78:	0207f793          	andi	a5,a5,32
    80001e7c:	ebb5                	bnez	a5,80001ef0 <_printf_common+0xea>
    80001e7e:	04340613          	addi	a2,s0,67
    80001e82:	85d2                	mv	a1,s4
    80001e84:	854e                	mv	a0,s3
    80001e86:	9a82                	jalr	s5
    80001e88:	57fd                	li	a5,-1
    80001e8a:	04f50563          	beq	a0,a5,80001ed4 <_printf_common+0xce>
    80001e8e:	401c                	lw	a5,0(s0)
    80001e90:	4711                	li	a4,4
    80001e92:	4481                	li	s1,0
    80001e94:	8b99                	andi	a5,a5,6
    80001e96:	00e79b63          	bne	a5,a4,80001eac <_printf_common+0xa6>
    80001e9a:	00092783          	lw	a5,0(s2)
    80001e9e:	4444                	lw	s1,12(s0)
    80001ea0:	9c9d                	subw	s1,s1,a5
    80001ea2:	02049793          	slli	a5,s1,0x20
    80001ea6:	0007d363          	bgez	a5,80001eac <_printf_common+0xa6>
    80001eaa:	4481                	li	s1,0
    80001eac:	441c                	lw	a5,8(s0)
    80001eae:	4818                	lw	a4,16(s0)
    80001eb0:	00f75463          	bge	a4,a5,80001eb8 <_printf_common+0xb2>
    80001eb4:	9f99                	subw	a5,a5,a4
    80001eb6:	9cbd                	addw	s1,s1,a5
    80001eb8:	4901                	li	s2,0
    80001eba:	0469                	addi	s0,s0,26
    80001ebc:	5b7d                	li	s6,-1
    80001ebe:	05249a63          	bne	s1,s2,80001f12 <_printf_common+0x10c>
    80001ec2:	4501                	li	a0,0
    80001ec4:	a809                	j	80001ed6 <_printf_common+0xd0>
    80001ec6:	4685                	li	a3,1
    80001ec8:	865a                	mv	a2,s6
    80001eca:	85d2                	mv	a1,s4
    80001ecc:	854e                	mv	a0,s3
    80001ece:	9a82                	jalr	s5
    80001ed0:	01751e63          	bne	a0,s7,80001eec <_printf_common+0xe6>
    80001ed4:	557d                	li	a0,-1
    80001ed6:	60a6                	ld	ra,72(sp)
    80001ed8:	6406                	ld	s0,64(sp)
    80001eda:	74e2                	ld	s1,56(sp)
    80001edc:	7942                	ld	s2,48(sp)
    80001ede:	79a2                	ld	s3,40(sp)
    80001ee0:	7a02                	ld	s4,32(sp)
    80001ee2:	6ae2                	ld	s5,24(sp)
    80001ee4:	6b42                	ld	s6,16(sp)
    80001ee6:	6ba2                	ld	s7,8(sp)
    80001ee8:	6161                	addi	sp,sp,80
    80001eea:	8082                	ret
    80001eec:	2485                	addiw	s1,s1,1
    80001eee:	bf85                	j	80001e5e <_printf_common+0x58>
    80001ef0:	00d407b3          	add	a5,s0,a3
    80001ef4:	03000693          	li	a3,48
    80001ef8:	04d781a3          	sb	a3,67(a5)
    80001efc:	0016071b          	addiw	a4,a2,1
    80001f00:	0026069b          	addiw	a3,a2,2
    80001f04:	04544603          	lbu	a2,69(s0)
    80001f08:	00e407b3          	add	a5,s0,a4
    80001f0c:	04c781a3          	sb	a2,67(a5)
    80001f10:	b7bd                	j	80001e7e <_printf_common+0x78>
    80001f12:	4685                	li	a3,1
    80001f14:	8622                	mv	a2,s0
    80001f16:	85d2                	mv	a1,s4
    80001f18:	854e                	mv	a0,s3
    80001f1a:	9a82                	jalr	s5
    80001f1c:	fb650ce3          	beq	a0,s6,80001ed4 <_printf_common+0xce>
    80001f20:	2905                	addiw	s2,s2,1
    80001f22:	bf71                	j	80001ebe <_printf_common+0xb8>

0000000080001f24 <_printf_i>:
    80001f24:	715d                	addi	sp,sp,-80
    80001f26:	e0a2                	sd	s0,64(sp)
    80001f28:	f84a                	sd	s2,48(sp)
    80001f2a:	f44e                	sd	s3,40(sp)
    80001f2c:	f052                	sd	s4,32(sp)
    80001f2e:	e486                	sd	ra,72(sp)
    80001f30:	fc26                	sd	s1,56(sp)
    80001f32:	ec56                	sd	s5,24(sp)
    80001f34:	e85a                	sd	s6,16(sp)
    80001f36:	0185c803          	lbu	a6,24(a1)
    80001f3a:	07800793          	li	a5,120
    80001f3e:	892a                	mv	s2,a0
    80001f40:	842e                	mv	s0,a1
    80001f42:	89b2                	mv	s3,a2
    80001f44:	8a36                	mv	s4,a3
    80001f46:	0307e263          	bltu	a5,a6,80001f6a <_printf_i+0x46>
    80001f4a:	06200793          	li	a5,98
    80001f4e:	04358693          	addi	a3,a1,67
    80001f52:	0307e163          	bltu	a5,a6,80001f74 <_printf_i+0x50>
    80001f56:	1c080663          	beqz	a6,80002122 <_printf_i+0x1fe>
    80001f5a:	05800793          	li	a5,88
    80001f5e:	00001617          	auipc	a2,0x1
    80001f62:	0ba60613          	addi	a2,a2,186 # 80003018 <__tbss_end+0x182>
    80001f66:	14f80a63          	beq	a6,a5,800020ba <_printf_i+0x196>
    80001f6a:	04240493          	addi	s1,s0,66
    80001f6e:	05040123          	sb	a6,66(s0)
    80001f72:	a815                	j	80001fa6 <_printf_i+0x82>
    80001f74:	f9d8079b          	addiw	a5,a6,-99
    80001f78:	0ff7f793          	zext.b	a5,a5
    80001f7c:	4655                	li	a2,21
    80001f7e:	fef666e3          	bltu	a2,a5,80001f6a <_printf_i+0x46>
    80001f82:	00001617          	auipc	a2,0x1
    80001f86:	0d660613          	addi	a2,a2,214 # 80003058 <__func__.0+0x10>
    80001f8a:	078a                	slli	a5,a5,0x2
    80001f8c:	97b2                	add	a5,a5,a2
    80001f8e:	439c                	lw	a5,0(a5)
    80001f90:	97b2                	add	a5,a5,a2
    80001f92:	8782                	jr	a5
    80001f94:	631c                	ld	a5,0(a4)
    80001f96:	04258493          	addi	s1,a1,66
    80001f9a:	00878693          	addi	a3,a5,8
    80001f9e:	439c                	lw	a5,0(a5)
    80001fa0:	e314                	sd	a3,0(a4)
    80001fa2:	04f58123          	sb	a5,66(a1)
    80001fa6:	4785                	li	a5,1
    80001fa8:	aa4d                	j	8000215a <_printf_i+0x236>
    80001faa:	419c                	lw	a5,0(a1)
    80001fac:	6308                	ld	a0,0(a4)
    80001fae:	0807f613          	andi	a2,a5,128
    80001fb2:	00850593          	addi	a1,a0,8
    80001fb6:	c20d                	beqz	a2,80001fd8 <_printf_i+0xb4>
    80001fb8:	611c                	ld	a5,0(a0)
    80001fba:	e30c                	sd	a1,0(a4)
    80001fbc:	0007d863          	bgez	a5,80001fcc <_printf_i+0xa8>
    80001fc0:	02d00713          	li	a4,45
    80001fc4:	40f007b3          	neg	a5,a5
    80001fc8:	04e401a3          	sb	a4,67(s0)
    80001fcc:	00001617          	auipc	a2,0x1
    80001fd0:	04c60613          	addi	a2,a2,76 # 80003018 <__tbss_end+0x182>
    80001fd4:	4829                	li	a6,10
    80001fd6:	a83d                	j	80002014 <_printf_i+0xf0>
    80001fd8:	0407f613          	andi	a2,a5,64
    80001fdc:	411c                	lw	a5,0(a0)
    80001fde:	e30c                	sd	a1,0(a4)
    80001fe0:	de71                	beqz	a2,80001fbc <_printf_i+0x98>
    80001fe2:	0107979b          	slliw	a5,a5,0x10
    80001fe6:	4107d79b          	sraiw	a5,a5,0x10
    80001fea:	bfc9                	j	80001fbc <_printf_i+0x98>
    80001fec:	4190                	lw	a2,0(a1)
    80001fee:	631c                	ld	a5,0(a4)
    80001ff0:	08067513          	andi	a0,a2,128
    80001ff4:	00878593          	addi	a1,a5,8
    80001ff8:	cd41                	beqz	a0,80002090 <_printf_i+0x16c>
    80001ffa:	639c                	ld	a5,0(a5)
    80001ffc:	e30c                	sd	a1,0(a4)
    80001ffe:	06f00713          	li	a4,111
    80002002:	00001617          	auipc	a2,0x1
    80002006:	01660613          	addi	a2,a2,22 # 80003018 <__tbss_end+0x182>
    8000200a:	0ee81e63          	bne	a6,a4,80002106 <_printf_i+0x1e2>
    8000200e:	4821                	li	a6,8
    80002010:	040401a3          	sb	zero,67(s0)
    80002014:	4058                	lw	a4,4(s0)
    80002016:	c418                	sw	a4,8(s0)
    80002018:	00074563          	bltz	a4,80002022 <_printf_i+0xfe>
    8000201c:	400c                	lw	a1,0(s0)
    8000201e:	99ed                	andi	a1,a1,-5
    80002020:	c00c                	sw	a1,0(s0)
    80002022:	e399                	bnez	a5,80002028 <_printf_i+0x104>
    80002024:	84b6                	mv	s1,a3
    80002026:	cf19                	beqz	a4,80002044 <_printf_i+0x120>
    80002028:	84b6                	mv	s1,a3
    8000202a:	0307f733          	remu	a4,a5,a6
    8000202e:	14fd                	addi	s1,s1,-1
    80002030:	9732                	add	a4,a4,a2
    80002032:	00074703          	lbu	a4,0(a4)
    80002036:	00e48023          	sb	a4,0(s1)
    8000203a:	873e                	mv	a4,a5
    8000203c:	0307d7b3          	divu	a5,a5,a6
    80002040:	ff0775e3          	bgeu	a4,a6,8000202a <_printf_i+0x106>
    80002044:	47a1                	li	a5,8
    80002046:	00f81e63          	bne	a6,a5,80002062 <_printf_i+0x13e>
    8000204a:	401c                	lw	a5,0(s0)
    8000204c:	8b85                	andi	a5,a5,1
    8000204e:	cb91                	beqz	a5,80002062 <_printf_i+0x13e>
    80002050:	4058                	lw	a4,4(s0)
    80002052:	481c                	lw	a5,16(s0)
    80002054:	00e7c763          	blt	a5,a4,80002062 <_printf_i+0x13e>
    80002058:	03000793          	li	a5,48
    8000205c:	fef48fa3          	sb	a5,-1(s1)
    80002060:	14fd                	addi	s1,s1,-1
    80002062:	8e85                	sub	a3,a3,s1
    80002064:	c814                	sw	a3,16(s0)
    80002066:	8752                	mv	a4,s4
    80002068:	86ce                	mv	a3,s3
    8000206a:	0070                	addi	a2,sp,12
    8000206c:	85a2                	mv	a1,s0
    8000206e:	854a                	mv	a0,s2
    80002070:	d97ff0ef          	jal	80001e06 <_printf_common>
    80002074:	5afd                	li	s5,-1
    80002076:	0f551663          	bne	a0,s5,80002162 <_printf_i+0x23e>
    8000207a:	557d                	li	a0,-1
    8000207c:	60a6                	ld	ra,72(sp)
    8000207e:	6406                	ld	s0,64(sp)
    80002080:	74e2                	ld	s1,56(sp)
    80002082:	7942                	ld	s2,48(sp)
    80002084:	79a2                	ld	s3,40(sp)
    80002086:	7a02                	ld	s4,32(sp)
    80002088:	6ae2                	ld	s5,24(sp)
    8000208a:	6b42                	ld	s6,16(sp)
    8000208c:	6161                	addi	sp,sp,80
    8000208e:	8082                	ret
    80002090:	439c                	lw	a5,0(a5)
    80002092:	04067613          	andi	a2,a2,64
    80002096:	e30c                	sd	a1,0(a4)
    80002098:	c601                	beqz	a2,800020a0 <_printf_i+0x17c>
    8000209a:	17c2                	slli	a5,a5,0x30
    8000209c:	93c1                	srli	a5,a5,0x30
    8000209e:	b785                	j	80001ffe <_printf_i+0xda>
    800020a0:	1782                	slli	a5,a5,0x20
    800020a2:	9381                	srli	a5,a5,0x20
    800020a4:	bfa9                	j	80001ffe <_printf_i+0xda>
    800020a6:	419c                	lw	a5,0(a1)
    800020a8:	0a07e793          	ori	a5,a5,160
    800020ac:	c19c                	sw	a5,0(a1)
    800020ae:	07800813          	li	a6,120
    800020b2:	00001617          	auipc	a2,0x1
    800020b6:	f7e60613          	addi	a2,a2,-130 # 80003030 <__tbss_end+0x19a>
    800020ba:	050402a3          	sb	a6,69(s0)
    800020be:	400c                	lw	a1,0(s0)
    800020c0:	631c                	ld	a5,0(a4)
    800020c2:	0805f813          	andi	a6,a1,128
    800020c6:	00878513          	addi	a0,a5,8
    800020ca:	00080d63          	beqz	a6,800020e4 <_printf_i+0x1c0>
    800020ce:	639c                	ld	a5,0(a5)
    800020d0:	e308                	sd	a0,0(a4)
    800020d2:	0015f713          	andi	a4,a1,1
    800020d6:	c701                	beqz	a4,800020de <_printf_i+0x1ba>
    800020d8:	0205e593          	ori	a1,a1,32
    800020dc:	c00c                	sw	a1,0(s0)
    800020de:	cf99                	beqz	a5,800020fc <_printf_i+0x1d8>
    800020e0:	4841                	li	a6,16
    800020e2:	b73d                	j	80002010 <_printf_i+0xec>
    800020e4:	439c                	lw	a5,0(a5)
    800020e6:	0405f813          	andi	a6,a1,64
    800020ea:	e308                	sd	a0,0(a4)
    800020ec:	00080563          	beqz	a6,800020f6 <_printf_i+0x1d2>
    800020f0:	17c2                	slli	a5,a5,0x30
    800020f2:	93c1                	srli	a5,a5,0x30
    800020f4:	bff9                	j	800020d2 <_printf_i+0x1ae>
    800020f6:	1782                	slli	a5,a5,0x20
    800020f8:	9381                	srli	a5,a5,0x20
    800020fa:	bfe1                	j	800020d2 <_printf_i+0x1ae>
    800020fc:	4018                	lw	a4,0(s0)
    800020fe:	fdf77713          	andi	a4,a4,-33
    80002102:	c018                	sw	a4,0(s0)
    80002104:	bff1                	j	800020e0 <_printf_i+0x1bc>
    80002106:	4829                	li	a6,10
    80002108:	b721                	j	80002010 <_printf_i+0xec>
    8000210a:	4190                	lw	a2,0(a1)
    8000210c:	631c                	ld	a5,0(a4)
    8000210e:	49cc                	lw	a1,20(a1)
    80002110:	08067813          	andi	a6,a2,128
    80002114:	00878513          	addi	a0,a5,8
    80002118:	00080963          	beqz	a6,8000212a <_printf_i+0x206>
    8000211c:	e308                	sd	a0,0(a4)
    8000211e:	639c                	ld	a5,0(a5)
    80002120:	e38c                	sd	a1,0(a5)
    80002122:	00042823          	sw	zero,16(s0)
    80002126:	84b6                	mv	s1,a3
    80002128:	bf3d                	j	80002066 <_printf_i+0x142>
    8000212a:	e308                	sd	a0,0(a4)
    8000212c:	04067613          	andi	a2,a2,64
    80002130:	639c                	ld	a5,0(a5)
    80002132:	c601                	beqz	a2,8000213a <_printf_i+0x216>
    80002134:	00b79023          	sh	a1,0(a5)
    80002138:	b7ed                	j	80002122 <_printf_i+0x1fe>
    8000213a:	c38c                	sw	a1,0(a5)
    8000213c:	b7dd                	j	80002122 <_printf_i+0x1fe>
    8000213e:	631c                	ld	a5,0(a4)
    80002140:	41d0                	lw	a2,4(a1)
    80002142:	4581                	li	a1,0
    80002144:	00878693          	addi	a3,a5,8
    80002148:	e314                	sd	a3,0(a4)
    8000214a:	6384                	ld	s1,0(a5)
    8000214c:	8526                	mv	a0,s1
    8000214e:	650000ef          	jal	8000279e <memchr>
    80002152:	c119                	beqz	a0,80002158 <_printf_i+0x234>
    80002154:	8d05                	sub	a0,a0,s1
    80002156:	c048                	sw	a0,4(s0)
    80002158:	405c                	lw	a5,4(s0)
    8000215a:	c81c                	sw	a5,16(s0)
    8000215c:	040401a3          	sb	zero,67(s0)
    80002160:	b719                	j	80002066 <_printf_i+0x142>
    80002162:	4814                	lw	a3,16(s0)
    80002164:	8626                	mv	a2,s1
    80002166:	85ce                	mv	a1,s3
    80002168:	854a                	mv	a0,s2
    8000216a:	9a02                	jalr	s4
    8000216c:	f15507e3          	beq	a0,s5,8000207a <_printf_i+0x156>
    80002170:	401c                	lw	a5,0(s0)
    80002172:	8b89                	andi	a5,a5,2
    80002174:	eb85                	bnez	a5,800021a4 <_printf_i+0x280>
    80002176:	4458                	lw	a4,12(s0)
    80002178:	47b2                	lw	a5,12(sp)
    8000217a:	0007051b          	sext.w	a0,a4
    8000217e:	eef75fe3          	bge	a4,a5,8000207c <_printf_i+0x158>
    80002182:	0007851b          	sext.w	a0,a5
    80002186:	bddd                	j	8000207c <_printf_i+0x158>
    80002188:	4685                	li	a3,1
    8000218a:	8656                	mv	a2,s5
    8000218c:	85ce                	mv	a1,s3
    8000218e:	854a                	mv	a0,s2
    80002190:	9a02                	jalr	s4
    80002192:	ef6504e3          	beq	a0,s6,8000207a <_printf_i+0x156>
    80002196:	2485                	addiw	s1,s1,1
    80002198:	445c                	lw	a5,12(s0)
    8000219a:	4732                	lw	a4,12(sp)
    8000219c:	9f99                	subw	a5,a5,a4
    8000219e:	fef4c5e3          	blt	s1,a5,80002188 <_printf_i+0x264>
    800021a2:	bfd1                	j	80002176 <_printf_i+0x252>
    800021a4:	4481                	li	s1,0
    800021a6:	01940a93          	addi	s5,s0,25
    800021aa:	5b7d                	li	s6,-1
    800021ac:	b7f5                	j	80002198 <_printf_i+0x274>

00000000800021ae <__sflush_r>:
    800021ae:	01059783          	lh	a5,16(a1)
    800021b2:	7179                	addi	sp,sp,-48
    800021b4:	f022                	sd	s0,32(sp)
    800021b6:	ec26                	sd	s1,24(sp)
    800021b8:	f406                	sd	ra,40(sp)
    800021ba:	e84a                	sd	s2,16(sp)
    800021bc:	e44e                	sd	s3,8(sp)
    800021be:	0087f713          	andi	a4,a5,8
    800021c2:	84aa                	mv	s1,a0
    800021c4:	842e                	mv	s0,a1
    800021c6:	eb69                	bnez	a4,80002298 <__sflush_r+0xea>
    800021c8:	4598                	lw	a4,8(a1)
    800021ca:	00e04563          	bgtz	a4,800021d4 <__sflush_r+0x26>
    800021ce:	5db8                	lw	a4,120(a1)
    800021d0:	0ae05b63          	blez	a4,80002286 <__sflush_r+0xd8>
    800021d4:	6838                	ld	a4,80(s0)
    800021d6:	cb45                	beqz	a4,80002286 <__sflush_r+0xd8>
    800021d8:	0004a903          	lw	s2,0(s1)
    800021dc:	03379693          	slli	a3,a5,0x33
    800021e0:	0004a023          	sw	zero,0(s1)
    800021e4:	7c0c                	ld	a1,56(s0)
    800021e6:	0606de63          	bgez	a3,80002262 <__sflush_r+0xb4>
    800021ea:	6c50                	ld	a2,152(s0)
    800021ec:	01045783          	lhu	a5,16(s0)
    800021f0:	8b91                	andi	a5,a5,4
    800021f2:	c799                	beqz	a5,80002200 <__sflush_r+0x52>
    800021f4:	441c                	lw	a5,8(s0)
    800021f6:	8e1d                	sub	a2,a2,a5
    800021f8:	703c                	ld	a5,96(s0)
    800021fa:	c399                	beqz	a5,80002200 <__sflush_r+0x52>
    800021fc:	5c3c                	lw	a5,120(s0)
    800021fe:	8e1d                	sub	a2,a2,a5
    80002200:	683c                	ld	a5,80(s0)
    80002202:	7c0c                	ld	a1,56(s0)
    80002204:	4681                	li	a3,0
    80002206:	8526                	mv	a0,s1
    80002208:	9782                	jalr	a5
    8000220a:	577d                	li	a4,-1
    8000220c:	01045783          	lhu	a5,16(s0)
    80002210:	00e51d63          	bne	a0,a4,8000222a <__sflush_r+0x7c>
    80002214:	4094                	lw	a3,0(s1)
    80002216:	4775                	li	a4,29
    80002218:	06d76963          	bltu	a4,a3,8000228a <__sflush_r+0xdc>
    8000221c:	20400737          	lui	a4,0x20400
    80002220:	0705                	addi	a4,a4,1 # 20400001 <__heap_size+0x203e0001>
    80002222:	00d75733          	srl	a4,a4,a3
    80002226:	8b05                	andi	a4,a4,1
    80002228:	c32d                	beqz	a4,8000228a <__sflush_r+0xdc>
    8000222a:	6c18                	ld	a4,24(s0)
    8000222c:	00042423          	sw	zero,8(s0)
    80002230:	e018                	sd	a4,0(s0)
    80002232:	03379713          	slli	a4,a5,0x33
    80002236:	00075863          	bgez	a4,80002246 <__sflush_r+0x98>
    8000223a:	57fd                	li	a5,-1
    8000223c:	00f51463          	bne	a0,a5,80002244 <__sflush_r+0x96>
    80002240:	409c                	lw	a5,0(s1)
    80002242:	e391                	bnez	a5,80002246 <__sflush_r+0x98>
    80002244:	ec48                	sd	a0,152(s0)
    80002246:	702c                	ld	a1,96(s0)
    80002248:	0124a023          	sw	s2,0(s1)
    8000224c:	cd8d                	beqz	a1,80002286 <__sflush_r+0xd8>
    8000224e:	07c40793          	addi	a5,s0,124
    80002252:	00f58563          	beq	a1,a5,8000225c <__sflush_r+0xae>
    80002256:	8526                	mv	a0,s1
    80002258:	fecff0ef          	jal	80001a44 <_free_r>
    8000225c:	06043023          	sd	zero,96(s0)
    80002260:	a01d                	j	80002286 <__sflush_r+0xd8>
    80002262:	4601                	li	a2,0
    80002264:	4685                	li	a3,1
    80002266:	8526                	mv	a0,s1
    80002268:	9702                	jalr	a4
    8000226a:	57fd                	li	a5,-1
    8000226c:	862a                	mv	a2,a0
    8000226e:	f6f51fe3          	bne	a0,a5,800021ec <__sflush_r+0x3e>
    80002272:	409c                	lw	a5,0(s1)
    80002274:	dfa5                	beqz	a5,800021ec <__sflush_r+0x3e>
    80002276:	4775                	li	a4,29
    80002278:	00e78563          	beq	a5,a4,80002282 <__sflush_r+0xd4>
    8000227c:	4759                	li	a4,22
    8000227e:	04e79663          	bne	a5,a4,800022ca <__sflush_r+0x11c>
    80002282:	0124a023          	sw	s2,0(s1)
    80002286:	4501                	li	a0,0
    80002288:	a881                	j	800022d8 <__sflush_r+0x12a>
    8000228a:	0407e793          	ori	a5,a5,64
    8000228e:	0107979b          	slliw	a5,a5,0x10
    80002292:	4107d79b          	sraiw	a5,a5,0x10
    80002296:	a835                	j	800022d2 <__sflush_r+0x124>
    80002298:	0185b983          	ld	s3,24(a1)
    8000229c:	fe0985e3          	beqz	s3,80002286 <__sflush_r+0xd8>
    800022a0:	0005b903          	ld	s2,0(a1)
    800022a4:	8b8d                	andi	a5,a5,3
    800022a6:	0135b023          	sd	s3,0(a1)
    800022aa:	4139093b          	subw	s2,s2,s3
    800022ae:	4701                	li	a4,0
    800022b0:	e391                	bnez	a5,800022b4 <__sflush_r+0x106>
    800022b2:	5198                	lw	a4,32(a1)
    800022b4:	c458                	sw	a4,12(s0)
    800022b6:	fd2058e3          	blez	s2,80002286 <__sflush_r+0xd8>
    800022ba:	643c                	ld	a5,72(s0)
    800022bc:	7c0c                	ld	a1,56(s0)
    800022be:	86ca                	mv	a3,s2
    800022c0:	864e                	mv	a2,s3
    800022c2:	8526                	mv	a0,s1
    800022c4:	9782                	jalr	a5
    800022c6:	02a04063          	bgtz	a0,800022e6 <__sflush_r+0x138>
    800022ca:	01041783          	lh	a5,16(s0)
    800022ce:	0407e793          	ori	a5,a5,64
    800022d2:	00f41823          	sh	a5,16(s0)
    800022d6:	557d                	li	a0,-1
    800022d8:	70a2                	ld	ra,40(sp)
    800022da:	7402                	ld	s0,32(sp)
    800022dc:	64e2                	ld	s1,24(sp)
    800022de:	6942                	ld	s2,16(sp)
    800022e0:	69a2                	ld	s3,8(sp)
    800022e2:	6145                	addi	sp,sp,48
    800022e4:	8082                	ret
    800022e6:	99aa                	add	s3,s3,a0
    800022e8:	40a9093b          	subw	s2,s2,a0
    800022ec:	b7e9                	j	800022b6 <__sflush_r+0x108>

00000000800022ee <_fflush_r>:
    800022ee:	6d9c                	ld	a5,24(a1)
    800022f0:	cb8d                	beqz	a5,80002322 <_fflush_r+0x34>
    800022f2:	1101                	addi	sp,sp,-32
    800022f4:	e822                	sd	s0,16(sp)
    800022f6:	ec06                	sd	ra,24(sp)
    800022f8:	842a                	mv	s0,a0
    800022fa:	c519                	beqz	a0,80002308 <_fflush_r+0x1a>
    800022fc:	613c                	ld	a5,64(a0)
    800022fe:	e789                	bnez	a5,80002308 <_fflush_r+0x1a>
    80002300:	e42e                	sd	a1,8(sp)
    80002302:	b6cff0ef          	jal	8000166e <__sinit>
    80002306:	65a2                	ld	a1,8(sp)
    80002308:	01059783          	lh	a5,16(a1)
    8000230c:	c791                	beqz	a5,80002318 <_fflush_r+0x2a>
    8000230e:	8522                	mv	a0,s0
    80002310:	6442                	ld	s0,16(sp)
    80002312:	60e2                	ld	ra,24(sp)
    80002314:	6105                	addi	sp,sp,32
    80002316:	bd61                	j	800021ae <__sflush_r>
    80002318:	60e2                	ld	ra,24(sp)
    8000231a:	6442                	ld	s0,16(sp)
    8000231c:	4501                	li	a0,0
    8000231e:	6105                	addi	sp,sp,32
    80002320:	8082                	ret
    80002322:	4501                	li	a0,0
    80002324:	8082                	ret

0000000080002326 <fflush>:
    80002326:	85aa                	mv	a1,a0
    80002328:	ed19                	bnez	a0,80002346 <fflush+0x20>
    8000232a:	00001617          	auipc	a2,0x1
    8000232e:	de660613          	addi	a2,a2,-538 # 80003110 <__sglue>
    80002332:	00000597          	auipc	a1,0x0
    80002336:	fbc58593          	addi	a1,a1,-68 # 800022ee <_fflush_r>
    8000233a:	00001517          	auipc	a0,0x1
    8000233e:	dee50513          	addi	a0,a0,-530 # 80003128 <_impure_data>
    80002342:	bb6ff06f          	j	800016f8 <_fwalk_sglue>
    80002346:	00001517          	auipc	a0,0x1
    8000234a:	e7253503          	ld	a0,-398(a0) # 800031b8 <_impure_ptr>
    8000234e:	b745                	j	800022ee <_fflush_r>

0000000080002350 <__sfvwrite_r>:
    80002350:	6a1c                	ld	a5,16(a2)
    80002352:	e399                	bnez	a5,80002358 <__sfvwrite_r+0x8>
    80002354:	4501                	li	a0,0
    80002356:	8082                	ret
    80002358:	0105d783          	lhu	a5,16(a1)
    8000235c:	7159                	addi	sp,sp,-112
    8000235e:	f0a2                	sd	s0,96(sp)
    80002360:	e8ca                	sd	s2,80(sp)
    80002362:	e0d2                	sd	s4,64(sp)
    80002364:	f486                	sd	ra,104(sp)
    80002366:	eca6                	sd	s1,88(sp)
    80002368:	e4ce                	sd	s3,72(sp)
    8000236a:	fc56                	sd	s5,56(sp)
    8000236c:	f85a                	sd	s6,48(sp)
    8000236e:	f45e                	sd	s7,40(sp)
    80002370:	f062                	sd	s8,32(sp)
    80002372:	ec66                	sd	s9,24(sp)
    80002374:	e86a                	sd	s10,16(sp)
    80002376:	e46e                	sd	s11,8(sp)
    80002378:	8ba1                	andi	a5,a5,8
    8000237a:	892a                	mv	s2,a0
    8000237c:	842e                	mv	s0,a1
    8000237e:	8a32                	mv	s4,a2
    80002380:	cfc1                	beqz	a5,80002418 <__sfvwrite_r+0xc8>
    80002382:	6d9c                	ld	a5,24(a1)
    80002384:	cbd1                	beqz	a5,80002418 <__sfvwrite_r+0xc8>
    80002386:	01041783          	lh	a5,16(s0)
    8000238a:	000a3983          	ld	s3,0(s4)
    8000238e:	0027f713          	andi	a4,a5,2
    80002392:	e765                	bnez	a4,8000247a <__sfvwrite_r+0x12a>
    80002394:	8b85                	andi	a5,a5,1
    80002396:	4a81                	li	s5,0
    80002398:	16078063          	beqz	a5,800024f8 <__sfvwrite_r+0x1a8>
    8000239c:	4501                	li	a0,0
    8000239e:	4b81                	li	s7,0
    800023a0:	4b01                	li	s6,0
    800023a2:	240b0063          	beqz	s6,800025e2 <__sfvwrite_r+0x292>
    800023a6:	e919                	bnez	a0,800023bc <__sfvwrite_r+0x6c>
    800023a8:	865a                	mv	a2,s6
    800023aa:	45a9                	li	a1,10
    800023ac:	855e                	mv	a0,s7
    800023ae:	3f0000ef          	jal	8000279e <memchr>
    800023b2:	22050f63          	beqz	a0,800025f0 <__sfvwrite_r+0x2a0>
    800023b6:	0505                	addi	a0,a0,1
    800023b8:	41750abb          	subw	s5,a0,s7
    800023bc:	8c56                	mv	s8,s5
    800023be:	015b7363          	bgeu	s6,s5,800023c4 <__sfvwrite_r+0x74>
    800023c2:	8c5a                	mv	s8,s6
    800023c4:	6008                	ld	a0,0(s0)
    800023c6:	6c1c                	ld	a5,24(s0)
    800023c8:	4444                	lw	s1,12(s0)
    800023ca:	5014                	lw	a3,32(s0)
    800023cc:	22a7f563          	bgeu	a5,a0,800025f6 <__sfvwrite_r+0x2a6>
    800023d0:	9cb5                	addw	s1,s1,a3
    800023d2:	2384d263          	bge	s1,s8,800025f6 <__sfvwrite_r+0x2a6>
    800023d6:	85de                	mv	a1,s7
    800023d8:	8626                	mv	a2,s1
    800023da:	56e000ef          	jal	80002948 <memmove>
    800023de:	601c                	ld	a5,0(s0)
    800023e0:	85a2                	mv	a1,s0
    800023e2:	854a                	mv	a0,s2
    800023e4:	97a6                	add	a5,a5,s1
    800023e6:	e01c                	sd	a5,0(s0)
    800023e8:	f07ff0ef          	jal	800022ee <_fflush_r>
    800023ec:	0e051f63          	bnez	a0,800024ea <__sfvwrite_r+0x19a>
    800023f0:	409a8abb          	subw	s5,s5,s1
    800023f4:	4505                	li	a0,1
    800023f6:	000a9763          	bnez	s5,80002404 <__sfvwrite_r+0xb4>
    800023fa:	85a2                	mv	a1,s0
    800023fc:	854a                	mv	a0,s2
    800023fe:	ef1ff0ef          	jal	800022ee <_fflush_r>
    80002402:	e565                	bnez	a0,800024ea <__sfvwrite_r+0x19a>
    80002404:	010a3783          	ld	a5,16(s4)
    80002408:	9ba6                	add	s7,s7,s1
    8000240a:	409b0b33          	sub	s6,s6,s1
    8000240e:	8f85                	sub	a5,a5,s1
    80002410:	00fa3823          	sd	a5,16(s4)
    80002414:	f7d9                	bnez	a5,800023a2 <__sfvwrite_r+0x52>
    80002416:	a091                	j	8000245a <__sfvwrite_r+0x10a>
    80002418:	85a2                	mv	a1,s0
    8000241a:	854a                	mv	a0,s2
    8000241c:	2b4000ef          	jal	800026d0 <__swsetup_r>
    80002420:	d13d                	beqz	a0,80002386 <__sfvwrite_r+0x36>
    80002422:	557d                	li	a0,-1
    80002424:	a825                	j	8000245c <__sfvwrite_r+0x10c>
    80002426:	0009ba83          	ld	s5,0(s3)
    8000242a:	0089b483          	ld	s1,8(s3)
    8000242e:	09c1                	addi	s3,s3,16
    80002430:	643c                	ld	a5,72(s0)
    80002432:	7c0c                	ld	a1,56(s0)
    80002434:	d8ed                	beqz	s1,80002426 <__sfvwrite_r+0xd6>
    80002436:	86a6                	mv	a3,s1
    80002438:	009b7363          	bgeu	s6,s1,8000243e <__sfvwrite_r+0xee>
    8000243c:	86da                	mv	a3,s6
    8000243e:	2681                	sext.w	a3,a3
    80002440:	8656                	mv	a2,s5
    80002442:	854a                	mv	a0,s2
    80002444:	9782                	jalr	a5
    80002446:	0aa05263          	blez	a0,800024ea <__sfvwrite_r+0x19a>
    8000244a:	010a3783          	ld	a5,16(s4)
    8000244e:	9aaa                	add	s5,s5,a0
    80002450:	8c89                	sub	s1,s1,a0
    80002452:	8f89                	sub	a5,a5,a0
    80002454:	00fa3823          	sd	a5,16(s4)
    80002458:	ffe1                	bnez	a5,80002430 <__sfvwrite_r+0xe0>
    8000245a:	4501                	li	a0,0
    8000245c:	70a6                	ld	ra,104(sp)
    8000245e:	7406                	ld	s0,96(sp)
    80002460:	64e6                	ld	s1,88(sp)
    80002462:	6946                	ld	s2,80(sp)
    80002464:	69a6                	ld	s3,72(sp)
    80002466:	6a06                	ld	s4,64(sp)
    80002468:	7ae2                	ld	s5,56(sp)
    8000246a:	7b42                	ld	s6,48(sp)
    8000246c:	7ba2                	ld	s7,40(sp)
    8000246e:	7c02                	ld	s8,32(sp)
    80002470:	6ce2                	ld	s9,24(sp)
    80002472:	6d42                	ld	s10,16(sp)
    80002474:	6da2                	ld	s11,8(sp)
    80002476:	6165                	addi	sp,sp,112
    80002478:	8082                	ret
    8000247a:	80000b37          	lui	s6,0x80000
    8000247e:	4a81                	li	s5,0
    80002480:	4481                	li	s1,0
    80002482:	c00b4b13          	xori	s6,s6,-1024
    80002486:	b76d                	j	80002430 <__sfvwrite_r+0xe0>
    80002488:	0009ba83          	ld	s5,0(s3)
    8000248c:	0089bc83          	ld	s9,8(s3)
    80002490:	09c1                	addi	s3,s3,16
    80002492:	4444                	lw	s1,12(s0)
    80002494:	01041783          	lh	a5,16(s0)
    80002498:	6008                	ld	a0,0(s0)
    8000249a:	8d26                	mv	s10,s1
    8000249c:	fe0c86e3          	beqz	s9,80002488 <__sfvwrite_r+0x138>
    800024a0:	2007f713          	andi	a4,a5,512
    800024a4:	c37d                	beqz	a4,8000258a <__sfvwrite_r+0x23a>
    800024a6:	089ce763          	bltu	s9,s1,80002534 <__sfvwrite_r+0x1e4>
    800024aa:	4807f713          	andi	a4,a5,1152
    800024ae:	c359                	beqz	a4,80002534 <__sfvwrite_r+0x1e4>
    800024b0:	5004                	lw	s1,32(s0)
    800024b2:	6c0c                	ld	a1,24(s0)
    800024b4:	029b84bb          	mulw	s1,s7,s1
    800024b8:	8d0d                	sub	a0,a0,a1
    800024ba:	00050d9b          	sext.w	s11,a0
    800024be:	001d8713          	addi	a4,s11,1
    800024c2:	9766                	add	a4,a4,s9
    800024c4:	0384c4bb          	divw	s1,s1,s8
    800024c8:	00e4f563          	bgeu	s1,a4,800024d2 <__sfvwrite_r+0x182>
    800024cc:	2505                	addiw	a0,a0,1
    800024ce:	019504bb          	addw	s1,a0,s9
    800024d2:	4007f793          	andi	a5,a5,1024
    800024d6:	cbc9                	beqz	a5,80002568 <__sfvwrite_r+0x218>
    800024d8:	85a6                	mv	a1,s1
    800024da:	854a                	mv	a0,s2
    800024dc:	ea7fe0ef          	jal	80001382 <_malloc_r>
    800024e0:	8d2a                	mv	s10,a0
    800024e2:	e11d                	bnez	a0,80002508 <__sfvwrite_r+0x1b8>
    800024e4:	47b1                	li	a5,12
    800024e6:	00f92023          	sw	a5,0(s2)
    800024ea:	01045783          	lhu	a5,16(s0)
    800024ee:	0407e793          	ori	a5,a5,64
    800024f2:	00f41823          	sh	a5,16(s0)
    800024f6:	b735                	j	80002422 <__sfvwrite_r+0xd2>
    800024f8:	80000b37          	lui	s6,0x80000
    800024fc:	4c81                	li	s9,0
    800024fe:	fffb4b13          	not	s6,s6
    80002502:	4b8d                	li	s7,3
    80002504:	4c09                	li	s8,2
    80002506:	b771                	j	80002492 <__sfvwrite_r+0x142>
    80002508:	6c0c                	ld	a1,24(s0)
    8000250a:	866e                	mv	a2,s11
    8000250c:	462000ef          	jal	8000296e <memcpy>
    80002510:	01045783          	lhu	a5,16(s0)
    80002514:	b7f7f793          	andi	a5,a5,-1153
    80002518:	0807e793          	ori	a5,a5,128
    8000251c:	00f41823          	sh	a5,16(s0)
    80002520:	01a43c23          	sd	s10,24(s0)
    80002524:	d004                	sw	s1,32(s0)
    80002526:	9d6e                	add	s10,s10,s11
    80002528:	41b484bb          	subw	s1,s1,s11
    8000252c:	01a43023          	sd	s10,0(s0)
    80002530:	c444                	sw	s1,12(s0)
    80002532:	8d66                	mv	s10,s9
    80002534:	84e6                	mv	s1,s9
    80002536:	01acf363          	bgeu	s9,s10,8000253c <__sfvwrite_r+0x1ec>
    8000253a:	8d66                	mv	s10,s9
    8000253c:	6008                	ld	a0,0(s0)
    8000253e:	866a                	mv	a2,s10
    80002540:	85d6                	mv	a1,s5
    80002542:	406000ef          	jal	80002948 <memmove>
    80002546:	445c                	lw	a5,12(s0)
    80002548:	41a787bb          	subw	a5,a5,s10
    8000254c:	c45c                	sw	a5,12(s0)
    8000254e:	601c                	ld	a5,0(s0)
    80002550:	97ea                	add	a5,a5,s10
    80002552:	e01c                	sd	a5,0(s0)
    80002554:	010a3783          	ld	a5,16(s4)
    80002558:	9aa6                	add	s5,s5,s1
    8000255a:	409c8cb3          	sub	s9,s9,s1
    8000255e:	8f85                	sub	a5,a5,s1
    80002560:	00fa3823          	sd	a5,16(s4)
    80002564:	f79d                	bnez	a5,80002492 <__sfvwrite_r+0x142>
    80002566:	bdd5                	j	8000245a <__sfvwrite_r+0x10a>
    80002568:	8626                	mv	a2,s1
    8000256a:	854a                	mv	a0,s2
    8000256c:	418000ef          	jal	80002984 <_realloc_r>
    80002570:	8d2a                	mv	s10,a0
    80002572:	f55d                	bnez	a0,80002520 <__sfvwrite_r+0x1d0>
    80002574:	6c0c                	ld	a1,24(s0)
    80002576:	854a                	mv	a0,s2
    80002578:	cccff0ef          	jal	80001a44 <_free_r>
    8000257c:	01045783          	lhu	a5,16(s0)
    80002580:	f7f7f793          	andi	a5,a5,-129
    80002584:	00f41823          	sh	a5,16(s0)
    80002588:	bfb1                	j	800024e4 <__sfvwrite_r+0x194>
    8000258a:	6c1c                	ld	a5,24(s0)
    8000258c:	00a7e563          	bltu	a5,a0,80002596 <__sfvwrite_r+0x246>
    80002590:	5014                	lw	a3,32(s0)
    80002592:	02dcf763          	bgeu	s9,a3,800025c0 <__sfvwrite_r+0x270>
    80002596:	009cf363          	bgeu	s9,s1,8000259c <__sfvwrite_r+0x24c>
    8000259a:	84e6                	mv	s1,s9
    8000259c:	8626                	mv	a2,s1
    8000259e:	85d6                	mv	a1,s5
    800025a0:	3a8000ef          	jal	80002948 <memmove>
    800025a4:	445c                	lw	a5,12(s0)
    800025a6:	4097873b          	subw	a4,a5,s1
    800025aa:	601c                	ld	a5,0(s0)
    800025ac:	c458                	sw	a4,12(s0)
    800025ae:	97a6                	add	a5,a5,s1
    800025b0:	e01c                	sd	a5,0(s0)
    800025b2:	f34d                	bnez	a4,80002554 <__sfvwrite_r+0x204>
    800025b4:	85a2                	mv	a1,s0
    800025b6:	854a                	mv	a0,s2
    800025b8:	d37ff0ef          	jal	800022ee <_fflush_r>
    800025bc:	dd41                	beqz	a0,80002554 <__sfvwrite_r+0x204>
    800025be:	b735                	j	800024ea <__sfvwrite_r+0x19a>
    800025c0:	87e6                	mv	a5,s9
    800025c2:	019b7363          	bgeu	s6,s9,800025c8 <__sfvwrite_r+0x278>
    800025c6:	87da                	mv	a5,s6
    800025c8:	02d7c7bb          	divw	a5,a5,a3
    800025cc:	6438                	ld	a4,72(s0)
    800025ce:	7c0c                	ld	a1,56(s0)
    800025d0:	8656                	mv	a2,s5
    800025d2:	854a                	mv	a0,s2
    800025d4:	02d786bb          	mulw	a3,a5,a3
    800025d8:	9702                	jalr	a4
    800025da:	84aa                	mv	s1,a0
    800025dc:	f6a04ce3          	bgtz	a0,80002554 <__sfvwrite_r+0x204>
    800025e0:	b729                	j	800024ea <__sfvwrite_r+0x19a>
    800025e2:	0009bb83          	ld	s7,0(s3)
    800025e6:	0089bb03          	ld	s6,8(s3)
    800025ea:	4501                	li	a0,0
    800025ec:	09c1                	addi	s3,s3,16
    800025ee:	bb55                	j	800023a2 <__sfvwrite_r+0x52>
    800025f0:	001b0a9b          	addiw	s5,s6,1 # ffffffff80000001 <__heap_end+0xfffffffefffdc001>
    800025f4:	b3e1                	j	800023bc <__sfvwrite_r+0x6c>
    800025f6:	00dc4b63          	blt	s8,a3,8000260c <__sfvwrite_r+0x2bc>
    800025fa:	643c                	ld	a5,72(s0)
    800025fc:	7c0c                	ld	a1,56(s0)
    800025fe:	865e                	mv	a2,s7
    80002600:	854a                	mv	a0,s2
    80002602:	9782                	jalr	a5
    80002604:	84aa                	mv	s1,a0
    80002606:	dea045e3          	bgtz	a0,800023f0 <__sfvwrite_r+0xa0>
    8000260a:	b5c5                	j	800024ea <__sfvwrite_r+0x19a>
    8000260c:	8662                	mv	a2,s8
    8000260e:	85de                	mv	a1,s7
    80002610:	338000ef          	jal	80002948 <memmove>
    80002614:	445c                	lw	a5,12(s0)
    80002616:	84e2                	mv	s1,s8
    80002618:	418787bb          	subw	a5,a5,s8
    8000261c:	c45c                	sw	a5,12(s0)
    8000261e:	601c                	ld	a5,0(s0)
    80002620:	97e2                	add	a5,a5,s8
    80002622:	e01c                	sd	a5,0(s0)
    80002624:	b3f1                	j	800023f0 <__sfvwrite_r+0xa0>

0000000080002626 <__swbuf_r>:
    80002626:	7179                	addi	sp,sp,-48
    80002628:	f022                	sd	s0,32(sp)
    8000262a:	ec26                	sd	s1,24(sp)
    8000262c:	e84a                	sd	s2,16(sp)
    8000262e:	f406                	sd	ra,40(sp)
    80002630:	e44e                	sd	s3,8(sp)
    80002632:	892a                	mv	s2,a0
    80002634:	84ae                	mv	s1,a1
    80002636:	8432                	mv	s0,a2
    80002638:	c509                	beqz	a0,80002642 <__swbuf_r+0x1c>
    8000263a:	613c                	ld	a5,64(a0)
    8000263c:	e399                	bnez	a5,80002642 <__swbuf_r+0x1c>
    8000263e:	830ff0ef          	jal	8000166e <__sinit>
    80002642:	541c                	lw	a5,40(s0)
    80002644:	c45c                	sw	a5,12(s0)
    80002646:	01045783          	lhu	a5,16(s0)
    8000264a:	8ba1                	andi	a5,a5,8
    8000264c:	c399                	beqz	a5,80002652 <__swbuf_r+0x2c>
    8000264e:	6c1c                	ld	a5,24(s0)
    80002650:	ef99                	bnez	a5,8000266e <__swbuf_r+0x48>
    80002652:	85a2                	mv	a1,s0
    80002654:	854a                	mv	a0,s2
    80002656:	07a000ef          	jal	800026d0 <__swsetup_r>
    8000265a:	c911                	beqz	a0,8000266e <__swbuf_r+0x48>
    8000265c:	54fd                	li	s1,-1
    8000265e:	70a2                	ld	ra,40(sp)
    80002660:	7402                	ld	s0,32(sp)
    80002662:	6942                	ld	s2,16(sp)
    80002664:	69a2                	ld	s3,8(sp)
    80002666:	8526                	mv	a0,s1
    80002668:	64e2                	ld	s1,24(sp)
    8000266a:	6145                	addi	sp,sp,48
    8000266c:	8082                	ret
    8000266e:	601c                	ld	a5,0(s0)
    80002670:	6c18                	ld	a4,24(s0)
    80002672:	0ff4f993          	zext.b	s3,s1
    80002676:	84ce                	mv	s1,s3
    80002678:	40e7853b          	subw	a0,a5,a4
    8000267c:	501c                	lw	a5,32(s0)
    8000267e:	00f54763          	blt	a0,a5,8000268c <__swbuf_r+0x66>
    80002682:	85a2                	mv	a1,s0
    80002684:	854a                	mv	a0,s2
    80002686:	c69ff0ef          	jal	800022ee <_fflush_r>
    8000268a:	f969                	bnez	a0,8000265c <__swbuf_r+0x36>
    8000268c:	445c                	lw	a5,12(s0)
    8000268e:	37fd                	addiw	a5,a5,-1
    80002690:	c45c                	sw	a5,12(s0)
    80002692:	601c                	ld	a5,0(s0)
    80002694:	00178713          	addi	a4,a5,1
    80002698:	e018                	sd	a4,0(s0)
    8000269a:	01378023          	sb	s3,0(a5)
    8000269e:	5018                	lw	a4,32(s0)
    800026a0:	0015079b          	addiw	a5,a0,1
    800026a4:	00f70963          	beq	a4,a5,800026b6 <__swbuf_r+0x90>
    800026a8:	01045783          	lhu	a5,16(s0)
    800026ac:	8b85                	andi	a5,a5,1
    800026ae:	dbc5                	beqz	a5,8000265e <__swbuf_r+0x38>
    800026b0:	47a9                	li	a5,10
    800026b2:	faf496e3          	bne	s1,a5,8000265e <__swbuf_r+0x38>
    800026b6:	85a2                	mv	a1,s0
    800026b8:	854a                	mv	a0,s2
    800026ba:	c35ff0ef          	jal	800022ee <_fflush_r>
    800026be:	d145                	beqz	a0,8000265e <__swbuf_r+0x38>
    800026c0:	bf71                	j	8000265c <__swbuf_r+0x36>

00000000800026c2 <__swbuf>:
    800026c2:	862e                	mv	a2,a1
    800026c4:	85aa                	mv	a1,a0
    800026c6:	00001517          	auipc	a0,0x1
    800026ca:	af253503          	ld	a0,-1294(a0) # 800031b8 <_impure_ptr>
    800026ce:	bfa1                	j	80002626 <__swbuf_r>

00000000800026d0 <__swsetup_r>:
    800026d0:	1101                	addi	sp,sp,-32
    800026d2:	e822                	sd	s0,16(sp)
    800026d4:	e426                	sd	s1,8(sp)
    800026d6:	ec06                	sd	ra,24(sp)
    800026d8:	84aa                	mv	s1,a0
    800026da:	00001517          	auipc	a0,0x1
    800026de:	ade53503          	ld	a0,-1314(a0) # 800031b8 <_impure_ptr>
    800026e2:	842e                	mv	s0,a1
    800026e4:	c509                	beqz	a0,800026ee <__swsetup_r+0x1e>
    800026e6:	613c                	ld	a5,64(a0)
    800026e8:	e399                	bnez	a5,800026ee <__swsetup_r+0x1e>
    800026ea:	f85fe0ef          	jal	8000166e <__sinit>
    800026ee:	01041783          	lh	a5,16(s0)
    800026f2:	0087f713          	andi	a4,a5,8
    800026f6:	eb29                	bnez	a4,80002748 <__swsetup_r+0x78>
    800026f8:	0107f713          	andi	a4,a5,16
    800026fc:	eb09                	bnez	a4,8000270e <__swsetup_r+0x3e>
    800026fe:	4725                	li	a4,9
    80002700:	c098                	sw	a4,0(s1)
    80002702:	0407e793          	ori	a5,a5,64
    80002706:	00f41823          	sh	a5,16(s0)
    8000270a:	557d                	li	a0,-1
    8000270c:	a8ad                	j	80002786 <__swsetup_r+0xb6>
    8000270e:	8b91                	andi	a5,a5,4
    80002710:	c795                	beqz	a5,8000273c <__swsetup_r+0x6c>
    80002712:	702c                	ld	a1,96(s0)
    80002714:	c991                	beqz	a1,80002728 <__swsetup_r+0x58>
    80002716:	07c40793          	addi	a5,s0,124
    8000271a:	00f58563          	beq	a1,a5,80002724 <__swsetup_r+0x54>
    8000271e:	8526                	mv	a0,s1
    80002720:	b24ff0ef          	jal	80001a44 <_free_r>
    80002724:	06043023          	sd	zero,96(s0)
    80002728:	01045783          	lhu	a5,16(s0)
    8000272c:	00042423          	sw	zero,8(s0)
    80002730:	fdb7f793          	andi	a5,a5,-37
    80002734:	00f41823          	sh	a5,16(s0)
    80002738:	6c1c                	ld	a5,24(s0)
    8000273a:	e01c                	sd	a5,0(s0)
    8000273c:	01045783          	lhu	a5,16(s0)
    80002740:	0087e793          	ori	a5,a5,8
    80002744:	00f41823          	sh	a5,16(s0)
    80002748:	6c1c                	ld	a5,24(s0)
    8000274a:	ef89                	bnez	a5,80002764 <__swsetup_r+0x94>
    8000274c:	01045783          	lhu	a5,16(s0)
    80002750:	20000713          	li	a4,512
    80002754:	2807f793          	andi	a5,a5,640
    80002758:	00e78663          	beq	a5,a4,80002764 <__swsetup_r+0x94>
    8000275c:	85a2                	mv	a1,s0
    8000275e:	8526                	mv	a0,s1
    80002760:	300000ef          	jal	80002a60 <__smakebuf_r>
    80002764:	01041783          	lh	a5,16(s0)
    80002768:	0017f713          	andi	a4,a5,1
    8000276c:	c315                	beqz	a4,80002790 <__swsetup_r+0xc0>
    8000276e:	5018                	lw	a4,32(s0)
    80002770:	00042623          	sw	zero,12(s0)
    80002774:	40e0073b          	negw	a4,a4
    80002778:	d418                	sw	a4,40(s0)
    8000277a:	6c18                	ld	a4,24(s0)
    8000277c:	4501                	li	a0,0
    8000277e:	e701                	bnez	a4,80002786 <__swsetup_r+0xb6>
    80002780:	0807f713          	andi	a4,a5,128
    80002784:	ff3d                	bnez	a4,80002702 <__swsetup_r+0x32>
    80002786:	60e2                	ld	ra,24(sp)
    80002788:	6442                	ld	s0,16(sp)
    8000278a:	64a2                	ld	s1,8(sp)
    8000278c:	6105                	addi	sp,sp,32
    8000278e:	8082                	ret
    80002790:	0027f713          	andi	a4,a5,2
    80002794:	4681                	li	a3,0
    80002796:	e311                	bnez	a4,8000279a <__swsetup_r+0xca>
    80002798:	5014                	lw	a3,32(s0)
    8000279a:	c454                	sw	a3,12(s0)
    8000279c:	bff9                	j	8000277a <__swsetup_r+0xaa>

000000008000279e <memchr>:
    8000279e:	0ff5f593          	zext.b	a1,a1
    800027a2:	962a                	add	a2,a2,a0
    800027a4:	00c51463          	bne	a0,a2,800027ac <memchr+0xe>
    800027a8:	4501                	li	a0,0
    800027aa:	8082                	ret
    800027ac:	00054783          	lbu	a5,0(a0)
    800027b0:	feb78de3          	beq	a5,a1,800027aa <memchr+0xc>
    800027b4:	0505                	addi	a0,a0,1
    800027b6:	b7fd                	j	800027a4 <memchr+0x6>

00000000800027b8 <_init_signal_r>:
    800027b8:	793c                	ld	a5,112(a0)
    800027ba:	eb95                	bnez	a5,800027ee <_init_signal_r+0x36>
    800027bc:	1141                	addi	sp,sp,-16
    800027be:	10000593          	li	a1,256
    800027c2:	e022                	sd	s0,0(sp)
    800027c4:	e406                	sd	ra,8(sp)
    800027c6:	842a                	mv	s0,a0
    800027c8:	bbbfe0ef          	jal	80001382 <_malloc_r>
    800027cc:	87aa                	mv	a5,a0
    800027ce:	f828                	sd	a0,112(s0)
    800027d0:	557d                	li	a0,-1
    800027d2:	cb91                	beqz	a5,800027e6 <_init_signal_r+0x2e>
    800027d4:	853e                	mv	a0,a5
    800027d6:	10078793          	addi	a5,a5,256
    800027da:	00053023          	sd	zero,0(a0)
    800027de:	0521                	addi	a0,a0,8
    800027e0:	fef51de3          	bne	a0,a5,800027da <_init_signal_r+0x22>
    800027e4:	4501                	li	a0,0
    800027e6:	60a2                	ld	ra,8(sp)
    800027e8:	6402                	ld	s0,0(sp)
    800027ea:	0141                	addi	sp,sp,16
    800027ec:	8082                	ret
    800027ee:	4501                	li	a0,0
    800027f0:	8082                	ret

00000000800027f2 <_signal_r>:
    800027f2:	1101                	addi	sp,sp,-32
    800027f4:	e426                	sd	s1,8(sp)
    800027f6:	ec06                	sd	ra,24(sp)
    800027f8:	e822                	sd	s0,16(sp)
    800027fa:	e04a                	sd	s2,0(sp)
    800027fc:	47fd                	li	a5,31
    800027fe:	84aa                	mv	s1,a0
    80002800:	00b7f663          	bgeu	a5,a1,8000280c <_signal_r+0x1a>
    80002804:	47d9                	li	a5,22
    80002806:	c11c                	sw	a5,0(a0)
    80002808:	557d                	li	a0,-1
    8000280a:	a819                	j	80002820 <_signal_r+0x2e>
    8000280c:	793c                	ld	a5,112(a0)
    8000280e:	842e                	mv	s0,a1
    80002810:	8932                	mv	s2,a2
    80002812:	cf89                	beqz	a5,8000282c <_signal_r+0x3a>
    80002814:	78bc                	ld	a5,112(s1)
    80002816:	040e                	slli	s0,s0,0x3
    80002818:	97a2                	add	a5,a5,s0
    8000281a:	6388                	ld	a0,0(a5)
    8000281c:	0127b023          	sd	s2,0(a5)
    80002820:	60e2                	ld	ra,24(sp)
    80002822:	6442                	ld	s0,16(sp)
    80002824:	64a2                	ld	s1,8(sp)
    80002826:	6902                	ld	s2,0(sp)
    80002828:	6105                	addi	sp,sp,32
    8000282a:	8082                	ret
    8000282c:	f8dff0ef          	jal	800027b8 <_init_signal_r>
    80002830:	d175                	beqz	a0,80002814 <_signal_r+0x22>
    80002832:	bfd9                	j	80002808 <_signal_r+0x16>

0000000080002834 <_raise_r>:
    80002834:	1101                	addi	sp,sp,-32
    80002836:	e822                	sd	s0,16(sp)
    80002838:	ec06                	sd	ra,24(sp)
    8000283a:	47fd                	li	a5,31
    8000283c:	842a                	mv	s0,a0
    8000283e:	00b7f963          	bgeu	a5,a1,80002850 <_raise_r+0x1c>
    80002842:	47d9                	li	a5,22
    80002844:	c11c                	sw	a5,0(a0)
    80002846:	557d                	li	a0,-1
    80002848:	60e2                	ld	ra,24(sp)
    8000284a:	6442                	ld	s0,16(sp)
    8000284c:	6105                	addi	sp,sp,32
    8000284e:	8082                	ret
    80002850:	793c                	ld	a5,112(a0)
    80002852:	862e                	mv	a2,a1
    80002854:	c791                	beqz	a5,80002860 <_raise_r+0x2c>
    80002856:	00359713          	slli	a4,a1,0x3
    8000285a:	97ba                	add	a5,a5,a4
    8000285c:	6398                	ld	a4,0(a5)
    8000285e:	ef01                	bnez	a4,80002876 <_raise_r+0x42>
    80002860:	8522                	mv	a0,s0
    80002862:	e432                	sd	a2,8(sp)
    80002864:	0e2000ef          	jal	80002946 <_getpid_r>
    80002868:	85aa                	mv	a1,a0
    8000286a:	8522                	mv	a0,s0
    8000286c:	6442                	ld	s0,16(sp)
    8000286e:	6622                	ld	a2,8(sp)
    80002870:	60e2                	ld	ra,24(sp)
    80002872:	6105                	addi	sp,sp,32
    80002874:	a065                	j	8000291c <_kill_r>
    80002876:	4685                	li	a3,1
    80002878:	00d70d63          	beq	a4,a3,80002892 <_raise_r+0x5e>
    8000287c:	56fd                	li	a3,-1
    8000287e:	00d71663          	bne	a4,a3,8000288a <_raise_r+0x56>
    80002882:	47d9                	li	a5,22
    80002884:	c11c                	sw	a5,0(a0)
    80002886:	4505                	li	a0,1
    80002888:	b7c1                	j	80002848 <_raise_r+0x14>
    8000288a:	0007b023          	sd	zero,0(a5)
    8000288e:	852e                	mv	a0,a1
    80002890:	9702                	jalr	a4
    80002892:	4501                	li	a0,0
    80002894:	bf55                	j	80002848 <_raise_r+0x14>

0000000080002896 <__sigtramp_r>:
    80002896:	47fd                	li	a5,31
    80002898:	00b7f463          	bgeu	a5,a1,800028a0 <__sigtramp_r+0xa>
    8000289c:	557d                	li	a0,-1
    8000289e:	8082                	ret
    800028a0:	793c                	ld	a5,112(a0)
    800028a2:	1101                	addi	sp,sp,-32
    800028a4:	e822                	sd	s0,16(sp)
    800028a6:	e426                	sd	s1,8(sp)
    800028a8:	ec06                	sd	ra,24(sp)
    800028aa:	84aa                	mv	s1,a0
    800028ac:	842e                	mv	s0,a1
    800028ae:	c795                	beqz	a5,800028da <__sigtramp_r+0x44>
    800028b0:	78b8                	ld	a4,112(s1)
    800028b2:	00341793          	slli	a5,s0,0x3
    800028b6:	4505                	li	a0,1
    800028b8:	973e                	add	a4,a4,a5
    800028ba:	631c                	ld	a5,0(a4)
    800028bc:	c39d                	beqz	a5,800028e2 <__sigtramp_r+0x4c>
    800028be:	56fd                	li	a3,-1
    800028c0:	4509                	li	a0,2
    800028c2:	02d78063          	beq	a5,a3,800028e2 <__sigtramp_r+0x4c>
    800028c6:	4685                	li	a3,1
    800028c8:	450d                	li	a0,3
    800028ca:	00d78c63          	beq	a5,a3,800028e2 <__sigtramp_r+0x4c>
    800028ce:	8522                	mv	a0,s0
    800028d0:	00073023          	sd	zero,0(a4)
    800028d4:	9782                	jalr	a5
    800028d6:	4501                	li	a0,0
    800028d8:	a029                	j	800028e2 <__sigtramp_r+0x4c>
    800028da:	edfff0ef          	jal	800027b8 <_init_signal_r>
    800028de:	d969                	beqz	a0,800028b0 <__sigtramp_r+0x1a>
    800028e0:	557d                	li	a0,-1
    800028e2:	60e2                	ld	ra,24(sp)
    800028e4:	6442                	ld	s0,16(sp)
    800028e6:	64a2                	ld	s1,8(sp)
    800028e8:	6105                	addi	sp,sp,32
    800028ea:	8082                	ret

00000000800028ec <raise>:
    800028ec:	85aa                	mv	a1,a0
    800028ee:	00001517          	auipc	a0,0x1
    800028f2:	8ca53503          	ld	a0,-1846(a0) # 800031b8 <_impure_ptr>
    800028f6:	bf3d                	j	80002834 <_raise_r>

00000000800028f8 <signal>:
    800028f8:	862e                	mv	a2,a1
    800028fa:	85aa                	mv	a1,a0
    800028fc:	00001517          	auipc	a0,0x1
    80002900:	8bc53503          	ld	a0,-1860(a0) # 800031b8 <_impure_ptr>
    80002904:	b5fd                	j	800027f2 <_signal_r>

0000000080002906 <_init_signal>:
    80002906:	00001517          	auipc	a0,0x1
    8000290a:	8b253503          	ld	a0,-1870(a0) # 800031b8 <_impure_ptr>
    8000290e:	b56d                	j	800027b8 <_init_signal_r>

0000000080002910 <__sigtramp>:
    80002910:	85aa                	mv	a1,a0
    80002912:	00001517          	auipc	a0,0x1
    80002916:	8a653503          	ld	a0,-1882(a0) # 800031b8 <_impure_ptr>
    8000291a:	bfb5                	j	80002896 <__sigtramp_r>

000000008000291c <_kill_r>:
    8000291c:	1141                	addi	sp,sp,-16
    8000291e:	e022                	sd	s0,0(sp)
    80002920:	842a                	mv	s0,a0
    80002922:	852e                	mv	a0,a1
    80002924:	85b2                	mv	a1,a2
    80002926:	8a01a823          	sw	zero,-1872(gp) # 80003268 <errno>
    8000292a:	e406                	sd	ra,8(sp)
    8000292c:	292000ef          	jal	80002bbe <_kill>
    80002930:	57fd                	li	a5,-1
    80002932:	00f51663          	bne	a0,a5,8000293e <_kill_r+0x22>
    80002936:	8b01a783          	lw	a5,-1872(gp) # 80003268 <errno>
    8000293a:	c391                	beqz	a5,8000293e <_kill_r+0x22>
    8000293c:	c01c                	sw	a5,0(s0)
    8000293e:	60a2                	ld	ra,8(sp)
    80002940:	6402                	ld	s0,0(sp)
    80002942:	0141                	addi	sp,sp,16
    80002944:	8082                	ret

0000000080002946 <_getpid_r>:
    80002946:	a4b5                	j	80002bb2 <_getpid>

0000000080002948 <memmove>:
    80002948:	c215                	beqz	a2,8000296c <memmove+0x24>
    8000294a:	832a                	mv	t1,a0
    8000294c:	4685                	li	a3,1
    8000294e:	00b56763          	bltu	a0,a1,8000295c <memmove+0x14>
    80002952:	56fd                	li	a3,-1
    80002954:	fff60713          	addi	a4,a2,-1
    80002958:	933a                	add	t1,t1,a4
    8000295a:	95ba                	add	a1,a1,a4
    8000295c:	00058383          	lb	t2,0(a1)
    80002960:	00730023          	sb	t2,0(t1)
    80002964:	167d                	addi	a2,a2,-1
    80002966:	9336                	add	t1,t1,a3
    80002968:	95b6                	add	a1,a1,a3
    8000296a:	fa6d                	bnez	a2,8000295c <memmove+0x14>
    8000296c:	8082                	ret

000000008000296e <memcpy>:
    8000296e:	832a                	mv	t1,a0
    80002970:	ca09                	beqz	a2,80002982 <memcpy+0x14>
    80002972:	00058383          	lb	t2,0(a1)
    80002976:	00730023          	sb	t2,0(t1)
    8000297a:	167d                	addi	a2,a2,-1
    8000297c:	0305                	addi	t1,t1,1
    8000297e:	0585                	addi	a1,a1,1
    80002980:	fa6d                	bnez	a2,80002972 <memcpy+0x4>
    80002982:	8082                	ret

0000000080002984 <_realloc_r>:
    80002984:	7179                	addi	sp,sp,-48
    80002986:	f022                	sd	s0,32(sp)
    80002988:	f406                	sd	ra,40(sp)
    8000298a:	ec26                	sd	s1,24(sp)
    8000298c:	e84a                	sd	s2,16(sp)
    8000298e:	e44e                	sd	s3,8(sp)
    80002990:	e052                	sd	s4,0(sp)
    80002992:	8432                	mv	s0,a2
    80002994:	e999                	bnez	a1,800029aa <_realloc_r+0x26>
    80002996:	7402                	ld	s0,32(sp)
    80002998:	70a2                	ld	ra,40(sp)
    8000299a:	64e2                	ld	s1,24(sp)
    8000299c:	6942                	ld	s2,16(sp)
    8000299e:	69a2                	ld	s3,8(sp)
    800029a0:	6a02                	ld	s4,0(sp)
    800029a2:	85b2                	mv	a1,a2
    800029a4:	6145                	addi	sp,sp,48
    800029a6:	9ddfe06f          	j	80001382 <_malloc_r>
    800029aa:	ee09                	bnez	a2,800029c4 <_realloc_r+0x40>
    800029ac:	898ff0ef          	jal	80001a44 <_free_r>
    800029b0:	4481                	li	s1,0
    800029b2:	70a2                	ld	ra,40(sp)
    800029b4:	7402                	ld	s0,32(sp)
    800029b6:	6942                	ld	s2,16(sp)
    800029b8:	69a2                	ld	s3,8(sp)
    800029ba:	6a02                	ld	s4,0(sp)
    800029bc:	8526                	mv	a0,s1
    800029be:	64e2                	ld	s1,24(sp)
    800029c0:	6145                	addi	sp,sp,48
    800029c2:	8082                	ret
    800029c4:	8a2a                	mv	s4,a0
    800029c6:	84ae                	mv	s1,a1
    800029c8:	188000ef          	jal	80002b50 <_malloc_usable_size_r>
    800029cc:	892a                	mv	s2,a0
    800029ce:	00856663          	bltu	a0,s0,800029da <_realloc_r+0x56>
    800029d2:	00155793          	srli	a5,a0,0x1
    800029d6:	fc87eee3          	bltu	a5,s0,800029b2 <_realloc_r+0x2e>
    800029da:	85a2                	mv	a1,s0
    800029dc:	8552                	mv	a0,s4
    800029de:	9a5fe0ef          	jal	80001382 <_malloc_r>
    800029e2:	89aa                	mv	s3,a0
    800029e4:	e119                	bnez	a0,800029ea <_realloc_r+0x66>
    800029e6:	84ce                	mv	s1,s3
    800029e8:	b7e9                	j	800029b2 <_realloc_r+0x2e>
    800029ea:	8622                	mv	a2,s0
    800029ec:	00897363          	bgeu	s2,s0,800029f2 <_realloc_r+0x6e>
    800029f0:	864a                	mv	a2,s2
    800029f2:	85a6                	mv	a1,s1
    800029f4:	854e                	mv	a0,s3
    800029f6:	f79ff0ef          	jal	8000296e <memcpy>
    800029fa:	85a6                	mv	a1,s1
    800029fc:	8552                	mv	a0,s4
    800029fe:	846ff0ef          	jal	80001a44 <_free_r>
    80002a02:	b7d5                	j	800029e6 <_realloc_r+0x62>

0000000080002a04 <__swhatbuf_r>:
    80002a04:	7175                	addi	sp,sp,-144
    80002a06:	e122                	sd	s0,128(sp)
    80002a08:	842e                	mv	s0,a1
    80002a0a:	01259583          	lh	a1,18(a1)
    80002a0e:	fca6                	sd	s1,120(sp)
    80002a10:	f8ca                	sd	s2,112(sp)
    80002a12:	e506                	sd	ra,136(sp)
    80002a14:	84b2                	mv	s1,a2
    80002a16:	8936                	mv	s2,a3
    80002a18:	0205d363          	bgez	a1,80002a3e <__swhatbuf_r+0x3a>
    80002a1c:	01045783          	lhu	a5,16(s0)
    80002a20:	0807f793          	andi	a5,a5,128
    80002a24:	eb95                	bnez	a5,80002a58 <__swhatbuf_r+0x54>
    80002a26:	40000713          	li	a4,1024
    80002a2a:	60aa                	ld	ra,136(sp)
    80002a2c:	640a                	ld	s0,128(sp)
    80002a2e:	00f92023          	sw	a5,0(s2)
    80002a32:	e098                	sd	a4,0(s1)
    80002a34:	7946                	ld	s2,112(sp)
    80002a36:	74e6                	ld	s1,120(sp)
    80002a38:	4501                	li	a0,0
    80002a3a:	6149                	addi	sp,sp,144
    80002a3c:	8082                	ret
    80002a3e:	0030                	addi	a2,sp,8
    80002a40:	0be000ef          	jal	80002afe <_fstat_r>
    80002a44:	fc054ce3          	bltz	a0,80002a1c <__swhatbuf_r+0x18>
    80002a48:	47b2                	lw	a5,12(sp)
    80002a4a:	673d                	lui	a4,0xf
    80002a4c:	8ff9                	and	a5,a5,a4
    80002a4e:	6709                	lui	a4,0x2
    80002a50:	8f99                	sub	a5,a5,a4
    80002a52:	0017b793          	seqz	a5,a5
    80002a56:	bfc1                	j	80002a26 <__swhatbuf_r+0x22>
    80002a58:	4781                	li	a5,0
    80002a5a:	04000713          	li	a4,64
    80002a5e:	b7f1                	j	80002a2a <__swhatbuf_r+0x26>

0000000080002a60 <__smakebuf_r>:
    80002a60:	0105d783          	lhu	a5,16(a1)
    80002a64:	7139                	addi	sp,sp,-64
    80002a66:	f822                	sd	s0,48(sp)
    80002a68:	fc06                	sd	ra,56(sp)
    80002a6a:	f426                	sd	s1,40(sp)
    80002a6c:	f04a                	sd	s2,32(sp)
    80002a6e:	ec4e                	sd	s3,24(sp)
    80002a70:	8b89                	andi	a5,a5,2
    80002a72:	842e                	mv	s0,a1
    80002a74:	cf91                	beqz	a5,80002a90 <__smakebuf_r+0x30>
    80002a76:	07f40793          	addi	a5,s0,127
    80002a7a:	e01c                	sd	a5,0(s0)
    80002a7c:	ec1c                	sd	a5,24(s0)
    80002a7e:	4785                	li	a5,1
    80002a80:	d01c                	sw	a5,32(s0)
    80002a82:	70e2                	ld	ra,56(sp)
    80002a84:	7442                	ld	s0,48(sp)
    80002a86:	74a2                	ld	s1,40(sp)
    80002a88:	7902                	ld	s2,32(sp)
    80002a8a:	69e2                	ld	s3,24(sp)
    80002a8c:	6121                	addi	sp,sp,64
    80002a8e:	8082                	ret
    80002a90:	0054                	addi	a3,sp,4
    80002a92:	0030                	addi	a2,sp,8
    80002a94:	84aa                	mv	s1,a0
    80002a96:	f6fff0ef          	jal	80002a04 <__swhatbuf_r>
    80002a9a:	69a2                	ld	s3,8(sp)
    80002a9c:	892a                	mv	s2,a0
    80002a9e:	8526                	mv	a0,s1
    80002aa0:	85ce                	mv	a1,s3
    80002aa2:	8e1fe0ef          	jal	80001382 <_malloc_r>
    80002aa6:	ed01                	bnez	a0,80002abe <__smakebuf_r+0x5e>
    80002aa8:	01041783          	lh	a5,16(s0)
    80002aac:	2007f713          	andi	a4,a5,512
    80002ab0:	fb69                	bnez	a4,80002a82 <__smakebuf_r+0x22>
    80002ab2:	9bf1                	andi	a5,a5,-4
    80002ab4:	0027e793          	ori	a5,a5,2
    80002ab8:	00f41823          	sh	a5,16(s0)
    80002abc:	bf6d                	j	80002a76 <__smakebuf_r+0x16>
    80002abe:	01045783          	lhu	a5,16(s0)
    80002ac2:	e008                	sd	a0,0(s0)
    80002ac4:	ec08                	sd	a0,24(s0)
    80002ac6:	0807e793          	ori	a5,a5,128
    80002aca:	00f41823          	sh	a5,16(s0)
    80002ace:	4792                	lw	a5,4(sp)
    80002ad0:	03342023          	sw	s3,32(s0)
    80002ad4:	cf91                	beqz	a5,80002af0 <__smakebuf_r+0x90>
    80002ad6:	01241583          	lh	a1,18(s0)
    80002ada:	8526                	mv	a0,s1
    80002adc:	04c000ef          	jal	80002b28 <_isatty_r>
    80002ae0:	c901                	beqz	a0,80002af0 <__smakebuf_r+0x90>
    80002ae2:	01045783          	lhu	a5,16(s0)
    80002ae6:	9bf1                	andi	a5,a5,-4
    80002ae8:	0017e793          	ori	a5,a5,1
    80002aec:	00f41823          	sh	a5,16(s0)
    80002af0:	01045783          	lhu	a5,16(s0)
    80002af4:	0127e533          	or	a0,a5,s2
    80002af8:	00a41823          	sh	a0,16(s0)
    80002afc:	b759                	j	80002a82 <__smakebuf_r+0x22>

0000000080002afe <_fstat_r>:
    80002afe:	1141                	addi	sp,sp,-16
    80002b00:	e022                	sd	s0,0(sp)
    80002b02:	842a                	mv	s0,a0
    80002b04:	852e                	mv	a0,a1
    80002b06:	85b2                	mv	a1,a2
    80002b08:	8a01a823          	sw	zero,-1872(gp) # 80003268 <errno>
    80002b0c:	e406                	sd	ra,8(sp)
    80002b0e:	090000ef          	jal	80002b9e <_fstat>
    80002b12:	57fd                	li	a5,-1
    80002b14:	00f51663          	bne	a0,a5,80002b20 <_fstat_r+0x22>
    80002b18:	8b01a783          	lw	a5,-1872(gp) # 80003268 <errno>
    80002b1c:	c391                	beqz	a5,80002b20 <_fstat_r+0x22>
    80002b1e:	c01c                	sw	a5,0(s0)
    80002b20:	60a2                	ld	ra,8(sp)
    80002b22:	6402                	ld	s0,0(sp)
    80002b24:	0141                	addi	sp,sp,16
    80002b26:	8082                	ret

0000000080002b28 <_isatty_r>:
    80002b28:	1141                	addi	sp,sp,-16
    80002b2a:	e022                	sd	s0,0(sp)
    80002b2c:	842a                	mv	s0,a0
    80002b2e:	852e                	mv	a0,a1
    80002b30:	8a01a823          	sw	zero,-1872(gp) # 80003268 <errno>
    80002b34:	e406                	sd	ra,8(sp)
    80002b36:	080000ef          	jal	80002bb6 <_isatty>
    80002b3a:	57fd                	li	a5,-1
    80002b3c:	00f51663          	bne	a0,a5,80002b48 <_isatty_r+0x20>
    80002b40:	8b01a783          	lw	a5,-1872(gp) # 80003268 <errno>
    80002b44:	c391                	beqz	a5,80002b48 <_isatty_r+0x20>
    80002b46:	c01c                	sw	a5,0(s0)
    80002b48:	60a2                	ld	ra,8(sp)
    80002b4a:	6402                	ld	s0,0(sp)
    80002b4c:	0141                	addi	sp,sp,16
    80002b4e:	8082                	ret

0000000080002b50 <_malloc_usable_size_r>:
    80002b50:	ff85b503          	ld	a0,-8(a1)
    80002b54:	0005079b          	sext.w	a5,a0
    80002b58:	1561                	addi	a0,a0,-8
    80002b5a:	0007d663          	bgez	a5,80002b66 <_malloc_usable_size_r+0x16>
    80002b5e:	95aa                	add	a1,a1,a0
    80002b60:	6188                	ld	a0,0(a1)
    80002b62:	17e1                	addi	a5,a5,-8
    80002b64:	953e                	add	a0,a0,a5
    80002b66:	8082                	ret

0000000080002b68 <_close>:
#include <errno.h>
#include "syscall.h"

int _close(int file)
{
    80002b68:	1141                	addi	sp,sp,-16
    80002b6a:	e406                	sd	ra,8(sp)
    errno = EBADF;
    80002b6c:	eaffe0ef          	jal	80001a1a <__errno>
    return -1;
}
    80002b70:	60a2                	ld	ra,8(sp)
    errno = EBADF;
    80002b72:	47a5                	li	a5,9
    80002b74:	c11c                	sw	a5,0(a0)
}
    80002b76:	557d                	li	a0,-1
    80002b78:	0141                	addi	sp,sp,16
    80002b7a:	8082                	ret

0000000080002b7c <_exit>:
#include "syscall.h"
#include "htif.h"

void __attribute__ ((noreturn)) _exit(int code)
{
    uint64_t cmd = HTIF_TOHOST(0, 0, (code << 1) | 0x1);
    80002b7c:	0015179b          	slliw	a5,a0,0x1
    80002b80:	0017e793          	ori	a5,a5,1
    80002b84:	2781                	sext.w	a5,a5
    80002b86:	07c2                	slli	a5,a5,0x10
    80002b88:	83c1                	srli	a5,a5,0x10
    80002b8a:	00000717          	auipc	a4,0x0
    80002b8e:	57670713          	addi	a4,a4,1398 # 80003100 <tohost>
    for (;;) {
        fromhost = 0;
    80002b92:	00000697          	auipc	a3,0x0
    80002b96:	5606bb23          	sd	zero,1398(a3) # 80003108 <fromhost>
        tohost = cmd;
    80002b9a:	e31c                	sd	a5,0(a4)
    for (;;) {
    80002b9c:	bfdd                	j	80002b92 <_exit+0x16>

0000000080002b9e <_fstat>:
#include <errno.h>
#include <sys/stat.h>
#include "syscall.h"

int _fstat(int file, struct stat *st)
{
    80002b9e:	1141                	addi	sp,sp,-16
    80002ba0:	e406                	sd	ra,8(sp)
    errno = EBADF;
    80002ba2:	e79fe0ef          	jal	80001a1a <__errno>
    return -1;
}
    80002ba6:	60a2                	ld	ra,8(sp)
    errno = EBADF;
    80002ba8:	47a5                	li	a5,9
    80002baa:	c11c                	sw	a5,0(a0)
}
    80002bac:	557d                	li	a0,-1
    80002bae:	0141                	addi	sp,sp,16
    80002bb0:	8082                	ret

0000000080002bb2 <_getpid>:
#include "syscall.h"

int _getpid(void)
{
    return 1;
}
    80002bb2:	4505                	li	a0,1
    80002bb4:	8082                	ret

0000000080002bb6 <_isatty>:
#include <unistd.h>
#include "syscall.h"

int _isatty(int file)
{
    return (file == STDOUT_FILENO || file == STDERR_FILENO);
    80002bb6:	357d                	addiw	a0,a0,-1
}
    80002bb8:	00253513          	sltiu	a0,a0,2
    80002bbc:	8082                	ret

0000000080002bbe <_kill>:
#include <errno.h>
#include "syscall.h"

int _kill(int pid, int sig)
{
    80002bbe:	1141                	addi	sp,sp,-16
    80002bc0:	e406                	sd	ra,8(sp)
    errno = EINVAL;
    80002bc2:	e59fe0ef          	jal	80001a1a <__errno>
    return -1;
}
    80002bc6:	60a2                	ld	ra,8(sp)
    errno = EINVAL;
    80002bc8:	47d9                	li	a5,22
    80002bca:	c11c                	sw	a5,0(a0)
}
    80002bcc:	557d                	li	a0,-1
    80002bce:	0141                	addi	sp,sp,16
    80002bd0:	8082                	ret

0000000080002bd2 <_lseek>:
#include <errno.h>
#include <sys/types.h>
#include "syscall.h"

off_t _lseek(int file, off_t ptr, int dir)
{
    80002bd2:	1141                	addi	sp,sp,-16
    80002bd4:	e406                	sd	ra,8(sp)
    errno = EBADF;
    80002bd6:	e45fe0ef          	jal	80001a1a <__errno>
    return -1;
}
    80002bda:	60a2                	ld	ra,8(sp)
    errno = EBADF;
    80002bdc:	47a5                	li	a5,9
    80002bde:	c11c                	sw	a5,0(a0)
}
    80002be0:	557d                	li	a0,-1
    80002be2:	0141                	addi	sp,sp,16
    80002be4:	8082                	ret

0000000080002be6 <_read>:
#include <errno.h>
#include <sys/types.h>
#include "syscall.h"

ssize_t _read(int file, void *ptr, size_t len)
{
    80002be6:	1141                	addi	sp,sp,-16
    80002be8:	e406                	sd	ra,8(sp)
    errno = ENOSYS;
    80002bea:	e31fe0ef          	jal	80001a1a <__errno>
    return -1;
}
    80002bee:	60a2                	ld	ra,8(sp)
    errno = ENOSYS;
    80002bf0:	05800793          	li	a5,88
    80002bf4:	c11c                	sw	a5,0(a0)
}
    80002bf6:	557d                	li	a0,-1
    80002bf8:	0141                	addi	sp,sp,16
    80002bfa:	8082                	ret

0000000080002bfc <_sbrk>:
{
    extern char __heap_end[];
    char *newbrk;
    char *oldbrk;

    oldbrk = curbrk;
    80002bfc:	00000717          	auipc	a4,0x0
    80002c00:	5c470713          	addi	a4,a4,1476 # 800031c0 <curbrk>
    80002c04:	631c                	ld	a5,0(a4)
    newbrk = oldbrk + incr;
    if (unlikely((newbrk < _end) || (newbrk >= __heap_end))) {
    80002c06:	25018693          	addi	a3,gp,592 # 80003c08 <_end>
    newbrk = oldbrk + incr;
    80002c0a:	953e                	add	a0,a0,a5
    if (unlikely((newbrk < _end) || (newbrk >= __heap_end))) {
    80002c0c:	00d56b63          	bltu	a0,a3,80002c22 <_sbrk+0x26>
    80002c10:	00021697          	auipc	a3,0x21
    80002c14:	3f068693          	addi	a3,a3,1008 # 80024000 <__heap_end>
    80002c18:	00d57563          	bgeu	a0,a3,80002c22 <_sbrk+0x26>
        errno = ENOMEM;
        return (void *)(-1);
    }

    curbrk = newbrk;
    80002c1c:	e308                	sd	a0,0(a4)
    return oldbrk;
}
    80002c1e:	853e                	mv	a0,a5
    80002c20:	8082                	ret
{
    80002c22:	1141                	addi	sp,sp,-16
    80002c24:	e406                	sd	ra,8(sp)
        errno = ENOMEM;
    80002c26:	df5fe0ef          	jal	80001a1a <__errno>
}
    80002c2a:	60a2                	ld	ra,8(sp)
        errno = ENOMEM;
    80002c2c:	47b1                	li	a5,12
    80002c2e:	c11c                	sw	a5,0(a0)
        return (void *)(-1);
    80002c30:	57fd                	li	a5,-1
}
    80002c32:	853e                	mv	a0,a5
    80002c34:	0141                	addi	sp,sp,16
    80002c36:	8082                	ret

0000000080002c38 <_write>:
#include <sys/types.h>
#include "syscall.h"

ssize_t _write(int fd, const void *ptr, size_t len)
{
    return SYSCALL3(SYS_write, fd, (uintptr_t)ptr, len);
    80002c38:	04000693          	li	a3,64
    80002c3c:	a80d                	j	80002c6e <htif_syscall>

0000000080002c3e <__init_tls>:
#include <string.h>

void __init_tls(void)
{
    80002c3e:	1141                	addi	sp,sp,-16
    extern char __tdata_start[];
    extern char __tbss_offset[];
    extern char __tdata_size[];
    extern char __tbss_size[];

    memcpy(__thread_self, __tdata_start, (size_t)__tdata_size);
    80002c40:	00000613          	li	a2,0
    80002c44:	00000597          	auipc	a1,0x0
    80002c48:	25258593          	addi	a1,a1,594 # 80002e96 <__tbss_end>
    80002c4c:	8512                	mv	a0,tp
{
    80002c4e:	e022                	sd	s0,0(sp)
    80002c50:	e406                	sd	ra,8(sp)
    memcpy(__thread_self, __tdata_start, (size_t)__tdata_size);
    80002c52:	8412                	mv	s0,tp
    80002c54:	d1bff0ef          	jal	8000296e <memcpy>
    memset(__thread_self + (size_t)__tbss_offset, 0, (size_t)__tbss_size);
    80002c58:	00000513          	li	a0,0
    80002c5c:	9522                	add	a0,a0,s0
}
    80002c5e:	6402                	ld	s0,0(sp)
    80002c60:	60a2                	ld	ra,8(sp)
    memset(__thread_self + (size_t)__tbss_offset, 0, (size_t)__tbss_size);
    80002c62:	00000613          	li	a2,0
    80002c66:	4581                	li	a1,0
}
    80002c68:	0141                	addi	sp,sp,16
    memset(__thread_self + (size_t)__tbss_offset, 0, (size_t)__tbss_size);
    80002c6a:	dbbfe06f          	j	80001a24 <memset>

0000000080002c6e <htif_syscall>:
volatile uint64_t fromhost __attribute__ ((section (".htif")));

static spinlock_t htif_lock = SPINLOCK_INIT;

long htif_syscall(uint64_t a0, uint64_t a1, uint64_t a2, unsigned long n)
{
    80002c6e:	7139                	addi	sp,sp,-64
    volatile uint64_t buf[8];
    uint64_t sc;

    buf[0] = n;
    80002c70:	e036                	sd	a3,0(sp)
    buf[1] = a0;
    80002c72:	e42a                	sd	a0,8(sp)
    buf[2] = a1;
    buf[3] = a2;

    sc = HTIF_TOHOST(0, 0, (uintptr_t)&buf);
    80002c74:	fff007b7          	lui	a5,0xfff00
    buf[2] = a1;
    80002c78:	e82e                	sd	a1,16(sp)
    sc = HTIF_TOHOST(0, 0, (uintptr_t)&buf);
    80002c7a:	83c1                	srli	a5,a5,0x10
    buf[3] = a2;
    80002c7c:	ec32                	sd	a2,24(sp)
    sc = HTIF_TOHOST(0, 0, (uintptr_t)&buf);
    80002c7e:	860a                	mv	a2,sp
    80002c80:	8e7d                	and	a2,a2,a5
    spin_lock(&htif_lock);
    80002c82:	8b818713          	addi	a4,gp,-1864 # 80003270 <htif_lock>

static inline long atomic_swap_acquire(atomic_t *p, atomic_t v)
{
    long n;
#ifdef __riscv_atomic
    __asm__ __volatile__ (
    80002c86:	56fd                	li	a3,-1
    return *((volatile const atomic_t *)p);
    80002c88:	431c                	lw	a5,0(a4)

static inline void spin_lock(spinlock_t *lock)
{
    do {
#ifdef __riscv_atomic
        while (atomic_load(&lock->lock));
    80002c8a:	fffd                	bnez	a5,80002c88 <htif_syscall+0x1a>
    __asm__ __volatile__ (
    80002c8c:	0cd727af          	amoswap.w.aq	a5,a3,(a4)
#endif
    } while (atomic_swap_acquire(&lock->lock, -1));
    80002c90:	ffe5                	bnez	a5,80002c88 <htif_syscall+0x1a>
static inline void wmb(void) { fence(w, w); }
    80002c92:	0110000f          	fence	w,w
    wmb();
    tohost = sc;
    80002c96:	00000697          	auipc	a3,0x0
    80002c9a:	46a68693          	addi	a3,a3,1130 # 80003100 <tohost>
    80002c9e:	e290                	sd	a2,0(a3)
    while (fromhost == 0);
    80002ca0:	669c                	ld	a5,8(a3)
    80002ca2:	dffd                	beqz	a5,80002ca0 <htif_syscall+0x32>
    fromhost = 0;
    80002ca4:	00000797          	auipc	a5,0x0
    80002ca8:	4607b223          	sd	zero,1124(a5) # 80003108 <fromhost>
}

static inline void atomic_clear_release(atomic_t *p)
{
#ifdef __riscv_atomic
    __asm__ __volatile__ (
    80002cac:	0a07202f          	amoswap.w.rl	zero,zero,(a4)
static inline void rmb(void) { fence(r, r); }
    80002cb0:	0220000f          	fence	r,r
    spin_unlock(&htif_lock);

    rmb();
    return buf[0];
    80002cb4:	6502                	ld	a0,0(sp)
}
    80002cb6:	6121                	addi	sp,sp,64
    80002cb8:	8082                	ret

0000000080002cba <atexit>:
    80002cba:	85aa                	mv	a1,a0
    80002cbc:	4681                	li	a3,0
    80002cbe:	4601                	li	a2,0
    80002cc0:	4501                	li	a0,0
    80002cc2:	a859                	j	80002d58 <__register_exitproc>

0000000080002cc4 <__libc_init_array>:
    80002cc4:	1101                	addi	sp,sp,-32
    80002cc6:	e822                	sd	s0,16(sp)
    80002cc8:	e426                	sd	s1,8(sp)
    80002cca:	00000417          	auipc	s0,0x0
    80002cce:	42e40413          	addi	s0,s0,1070 # 800030f8 <__fini_array_end>
    80002cd2:	00000497          	auipc	s1,0x0
    80002cd6:	42648493          	addi	s1,s1,1062 # 800030f8 <__fini_array_end>
    80002cda:	8c81                	sub	s1,s1,s0
    80002cdc:	e04a                	sd	s2,0(sp)
    80002cde:	ec06                	sd	ra,24(sp)
    80002ce0:	848d                	srai	s1,s1,0x3
    80002ce2:	4901                	li	s2,0
    80002ce4:	02991563          	bne	s2,s1,80002d0e <__libc_init_array+0x4a>
    80002ce8:	00000417          	auipc	s0,0x0
    80002cec:	41040413          	addi	s0,s0,1040 # 800030f8 <__fini_array_end>
    80002cf0:	00000497          	auipc	s1,0x0
    80002cf4:	40848493          	addi	s1,s1,1032 # 800030f8 <__fini_array_end>
    80002cf8:	8c81                	sub	s1,s1,s0
    80002cfa:	848d                	srai	s1,s1,0x3
    80002cfc:	4901                	li	s2,0
    80002cfe:	00991d63          	bne	s2,s1,80002d18 <__libc_init_array+0x54>
    80002d02:	60e2                	ld	ra,24(sp)
    80002d04:	6442                	ld	s0,16(sp)
    80002d06:	64a2                	ld	s1,8(sp)
    80002d08:	6902                	ld	s2,0(sp)
    80002d0a:	6105                	addi	sp,sp,32
    80002d0c:	8082                	ret
    80002d0e:	601c                	ld	a5,0(s0)
    80002d10:	0905                	addi	s2,s2,1
    80002d12:	0421                	addi	s0,s0,8
    80002d14:	9782                	jalr	a5
    80002d16:	b7f9                	j	80002ce4 <__libc_init_array+0x20>
    80002d18:	601c                	ld	a5,0(s0)
    80002d1a:	0905                	addi	s2,s2,1
    80002d1c:	0421                	addi	s0,s0,8
    80002d1e:	9782                	jalr	a5
    80002d20:	bff9                	j	80002cfe <__libc_init_array+0x3a>

0000000080002d22 <__libc_fini_array>:
    80002d22:	1101                	addi	sp,sp,-32
    80002d24:	e822                	sd	s0,16(sp)
    80002d26:	e426                	sd	s1,8(sp)
    80002d28:	00000417          	auipc	s0,0x0
    80002d2c:	3d040413          	addi	s0,s0,976 # 800030f8 <__fini_array_end>
    80002d30:	00000497          	auipc	s1,0x0
    80002d34:	3c848493          	addi	s1,s1,968 # 800030f8 <__fini_array_end>
    80002d38:	8c05                	sub	s0,s0,s1
    80002d3a:	ec06                	sd	ra,24(sp)
    80002d3c:	840d                	srai	s0,s0,0x3
    80002d3e:	e411                	bnez	s0,80002d4a <__libc_fini_array+0x28>
    80002d40:	60e2                	ld	ra,24(sp)
    80002d42:	6442                	ld	s0,16(sp)
    80002d44:	64a2                	ld	s1,8(sp)
    80002d46:	6105                	addi	sp,sp,32
    80002d48:	8082                	ret
    80002d4a:	147d                	addi	s0,s0,-1
    80002d4c:	00341793          	slli	a5,s0,0x3
    80002d50:	97a6                	add	a5,a5,s1
    80002d52:	639c                	ld	a5,0(a5)
    80002d54:	9782                	jalr	a5
    80002d56:	b7e5                	j	80002d3e <__libc_fini_array+0x1c>

0000000080002d58 <__register_exitproc>:
    80002d58:	88aa                	mv	a7,a0
    80002d5a:	8c818513          	addi	a0,gp,-1848 # 80003280 <__atexit>
    80002d5e:	6118                	ld	a4,0(a0)
    80002d60:	ef01                	bnez	a4,80002d78 <__register_exitproc+0x20>
    80002d62:	13818793          	addi	a5,gp,312 # 80003af0 <__atexit0>
    80002d66:	e11c                	sd	a5,0(a0)
    80002d68:	00000713          	li	a4,0
    80002d6c:	c701                	beqz	a4,80002d74 <__register_exitproc+0x1c>
    80002d6e:	6318                	ld	a4,0(a4)
    80002d70:	10e7b823          	sd	a4,272(a5)
    80002d74:	13818713          	addi	a4,gp,312 # 80003af0 <__atexit0>
    80002d78:	471c                	lw	a5,8(a4)
    80002d7a:	487d                	li	a6,31
    80002d7c:	557d                	li	a0,-1
    80002d7e:	04f84763          	blt	a6,a5,80002dcc <__register_exitproc+0x74>
    80002d82:	02088d63          	beqz	a7,80002dbc <__register_exitproc+0x64>
    80002d86:	11073803          	ld	a6,272(a4)
    80002d8a:	04080163          	beqz	a6,80002dcc <__register_exitproc+0x74>
    80002d8e:	00379513          	slli	a0,a5,0x3
    80002d92:	9542                	add	a0,a0,a6
    80002d94:	e110                	sd	a2,0(a0)
    80002d96:	20082303          	lw	t1,512(a6)
    80002d9a:	4605                	li	a2,1
    80002d9c:	00f6163b          	sllw	a2,a2,a5
    80002da0:	00c36333          	or	t1,t1,a2
    80002da4:	20682023          	sw	t1,512(a6)
    80002da8:	10d53023          	sd	a3,256(a0)
    80002dac:	4689                	li	a3,2
    80002dae:	00d89763          	bne	a7,a3,80002dbc <__register_exitproc+0x64>
    80002db2:	20482683          	lw	a3,516(a6)
    80002db6:	8ed1                	or	a3,a3,a2
    80002db8:	20d82223          	sw	a3,516(a6)
    80002dbc:	0017869b          	addiw	a3,a5,1
    80002dc0:	0789                	addi	a5,a5,2
    80002dc2:	078e                	slli	a5,a5,0x3
    80002dc4:	c714                	sw	a3,8(a4)
    80002dc6:	973e                	add	a4,a4,a5
    80002dc8:	e30c                	sd	a1,0(a4)
    80002dca:	4501                	li	a0,0
    80002dcc:	8082                	ret

0000000080002dce <__call_exitprocs>:
    80002dce:	711d                	addi	sp,sp,-96
    80002dd0:	f852                	sd	s4,48(sp)
    80002dd2:	f456                	sd	s5,40(sp)
    80002dd4:	f05a                	sd	s6,32(sp)
    80002dd6:	ec5e                	sd	s7,24(sp)
    80002dd8:	ec86                	sd	ra,88(sp)
    80002dda:	e8a2                	sd	s0,80(sp)
    80002ddc:	e4a6                	sd	s1,72(sp)
    80002dde:	e0ca                	sd	s2,64(sp)
    80002de0:	fc4e                	sd	s3,56(sp)
    80002de2:	e862                	sd	s8,16(sp)
    80002de4:	e466                	sd	s9,8(sp)
    80002de6:	8aaa                	mv	s5,a0
    80002de8:	8a2e                	mv	s4,a1
    80002dea:	8c818b13          	addi	s6,gp,-1848 # 80003280 <__atexit>
    80002dee:	4b85                	li	s7,1
    80002df0:	000b3483          	ld	s1,0(s6)
    80002df4:	cc81                	beqz	s1,80002e0c <__call_exitprocs+0x3e>
    80002df6:	4480                	lw	s0,8(s1)
    80002df8:	1104b983          	ld	s3,272(s1)
    80002dfc:	fff4091b          	addiw	s2,s0,-1
    80002e00:	040e                	slli	s0,s0,0x3
    80002e02:	00898cb3          	add	s9,s3,s0
    80002e06:	9426                	add	s0,s0,s1
    80002e08:	00095f63          	bgez	s2,80002e26 <__call_exitprocs+0x58>
    80002e0c:	60e6                	ld	ra,88(sp)
    80002e0e:	6446                	ld	s0,80(sp)
    80002e10:	64a6                	ld	s1,72(sp)
    80002e12:	6906                	ld	s2,64(sp)
    80002e14:	79e2                	ld	s3,56(sp)
    80002e16:	7a42                	ld	s4,48(sp)
    80002e18:	7aa2                	ld	s5,40(sp)
    80002e1a:	7b02                	ld	s6,32(sp)
    80002e1c:	6be2                	ld	s7,24(sp)
    80002e1e:	6c42                	ld	s8,16(sp)
    80002e20:	6ca2                	ld	s9,8(sp)
    80002e22:	6125                	addi	sp,sp,96
    80002e24:	8082                	ret
    80002e26:	000a0c63          	beqz	s4,80002e3e <__call_exitprocs+0x70>
    80002e2a:	00099663          	bnez	s3,80002e36 <__call_exitprocs+0x68>
    80002e2e:	397d                	addiw	s2,s2,-1
    80002e30:	1ce1                	addi	s9,s9,-8
    80002e32:	1461                	addi	s0,s0,-8
    80002e34:	bfd1                	j	80002e08 <__call_exitprocs+0x3a>
    80002e36:	0f8cb783          	ld	a5,248(s9)
    80002e3a:	ff479ae3          	bne	a5,s4,80002e2e <__call_exitprocs+0x60>
    80002e3e:	449c                	lw	a5,8(s1)
    80002e40:	6418                	ld	a4,8(s0)
    80002e42:	37fd                	addiw	a5,a5,-1
    80002e44:	03279963          	bne	a5,s2,80002e76 <__call_exitprocs+0xa8>
    80002e48:	0124a423          	sw	s2,8(s1)
    80002e4c:	d36d                	beqz	a4,80002e2e <__call_exitprocs+0x60>
    80002e4e:	0084ac03          	lw	s8,8(s1)
    80002e52:	00098963          	beqz	s3,80002e64 <__call_exitprocs+0x96>
    80002e56:	2009a783          	lw	a5,512(s3)
    80002e5a:	012b96bb          	sllw	a3,s7,s2
    80002e5e:	8ff5                	and	a5,a5,a3
    80002e60:	2781                	sext.w	a5,a5
    80002e62:	ef89                	bnez	a5,80002e7c <__call_exitprocs+0xae>
    80002e64:	9702                	jalr	a4
    80002e66:	4498                	lw	a4,8(s1)
    80002e68:	000b3783          	ld	a5,0(s6)
    80002e6c:	f98712e3          	bne	a4,s8,80002df0 <__call_exitprocs+0x22>
    80002e70:	faf48fe3          	beq	s1,a5,80002e2e <__call_exitprocs+0x60>
    80002e74:	bfb5                	j	80002df0 <__call_exitprocs+0x22>
    80002e76:	00043423          	sd	zero,8(s0)
    80002e7a:	bfc9                	j	80002e4c <__call_exitprocs+0x7e>
    80002e7c:	2049a783          	lw	a5,516(s3)
    80002e80:	ff8cb583          	ld	a1,-8(s9)
    80002e84:	8ff5                	and	a5,a5,a3
    80002e86:	2781                	sext.w	a5,a5
    80002e88:	e781                	bnez	a5,80002e90 <__call_exitprocs+0xc2>
    80002e8a:	8556                	mv	a0,s5
    80002e8c:	9702                	jalr	a4
    80002e8e:	bfe1                	j	80002e66 <__call_exitprocs+0x98>
    80002e90:	852e                	mv	a0,a1
    80002e92:	9702                	jalr	a4
    80002e94:	bfc9                	j	80002e66 <__call_exitprocs+0x98>
