
/home/wtl/Voyager/tapeout-Voyager/software/embench/build_meek/wikisort.riscv:     file format elf64-littleriscv


Disassembly of section .text:

0000000080000000 <_start>:
    .global _start
    .type _start, @function
_start:
    .cfi_startproc

    li x1, 0
    80000000:	4081                	li	ra,0
    li x2, 0
    80000002:	4101                	li	sp,0
    li x3, 0
    80000004:	4181                	li	gp,0
    li x4, 0
    80000006:	4201                	li	tp,0
    li x5, 0
    80000008:	4281                	li	t0,0
    li x6, 0
    8000000a:	4301                	li	t1,0
    li x7, 0
    8000000c:	4381                	li	t2,0
    li x8, 0
    8000000e:	4401                	li	s0,0
    li x9, 0
    80000010:	4481                	li	s1,0
    li x10, 0
    80000012:	4501                	li	a0,0
    li x11, 0
    80000014:	4581                	li	a1,0
    li x12, 0
    80000016:	4601                	li	a2,0
    li x13, 0
    80000018:	4681                	li	a3,0
    li x14, 0
    8000001a:	4701                	li	a4,0
    li x15, 0
    8000001c:	4781                	li	a5,0
    li x16, 0
    8000001e:	4801                	li	a6,0
    li x17, 0
    80000020:	4881                	li	a7,0
    li x18, 0
    80000022:	4901                	li	s2,0
    li x19, 0
    80000024:	4981                	li	s3,0
    li x20, 0
    80000026:	4a01                	li	s4,0
    li x21, 0
    80000028:	4a81                	li	s5,0
    li x22, 0
    8000002a:	4b01                	li	s6,0
    li x23, 0
    8000002c:	4b81                	li	s7,0
    li x24, 0
    8000002e:	4c01                	li	s8,0
    li x25, 0
    80000030:	4c81                	li	s9,0
    li x26, 0
    80000032:	4d01                	li	s10,0
    li x27, 0
    80000034:	4d81                	li	s11,0
    li x28, 0
    80000036:	4e01                	li	t3,0
    li x29, 0
    80000038:	4e81                	li	t4,0
    li x30, 0
    8000003a:	4f01                	li	t5,0
    li x31, 0
    8000003c:	4f81                	li	t6,0

    li t0, (MSTATUS_FS | MSTATUS_XS | MSTATUS_VS)
    8000003e:	62f9                	lui	t0,0x1e
    80000040:	6002829b          	addiw	t0,t0,1536 # 1e600 <__stack_size+0x16600>
    csrs mstatus, t0
    80000044:	3002a073          	csrs	mstatus,t0

#ifdef __riscv_flen
    /* Initialize FPU if present */
    la t0, 1f
    80000048:	00000297          	auipc	t0,0x0
    8000004c:	09028293          	addi	t0,t0,144 # 800000d8 <_start+0xd8>
    csrw mtvec, t0
    80000050:	30529073          	csrw	mtvec,t0

    fscsr zero
    80000054:	00301073          	fscsr	zero
    fmv.s.x f0,  zero
    80000058:	f0000053          	fmv.w.x	ft0,zero
    fmv.s.x f1,  zero
    8000005c:	f00000d3          	fmv.w.x	ft1,zero
    fmv.s.x f2,  zero
    80000060:	f0000153          	fmv.w.x	ft2,zero
    fmv.s.x f3,  zero
    80000064:	f00001d3          	fmv.w.x	ft3,zero
    fmv.s.x f4,  zero
    80000068:	f0000253          	fmv.w.x	ft4,zero
    fmv.s.x f5,  zero
    8000006c:	f00002d3          	fmv.w.x	ft5,zero
    fmv.s.x f6,  zero
    80000070:	f0000353          	fmv.w.x	ft6,zero
    fmv.s.x f7,  zero
    80000074:	f00003d3          	fmv.w.x	ft7,zero
    fmv.s.x f8,  zero
    80000078:	f0000453          	fmv.w.x	fs0,zero
    fmv.s.x f9,  zero
    8000007c:	f00004d3          	fmv.w.x	fs1,zero
    fmv.s.x f10, zero
    80000080:	f0000553          	fmv.w.x	fa0,zero
    fmv.s.x f11, zero
    80000084:	f00005d3          	fmv.w.x	fa1,zero
    fmv.s.x f12, zero
    80000088:	f0000653          	fmv.w.x	fa2,zero
    fmv.s.x f13, zero
    8000008c:	f00006d3          	fmv.w.x	fa3,zero
    fmv.s.x f14, zero
    80000090:	f0000753          	fmv.w.x	fa4,zero
    fmv.s.x f15, zero
    80000094:	f00007d3          	fmv.w.x	fa5,zero
    fmv.s.x f16, zero
    80000098:	f0000853          	fmv.w.x	fa6,zero
    fmv.s.x f17, zero
    8000009c:	f00008d3          	fmv.w.x	fa7,zero
    fmv.s.x f18, zero
    800000a0:	f0000953          	fmv.w.x	fs2,zero
    fmv.s.x f19, zero
    800000a4:	f00009d3          	fmv.w.x	fs3,zero
    fmv.s.x f20, zero
    800000a8:	f0000a53          	fmv.w.x	fs4,zero
    fmv.s.x f21, zero
    800000ac:	f0000ad3          	fmv.w.x	fs5,zero
    fmv.s.x f22, zero
    800000b0:	f0000b53          	fmv.w.x	fs6,zero
    fmv.s.x f23, zero
    800000b4:	f0000bd3          	fmv.w.x	fs7,zero
    fmv.s.x f24, zero
    800000b8:	f0000c53          	fmv.w.x	fs8,zero
    fmv.s.x f25, zero
    800000bc:	f0000cd3          	fmv.w.x	fs9,zero
    fmv.s.x f26, zero
    800000c0:	f0000d53          	fmv.w.x	fs10,zero
    fmv.s.x f27, zero
    800000c4:	f0000dd3          	fmv.w.x	fs11,zero
    fmv.s.x f28, zero
    800000c8:	f0000e53          	fmv.w.x	ft8,zero
    fmv.s.x f29, zero
    800000cc:	f0000ed3          	fmv.w.x	ft9,zero
    fmv.s.x f30, zero
    800000d0:	f0000f53          	fmv.w.x	ft10,zero
    fmv.s.x f31, zero
    800000d4:	f0000fd3          	fmv.w.x	ft11,zero

    /* Initialize global pointer; disable relaxation to avoid relaxing
       the address calculation to "addi gp, gp, 0" */
    .option push
    .option norelax
    la gp, __global_pointer$
    800000d8:	00006197          	auipc	gp,0x6
    800000dc:	16018193          	addi	gp,gp,352 # 80006238 <__global_pointer$>
    .option pop

    /* Initialize thread pointer */
    csrr s0, mhartid
    800000e0:	f1402473          	csrr	s0,mhartid
    lui t0, %hi(__stack_shift)
    addi t0, t0, %lo(__stack_shift)
    800000e4:	00f00293          	li	t0,15
    la tp, __stack_start
    800000e8:	00027217          	auipc	tp,0x27
    800000ec:	f1820213          	addi	tp,tp,-232 # 80027000 <__heap_end>
    sll t0, s0, t0
    800000f0:	005412b3          	sll	t0,s0,t0
    add tp, tp, t0
    800000f4:	9216                	add	tp,tp,t0

    /* Initialize stack pointer */
    lui t0, %hi(__stack_size)
    800000f6:	62a1                	lui	t0,0x8
    addi t0, t0, %lo(__stack_size)
    800000f8:	00028293          	mv	t0,t0
    add sp, tp, t0
    800000fc:	00520133          	add	sp,tp,t0

    /* Initialize trap vector */
    la t0, trap_entry
    80000100:	00000297          	auipc	t0,0x0
    80000104:	04828293          	addi	t0,t0,72 # 80000148 <trap_entry>
    csrw mtvec, t0
    80000108:	30529073          	csrw	mtvec,t0

    /* Initialize TLS */
    call __init_tls
    8000010c:	6c4040ef          	jal	800047d0 <__init_tls>

    /* Skip global initialization if not the designated boot hart */
    la t0, __boot_hart
    80000110:	00000293          	li	t0,0
    bne s0, t0, _start_secondary
    80000114:	00540463          	beq	s0,t0,8000011c <_start+0x11c>
    80000118:	0fa0006f          	j	80000212 <_start_secondary>

    /* Zero BSS segment */
    la t0, __bss_start
    8000011c:	84818293          	addi	t0,gp,-1976 # 80005a80 <uart_lock>
    la t1, __bss_end
    80000120:	00007317          	auipc	t1,0x7
    80000124:	98030313          	addi	t1,t1,-1664 # 80006aa0 <_end>
    bgeu t0, t1, 2f
    80000128:	0062f763          	bgeu	t0,t1,80000136 <_start+0x136>
1:
    SREG zero, (t0)
    8000012c:	0002b023          	sd	zero,0(t0)
    addi t0, t0, REGBYTES
    80000130:	02a1                	addi	t0,t0,8
    bltu t0, t1, 1b
    80000132:	fe62ede3          	bltu	t0,t1,8000012c <_start+0x12c>
2:

    /* Call global constructors */
    la a0, __libc_fini_array
    80000136:	00004517          	auipc	a0,0x4
    8000013a:	77e50513          	addi	a0,a0,1918 # 800048b4 <__libc_fini_array>
    call atexit
    8000013e:	70e040ef          	jal	8000484c <atexit>
    call __libc_init_array
    80000142:	714040ef          	jal	80004856 <__libc_init_array>

    /* Call main function */
    tail _start_main
    80000146:	a075                	j	800001f2 <_start_main>

0000000080000148 <trap_entry>:
    .cfi_endproc


    .align 2
trap_entry:
    csrw mscratch, sp
    80000148:	34011073          	csrw	mscratch,sp
    addi sp, sp, -(32*REGBYTES)
    8000014c:	7111                	addi	sp,sp,-256

    /* Save trap frame */
    SREG x1, 1*REGBYTES(sp)
    8000014e:	e406                	sd	ra,8(sp)
    csrr x1, mscratch
    80000150:	340020f3          	csrr	ra,mscratch
    SREG x1, 2*REGBYTES(sp)
    80000154:	e806                	sd	ra,16(sp)
    SREG x3, 3*REGBYTES(sp)
    80000156:	ec0e                	sd	gp,24(sp)
    SREG x4, 4*REGBYTES(sp)
    80000158:	f012                	sd	tp,32(sp)
    SREG x5, 5*REGBYTES(sp)
    8000015a:	f416                	sd	t0,40(sp)
    SREG x6, 6*REGBYTES(sp)
    8000015c:	f81a                	sd	t1,48(sp)
    SREG x7, 7*REGBYTES(sp)
    8000015e:	fc1e                	sd	t2,56(sp)
    SREG x8, 8*REGBYTES(sp)
    80000160:	e0a2                	sd	s0,64(sp)
    SREG x9, 9*REGBYTES(sp)
    80000162:	e4a6                	sd	s1,72(sp)
    SREG x10, 10*REGBYTES(sp)
    80000164:	e8aa                	sd	a0,80(sp)
    SREG x11, 11*REGBYTES(sp)
    80000166:	ecae                	sd	a1,88(sp)
    SREG x12, 12*REGBYTES(sp)
    80000168:	f0b2                	sd	a2,96(sp)
    SREG x13, 13*REGBYTES(sp)
    8000016a:	f4b6                	sd	a3,104(sp)
    SREG x14, 14*REGBYTES(sp)
    8000016c:	f8ba                	sd	a4,112(sp)
    SREG x15, 15*REGBYTES(sp)
    8000016e:	fcbe                	sd	a5,120(sp)
    SREG x16, 16*REGBYTES(sp)
    80000170:	e142                	sd	a6,128(sp)
    SREG x17, 17*REGBYTES(sp)
    80000172:	e546                	sd	a7,136(sp)
    SREG x18, 18*REGBYTES(sp)
    80000174:	e94a                	sd	s2,144(sp)
    SREG x19, 19*REGBYTES(sp)
    80000176:	ed4e                	sd	s3,152(sp)
    SREG x20, 20*REGBYTES(sp)
    80000178:	f152                	sd	s4,160(sp)
    SREG x21, 21*REGBYTES(sp)
    8000017a:	f556                	sd	s5,168(sp)
    SREG x22, 22*REGBYTES(sp)
    8000017c:	f95a                	sd	s6,176(sp)
    SREG x23, 23*REGBYTES(sp)
    8000017e:	fd5e                	sd	s7,184(sp)
    SREG x24, 24*REGBYTES(sp)
    80000180:	e1e2                	sd	s8,192(sp)
    SREG x25, 25*REGBYTES(sp)
    80000182:	e5e6                	sd	s9,200(sp)
    SREG x26, 26*REGBYTES(sp)
    80000184:	e9ea                	sd	s10,208(sp)
    SREG x27, 27*REGBYTES(sp)
    80000186:	edee                	sd	s11,216(sp)
    SREG x28, 28*REGBYTES(sp)
    80000188:	f1f2                	sd	t3,224(sp)
    SREG x29, 29*REGBYTES(sp)
    8000018a:	f5f6                	sd	t4,232(sp)
    SREG x30, 30*REGBYTES(sp)
    8000018c:	f9fa                	sd	t5,240(sp)
    SREG x31, 31*REGBYTES(sp)
    8000018e:	fdfe                	sd	t6,248(sp)

    /* Invoke higher-level trap handler */
    csrr a0, mepc
    80000190:	34102573          	csrr	a0,mepc
    csrr a1, mcause
    80000194:	342025f3          	csrr	a1,mcause
    csrr a2, mtval
    80000198:	34302673          	csrr	a2,mtval
    mv a3, sp
    8000019c:	868a                	mv	a3,sp
    call handle_trap
    8000019e:	142000ef          	jal	800002e0 <handle_trap>
    csrw mepc, a0
    800001a2:	34151073          	csrw	mepc,a0

    /* Remain in M-mode after return */
    li t0, MSTATUS_MPP
    800001a6:	6289                	lui	t0,0x2
    800001a8:	8002829b          	addiw	t0,t0,-2048 # 1800 <__stack_align+0x17f0>
    csrs mstatus, t0
    800001ac:	3002a073          	csrs	mstatus,t0

    LREG x1, 1*REGBYTES(sp)
    800001b0:	60a2                	ld	ra,8(sp)
    LREG x3, 3*REGBYTES(sp)
    800001b2:	61e2                	ld	gp,24(sp)
    LREG x4, 4*REGBYTES(sp)
    800001b4:	7202                	ld	tp,32(sp)
    LREG x5, 5*REGBYTES(sp)
    800001b6:	72a2                	ld	t0,40(sp)
    LREG x6, 6*REGBYTES(sp)
    800001b8:	7342                	ld	t1,48(sp)
    LREG x7, 7*REGBYTES(sp)
    800001ba:	73e2                	ld	t2,56(sp)
    LREG x8, 8*REGBYTES(sp)
    800001bc:	6406                	ld	s0,64(sp)
    LREG x9, 9*REGBYTES(sp)
    800001be:	64a6                	ld	s1,72(sp)
    LREG x10, 10*REGBYTES(sp)
    800001c0:	6546                	ld	a0,80(sp)
    LREG x11, 11*REGBYTES(sp)
    800001c2:	65e6                	ld	a1,88(sp)
    LREG x12, 12*REGBYTES(sp)
    800001c4:	7606                	ld	a2,96(sp)
    LREG x13, 13*REGBYTES(sp)
    800001c6:	76a6                	ld	a3,104(sp)
    LREG x14, 14*REGBYTES(sp)
    800001c8:	7746                	ld	a4,112(sp)
    LREG x15, 15*REGBYTES(sp)
    800001ca:	77e6                	ld	a5,120(sp)
    LREG x16, 16*REGBYTES(sp)
    800001cc:	680a                	ld	a6,128(sp)
    LREG x17, 17*REGBYTES(sp)
    800001ce:	68aa                	ld	a7,136(sp)
    LREG x18, 18*REGBYTES(sp)
    800001d0:	694a                	ld	s2,144(sp)
    LREG x19, 19*REGBYTES(sp)
    800001d2:	69ea                	ld	s3,152(sp)
    LREG x20, 20*REGBYTES(sp)
    800001d4:	7a0a                	ld	s4,160(sp)
    LREG x21, 21*REGBYTES(sp)
    800001d6:	7aaa                	ld	s5,168(sp)
    LREG x22, 22*REGBYTES(sp)
    800001d8:	7b4a                	ld	s6,176(sp)
    LREG x23, 23*REGBYTES(sp)
    800001da:	7bea                	ld	s7,184(sp)
    LREG x24, 24*REGBYTES(sp)
    800001dc:	6c0e                	ld	s8,192(sp)
    LREG x25, 25*REGBYTES(sp)
    800001de:	6cae                	ld	s9,200(sp)
    LREG x26, 26*REGBYTES(sp)
    800001e0:	6d4e                	ld	s10,208(sp)
    LREG x27, 27*REGBYTES(sp)
    800001e2:	6dee                	ld	s11,216(sp)
    LREG x28, 28*REGBYTES(sp)
    800001e4:	7e0e                	ld	t3,224(sp)
    LREG x29, 29*REGBYTES(sp)
    800001e6:	7eae                	ld	t4,232(sp)
    LREG x30, 30*REGBYTES(sp)
    800001e8:	7f4e                	ld	t5,240(sp)
    LREG x31, 31*REGBYTES(sp)
    800001ea:	7fee                	ld	t6,248(sp)
    /* Restore sp last */
    LREG x2, 2*REGBYTES(sp)
    800001ec:	6142                	ld	sp,16(sp)

    mret
    800001ee:	30200073          	mret

00000000800001f2 <_start_main>:
    .endm

    .global _start_main
    .type _start_main, @function
_start_main:
    BARRIER_PASS __boot_sync
    800001f2:	52fd                	li	t0,-1
    800001f4:	0110000f          	fence	w,w
    800001f8:	7451a423          	sw	t0,1864(gp) # 80006980 <__boot_sync>
    ENTER main
    800001fc:	4505                	li	a0,1
    800001fe:	00005597          	auipc	a1,0x5
    80000202:	71258593          	addi	a1,a1,1810 # 80005910 <argv>
    80000206:	8101b603          	ld	a2,-2032(gp) # 80005a48 <environ>
    8000020a:	02a000ef          	jal	80000234 <main>
    8000020e:	4430206f          	j	80002e50 <exit>

0000000080000212 <_start_secondary>:

    .global _start_secondary
    .type _start_secondary, @function
_start_secondary:
    /* Synchronize secondary harts */
    BARRIER_WAIT __boot_sync
    80000212:	7481a283          	lw	t0,1864(gp) # 80006980 <__boot_sync>
    80000216:	fe028ee3          	beqz	t0,80000212 <_start_secondary>
    8000021a:	0220000f          	fence	r,r
    ENTER __main
    8000021e:	4505                	li	a0,1
    80000220:	00005597          	auipc	a1,0x5
    80000224:	6f058593          	addi	a1,a1,1776 # 80005910 <argv>
    80000228:	8101b603          	ld	a2,-2032(gp) # 80005a48 <environ>
    8000022c:	710000ef          	jal	8000093c <__main>
    80000230:	4210206f          	j	80002e50 <exit>

0000000080000234 <main>:
    80000234:	fe010113          	addi	sp,sp,-32
    80000238:	00113c23          	sd	ra,24(sp)
    8000023c:	15d000ef          	jal	80000b98 <initialise_board>
    80000240:	379020ef          	jal	80002db8 <initialise_benchmark>
    80000244:	00100513          	li	a0,1
    80000248:	375020ef          	jal	80002dbc <warm_caches>
    8000024c:	2d0000ef          	jal	8000051c <rStartup>
    80000250:	151000ef          	jal	80000ba0 <start_trigger>
    80000254:	36d020ef          	jal	80002dc0 <benchmark>
    80000258:	00a12623          	sw	a0,12(sp)
    8000025c:	14d000ef          	jal	80000ba8 <stop_trigger>
    80000260:	698000ef          	jal	800008f8 <rCleanup>
    80000264:	00c12503          	lw	a0,12(sp)
    80000268:	2b9020ef          	jal	80002d20 <verify_benchmark>
    8000026c:	01813083          	ld	ra,24(sp)
    80000270:	00153513          	seqz	a0,a0
    80000274:	02010113          	addi	sp,sp,32
    80000278:	00008067          	ret

000000008000027c <mtimecmp_cfg>:
    8000027c:	f1402873          	csrr	a6,mhartid
    80000280:	004017b7          	lui	a5,0x401
    80000284:	80078793          	addi	a5,a5,-2048 # 400800 <__heap_size+0x3e0800>
    80000288:	00f80833          	add	a6,a6,a5
    8000028c:	0200c6b7          	lui	a3,0x200c
    80000290:	0200c537          	lui	a0,0x200c
    80000294:	00381813          	slli	a6,a6,0x3
    80000298:	ffc68693          	addi	a3,a3,-4 # 200bffc <__heap_size+0x1febffc>
    8000029c:	ff850513          	addi	a0,a0,-8 # 200bff8 <__heap_size+0x1febff8>
    800002a0:	0006a703          	lw	a4,0(a3)
    800002a4:	00052783          	lw	a5,0(a0)
    800002a8:	0006a583          	lw	a1,0(a3)
    800002ac:	0007061b          	sext.w	a2,a4
    800002b0:	0007879b          	sext.w	a5,a5
    800002b4:	feb716e3          	bne	a4,a1,800002a0 <mtimecmp_cfg+0x24>
    800002b8:	02079793          	slli	a5,a5,0x20
    800002bc:	0207d793          	srli	a5,a5,0x20
    800002c0:	02061613          	slli	a2,a2,0x20
    800002c4:	00f66633          	or	a2,a2,a5
    800002c8:	02060613          	addi	a2,a2,32
    800002cc:	0006079b          	sext.w	a5,a2
    800002d0:	00f82023          	sw	a5,0(a6)
    800002d4:	42065613          	srai	a2,a2,0x20
    800002d8:	00c82223          	sw	a2,4(a6)
    800002dc:	00008067          	ret

00000000800002e0 <handle_trap>:
    800002e0:	f14027f3          	csrr	a5,mhartid
    800002e4:	0805dc63          	bgez	a1,8000037c <handle_trap+0x9c>
    800002e8:	34402773          	csrr	a4,mip
    800002ec:	00877713          	andi	a4,a4,8
    800002f0:	00070c63          	beqz	a4,80000308 <handle_trap+0x28>
    800002f4:	00800737          	lui	a4,0x800
    800002f8:	00e787b3          	add	a5,a5,a4
    800002fc:	00279793          	slli	a5,a5,0x2
    80000300:	0007a023          	sw	zero,0(a5)
    80000304:	00008067          	ret
    80000308:	34402773          	csrr	a4,mip
    8000030c:	08077713          	andi	a4,a4,128
    80000310:	06070a63          	beqz	a4,80000384 <handle_trap+0xa4>
    80000314:	06079e63          	bnez	a5,80000390 <handle_trap+0xb0>
    80000318:	8a81a783          	lw	a5,-1880(gp) # 80005ae0 <timer_flags>
    8000031c:	8a818713          	addi	a4,gp,-1880 # 80005ae0 <timer_flags>
    80000320:	0017879b          	addiw	a5,a5,1
    80000324:	00f72023          	sw	a5,0(a4) # 800000 <__heap_size+0x7e0000>
    80000328:	00072683          	lw	a3,0(a4)
    8000032c:	03100793          	li	a5,49
    80000330:	0cd7ce63          	blt	a5,a3,8000040c <handle_trap+0x12c>
    80000334:	0200c6b7          	lui	a3,0x200c
    80000338:	0200c837          	lui	a6,0x200c
    8000033c:	ffc68693          	addi	a3,a3,-4 # 200bffc <__heap_size+0x1febffc>
    80000340:	ff880813          	addi	a6,a6,-8 # 200bff8 <__heap_size+0x1febff8>
    80000344:	0006a703          	lw	a4,0(a3)
    80000348:	00082783          	lw	a5,0(a6)
    8000034c:	0006a603          	lw	a2,0(a3)
    80000350:	0007059b          	sext.w	a1,a4
    80000354:	0007879b          	sext.w	a5,a5
    80000358:	fec716e3          	bne	a4,a2,80000344 <handle_trap+0x64>
    8000035c:	02079793          	slli	a5,a5,0x20
    80000360:	02059593          	slli	a1,a1,0x20
    80000364:	0207d793          	srli	a5,a5,0x20
    80000368:	00f5e7b3          	or	a5,a1,a5
    8000036c:	02078793          	addi	a5,a5,32
    80000370:	02004737          	lui	a4,0x2004
    80000374:	00f73023          	sd	a5,0(a4) # 2004000 <__heap_size+0x1fe4000>
    80000378:	00008067          	ret
    8000037c:	00b00793          	li	a5,11
    80000380:	00f58463          	beq	a1,a5,80000388 <handle_trap+0xa8>
    80000384:	00008067          	ret
    80000388:	00450513          	addi	a0,a0,4
    8000038c:	00008067          	ret
    80000390:	00100713          	li	a4,1
    80000394:	08e78e63          	beq	a5,a4,80000430 <handle_trap+0x150>
    80000398:	00200713          	li	a4,2
    8000039c:	0ee78c63          	beq	a5,a4,80000494 <handle_trap+0x1b4>
    800003a0:	00300713          	li	a4,3
    800003a4:	fee790e3          	bne	a5,a4,80000384 <handle_trap+0xa4>
    800003a8:	8b41a783          	lw	a5,-1868(gp) # 80005aec <timer_flags+0xc>
    800003ac:	8a818713          	addi	a4,gp,-1880 # 80005ae0 <timer_flags>
    800003b0:	0017879b          	addiw	a5,a5,1
    800003b4:	00f72623          	sw	a5,12(a4)
    800003b8:	00c72683          	lw	a3,12(a4)
    800003bc:	03100793          	li	a5,49
    800003c0:	14d7c863          	blt	a5,a3,80000510 <handle_trap+0x230>
    800003c4:	0200c6b7          	lui	a3,0x200c
    800003c8:	0200c837          	lui	a6,0x200c
    800003cc:	ffc68693          	addi	a3,a3,-4 # 200bffc <__heap_size+0x1febffc>
    800003d0:	ff880813          	addi	a6,a6,-8 # 200bff8 <__heap_size+0x1febff8>
    800003d4:	0006a703          	lw	a4,0(a3)
    800003d8:	00082783          	lw	a5,0(a6)
    800003dc:	0006a603          	lw	a2,0(a3)
    800003e0:	0007059b          	sext.w	a1,a4
    800003e4:	0007879b          	sext.w	a5,a5
    800003e8:	fec716e3          	bne	a4,a2,800003d4 <handle_trap+0xf4>
    800003ec:	02079793          	slli	a5,a5,0x20
    800003f0:	02059593          	slli	a1,a1,0x20
    800003f4:	0207d793          	srli	a5,a5,0x20
    800003f8:	00f5e7b3          	or	a5,a1,a5
    800003fc:	02004737          	lui	a4,0x2004
    80000400:	02078793          	addi	a5,a5,32
    80000404:	00f73c23          	sd	a5,24(a4) # 2004018 <__heap_size+0x1fe4018>
    80000408:	00008067          	ret
    8000040c:	00072703          	lw	a4,0(a4)
    80000410:	f6e7dae3          	bge	a5,a4,80000384 <handle_trap+0xa4>
    80000414:	304027f3          	csrr	a5,mie
    80000418:	f7f7f793          	andi	a5,a5,-129
    8000041c:	30479073          	csrw	mie,a5
    80000420:	300027f3          	csrr	a5,mstatus
    80000424:	ff77f793          	andi	a5,a5,-9
    80000428:	30079073          	csrw	mstatus,a5
    8000042c:	00008067          	ret
    80000430:	8ac1a783          	lw	a5,-1876(gp) # 80005ae4 <timer_flags+0x4>
    80000434:	8a818713          	addi	a4,gp,-1880 # 80005ae0 <timer_flags>
    80000438:	0017879b          	addiw	a5,a5,1
    8000043c:	00f72223          	sw	a5,4(a4)
    80000440:	00472683          	lw	a3,4(a4)
    80000444:	03100793          	li	a5,49
    80000448:	0ad7c863          	blt	a5,a3,800004f8 <handle_trap+0x218>
    8000044c:	0200c6b7          	lui	a3,0x200c
    80000450:	0200c837          	lui	a6,0x200c
    80000454:	ffc68693          	addi	a3,a3,-4 # 200bffc <__heap_size+0x1febffc>
    80000458:	ff880813          	addi	a6,a6,-8 # 200bff8 <__heap_size+0x1febff8>
    8000045c:	0006a703          	lw	a4,0(a3)
    80000460:	00082783          	lw	a5,0(a6)
    80000464:	0006a603          	lw	a2,0(a3)
    80000468:	0007059b          	sext.w	a1,a4
    8000046c:	0007879b          	sext.w	a5,a5
    80000470:	fec716e3          	bne	a4,a2,8000045c <handle_trap+0x17c>
    80000474:	02079793          	slli	a5,a5,0x20
    80000478:	02059593          	slli	a1,a1,0x20
    8000047c:	0207d793          	srli	a5,a5,0x20
    80000480:	00f5e7b3          	or	a5,a1,a5
    80000484:	02004737          	lui	a4,0x2004
    80000488:	02078793          	addi	a5,a5,32
    8000048c:	00f73423          	sd	a5,8(a4) # 2004008 <__heap_size+0x1fe4008>
    80000490:	00008067          	ret
    80000494:	8b01a783          	lw	a5,-1872(gp) # 80005ae8 <timer_flags+0x8>
    80000498:	8a818713          	addi	a4,gp,-1880 # 80005ae0 <timer_flags>
    8000049c:	0017879b          	addiw	a5,a5,1
    800004a0:	00f72423          	sw	a5,8(a4)
    800004a4:	00872683          	lw	a3,8(a4)
    800004a8:	03100793          	li	a5,49
    800004ac:	04d7cc63          	blt	a5,a3,80000504 <handle_trap+0x224>
    800004b0:	0200c6b7          	lui	a3,0x200c
    800004b4:	0200c837          	lui	a6,0x200c
    800004b8:	ffc68693          	addi	a3,a3,-4 # 200bffc <__heap_size+0x1febffc>
    800004bc:	ff880813          	addi	a6,a6,-8 # 200bff8 <__heap_size+0x1febff8>
    800004c0:	0006a703          	lw	a4,0(a3)
    800004c4:	00082783          	lw	a5,0(a6)
    800004c8:	0006a603          	lw	a2,0(a3)
    800004cc:	0007059b          	sext.w	a1,a4
    800004d0:	0007879b          	sext.w	a5,a5
    800004d4:	fec716e3          	bne	a4,a2,800004c0 <handle_trap+0x1e0>
    800004d8:	02079793          	slli	a5,a5,0x20
    800004dc:	02059593          	slli	a1,a1,0x20
    800004e0:	0207d793          	srli	a5,a5,0x20
    800004e4:	00f5e7b3          	or	a5,a1,a5
    800004e8:	02004737          	lui	a4,0x2004
    800004ec:	02078793          	addi	a5,a5,32
    800004f0:	00f73823          	sd	a5,16(a4) # 2004010 <__heap_size+0x1fe4010>
    800004f4:	00008067          	ret
    800004f8:	00472703          	lw	a4,4(a4)
    800004fc:	e8e7d4e3          	bge	a5,a4,80000384 <handle_trap+0xa4>
    80000500:	f15ff06f          	j	80000414 <handle_trap+0x134>
    80000504:	00872703          	lw	a4,8(a4)
    80000508:	e6e7dee3          	bge	a5,a4,80000384 <handle_trap+0xa4>
    8000050c:	f09ff06f          	j	80000414 <handle_trap+0x134>
    80000510:	00c72703          	lw	a4,12(a4)
    80000514:	e6e7d8e3          	bge	a5,a4,80000384 <handle_trap+0xa4>
    80000518:	efdff06f          	j	80000414 <handle_trap+0x134>

000000008000051c <rStartup>:
    8000051c:	ff010113          	addi	sp,sp,-16
    80000520:	00113423          	sd	ra,8(sp)
    80000524:	00813023          	sd	s0,0(sp)
    80000528:	00400593          	li	a1,4
    8000052c:	3805a02b          	.word	0x3805a02b
    80000530:	006405b7          	lui	a1,0x640
    80000534:	01258593          	addi	a1,a1,18 # 640012 <__heap_size+0x620012>
    80000538:	00200613          	li	a2,2
    8000053c:	0cc5b02b          	.word	0x0cc5b02b
    80000540:	106405b7          	lui	a1,0x10640
    80000544:	01258593          	addi	a1,a1,18 # 10640012 <__heap_size+0x10620012>
    80000548:	0cc5b02b          	.word	0x0cc5b02b
    8000054c:	206405b7          	lui	a1,0x20640
    80000550:	01258593          	addi	a1,a1,18 # 20640012 <__heap_size+0x20620012>
    80000554:	0cc5b02b          	.word	0x0cc5b02b
    80000558:	306405b7          	lui	a1,0x30640
    8000055c:	01258593          	addi	a1,a1,18 # 30640012 <__heap_size+0x30620012>
    80000560:	0cc5b02b          	.word	0x0cc5b02b
    80000564:	406405b7          	lui	a1,0x40640
    80000568:	01258593          	addi	a1,a1,18 # 40640012 <__heap_size+0x40620012>
    8000056c:	0cc5b02b          	.word	0x0cc5b02b
    80000570:	506405b7          	lui	a1,0x50640
    80000574:	01258593          	addi	a1,a1,18 # 50640012 <__heap_size+0x50620012>
    80000578:	0cc5b02b          	.word	0x0cc5b02b
    8000057c:	606405b7          	lui	a1,0x60640
    80000580:	01258593          	addi	a1,a1,18 # 60640012 <__heap_size+0x60620012>
    80000584:	0cc5b02b          	.word	0x0cc5b02b
    80000588:	20e405b7          	lui	a1,0x20e40
    8000058c:	01258593          	addi	a1,a1,18 # 20e40012 <__heap_size+0x20e20012>
    80000590:	0cc5b02b          	.word	0x0cc5b02b
    80000594:	30e405b7          	lui	a1,0x30e40
    80000598:	01258593          	addi	a1,a1,18 # 30e40012 <__heap_size+0x30e20012>
    8000059c:	0cc5b02b          	.word	0x0cc5b02b
    800005a0:	40e405b7          	lui	a1,0x40e40
    800005a4:	01258593          	addi	a1,a1,18 # 40e40012 <__heap_size+0x40e20012>
    800005a8:	0cc5b02b          	.word	0x0cc5b02b
    800005ac:	02001737          	lui	a4,0x2001
    800005b0:	00671713          	slli	a4,a4,0x6
    800005b4:	00100693          	li	a3,1
    800005b8:	200007b7          	lui	a5,0x20000
    800005bc:	01270713          	addi	a4,a4,18 # 2001012 <__heap_size+0x1fe1012>
    800005c0:	10000537          	lui	a0,0x10000
    800005c4:	01f69693          	slli	a3,a3,0x1f
    800005c8:	00e7e5b3          	or	a1,a5,a4
    800005cc:	00200613          	li	a2,2
    800005d0:	0cc5b02b          	.word	0x0cc5b02b
    800005d4:	00a787b3          	add	a5,a5,a0
    800005d8:	fed798e3          	bne	a5,a3,800005c8 <rStartup+0xac>
    800005dc:	02011737          	lui	a4,0x2011
    800005e0:	00671713          	slli	a4,a4,0x6
    800005e4:	00100693          	li	a3,1
    800005e8:	200007b7          	lui	a5,0x20000
    800005ec:	01270713          	addi	a4,a4,18 # 2011012 <__heap_size+0x1ff1012>
    800005f0:	10000537          	lui	a0,0x10000
    800005f4:	01f69693          	slli	a3,a3,0x1f
    800005f8:	00e7e5b3          	or	a1,a5,a4
    800005fc:	00200613          	li	a2,2
    80000600:	0cc5b02b          	.word	0x0cc5b02b
    80000604:	00a787b3          	add	a5,a5,a0
    80000608:	fed798e3          	bne	a5,a3,800005f8 <rStartup+0xdc>
    8000060c:	046605b7          	lui	a1,0x4660
    80000610:	02258593          	addi	a1,a1,34 # 4660022 <__heap_size+0x4640022>
    80000614:	0cc5b02b          	.word	0x0cc5b02b
    80000618:	146605b7          	lui	a1,0x14660
    8000061c:	02258593          	addi	a1,a1,34 # 14660022 <__heap_size+0x14640022>
    80000620:	0cc5b02b          	.word	0x0cc5b02b
    80000624:	246605b7          	lui	a1,0x24660
    80000628:	02258593          	addi	a1,a1,34 # 24660022 <__heap_size+0x24640022>
    8000062c:	0cc5b02b          	.word	0x0cc5b02b
    80000630:	346605b7          	lui	a1,0x34660
    80000634:	02258593          	addi	a1,a1,34 # 34660022 <__heap_size+0x34640022>
    80000638:	0cc5b02b          	.word	0x0cc5b02b
    8000063c:	24e605b7          	lui	a1,0x24e60
    80000640:	02258593          	addi	a1,a1,34 # 24e60022 <__heap_size+0x24e40022>
    80000644:	0cc5b02b          	.word	0x0cc5b02b
    80000648:	34e605b7          	lui	a1,0x34e60
    8000064c:	02258593          	addi	a1,a1,34 # 34e60022 <__heap_size+0x34e40022>
    80000650:	0cc5b02b          	.word	0x0cc5b02b
    80000654:	44e605b7          	lui	a1,0x44e60
    80000658:	02258593          	addi	a1,a1,34 # 44e60022 <__heap_size+0x44e40022>
    8000065c:	0cc5b02b          	.word	0x0cc5b02b
    80000660:	04043737          	lui	a4,0x4043
    80000664:	00571713          	slli	a4,a4,0x5
    80000668:	00100693          	li	a3,1
    8000066c:	200007b7          	lui	a5,0x20000
    80000670:	02270713          	addi	a4,a4,34 # 4043022 <__heap_size+0x4023022>
    80000674:	10000537          	lui	a0,0x10000
    80000678:	01f69693          	slli	a3,a3,0x1f
    8000067c:	00e7e5b3          	or	a1,a5,a4
    80000680:	00200613          	li	a2,2
    80000684:	0cc5b02b          	.word	0x0cc5b02b
    80000688:	00a787b3          	add	a5,a5,a0
    8000068c:	fed798e3          	bne	a5,a3,8000067c <rStartup+0x160>
    80000690:	04063737          	lui	a4,0x4063
    80000694:	00571713          	slli	a4,a4,0x5
    80000698:	00100693          	li	a3,1
    8000069c:	200007b7          	lui	a5,0x20000
    800006a0:	02270713          	addi	a4,a4,34 # 4063022 <__heap_size+0x4043022>
    800006a4:	10000537          	lui	a0,0x10000
    800006a8:	01f69693          	slli	a3,a3,0x1f
    800006ac:	00e7e5b3          	or	a1,a5,a4
    800006b0:	00200613          	li	a2,2
    800006b4:	0cc5b02b          	.word	0x0cc5b02b
    800006b8:	00a787b3          	add	a5,a5,a0
    800006bc:	fed798e3          	bne	a5,a3,800006ac <rStartup+0x190>
    800006c0:	1e6205b7          	lui	a1,0x1e620
    800006c4:	03258593          	addi	a1,a1,50 # 1e620032 <__heap_size+0x1e600032>
    800006c8:	0cc5b02b          	.word	0x0cc5b02b
    800006cc:	2e6205b7          	lui	a1,0x2e620
    800006d0:	03258593          	addi	a1,a1,50 # 2e620032 <__heap_size+0x2e600032>
    800006d4:	0cc5b02b          	.word	0x0cc5b02b
    800006d8:	3e6205b7          	lui	a1,0x3e620
    800006dc:	03258593          	addi	a1,a1,50 # 3e620032 <__heap_size+0x3e600032>
    800006e0:	0cc5b02b          	.word	0x0cc5b02b
    800006e4:	5e6205b7          	lui	a1,0x5e620
    800006e8:	03258593          	addi	a1,a1,50 # 5e620032 <__heap_size+0x5e600032>
    800006ec:	0cc5b02b          	.word	0x0cc5b02b
    800006f0:	6e6205b7          	lui	a1,0x6e620
    800006f4:	03258593          	addi	a1,a1,50 # 6e620032 <__heap_size+0x6e600032>
    800006f8:	0cc5b02b          	.word	0x0cc5b02b
    800006fc:	7e6205b7          	lui	a1,0x7e620
    80000700:	03258593          	addi	a1,a1,50 # 7e620032 <__heap_size+0x7e600032>
    80000704:	0cc5b02b          	.word	0x0cc5b02b
    80000708:	25ea05b7          	lui	a1,0x25ea0
    8000070c:	01258593          	addi	a1,a1,18 # 25ea0012 <__heap_size+0x25e80012>
    80000710:	0cc5b02b          	.word	0x0cc5b02b
    80000714:	35ea05b7          	lui	a1,0x35ea0
    80000718:	01258593          	addi	a1,a1,18 # 35ea0012 <__heap_size+0x35e80012>
    8000071c:	0cc5b02b          	.word	0x0cc5b02b
    80000720:	102205b7          	lui	a1,0x10220
    80000724:	00458593          	addi	a1,a1,4 # 10220004 <__heap_size+0x10200004>
    80000728:	0cc5b02b          	.word	0x0cc5b02b
    8000072c:	202405b7          	lui	a1,0x20240
    80000730:	01458593          	addi	a1,a1,20 # 20240014 <__heap_size+0x20220014>
    80000734:	0cc5b02b          	.word	0x0cc5b02b
    80000738:	302605b7          	lui	a1,0x30260
    8000073c:	02458593          	addi	a1,a1,36 # 30260024 <__heap_size+0x30240024>
    80000740:	0cc5b02b          	.word	0x0cc5b02b
    80000744:	402805b7          	lui	a1,0x40280
    80000748:	03458593          	addi	a1,a1,52 # 40280034 <__heap_size+0x40260034>
    8000074c:	0cc5b02b          	.word	0x0cc5b02b
    80000750:	00001f37          	lui	t5,0x1
    80000754:	00001eb7          	lui	t4,0x1
    80000758:	00001e37          	lui	t3,0x1
    8000075c:	00001337          	lui	t1,0x1
    80000760:	000018b7          	lui	a7,0x1
    80000764:	00001837          	lui	a6,0x1
    80000768:	00001537          	lui	a0,0x1
    8000076c:	08000693          	li	a3,128
    80000770:	00000713          	li	a4,0
    80000774:	00100293          	li	t0,1
    80000778:	813f0f13          	addi	t5,t5,-2029 # 813 <__stack_align+0x803>
    8000077c:	823e8e93          	addi	t4,t4,-2013 # 823 <__stack_align+0x813>
    80000780:	833e0e13          	addi	t3,t3,-1997 # 833 <__stack_align+0x823>
    80000784:	87330313          	addi	t1,t1,-1933 # 873 <__stack_align+0x863>
    80000788:	c7388893          	addi	a7,a7,-909 # c73 <__stack_align+0xc63>
    8000078c:	85380813          	addi	a6,a6,-1965 # 853 <__stack_align+0x843>
    80000790:	c5350513          	addi	a0,a0,-941 # c53 <__stack_align+0xc43>
    80000794:	00400f93          	li	t6,4
    80000798:	00e297bb          	sllw	a5,t0,a4
    8000079c:	01079793          	slli	a5,a5,0x10
    800007a0:	00d7e7b3          	or	a5,a5,a3
    800007a4:	01e7e5b3          	or	a1,a5,t5
    800007a8:	00200613          	li	a2,2
    800007ac:	0cc5b02b          	.word	0x0cc5b02b
    800007b0:	01d7e5b3          	or	a1,a5,t4
    800007b4:	0cc5b02b          	.word	0x0cc5b02b
    800007b8:	01c7e5b3          	or	a1,a5,t3
    800007bc:	0cc5b02b          	.word	0x0cc5b02b
    800007c0:	4137e593          	ori	a1,a5,1043
    800007c4:	0cc5b02b          	.word	0x0cc5b02b
    800007c8:	4237e593          	ori	a1,a5,1059
    800007cc:	0cc5b02b          	.word	0x0cc5b02b
    800007d0:	4337e593          	ori	a1,a5,1075
    800007d4:	0cc5b02b          	.word	0x0cc5b02b
    800007d8:	0067e5b3          	or	a1,a5,t1
    800007dc:	0cc5b02b          	.word	0x0cc5b02b
    800007e0:	4737e593          	ori	a1,a5,1139
    800007e4:	0cc5b02b          	.word	0x0cc5b02b
    800007e8:	0117e5b3          	or	a1,a5,a7
    800007ec:	0cc5b02b          	.word	0x0cc5b02b
    800007f0:	0107e5b3          	or	a1,a5,a6
    800007f4:	0cc5b02b          	.word	0x0cc5b02b
    800007f8:	4537e593          	ori	a1,a5,1107
    800007fc:	0cc5b02b          	.word	0x0cc5b02b
    80000800:	00a7e5b3          	or	a1,a5,a0
    80000804:	0cc5b02b          	.word	0x0cc5b02b
    80000808:	0017071b          	addiw	a4,a4,1
    8000080c:	08068693          	addi	a3,a3,128
    80000810:	f9f714e3          	bne	a4,t6,80000798 <rStartup+0x27c>
    80000814:	00500593          	li	a1,5
    80000818:	0cc5b02b          	.word	0x0cc5b02b
    8000081c:	00f00593          	li	a1,15
    80000820:	fa05a02b          	.word	0xfa05a02b
    80000824:	fc00452b          	.word	0xfc00452b
    80000828:	84818413          	addi	s0,gp,-1976 # 80005a80 <uart_lock>
    8000082c:	00050593          	mv	a1,a0
    80000830:	00100713          	li	a4,1
    80000834:	0ce427af          	amoswap.w.aq	a5,a4,(s0)
    80000838:	0007879b          	sext.w	a5,a5
    8000083c:	fe079ce3          	bnez	a5,80000834 <rStartup+0x318>
    80000840:	00004517          	auipc	a0,0x4
    80000844:	1f050513          	addi	a0,a0,496 # 80004a30 <__tbss_end>
    80000848:	2a5020ef          	jal	800032ec <iprintf>
    8000084c:	0a04202f          	amoswap.w.rl	zero,zero,(s0)
    80000850:	304027f3          	csrr	a5,mie
    80000854:	0087e793          	ori	a5,a5,8
    80000858:	30479073          	csrw	mie,a5
    8000085c:	300027f3          	csrr	a5,mstatus
    80000860:	0087e793          	ori	a5,a5,8
    80000864:	30079073          	csrw	mstatus,a5
    80000868:	f14027f3          	csrr	a5,mhartid
    8000086c:	00800737          	lui	a4,0x800
    80000870:	00e787b3          	add	a5,a5,a4
    80000874:	00279793          	slli	a5,a5,0x2
    80000878:	00100713          	li	a4,1
    8000087c:	00e7a023          	sw	a4,0(a5) # 20000000 <__heap_size+0x1ffe0000>
    80000880:	3600452b          	.word	0x3600452b
    80000884:	fe050ee3          	beqz	a0,80000880 <rStartup+0x364>
    80000888:	00100593          	li	a1,1
    8000088c:	2c05a02b          	.word	0x2c05a02b
    80000890:	9edff0ef          	jal	8000027c <mtimecmp_cfg>
    80000894:	304027f3          	csrr	a5,mie
    80000898:	0807e793          	ori	a5,a5,128
    8000089c:	30479073          	csrw	mie,a5
    800008a0:	6200002b          	.word	0x6200002b
    800008a4:	00100593          	li	a1,1
    800008a8:	e005a02b          	.word	0xe005a02b
    800008ac:	00100713          	li	a4,1
    800008b0:	0ce427af          	amoswap.w.aq	a5,a4,(s0)
    800008b4:	0007879b          	sext.w	a5,a5
    800008b8:	fe079ce3          	bnez	a5,800008b0 <rStartup+0x394>
    800008bc:	000016b7          	lui	a3,0x1
    800008c0:	38868693          	addi	a3,a3,904 # 1388 <__stack_align+0x1378>
    800008c4:	00100613          	li	a2,1
    800008c8:	00000593          	li	a1,0
    800008cc:	00004517          	auipc	a0,0x4
    800008d0:	18450513          	addi	a0,a0,388 # 80004a50 <__tbss_end+0x20>
    800008d4:	219020ef          	jal	800032ec <iprintf>
    800008d8:	00004517          	auipc	a0,0x4
    800008dc:	1c050513          	addi	a0,a0,448 # 80004a98 <__tbss_end+0x68>
    800008e0:	20d020ef          	jal	800032ec <iprintf>
    800008e4:	0a04202f          	amoswap.w.rl	zero,zero,(s0)
    800008e8:	00813083          	ld	ra,8(sp)
    800008ec:	00013403          	ld	s0,0(sp)
    800008f0:	01010113          	addi	sp,sp,16
    800008f4:	00008067          	ret

00000000800008f8 <rCleanup>:
    800008f8:	00200593          	li	a1,2
    800008fc:	e005a02b          	.word	0xe005a02b
    80000900:	01a00793          	li	a5,26
    80000904:	00000013          	nop
    80000908:	fff7879b          	addiw	a5,a5,-1
    8000090c:	fe079ce3          	bnez	a5,80000904 <rCleanup+0xc>
    80000910:	6400002b          	.word	0x6400002b
    80000914:	000207b7          	lui	a5,0x20
    80000918:	ffe78793          	addi	a5,a5,-2 # 1fffe <__stack_size+0x17ffe>
    8000091c:	00000593          	li	a1,0
    80000920:	00000613          	li	a2,0
    80000924:	0cc5f52b          	.word	0x0cc5f52b
    80000928:	fea7fae3          	bgeu	a5,a0,8000091c <rCleanup+0x24>
    8000092c:	00200593          	li	a1,2
    80000930:	2c05a02b          	.word	0x2c05a02b
    80000934:	6000002b          	.word	0x6000002b
    80000938:	00008067          	ret

000000008000093c <__main>:
    8000093c:	ff010113          	addi	sp,sp,-16
    80000940:	00113423          	sd	ra,8(sp)
    80000944:	f14027f3          	csrr	a5,mhartid
    80000948:	00300713          	li	a4,3
    8000094c:	0ae78e63          	beq	a5,a4,80000a08 <__main+0xcc>
    80000950:	0af76263          	bltu	a4,a5,800009f4 <__main+0xb8>
    80000954:	00100713          	li	a4,1
    80000958:	04e78a63          	beq	a5,a4,800009ac <__main+0x70>
    8000095c:	00200693          	li	a3,2
    80000960:	0ed79c63          	bne	a5,a3,80000a58 <__main+0x11c>
    80000964:	304027f3          	csrr	a5,mie
    80000968:	0087e793          	ori	a5,a5,8
    8000096c:	30479073          	csrw	mie,a5
    80000970:	300027f3          	csrr	a5,mstatus
    80000974:	0087e793          	ori	a5,a5,8
    80000978:	30079073          	csrw	mstatus,a5
    8000097c:	f14027f3          	csrr	a5,mhartid
    80000980:	008006b7          	lui	a3,0x800
    80000984:	00d787b3          	add	a5,a5,a3
    80000988:	00279793          	slli	a5,a5,0x2
    8000098c:	00e7a023          	sw	a4,0(a5)
    80000990:	8edff0ef          	jal	8000027c <mtimecmp_cfg>
    80000994:	304027f3          	csrr	a5,mie
    80000998:	0807e793          	ori	a5,a5,128
    8000099c:	30479073          	csrw	mie,a5
    800009a0:	00200513          	li	a0,2
    800009a4:	0b8000ef          	jal	80000a5c <checker>
    800009a8:	0000006f          	j	800009a8 <__main+0x6c>
    800009ac:	30402773          	csrr	a4,mie
    800009b0:	00876713          	ori	a4,a4,8
    800009b4:	30471073          	csrw	mie,a4
    800009b8:	30002773          	csrr	a4,mstatus
    800009bc:	00876713          	ori	a4,a4,8
    800009c0:	30071073          	csrw	mstatus,a4
    800009c4:	f1402773          	csrr	a4,mhartid
    800009c8:	008006b7          	lui	a3,0x800
    800009cc:	00d70733          	add	a4,a4,a3
    800009d0:	00271713          	slli	a4,a4,0x2
    800009d4:	00f72023          	sw	a5,0(a4) # 800000 <__heap_size+0x7e0000>
    800009d8:	8a5ff0ef          	jal	8000027c <mtimecmp_cfg>
    800009dc:	304027f3          	csrr	a5,mie
    800009e0:	0807e793          	ori	a5,a5,128
    800009e4:	30479073          	csrw	mie,a5
    800009e8:	00100513          	li	a0,1
    800009ec:	070000ef          	jal	80000a5c <checker>
    800009f0:	fb9ff06f          	j	800009a8 <__main+0x6c>
    800009f4:	00400713          	li	a4,4
    800009f8:	04e79e63          	bne	a5,a4,80000a54 <__main+0x118>
    800009fc:	00400513          	li	a0,4
    80000a00:	05c000ef          	jal	80000a5c <checker>
    80000a04:	fa5ff06f          	j	800009a8 <__main+0x6c>
    80000a08:	304027f3          	csrr	a5,mie
    80000a0c:	0087e793          	ori	a5,a5,8
    80000a10:	30479073          	csrw	mie,a5
    80000a14:	300027f3          	csrr	a5,mstatus
    80000a18:	0087e793          	ori	a5,a5,8
    80000a1c:	30079073          	csrw	mstatus,a5
    80000a20:	f14027f3          	csrr	a5,mhartid
    80000a24:	00800737          	lui	a4,0x800
    80000a28:	00e787b3          	add	a5,a5,a4
    80000a2c:	00279793          	slli	a5,a5,0x2
    80000a30:	00100713          	li	a4,1
    80000a34:	00e7a023          	sw	a4,0(a5)
    80000a38:	845ff0ef          	jal	8000027c <mtimecmp_cfg>
    80000a3c:	304027f3          	csrr	a5,mie
    80000a40:	0807e793          	ori	a5,a5,128
    80000a44:	30479073          	csrw	mie,a5
    80000a48:	00300513          	li	a0,3
    80000a4c:	010000ef          	jal	80000a5c <checker>
    80000a50:	f59ff06f          	j	800009a8 <__main+0x6c>
    80000a54:	f55ff06f          	j	800009a8 <__main+0x6c>
    80000a58:	f51ff06f          	j	800009a8 <__main+0x6c>

0000000080000a5c <checker>:
    80000a5c:	00100593          	li	a1,1
    80000a60:	0205a02b          	.word	0x0205a02b
    80000a64:	2c05a02b          	.word	0x2c05a02b
    80000a68:	8000002b          	.word	0x8000002b
    80000a6c:	a200002b          	.word	0xa200002b
    80000a70:	000015b7          	lui	a1,0x1
    80000a74:	38858593          	addi	a1,a1,904 # 1388 <__stack_align+0x1378>
    80000a78:	f205a02b          	.word	0xf205a02b
    80000a7c:	00100593          	li	a1,1
    80000a80:	ec05a02b          	.word	0xec05a02b
    80000a84:	00000593          	li	a1,0
    80000a88:	ec05a02b          	.word	0xec05a02b
    80000a8c:	02000593          	li	a1,32
    80000a90:	ec05a02b          	.word	0xec05a02b
    80000a94:	00000593          	li	a1,0
    80000a98:	ec05a02b          	.word	0xec05a02b
    80000a9c:	ea00002b          	.word	0xea00002b
    80000aa0:	e600002b          	.word	0xe600002b
    80000aa4:	c800002b          	.word	0xc800002b
    80000aa8:	00200793          	li	a5,2
    80000aac:	00800713          	li	a4,8
    80000ab0:	0100006f          	j	80000ac0 <checker+0x64>
    80000ab4:	c200452b          	.word	0xc200452b
    80000ab8:	01857513          	andi	a0,a0,24
    80000abc:	04e50a63          	beq	a0,a4,80000b10 <checker+0xb4>
    80000ac0:	0e00452b          	.word	0x0e00452b
    80000ac4:	fef518e3          	bne	a0,a5,80000ab4 <checker+0x58>
    80000ac8:	04000593          	li	a1,64
    80000acc:	ec05a02b          	.word	0xec05a02b
    80000ad0:	00000593          	li	a1,0
    80000ad4:	ec05a02b          	.word	0xec05a02b
    80000ad8:	e400002b          	.word	0xe400002b
    80000adc:	c000002b          	.word	0xc000002b
    80000ae0:	00000013          	nop
    80000ae4:	00000013          	nop
    80000ae8:	00000013          	nop
    80000aec:	00000013          	nop
    80000af0:	00000013          	nop
    80000af4:	00200793          	li	a5,2
    80000af8:	0e00452b          	.word	0x0e00452b
    80000afc:	fef51ee3          	bne	a0,a5,80000af8 <checker+0x9c>
    80000b00:	8600002b          	.word	0x8600002b
    80000b04:	00200593          	li	a1,2
    80000b08:	2c05a02b          	.word	0x2c05a02b
    80000b0c:	0000006f          	j	80000b0c <checker+0xb0>
    80000b10:	c000002b          	.word	0xc000002b
    80000b14:	00001067          	.word	0x00001067
    80000b18:	fa9ff06f          	j	80000ac0 <checker+0x64>

0000000080000b1c <task_synthetic_malloc>:
    80000b1c:	ff010113          	addi	sp,sp,-16
    80000b20:	00813023          	sd	s0,0(sp)
    80000b24:	00050413          	mv	s0,a0
    80000b28:	08000513          	li	a0,128
    80000b2c:	00113423          	sd	ra,8(sp)
    80000b30:	346020ef          	jal	80002e76 <malloc>
    80000b34:	04050863          	beqz	a0,80000b84 <task_synthetic_malloc+0x68>
    80000b38:	0004069b          	sext.w	a3,s0
    80000b3c:	00050793          	mv	a5,a0
    80000b40:	08050613          	addi	a2,a0,128
    80000b44:	00050713          	mv	a4,a0
    80000b48:	00d72023          	sw	a3,0(a4) # 800000 <__heap_size+0x7e0000>
    80000b4c:	00470713          	addi	a4,a4,4
    80000b50:	0016869b          	addiw	a3,a3,1 # 800001 <__heap_size+0x7e0001>
    80000b54:	fec71ae3          	bne	a4,a2,80000b48 <task_synthetic_malloc+0x2c>
    80000b58:	00000413          	li	s0,0
    80000b5c:	0007a703          	lw	a4,0(a5)
    80000b60:	00478793          	addi	a5,a5,4
    80000b64:	0087043b          	addw	s0,a4,s0
    80000b68:	fec79ae3          	bne	a5,a2,80000b5c <task_synthetic_malloc+0x40>
    80000b6c:	316020ef          	jal	80002e82 <free>
    80000b70:	00813083          	ld	ra,8(sp)
    80000b74:	00040513          	mv	a0,s0
    80000b78:	00013403          	ld	s0,0(sp)
    80000b7c:	01010113          	addi	sp,sp,16
    80000b80:	00008067          	ret
    80000b84:	00004517          	auipc	a0,0x4
    80000b88:	f4450513          	addi	a0,a0,-188 # 80004ac8 <__tbss_end+0x98>
    80000b8c:	760020ef          	jal	800032ec <iprintf>
    80000b90:	00000513          	li	a0,0
    80000b94:	2bc020ef          	jal	80002e50 <exit>

0000000080000b98 <initialise_board>:
    80000b98:	00000513          	li	a0,0
    80000b9c:	00008067          	ret

0000000080000ba0 <start_trigger>:
    80000ba0:	00000513          	li	a0,0
    80000ba4:	00008067          	ret

0000000080000ba8 <stop_trigger>:
    80000ba8:	00000513          	li	a0,0
    80000bac:	00008067          	ret

0000000080000bb0 <rand_beebs>:
    80000bb0:	86818713          	addi	a4,gp,-1944 # 80005aa0 <seed>
    80000bb4:	00073503          	ld	a0,0(a4)
    80000bb8:	41c657b7          	lui	a5,0x41c65
    80000bbc:	e6d78793          	addi	a5,a5,-403 # 41c64e6d <__heap_size+0x41c44e6d>
    80000bc0:	02f50533          	mul	a0,a0,a5
    80000bc4:	000037b7          	lui	a5,0x3
    80000bc8:	03978793          	addi	a5,a5,57 # 3039 <__stack_align+0x3029>
    80000bcc:	00f50533          	add	a0,a0,a5
    80000bd0:	02151513          	slli	a0,a0,0x21
    80000bd4:	02155513          	srli	a0,a0,0x21
    80000bd8:	00a73023          	sd	a0,0(a4)
    80000bdc:	01055513          	srli	a0,a0,0x10
    80000be0:	00008067          	ret

0000000080000be4 <srand_beebs>:
    80000be4:	02051513          	slli	a0,a0,0x20
    80000be8:	02055513          	srli	a0,a0,0x20
    80000bec:	86a1b423          	sd	a0,-1944(gp) # 80005aa0 <seed>
    80000bf0:	00008067          	ret

0000000080000bf4 <init_heap_beebs>:
    80000bf4:	0075f793          	andi	a5,a1,7
    80000bf8:	00079c63          	bnez	a5,80000c10 <init_heap_beebs+0x1c>
    80000bfc:	00b505b3          	add	a1,a0,a1
    80000c00:	86a1b023          	sd	a0,-1952(gp) # 80005a98 <heap_ptr>
    80000c04:	84b1bc23          	sd	a1,-1960(gp) # 80005a90 <heap_end>
    80000c08:	8401b823          	sd	zero,-1968(gp) # 80005a88 <heap_requested>
    80000c0c:	00008067          	ret
    80000c10:	ff010113          	addi	sp,sp,-16
    80000c14:	00004697          	auipc	a3,0x4
    80000c18:	ed468693          	addi	a3,a3,-300 # 80004ae8 <__tbss_end+0xb8>
    80000c1c:	00004617          	auipc	a2,0x4
    80000c20:	fc460613          	addi	a2,a2,-60 # 80004be0 <__func__.0>
    80000c24:	04100593          	li	a1,65
    80000c28:	00004517          	auipc	a0,0x4
    80000c2c:	ee050513          	addi	a0,a0,-288 # 80004b08 <__tbss_end+0xd8>
    80000c30:	00113423          	sd	ra,8(sp)
    80000c34:	1d2020ef          	jal	80002e06 <__assert_func>

0000000080000c38 <check_heap_beebs>:
    80000c38:	8501b783          	ld	a5,-1968(gp) # 80005a88 <heap_requested>
    80000c3c:	00f507b3          	add	a5,a0,a5
    80000c40:	8581b503          	ld	a0,-1960(gp) # 80005a90 <heap_end>
    80000c44:	00f53533          	sltu	a0,a0,a5
    80000c48:	00154513          	xori	a0,a0,1
    80000c4c:	00008067          	ret

0000000080000c50 <malloc_beebs>:
    80000c50:	00050793          	mv	a5,a0
    80000c54:	04050a63          	beqz	a0,80000ca8 <malloc_beebs+0x58>
    80000c58:	86018613          	addi	a2,gp,-1952 # 80005a98 <heap_ptr>
    80000c5c:	00063503          	ld	a0,0(a2)
    80000c60:	85018693          	addi	a3,gp,-1968 # 80005a88 <heap_requested>
    80000c64:	0006b583          	ld	a1,0(a3)
    80000c68:	00f50733          	add	a4,a0,a5
    80000c6c:	00777813          	andi	a6,a4,7
    80000c70:	00b787b3          	add	a5,a5,a1
    80000c74:	00081c63          	bnez	a6,80000c8c <malloc_beebs+0x3c>
    80000c78:	00f6b023          	sd	a5,0(a3)
    80000c7c:	8581b783          	ld	a5,-1960(gp) # 80005a90 <heap_end>
    80000c80:	02e7e463          	bltu	a5,a4,80000ca8 <malloc_beebs+0x58>
    80000c84:	00e63023          	sd	a4,0(a2)
    80000c88:	00008067          	ret
    80000c8c:	00800593          	li	a1,8
    80000c90:	410585b3          	sub	a1,a1,a6
    80000c94:	00b787b3          	add	a5,a5,a1
    80000c98:	00f6b023          	sd	a5,0(a3)
    80000c9c:	00b70733          	add	a4,a4,a1
    80000ca0:	8581b783          	ld	a5,-1960(gp) # 80005a90 <heap_end>
    80000ca4:	fee7f0e3          	bgeu	a5,a4,80000c84 <malloc_beebs+0x34>
    80000ca8:	00000513          	li	a0,0
    80000cac:	00008067          	ret

0000000080000cb0 <calloc_beebs>:
    80000cb0:	02b50633          	mul	a2,a0,a1
    80000cb4:	06060a63          	beqz	a2,80000d28 <calloc_beebs+0x78>
    80000cb8:	86018513          	addi	a0,gp,-1952 # 80005a98 <heap_ptr>
    80000cbc:	00053783          	ld	a5,0(a0)
    80000cc0:	85018593          	addi	a1,gp,-1968 # 80005a88 <heap_requested>
    80000cc4:	0005b703          	ld	a4,0(a1)
    80000cc8:	00c786b3          	add	a3,a5,a2
    80000ccc:	0076f893          	andi	a7,a3,7
    80000cd0:	00e60733          	add	a4,a2,a4
    80000cd4:	02089c63          	bnez	a7,80000d0c <calloc_beebs+0x5c>
    80000cd8:	00e5b023          	sd	a4,0(a1)
    80000cdc:	8581b703          	ld	a4,-1960(gp) # 80005a90 <heap_end>
    80000ce0:	04d76463          	bltu	a4,a3,80000d28 <calloc_beebs+0x78>
    80000ce4:	00d53023          	sd	a3,0(a0)
    80000ce8:	04078263          	beqz	a5,80000d2c <calloc_beebs+0x7c>
    80000cec:	ff010113          	addi	sp,sp,-16
    80000cf0:	00000593          	li	a1,0
    80000cf4:	00078513          	mv	a0,a5
    80000cf8:	00113423          	sd	ra,8(sp)
    80000cfc:	0dd020ef          	jal	800035d8 <memset>
    80000d00:	00813083          	ld	ra,8(sp)
    80000d04:	01010113          	addi	sp,sp,16
    80000d08:	00008067          	ret
    80000d0c:	00800813          	li	a6,8
    80000d10:	41180833          	sub	a6,a6,a7
    80000d14:	01070733          	add	a4,a4,a6
    80000d18:	00e5b023          	sd	a4,0(a1)
    80000d1c:	010686b3          	add	a3,a3,a6
    80000d20:	8581b703          	ld	a4,-1960(gp) # 80005a90 <heap_end>
    80000d24:	fcd770e3          	bgeu	a4,a3,80000ce4 <calloc_beebs+0x34>
    80000d28:	00000793          	li	a5,0
    80000d2c:	00078513          	mv	a0,a5
    80000d30:	00008067          	ret

0000000080000d34 <realloc_beebs>:
    80000d34:	06050c63          	beqz	a0,80000dac <realloc_beebs+0x78>
    80000d38:	fe010113          	addi	sp,sp,-32
    80000d3c:	00813823          	sd	s0,16(sp)
    80000d40:	00050413          	mv	s0,a0
    80000d44:	00058513          	mv	a0,a1
    80000d48:	00913423          	sd	s1,8(sp)
    80000d4c:	00113c23          	sd	ra,24(sp)
    80000d50:	00058493          	mv	s1,a1
    80000d54:	efdff0ef          	jal	80000c50 <malloc_beebs>
    80000d58:	02050e63          	beqz	a0,80000d94 <realloc_beebs+0x60>
    80000d5c:	00040793          	mv	a5,s0
    80000d60:	00050713          	mv	a4,a0
    80000d64:	00940633          	add	a2,s0,s1
    80000d68:	00048c63          	beqz	s1,80000d80 <realloc_beebs+0x4c>
    80000d6c:	0007c683          	lbu	a3,0(a5)
    80000d70:	00178793          	addi	a5,a5,1
    80000d74:	00170713          	addi	a4,a4,1
    80000d78:	fed70fa3          	sb	a3,-1(a4)
    80000d7c:	fec798e3          	bne	a5,a2,80000d6c <realloc_beebs+0x38>
    80000d80:	01813083          	ld	ra,24(sp)
    80000d84:	01013403          	ld	s0,16(sp)
    80000d88:	00813483          	ld	s1,8(sp)
    80000d8c:	02010113          	addi	sp,sp,32
    80000d90:	00008067          	ret
    80000d94:	01813083          	ld	ra,24(sp)
    80000d98:	01013403          	ld	s0,16(sp)
    80000d9c:	00813483          	ld	s1,8(sp)
    80000da0:	00000513          	li	a0,0
    80000da4:	02010113          	addi	sp,sp,32
    80000da8:	00008067          	ret
    80000dac:	00000513          	li	a0,0
    80000db0:	00008067          	ret

0000000080000db4 <free_beebs>:
    80000db4:	00008067          	ret

0000000080000db8 <TestCompare>:
    80000db8:	ff010113          	addi	sp,sp,-16
    80000dbc:	0005051b          	sext.w	a0,a0
    80000dc0:	0005859b          	sext.w	a1,a1
    80000dc4:	00b52533          	slt	a0,a0,a1
    80000dc8:	01010113          	addi	sp,sp,16
    80000dcc:	00008067          	ret

0000000080000dd0 <TestingAscending>:
    80000dd0:	00008067          	ret

0000000080000dd4 <TestingDescending>:
    80000dd4:	40a58533          	sub	a0,a1,a0
    80000dd8:	00008067          	ret

0000000080000ddc <TestingEqual>:
    80000ddc:	3e800513          	li	a0,1000
    80000de0:	00008067          	ret

0000000080000de4 <TestingRandom>:
    80000de4:	ff010113          	addi	sp,sp,-16
    80000de8:	00113423          	sd	ra,8(sp)
    80000dec:	dc5ff0ef          	jal	80000bb0 <rand_beebs>
    80000df0:	00813083          	ld	ra,8(sp)
    80000df4:	01010113          	addi	sp,sp,16
    80000df8:	00008067          	ret

0000000080000dfc <TestingMostlyDescending>:
    80000dfc:	fe010113          	addi	sp,sp,-32
    80000e00:	40a585b3          	sub	a1,a1,a0
    80000e04:	00813427          	fsd	fs0,8(sp)
    80000e08:	00113c23          	sd	ra,24(sp)
    80000e0c:	d225f453          	fcvt.d.l	fs0,a1
    80000e10:	da1ff0ef          	jal	80000bb0 <rand_beebs>
    80000e14:	d20507d3          	fcvt.d.w	fa5,a0
    80000e18:	00005797          	auipc	a5,0x5
    80000e1c:	c407b707          	fld	fa4,-960(a5) # 80005a58 <__atexit_dummy+0x8>
    80000e20:	00005797          	auipc	a5,0x5
    80000e24:	c407b687          	fld	fa3,-960(a5) # 80005a60 <__atexit_dummy+0x10>
    80000e28:	1ae7f7d3          	fdiv.d	fa5,fa5,fa4
    80000e2c:	00005797          	auipc	a5,0x5
    80000e30:	c3c7b707          	fld	fa4,-964(a5) # 80005a68 <__atexit_dummy+0x18>
    80000e34:	01813083          	ld	ra,24(sp)
    80000e38:	42d7f7c3          	fmadd.d	fa5,fa5,fa3,fs0
    80000e3c:	00813407          	fld	fs0,8(sp)
    80000e40:	02010113          	addi	sp,sp,32
    80000e44:	0ae7f7d3          	fsub.d	fa5,fa5,fa4
    80000e48:	c2279553          	fcvt.l.d	a0,fa5,rtz
    80000e4c:	00008067          	ret

0000000080000e50 <TestingMostlyAscending>:
    80000e50:	fe010113          	addi	sp,sp,-32
    80000e54:	00813427          	fsd	fs0,8(sp)
    80000e58:	00113c23          	sd	ra,24(sp)
    80000e5c:	d2257453          	fcvt.d.l	fs0,a0
    80000e60:	d51ff0ef          	jal	80000bb0 <rand_beebs>
    80000e64:	d20507d3          	fcvt.d.w	fa5,a0
    80000e68:	00005797          	auipc	a5,0x5
    80000e6c:	bf07b707          	fld	fa4,-1040(a5) # 80005a58 <__atexit_dummy+0x8>
    80000e70:	00005797          	auipc	a5,0x5
    80000e74:	bf07b687          	fld	fa3,-1040(a5) # 80005a60 <__atexit_dummy+0x10>
    80000e78:	1ae7f7d3          	fdiv.d	fa5,fa5,fa4
    80000e7c:	00005797          	auipc	a5,0x5
    80000e80:	bec7b707          	fld	fa4,-1044(a5) # 80005a68 <__atexit_dummy+0x18>
    80000e84:	01813083          	ld	ra,24(sp)
    80000e88:	42d7f7c3          	fmadd.d	fa5,fa5,fa3,fs0
    80000e8c:	00813407          	fld	fs0,8(sp)
    80000e90:	02010113          	addi	sp,sp,32
    80000e94:	0ae7f7d3          	fsub.d	fa5,fa5,fa4
    80000e98:	c2279553          	fcvt.l.d	a0,fa5,rtz
    80000e9c:	00008067          	ret

0000000080000ea0 <TestingJittered>:
    80000ea0:	ff010113          	addi	sp,sp,-16
    80000ea4:	00813023          	sd	s0,0(sp)
    80000ea8:	00113423          	sd	ra,8(sp)
    80000eac:	00050413          	mv	s0,a0
    80000eb0:	d01ff0ef          	jal	80000bb0 <rand_beebs>
    80000eb4:	d20507d3          	fcvt.d.w	fa5,a0
    80000eb8:	00005797          	auipc	a5,0x5
    80000ebc:	ba07b687          	fld	fa3,-1120(a5) # 80005a58 <__atexit_dummy+0x8>
    80000ec0:	00005797          	auipc	a5,0x5
    80000ec4:	bb07b707          	fld	fa4,-1104(a5) # 80005a70 <__atexit_dummy+0x20>
    80000ec8:	1ad7f7d3          	fdiv.d	fa5,fa5,fa3
    80000ecc:	a2e787d3          	fle.d	a5,fa5,fa4
    80000ed0:	00079463          	bnez	a5,80000ed8 <TestingJittered+0x38>
    80000ed4:	ffe40413          	addi	s0,s0,-2
    80000ed8:	00813083          	ld	ra,8(sp)
    80000edc:	00040513          	mv	a0,s0
    80000ee0:	00013403          	ld	s0,0(sp)
    80000ee4:	01010113          	addi	sp,sp,16
    80000ee8:	00008067          	ret

0000000080000eec <TestingMostlyEqual>:
    80000eec:	ff010113          	addi	sp,sp,-16
    80000ef0:	00113423          	sd	ra,8(sp)
    80000ef4:	cbdff0ef          	jal	80000bb0 <rand_beebs>
    80000ef8:	41f5579b          	sraiw	a5,a0,0x1f
    80000efc:	01e7d79b          	srliw	a5,a5,0x1e
    80000f00:	00813083          	ld	ra,8(sp)
    80000f04:	00a7853b          	addw	a0,a5,a0
    80000f08:	00357513          	andi	a0,a0,3
    80000f0c:	40f5053b          	subw	a0,a0,a5
    80000f10:	3e85051b          	addiw	a0,a0,1000
    80000f14:	01010113          	addi	sp,sp,16
    80000f18:	00008067          	ret

0000000080000f1c <TestingPathological>:
    80000f1c:	00050793          	mv	a5,a0
    80000f20:	02050663          	beqz	a0,80000f4c <TestingPathological+0x30>
    80000f24:	03f5d713          	srli	a4,a1,0x3f
    80000f28:	00b70733          	add	a4,a4,a1
    80000f2c:	40175713          	srai	a4,a4,0x1
    80000f30:	00b00513          	li	a0,11
    80000f34:	00e7ce63          	blt	a5,a4,80000f50 <TestingPathological+0x34>
    80000f38:	fff58593          	addi	a1,a1,-1
    80000f3c:	40b787b3          	sub	a5,a5,a1
    80000f40:	0017b513          	seqz	a0,a5
    80000f44:	00950513          	addi	a0,a0,9
    80000f48:	00008067          	ret
    80000f4c:	00a00513          	li	a0,10
    80000f50:	00008067          	ret

0000000080000f54 <Min>:
    80000f54:	00a5d463          	bge	a1,a0,80000f5c <Min+0x8>
    80000f58:	00058513          	mv	a0,a1
    80000f5c:	00008067          	ret

0000000080000f60 <Max>:
    80000f60:	00b55463          	bge	a0,a1,80000f68 <Max+0x8>
    80000f64:	00058513          	mv	a0,a1
    80000f68:	00008067          	ret

0000000080000f6c <Range_length>:
    80000f6c:	ff010113          	addi	sp,sp,-16
    80000f70:	40a58533          	sub	a0,a1,a0
    80000f74:	01010113          	addi	sp,sp,16
    80000f78:	00008067          	ret

0000000080000f7c <MakeRange>:
    80000f7c:	ff010113          	addi	sp,sp,-16
    80000f80:	01010113          	addi	sp,sp,16
    80000f84:	00008067          	ret

0000000080000f88 <FloorPowerOfTwo>:
    80000f88:	40155793          	srai	a5,a0,0x1
    80000f8c:	00a7e533          	or	a0,a5,a0
    80000f90:	40255793          	srai	a5,a0,0x2
    80000f94:	00a7e7b3          	or	a5,a5,a0
    80000f98:	4047d513          	srai	a0,a5,0x4
    80000f9c:	00f56533          	or	a0,a0,a5
    80000fa0:	40855793          	srai	a5,a0,0x8
    80000fa4:	00a7e7b3          	or	a5,a5,a0
    80000fa8:	4107d713          	srai	a4,a5,0x10
    80000fac:	00f76733          	or	a4,a4,a5
    80000fb0:	42075793          	srai	a5,a4,0x20
    80000fb4:	00e7e7b3          	or	a5,a5,a4
    80000fb8:	4017d513          	srai	a0,a5,0x1
    80000fbc:	40a78533          	sub	a0,a5,a0
    80000fc0:	00008067          	ret

0000000080000fc4 <BinaryFirst>:
    80000fc4:	fa010113          	addi	sp,sp,-96
    80000fc8:	04913423          	sd	s1,72(sp)
    80000fcc:	05213023          	sd	s2,64(sp)
    80000fd0:	03313c23          	sd	s3,56(sp)
    80000fd4:	03413823          	sd	s4,48(sp)
    80000fd8:	03513423          	sd	s5,40(sp)
    80000fdc:	04113c23          	sd	ra,88(sp)
    80000fe0:	fff68a93          	addi	s5,a3,-1
    80000fe4:	00060493          	mv	s1,a2
    80000fe8:	00050913          	mv	s2,a0
    80000fec:	00058a13          	mv	s4,a1
    80000ff0:	00070993          	mv	s3,a4
    80000ff4:	07565663          	bge	a2,s5,80001060 <BinaryFirst+0x9c>
    80000ff8:	01713c23          	sd	s7,24(sp)
    80000ffc:	00359b93          	slli	s7,a1,0x3
    80001000:	03613023          	sd	s6,32(sp)
    80001004:	04813823          	sd	s0,80(sp)
    80001008:	01750bb3          	add	s7,a0,s7
    8000100c:	000a8b13          	mv	s6,s5
    80001010:	409b0433          	sub	s0,s6,s1
    80001014:	40145413          	srai	s0,s0,0x1
    80001018:	00940433          	add	s0,s0,s1
    8000101c:	00341793          	slli	a5,s0,0x3
    80001020:	00f907b3          	add	a5,s2,a5
    80001024:	004be703          	lwu	a4,4(s7)
    80001028:	0047e603          	lwu	a2,4(a5)
    8000102c:	000be583          	lwu	a1,0(s7)
    80001030:	0007e503          	lwu	a0,0(a5)
    80001034:	02071713          	slli	a4,a4,0x20
    80001038:	02061613          	slli	a2,a2,0x20
    8000103c:	00b765b3          	or	a1,a4,a1
    80001040:	00a66533          	or	a0,a2,a0
    80001044:	000980e7          	jalr	s3
    80001048:	06050e63          	beqz	a0,800010c4 <BinaryFirst+0x100>
    8000104c:	00140493          	addi	s1,s0,1
    80001050:	fd64c0e3          	blt	s1,s6,80001010 <BinaryFirst+0x4c>
    80001054:	05013403          	ld	s0,80(sp)
    80001058:	02013b03          	ld	s6,32(sp)
    8000105c:	01813b83          	ld	s7,24(sp)
    80001060:	049a9063          	bne	s5,s1,800010a0 <BinaryFirst+0xdc>
    80001064:	00349793          	slli	a5,s1,0x3
    80001068:	003a1a13          	slli	s4,s4,0x3
    8000106c:	01490a33          	add	s4,s2,s4
    80001070:	00f90933          	add	s2,s2,a5
    80001074:	004a6703          	lwu	a4,4(s4)
    80001078:	00496783          	lwu	a5,4(s2)
    8000107c:	000a6583          	lwu	a1,0(s4)
    80001080:	00096503          	lwu	a0,0(s2)
    80001084:	02071713          	slli	a4,a4,0x20
    80001088:	02079793          	slli	a5,a5,0x20
    8000108c:	00b765b3          	or	a1,a4,a1
    80001090:	00a7e533          	or	a0,a5,a0
    80001094:	000980e7          	jalr	s3
    80001098:	00a03533          	snez	a0,a0
    8000109c:	00a484b3          	add	s1,s1,a0
    800010a0:	05813083          	ld	ra,88(sp)
    800010a4:	04013903          	ld	s2,64(sp)
    800010a8:	03813983          	ld	s3,56(sp)
    800010ac:	03013a03          	ld	s4,48(sp)
    800010b0:	02813a83          	ld	s5,40(sp)
    800010b4:	00048513          	mv	a0,s1
    800010b8:	04813483          	ld	s1,72(sp)
    800010bc:	06010113          	addi	sp,sp,96
    800010c0:	00008067          	ret
    800010c4:	00040b13          	mv	s6,s0
    800010c8:	f564c4e3          	blt	s1,s6,80001010 <BinaryFirst+0x4c>
    800010cc:	f89ff06f          	j	80001054 <BinaryFirst+0x90>

00000000800010d0 <BinaryLast>:
    800010d0:	fa010113          	addi	sp,sp,-96
    800010d4:	04913423          	sd	s1,72(sp)
    800010d8:	05213023          	sd	s2,64(sp)
    800010dc:	03313c23          	sd	s3,56(sp)
    800010e0:	03413823          	sd	s4,48(sp)
    800010e4:	03513423          	sd	s5,40(sp)
    800010e8:	04113c23          	sd	ra,88(sp)
    800010ec:	fff68a13          	addi	s4,a3,-1
    800010f0:	00060493          	mv	s1,a2
    800010f4:	00050913          	mv	s2,a0
    800010f8:	00058a93          	mv	s5,a1
    800010fc:	00070993          	mv	s3,a4
    80001100:	07465663          	bge	a2,s4,8000116c <BinaryLast+0x9c>
    80001104:	01713c23          	sd	s7,24(sp)
    80001108:	00359b93          	slli	s7,a1,0x3
    8000110c:	03613023          	sd	s6,32(sp)
    80001110:	04813823          	sd	s0,80(sp)
    80001114:	01750bb3          	add	s7,a0,s7
    80001118:	000a0b13          	mv	s6,s4
    8000111c:	409b0433          	sub	s0,s6,s1
    80001120:	40145413          	srai	s0,s0,0x1
    80001124:	00940433          	add	s0,s0,s1
    80001128:	00341793          	slli	a5,s0,0x3
    8000112c:	00f907b3          	add	a5,s2,a5
    80001130:	0047e703          	lwu	a4,4(a5)
    80001134:	004be603          	lwu	a2,4(s7)
    80001138:	0007e583          	lwu	a1,0(a5)
    8000113c:	000be503          	lwu	a0,0(s7)
    80001140:	02071713          	slli	a4,a4,0x20
    80001144:	02061613          	slli	a2,a2,0x20
    80001148:	00b765b3          	or	a1,a4,a1
    8000114c:	00a66533          	or	a0,a2,a0
    80001150:	000980e7          	jalr	s3
    80001154:	06051e63          	bnez	a0,800011d0 <BinaryLast+0x100>
    80001158:	00140493          	addi	s1,s0,1
    8000115c:	fd64c0e3          	blt	s1,s6,8000111c <BinaryLast+0x4c>
    80001160:	05013403          	ld	s0,80(sp)
    80001164:	02013b03          	ld	s6,32(sp)
    80001168:	01813b83          	ld	s7,24(sp)
    8000116c:	049a1063          	bne	s4,s1,800011ac <BinaryLast+0xdc>
    80001170:	00349793          	slli	a5,s1,0x3
    80001174:	003a9a93          	slli	s5,s5,0x3
    80001178:	00f907b3          	add	a5,s2,a5
    8000117c:	01590933          	add	s2,s2,s5
    80001180:	0047e683          	lwu	a3,4(a5)
    80001184:	00496703          	lwu	a4,4(s2)
    80001188:	0007e583          	lwu	a1,0(a5)
    8000118c:	00096503          	lwu	a0,0(s2)
    80001190:	02069693          	slli	a3,a3,0x20
    80001194:	02071713          	slli	a4,a4,0x20
    80001198:	00b6e5b3          	or	a1,a3,a1
    8000119c:	00a76533          	or	a0,a4,a0
    800011a0:	000980e7          	jalr	s3
    800011a4:	00153513          	seqz	a0,a0
    800011a8:	00a484b3          	add	s1,s1,a0
    800011ac:	05813083          	ld	ra,88(sp)
    800011b0:	04013903          	ld	s2,64(sp)
    800011b4:	03813983          	ld	s3,56(sp)
    800011b8:	03013a03          	ld	s4,48(sp)
    800011bc:	02813a83          	ld	s5,40(sp)
    800011c0:	00048513          	mv	a0,s1
    800011c4:	04813483          	ld	s1,72(sp)
    800011c8:	06010113          	addi	sp,sp,96
    800011cc:	00008067          	ret
    800011d0:	00040b13          	mv	s6,s0
    800011d4:	f564c4e3          	blt	s1,s6,8000111c <BinaryLast+0x4c>
    800011d8:	f89ff06f          	j	80001160 <BinaryLast+0x90>

00000000800011dc <InsertionSort>:
    800011dc:	f9010113          	addi	sp,sp,-112
    800011e0:	03613823          	sd	s6,48(sp)
    800011e4:	00158b13          	addi	s6,a1,1
    800011e8:	03513c23          	sd	s5,56(sp)
    800011ec:	03813023          	sd	s8,32(sp)
    800011f0:	003b1a93          	slli	s5,s6,0x3
    800011f4:	00359793          	slli	a5,a1,0x3
    800011f8:	06113423          	sd	ra,104(sp)
    800011fc:	00b13023          	sd	a1,0(sp)
    80001200:	00c13423          	sd	a2,8(sp)
    80001204:	01550ab3          	add	s5,a0,s5
    80001208:	00f50c33          	add	s8,a0,a5
    8000120c:	0ccb5063          	bge	s6,a2,800012cc <InsertionSort+0xf0>
    80001210:	05313423          	sd	s3,72(sp)
    80001214:	05413023          	sd	s4,64(sp)
    80001218:	03713423          	sd	s7,40(sp)
    8000121c:	06813023          	sd	s0,96(sp)
    80001220:	04913c23          	sd	s1,88(sp)
    80001224:	05213823          	sd	s2,80(sp)
    80001228:	00058993          	mv	s3,a1
    8000122c:	00060b93          	mv	s7,a2
    80001230:	00068a13          	mv	s4,a3
    80001234:	000aa683          	lw	a3,0(s5)
    80001238:	004aa703          	lw	a4,4(s5)
    8000123c:	000a8793          	mv	a5,s5
    80001240:	00d12c23          	sw	a3,24(sp)
    80001244:	00e12e23          	sw	a4,28(sp)
    80001248:	000a8493          	mv	s1,s5
    8000124c:	000b0913          	mv	s2,s6
    80001250:	0169ce63          	blt	s3,s6,8000126c <InsertionSort+0x90>
    80001254:	0440006f          	j	80001298 <InsertionSort+0xbc>
    80001258:	ff842703          	lw	a4,-8(s0)
    8000125c:	ffc42783          	lw	a5,-4(s0)
    80001260:	00e42023          	sw	a4,0(s0)
    80001264:	00f42223          	sw	a5,4(s0)
    80001268:	07298e63          	beq	s3,s2,800012e4 <InsertionSort+0x108>
    8000126c:	ffc4e783          	lwu	a5,-4(s1)
    80001270:	ff84e583          	lwu	a1,-8(s1)
    80001274:	01813503          	ld	a0,24(sp)
    80001278:	02079793          	slli	a5,a5,0x20
    8000127c:	00b7e5b3          	or	a1,a5,a1
    80001280:	00048413          	mv	s0,s1
    80001284:	000a00e7          	jalr	s4
    80001288:	ff848493          	addi	s1,s1,-8
    8000128c:	fff90913          	addi	s2,s2,-1
    80001290:	00040793          	mv	a5,s0
    80001294:	fc0512e3          	bnez	a0,80001258 <InsertionSort+0x7c>
    80001298:	01812683          	lw	a3,24(sp)
    8000129c:	01c12703          	lw	a4,28(sp)
    800012a0:	001b0b13          	addi	s6,s6,1
    800012a4:	00d7a023          	sw	a3,0(a5)
    800012a8:	00e7a223          	sw	a4,4(a5)
    800012ac:	008a8a93          	addi	s5,s5,8
    800012b0:	f96b92e3          	bne	s7,s6,80001234 <InsertionSort+0x58>
    800012b4:	06013403          	ld	s0,96(sp)
    800012b8:	05813483          	ld	s1,88(sp)
    800012bc:	05013903          	ld	s2,80(sp)
    800012c0:	04813983          	ld	s3,72(sp)
    800012c4:	04013a03          	ld	s4,64(sp)
    800012c8:	02813b83          	ld	s7,40(sp)
    800012cc:	06813083          	ld	ra,104(sp)
    800012d0:	03813a83          	ld	s5,56(sp)
    800012d4:	03013b03          	ld	s6,48(sp)
    800012d8:	02013c03          	ld	s8,32(sp)
    800012dc:	07010113          	addi	sp,sp,112
    800012e0:	00008067          	ret
    800012e4:	01812683          	lw	a3,24(sp)
    800012e8:	01c12703          	lw	a4,28(sp)
    800012ec:	000c0793          	mv	a5,s8
    800012f0:	001b0b13          	addi	s6,s6,1
    800012f4:	00d7a023          	sw	a3,0(a5)
    800012f8:	00e7a223          	sw	a4,4(a5)
    800012fc:	008a8a93          	addi	s5,s5,8
    80001300:	f36b9ae3          	bne	s7,s6,80001234 <InsertionSort+0x58>
    80001304:	fb1ff06f          	j	800012b4 <InsertionSort+0xd8>

0000000080001308 <Reverse>:
    80001308:	40b60833          	sub	a6,a2,a1
    8000130c:	ff010113          	addi	sp,sp,-16
    80001310:	00060693          	mv	a3,a2
    80001314:	03f85793          	srli	a5,a6,0x3f
    80001318:	00c13423          	sd	a2,8(sp)
    8000131c:	00b13023          	sd	a1,0(sp)
    80001320:	00100613          	li	a2,1
    80001324:	010787b3          	add	a5,a5,a6
    80001328:	05065c63          	bge	a2,a6,80001380 <Reverse+0x78>
    8000132c:	4017d793          	srai	a5,a5,0x1
    80001330:	00f58733          	add	a4,a1,a5
    80001334:	00371713          	slli	a4,a4,0x3
    80001338:	40f687b3          	sub	a5,a3,a5
    8000133c:	ff870713          	addi	a4,a4,-8
    80001340:	00379793          	slli	a5,a5,0x3
    80001344:	00369693          	slli	a3,a3,0x3
    80001348:	00e50733          	add	a4,a0,a4
    8000134c:	00f507b3          	add	a5,a0,a5
    80001350:	00d50533          	add	a0,a0,a3
    80001354:	0007a583          	lw	a1,0(a5)
    80001358:	00072603          	lw	a2,0(a4)
    8000135c:	00472683          	lw	a3,4(a4)
    80001360:	00b72023          	sw	a1,0(a4)
    80001364:	0047a583          	lw	a1,4(a5)
    80001368:	00878793          	addi	a5,a5,8
    8000136c:	ff870713          	addi	a4,a4,-8
    80001370:	00b72623          	sw	a1,12(a4)
    80001374:	fec7ac23          	sw	a2,-8(a5)
    80001378:	fed7ae23          	sw	a3,-4(a5)
    8000137c:	fca79ce3          	bne	a5,a0,80001354 <Reverse+0x4c>
    80001380:	01010113          	addi	sp,sp,16
    80001384:	00008067          	ret

0000000080001388 <BlockSwap>:
    80001388:	04d05663          	blez	a3,800013d4 <BlockSwap+0x4c>
    8000138c:	00b686b3          	add	a3,a3,a1
    80001390:	00361613          	slli	a2,a2,0x3
    80001394:	00359593          	slli	a1,a1,0x3
    80001398:	00369693          	slli	a3,a3,0x3
    8000139c:	00b507b3          	add	a5,a0,a1
    800013a0:	00c50733          	add	a4,a0,a2
    800013a4:	00d50533          	add	a0,a0,a3
    800013a8:	00072583          	lw	a1,0(a4)
    800013ac:	0007a603          	lw	a2,0(a5)
    800013b0:	0047a683          	lw	a3,4(a5)
    800013b4:	00b7a023          	sw	a1,0(a5)
    800013b8:	00472583          	lw	a1,4(a4)
    800013bc:	00870713          	addi	a4,a4,8
    800013c0:	00878793          	addi	a5,a5,8
    800013c4:	feb7ae23          	sw	a1,-4(a5)
    800013c8:	fec72c23          	sw	a2,-8(a4)
    800013cc:	fed72e23          	sw	a3,-4(a4)
    800013d0:	fca79ce3          	bne	a5,a0,800013a8 <BlockSwap+0x20>
    800013d4:	00008067          	ret

00000000800013d8 <Rotate>:
    800013d8:	f8010113          	addi	sp,sp,-128
    800013dc:	06113c23          	sd	ra,120(sp)
    800013e0:	00c13823          	sd	a2,16(sp)
    800013e4:	00d13c23          	sd	a3,24(sp)
    800013e8:	10c68c63          	beq	a3,a2,80001500 <Rotate+0x128>
    800013ec:	06813823          	sd	s0,112(sp)
    800013f0:	06913423          	sd	s1,104(sp)
    800013f4:	07213023          	sd	s2,96(sp)
    800013f8:	05313c23          	sd	s3,88(sp)
    800013fc:	05413823          	sd	s4,80(sp)
    80001400:	05513423          	sd	s5,72(sp)
    80001404:	00060913          	mv	s2,a2
    80001408:	00068493          	mv	s1,a3
    8000140c:	00050993          	mv	s3,a0
    80001410:	00058413          	mv	s0,a1
    80001414:	00c58a33          	add	s4,a1,a2
    80001418:	0c05ca63          	bltz	a1,800014ec <Rotate+0x114>
    8000141c:	41448ab3          	sub	s5,s1,s4
    80001420:	048adc63          	bge	s5,s0,80001478 <Rotate+0xa0>
    80001424:	0f57d463          	bge	a5,s5,8000150c <Rotate+0x134>
    80001428:	00090593          	mv	a1,s2
    8000142c:	000a0613          	mv	a2,s4
    80001430:	00098513          	mv	a0,s3
    80001434:	ed5ff0ef          	jal	80001308 <Reverse>
    80001438:	000a0593          	mv	a1,s4
    8000143c:	00048613          	mv	a2,s1
    80001440:	00098513          	mv	a0,s3
    80001444:	ec5ff0ef          	jal	80001308 <Reverse>
    80001448:	07013403          	ld	s0,112(sp)
    8000144c:	01013583          	ld	a1,16(sp)
    80001450:	01813603          	ld	a2,24(sp)
    80001454:	06813483          	ld	s1,104(sp)
    80001458:	06013903          	ld	s2,96(sp)
    8000145c:	05013a03          	ld	s4,80(sp)
    80001460:	04813a83          	ld	s5,72(sp)
    80001464:	07813083          	ld	ra,120(sp)
    80001468:	00098513          	mv	a0,s3
    8000146c:	05813983          	ld	s3,88(sp)
    80001470:	08010113          	addi	sp,sp,128
    80001474:	e95ff06f          	j	80001308 <Reverse>
    80001478:	fa87c8e3          	blt	a5,s0,80001428 <Rotate+0x50>
    8000147c:	00391493          	slli	s1,s2,0x3
    80001480:	009984b3          	add	s1,s3,s1
    80001484:	00341413          	slli	s0,s0,0x3
    80001488:	00070513          	mv	a0,a4
    8000148c:	00040613          	mv	a2,s0
    80001490:	00048593          	mv	a1,s1
    80001494:	00e13423          	sd	a4,8(sp)
    80001498:	003a1a13          	slli	s4,s4,0x3
    8000149c:	14c020ef          	jal	800035e8 <memcpy>
    800014a0:	003a9613          	slli	a2,s5,0x3
    800014a4:	014985b3          	add	a1,s3,s4
    800014a8:	00048513          	mv	a0,s1
    800014ac:	106020ef          	jal	800035b2 <memmove>
    800014b0:	00813703          	ld	a4,8(sp)
    800014b4:	012a8533          	add	a0,s5,s2
    800014b8:	00351513          	slli	a0,a0,0x3
    800014bc:	00040613          	mv	a2,s0
    800014c0:	00070593          	mv	a1,a4
    800014c4:	00a98533          	add	a0,s3,a0
    800014c8:	07013403          	ld	s0,112(sp)
    800014cc:	06813483          	ld	s1,104(sp)
    800014d0:	06013903          	ld	s2,96(sp)
    800014d4:	05813983          	ld	s3,88(sp)
    800014d8:	05013a03          	ld	s4,80(sp)
    800014dc:	04813a83          	ld	s5,72(sp)
    800014e0:	07813083          	ld	ra,120(sp)
    800014e4:	08010113          	addi	sp,sp,128
    800014e8:	1000206f          	j	800035e8 <memcpy>
    800014ec:	00b68a33          	add	s4,a3,a1
    800014f0:	40ca0433          	sub	s0,s4,a2
    800014f4:	41448ab3          	sub	s5,s1,s4
    800014f8:	f28ac6e3          	blt	s5,s0,80001424 <Rotate+0x4c>
    800014fc:	f7dff06f          	j	80001478 <Rotate+0xa0>
    80001500:	07813083          	ld	ra,120(sp)
    80001504:	08010113          	addi	sp,sp,128
    80001508:	00008067          	ret
    8000150c:	003a9a93          	slli	s5,s5,0x3
    80001510:	003a1a13          	slli	s4,s4,0x3
    80001514:	00070513          	mv	a0,a4
    80001518:	000a8613          	mv	a2,s5
    8000151c:	014985b3          	add	a1,s3,s4
    80001520:	00391913          	slli	s2,s2,0x3
    80001524:	408484b3          	sub	s1,s1,s0
    80001528:	00e13423          	sd	a4,8(sp)
    8000152c:	01298933          	add	s2,s3,s2
    80001530:	0b8020ef          	jal	800035e8 <memcpy>
    80001534:	00349493          	slli	s1,s1,0x3
    80001538:	00341613          	slli	a2,s0,0x3
    8000153c:	00090593          	mv	a1,s2
    80001540:	00998533          	add	a0,s3,s1
    80001544:	06e020ef          	jal	800035b2 <memmove>
    80001548:	00813703          	ld	a4,8(sp)
    8000154c:	000a8613          	mv	a2,s5
    80001550:	00090513          	mv	a0,s2
    80001554:	00070593          	mv	a1,a4
    80001558:	f71ff06f          	j	800014c8 <Rotate+0xf0>

000000008000155c <WikiMerge>:
    8000155c:	f4010113          	addi	sp,sp,-192
    80001560:	0c813e03          	ld	t3,200(sp)
    80001564:	09613023          	sd	s6,128(sp)
    80001568:	02e13c23          	sd	a4,56(sp)
    8000156c:	40d70b33          	sub	s6,a4,a3
    80001570:	40f80733          	sub	a4,a6,a5
    80001574:	0a913423          	sd	s1,168(sp)
    80001578:	09413823          	sd	s4,144(sp)
    8000157c:	09513423          	sd	s5,136(sp)
    80001580:	07a13023          	sd	s10,96(sp)
    80001584:	0a113c23          	sd	ra,184(sp)
    80001588:	00d13c23          	sd	a3,24(sp)
    8000158c:	04b13023          	sd	a1,64(sp)
    80001590:	04c13423          	sd	a2,72(sp)
    80001594:	02d13823          	sd	a3,48(sp)
    80001598:	02f13023          	sd	a5,32(sp)
    8000159c:	03013423          	sd	a6,40(sp)
    800015a0:	00b13423          	sd	a1,8(sp)
    800015a4:	00e13823          	sd	a4,16(sp)
    800015a8:	0c013483          	ld	s1,192(sp)
    800015ac:	00078a13          	mv	s4,a5
    800015b0:	00050d13          	mv	s10,a0
    800015b4:	00088a93          	mv	s5,a7
    800015b8:	0b6e4a63          	blt	t3,s6,8000166c <WikiMerge+0x110>
    800015bc:	0b213023          	sd	s2,160(sp)
    800015c0:	09313c23          	sd	s3,152(sp)
    800015c4:	00369693          	slli	a3,a3,0x3
    800015c8:	003b1993          	slli	s3,s6,0x3
    800015cc:	00d50933          	add	s2,a0,a3
    800015d0:	013489b3          	add	s3,s1,s3
    800015d4:	06e05263          	blez	a4,80001638 <WikiMerge+0xdc>
    800015d8:	07605063          	blez	s6,80001638 <WikiMerge+0xdc>
    800015dc:	0a813823          	sd	s0,176(sp)
    800015e0:	003a1413          	slli	s0,s4,0x3
    800015e4:	00381a13          	slli	s4,a6,0x3
    800015e8:	00850433          	add	s0,a0,s0
    800015ec:	01450a33          	add	s4,a0,s4
    800015f0:	0044e703          	lwu	a4,4(s1)
    800015f4:	00446783          	lwu	a5,4(s0)
    800015f8:	0004e583          	lwu	a1,0(s1)
    800015fc:	00046503          	lwu	a0,0(s0)
    80001600:	02071713          	slli	a4,a4,0x20
    80001604:	02079793          	slli	a5,a5,0x20
    80001608:	00b765b3          	or	a1,a4,a1
    8000160c:	00a7e533          	or	a0,a5,a0
    80001610:	000a80e7          	jalr	s5
    80001614:	00890913          	addi	s2,s2,8
    80001618:	20051263          	bnez	a0,8000181c <WikiMerge+0x2c0>
    8000161c:	0004a783          	lw	a5,0(s1)
    80001620:	00848493          	addi	s1,s1,8
    80001624:	fef92c23          	sw	a5,-8(s2)
    80001628:	ffc4a783          	lw	a5,-4(s1)
    8000162c:	fef92e23          	sw	a5,-4(s2)
    80001630:	fc9990e3          	bne	s3,s1,800015f0 <WikiMerge+0x94>
    80001634:	0b013403          	ld	s0,176(sp)
    80001638:	0b813083          	ld	ra,184(sp)
    8000163c:	09013a03          	ld	s4,144(sp)
    80001640:	08813a83          	ld	s5,136(sp)
    80001644:	08013b03          	ld	s6,128(sp)
    80001648:	06013d03          	ld	s10,96(sp)
    8000164c:	40998633          	sub	a2,s3,s1
    80001650:	00048593          	mv	a1,s1
    80001654:	09813983          	ld	s3,152(sp)
    80001658:	0a813483          	ld	s1,168(sp)
    8000165c:	00090513          	mv	a0,s2
    80001660:	0a013903          	ld	s2,160(sp)
    80001664:	0c010113          	addi	sp,sp,192
    80001668:	7810106f          	j	800035e8 <memcpy>
    8000166c:	01013783          	ld	a5,16(sp)
    80001670:	10f05c63          	blez	a5,80001788 <WikiMerge+0x22c>
    80001674:	17605463          	blez	s6,800017dc <WikiMerge+0x280>
    80001678:	01813783          	ld	a5,24(sp)
    8000167c:	07813823          	sd	s8,112(sp)
    80001680:	00813c03          	ld	s8,8(sp)
    80001684:	05b13c23          	sd	s11,88(sp)
    80001688:	00379d93          	slli	s11,a5,0x3
    8000168c:	0a813823          	sd	s0,176(sp)
    80001690:	09313c23          	sd	s3,152(sp)
    80001694:	07713c23          	sd	s7,120(sp)
    80001698:	07913423          	sd	s9,104(sp)
    8000169c:	0b213023          	sd	s2,160(sp)
    800016a0:	01b50db3          	add	s11,a0,s11
    800016a4:	00000413          	li	s0,0
    800016a8:	00000b93          	li	s7,0
    800016ac:	00000993          	li	s3,0
    800016b0:	000a0c93          	mv	s9,s4
    800016b4:	003c9493          	slli	s1,s9,0x3
    800016b8:	003c1913          	slli	s2,s8,0x3
    800016bc:	009d04b3          	add	s1,s10,s1
    800016c0:	012d0933          	add	s2,s10,s2
    800016c4:	00496703          	lwu	a4,4(s2)
    800016c8:	0044e783          	lwu	a5,4(s1)
    800016cc:	00096583          	lwu	a1,0(s2)
    800016d0:	0004e503          	lwu	a0,0(s1)
    800016d4:	02071713          	slli	a4,a4,0x20
    800016d8:	02079793          	slli	a5,a5,0x20
    800016dc:	00b765b3          	or	a1,a4,a1
    800016e0:	00a7e533          	or	a0,a5,a0
    800016e4:	000a80e7          	jalr	s5
    800016e8:	00140413          	addi	s0,s0,1
    800016ec:	02051e63          	bnez	a0,80001728 <WikiMerge+0x1cc>
    800016f0:	00092583          	lw	a1,0(s2)
    800016f4:	000da703          	lw	a4,0(s11)
    800016f8:	004da783          	lw	a5,4(s11)
    800016fc:	00bda023          	sw	a1,0(s11)
    80001700:	00492583          	lw	a1,4(s2)
    80001704:	00813683          	ld	a3,8(sp)
    80001708:	00198993          	addi	s3,s3,1
    8000170c:	00bda223          	sw	a1,4(s11)
    80001710:	00e92023          	sw	a4,0(s2)
    80001714:	00f92223          	sw	a5,4(s2)
    80001718:	00d98c33          	add	s8,s3,a3
    8000171c:	0f69d063          	bge	s3,s6,800017fc <WikiMerge+0x2a0>
    80001720:	008d8d93          	addi	s11,s11,8
    80001724:	f91ff06f          	j	800016b4 <WikiMerge+0x158>
    80001728:	0004a583          	lw	a1,0(s1)
    8000172c:	000da703          	lw	a4,0(s11)
    80001730:	004da783          	lw	a5,4(s11)
    80001734:	00bda023          	sw	a1,0(s11)
    80001738:	0044a583          	lw	a1,4(s1)
    8000173c:	001b8b93          	addi	s7,s7,1
    80001740:	014b8cb3          	add	s9,s7,s4
    80001744:	00bda223          	sw	a1,4(s11)
    80001748:	00f4a223          	sw	a5,4(s1)
    8000174c:	01013783          	ld	a5,16(sp)
    80001750:	00e4a023          	sw	a4,0(s1)
    80001754:	fcfbc6e3          	blt	s7,a5,80001720 <WikiMerge+0x1c4>
    80001758:	01813783          	ld	a5,24(sp)
    8000175c:	413b0b33          	sub	s6,s6,s3
    80001760:	01813423          	sd	s8,8(sp)
    80001764:	008787b3          	add	a5,a5,s0
    80001768:	0a013903          	ld	s2,160(sp)
    8000176c:	0b013403          	ld	s0,176(sp)
    80001770:	09813983          	ld	s3,152(sp)
    80001774:	07813b83          	ld	s7,120(sp)
    80001778:	07013c03          	ld	s8,112(sp)
    8000177c:	06813c83          	ld	s9,104(sp)
    80001780:	05813d83          	ld	s11,88(sp)
    80001784:	00f13c23          	sd	a5,24(sp)
    80001788:	05605a63          	blez	s6,800017dc <WikiMerge+0x280>
    8000178c:	00813783          	ld	a5,8(sp)
    80001790:	00fb0b33          	add	s6,s6,a5
    80001794:	00379593          	slli	a1,a5,0x3
    80001798:	01813783          	ld	a5,24(sp)
    8000179c:	003b1b13          	slli	s6,s6,0x3
    800017a0:	00bd05b3          	add	a1,s10,a1
    800017a4:	00379693          	slli	a3,a5,0x3
    800017a8:	00dd06b3          	add	a3,s10,a3
    800017ac:	016d0533          	add	a0,s10,s6
    800017b0:	0006a603          	lw	a2,0(a3)
    800017b4:	0005a703          	lw	a4,0(a1)
    800017b8:	0045a783          	lw	a5,4(a1)
    800017bc:	00c5a023          	sw	a2,0(a1)
    800017c0:	0046a603          	lw	a2,4(a3)
    800017c4:	00868693          	addi	a3,a3,8
    800017c8:	00858593          	addi	a1,a1,8
    800017cc:	fec5ae23          	sw	a2,-4(a1)
    800017d0:	fee6ac23          	sw	a4,-8(a3)
    800017d4:	fef6ae23          	sw	a5,-4(a3)
    800017d8:	fcb51ce3          	bne	a0,a1,800017b0 <WikiMerge+0x254>
    800017dc:	0b813083          	ld	ra,184(sp)
    800017e0:	0a813483          	ld	s1,168(sp)
    800017e4:	09013a03          	ld	s4,144(sp)
    800017e8:	08813a83          	ld	s5,136(sp)
    800017ec:	08013b03          	ld	s6,128(sp)
    800017f0:	06013d03          	ld	s10,96(sp)
    800017f4:	0c010113          	addi	sp,sp,192
    800017f8:	00008067          	ret
    800017fc:	0b013403          	ld	s0,176(sp)
    80001800:	0a013903          	ld	s2,160(sp)
    80001804:	09813983          	ld	s3,152(sp)
    80001808:	07813b83          	ld	s7,120(sp)
    8000180c:	07013c03          	ld	s8,112(sp)
    80001810:	06813c83          	ld	s9,104(sp)
    80001814:	05813d83          	ld	s11,88(sp)
    80001818:	fc5ff06f          	j	800017dc <WikiMerge+0x280>
    8000181c:	00042783          	lw	a5,0(s0)
    80001820:	00840413          	addi	s0,s0,8
    80001824:	fef92c23          	sw	a5,-8(s2)
    80001828:	ffc42783          	lw	a5,-4(s0)
    8000182c:	fef92e23          	sw	a5,-4(s2)
    80001830:	dc8a10e3          	bne	s4,s0,800015f0 <WikiMerge+0x94>
    80001834:	0b013403          	ld	s0,176(sp)
    80001838:	e01ff06f          	j	80001638 <WikiMerge+0xdc>

000000008000183c <WikiSort>:
    8000183c:	d8010113          	addi	sp,sp,-640
    80001840:	fffff2b7          	lui	t0,0xfffff
    80001844:	23813823          	sd	s8,560(sp)
    80001848:	26113c23          	sd	ra,632(sp)
    8000184c:	26813823          	sd	s0,624(sp)
    80001850:	26913423          	sd	s1,616(sp)
    80001854:	27213023          	sd	s2,608(sp)
    80001858:	25313c23          	sd	s3,600(sp)
    8000185c:	25413823          	sd	s4,592(sp)
    80001860:	25513423          	sd	s5,584(sp)
    80001864:	25613023          	sd	s6,576(sp)
    80001868:	23713c23          	sd	s7,568(sp)
    8000186c:	23913423          	sd	s9,552(sp)
    80001870:	23a13023          	sd	s10,544(sp)
    80001874:	21b13c23          	sd	s11,536(sp)
    80001878:	00510133          	add	sp,sp,t0
    8000187c:	08b13c23          	sd	a1,152(sp)
    80001880:	02000793          	li	a5,32
    80001884:	00060c13          	mv	s8,a2
    80001888:	00b7c463          	blt	a5,a1,80001890 <WikiSort+0x54>
    8000188c:	2880106f          	j	80002b14 <WikiSort+0x12d8>
    80001890:	09813b03          	ld	s6,152(sp)
    80001894:	00001637          	lui	a2,0x1
    80001898:	13060613          	addi	a2,a2,304 # 1130 <__stack_align+0x1120>
    8000189c:	401b5793          	srai	a5,s6,0x1
    800018a0:	0167e7b3          	or	a5,a5,s6
    800018a4:	4027d713          	srai	a4,a5,0x2
    800018a8:	00e7e7b3          	or	a5,a5,a4
    800018ac:	4047d713          	srai	a4,a5,0x4
    800018b0:	00e7e7b3          	or	a5,a5,a4
    800018b4:	4087d713          	srai	a4,a5,0x8
    800018b8:	00e7e7b3          	or	a5,a5,a4
    800018bc:	4107d713          	srai	a4,a5,0x10
    800018c0:	00e7e7b3          	or	a5,a5,a4
    800018c4:	4207d713          	srai	a4,a5,0x20
    800018c8:	00e7e7b3          	or	a5,a5,a4
    800018cc:	4017d713          	srai	a4,a5,0x1
    800018d0:	40e78933          	sub	s2,a5,a4
    800018d4:	40495693          	srai	a3,s2,0x4
    800018d8:	02db6f33          	rem	t5,s6,a3
    800018dc:	fffff737          	lui	a4,0xfffff
    800018e0:	00e60633          	add	a2,a2,a4
    800018e4:	0e010713          	addi	a4,sp,224
    800018e8:	00e60733          	add	a4,a2,a4
    800018ec:	00050c93          	mv	s9,a0
    800018f0:	06d13423          	sd	a3,104(sp)
    800018f4:	00000793          	li	a5,0
    800018f8:	00000493          	li	s1,0
    800018fc:	00e13c23          	sd	a4,24(sp)
    80001900:	00068993          	mv	s3,a3
    80001904:	02db4eb3          	div	t4,s6,a3
    80001908:	000f0a13          	mv	s4,t5
    8000190c:	000e8a93          	mv	s5,t4
    80001910:	0080006f          	j	80001918 <WikiSort+0xdc>
    80001914:	00040793          	mv	a5,s0
    80001918:	014484b3          	add	s1,s1,s4
    8000191c:	000c0693          	mv	a3,s8
    80001920:	00078593          	mv	a1,a5
    80001924:	000c8513          	mv	a0,s9
    80001928:	00fa8433          	add	s0,s5,a5
    8000192c:	0134c663          	blt	s1,s3,80001938 <WikiSort+0xfc>
    80001930:	00140413          	addi	s0,s0,1
    80001934:	413484b3          	sub	s1,s1,s3
    80001938:	01813703          	ld	a4,24(sp)
    8000193c:	00040613          	mv	a2,s0
    80001940:	f4f73823          	sd	a5,-176(a4) # ffffffffffffef50 <__heap_end+0xffffffff7ffd7f50>
    80001944:	f4873c23          	sd	s0,-168(a4)
    80001948:	895ff0ef          	jal	800011dc <InsertionSort>
    8000194c:	fd6444e3          	blt	s0,s6,80001914 <WikiSort+0xd8>
    80001950:	01000993          	li	s3,16
    80001954:	000a0f13          	mv	t5,s4
    80001958:	000a8e93          	mv	t4,s5
    8000195c:	6d29dc63          	bge	s3,s2,80002034 <WikiSort+0x7f8>
    80001960:	00001737          	lui	a4,0x1
    80001964:	fffff7b7          	lui	a5,0xfffff
    80001968:	13070713          	addi	a4,a4,304 # 1130 <__stack_align+0x1120>
    8000196c:	00f70733          	add	a4,a4,a5
    80001970:	0e010793          	addi	a5,sp,224
    80001974:	00f70db3          	add	s11,a4,a5
    80001978:	00098b93          	mv	s7,s3
    8000197c:	000c8d13          	mv	s10,s9
    80001980:	d22ef553          	fcvt.d.l	fa0,t4
    80001984:	00102773          	frflags	a4
    80001988:	f20007d3          	fmv.d.x	fa5,zero
    8000198c:	a2f517d3          	flt.d	a5,fa0,fa5
    80001990:	00171073          	fsflags	a4
    80001994:	00078463          	beqz	a5,8000199c <WikiSort+0x160>
    80001998:	2280106f          	j	80002bc0 <WikiSort+0x1384>
    8000199c:	5a057553          	fsqrt.d	fa0,fa0
    800019a0:	c2251cd3          	fcvt.l.d	s9,fa0,rtz
    800019a4:	00000313          	li	t1,0
    800019a8:	00000393          	li	t2,0
    800019ac:	039ec733          	div	a4,t4,s9
    800019b0:	003c9793          	slli	a5,s9,0x3
    800019b4:	08f13023          	sd	a5,128(sp)
    800019b8:	00000f93          	li	t6,0
    800019bc:	0e013023          	sd	zero,224(sp)
    800019c0:	04013823          	sd	zero,80(sp)
    800019c4:	04013023          	sd	zero,64(sp)
    800019c8:	08013823          	sd	zero,144(sp)
    800019cc:	02013c23          	sd	zero,56(sp)
    800019d0:	00000493          	li	s1,0
    800019d4:	04013423          	sd	zero,72(sp)
    800019d8:	05e13c23          	sd	t5,88(sp)
    800019dc:	07d13023          	sd	t4,96(sp)
    800019e0:	0d713823          	sd	s7,208(sp)
    800019e4:	0c613023          	sd	t1,192(sp)
    800019e8:	0a713823          	sd	t2,176(sp)
    800019ec:	0df13423          	sd	t6,200(sp)
    800019f0:	0d213c23          	sd	s2,216(sp)
    800019f4:	00170793          	addi	a5,a4,1
    800019f8:	0af13023          	sd	a5,160(sp)
    800019fc:	0ae13c23          	sd	a4,184(sp)
    80001a00:	04813783          	ld	a5,72(sp)
    80001a04:	05813703          	ld	a4,88(sp)
    80001a08:	00e78b33          	add	s6,a5,a4
    80001a0c:	06013783          	ld	a5,96(sp)
    80001a10:	06813703          	ld	a4,104(sp)
    80001a14:	00f487b3          	add	a5,s1,a5
    80001a18:	02f13023          	sd	a5,32(sp)
    80001a1c:	00eb4863          	blt	s6,a4,80001a2c <WikiSort+0x1f0>
    80001a20:	00178793          	addi	a5,a5,1 # fffffffffffff001 <__heap_end+0xffffffff7ffd8001>
    80001a24:	40eb0b33          	sub	s6,s6,a4
    80001a28:	02f13023          	sd	a5,32(sp)
    80001a2c:	02013703          	ld	a4,32(sp)
    80001a30:	06013683          	ld	a3,96(sp)
    80001a34:	05813783          	ld	a5,88(sp)
    80001a38:	00d70bb3          	add	s7,a4,a3
    80001a3c:	06813703          	ld	a4,104(sp)
    80001a40:	00fb07b3          	add	a5,s6,a5
    80001a44:	04f13423          	sd	a5,72(sp)
    80001a48:	00e7c863          	blt	a5,a4,80001a58 <WikiSort+0x21c>
    80001a4c:	40e787b3          	sub	a5,a5,a4
    80001a50:	04f13423          	sd	a5,72(sp)
    80001a54:	001b8b93          	addi	s7,s7,1
    80001a58:	00349913          	slli	s2,s1,0x3
    80001a5c:	003b9793          	slli	a5,s7,0x3
    80001a60:	00fd07b3          	add	a5,s10,a5
    80001a64:	012d0933          	add	s2,s10,s2
    80001a68:	ffc7e703          	lwu	a4,-4(a5)
    80001a6c:	00496683          	lwu	a3,4(s2)
    80001a70:	ff87e503          	lwu	a0,-8(a5)
    80001a74:	00096583          	lwu	a1,0(s2)
    80001a78:	02071713          	slli	a4,a4,0x20
    80001a7c:	02069693          	slli	a3,a3,0x20
    80001a80:	00a76533          	or	a0,a4,a0
    80001a84:	00b6e5b3          	or	a1,a3,a1
    80001a88:	000c00e7          	jalr	s8
    80001a8c:	09013783          	ld	a5,144(sp)
    80001a90:	03813703          	ld	a4,56(sp)
    80001a94:	40e787b3          	sub	a5,a5,a4
    80001a98:	06f13c23          	sd	a5,120(sp)
    80001a9c:	46051e63          	bnez	a0,80001f18 <WikiSort+0x6dc>
    80001aa0:	02013403          	ld	s0,32(sp)
    80001aa4:	00341793          	slli	a5,s0,0x3
    80001aa8:	00fd07b3          	add	a5,s10,a5
    80001aac:	ffc7e683          	lwu	a3,-4(a5)
    80001ab0:	0047e703          	lwu	a4,4(a5)
    80001ab4:	ff87e583          	lwu	a1,-8(a5)
    80001ab8:	0007e503          	lwu	a0,0(a5)
    80001abc:	02069693          	slli	a3,a3,0x20
    80001ac0:	02071713          	slli	a4,a4,0x20
    80001ac4:	00b6e5b3          	or	a1,a3,a1
    80001ac8:	00a76533          	or	a0,a4,a0
    80001acc:	000c00e7          	jalr	s8
    80001ad0:	46050863          	beqz	a0,80001f40 <WikiSort+0x704>
    80001ad4:	409407b3          	sub	a5,s0,s1
    80001ad8:	20000713          	li	a4,512
    80001adc:	0cf758e3          	bge	a4,a5,800023ac <WikiSort+0xb70>
    80001ae0:	07813703          	ld	a4,120(sp)
    80001ae4:	07713823          	sd	s7,112(sp)
    80001ae8:	5ce05e63          	blez	a4,800020c4 <WikiSort+0x888>
    80001aec:	0397e633          	rem	a2,a5,s9
    80001af0:	02013783          	ld	a5,32(sp)
    80001af4:	00960b33          	add	s6,a2,s1
    80001af8:	001b0693          	addi	a3,s6,1
    80001afc:	0af6d4e3          	bge	a3,a5,800023a4 <WikiSort+0xb68>
    80001b00:	03813783          	ld	a5,56(sp)
    80001b04:	08013303          	ld	t1,128(sp)
    80001b08:	02013e03          	ld	t3,32(sp)
    80001b0c:	00379793          	slli	a5,a5,0x3
    80001b10:	003b1593          	slli	a1,s6,0x3
    80001b14:	00fd07b3          	add	a5,s10,a5
    80001b18:	00bd0733          	add	a4,s10,a1
    80001b1c:	00872883          	lw	a7,8(a4)
    80001b20:	0007a803          	lw	a6,0(a5)
    80001b24:	0047a503          	lw	a0,4(a5)
    80001b28:	0117a023          	sw	a7,0(a5)
    80001b2c:	00c72883          	lw	a7,12(a4)
    80001b30:	019686b3          	add	a3,a3,s9
    80001b34:	00878793          	addi	a5,a5,8
    80001b38:	ff17ae23          	sw	a7,-4(a5)
    80001b3c:	01072423          	sw	a6,8(a4)
    80001b40:	00a72623          	sw	a0,12(a4)
    80001b44:	00670733          	add	a4,a4,t1
    80001b48:	fdc6cae3          	blt	a3,t3,80001b1c <WikiSort+0x2e0>
    80001b4c:	07013783          	ld	a5,112(sp)
    80001b50:	02013703          	ld	a4,32(sp)
    80001b54:	40e789b3          	sub	s3,a5,a4
    80001b58:	013cd463          	bge	s9,s3,80001b60 <WikiSort+0x324>
    80001b5c:	000c8993          	mv	s3,s9
    80001b60:	00bd06b3          	add	a3,s10,a1
    80001b64:	02013583          	ld	a1,32(sp)
    80001b68:	0046a783          	lw	a5,4(a3)
    80001b6c:	0006a703          	lw	a4,0(a3)
    80001b70:	00b985b3          	add	a1,s3,a1
    80001b74:	eefda623          	sw	a5,-276(s11)
    80001b78:	00b13c23          	sd	a1,24(sp)
    80001b7c:	eeeda423          	sw	a4,-280(s11)
    80001b80:	20000793          	li	a5,512
    80001b84:	4ec7ce63          	blt	a5,a2,80002080 <WikiSort+0x844>
    80001b88:	00361613          	slli	a2,a2,0x3
    80001b8c:	00090593          	mv	a1,s2
    80001b90:	000d8513          	mv	a0,s11
    80001b94:	255010ef          	jal	800035e8 <memcpy>
    80001b98:	04013783          	ld	a5,64(sp)
    80001b9c:	00379613          	slli	a2,a5,0x3
    80001ba0:	00cd07b3          	add	a5,s10,a2
    80001ba4:	08f13423          	sd	a5,136(sp)
    80001ba8:	02013783          	ld	a5,32(sp)
    80001bac:	00000a93          	li	s5,0
    80001bb0:	00000613          	li	a2,0
    80001bb4:	000b0913          	mv	s2,s6
    80001bb8:	0b713423          	sd	s7,168(sp)
    80001bbc:	000b0813          	mv	a6,s6
    80001bc0:	000a8b93          	mv	s7,s5
    80001bc4:	00000a13          	li	s4,0
    80001bc8:	000b0a93          	mv	s5,s6
    80001bcc:	00078993          	mv	s3,a5
    80001bd0:	00078b13          	mv	s6,a5
    80001bd4:	00060413          	mv	s0,a2
    80001bd8:	27745263          	bge	s0,s7,80001e3c <WikiSort+0x600>
    80001bdc:	003b9793          	slli	a5,s7,0x3
    80001be0:	00fd07b3          	add	a5,s10,a5
    80001be4:	ffc7e703          	lwu	a4,-4(a5)
    80001be8:	ff87e503          	lwu	a0,-8(a5)
    80001bec:	ee8db583          	ld	a1,-280(s11)
    80001bf0:	02071713          	slli	a4,a4,0x20
    80001bf4:	03013023          	sd	a6,32(sp)
    80001bf8:	00a76533          	or	a0,a4,a0
    80001bfc:	000c00e7          	jalr	s8
    80001c00:	02013803          	ld	a6,32(sp)
    80001c04:	22051c63          	bnez	a0,80001e3c <WikiSort+0x600>
    80001c08:	00040613          	mv	a2,s0
    80001c0c:	00080593          	mv	a1,a6
    80001c10:	000c0713          	mv	a4,s8
    80001c14:	000b8693          	mv	a3,s7
    80001c18:	000d0513          	mv	a0,s10
    80001c1c:	03013023          	sd	a6,32(sp)
    80001c20:	f28db023          	sd	s0,-224(s11)
    80001c24:	f37db423          	sd	s7,-216(s11)
    80001c28:	b9cff0ef          	jal	80000fc4 <BinaryFirst>
    80001c2c:	02013803          	ld	a6,32(sp)
    80001c30:	00050413          	mv	s0,a0
    80001c34:	40ab8e33          	sub	t3,s7,a0
    80001c38:	012c8333          	add	t1,s9,s2
    80001c3c:	05905463          	blez	s9,80001c84 <WikiSort+0x448>
    80001c40:	00391793          	slli	a5,s2,0x3
    80001c44:	00381713          	slli	a4,a6,0x3
    80001c48:	00331513          	slli	a0,t1,0x3
    80001c4c:	00fd07b3          	add	a5,s10,a5
    80001c50:	00ed0733          	add	a4,s10,a4
    80001c54:	00ad0533          	add	a0,s10,a0
    80001c58:	00072583          	lw	a1,0(a4)
    80001c5c:	0007a603          	lw	a2,0(a5)
    80001c60:	0047a683          	lw	a3,4(a5)
    80001c64:	00b7a023          	sw	a1,0(a5)
    80001c68:	00472583          	lw	a1,4(a4)
    80001c6c:	00870713          	addi	a4,a4,8
    80001c70:	00878793          	addi	a5,a5,8
    80001c74:	feb7ae23          	sw	a1,-4(a5)
    80001c78:	fec72c23          	sw	a2,-8(a4)
    80001c7c:	fed72e23          	sw	a3,-4(a4)
    80001c80:	fcf51ce3          	bne	a0,a5,80001c58 <WikiSort+0x41c>
    80001c84:	03813783          	ld	a5,56(sp)
    80001c88:	00190f93          	addi	t6,s2,1
    80001c8c:	003f9f93          	slli	t6,t6,0x3
    80001c90:	00fa0733          	add	a4,s4,a5
    80001c94:	00371713          	slli	a4,a4,0x3
    80001c98:	00ed0733          	add	a4,s10,a4
    80001c9c:	00072683          	lw	a3,0(a4)
    80001ca0:	01fd07b3          	add	a5,s10,t6
    80001ca4:	0007a603          	lw	a2,0(a5)
    80001ca8:	00d7a023          	sw	a3,0(a5)
    80001cac:	00472583          	lw	a1,4(a4)
    80001cb0:	20000513          	li	a0,512
    80001cb4:	0047a683          	lw	a3,4(a5)
    80001cb8:	00a13423          	sd	a0,8(sp)
    80001cbc:	00b7a223          	sw	a1,4(a5)
    80001cc0:	00c72023          	sw	a2,0(a4)
    80001cc4:	04013583          	ld	a1,64(sp)
    80001cc8:	05013603          	ld	a2,80(sp)
    80001ccc:	00d72223          	sw	a3,4(a4)
    80001cd0:	01b13023          	sd	s11,0(sp)
    80001cd4:	000a8793          	mv	a5,s5
    80001cd8:	000c0893          	mv	a7,s8
    80001cdc:	00040813          	mv	a6,s0
    80001ce0:	00048693          	mv	a3,s1
    80001ce4:	000a8713          	mv	a4,s5
    80001ce8:	000d0513          	mv	a0,s10
    80001cec:	fb5db823          	sd	s5,-80(s11)
    80001cf0:	fa8dbc23          	sd	s0,-72(s11)
    80001cf4:	f0bdb023          	sd	a1,-256(s11)
    80001cf8:	f0cdb423          	sd	a2,-248(s11)
    80001cfc:	f09db823          	sd	s1,-240(s11)
    80001d00:	f15dbc23          	sd	s5,-232(s11)
    80001d04:	02613823          	sd	t1,48(sp)
    80001d08:	03c13423          	sd	t3,40(sp)
    80001d0c:	03f13023          	sd	t6,32(sp)
    80001d10:	84dff0ef          	jal	8000155c <WikiMerge>
    80001d14:	20000793          	li	a5,512
    80001d18:	02013f83          	ld	t6,32(sp)
    80001d1c:	02813e03          	ld	t3,40(sp)
    80001d20:	03013303          	ld	t1,48(sp)
    80001d24:	001a0a13          	addi	s4,s4,1
    80001d28:	1b97c663          	blt	a5,s9,80001ed4 <WikiSort+0x698>
    80001d2c:	08013603          	ld	a2,128(sp)
    80001d30:	ff8f8593          	addi	a1,t6,-8
    80001d34:	00bd05b3          	add	a1,s10,a1
    80001d38:	000d8513          	mv	a0,s11
    80001d3c:	02613423          	sd	t1,40(sp)
    80001d40:	03c13023          	sd	t3,32(sp)
    80001d44:	0a5010ef          	jal	800035e8 <memcpy>
    80001d48:	02013e03          	ld	t3,32(sp)
    80001d4c:	02813303          	ld	t1,40(sp)
    80001d50:	41c30733          	sub	a4,t1,t3
    80001d54:	05c05463          	blez	t3,80001d9c <WikiSort+0x560>
    80001d58:	00341793          	slli	a5,s0,0x3
    80001d5c:	00371713          	slli	a4,a4,0x3
    80001d60:	003b9e93          	slli	t4,s7,0x3
    80001d64:	00fd07b3          	add	a5,s10,a5
    80001d68:	00ed0733          	add	a4,s10,a4
    80001d6c:	01dd0eb3          	add	t4,s10,t4
    80001d70:	00072583          	lw	a1,0(a4)
    80001d74:	0007a603          	lw	a2,0(a5)
    80001d78:	0047a683          	lw	a3,4(a5)
    80001d7c:	00b7a023          	sw	a1,0(a5)
    80001d80:	00472583          	lw	a1,4(a4)
    80001d84:	00870713          	addi	a4,a4,8
    80001d88:	00878793          	addi	a5,a5,8
    80001d8c:	feb7ae23          	sw	a1,-4(a5)
    80001d90:	fec72c23          	sw	a2,-8(a4)
    80001d94:	fed72e23          	sw	a3,-4(a4)
    80001d98:	fdd79ce3          	bne	a5,t4,80001d70 <WikiSort+0x534>
    80001d9c:	41c904b3          	sub	s1,s2,t3
    80001da0:	01948ab3          	add	s5,s1,s9
    80001da4:	01ca8bb3          	add	s7,s5,t3
    80001da8:	1f330c63          	beq	t1,s3,80001fa0 <WikiSort+0x764>
    80001dac:	00130913          	addi	s2,t1,1
    80001db0:	012c8433          	add	s0,s9,s2
    80001db4:	2d345263          	bge	s0,s3,80002078 <WikiSort+0x83c>
    80001db8:	000d0793          	mv	a5,s10
    80001dbc:	02613023          	sd	t1,32(sp)
    80001dc0:	00040d13          	mv	s10,s0
    80001dc4:	00078413          	mv	s0,a5
    80001dc8:	00391713          	slli	a4,s2,0x3
    80001dcc:	003d1793          	slli	a5,s10,0x3
    80001dd0:	00e40733          	add	a4,s0,a4
    80001dd4:	00f407b3          	add	a5,s0,a5
    80001dd8:	00476603          	lwu	a2,4(a4)
    80001ddc:	0047e683          	lwu	a3,4(a5)
    80001de0:	00076583          	lwu	a1,0(a4)
    80001de4:	0007e503          	lwu	a0,0(a5)
    80001de8:	02061613          	slli	a2,a2,0x20
    80001dec:	02069693          	slli	a3,a3,0x20
    80001df0:	00b665b3          	or	a1,a2,a1
    80001df4:	00a6e533          	or	a0,a3,a0
    80001df8:	000c00e7          	jalr	s8
    80001dfc:	00050463          	beqz	a0,80001e04 <WikiSort+0x5c8>
    80001e00:	000d0913          	mv	s2,s10
    80001e04:	019d0d33          	add	s10,s10,s9
    80001e08:	fd3d40e3          	blt	s10,s3,80001dc8 <WikiSort+0x58c>
    80001e0c:	02013303          	ld	t1,32(sp)
    80001e10:	00040d13          	mv	s10,s0
    80001e14:	fff90813          	addi	a6,s2,-1
    80001e18:	00381793          	slli	a5,a6,0x3
    80001e1c:	00fd07b3          	add	a5,s10,a5
    80001e20:	0007a703          	lw	a4,0(a5)
    80001e24:	0047a783          	lw	a5,4(a5)
    80001e28:	000a8413          	mv	s0,s5
    80001e2c:	eeeda423          	sw	a4,-280(s11)
    80001e30:	eefda623          	sw	a5,-276(s11)
    80001e34:	00030913          	mv	s2,t1
    80001e38:	db7442e3          	blt	s0,s7,80001bdc <WikiSort+0x3a0>
    80001e3c:	01813783          	ld	a5,24(sp)
    80001e40:	dcfb04e3          	beq	s6,a5,80001c08 <WikiSort+0x3cc>
    80001e44:	01813783          	ld	a5,24(sp)
    80001e48:	416788b3          	sub	a7,a5,s6
    80001e4c:	1198c263          	blt	a7,s9,80001f50 <WikiSort+0x714>
    80001e50:	012c8333          	add	t1,s9,s2
    80001e54:	05905463          	blez	s9,80001e9c <WikiSort+0x660>
    80001e58:	00391793          	slli	a5,s2,0x3
    80001e5c:	003b1713          	slli	a4,s6,0x3
    80001e60:	00331513          	slli	a0,t1,0x3
    80001e64:	00fd07b3          	add	a5,s10,a5
    80001e68:	00ed0733          	add	a4,s10,a4
    80001e6c:	00ad0533          	add	a0,s10,a0
    80001e70:	00072583          	lw	a1,0(a4)
    80001e74:	0007a603          	lw	a2,0(a5)
    80001e78:	0047a683          	lw	a3,4(a5)
    80001e7c:	00b7a023          	sw	a1,0(a5)
    80001e80:	00472583          	lw	a1,4(a4)
    80001e84:	00870713          	addi	a4,a4,8
    80001e88:	00878793          	addi	a5,a5,8
    80001e8c:	feb7ae23          	sw	a1,-4(a5)
    80001e90:	fec72c23          	sw	a2,-8(a4)
    80001e94:	fed72e23          	sw	a3,-4(a4)
    80001e98:	fcf51ce3          	bne	a0,a5,80001e70 <WikiSort+0x634>
    80001e9c:	00030b93          	mv	s7,t1
    80001ea0:	01091463          	bne	s2,a6,80001ea8 <WikiSort+0x66c>
    80001ea4:	00098813          	mv	a6,s3
    80001ea8:	01813783          	ld	a5,24(sp)
    80001eac:	07013703          	ld	a4,112(sp)
    80001eb0:	019989b3          	add	s3,s3,s9
    80001eb4:	00fc87b3          	add	a5,s9,a5
    80001eb8:	00f13c23          	sd	a5,24(sp)
    80001ebc:	019b0b33          	add	s6,s6,s9
    80001ec0:	00f75463          	bge	a4,a5,80001ec8 <WikiSort+0x68c>
    80001ec4:	00e13c23          	sd	a4,24(sp)
    80001ec8:	00090413          	mv	s0,s2
    80001ecc:	00030913          	mv	s2,t1
    80001ed0:	d09ff06f          	j	80001bd8 <WikiSort+0x39c>
    80001ed4:	08813703          	ld	a4,136(sp)
    80001ed8:	ff8f8793          	addi	a5,t6,-8
    80001edc:	00331513          	slli	a0,t1,0x3
    80001ee0:	00fd07b3          	add	a5,s10,a5
    80001ee4:	00ad0533          	add	a0,s10,a0
    80001ee8:	00072583          	lw	a1,0(a4)
    80001eec:	0007a603          	lw	a2,0(a5)
    80001ef0:	0047a683          	lw	a3,4(a5)
    80001ef4:	00b7a023          	sw	a1,0(a5)
    80001ef8:	00472583          	lw	a1,4(a4)
    80001efc:	00870713          	addi	a4,a4,8
    80001f00:	00878793          	addi	a5,a5,8
    80001f04:	feb7ae23          	sw	a1,-4(a5)
    80001f08:	fec72c23          	sw	a2,-8(a4)
    80001f0c:	fed72e23          	sw	a3,-4(a4)
    80001f10:	fcf51ce3          	bne	a0,a5,80001ee8 <WikiSort+0x6ac>
    80001f14:	e3dff06f          	j	80001d50 <WikiSort+0x514>
    80001f18:	02013583          	ld	a1,32(sp)
    80001f1c:	20000793          	li	a5,512
    80001f20:	000d8713          	mv	a4,s11
    80001f24:	00048613          	mv	a2,s1
    80001f28:	000b8693          	mv	a3,s7
    80001f2c:	409585b3          	sub	a1,a1,s1
    80001f30:	000d0513          	mv	a0,s10
    80001f34:	f69db023          	sd	s1,-160(s11)
    80001f38:	f77db423          	sd	s7,-152(s11)
    80001f3c:	c9cff0ef          	jal	800013d8 <Rotate>
    80001f40:	09813783          	ld	a5,152(sp)
    80001f44:	0afbd463          	bge	s7,a5,80001fec <WikiSort+0x7b0>
    80001f48:	000b8493          	mv	s1,s7
    80001f4c:	ab5ff06f          	j	80001a00 <WikiSort+0x1c4>
    80001f50:	01813683          	ld	a3,24(sp)
    80001f54:	00090613          	mv	a2,s2
    80001f58:	00000793          	li	a5,0
    80001f5c:	000d8713          	mv	a4,s11
    80001f60:	40db05b3          	sub	a1,s6,a3
    80001f64:	000d0513          	mv	a0,s10
    80001f68:	03013423          	sd	a6,40(sp)
    80001f6c:	03113023          	sd	a7,32(sp)
    80001f70:	fd2db023          	sd	s2,-64(s11)
    80001f74:	fcddb423          	sd	a3,-56(s11)
    80001f78:	c60ff0ef          	jal	800013d8 <Rotate>
    80001f7c:	02013883          	ld	a7,32(sp)
    80001f80:	02813803          	ld	a6,40(sp)
    80001f84:	00090413          	mv	s0,s2
    80001f88:	01190bb3          	add	s7,s2,a7
    80001f8c:	011989b3          	add	s3,s3,a7
    80001f90:	01180833          	add	a6,a6,a7
    80001f94:	01613c23          	sd	s6,24(sp)
    80001f98:	000b8913          	mv	s2,s7
    80001f9c:	c3dff06f          	j	80001bd8 <WikiSort+0x39c>
    80001fa0:	07013803          	ld	a6,112(sp)
    80001fa4:	f00db583          	ld	a1,-256(s11)
    80001fa8:	f08db603          	ld	a2,-248(s11)
    80001fac:	20000793          	li	a5,512
    80001fb0:	00f13423          	sd	a5,8(sp)
    80001fb4:	01b13023          	sd	s11,0(sp)
    80001fb8:	000a8793          	mv	a5,s5
    80001fbc:	000c0893          	mv	a7,s8
    80001fc0:	00048693          	mv	a3,s1
    80001fc4:	000a8713          	mv	a4,s5
    80001fc8:	000d0513          	mv	a0,s10
    80001fcc:	fd5db823          	sd	s5,-48(s11)
    80001fd0:	fd0dbc23          	sd	a6,-40(s11)
    80001fd4:	f09db823          	sd	s1,-240(s11)
    80001fd8:	f15dbc23          	sd	s5,-232(s11)
    80001fdc:	0a813b83          	ld	s7,168(sp)
    80001fe0:	d7cff0ef          	jal	8000155c <WikiMerge>
    80001fe4:	09813783          	ld	a5,152(sp)
    80001fe8:	f6fbc0e3          	blt	s7,a5,80001f48 <WikiSort+0x70c>
    80001fec:	07813783          	ld	a5,120(sp)
    80001ff0:	05813f03          	ld	t5,88(sp)
    80001ff4:	06013e83          	ld	t4,96(sp)
    80001ff8:	0d013b83          	ld	s7,208(sp)
    80001ffc:	0c013303          	ld	t1,192(sp)
    80002000:	0b013383          	ld	t2,176(sp)
    80002004:	0c813f83          	ld	t6,200(sp)
    80002008:	0d813903          	ld	s2,216(sp)
    8000200c:	7ef04e63          	bgtz	a5,80002808 <WikiSort+0xfcc>
    80002010:	06813783          	ld	a5,104(sp)
    80002014:	001f1f13          	slli	t5,t5,0x1
    80002018:	001e9e93          	slli	t4,t4,0x1
    8000201c:	00ff4863          	blt	t5,a5,8000202c <WikiSort+0x7f0>
    80002020:	06813783          	ld	a5,104(sp)
    80002024:	001e8e93          	addi	t4,t4,1
    80002028:	40ff0f33          	sub	t5,t5,a5
    8000202c:	001b9b93          	slli	s7,s7,0x1
    80002030:	952bc8e3          	blt	s7,s2,80001980 <WikiSort+0x144>
    80002034:	000012b7          	lui	t0,0x1
    80002038:	00510133          	add	sp,sp,t0
    8000203c:	27813083          	ld	ra,632(sp)
    80002040:	27013403          	ld	s0,624(sp)
    80002044:	26813483          	ld	s1,616(sp)
    80002048:	26013903          	ld	s2,608(sp)
    8000204c:	25813983          	ld	s3,600(sp)
    80002050:	25013a03          	ld	s4,592(sp)
    80002054:	24813a83          	ld	s5,584(sp)
    80002058:	24013b03          	ld	s6,576(sp)
    8000205c:	23813b83          	ld	s7,568(sp)
    80002060:	23013c03          	ld	s8,560(sp)
    80002064:	22813c83          	ld	s9,552(sp)
    80002068:	22013d03          	ld	s10,544(sp)
    8000206c:	21813d83          	ld	s11,536(sp)
    80002070:	28010113          	addi	sp,sp,640
    80002074:	00008067          	ret
    80002078:	00030813          	mv	a6,t1
    8000207c:	d9dff06f          	j	80001e18 <WikiSort+0x5dc>
    80002080:	04013703          	ld	a4,64(sp)
    80002084:	00349793          	slli	a5,s1,0x3
    80002088:	00fd07b3          	add	a5,s10,a5
    8000208c:	00371613          	slli	a2,a4,0x3
    80002090:	00cd0733          	add	a4,s10,a2
    80002094:	00072803          	lw	a6,0(a4)
    80002098:	0007a503          	lw	a0,0(a5)
    8000209c:	0047a583          	lw	a1,4(a5)
    800020a0:	0107a023          	sw	a6,0(a5)
    800020a4:	00472803          	lw	a6,4(a4)
    800020a8:	00870713          	addi	a4,a4,8
    800020ac:	00878793          	addi	a5,a5,8
    800020b0:	ff07ae23          	sw	a6,-4(a5)
    800020b4:	fea72c23          	sw	a0,-8(a4)
    800020b8:	feb72e23          	sw	a1,-4(a4)
    800020bc:	fcf69ce3          	bne	a3,a5,80002094 <WikiSort+0x858>
    800020c0:	ae1ff06f          	j	80001ba0 <WikiSort+0x364>
    800020c4:	02013b03          	ld	s6,32(sp)
    800020c8:	00148a13          	addi	s4,s1,1
    800020cc:	156a56e3          	bge	s4,s6,80002a18 <WikiSort+0x11dc>
    800020d0:	0b813a83          	ld	s5,184(sp)
    800020d4:	00100693          	li	a3,1
    800020d8:	02f13423          	sd	a5,40(sp)
    800020dc:	00048793          	mv	a5,s1
    800020e0:	00090993          	mv	s3,s2
    800020e4:	000a0493          	mv	s1,s4
    800020e8:	01213c23          	sd	s2,24(sp)
    800020ec:	00068413          	mv	s0,a3
    800020f0:	00078a13          	mv	s4,a5
    800020f4:	0049e783          	lwu	a5,4(s3)
    800020f8:	00c9e703          	lwu	a4,12(s3)
    800020fc:	0009e503          	lwu	a0,0(s3)
    80002100:	0089e583          	lwu	a1,8(s3)
    80002104:	02071713          	slli	a4,a4,0x20
    80002108:	02079793          	slli	a5,a5,0x20
    8000210c:	00b765b3          	or	a1,a4,a1
    80002110:	00a7e533          	or	a0,a5,a0
    80002114:	00098913          	mv	s2,s3
    80002118:	00898993          	addi	s3,s3,8
    8000211c:	000c00e7          	jalr	s8
    80002120:	02051663          	bnez	a0,8000214c <WikiSort+0x910>
    80002124:	00496703          	lwu	a4,4(s2)
    80002128:	0049e783          	lwu	a5,4(s3)
    8000212c:	00096583          	lwu	a1,0(s2)
    80002130:	0009e503          	lwu	a0,0(s3)
    80002134:	02071713          	slli	a4,a4,0x20
    80002138:	02079793          	slli	a5,a5,0x20
    8000213c:	00b765b3          	or	a1,a4,a1
    80002140:	00a7e533          	or	a0,a5,a0
    80002144:	000c00e7          	jalr	s8
    80002148:	00050863          	beqz	a0,80002158 <WikiSort+0x91c>
    8000214c:	00140793          	addi	a5,s0,1
    80002150:	2a8a8e63          	beq	s5,s0,8000240c <WikiSort+0xbd0>
    80002154:	00078413          	mv	s0,a5
    80002158:	00148493          	addi	s1,s1,1
    8000215c:	f9649ce3          	bne	s1,s6,800020f4 <WikiSort+0x8b8>
    80002160:	000a0713          	mv	a4,s4
    80002164:	00048a13          	mv	s4,s1
    80002168:	00070493          	mv	s1,a4
    8000216c:	0a013703          	ld	a4,160(sp)
    80002170:	20000613          	li	a2,512
    80002174:	01813903          	ld	s2,24(sp)
    80002178:	02813783          	ld	a5,40(sp)
    8000217c:	00040693          	mv	a3,s0
    80002180:	38e64263          	blt	a2,a4,80002504 <WikiSort+0xcc8>
    80002184:	0a013703          	ld	a4,160(sp)
    80002188:	52e69863          	bne	a3,a4,800026b8 <WikiSort+0xe7c>
    8000218c:	0a013783          	ld	a5,160(sp)
    80002190:	04913823          	sd	s1,80(sp)
    80002194:	04913023          	sd	s1,64(sp)
    80002198:	01478eb3          	add	t4,a5,s4
    8000219c:	009787b3          	add	a5,a5,s1
    800021a0:	08f13823          	sd	a5,144(sp)
    800021a4:	0f713423          	sd	s7,232(sp)
    800021a8:	000b8813          	mv	a6,s7
    800021ac:	02013703          	ld	a4,32(sp)
    800021b0:	414e8eb3          	sub	t4,t4,s4
    800021b4:	009e87b3          	add	a5,t4,s1
    800021b8:	00379913          	slli	s2,a5,0x3
    800021bc:	0af13823          	sd	a5,176(sp)
    800021c0:	012d0933          	add	s2,s10,s2
    800021c4:	40f707b3          	sub	a5,a4,a5
    800021c8:	0dd05463          	blez	t4,80002290 <WikiSort+0xa54>
    800021cc:	003a1a93          	slli	s5,s4,0x3
    800021d0:	015d0ab3          	add	s5,s10,s5
    800021d4:	00000b13          	li	s6,0
    800021d8:	01213c23          	sd	s2,24(sp)
    800021dc:	03013423          	sd	a6,40(sp)
    800021e0:	000b0913          	mv	s2,s6
    800021e4:	02f13823          	sd	a5,48(sp)
    800021e8:	000a8b13          	mv	s6,s5
    800021ec:	000e8993          	mv	s3,t4
    800021f0:	000a0a93          	mv	s5,s4
    800021f4:	ff8b0413          	addi	s0,s6,-8
    800021f8:	049a8a63          	beq	s5,s1,8000224c <WikiSort+0xa10>
    800021fc:	004b6683          	lwu	a3,4(s6)
    80002200:	ffcb6703          	lwu	a4,-4(s6)
    80002204:	000b6583          	lwu	a1,0(s6)
    80002208:	ff8b6503          	lwu	a0,-8(s6)
    8000220c:	02069693          	slli	a3,a3,0x20
    80002210:	02071713          	slli	a4,a4,0x20
    80002214:	00b6e5b3          	or	a1,a3,a1
    80002218:	00a76533          	or	a0,a4,a0
    8000221c:	000c00e7          	jalr	s8
    80002220:	02051663          	bnez	a0,8000224c <WikiSort+0xa10>
    80002224:	00446683          	lwu	a3,4(s0)
    80002228:	004b6703          	lwu	a4,4(s6)
    8000222c:	ff8b6583          	lwu	a1,-8(s6)
    80002230:	000b6503          	lwu	a0,0(s6)
    80002234:	02069693          	slli	a3,a3,0x20
    80002238:	02071713          	slli	a4,a4,0x20
    8000223c:	00b6e5b3          	or	a1,a3,a1
    80002240:	00a76533          	or	a0,a4,a0
    80002244:	000c00e7          	jalr	s8
    80002248:	02050863          	beqz	a0,80002278 <WikiSort+0xa3c>
    8000224c:	001a0693          	addi	a3,s4,1
    80002250:	001a8613          	addi	a2,s5,1
    80002254:	412005b3          	neg	a1,s2
    80002258:	20000793          	li	a5,512
    8000225c:	000d8713          	mv	a4,s11
    80002260:	000d0513          	mv	a0,s10
    80002264:	f8cdb823          	sd	a2,-112(s11)
    80002268:	f8ddbc23          	sd	a3,-104(s11)
    8000226c:	012a8a33          	add	s4,s5,s2
    80002270:	968ff0ef          	jal	800013d8 <Rotate>
    80002274:	00190913          	addi	s2,s2,1
    80002278:	fffa8a93          	addi	s5,s5,-1
    8000227c:	00040b13          	mv	s6,s0
    80002280:	f7394ae3          	blt	s2,s3,800021f4 <WikiSort+0x9b8>
    80002284:	01813903          	ld	s2,24(sp)
    80002288:	02813803          	ld	a6,40(sp)
    8000228c:	03013783          	ld	a5,48(sp)
    80002290:	0a013703          	ld	a4,160(sp)
    80002294:	02913c23          	sd	s1,56(sp)
    80002298:	06e13c23          	sd	a4,120(sp)
    8000229c:	0e813703          	ld	a4,232(sp)
    800022a0:	410706b3          	sub	a3,a4,a6
    800022a4:	0cd05a63          	blez	a3,80002378 <WikiSort+0xb3c>
    800022a8:	fffb8413          	addi	s0,s7,-1
    800022ac:	00000a13          	li	s4,0
    800022b0:	00381a93          	slli	s5,a6,0x3
    800022b4:	01213c23          	sd	s2,24(sp)
    800022b8:	02913823          	sd	s1,48(sp)
    800022bc:	000a0913          	mv	s2,s4
    800022c0:	015d0ab3          	add	s5,s10,s5
    800022c4:	00040a13          	mv	s4,s0
    800022c8:	00080b13          	mv	s6,a6
    800022cc:	02f13423          	sd	a5,40(sp)
    800022d0:	00080493          	mv	s1,a6
    800022d4:	00068413          	mv	s0,a3
    800022d8:	008a8993          	addi	s3,s5,8
    800022dc:	054b0a63          	beq	s6,s4,80002330 <WikiSort+0xaf4>
    800022e0:	00cae703          	lwu	a4,12(s5)
    800022e4:	004ae783          	lwu	a5,4(s5)
    800022e8:	008ae583          	lwu	a1,8(s5)
    800022ec:	000ae503          	lwu	a0,0(s5)
    800022f0:	02071713          	slli	a4,a4,0x20
    800022f4:	02079793          	slli	a5,a5,0x20
    800022f8:	00b765b3          	or	a1,a4,a1
    800022fc:	00a7e533          	or	a0,a5,a0
    80002300:	000c00e7          	jalr	s8
    80002304:	02051663          	bnez	a0,80002330 <WikiSort+0xaf4>
    80002308:	004ae703          	lwu	a4,4(s5)
    8000230c:	0049e783          	lwu	a5,4(s3)
    80002310:	000ae583          	lwu	a1,0(s5)
    80002314:	008ae503          	lwu	a0,8(s5)
    80002318:	02071713          	slli	a4,a4,0x20
    8000231c:	02079793          	slli	a5,a5,0x20
    80002320:	00b765b3          	or	a1,a4,a1
    80002324:	00a7e533          	or	a0,a5,a0
    80002328:	000c00e7          	jalr	s8
    8000232c:	02050863          	beqz	a0,8000235c <WikiSort+0xb20>
    80002330:	00048613          	mv	a2,s1
    80002334:	00090593          	mv	a1,s2
    80002338:	20000793          	li	a5,512
    8000233c:	000d8713          	mv	a4,s11
    80002340:	000b0693          	mv	a3,s6
    80002344:	000d0513          	mv	a0,s10
    80002348:	fa9db023          	sd	s1,-96(s11)
    8000234c:	fb6db423          	sd	s6,-88(s11)
    80002350:	412b04b3          	sub	s1,s6,s2
    80002354:	884ff0ef          	jal	800013d8 <Rotate>
    80002358:	00190913          	addi	s2,s2,1
    8000235c:	001b0b13          	addi	s6,s6,1
    80002360:	00098a93          	mv	s5,s3
    80002364:	f6894ae3          	blt	s2,s0,800022d8 <WikiSort+0xa9c>
    80002368:	01813903          	ld	s2,24(sp)
    8000236c:	02813783          	ld	a5,40(sp)
    80002370:	03013483          	ld	s1,48(sp)
    80002374:	00040693          	mv	a3,s0
    80002378:	0397e633          	rem	a2,a5,s9
    8000237c:	0e913023          	sd	s1,224(sp)
    80002380:	0b013483          	ld	s1,176(sp)
    80002384:	02013783          	ld	a5,32(sp)
    80002388:	40db8733          	sub	a4,s7,a3
    8000238c:	0ce13423          	sd	a4,200(sp)
    80002390:	06e13823          	sd	a4,112(sp)
    80002394:	0d713023          	sd	s7,192(sp)
    80002398:	00960b33          	add	s6,a2,s1
    8000239c:	001b0693          	addi	a3,s6,1
    800023a0:	f6f6c063          	blt	a3,a5,80001b00 <WikiSort+0x2c4>
    800023a4:	003b1593          	slli	a1,s6,0x3
    800023a8:	fa4ff06f          	j	80001b4c <WikiSort+0x310>
    800023ac:	00379613          	slli	a2,a5,0x3
    800023b0:	00090593          	mv	a1,s2
    800023b4:	000d8513          	mv	a0,s11
    800023b8:	230010ef          	jal	800035e8 <memcpy>
    800023bc:	02013303          	ld	t1,32(sp)
    800023c0:	20000793          	li	a5,512
    800023c4:	00f13423          	sd	a5,8(sp)
    800023c8:	01b13023          	sd	s11,0(sp)
    800023cc:	000c0893          	mv	a7,s8
    800023d0:	00030793          	mv	a5,t1
    800023d4:	000b8813          	mv	a6,s7
    800023d8:	00048693          	mv	a3,s1
    800023dc:	00030713          	mv	a4,t1
    800023e0:	00000593          	li	a1,0
    800023e4:	00000613          	li	a2,0
    800023e8:	000d0513          	mv	a0,s10
    800023ec:	f60db823          	sd	zero,-144(s11)
    800023f0:	f60dbc23          	sd	zero,-136(s11)
    800023f4:	f29db823          	sd	s1,-208(s11)
    800023f8:	f26dbc23          	sd	t1,-200(s11)
    800023fc:	f46db023          	sd	t1,-192(s11)
    80002400:	f57db423          	sd	s7,-184(s11)
    80002404:	958ff0ef          	jal	8000155c <WikiMerge>
    80002408:	b39ff06f          	j	80001f40 <WikiSort+0x704>
    8000240c:	000a0713          	mv	a4,s4
    80002410:	00048a13          	mv	s4,s1
    80002414:	00070493          	mv	s1,a4
    80002418:	0a013703          	ld	a4,160(sp)
    8000241c:	20000693          	li	a3,512
    80002420:	00078a93          	mv	s5,a5
    80002424:	01813903          	ld	s2,24(sp)
    80002428:	02813783          	ld	a5,40(sp)
    8000242c:	56e6de63          	bge	a3,a4,800029a8 <WikiSort+0x116c>
    80002430:	02013703          	ld	a4,32(sp)
    80002434:	001a0b13          	addi	s6,s4,1
    80002438:	0ceb5463          	bge	s6,a4,80002500 <WikiSort+0xcc4>
    8000243c:	003a1993          	slli	s3,s4,0x3
    80002440:	01213c23          	sd	s2,24(sp)
    80002444:	0b813903          	ld	s2,184(sp)
    80002448:	013d09b3          	add	s3,s10,s3
    8000244c:	00000813          	li	a6,0
    80002450:	03413423          	sd	s4,40(sp)
    80002454:	00080413          	mv	s0,a6
    80002458:	00098a13          	mv	s4,s3
    8000245c:	02f13823          	sd	a5,48(sp)
    80002460:	000b0993          	mv	s3,s6
    80002464:	07513823          	sd	s5,112(sp)
    80002468:	00048b13          	mv	s6,s1
    8000246c:	00070493          	mv	s1,a4
    80002470:	004a6703          	lwu	a4,4(s4)
    80002474:	00ca6683          	lwu	a3,12(s4)
    80002478:	000a6503          	lwu	a0,0(s4)
    8000247c:	008a6583          	lwu	a1,8(s4)
    80002480:	02069693          	slli	a3,a3,0x20
    80002484:	02071713          	slli	a4,a4,0x20
    80002488:	00b6e5b3          	or	a1,a3,a1
    8000248c:	00a76533          	or	a0,a4,a0
    80002490:	000a0a93          	mv	s5,s4
    80002494:	008a0a13          	addi	s4,s4,8
    80002498:	000c00e7          	jalr	s8
    8000249c:	02051663          	bnez	a0,800024c8 <WikiSort+0xc8c>
    800024a0:	004ae683          	lwu	a3,4(s5)
    800024a4:	004a6703          	lwu	a4,4(s4)
    800024a8:	000ae583          	lwu	a1,0(s5)
    800024ac:	000a6503          	lwu	a0,0(s4)
    800024b0:	02069693          	slli	a3,a3,0x20
    800024b4:	02071713          	slli	a4,a4,0x20
    800024b8:	00b6e5b3          	or	a1,a3,a1
    800024bc:	00a76533          	or	a0,a4,a0
    800024c0:	000c00e7          	jalr	s8
    800024c4:	00050863          	beqz	a0,800024d4 <WikiSort+0xc98>
    800024c8:	00140713          	addi	a4,s0,1
    800024cc:	52890663          	beq	s2,s0,800029f8 <WikiSort+0x11bc>
    800024d0:	00070413          	mv	s0,a4
    800024d4:	00198993          	addi	s3,s3,1
    800024d8:	f8999ce3          	bne	s3,s1,80002470 <WikiSort+0xc34>
    800024dc:	01813903          	ld	s2,24(sp)
    800024e0:	02813a03          	ld	s4,40(sp)
    800024e4:	03013783          	ld	a5,48(sp)
    800024e8:	07013a83          	ld	s5,112(sp)
    800024ec:	000b0493          	mv	s1,s6
    800024f0:	00040813          	mv	a6,s0
    800024f4:	00098b13          	mv	s6,s3
    800024f8:	0a013703          	ld	a4,160(sp)
    800024fc:	18e80863          	beq	a6,a4,8000268c <WikiSort+0xe50>
    80002500:	000a8693          	mv	a3,s5
    80002504:	0a013703          	ld	a4,160(sp)
    80002508:	ffeb8b13          	addi	s6,s7,-2
    8000250c:	54d70663          	beq	a4,a3,80002a58 <WikiSort+0x121c>
    80002510:	02013a03          	ld	s4,32(sp)
    80002514:	0b4b4063          	blt	s6,s4,800025b4 <WikiSort+0xd78>
    80002518:	003b1a93          	slli	s5,s6,0x3
    8000251c:	01213c23          	sd	s2,24(sp)
    80002520:	000b0913          	mv	s2,s6
    80002524:	00048b13          	mv	s6,s1
    80002528:	0b813483          	ld	s1,184(sp)
    8000252c:	015d0ab3          	add	s5,s10,s5
    80002530:	00100993          	li	s3,1
    80002534:	02f13423          	sd	a5,40(sp)
    80002538:	00cae683          	lwu	a3,12(s5)
    8000253c:	004ae703          	lwu	a4,4(s5)
    80002540:	008ae583          	lwu	a1,8(s5)
    80002544:	000ae503          	lwu	a0,0(s5)
    80002548:	02069693          	slli	a3,a3,0x20
    8000254c:	02071713          	slli	a4,a4,0x20
    80002550:	00b6e5b3          	or	a1,a3,a1
    80002554:	00a76533          	or	a0,a4,a0
    80002558:	008a8413          	addi	s0,s5,8
    8000255c:	000c00e7          	jalr	s8
    80002560:	02051663          	bnez	a0,8000258c <WikiSort+0xd50>
    80002564:	004ae683          	lwu	a3,4(s5)
    80002568:	00446703          	lwu	a4,4(s0)
    8000256c:	000ae583          	lwu	a1,0(s5)
    80002570:	008ae503          	lwu	a0,8(s5)
    80002574:	02069693          	slli	a3,a3,0x20
    80002578:	02071713          	slli	a4,a4,0x20
    8000257c:	00b6e5b3          	or	a1,a3,a1
    80002580:	00a76533          	or	a0,a4,a0
    80002584:	000c00e7          	jalr	s8
    80002588:	00050863          	beqz	a0,80002598 <WikiSort+0xd5c>
    8000258c:	00198713          	addi	a4,s3,1
    80002590:	01348a63          	beq	s1,s3,800025a4 <WikiSort+0xd68>
    80002594:	00070993          	mv	s3,a4
    80002598:	fff90913          	addi	s2,s2,-1
    8000259c:	ff8a8a93          	addi	s5,s5,-8
    800025a0:	f9495ce3          	bge	s2,s4,80002538 <WikiSort+0xcfc>
    800025a4:	000b0493          	mv	s1,s6
    800025a8:	02813783          	ld	a5,40(sp)
    800025ac:	00090b13          	mv	s6,s2
    800025b0:	01813903          	ld	s2,24(sp)
    800025b4:	02013403          	ld	s0,32(sp)
    800025b8:	fffb0813          	addi	a6,s6,-1
    800025bc:	1a884e63          	blt	a6,s0,80002778 <WikiSort+0xf3c>
    800025c0:	0b813a03          	ld	s4,184(sp)
    800025c4:	003b1713          	slli	a4,s6,0x3
    800025c8:	02913423          	sd	s1,40(sp)
    800025cc:	00ed09b3          	add	s3,s10,a4
    800025d0:	00000a93          	li	s5,0
    800025d4:	01213c23          	sd	s2,24(sp)
    800025d8:	00078b13          	mv	s6,a5
    800025dc:	00080493          	mv	s1,a6
    800025e0:	0049e683          	lwu	a3,4(s3)
    800025e4:	ffc9e703          	lwu	a4,-4(s3)
    800025e8:	0009e583          	lwu	a1,0(s3)
    800025ec:	ff89e503          	lwu	a0,-8(s3)
    800025f0:	02069693          	slli	a3,a3,0x20
    800025f4:	02071713          	slli	a4,a4,0x20
    800025f8:	00b6e5b3          	or	a1,a3,a1
    800025fc:	00a76533          	or	a0,a4,a0
    80002600:	00098913          	mv	s2,s3
    80002604:	ff898993          	addi	s3,s3,-8
    80002608:	000c00e7          	jalr	s8
    8000260c:	02051663          	bnez	a0,80002638 <WikiSort+0xdfc>
    80002610:	0049e683          	lwu	a3,4(s3)
    80002614:	00496703          	lwu	a4,4(s2)
    80002618:	0009e583          	lwu	a1,0(s3)
    8000261c:	00096503          	lwu	a0,0(s2)
    80002620:	02069693          	slli	a3,a3,0x20
    80002624:	02071713          	slli	a4,a4,0x20
    80002628:	00b6e5b3          	or	a1,a3,a1
    8000262c:	00a76533          	or	a0,a4,a0
    80002630:	000c00e7          	jalr	s8
    80002634:	00050863          	beqz	a0,80002644 <WikiSort+0xe08>
    80002638:	001a8713          	addi	a4,s5,1
    8000263c:	415a0263          	beq	s4,s5,80002a40 <WikiSort+0x1204>
    80002640:	00070a93          	mv	s5,a4
    80002644:	fff48493          	addi	s1,s1,-1
    80002648:	f884dce3          	bge	s1,s0,800025e0 <WikiSort+0xda4>
    8000264c:	00048813          	mv	a6,s1
    80002650:	01813903          	ld	s2,24(sp)
    80002654:	02813483          	ld	s1,40(sp)
    80002658:	000b0793          	mv	a5,s6
    8000265c:	0a013703          	ld	a4,160(sp)
    80002660:	10ea9c63          	bne	s5,a4,80002778 <WikiSort+0xf3c>
    80002664:	40eb86b3          	sub	a3,s7,a4
    80002668:	00070613          	mv	a2,a4
    8000266c:	00171713          	slli	a4,a4,0x1
    80002670:	01070733          	add	a4,a4,a6
    80002674:	0ee13423          	sd	a4,232(sp)
    80002678:	40c68733          	sub	a4,a3,a2
    8000267c:	02d13c23          	sd	a3,56(sp)
    80002680:	04e13023          	sd	a4,64(sp)
    80002684:	04d13823          	sd	a3,80(sp)
    80002688:	35c0006f          	j	800029e4 <WikiSort+0x11a8>
    8000268c:	00171793          	slli	a5,a4,0x1
    80002690:	01678eb3          	add	t4,a5,s6
    80002694:	00970733          	add	a4,a4,s1
    80002698:	009787b3          	add	a5,a5,s1
    8000269c:	08e13823          	sd	a4,144(sp)
    800026a0:	04f13823          	sd	a5,80(sp)
    800026a4:	04e13023          	sd	a4,64(sp)
    800026a8:	0f713423          	sd	s7,232(sp)
    800026ac:	000b8813          	mv	a6,s7
    800026b0:	000b0a13          	mv	s4,s6
    800026b4:	af9ff06f          	j	800021ac <WikiSort+0x970>
    800026b8:	02013703          	ld	a4,32(sp)
    800026bc:	ffeb8813          	addi	a6,s7,-2
    800026c0:	4ce84863          	blt	a6,a4,80002b90 <WikiSort+0x1354>
    800026c4:	00381a13          	slli	s4,a6,0x3
    800026c8:	0b813b03          	ld	s6,184(sp)
    800026cc:	02013983          	ld	s3,32(sp)
    800026d0:	014d0a33          	add	s4,s10,s4
    800026d4:	01213c23          	sd	s2,24(sp)
    800026d8:	00100a93          	li	s5,1
    800026dc:	000a0913          	mv	s2,s4
    800026e0:	02f13423          	sd	a5,40(sp)
    800026e4:	00048a13          	mv	s4,s1
    800026e8:	00080493          	mv	s1,a6
    800026ec:	00c96683          	lwu	a3,12(s2)
    800026f0:	00496703          	lwu	a4,4(s2)
    800026f4:	00896583          	lwu	a1,8(s2)
    800026f8:	00096503          	lwu	a0,0(s2)
    800026fc:	02069693          	slli	a3,a3,0x20
    80002700:	02071713          	slli	a4,a4,0x20
    80002704:	00b6e5b3          	or	a1,a3,a1
    80002708:	00a76533          	or	a0,a4,a0
    8000270c:	00890413          	addi	s0,s2,8
    80002710:	000c00e7          	jalr	s8
    80002714:	02051663          	bnez	a0,80002740 <WikiSort+0xf04>
    80002718:	00496683          	lwu	a3,4(s2)
    8000271c:	00446703          	lwu	a4,4(s0)
    80002720:	00096583          	lwu	a1,0(s2)
    80002724:	00896503          	lwu	a0,8(s2)
    80002728:	02069693          	slli	a3,a3,0x20
    8000272c:	02071713          	slli	a4,a4,0x20
    80002730:	00b6e5b3          	or	a1,a3,a1
    80002734:	00a76533          	or	a0,a4,a0
    80002738:	000c00e7          	jalr	s8
    8000273c:	00050863          	beqz	a0,8000274c <WikiSort+0xf10>
    80002740:	001a8713          	addi	a4,s5,1
    80002744:	275b0663          	beq	s6,s5,800029b0 <WikiSort+0x1174>
    80002748:	00070a93          	mv	s5,a4
    8000274c:	fff48493          	addi	s1,s1,-1
    80002750:	ff890913          	addi	s2,s2,-8
    80002754:	f934dce3          	bge	s1,s3,800026ec <WikiSort+0xeb0>
    80002758:	01813903          	ld	s2,24(sp)
    8000275c:	02813783          	ld	a5,40(sp)
    80002760:	00048813          	mv	a6,s1
    80002764:	000a0493          	mv	s1,s4
    80002768:	0a013703          	ld	a4,160(sp)
    8000276c:	26ea8063          	beq	s5,a4,800029cc <WikiSort+0x1190>
    80002770:	0a013703          	ld	a4,160(sp)
    80002774:	42ead663          	bge	s5,a4,80002ba0 <WikiSort+0x1364>
    80002778:	02013783          	ld	a5,32(sp)
    8000277c:	fd77d263          	bge	a5,s7,80001f40 <WikiSort+0x704>
    80002780:	02013403          	ld	s0,32(sp)
    80002784:	0080006f          	j	8000278c <WikiSort+0xf50>
    80002788:	fb745c63          	bge	s0,s7,80001f40 <WikiSort+0x704>
    8000278c:	00040613          	mv	a2,s0
    80002790:	00048593          	mv	a1,s1
    80002794:	000c0713          	mv	a4,s8
    80002798:	000b8693          	mv	a3,s7
    8000279c:	000d0513          	mv	a0,s10
    800027a0:	00040913          	mv	s2,s0
    800027a4:	f48db023          	sd	s0,-192(s11)
    800027a8:	f57db423          	sd	s7,-184(s11)
    800027ac:	819fe0ef          	jal	80000fc4 <BinaryFirst>
    800027b0:	00050413          	mv	s0,a0
    800027b4:	00048613          	mv	a2,s1
    800027b8:	00050693          	mv	a3,a0
    800027bc:	40a905b3          	sub	a1,s2,a0
    800027c0:	20000793          	li	a5,512
    800027c4:	000d8713          	mv	a4,s11
    800027c8:	000d0513          	mv	a0,s10
    800027cc:	f89db023          	sd	s1,-128(s11)
    800027d0:	412409b3          	sub	s3,s0,s2
    800027d4:	f88db423          	sd	s0,-120(s11)
    800027d8:	c01fe0ef          	jal	800013d8 <Rotate>
    800027dc:	00048613          	mv	a2,s1
    800027e0:	009985b3          	add	a1,s3,s1
    800027e4:	000c0713          	mv	a4,s8
    800027e8:	00090693          	mv	a3,s2
    800027ec:	000d0513          	mv	a0,s10
    800027f0:	f29db823          	sd	s1,-208(s11)
    800027f4:	f32dbc23          	sd	s2,-200(s11)
    800027f8:	8d9fe0ef          	jal	800010d0 <BinaryLast>
    800027fc:	00050493          	mv	s1,a0
    80002800:	f88544e3          	blt	a0,s0,80002788 <WikiSort+0xf4c>
    80002804:	f3cff06f          	j	80001f40 <WikiSort+0x704>
    80002808:	04013583          	ld	a1,64(sp)
    8000280c:	05013603          	ld	a2,80(sp)
    80002810:	000c0693          	mv	a3,s8
    80002814:	000d0513          	mv	a0,s10
    80002818:	03d13c23          	sd	t4,56(sp)
    8000281c:	03e13823          	sd	t5,48(sp)
    80002820:	03f13423          	sd	t6,40(sp)
    80002824:	02713023          	sd	t2,32(sp)
    80002828:	00613c23          	sd	t1,24(sp)
    8000282c:	eebdb823          	sd	a1,-272(s11)
    80002830:	eecdbc23          	sd	a2,-264(s11)
    80002834:	9a9fe0ef          	jal	800011dc <InsertionSort>
    80002838:	0e013783          	ld	a5,224(sp)
    8000283c:	02013383          	ld	t2,32(sp)
    80002840:	01813303          	ld	t1,24(sp)
    80002844:	02813f83          	ld	t6,40(sp)
    80002848:	03013f03          	ld	t5,48(sp)
    8000284c:	03813e83          	ld	t4,56(sp)
    80002850:	00078493          	mv	s1,a5
    80002854:	00038413          	mv	s0,t2
    80002858:	0677d663          	bge	a5,t2,800028c4 <WikiSort+0x1088>
    8000285c:	000f0a13          	mv	s4,t5
    80002860:	000e8a93          	mv	s5,t4
    80002864:	00030b13          	mv	s6,t1
    80002868:	00038c93          	mv	s9,t2
    8000286c:	000f8993          	mv	s3,t6
    80002870:	00349713          	slli	a4,s1,0x3
    80002874:	003c9793          	slli	a5,s9,0x3
    80002878:	00ed0733          	add	a4,s10,a4
    8000287c:	00fd07b3          	add	a5,s10,a5
    80002880:	0f998663          	beq	s3,s9,8000296c <WikiSort+0x1130>
    80002884:	00476603          	lwu	a2,4(a4)
    80002888:	0047e683          	lwu	a3,4(a5)
    8000288c:	00076583          	lwu	a1,0(a4)
    80002890:	0007e503          	lwu	a0,0(a5)
    80002894:	02061613          	slli	a2,a2,0x20
    80002898:	02069693          	slli	a3,a3,0x20
    8000289c:	00b665b3          	or	a1,a2,a1
    800028a0:	00a6e533          	or	a0,a3,a0
    800028a4:	000c00e7          	jalr	s8
    800028a8:	0c050263          	beqz	a0,8000296c <WikiSort+0x1130>
    800028ac:	001c8c93          	addi	s9,s9,1
    800028b0:	fc84c0e3          	blt	s1,s0,80002870 <WikiSort+0x1034>
    800028b4:	000a0f13          	mv	t5,s4
    800028b8:	000a8e93          	mv	t4,s5
    800028bc:	000b0313          	mv	t1,s6
    800028c0:	00098f93          	mv	t6,s3
    800028c4:	000f8413          	mv	s0,t6
    800028c8:	f46fd463          	bge	t6,t1,80002010 <WikiSort+0x7d4>
    800028cc:	0e013483          	ld	s1,224(sp)
    800028d0:	000f0993          	mv	s3,t5
    800028d4:	000e8a13          	mv	s4,t4
    800028d8:	00030b13          	mv	s6,t1
    800028dc:	000f8a93          	mv	s5,t6
    800028e0:	003a9713          	slli	a4,s5,0x3
    800028e4:	003b1793          	slli	a5,s6,0x3
    800028e8:	00ed0733          	add	a4,s10,a4
    800028ec:	00fd07b3          	add	a5,s10,a5
    800028f0:	05548063          	beq	s1,s5,80002930 <WikiSort+0x10f4>
    800028f4:	ffc76603          	lwu	a2,-4(a4)
    800028f8:	ffc7e683          	lwu	a3,-4(a5)
    800028fc:	ff876583          	lwu	a1,-8(a4)
    80002900:	ff87e503          	lwu	a0,-8(a5)
    80002904:	02061613          	slli	a2,a2,0x20
    80002908:	02069693          	slli	a3,a3,0x20
    8000290c:	00b665b3          	or	a1,a2,a1
    80002910:	00a6e533          	or	a0,a3,a0
    80002914:	000c00e7          	jalr	s8
    80002918:	00050c63          	beqz	a0,80002930 <WikiSort+0x10f4>
    8000291c:	fffa8a93          	addi	s5,s5,-1
    80002920:	fd6440e3          	blt	s0,s6,800028e0 <WikiSort+0x10a4>
    80002924:	00098f13          	mv	t5,s3
    80002928:	000a0e93          	mv	t4,s4
    8000292c:	ee4ff06f          	j	80002010 <WikiSort+0x7d4>
    80002930:	41540433          	sub	s0,s0,s5
    80002934:	00040593          	mv	a1,s0
    80002938:	00140413          	addi	s0,s0,1
    8000293c:	000b0693          	mv	a3,s6
    80002940:	ff6dbc23          	sd	s6,-8(s11)
    80002944:	20000793          	li	a5,512
    80002948:	000d8713          	mv	a4,s11
    8000294c:	000a8613          	mv	a2,s5
    80002950:	000d0513          	mv	a0,s10
    80002954:	408b0b33          	sub	s6,s6,s0
    80002958:	000a8413          	mv	s0,s5
    8000295c:	ff5db823          	sd	s5,-16(s11)
    80002960:	a79fe0ef          	jal	800013d8 <Rotate>
    80002964:	f7644ee3          	blt	s0,s6,800028e0 <WikiSort+0x10a4>
    80002968:	fbdff06f          	j	80002924 <WikiSort+0x10e8>
    8000296c:	419405b3          	sub	a1,s0,s9
    80002970:	408c8433          	sub	s0,s9,s0
    80002974:	00140413          	addi	s0,s0,1
    80002978:	00048613          	mv	a2,s1
    8000297c:	fe9db023          	sd	s1,-32(s11)
    80002980:	20000793          	li	a5,512
    80002984:	000d8713          	mv	a4,s11
    80002988:	000c8693          	mv	a3,s9
    8000298c:	000d0513          	mv	a0,s10
    80002990:	008484b3          	add	s1,s1,s0
    80002994:	000c8413          	mv	s0,s9
    80002998:	ff9db423          	sd	s9,-24(s11)
    8000299c:	a3dfe0ef          	jal	800013d8 <Rotate>
    800029a0:	ec84c8e3          	blt	s1,s0,80002870 <WikiSort+0x1034>
    800029a4:	f11ff06f          	j	800028b4 <WikiSort+0x1078>
    800029a8:	000a8693          	mv	a3,s5
    800029ac:	fd8ff06f          	j	80002184 <WikiSort+0x948>
    800029b0:	00070a93          	mv	s5,a4
    800029b4:	0a013703          	ld	a4,160(sp)
    800029b8:	00048813          	mv	a6,s1
    800029bc:	01813903          	ld	s2,24(sp)
    800029c0:	02813783          	ld	a5,40(sp)
    800029c4:	000a0493          	mv	s1,s4
    800029c8:	daea94e3          	bne	s5,a4,80002770 <WikiSort+0xf34>
    800029cc:	010706b3          	add	a3,a4,a6
    800029d0:	40eb8733          	sub	a4,s7,a4
    800029d4:	0ed13423          	sd	a3,232(sp)
    800029d8:	02e13c23          	sd	a4,56(sp)
    800029dc:	04913823          	sd	s1,80(sp)
    800029e0:	04913023          	sd	s1,64(sp)
    800029e4:	0a013703          	ld	a4,160(sp)
    800029e8:	0a913823          	sd	s1,176(sp)
    800029ec:	09713823          	sd	s7,144(sp)
    800029f0:	06e13c23          	sd	a4,120(sp)
    800029f4:	8a9ff06f          	j	8000229c <WikiSort+0xa60>
    800029f8:	000b0493          	mv	s1,s6
    800029fc:	01813903          	ld	s2,24(sp)
    80002a00:	02813a03          	ld	s4,40(sp)
    80002a04:	03013783          	ld	a5,48(sp)
    80002a08:	07013a83          	ld	s5,112(sp)
    80002a0c:	00098b13          	mv	s6,s3
    80002a10:	00070813          	mv	a6,a4
    80002a14:	ae5ff06f          	j	800024f8 <WikiSort+0xcbc>
    80002a18:	0a013683          	ld	a3,160(sp)
    80002a1c:	20000713          	li	a4,512
    80002a20:	16d74463          	blt	a4,a3,80002b88 <WikiSort+0x134c>
    80002a24:	00100713          	li	a4,1
    80002a28:	f6e68263          	beq	a3,a4,8000218c <WikiSort+0x950>
    80002a2c:	02013703          	ld	a4,32(sp)
    80002a30:	ffeb8813          	addi	a6,s7,-2
    80002a34:	00100a93          	li	s5,1
    80002a38:	c8e856e3          	bge	a6,a4,800026c4 <WikiSort+0xe88>
    80002a3c:	d35ff06f          	j	80002770 <WikiSort+0xf34>
    80002a40:	00048813          	mv	a6,s1
    80002a44:	01813903          	ld	s2,24(sp)
    80002a48:	02813483          	ld	s1,40(sp)
    80002a4c:	000b0793          	mv	a5,s6
    80002a50:	00070a93          	mv	s5,a4
    80002a54:	c09ff06f          	j	8000265c <WikiSort+0xe20>
    80002a58:	02013403          	ld	s0,32(sp)
    80002a5c:	d08b4ee3          	blt	s6,s0,80002778 <WikiSort+0xf3c>
    80002a60:	003b1993          	slli	s3,s6,0x3
    80002a64:	00100a93          	li	s5,1
    80002a68:	013d09b3          	add	s3,s10,s3
    80002a6c:	000a8913          	mv	s2,s5
    80002a70:	00c9e703          	lwu	a4,12(s3)
    80002a74:	0049e783          	lwu	a5,4(s3)
    80002a78:	0089e583          	lwu	a1,8(s3)
    80002a7c:	0009e503          	lwu	a0,0(s3)
    80002a80:	02071713          	slli	a4,a4,0x20
    80002a84:	02079793          	slli	a5,a5,0x20
    80002a88:	00b765b3          	or	a1,a4,a1
    80002a8c:	00a7e533          	or	a0,a5,a0
    80002a90:	00898a93          	addi	s5,s3,8
    80002a94:	000c00e7          	jalr	s8
    80002a98:	02051663          	bnez	a0,80002ac4 <WikiSort+0x1288>
    80002a9c:	0049e703          	lwu	a4,4(s3)
    80002aa0:	004ae783          	lwu	a5,4(s5)
    80002aa4:	0009e583          	lwu	a1,0(s3)
    80002aa8:	0089e503          	lwu	a0,8(s3)
    80002aac:	02071713          	slli	a4,a4,0x20
    80002ab0:	02079793          	slli	a5,a5,0x20
    80002ab4:	00b765b3          	or	a1,a4,a1
    80002ab8:	00a7e533          	or	a0,a5,a0
    80002abc:	000c00e7          	jalr	s8
    80002ac0:	00050a63          	beqz	a0,80002ad4 <WikiSort+0x1298>
    80002ac4:	0b813703          	ld	a4,184(sp)
    80002ac8:	00190793          	addi	a5,s2,1
    80002acc:	0d270663          	beq	a4,s2,80002b98 <WikiSort+0x135c>
    80002ad0:	00078913          	mv	s2,a5
    80002ad4:	fffb0b13          	addi	s6,s6,-1
    80002ad8:	ff898993          	addi	s3,s3,-8
    80002adc:	f88b5ae3          	bge	s6,s0,80002a70 <WikiSort+0x1234>
    80002ae0:	00090a93          	mv	s5,s2
    80002ae4:	0a013783          	ld	a5,160(sp)
    80002ae8:	c8fa9ce3          	bne	s5,a5,80002780 <WikiSort+0xf44>
    80002aec:	00978733          	add	a4,a5,s1
    80002af0:	01478eb3          	add	t4,a5,s4
    80002af4:	08e13823          	sd	a4,144(sp)
    80002af8:	01678733          	add	a4,a5,s6
    80002afc:	40fb87b3          	sub	a5,s7,a5
    80002b00:	0ee13423          	sd	a4,232(sp)
    80002b04:	04f13023          	sd	a5,64(sp)
    80002b08:	05713823          	sd	s7,80(sp)
    80002b0c:	000b0813          	mv	a6,s6
    80002b10:	e9cff06f          	j	800021ac <WikiSort+0x970>
    80002b14:	00001737          	lui	a4,0x1
    80002b18:	fffff7b7          	lui	a5,0xfffff
    80002b1c:	13070713          	addi	a4,a4,304 # 1130 <__stack_align+0x1120>
    80002b20:	00060693          	mv	a3,a2
    80002b24:	09813603          	ld	a2,152(sp)
    80002b28:	00f70733          	add	a4,a4,a5
    80002b2c:	0e010793          	addi	a5,sp,224
    80002b30:	00f707b3          	add	a5,a4,a5
    80002b34:	00f13c23          	sd	a5,24(sp)
    80002b38:	0007b023          	sd	zero,0(a5) # fffffffffffff000 <__heap_end+0xffffffff7ffd8000>
    80002b3c:	00c7b423          	sd	a2,8(a5)
    80002b40:	000012b7          	lui	t0,0x1
    80002b44:	00510133          	add	sp,sp,t0
    80002b48:	27813083          	ld	ra,632(sp)
    80002b4c:	27013403          	ld	s0,624(sp)
    80002b50:	26813483          	ld	s1,616(sp)
    80002b54:	26013903          	ld	s2,608(sp)
    80002b58:	25813983          	ld	s3,600(sp)
    80002b5c:	25013a03          	ld	s4,592(sp)
    80002b60:	24813a83          	ld	s5,584(sp)
    80002b64:	24013b03          	ld	s6,576(sp)
    80002b68:	23813b83          	ld	s7,568(sp)
    80002b6c:	23013c03          	ld	s8,560(sp)
    80002b70:	22813c83          	ld	s9,552(sp)
    80002b74:	22013d03          	ld	s10,544(sp)
    80002b78:	21813d83          	ld	s11,536(sp)
    80002b7c:	00000593          	li	a1,0
    80002b80:	28010113          	addi	sp,sp,640
    80002b84:	e58fe06f          	j	800011dc <InsertionSort>
    80002b88:	ffeb8b13          	addi	s6,s7,-2
    80002b8c:	985ff06f          	j	80002510 <WikiSort+0xcd4>
    80002b90:	00100a93          	li	s5,1
    80002b94:	bd5ff06f          	j	80002768 <WikiSort+0xf2c>
    80002b98:	00078a93          	mv	s5,a5
    80002b9c:	f49ff06f          	j	80002ae4 <WikiSort+0x12a8>
    80002ba0:	010a8733          	add	a4,s5,a6
    80002ba4:	08e13823          	sd	a4,144(sp)
    80002ba8:	07513c23          	sd	s5,120(sp)
    80002bac:	0a913823          	sd	s1,176(sp)
    80002bb0:	03013c23          	sd	a6,56(sp)
    80002bb4:	04913023          	sd	s1,64(sp)
    80002bb8:	04913823          	sd	s1,80(sp)
    80002bbc:	ee0ff06f          	j	8000229c <WikiSort+0xa60>
    80002bc0:	03d13023          	sd	t4,32(sp)
    80002bc4:	01e13c23          	sd	t5,24(sp)
    80002bc8:	200000ef          	jal	80002dc8 <sqrt>
    80002bcc:	02013e83          	ld	t4,32(sp)
    80002bd0:	01813f03          	ld	t5,24(sp)
    80002bd4:	dcdfe06f          	j	800019a0 <WikiSort+0x164>

0000000080002bd8 <benchmark_body>:
    80002bd8:	00002797          	auipc	a5,0x2
    80002bdc:	01878793          	addi	a5,a5,24 # 80004bf0 <__func__.0+0x10>
    80002be0:	0007be03          	ld	t3,0(a5)
    80002be4:	0087b303          	ld	t1,8(a5)
    80002be8:	0107b883          	ld	a7,16(a5)
    80002bec:	0187b803          	ld	a6,24(a5)
    80002bf0:	0207b583          	ld	a1,32(a5)
    80002bf4:	0287b603          	ld	a2,40(a5)
    80002bf8:	0307b683          	ld	a3,48(a5)
    80002bfc:	0387b703          	ld	a4,56(a5)
    80002c00:	0407b783          	ld	a5,64(a5)
    80002c04:	f5010113          	addi	sp,sp,-176
    80002c08:	0a113423          	sd	ra,168(sp)
    80002c0c:	01c13423          	sd	t3,8(sp)
    80002c10:	00613823          	sd	t1,16(sp)
    80002c14:	01113c23          	sd	a7,24(sp)
    80002c18:	03013023          	sd	a6,32(sp)
    80002c1c:	02b13423          	sd	a1,40(sp)
    80002c20:	02c13823          	sd	a2,48(sp)
    80002c24:	02d13c23          	sd	a3,56(sp)
    80002c28:	04e13023          	sd	a4,64(sp)
    80002c2c:	04f13423          	sd	a5,72(sp)
    80002c30:	0ea05063          	blez	a0,80002d10 <benchmark_body+0x138>
    80002c34:	09213823          	sd	s2,144(sp)
    80002c38:	fff00913          	li	s2,-1
    80002c3c:	09413023          	sd	s4,128(sp)
    80002c40:	07513c23          	sd	s5,120(sp)
    80002c44:	07613823          	sd	s6,112(sp)
    80002c48:	07713423          	sd	s7,104(sp)
    80002c4c:	07813023          	sd	s8,96(sp)
    80002c50:	0a813023          	sd	s0,160(sp)
    80002c54:	08913c23          	sd	s1,152(sp)
    80002c58:	09313423          	sd	s3,136(sp)
    80002c5c:	05913c23          	sd	s9,88(sp)
    80002c60:	00050b93          	mv	s7,a0
    80002c64:	00000c13          	li	s8,0
    80002c68:	05010b13          	addi	s6,sp,80
    80002c6c:	02095913          	srli	s2,s2,0x20
    80002c70:	ffffea97          	auipc	s5,0xffffe
    80002c74:	148a8a93          	addi	s5,s5,328 # 80000db8 <TestCompare>
    80002c78:	00003a17          	auipc	s4,0x3
    80002c7c:	e78a0a13          	addi	s4,s4,-392 # 80005af0 <array1>
    80002c80:	00000513          	li	a0,0
    80002c84:	f61fd0ef          	jal	80000be4 <srand_beebs>
    80002c88:	00810993          	addi	s3,sp,8
    80002c8c:	0009b483          	ld	s1,0(s3)
    80002c90:	00003c97          	auipc	s9,0x3
    80002c94:	e60c8c93          	addi	s9,s9,-416 # 80005af0 <array1>
    80002c98:	00000413          	li	s0,0
    80002c9c:	00040513          	mv	a0,s0
    80002ca0:	19000593          	li	a1,400
    80002ca4:	000480e7          	jalr	s1
    80002ca8:	02041793          	slli	a5,s0,0x20
    80002cac:	01257533          	and	a0,a0,s2
    80002cb0:	00f56533          	or	a0,a0,a5
    80002cb4:	00acb023          	sd	a0,0(s9)
    80002cb8:	00140413          	addi	s0,s0,1
    80002cbc:	19000793          	li	a5,400
    80002cc0:	008c8c93          	addi	s9,s9,8
    80002cc4:	fcf41ce3          	bne	s0,a5,80002c9c <benchmark_body+0xc4>
    80002cc8:	000a8613          	mv	a2,s5
    80002ccc:	19000593          	li	a1,400
    80002cd0:	000a0513          	mv	a0,s4
    80002cd4:	00898993          	addi	s3,s3,8
    80002cd8:	b65fe0ef          	jal	8000183c <WikiSort>
    80002cdc:	fb6998e3          	bne	s3,s6,80002c8c <benchmark_body+0xb4>
    80002ce0:	001c0c1b          	addiw	s8,s8,1
    80002ce4:	f98b9ee3          	bne	s7,s8,80002c80 <benchmark_body+0xa8>
    80002ce8:	0a013403          	ld	s0,160(sp)
    80002cec:	09813483          	ld	s1,152(sp)
    80002cf0:	09013903          	ld	s2,144(sp)
    80002cf4:	08813983          	ld	s3,136(sp)
    80002cf8:	08013a03          	ld	s4,128(sp)
    80002cfc:	07813a83          	ld	s5,120(sp)
    80002d00:	07013b03          	ld	s6,112(sp)
    80002d04:	06813b83          	ld	s7,104(sp)
    80002d08:	06013c03          	ld	s8,96(sp)
    80002d0c:	05813c83          	ld	s9,88(sp)
    80002d10:	0a813083          	ld	ra,168(sp)
    80002d14:	00000513          	li	a0,0
    80002d18:	0b010113          	addi	sp,sp,176
    80002d1c:	00008067          	ret

0000000080002d20 <verify_benchmark>:
    80002d20:	fffff7b7          	lui	a5,0xfffff
    80002d24:	000016b7          	lui	a3,0x1
    80002d28:	81010113          	addi	sp,sp,-2032
    80002d2c:	38078793          	addi	a5,a5,896 # fffffffffffff380 <__heap_end+0xffffffff7ffd8380>
    80002d30:	c8068693          	addi	a3,a3,-896 # c80 <__stack_align+0xc70>
    80002d34:	00f686b3          	add	a3,a3,a5
    80002d38:	7e113423          	sd	ra,2024(sp)
    80002d3c:	b6010113          	addi	sp,sp,-1184
    80002d40:	002687b3          	add	a5,a3,sp
    80002d44:	00002717          	auipc	a4,0x2
    80002d48:	ef470713          	addi	a4,a4,-268 # 80004c38 <__func__.0+0x58>
    80002d4c:	00003697          	auipc	a3,0x3
    80002d50:	b6c68693          	addi	a3,a3,-1172 # 800058b8 <__func__.0+0xcd8>
    80002d54:	00073803          	ld	a6,0(a4)
    80002d58:	00873503          	ld	a0,8(a4)
    80002d5c:	01073583          	ld	a1,16(a4)
    80002d60:	01873603          	ld	a2,24(a4)
    80002d64:	0107b023          	sd	a6,0(a5)
    80002d68:	00a7b423          	sd	a0,8(a5)
    80002d6c:	00b7b823          	sd	a1,16(a5)
    80002d70:	00c7bc23          	sd	a2,24(a5)
    80002d74:	02070713          	addi	a4,a4,32
    80002d78:	02078793          	addi	a5,a5,32
    80002d7c:	fcd71ce3          	bne	a4,a3,80002d54 <verify_benchmark+0x34>
    80002d80:	fffff5b7          	lui	a1,0xfffff
    80002d84:	00001637          	lui	a2,0x1
    80002d88:	38058593          	addi	a1,a1,896 # fffffffffffff380 <__heap_end+0xffffffff7ffd8380>
    80002d8c:	c8060613          	addi	a2,a2,-896 # c80 <__stack_align+0xc70>
    80002d90:	00b607b3          	add	a5,a2,a1
    80002d94:	002785b3          	add	a1,a5,sp
    80002d98:	00003517          	auipc	a0,0x3
    80002d9c:	d5850513          	addi	a0,a0,-680 # 80005af0 <array1>
    80002da0:	63e000ef          	jal	800033de <memcmp>
    80002da4:	4a010113          	addi	sp,sp,1184
    80002da8:	7e813083          	ld	ra,2024(sp)
    80002dac:	00153513          	seqz	a0,a0
    80002db0:	7f010113          	addi	sp,sp,2032
    80002db4:	00008067          	ret

0000000080002db8 <initialise_benchmark>:
    80002db8:	00008067          	ret

0000000080002dbc <warm_caches>:
    80002dbc:	e1dff06f          	j	80002bd8 <benchmark_body>

0000000080002dc0 <benchmark>:
    80002dc0:	00100513          	li	a0,1
    80002dc4:	e15ff06f          	j	80002bd8 <benchmark_body>

0000000080002dc8 <sqrt>:
    80002dc8:	1101                	addi	sp,sp,-32
    80002dca:	a422                	fsd	fs0,8(sp)
    80002dcc:	22a50453          	fmv.d	fs0,fa0
    80002dd0:	ec06                	sd	ra,24(sp)
    80002dd2:	a026                	fsd	fs1,0(sp)
    80002dd4:	02c000ef          	jal	80002e00 <__ieee754_sqrt>
    80002dd8:	a28427d3          	feq.d	a5,fs0,fs0
    80002ddc:	cf89                	beqz	a5,80002df6 <sqrt+0x2e>
    80002dde:	f20004d3          	fmv.d.x	fs1,zero
    80002de2:	a29417d3          	flt.d	a5,fs0,fs1
    80002de6:	cb81                	beqz	a5,80002df6 <sqrt+0x2e>
    80002de8:	7c0000ef          	jal	800035a8 <__errno>
    80002dec:	1a94f553          	fdiv.d	fa0,fs1,fs1
    80002df0:	02100793          	li	a5,33
    80002df4:	c11c                	sw	a5,0(a0)
    80002df6:	60e2                	ld	ra,24(sp)
    80002df8:	2422                	fld	fs0,8(sp)
    80002dfa:	2482                	fld	fs1,0(sp)
    80002dfc:	6105                	addi	sp,sp,32
    80002dfe:	8082                	ret

0000000080002e00 <__ieee754_sqrt>:
    80002e00:	5a057553          	fsqrt.d	fa0,fa0
    80002e04:	8082                	ret

0000000080002e06 <__assert_func>:
    80002e06:	1141                	addi	sp,sp,-16
    80002e08:	00003797          	auipc	a5,0x3
    80002e0c:	c307b783          	ld	a5,-976(a5) # 80005a38 <_impure_ptr>
    80002e10:	8832                	mv	a6,a2
    80002e12:	e406                	sd	ra,8(sp)
    80002e14:	88aa                	mv	a7,a0
    80002e16:	872e                	mv	a4,a1
    80002e18:	6f88                	ld	a0,24(a5)
    80002e1a:	8636                	mv	a2,a3
    80002e1c:	00002797          	auipc	a5,0x2
    80002e20:	d3c78793          	addi	a5,a5,-708 # 80004b58 <__tbss_end+0x128>
    80002e24:	00081763          	bnez	a6,80002e32 <__assert_func+0x2c>
    80002e28:	00002797          	auipc	a5,0x2
    80002e2c:	d9878793          	addi	a5,a5,-616 # 80004bc0 <__tbss_end+0x190>
    80002e30:	883e                	mv	a6,a5
    80002e32:	86c6                	mv	a3,a7
    80002e34:	00002597          	auipc	a1,0x2
    80002e38:	d3458593          	addi	a1,a1,-716 # 80004b68 <__tbss_end+0x138>
    80002e3c:	3fa000ef          	jal	80003236 <fiprintf>
    80002e40:	7be000ef          	jal	800035fe <abort>

0000000080002e44 <__assert>:
    80002e44:	1141                	addi	sp,sp,-16
    80002e46:	86b2                	mv	a3,a2
    80002e48:	4601                	li	a2,0
    80002e4a:	e406                	sd	ra,8(sp)
    80002e4c:	fbbff0ef          	jal	80002e06 <__assert_func>

0000000080002e50 <exit>:
    80002e50:	1141                	addi	sp,sp,-16
    80002e52:	e022                	sd	s0,0(sp)
    80002e54:	e406                	sd	ra,8(sp)
    80002e56:	00002797          	auipc	a5,0x2
    80002e5a:	b1278793          	addi	a5,a5,-1262 # 80004968 <__call_exitprocs>
    80002e5e:	842a                	mv	s0,a0
    80002e60:	c781                	beqz	a5,80002e68 <exit+0x18>
    80002e62:	4581                	li	a1,0
    80002e64:	305010ef          	jal	80004968 <__call_exitprocs>
    80002e68:	8801b783          	ld	a5,-1920(gp) # 80005ab8 <__stdio_exit_handler>
    80002e6c:	c391                	beqz	a5,80002e70 <exit+0x20>
    80002e6e:	9782                	jalr	a5
    80002e70:	8522                	mv	a0,s0
    80002e72:	099010ef          	jal	8000470a <_exit>

0000000080002e76 <malloc>:
    80002e76:	85aa                	mv	a1,a0
    80002e78:	00003517          	auipc	a0,0x3
    80002e7c:	bc053503          	ld	a0,-1088(a0) # 80005a38 <_impure_ptr>
    80002e80:	a0ad                	j	80002eea <_malloc_r>

0000000080002e82 <free>:
    80002e82:	85aa                	mv	a1,a0
    80002e84:	00003517          	auipc	a0,0x3
    80002e88:	bb453503          	ld	a0,-1100(a0) # 80005a38 <_impure_ptr>
    80002e8c:	7820006f          	j	8000360e <_free_r>

0000000080002e90 <sbrk_aligned>:
    80002e90:	1101                	addi	sp,sp,-32
    80002e92:	e04a                	sd	s2,0(sp)
    80002e94:	87018913          	addi	s2,gp,-1936 # 80005aa8 <__malloc_sbrk_start>
    80002e98:	00093783          	ld	a5,0(s2)
    80002e9c:	e822                	sd	s0,16(sp)
    80002e9e:	e426                	sd	s1,8(sp)
    80002ea0:	ec06                	sd	ra,24(sp)
    80002ea2:	84aa                	mv	s1,a0
    80002ea4:	842e                	mv	s0,a1
    80002ea6:	e791                	bnez	a5,80002eb2 <sbrk_aligned+0x22>
    80002ea8:	4581                	li	a1,0
    80002eaa:	6aa000ef          	jal	80003554 <_sbrk_r>
    80002eae:	00a93023          	sd	a0,0(s2)
    80002eb2:	85a2                	mv	a1,s0
    80002eb4:	8526                	mv	a0,s1
    80002eb6:	69e000ef          	jal	80003554 <_sbrk_r>
    80002eba:	597d                	li	s2,-1
    80002ebc:	01251a63          	bne	a0,s2,80002ed0 <sbrk_aligned+0x40>
    80002ec0:	547d                	li	s0,-1
    80002ec2:	60e2                	ld	ra,24(sp)
    80002ec4:	8522                	mv	a0,s0
    80002ec6:	6442                	ld	s0,16(sp)
    80002ec8:	64a2                	ld	s1,8(sp)
    80002eca:	6902                	ld	s2,0(sp)
    80002ecc:	6105                	addi	sp,sp,32
    80002ece:	8082                	ret
    80002ed0:	00750413          	addi	s0,a0,7
    80002ed4:	9861                	andi	s0,s0,-8
    80002ed6:	fe8506e3          	beq	a0,s0,80002ec2 <sbrk_aligned+0x32>
    80002eda:	40a405b3          	sub	a1,s0,a0
    80002ede:	8526                	mv	a0,s1
    80002ee0:	674000ef          	jal	80003554 <_sbrk_r>
    80002ee4:	fd251fe3          	bne	a0,s2,80002ec2 <sbrk_aligned+0x32>
    80002ee8:	bfe1                	j	80002ec0 <sbrk_aligned+0x30>

0000000080002eea <_malloc_r>:
    80002eea:	00758793          	addi	a5,a1,7
    80002eee:	7179                	addi	sp,sp,-48
    80002ef0:	9be1                	andi	a5,a5,-8
    80002ef2:	ec26                	sd	s1,24(sp)
    80002ef4:	e84a                	sd	s2,16(sp)
    80002ef6:	f406                	sd	ra,40(sp)
    80002ef8:	f022                	sd	s0,32(sp)
    80002efa:	e44e                	sd	s3,8(sp)
    80002efc:	e052                	sd	s4,0(sp)
    80002efe:	07a1                	addi	a5,a5,8
    80002f00:	4741                	li	a4,16
    80002f02:	892a                	mv	s2,a0
    80002f04:	44c1                	li	s1,16
    80002f06:	00e7e363          	bltu	a5,a4,80002f0c <_malloc_r+0x22>
    80002f0a:	84be                	mv	s1,a5
    80002f0c:	80000737          	lui	a4,0x80000
    80002f10:	fff74713          	not	a4,a4
    80002f14:	00f76463          	bltu	a4,a5,80002f1c <_malloc_r+0x32>
    80002f18:	00b4fe63          	bgeu	s1,a1,80002f34 <_malloc_r+0x4a>
    80002f1c:	47b1                	li	a5,12
    80002f1e:	00f92023          	sw	a5,0(s2)
    80002f22:	4501                	li	a0,0
    80002f24:	70a2                	ld	ra,40(sp)
    80002f26:	7402                	ld	s0,32(sp)
    80002f28:	64e2                	ld	s1,24(sp)
    80002f2a:	6942                	ld	s2,16(sp)
    80002f2c:	69a2                	ld	s3,8(sp)
    80002f2e:	6a02                	ld	s4,0(sp)
    80002f30:	6145                	addi	sp,sp,48
    80002f32:	8082                	ret
    80002f34:	854a                	mv	a0,s2
    80002f36:	0e4000ef          	jal	8000301a <__malloc_lock>
    80002f3a:	87818993          	addi	s3,gp,-1928 # 80005ab0 <__malloc_free_list>
    80002f3e:	0009b783          	ld	a5,0(s3)
    80002f42:	843e                	mv	s0,a5
    80002f44:	ec21                	bnez	s0,80002f9c <_malloc_r+0xb2>
    80002f46:	85a6                	mv	a1,s1
    80002f48:	854a                	mv	a0,s2
    80002f4a:	f47ff0ef          	jal	80002e90 <sbrk_aligned>
    80002f4e:	57fd                	li	a5,-1
    80002f50:	842a                	mv	s0,a0
    80002f52:	0af51f63          	bne	a0,a5,80003010 <_malloc_r+0x126>
    80002f56:	0009b403          	ld	s0,0(s3)
    80002f5a:	87a2                	mv	a5,s0
    80002f5c:	efd1                	bnez	a5,80002ff8 <_malloc_r+0x10e>
    80002f5e:	c055                	beqz	s0,80003002 <_malloc_r+0x118>
    80002f60:	00043a03          	ld	s4,0(s0)
    80002f64:	4581                	li	a1,0
    80002f66:	854a                	mv	a0,s2
    80002f68:	9a22                	add	s4,s4,s0
    80002f6a:	5ea000ef          	jal	80003554 <_sbrk_r>
    80002f6e:	08aa1a63          	bne	s4,a0,80003002 <_malloc_r+0x118>
    80002f72:	601c                	ld	a5,0(s0)
    80002f74:	854a                	mv	a0,s2
    80002f76:	8c9d                	sub	s1,s1,a5
    80002f78:	85a6                	mv	a1,s1
    80002f7a:	f17ff0ef          	jal	80002e90 <sbrk_aligned>
    80002f7e:	57fd                	li	a5,-1
    80002f80:	08f50163          	beq	a0,a5,80003002 <_malloc_r+0x118>
    80002f84:	601c                	ld	a5,0(s0)
    80002f86:	97a6                	add	a5,a5,s1
    80002f88:	e01c                	sd	a5,0(s0)
    80002f8a:	0009b783          	ld	a5,0(s3)
    80002f8e:	c3d9                	beqz	a5,80003014 <_malloc_r+0x12a>
    80002f90:	6798                	ld	a4,8(a5)
    80002f92:	06871663          	bne	a4,s0,80002ffe <_malloc_r+0x114>
    80002f96:	0007b423          	sd	zero,8(a5)
    80002f9a:	a015                	j	80002fbe <_malloc_r+0xd4>
    80002f9c:	6014                	ld	a3,0(s0)
    80002f9e:	9e85                	subw	a3,a3,s1
    80002fa0:	0406c963          	bltz	a3,80002ff2 <_malloc_r+0x108>
    80002fa4:	473d                	li	a4,15
    80002fa6:	02d75e63          	bge	a4,a3,80002fe2 <_malloc_r+0xf8>
    80002faa:	e004                	sd	s1,0(s0)
    80002fac:	00940733          	add	a4,s0,s1
    80002fb0:	02879763          	bne	a5,s0,80002fde <_malloc_r+0xf4>
    80002fb4:	00e9b023          	sd	a4,0(s3)
    80002fb8:	641c                	ld	a5,8(s0)
    80002fba:	e314                	sd	a3,0(a4)
    80002fbc:	e71c                	sd	a5,8(a4)
    80002fbe:	854a                	mv	a0,s2
    80002fc0:	05c000ef          	jal	8000301c <__malloc_unlock>
    80002fc4:	00f40513          	addi	a0,s0,15
    80002fc8:	00840793          	addi	a5,s0,8
    80002fcc:	9961                	andi	a0,a0,-8
    80002fce:	40f507bb          	subw	a5,a0,a5
    80002fd2:	dba9                	beqz	a5,80002f24 <_malloc_r+0x3a>
    80002fd4:	943e                	add	s0,s0,a5
    80002fd6:	40f007bb          	negw	a5,a5
    80002fda:	e01c                	sd	a5,0(s0)
    80002fdc:	b7a1                	j	80002f24 <_malloc_r+0x3a>
    80002fde:	e798                	sd	a4,8(a5)
    80002fe0:	bfe1                	j	80002fb8 <_malloc_r+0xce>
    80002fe2:	6418                	ld	a4,8(s0)
    80002fe4:	00879563          	bne	a5,s0,80002fee <_malloc_r+0x104>
    80002fe8:	00e9b023          	sd	a4,0(s3)
    80002fec:	bfc9                	j	80002fbe <_malloc_r+0xd4>
    80002fee:	e798                	sd	a4,8(a5)
    80002ff0:	b7f9                	j	80002fbe <_malloc_r+0xd4>
    80002ff2:	87a2                	mv	a5,s0
    80002ff4:	6400                	ld	s0,8(s0)
    80002ff6:	b7b9                	j	80002f44 <_malloc_r+0x5a>
    80002ff8:	843e                	mv	s0,a5
    80002ffa:	679c                	ld	a5,8(a5)
    80002ffc:	b785                	j	80002f5c <_malloc_r+0x72>
    80002ffe:	87ba                	mv	a5,a4
    80003000:	b779                	j	80002f8e <_malloc_r+0xa4>
    80003002:	47b1                	li	a5,12
    80003004:	00f92023          	sw	a5,0(s2)
    80003008:	854a                	mv	a0,s2
    8000300a:	012000ef          	jal	8000301c <__malloc_unlock>
    8000300e:	bf11                	j	80002f22 <_malloc_r+0x38>
    80003010:	e104                	sd	s1,0(a0)
    80003012:	b775                	j	80002fbe <_malloc_r+0xd4>
    80003014:	00003423          	sd	zero,8(zero) # 8 <__boot_hart+0x8>
    80003018:	9002                	ebreak

000000008000301a <__malloc_lock>:
    8000301a:	8082                	ret

000000008000301c <__malloc_unlock>:
    8000301c:	8082                	ret

000000008000301e <__fp_lock>:
    8000301e:	4501                	li	a0,0
    80003020:	8082                	ret

0000000080003022 <std>:
    80003022:	1141                	addi	sp,sp,-16
    80003024:	e022                	sd	s0,0(sp)
    80003026:	e406                	sd	ra,8(sp)
    80003028:	842a                	mv	s0,a0
    8000302a:	00b51823          	sh	a1,16(a0)
    8000302e:	00c51923          	sh	a2,18(a0)
    80003032:	00053023          	sd	zero,0(a0)
    80003036:	00053423          	sd	zero,8(a0)
    8000303a:	0a052623          	sw	zero,172(a0)
    8000303e:	00053c23          	sd	zero,24(a0)
    80003042:	02052023          	sw	zero,32(a0)
    80003046:	02052423          	sw	zero,40(a0)
    8000304a:	4621                	li	a2,8
    8000304c:	4581                	li	a1,0
    8000304e:	0a450513          	addi	a0,a0,164
    80003052:	586000ef          	jal	800035d8 <memset>
    80003056:	00000797          	auipc	a5,0x0
    8000305a:	2c478793          	addi	a5,a5,708 # 8000331a <__sread>
    8000305e:	e03c                	sd	a5,64(s0)
    80003060:	00000797          	auipc	a5,0x0
    80003064:	2f078793          	addi	a5,a5,752 # 80003350 <__swrite>
    80003068:	e43c                	sd	a5,72(s0)
    8000306a:	00000797          	auipc	a5,0x0
    8000306e:	33678793          	addi	a5,a5,822 # 800033a0 <__sseek>
    80003072:	e83c                	sd	a5,80(s0)
    80003074:	00000797          	auipc	a5,0x0
    80003078:	36478793          	addi	a5,a5,868 # 800033d8 <__sclose>
    8000307c:	60a2                	ld	ra,8(sp)
    8000307e:	fc00                	sd	s0,56(s0)
    80003080:	ec3c                	sd	a5,88(s0)
    80003082:	6402                	ld	s0,0(sp)
    80003084:	0141                	addi	sp,sp,16
    80003086:	8082                	ret

0000000080003088 <stdio_exit_handler>:
    80003088:	00003617          	auipc	a2,0x3
    8000308c:	90860613          	addi	a2,a2,-1784 # 80005990 <__sglue>
    80003090:	00001597          	auipc	a1,0x1
    80003094:	e2858593          	addi	a1,a1,-472 # 80003eb8 <_fflush_r>
    80003098:	00003517          	auipc	a0,0x3
    8000309c:	91050513          	addi	a0,a0,-1776 # 800059a8 <_impure_data>
    800030a0:	a2c1                	j	80003260 <_fwalk_sglue>

00000000800030a2 <cleanup_stdio>:
    800030a2:	650c                	ld	a1,8(a0)
    800030a4:	1141                	addi	sp,sp,-16
    800030a6:	e022                	sd	s0,0(sp)
    800030a8:	e406                	sd	ra,8(sp)
    800030aa:	53818793          	addi	a5,gp,1336 # 80006770 <__sf>
    800030ae:	842a                	mv	s0,a0
    800030b0:	00f58463          	beq	a1,a5,800030b8 <cleanup_stdio+0x16>
    800030b4:	605000ef          	jal	80003eb8 <_fflush_r>
    800030b8:	680c                	ld	a1,16(s0)
    800030ba:	5e818793          	addi	a5,gp,1512 # 80006820 <__sf+0xb0>
    800030be:	00f58563          	beq	a1,a5,800030c8 <cleanup_stdio+0x26>
    800030c2:	8522                	mv	a0,s0
    800030c4:	5f5000ef          	jal	80003eb8 <_fflush_r>
    800030c8:	6c0c                	ld	a1,24(s0)
    800030ca:	69818793          	addi	a5,gp,1688 # 800068d0 <__sf+0x160>
    800030ce:	00f58863          	beq	a1,a5,800030de <cleanup_stdio+0x3c>
    800030d2:	8522                	mv	a0,s0
    800030d4:	6402                	ld	s0,0(sp)
    800030d6:	60a2                	ld	ra,8(sp)
    800030d8:	0141                	addi	sp,sp,16
    800030da:	5df0006f          	j	80003eb8 <_fflush_r>
    800030de:	60a2                	ld	ra,8(sp)
    800030e0:	6402                	ld	s0,0(sp)
    800030e2:	0141                	addi	sp,sp,16
    800030e4:	8082                	ret

00000000800030e6 <global_stdio_init.part.0>:
    800030e6:	1141                	addi	sp,sp,-16
    800030e8:	00000797          	auipc	a5,0x0
    800030ec:	fa078793          	addi	a5,a5,-96 # 80003088 <stdio_exit_handler>
    800030f0:	4601                	li	a2,0
    800030f2:	4591                	li	a1,4
    800030f4:	53818513          	addi	a0,gp,1336 # 80006770 <__sf>
    800030f8:	e406                	sd	ra,8(sp)
    800030fa:	88f1b023          	sd	a5,-1920(gp) # 80005ab8 <__stdio_exit_handler>
    800030fe:	f25ff0ef          	jal	80003022 <std>
    80003102:	4605                	li	a2,1
    80003104:	45a5                	li	a1,9
    80003106:	5e818513          	addi	a0,gp,1512 # 80006820 <__sf+0xb0>
    8000310a:	f19ff0ef          	jal	80003022 <std>
    8000310e:	60a2                	ld	ra,8(sp)
    80003110:	4609                	li	a2,2
    80003112:	45c9                	li	a1,18
    80003114:	69818513          	addi	a0,gp,1688 # 800068d0 <__sf+0x160>
    80003118:	0141                	addi	sp,sp,16
    8000311a:	b721                	j	80003022 <std>

000000008000311c <__fp_unlock>:
    8000311c:	4501                	li	a0,0
    8000311e:	8082                	ret

0000000080003120 <__sfp>:
    80003120:	1101                	addi	sp,sp,-32
    80003122:	e04a                	sd	s2,0(sp)
    80003124:	ec06                	sd	ra,24(sp)
    80003126:	e822                	sd	s0,16(sp)
    80003128:	e426                	sd	s1,8(sp)
    8000312a:	8801b783          	ld	a5,-1920(gp) # 80005ab8 <__stdio_exit_handler>
    8000312e:	892a                	mv	s2,a0
    80003130:	e399                	bnez	a5,80003136 <__sfp+0x16>
    80003132:	fb5ff0ef          	jal	800030e6 <global_stdio_init.part.0>
    80003136:	00003497          	auipc	s1,0x3
    8000313a:	85a48493          	addi	s1,s1,-1958 # 80005990 <__sglue>
    8000313e:	6880                	ld	s0,16(s1)
    80003140:	449c                	lw	a5,8(s1)
    80003142:	37fd                	addiw	a5,a5,-1
    80003144:	0207d163          	bgez	a5,80003166 <__sfp+0x46>
    80003148:	609c                	ld	a5,0(s1)
    8000314a:	e7c1                	bnez	a5,800031d2 <__sfp+0xb2>
    8000314c:	2d800593          	li	a1,728
    80003150:	854a                	mv	a0,s2
    80003152:	d99ff0ef          	jal	80002eea <_malloc_r>
    80003156:	842a                	mv	s0,a0
    80003158:	e12d                	bnez	a0,800031ba <__sfp+0x9a>
    8000315a:	0004b023          	sd	zero,0(s1)
    8000315e:	47b1                	li	a5,12
    80003160:	00f92023          	sw	a5,0(s2)
    80003164:	a089                	j	800031a6 <__sfp+0x86>
    80003166:	01041703          	lh	a4,16(s0)
    8000316a:	e729                	bnez	a4,800031b4 <__sfp+0x94>
    8000316c:	77c1                	lui	a5,0xffff0
    8000316e:	0785                	addi	a5,a5,1 # ffffffffffff0001 <__heap_end+0xffffffff7ffc9001>
    80003170:	0a042623          	sw	zero,172(s0)
    80003174:	00043023          	sd	zero,0(s0)
    80003178:	00043423          	sd	zero,8(s0)
    8000317c:	c81c                	sw	a5,16(s0)
    8000317e:	00043c23          	sd	zero,24(s0)
    80003182:	02042023          	sw	zero,32(s0)
    80003186:	02042423          	sw	zero,40(s0)
    8000318a:	4621                	li	a2,8
    8000318c:	4581                	li	a1,0
    8000318e:	0a440513          	addi	a0,s0,164
    80003192:	446000ef          	jal	800035d8 <memset>
    80003196:	06043023          	sd	zero,96(s0)
    8000319a:	06042423          	sw	zero,104(s0)
    8000319e:	08043023          	sd	zero,128(s0)
    800031a2:	08042423          	sw	zero,136(s0)
    800031a6:	60e2                	ld	ra,24(sp)
    800031a8:	8522                	mv	a0,s0
    800031aa:	6442                	ld	s0,16(sp)
    800031ac:	64a2                	ld	s1,8(sp)
    800031ae:	6902                	ld	s2,0(sp)
    800031b0:	6105                	addi	sp,sp,32
    800031b2:	8082                	ret
    800031b4:	0b040413          	addi	s0,s0,176
    800031b8:	b769                	j	80003142 <__sfp+0x22>
    800031ba:	4791                	li	a5,4
    800031bc:	00053023          	sd	zero,0(a0)
    800031c0:	c51c                	sw	a5,8(a0)
    800031c2:	0561                	addi	a0,a0,24
    800031c4:	e808                	sd	a0,16(s0)
    800031c6:	2c000613          	li	a2,704
    800031ca:	4581                	li	a1,0
    800031cc:	40c000ef          	jal	800035d8 <memset>
    800031d0:	e080                	sd	s0,0(s1)
    800031d2:	6084                	ld	s1,0(s1)
    800031d4:	b7ad                	j	8000313e <__sfp+0x1e>

00000000800031d6 <__sinit>:
    800031d6:	613c                	ld	a5,64(a0)
    800031d8:	eb91                	bnez	a5,800031ec <__sinit+0x16>
    800031da:	00000797          	auipc	a5,0x0
    800031de:	ec878793          	addi	a5,a5,-312 # 800030a2 <cleanup_stdio>
    800031e2:	e13c                	sd	a5,64(a0)
    800031e4:	8801b783          	ld	a5,-1920(gp) # 80005ab8 <__stdio_exit_handler>
    800031e8:	e391                	bnez	a5,800031ec <__sinit+0x16>
    800031ea:	bdf5                	j	800030e6 <global_stdio_init.part.0>
    800031ec:	8082                	ret

00000000800031ee <__sfp_lock_acquire>:
    800031ee:	8082                	ret

00000000800031f0 <__sfp_lock_release>:
    800031f0:	8082                	ret

00000000800031f2 <__fp_lock_all>:
    800031f2:	00002617          	auipc	a2,0x2
    800031f6:	79e60613          	addi	a2,a2,1950 # 80005990 <__sglue>
    800031fa:	00000597          	auipc	a1,0x0
    800031fe:	e2458593          	addi	a1,a1,-476 # 8000301e <__fp_lock>
    80003202:	4501                	li	a0,0
    80003204:	a8b1                	j	80003260 <_fwalk_sglue>

0000000080003206 <__fp_unlock_all>:
    80003206:	00002617          	auipc	a2,0x2
    8000320a:	78a60613          	addi	a2,a2,1930 # 80005990 <__sglue>
    8000320e:	00000597          	auipc	a1,0x0
    80003212:	f0e58593          	addi	a1,a1,-242 # 8000311c <__fp_unlock>
    80003216:	4501                	li	a0,0
    80003218:	a0a1                	j	80003260 <_fwalk_sglue>

000000008000321a <_fiprintf_r>:
    8000321a:	715d                	addi	sp,sp,-80
    8000321c:	f436                	sd	a3,40(sp)
    8000321e:	1034                	addi	a3,sp,40
    80003220:	ec06                	sd	ra,24(sp)
    80003222:	f83a                	sd	a4,48(sp)
    80003224:	fc3e                	sd	a5,56(sp)
    80003226:	e0c2                	sd	a6,64(sp)
    80003228:	e4c6                	sd	a7,72(sp)
    8000322a:	e436                	sd	a3,8(sp)
    8000322c:	518000ef          	jal	80003744 <_vfiprintf_r>
    80003230:	60e2                	ld	ra,24(sp)
    80003232:	6161                	addi	sp,sp,80
    80003234:	8082                	ret

0000000080003236 <fiprintf>:
    80003236:	715d                	addi	sp,sp,-80
    80003238:	f032                	sd	a2,32(sp)
    8000323a:	f436                	sd	a3,40(sp)
    8000323c:	862e                	mv	a2,a1
    8000323e:	1014                	addi	a3,sp,32
    80003240:	85aa                	mv	a1,a0
    80003242:	00002517          	auipc	a0,0x2
    80003246:	7f653503          	ld	a0,2038(a0) # 80005a38 <_impure_ptr>
    8000324a:	ec06                	sd	ra,24(sp)
    8000324c:	f83a                	sd	a4,48(sp)
    8000324e:	fc3e                	sd	a5,56(sp)
    80003250:	e0c2                	sd	a6,64(sp)
    80003252:	e4c6                	sd	a7,72(sp)
    80003254:	e436                	sd	a3,8(sp)
    80003256:	4ee000ef          	jal	80003744 <_vfiprintf_r>
    8000325a:	60e2                	ld	ra,24(sp)
    8000325c:	6161                	addi	sp,sp,80
    8000325e:	8082                	ret

0000000080003260 <_fwalk_sglue>:
    80003260:	715d                	addi	sp,sp,-80
    80003262:	e0a2                	sd	s0,64(sp)
    80003264:	fc26                	sd	s1,56(sp)
    80003266:	f44e                	sd	s3,40(sp)
    80003268:	f052                	sd	s4,32(sp)
    8000326a:	e85a                	sd	s6,16(sp)
    8000326c:	e45e                	sd	s7,8(sp)
    8000326e:	e486                	sd	ra,72(sp)
    80003270:	f84a                	sd	s2,48(sp)
    80003272:	ec56                	sd	s5,24(sp)
    80003274:	89aa                	mv	s3,a0
    80003276:	8a2e                	mv	s4,a1
    80003278:	8432                	mv	s0,a2
    8000327a:	4481                	li	s1,0
    8000327c:	4b05                	li	s6,1
    8000327e:	5bfd                	li	s7,-1
    80003280:	01043903          	ld	s2,16(s0)
    80003284:	00842a83          	lw	s5,8(s0)
    80003288:	3afd                	addiw	s5,s5,-1
    8000328a:	020ad063          	bgez	s5,800032aa <_fwalk_sglue+0x4a>
    8000328e:	6000                	ld	s0,0(s0)
    80003290:	f865                	bnez	s0,80003280 <_fwalk_sglue+0x20>
    80003292:	60a6                	ld	ra,72(sp)
    80003294:	6406                	ld	s0,64(sp)
    80003296:	7942                	ld	s2,48(sp)
    80003298:	79a2                	ld	s3,40(sp)
    8000329a:	7a02                	ld	s4,32(sp)
    8000329c:	6ae2                	ld	s5,24(sp)
    8000329e:	6b42                	ld	s6,16(sp)
    800032a0:	6ba2                	ld	s7,8(sp)
    800032a2:	8526                	mv	a0,s1
    800032a4:	74e2                	ld	s1,56(sp)
    800032a6:	6161                	addi	sp,sp,80
    800032a8:	8082                	ret
    800032aa:	01095783          	lhu	a5,16(s2)
    800032ae:	00fb7b63          	bgeu	s6,a5,800032c4 <_fwalk_sglue+0x64>
    800032b2:	01291783          	lh	a5,18(s2)
    800032b6:	01778763          	beq	a5,s7,800032c4 <_fwalk_sglue+0x64>
    800032ba:	85ca                	mv	a1,s2
    800032bc:	854e                	mv	a0,s3
    800032be:	9a02                	jalr	s4
    800032c0:	8cc9                	or	s1,s1,a0
    800032c2:	2481                	sext.w	s1,s1
    800032c4:	0b090913          	addi	s2,s2,176
    800032c8:	b7c1                	j	80003288 <_fwalk_sglue+0x28>

00000000800032ca <_iprintf_r>:
    800032ca:	715d                	addi	sp,sp,-80
    800032cc:	f032                	sd	a2,32(sp)
    800032ce:	f436                	sd	a3,40(sp)
    800032d0:	f83a                	sd	a4,48(sp)
    800032d2:	fc3e                	sd	a5,56(sp)
    800032d4:	e0c2                	sd	a6,64(sp)
    800032d6:	e4c6                	sd	a7,72(sp)
    800032d8:	862e                	mv	a2,a1
    800032da:	690c                	ld	a1,16(a0)
    800032dc:	1014                	addi	a3,sp,32
    800032de:	ec06                	sd	ra,24(sp)
    800032e0:	e436                	sd	a3,8(sp)
    800032e2:	462000ef          	jal	80003744 <_vfiprintf_r>
    800032e6:	60e2                	ld	ra,24(sp)
    800032e8:	6161                	addi	sp,sp,80
    800032ea:	8082                	ret

00000000800032ec <iprintf>:
    800032ec:	711d                	addi	sp,sp,-96
    800032ee:	f832                	sd	a2,48(sp)
    800032f0:	fc36                	sd	a3,56(sp)
    800032f2:	e4be                	sd	a5,72(sp)
    800032f4:	f42e                	sd	a1,40(sp)
    800032f6:	e0ba                	sd	a4,64(sp)
    800032f8:	e8c2                	sd	a6,80(sp)
    800032fa:	ecc6                	sd	a7,88(sp)
    800032fc:	00002797          	auipc	a5,0x2
    80003300:	73c7b783          	ld	a5,1852(a5) # 80005a38 <_impure_ptr>
    80003304:	6b8c                	ld	a1,16(a5)
    80003306:	1034                	addi	a3,sp,40
    80003308:	862a                	mv	a2,a0
    8000330a:	853e                	mv	a0,a5
    8000330c:	ec06                	sd	ra,24(sp)
    8000330e:	e436                	sd	a3,8(sp)
    80003310:	434000ef          	jal	80003744 <_vfiprintf_r>
    80003314:	60e2                	ld	ra,24(sp)
    80003316:	6125                	addi	sp,sp,96
    80003318:	8082                	ret

000000008000331a <__sread>:
    8000331a:	1141                	addi	sp,sp,-16
    8000331c:	e022                	sd	s0,0(sp)
    8000331e:	842e                	mv	s0,a1
    80003320:	01259583          	lh	a1,18(a1)
    80003324:	e406                	sd	ra,8(sp)
    80003326:	202000ef          	jal	80003528 <_read_r>
    8000332a:	00054963          	bltz	a0,8000333c <__sread+0x22>
    8000332e:	6c5c                	ld	a5,152(s0)
    80003330:	97aa                	add	a5,a5,a0
    80003332:	ec5c                	sd	a5,152(s0)
    80003334:	60a2                	ld	ra,8(sp)
    80003336:	6402                	ld	s0,0(sp)
    80003338:	0141                	addi	sp,sp,16
    8000333a:	8082                	ret
    8000333c:	01045783          	lhu	a5,16(s0)
    80003340:	777d                	lui	a4,0xfffff
    80003342:	177d                	addi	a4,a4,-1 # ffffffffffffefff <__heap_end+0xffffffff7ffd7fff>
    80003344:	8ff9                	and	a5,a5,a4
    80003346:	00f41823          	sh	a5,16(s0)
    8000334a:	b7ed                	j	80003334 <__sread+0x1a>

000000008000334c <__seofread>:
    8000334c:	4501                	li	a0,0
    8000334e:	8082                	ret

0000000080003350 <__swrite>:
    80003350:	0105d783          	lhu	a5,16(a1)
    80003354:	7179                	addi	sp,sp,-48
    80003356:	f022                	sd	s0,32(sp)
    80003358:	ec26                	sd	s1,24(sp)
    8000335a:	e84a                	sd	s2,16(sp)
    8000335c:	e44e                	sd	s3,8(sp)
    8000335e:	f406                	sd	ra,40(sp)
    80003360:	1007f793          	andi	a5,a5,256
    80003364:	84aa                	mv	s1,a0
    80003366:	842e                	mv	s0,a1
    80003368:	8932                	mv	s2,a2
    8000336a:	89b6                	mv	s3,a3
    8000336c:	c799                	beqz	a5,8000337a <__swrite+0x2a>
    8000336e:	01259583          	lh	a1,18(a1)
    80003372:	4689                	li	a3,2
    80003374:	4601                	li	a2,0
    80003376:	186000ef          	jal	800034fc <_lseek_r>
    8000337a:	01045783          	lhu	a5,16(s0)
    8000337e:	777d                	lui	a4,0xfffff
    80003380:	177d                	addi	a4,a4,-1 # ffffffffffffefff <__heap_end+0xffffffff7ffd7fff>
    80003382:	8ff9                	and	a5,a5,a4
    80003384:	01241583          	lh	a1,18(s0)
    80003388:	00f41823          	sh	a5,16(s0)
    8000338c:	7402                	ld	s0,32(sp)
    8000338e:	70a2                	ld	ra,40(sp)
    80003390:	86ce                	mv	a3,s3
    80003392:	864a                	mv	a2,s2
    80003394:	69a2                	ld	s3,8(sp)
    80003396:	6942                	ld	s2,16(sp)
    80003398:	8526                	mv	a0,s1
    8000339a:	64e2                	ld	s1,24(sp)
    8000339c:	6145                	addi	sp,sp,48
    8000339e:	aaf9                	j	8000357c <_write_r>

00000000800033a0 <__sseek>:
    800033a0:	1141                	addi	sp,sp,-16
    800033a2:	e022                	sd	s0,0(sp)
    800033a4:	842e                	mv	s0,a1
    800033a6:	01259583          	lh	a1,18(a1)
    800033aa:	e406                	sd	ra,8(sp)
    800033ac:	150000ef          	jal	800034fc <_lseek_r>
    800033b0:	577d                	li	a4,-1
    800033b2:	01045783          	lhu	a5,16(s0)
    800033b6:	00e51b63          	bne	a0,a4,800033cc <__sseek+0x2c>
    800033ba:	777d                	lui	a4,0xfffff
    800033bc:	177d                	addi	a4,a4,-1 # ffffffffffffefff <__heap_end+0xffffffff7ffd7fff>
    800033be:	8ff9                	and	a5,a5,a4
    800033c0:	00f41823          	sh	a5,16(s0)
    800033c4:	60a2                	ld	ra,8(sp)
    800033c6:	6402                	ld	s0,0(sp)
    800033c8:	0141                	addi	sp,sp,16
    800033ca:	8082                	ret
    800033cc:	6705                	lui	a4,0x1
    800033ce:	8fd9                	or	a5,a5,a4
    800033d0:	00f41823          	sh	a5,16(s0)
    800033d4:	ec48                	sd	a0,152(s0)
    800033d6:	b7fd                	j	800033c4 <__sseek+0x24>

00000000800033d8 <__sclose>:
    800033d8:	01259583          	lh	a1,18(a1)
    800033dc:	a025                	j	80003404 <_close_r>

00000000800033de <memcmp>:
    800033de:	4701                	li	a4,0
    800033e0:	00e61463          	bne	a2,a4,800033e8 <memcmp+0xa>
    800033e4:	4501                	li	a0,0
    800033e6:	8082                	ret
    800033e8:	00e507b3          	add	a5,a0,a4
    800033ec:	0705                	addi	a4,a4,1 # 1001 <__stack_align+0xff1>
    800033ee:	00e586b3          	add	a3,a1,a4
    800033f2:	0007c783          	lbu	a5,0(a5)
    800033f6:	fff6c683          	lbu	a3,-1(a3)
    800033fa:	fed783e3          	beq	a5,a3,800033e0 <memcmp+0x2>
    800033fe:	40d7853b          	subw	a0,a5,a3
    80003402:	8082                	ret

0000000080003404 <_close_r>:
    80003404:	1141                	addi	sp,sp,-16
    80003406:	e022                	sd	s0,0(sp)
    80003408:	842a                	mv	s0,a0
    8000340a:	852e                	mv	a0,a1
    8000340c:	8801a423          	sw	zero,-1912(gp) # 80005ac0 <errno>
    80003410:	e406                	sd	ra,8(sp)
    80003412:	2e4010ef          	jal	800046f6 <_close>
    80003416:	57fd                	li	a5,-1
    80003418:	00f51663          	bne	a0,a5,80003424 <_close_r+0x20>
    8000341c:	8881a783          	lw	a5,-1912(gp) # 80005ac0 <errno>
    80003420:	c391                	beqz	a5,80003424 <_close_r+0x20>
    80003422:	c01c                	sw	a5,0(s0)
    80003424:	60a2                	ld	ra,8(sp)
    80003426:	6402                	ld	s0,0(sp)
    80003428:	0141                	addi	sp,sp,16
    8000342a:	8082                	ret

000000008000342c <_reclaim_reent>:
    8000342c:	00002797          	auipc	a5,0x2
    80003430:	60c7b783          	ld	a5,1548(a5) # 80005a38 <_impure_ptr>
    80003434:	0ca78363          	beq	a5,a0,800034fa <_reclaim_reent+0xce>
    80003438:	7d1c                	ld	a5,56(a0)
    8000343a:	7179                	addi	sp,sp,-48
    8000343c:	f022                	sd	s0,32(sp)
    8000343e:	f406                	sd	ra,40(sp)
    80003440:	ec26                	sd	s1,24(sp)
    80003442:	e84a                	sd	s2,16(sp)
    80003444:	e44e                	sd	s3,8(sp)
    80003446:	842a                	mv	s0,a0
    80003448:	cb8d                	beqz	a5,8000347a <_reclaim_reent+0x4e>
    8000344a:	6f9c                	ld	a5,24(a5)
    8000344c:	c38d                	beqz	a5,8000346e <_reclaim_reent+0x42>
    8000344e:	4481                	li	s1,0
    80003450:	20000913          	li	s2,512
    80003454:	7c1c                	ld	a5,56(s0)
    80003456:	6f9c                	ld	a5,24(a5)
    80003458:	97a6                	add	a5,a5,s1
    8000345a:	638c                	ld	a1,0(a5)
    8000345c:	e1c9                	bnez	a1,800034de <_reclaim_reent+0xb2>
    8000345e:	04a1                	addi	s1,s1,8
    80003460:	ff249ae3          	bne	s1,s2,80003454 <_reclaim_reent+0x28>
    80003464:	7c1c                	ld	a5,56(s0)
    80003466:	8522                	mv	a0,s0
    80003468:	6f8c                	ld	a1,24(a5)
    8000346a:	1a4000ef          	jal	8000360e <_free_r>
    8000346e:	7c1c                	ld	a5,56(s0)
    80003470:	638c                	ld	a1,0(a5)
    80003472:	c581                	beqz	a1,8000347a <_reclaim_reent+0x4e>
    80003474:	8522                	mv	a0,s0
    80003476:	198000ef          	jal	8000360e <_free_r>
    8000347a:	740c                	ld	a1,40(s0)
    8000347c:	c581                	beqz	a1,80003484 <_reclaim_reent+0x58>
    8000347e:	8522                	mv	a0,s0
    80003480:	18e000ef          	jal	8000360e <_free_r>
    80003484:	7c0c                	ld	a1,56(s0)
    80003486:	c581                	beqz	a1,8000348e <_reclaim_reent+0x62>
    80003488:	8522                	mv	a0,s0
    8000348a:	184000ef          	jal	8000360e <_free_r>
    8000348e:	6c2c                	ld	a1,88(s0)
    80003490:	c581                	beqz	a1,80003498 <_reclaim_reent+0x6c>
    80003492:	8522                	mv	a0,s0
    80003494:	17a000ef          	jal	8000360e <_free_r>
    80003498:	702c                	ld	a1,96(s0)
    8000349a:	c581                	beqz	a1,800034a2 <_reclaim_reent+0x76>
    8000349c:	8522                	mv	a0,s0
    8000349e:	170000ef          	jal	8000360e <_free_r>
    800034a2:	742c                	ld	a1,104(s0)
    800034a4:	c581                	beqz	a1,800034ac <_reclaim_reent+0x80>
    800034a6:	8522                	mv	a0,s0
    800034a8:	166000ef          	jal	8000360e <_free_r>
    800034ac:	644c                	ld	a1,136(s0)
    800034ae:	c581                	beqz	a1,800034b6 <_reclaim_reent+0x8a>
    800034b0:	8522                	mv	a0,s0
    800034b2:	15c000ef          	jal	8000360e <_free_r>
    800034b6:	604c                	ld	a1,128(s0)
    800034b8:	c581                	beqz	a1,800034c0 <_reclaim_reent+0x94>
    800034ba:	8522                	mv	a0,s0
    800034bc:	152000ef          	jal	8000360e <_free_r>
    800034c0:	682c                	ld	a1,80(s0)
    800034c2:	c581                	beqz	a1,800034ca <_reclaim_reent+0x9e>
    800034c4:	8522                	mv	a0,s0
    800034c6:	148000ef          	jal	8000360e <_free_r>
    800034ca:	603c                	ld	a5,64(s0)
    800034cc:	c385                	beqz	a5,800034ec <_reclaim_reent+0xc0>
    800034ce:	8522                	mv	a0,s0
    800034d0:	7402                	ld	s0,32(sp)
    800034d2:	70a2                	ld	ra,40(sp)
    800034d4:	64e2                	ld	s1,24(sp)
    800034d6:	6942                	ld	s2,16(sp)
    800034d8:	69a2                	ld	s3,8(sp)
    800034da:	6145                	addi	sp,sp,48
    800034dc:	8782                	jr	a5
    800034de:	0005b983          	ld	s3,0(a1)
    800034e2:	8522                	mv	a0,s0
    800034e4:	12a000ef          	jal	8000360e <_free_r>
    800034e8:	85ce                	mv	a1,s3
    800034ea:	bf8d                	j	8000345c <_reclaim_reent+0x30>
    800034ec:	70a2                	ld	ra,40(sp)
    800034ee:	7402                	ld	s0,32(sp)
    800034f0:	64e2                	ld	s1,24(sp)
    800034f2:	6942                	ld	s2,16(sp)
    800034f4:	69a2                	ld	s3,8(sp)
    800034f6:	6145                	addi	sp,sp,48
    800034f8:	8082                	ret
    800034fa:	8082                	ret

00000000800034fc <_lseek_r>:
    800034fc:	1141                	addi	sp,sp,-16
    800034fe:	e022                	sd	s0,0(sp)
    80003500:	842a                	mv	s0,a0
    80003502:	852e                	mv	a0,a1
    80003504:	85b2                	mv	a1,a2
    80003506:	8636                	mv	a2,a3
    80003508:	8801a423          	sw	zero,-1912(gp) # 80005ac0 <errno>
    8000350c:	e406                	sd	ra,8(sp)
    8000350e:	252010ef          	jal	80004760 <_lseek>
    80003512:	57fd                	li	a5,-1
    80003514:	00f51663          	bne	a0,a5,80003520 <_lseek_r+0x24>
    80003518:	8881a783          	lw	a5,-1912(gp) # 80005ac0 <errno>
    8000351c:	c391                	beqz	a5,80003520 <_lseek_r+0x24>
    8000351e:	c01c                	sw	a5,0(s0)
    80003520:	60a2                	ld	ra,8(sp)
    80003522:	6402                	ld	s0,0(sp)
    80003524:	0141                	addi	sp,sp,16
    80003526:	8082                	ret

0000000080003528 <_read_r>:
    80003528:	1141                	addi	sp,sp,-16
    8000352a:	e022                	sd	s0,0(sp)
    8000352c:	842a                	mv	s0,a0
    8000352e:	852e                	mv	a0,a1
    80003530:	85b2                	mv	a1,a2
    80003532:	8636                	mv	a2,a3
    80003534:	8801a423          	sw	zero,-1912(gp) # 80005ac0 <errno>
    80003538:	e406                	sd	ra,8(sp)
    8000353a:	23a010ef          	jal	80004774 <_read>
    8000353e:	57fd                	li	a5,-1
    80003540:	00f51663          	bne	a0,a5,8000354c <_read_r+0x24>
    80003544:	8881a783          	lw	a5,-1912(gp) # 80005ac0 <errno>
    80003548:	c391                	beqz	a5,8000354c <_read_r+0x24>
    8000354a:	c01c                	sw	a5,0(s0)
    8000354c:	60a2                	ld	ra,8(sp)
    8000354e:	6402                	ld	s0,0(sp)
    80003550:	0141                	addi	sp,sp,16
    80003552:	8082                	ret

0000000080003554 <_sbrk_r>:
    80003554:	1141                	addi	sp,sp,-16
    80003556:	e022                	sd	s0,0(sp)
    80003558:	842a                	mv	s0,a0
    8000355a:	852e                	mv	a0,a1
    8000355c:	8801a423          	sw	zero,-1912(gp) # 80005ac0 <errno>
    80003560:	e406                	sd	ra,8(sp)
    80003562:	228010ef          	jal	8000478a <_sbrk>
    80003566:	57fd                	li	a5,-1
    80003568:	00f51663          	bne	a0,a5,80003574 <_sbrk_r+0x20>
    8000356c:	8881a783          	lw	a5,-1912(gp) # 80005ac0 <errno>
    80003570:	c391                	beqz	a5,80003574 <_sbrk_r+0x20>
    80003572:	c01c                	sw	a5,0(s0)
    80003574:	60a2                	ld	ra,8(sp)
    80003576:	6402                	ld	s0,0(sp)
    80003578:	0141                	addi	sp,sp,16
    8000357a:	8082                	ret

000000008000357c <_write_r>:
    8000357c:	1141                	addi	sp,sp,-16
    8000357e:	e022                	sd	s0,0(sp)
    80003580:	842a                	mv	s0,a0
    80003582:	852e                	mv	a0,a1
    80003584:	85b2                	mv	a1,a2
    80003586:	8636                	mv	a2,a3
    80003588:	8801a423          	sw	zero,-1912(gp) # 80005ac0 <errno>
    8000358c:	e406                	sd	ra,8(sp)
    8000358e:	23c010ef          	jal	800047ca <_write>
    80003592:	57fd                	li	a5,-1
    80003594:	00f51663          	bne	a0,a5,800035a0 <_write_r+0x24>
    80003598:	8881a783          	lw	a5,-1912(gp) # 80005ac0 <errno>
    8000359c:	c391                	beqz	a5,800035a0 <_write_r+0x24>
    8000359e:	c01c                	sw	a5,0(s0)
    800035a0:	60a2                	ld	ra,8(sp)
    800035a2:	6402                	ld	s0,0(sp)
    800035a4:	0141                	addi	sp,sp,16
    800035a6:	8082                	ret

00000000800035a8 <__errno>:
    800035a8:	00002517          	auipc	a0,0x2
    800035ac:	49053503          	ld	a0,1168(a0) # 80005a38 <_impure_ptr>
    800035b0:	8082                	ret

00000000800035b2 <memmove>:
    800035b2:	c215                	beqz	a2,800035d6 <memmove+0x24>
    800035b4:	832a                	mv	t1,a0
    800035b6:	4685                	li	a3,1
    800035b8:	00b56763          	bltu	a0,a1,800035c6 <memmove+0x14>
    800035bc:	56fd                	li	a3,-1
    800035be:	fff60713          	addi	a4,a2,-1
    800035c2:	933a                	add	t1,t1,a4
    800035c4:	95ba                	add	a1,a1,a4
    800035c6:	00058383          	lb	t2,0(a1)
    800035ca:	00730023          	sb	t2,0(t1)
    800035ce:	167d                	addi	a2,a2,-1
    800035d0:	9336                	add	t1,t1,a3
    800035d2:	95b6                	add	a1,a1,a3
    800035d4:	fa6d                	bnez	a2,800035c6 <memmove+0x14>
    800035d6:	8082                	ret

00000000800035d8 <memset>:
    800035d8:	832a                	mv	t1,a0
    800035da:	c611                	beqz	a2,800035e6 <memset+0xe>
    800035dc:	00b30023          	sb	a1,0(t1)
    800035e0:	167d                	addi	a2,a2,-1
    800035e2:	0305                	addi	t1,t1,1
    800035e4:	fe65                	bnez	a2,800035dc <memset+0x4>
    800035e6:	8082                	ret

00000000800035e8 <memcpy>:
    800035e8:	832a                	mv	t1,a0
    800035ea:	ca09                	beqz	a2,800035fc <memcpy+0x14>
    800035ec:	00058383          	lb	t2,0(a1)
    800035f0:	00730023          	sb	t2,0(t1)
    800035f4:	167d                	addi	a2,a2,-1
    800035f6:	0305                	addi	t1,t1,1
    800035f8:	0585                	addi	a1,a1,1
    800035fa:	fa6d                	bnez	a2,800035ec <memcpy+0x4>
    800035fc:	8082                	ret

00000000800035fe <abort>:
    800035fe:	1141                	addi	sp,sp,-16
    80003600:	4519                	li	a0,6
    80003602:	e406                	sd	ra,8(sp)
    80003604:	6b3000ef          	jal	800044b6 <raise>
    80003608:	4505                	li	a0,1
    8000360a:	100010ef          	jal	8000470a <_exit>

000000008000360e <_free_r>:
    8000360e:	c1c5                	beqz	a1,800036ae <_free_r+0xa0>
    80003610:	ff85b783          	ld	a5,-8(a1)
    80003614:	1101                	addi	sp,sp,-32
    80003616:	e822                	sd	s0,16(sp)
    80003618:	ec06                	sd	ra,24(sp)
    8000361a:	ff858413          	addi	s0,a1,-8
    8000361e:	0007d363          	bgez	a5,80003624 <_free_r+0x16>
    80003622:	943e                	add	s0,s0,a5
    80003624:	e42a                	sd	a0,8(sp)
    80003626:	9f5ff0ef          	jal	8000301a <__malloc_lock>
    8000362a:	87818713          	addi	a4,gp,-1928 # 80005ab0 <__malloc_free_list>
    8000362e:	631c                	ld	a5,0(a4)
    80003630:	6522                	ld	a0,8(sp)
    80003632:	eb89                	bnez	a5,80003644 <_free_r+0x36>
    80003634:	00043423          	sd	zero,8(s0)
    80003638:	e300                	sd	s0,0(a4)
    8000363a:	6442                	ld	s0,16(sp)
    8000363c:	60e2                	ld	ra,24(sp)
    8000363e:	6105                	addi	sp,sp,32
    80003640:	9ddff06f          	j	8000301c <__malloc_unlock>
    80003644:	00f47d63          	bgeu	s0,a5,8000365e <_free_r+0x50>
    80003648:	6010                	ld	a2,0(s0)
    8000364a:	00c406b3          	add	a3,s0,a2
    8000364e:	00d79663          	bne	a5,a3,8000365a <_free_r+0x4c>
    80003652:	6394                	ld	a3,0(a5)
    80003654:	679c                	ld	a5,8(a5)
    80003656:	96b2                	add	a3,a3,a2
    80003658:	e014                	sd	a3,0(s0)
    8000365a:	e41c                	sd	a5,8(s0)
    8000365c:	bff1                	j	80003638 <_free_r+0x2a>
    8000365e:	873e                	mv	a4,a5
    80003660:	679c                	ld	a5,8(a5)
    80003662:	c399                	beqz	a5,80003668 <_free_r+0x5a>
    80003664:	fef47de3          	bgeu	s0,a5,8000365e <_free_r+0x50>
    80003668:	6314                	ld	a3,0(a4)
    8000366a:	00d70633          	add	a2,a4,a3
    8000366e:	00861f63          	bne	a2,s0,8000368c <_free_r+0x7e>
    80003672:	6010                	ld	a2,0(s0)
    80003674:	96b2                	add	a3,a3,a2
    80003676:	e314                	sd	a3,0(a4)
    80003678:	00d70633          	add	a2,a4,a3
    8000367c:	fac79fe3          	bne	a5,a2,8000363a <_free_r+0x2c>
    80003680:	6390                	ld	a2,0(a5)
    80003682:	679c                	ld	a5,8(a5)
    80003684:	96b2                	add	a3,a3,a2
    80003686:	e314                	sd	a3,0(a4)
    80003688:	e71c                	sd	a5,8(a4)
    8000368a:	bf45                	j	8000363a <_free_r+0x2c>
    8000368c:	00c47563          	bgeu	s0,a2,80003696 <_free_r+0x88>
    80003690:	47b1                	li	a5,12
    80003692:	c11c                	sw	a5,0(a0)
    80003694:	b75d                	j	8000363a <_free_r+0x2c>
    80003696:	6010                	ld	a2,0(s0)
    80003698:	00c406b3          	add	a3,s0,a2
    8000369c:	00d79663          	bne	a5,a3,800036a8 <_free_r+0x9a>
    800036a0:	6394                	ld	a3,0(a5)
    800036a2:	679c                	ld	a5,8(a5)
    800036a4:	96b2                	add	a3,a3,a2
    800036a6:	e014                	sd	a3,0(s0)
    800036a8:	e41c                	sd	a5,8(s0)
    800036aa:	e700                	sd	s0,8(a4)
    800036ac:	b779                	j	8000363a <_free_r+0x2c>
    800036ae:	8082                	ret

00000000800036b0 <__sfputc_r>:
    800036b0:	465c                	lw	a5,12(a2)
    800036b2:	fff7871b          	addiw	a4,a5,-1
    800036b6:	c658                	sw	a4,12(a2)
    800036b8:	00075a63          	bgez	a4,800036cc <__sfputc_r+0x1c>
    800036bc:	561c                	lw	a5,40(a2)
    800036be:	00f74563          	blt	a4,a5,800036c8 <__sfputc_r+0x18>
    800036c2:	47a9                	li	a5,10
    800036c4:	00f59463          	bne	a1,a5,800036cc <__sfputc_r+0x1c>
    800036c8:	3290006f          	j	800041f0 <__swbuf_r>
    800036cc:	621c                	ld	a5,0(a2)
    800036ce:	852e                	mv	a0,a1
    800036d0:	00178713          	addi	a4,a5,1
    800036d4:	e218                	sd	a4,0(a2)
    800036d6:	00b78023          	sb	a1,0(a5)
    800036da:	8082                	ret

00000000800036dc <__sfputs_r>:
    800036dc:	7179                	addi	sp,sp,-48
    800036de:	f022                	sd	s0,32(sp)
    800036e0:	ec26                	sd	s1,24(sp)
    800036e2:	e84a                	sd	s2,16(sp)
    800036e4:	e44e                	sd	s3,8(sp)
    800036e6:	e052                	sd	s4,0(sp)
    800036e8:	f406                	sd	ra,40(sp)
    800036ea:	892a                	mv	s2,a0
    800036ec:	89ae                	mv	s3,a1
    800036ee:	8432                	mv	s0,a2
    800036f0:	00d604b3          	add	s1,a2,a3
    800036f4:	5a7d                	li	s4,-1
    800036f6:	00941463          	bne	s0,s1,800036fe <__sfputs_r+0x22>
    800036fa:	4501                	li	a0,0
    800036fc:	a811                	j	80003710 <__sfputs_r+0x34>
    800036fe:	00044583          	lbu	a1,0(s0)
    80003702:	864e                	mv	a2,s3
    80003704:	854a                	mv	a0,s2
    80003706:	fabff0ef          	jal	800036b0 <__sfputc_r>
    8000370a:	0405                	addi	s0,s0,1
    8000370c:	ff4515e3          	bne	a0,s4,800036f6 <__sfputs_r+0x1a>
    80003710:	70a2                	ld	ra,40(sp)
    80003712:	7402                	ld	s0,32(sp)
    80003714:	64e2                	ld	s1,24(sp)
    80003716:	6942                	ld	s2,16(sp)
    80003718:	69a2                	ld	s3,8(sp)
    8000371a:	6a02                	ld	s4,0(sp)
    8000371c:	6145                	addi	sp,sp,48
    8000371e:	8082                	ret

0000000080003720 <__sprint_r>:
    80003720:	6a1c                	ld	a5,16(a2)
    80003722:	1141                	addi	sp,sp,-16
    80003724:	e022                	sd	s0,0(sp)
    80003726:	e406                	sd	ra,8(sp)
    80003728:	8432                	mv	s0,a2
    8000372a:	cb99                	beqz	a5,80003740 <__sprint_r+0x20>
    8000372c:	7ee000ef          	jal	80003f1a <__sfvwrite_r>
    80003730:	00043823          	sd	zero,16(s0)
    80003734:	60a2                	ld	ra,8(sp)
    80003736:	00042423          	sw	zero,8(s0)
    8000373a:	6402                	ld	s0,0(sp)
    8000373c:	0141                	addi	sp,sp,16
    8000373e:	8082                	ret
    80003740:	4501                	li	a0,0
    80003742:	bfcd                	j	80003734 <__sprint_r+0x14>

0000000080003744 <_vfiprintf_r>:
    80003744:	7155                	addi	sp,sp,-208
    80003746:	e1a2                	sd	s0,192(sp)
    80003748:	fd26                	sd	s1,184(sp)
    8000374a:	f94a                	sd	s2,176(sp)
    8000374c:	f54e                	sd	s3,168(sp)
    8000374e:	f152                	sd	s4,160(sp)
    80003750:	e586                	sd	ra,200(sp)
    80003752:	ed56                	sd	s5,152(sp)
    80003754:	e95a                	sd	s6,144(sp)
    80003756:	e55e                	sd	s7,136(sp)
    80003758:	e162                	sd	s8,128(sp)
    8000375a:	fce6                	sd	s9,120(sp)
    8000375c:	f8ea                	sd	s10,112(sp)
    8000375e:	8a2a                	mv	s4,a0
    80003760:	892e                	mv	s2,a1
    80003762:	84b2                	mv	s1,a2
    80003764:	8436                	mv	s0,a3
    80003766:	4981                	li	s3,0
    80003768:	c509                	beqz	a0,80003772 <_vfiprintf_r+0x2e>
    8000376a:	613c                	ld	a5,64(a0)
    8000376c:	e399                	bnez	a5,80003772 <_vfiprintf_r+0x2e>
    8000376e:	a69ff0ef          	jal	800031d6 <__sinit>
    80003772:	01095783          	lhu	a5,16(s2)
    80003776:	8ba1                	andi	a5,a5,8
    80003778:	cbe1                	beqz	a5,80003848 <_vfiprintf_r+0x104>
    8000377a:	01893783          	ld	a5,24(s2)
    8000377e:	c7e9                	beqz	a5,80003848 <_vfiprintf_r+0x104>
    80003780:	02000793          	li	a5,32
    80003784:	02f104a3          	sb	a5,41(sp)
    80003788:	5afd                	li	s5,-1
    8000378a:	03000793          	li	a5,48
    8000378e:	d202                	sw	zero,36(sp)
    80003790:	02f10523          	sb	a5,42(sp)
    80003794:	e422                	sd	s0,8(sp)
    80003796:	02500b93          	li	s7,37
    8000379a:	020a9c13          	slli	s8,s5,0x20
    8000379e:	00001b17          	auipc	s6,0x1
    800037a2:	3fab0b13          	addi	s6,s6,1018 # 80004b98 <__tbss_end+0x168>
    800037a6:	4c85                	li	s9,1
    800037a8:	8426                	mv	s0,s1
    800037aa:	00044783          	lbu	a5,0(s0)
    800037ae:	c399                	beqz	a5,800037b4 <_vfiprintf_r+0x70>
    800037b0:	0d779063          	bne	a5,s7,80003870 <_vfiprintf_r+0x12c>
    800037b4:	40940d3b          	subw	s10,s0,s1
    800037b8:	000d0e63          	beqz	s10,800037d4 <_vfiprintf_r+0x90>
    800037bc:	86ea                	mv	a3,s10
    800037be:	8626                	mv	a2,s1
    800037c0:	85ca                	mv	a1,s2
    800037c2:	8552                	mv	a0,s4
    800037c4:	f19ff0ef          	jal	800036dc <__sfputs_r>
    800037c8:	1d550963          	beq	a0,s5,8000399a <_vfiprintf_r+0x256>
    800037cc:	5792                	lw	a5,36(sp)
    800037ce:	01a787bb          	addw	a5,a5,s10
    800037d2:	d23e                	sw	a5,36(sp)
    800037d4:	00044783          	lbu	a5,0(s0)
    800037d8:	1c078163          	beqz	a5,8000399a <_vfiprintf_r+0x256>
    800037dc:	00140493          	addi	s1,s0,1
    800037e0:	e862                	sd	s8,16(sp)
    800037e2:	ec02                	sd	zero,24(sp)
    800037e4:	040109a3          	sb	zero,83(sp)
    800037e8:	d482                	sw	zero,104(sp)
    800037ea:	0004c583          	lbu	a1,0(s1)
    800037ee:	4615                	li	a2,5
    800037f0:	855a                	mv	a0,s6
    800037f2:	377000ef          	jal	80004368 <memchr>
    800037f6:	47c2                	lw	a5,16(sp)
    800037f8:	00148413          	addi	s0,s1,1
    800037fc:	ed25                	bnez	a0,80003874 <_vfiprintf_r+0x130>
    800037fe:	0107f713          	andi	a4,a5,16
    80003802:	c709                	beqz	a4,8000380c <_vfiprintf_r+0xc8>
    80003804:	02000713          	li	a4,32
    80003808:	04e109a3          	sb	a4,83(sp)
    8000380c:	0087f713          	andi	a4,a5,8
    80003810:	c709                	beqz	a4,8000381a <_vfiprintf_r+0xd6>
    80003812:	02b00713          	li	a4,43
    80003816:	04e109a3          	sb	a4,83(sp)
    8000381a:	0004c683          	lbu	a3,0(s1)
    8000381e:	02a00713          	li	a4,42
    80003822:	06e68163          	beq	a3,a4,80003884 <_vfiprintf_r+0x140>
    80003826:	47f2                	lw	a5,28(sp)
    80003828:	8426                	mv	s0,s1
    8000382a:	4681                	li	a3,0
    8000382c:	4625                	li	a2,9
    8000382e:	4829                	li	a6,10
    80003830:	00044703          	lbu	a4,0(s0)
    80003834:	00140513          	addi	a0,s0,1
    80003838:	fd07059b          	addiw	a1,a4,-48
    8000383c:	872e                	mv	a4,a1
    8000383e:	08b67a63          	bgeu	a2,a1,800038d2 <_vfiprintf_r+0x18e>
    80003842:	caa9                	beqz	a3,80003894 <_vfiprintf_r+0x150>
    80003844:	ce3e                	sw	a5,28(sp)
    80003846:	a0b9                	j	80003894 <_vfiprintf_r+0x150>
    80003848:	85ca                	mv	a1,s2
    8000384a:	8552                	mv	a0,s4
    8000384c:	24f000ef          	jal	8000429a <__swsetup_r>
    80003850:	d905                	beqz	a0,80003780 <_vfiprintf_r+0x3c>
    80003852:	557d                	li	a0,-1
    80003854:	60ae                	ld	ra,200(sp)
    80003856:	640e                	ld	s0,192(sp)
    80003858:	74ea                	ld	s1,184(sp)
    8000385a:	794a                	ld	s2,176(sp)
    8000385c:	79aa                	ld	s3,168(sp)
    8000385e:	7a0a                	ld	s4,160(sp)
    80003860:	6aea                	ld	s5,152(sp)
    80003862:	6b4a                	ld	s6,144(sp)
    80003864:	6baa                	ld	s7,136(sp)
    80003866:	6c0a                	ld	s8,128(sp)
    80003868:	7ce6                	ld	s9,120(sp)
    8000386a:	7d46                	ld	s10,112(sp)
    8000386c:	6169                	addi	sp,sp,208
    8000386e:	8082                	ret
    80003870:	0405                	addi	s0,s0,1
    80003872:	bf25                	j	800037aa <_vfiprintf_r+0x66>
    80003874:	41650533          	sub	a0,a0,s6
    80003878:	00ac953b          	sllw	a0,s9,a0
    8000387c:	8fc9                	or	a5,a5,a0
    8000387e:	c83e                	sw	a5,16(sp)
    80003880:	84a2                	mv	s1,s0
    80003882:	b7a5                	j	800037ea <_vfiprintf_r+0xa6>
    80003884:	6722                	ld	a4,8(sp)
    80003886:	00870693          	addi	a3,a4,8
    8000388a:	4318                	lw	a4,0(a4)
    8000388c:	e436                	sd	a3,8(sp)
    8000388e:	02074b63          	bltz	a4,800038c4 <_vfiprintf_r+0x180>
    80003892:	ce3a                	sw	a4,28(sp)
    80003894:	00044703          	lbu	a4,0(s0)
    80003898:	02e00793          	li	a5,46
    8000389c:	06f71163          	bne	a4,a5,800038fe <_vfiprintf_r+0x1ba>
    800038a0:	00144703          	lbu	a4,1(s0)
    800038a4:	02a00793          	li	a5,42
    800038a8:	02f71b63          	bne	a4,a5,800038de <_vfiprintf_r+0x19a>
    800038ac:	67a2                	ld	a5,8(sp)
    800038ae:	0409                	addi	s0,s0,2
    800038b0:	00878713          	addi	a4,a5,8
    800038b4:	e43a                	sd	a4,8(sp)
    800038b6:	4398                	lw	a4,0(a5)
    800038b8:	87ba                	mv	a5,a4
    800038ba:	00075363          	bgez	a4,800038c0 <_vfiprintf_r+0x17c>
    800038be:	57fd                	li	a5,-1
    800038c0:	ca3e                	sw	a5,20(sp)
    800038c2:	a835                	j	800038fe <_vfiprintf_r+0x1ba>
    800038c4:	40e0073b          	negw	a4,a4
    800038c8:	0027e793          	ori	a5,a5,2
    800038cc:	ce3a                	sw	a4,28(sp)
    800038ce:	c83e                	sw	a5,16(sp)
    800038d0:	b7d1                	j	80003894 <_vfiprintf_r+0x150>
    800038d2:	02f807bb          	mulw	a5,a6,a5
    800038d6:	842a                	mv	s0,a0
    800038d8:	4685                	li	a3,1
    800038da:	9fb9                	addw	a5,a5,a4
    800038dc:	bf91                	j	80003830 <_vfiprintf_r+0xec>
    800038de:	0405                	addi	s0,s0,1
    800038e0:	ca02                	sw	zero,20(sp)
    800038e2:	4681                	li	a3,0
    800038e4:	4781                	li	a5,0
    800038e6:	4625                	li	a2,9
    800038e8:	4829                	li	a6,10
    800038ea:	00044703          	lbu	a4,0(s0)
    800038ee:	00140513          	addi	a0,s0,1
    800038f2:	fd07059b          	addiw	a1,a4,-48
    800038f6:	872e                	mv	a4,a1
    800038f8:	06b67c63          	bgeu	a2,a1,80003970 <_vfiprintf_r+0x22c>
    800038fc:	f2f1                	bnez	a3,800038c0 <_vfiprintf_r+0x17c>
    800038fe:	00044583          	lbu	a1,0(s0)
    80003902:	460d                	li	a2,3
    80003904:	00001517          	auipc	a0,0x1
    80003908:	29c50513          	addi	a0,a0,668 # 80004ba0 <__tbss_end+0x170>
    8000390c:	25d000ef          	jal	80004368 <memchr>
    80003910:	cd11                	beqz	a0,8000392c <_vfiprintf_r+0x1e8>
    80003912:	00001797          	auipc	a5,0x1
    80003916:	28e78793          	addi	a5,a5,654 # 80004ba0 <__tbss_end+0x170>
    8000391a:	8d1d                	sub	a0,a0,a5
    8000391c:	47c2                	lw	a5,16(sp)
    8000391e:	04000713          	li	a4,64
    80003922:	00a7173b          	sllw	a4,a4,a0
    80003926:	8fd9                	or	a5,a5,a4
    80003928:	0405                	addi	s0,s0,1
    8000392a:	c83e                	sw	a5,16(sp)
    8000392c:	00044583          	lbu	a1,0(s0)
    80003930:	4619                	li	a2,6
    80003932:	00001517          	auipc	a0,0x1
    80003936:	27650513          	addi	a0,a0,630 # 80004ba8 <__tbss_end+0x178>
    8000393a:	00140493          	addi	s1,s0,1
    8000393e:	02b10423          	sb	a1,40(sp)
    80003942:	227000ef          	jal	80004368 <memchr>
    80003946:	c135                	beqz	a0,800039aa <_vfiprintf_r+0x266>
    80003948:	00000793          	li	a5,0
    8000394c:	eb85                	bnez	a5,8000397c <_vfiprintf_r+0x238>
    8000394e:	4742                	lw	a4,16(sp)
    80003950:	67a2                	ld	a5,8(sp)
    80003952:	10077713          	andi	a4,a4,256
    80003956:	00878693          	addi	a3,a5,8
    8000395a:	c709                	beqz	a4,80003964 <_vfiprintf_r+0x220>
    8000395c:	07bd                	addi	a5,a5,15
    8000395e:	9bc1                	andi	a5,a5,-16
    80003960:	01078693          	addi	a3,a5,16
    80003964:	e436                	sd	a3,8(sp)
    80003966:	5792                	lw	a5,36(sp)
    80003968:	013787bb          	addw	a5,a5,s3
    8000396c:	d23e                	sw	a5,36(sp)
    8000396e:	bd2d                	j	800037a8 <_vfiprintf_r+0x64>
    80003970:	02f807bb          	mulw	a5,a6,a5
    80003974:	842a                	mv	s0,a0
    80003976:	4685                	li	a3,1
    80003978:	9fb9                	addw	a5,a5,a4
    8000397a:	bf85                	j	800038ea <_vfiprintf_r+0x1a6>
    8000397c:	0038                	addi	a4,sp,8
    8000397e:	00000697          	auipc	a3,0x0
    80003982:	d5e68693          	addi	a3,a3,-674 # 800036dc <__sfputs_r>
    80003986:	864a                	mv	a2,s2
    80003988:	080c                	addi	a1,sp,16
    8000398a:	8552                	mv	a0,s4
    8000398c:	00000097          	auipc	ra,0x0
    80003990:	000000e7          	jalr	zero # 0 <__boot_hart>
    80003994:	89aa                	mv	s3,a0
    80003996:	fd5518e3          	bne	a0,s5,80003966 <_vfiprintf_r+0x222>
    8000399a:	01095783          	lhu	a5,16(s2)
    8000399e:	0407f793          	andi	a5,a5,64
    800039a2:	ea0798e3          	bnez	a5,80003852 <_vfiprintf_r+0x10e>
    800039a6:	5512                	lw	a0,36(sp)
    800039a8:	b575                	j	80003854 <_vfiprintf_r+0x110>
    800039aa:	0038                	addi	a4,sp,8
    800039ac:	00000697          	auipc	a3,0x0
    800039b0:	d3068693          	addi	a3,a3,-720 # 800036dc <__sfputs_r>
    800039b4:	864a                	mv	a2,s2
    800039b6:	080c                	addi	a1,sp,16
    800039b8:	8552                	mv	a0,s4
    800039ba:	134000ef          	jal	80003aee <_printf_i>
    800039be:	bfd9                	j	80003994 <_vfiprintf_r+0x250>

00000000800039c0 <vfiprintf>:
    800039c0:	86b2                	mv	a3,a2
    800039c2:	862e                	mv	a2,a1
    800039c4:	85aa                	mv	a1,a0
    800039c6:	00002517          	auipc	a0,0x2
    800039ca:	07253503          	ld	a0,114(a0) # 80005a38 <_impure_ptr>
    800039ce:	bb9d                	j	80003744 <_vfiprintf_r>

00000000800039d0 <_printf_common>:
    800039d0:	715d                	addi	sp,sp,-80
    800039d2:	f052                	sd	s4,32(sp)
    800039d4:	ec56                	sd	s5,24(sp)
    800039d6:	8a36                	mv	s4,a3
    800039d8:	8aba                	mv	s5,a4
    800039da:	4994                	lw	a3,16(a1)
    800039dc:	4598                	lw	a4,8(a1)
    800039de:	e0a2                	sd	s0,64(sp)
    800039e0:	f84a                	sd	s2,48(sp)
    800039e2:	f44e                	sd	s3,40(sp)
    800039e4:	e486                	sd	ra,72(sp)
    800039e6:	fc26                	sd	s1,56(sp)
    800039e8:	e85a                	sd	s6,16(sp)
    800039ea:	e45e                	sd	s7,8(sp)
    800039ec:	89aa                	mv	s3,a0
    800039ee:	842e                	mv	s0,a1
    800039f0:	8932                	mv	s2,a2
    800039f2:	87ba                	mv	a5,a4
    800039f4:	00e6c363          	blt	a3,a4,800039fa <_printf_common+0x2a>
    800039f8:	87b6                	mv	a5,a3
    800039fa:	00f92023          	sw	a5,0(s2)
    800039fe:	04344703          	lbu	a4,67(s0)
    80003a02:	c701                	beqz	a4,80003a0a <_printf_common+0x3a>
    80003a04:	2785                	addiw	a5,a5,1
    80003a06:	00f92023          	sw	a5,0(s2)
    80003a0a:	401c                	lw	a5,0(s0)
    80003a0c:	0207f793          	andi	a5,a5,32
    80003a10:	c791                	beqz	a5,80003a1c <_printf_common+0x4c>
    80003a12:	00092783          	lw	a5,0(s2)
    80003a16:	2789                	addiw	a5,a5,2
    80003a18:	00f92023          	sw	a5,0(s2)
    80003a1c:	4004                	lw	s1,0(s0)
    80003a1e:	8899                	andi	s1,s1,6
    80003a20:	e891                	bnez	s1,80003a34 <_printf_common+0x64>
    80003a22:	01940b13          	addi	s6,s0,25
    80003a26:	5bfd                	li	s7,-1
    80003a28:	445c                	lw	a5,12(s0)
    80003a2a:	00092703          	lw	a4,0(s2)
    80003a2e:	9f99                	subw	a5,a5,a4
    80003a30:	06f4c063          	blt	s1,a5,80003a90 <_printf_common+0xc0>
    80003a34:	04344783          	lbu	a5,67(s0)
    80003a38:	00f03633          	snez	a2,a5
    80003a3c:	00f036b3          	snez	a3,a5
    80003a40:	401c                	lw	a5,0(s0)
    80003a42:	0207f793          	andi	a5,a5,32
    80003a46:	ebb5                	bnez	a5,80003aba <_printf_common+0xea>
    80003a48:	04340613          	addi	a2,s0,67
    80003a4c:	85d2                	mv	a1,s4
    80003a4e:	854e                	mv	a0,s3
    80003a50:	9a82                	jalr	s5
    80003a52:	57fd                	li	a5,-1
    80003a54:	04f50563          	beq	a0,a5,80003a9e <_printf_common+0xce>
    80003a58:	401c                	lw	a5,0(s0)
    80003a5a:	4711                	li	a4,4
    80003a5c:	4481                	li	s1,0
    80003a5e:	8b99                	andi	a5,a5,6
    80003a60:	00e79b63          	bne	a5,a4,80003a76 <_printf_common+0xa6>
    80003a64:	00092783          	lw	a5,0(s2)
    80003a68:	4444                	lw	s1,12(s0)
    80003a6a:	9c9d                	subw	s1,s1,a5
    80003a6c:	02049793          	slli	a5,s1,0x20
    80003a70:	0007d363          	bgez	a5,80003a76 <_printf_common+0xa6>
    80003a74:	4481                	li	s1,0
    80003a76:	441c                	lw	a5,8(s0)
    80003a78:	4818                	lw	a4,16(s0)
    80003a7a:	00f75463          	bge	a4,a5,80003a82 <_printf_common+0xb2>
    80003a7e:	9f99                	subw	a5,a5,a4
    80003a80:	9cbd                	addw	s1,s1,a5
    80003a82:	4901                	li	s2,0
    80003a84:	0469                	addi	s0,s0,26
    80003a86:	5b7d                	li	s6,-1
    80003a88:	05249a63          	bne	s1,s2,80003adc <_printf_common+0x10c>
    80003a8c:	4501                	li	a0,0
    80003a8e:	a809                	j	80003aa0 <_printf_common+0xd0>
    80003a90:	4685                	li	a3,1
    80003a92:	865a                	mv	a2,s6
    80003a94:	85d2                	mv	a1,s4
    80003a96:	854e                	mv	a0,s3
    80003a98:	9a82                	jalr	s5
    80003a9a:	01751e63          	bne	a0,s7,80003ab6 <_printf_common+0xe6>
    80003a9e:	557d                	li	a0,-1
    80003aa0:	60a6                	ld	ra,72(sp)
    80003aa2:	6406                	ld	s0,64(sp)
    80003aa4:	74e2                	ld	s1,56(sp)
    80003aa6:	7942                	ld	s2,48(sp)
    80003aa8:	79a2                	ld	s3,40(sp)
    80003aaa:	7a02                	ld	s4,32(sp)
    80003aac:	6ae2                	ld	s5,24(sp)
    80003aae:	6b42                	ld	s6,16(sp)
    80003ab0:	6ba2                	ld	s7,8(sp)
    80003ab2:	6161                	addi	sp,sp,80
    80003ab4:	8082                	ret
    80003ab6:	2485                	addiw	s1,s1,1
    80003ab8:	bf85                	j	80003a28 <_printf_common+0x58>
    80003aba:	00d407b3          	add	a5,s0,a3
    80003abe:	03000693          	li	a3,48
    80003ac2:	04d781a3          	sb	a3,67(a5)
    80003ac6:	0016071b          	addiw	a4,a2,1
    80003aca:	0026069b          	addiw	a3,a2,2
    80003ace:	04544603          	lbu	a2,69(s0)
    80003ad2:	00e407b3          	add	a5,s0,a4
    80003ad6:	04c781a3          	sb	a2,67(a5)
    80003ada:	b7bd                	j	80003a48 <_printf_common+0x78>
    80003adc:	4685                	li	a3,1
    80003ade:	8622                	mv	a2,s0
    80003ae0:	85d2                	mv	a1,s4
    80003ae2:	854e                	mv	a0,s3
    80003ae4:	9a82                	jalr	s5
    80003ae6:	fb650ce3          	beq	a0,s6,80003a9e <_printf_common+0xce>
    80003aea:	2905                	addiw	s2,s2,1
    80003aec:	bf71                	j	80003a88 <_printf_common+0xb8>

0000000080003aee <_printf_i>:
    80003aee:	715d                	addi	sp,sp,-80
    80003af0:	e0a2                	sd	s0,64(sp)
    80003af2:	f84a                	sd	s2,48(sp)
    80003af4:	f44e                	sd	s3,40(sp)
    80003af6:	f052                	sd	s4,32(sp)
    80003af8:	e486                	sd	ra,72(sp)
    80003afa:	fc26                	sd	s1,56(sp)
    80003afc:	ec56                	sd	s5,24(sp)
    80003afe:	e85a                	sd	s6,16(sp)
    80003b00:	0185c803          	lbu	a6,24(a1)
    80003b04:	07800793          	li	a5,120
    80003b08:	892a                	mv	s2,a0
    80003b0a:	842e                	mv	s0,a1
    80003b0c:	89b2                	mv	s3,a2
    80003b0e:	8a36                	mv	s4,a3
    80003b10:	0307e263          	bltu	a5,a6,80003b34 <_printf_i+0x46>
    80003b14:	06200793          	li	a5,98
    80003b18:	04358693          	addi	a3,a1,67
    80003b1c:	0307e163          	bltu	a5,a6,80003b3e <_printf_i+0x50>
    80003b20:	1c080663          	beqz	a6,80003cec <_printf_i+0x1fe>
    80003b24:	05800793          	li	a5,88
    80003b28:	00001617          	auipc	a2,0x1
    80003b2c:	08860613          	addi	a2,a2,136 # 80004bb0 <__tbss_end+0x180>
    80003b30:	14f80a63          	beq	a6,a5,80003c84 <_printf_i+0x196>
    80003b34:	04240493          	addi	s1,s0,66
    80003b38:	05040123          	sb	a6,66(s0)
    80003b3c:	a815                	j	80003b70 <_printf_i+0x82>
    80003b3e:	f9d8079b          	addiw	a5,a6,-99
    80003b42:	0ff7f793          	zext.b	a5,a5
    80003b46:	4655                	li	a2,21
    80003b48:	fef666e3          	bltu	a2,a5,80003b34 <_printf_i+0x46>
    80003b4c:	00002617          	auipc	a2,0x2
    80003b50:	d6c60613          	addi	a2,a2,-660 # 800058b8 <__func__.0+0xcd8>
    80003b54:	078a                	slli	a5,a5,0x2
    80003b56:	97b2                	add	a5,a5,a2
    80003b58:	439c                	lw	a5,0(a5)
    80003b5a:	97b2                	add	a5,a5,a2
    80003b5c:	8782                	jr	a5
    80003b5e:	631c                	ld	a5,0(a4)
    80003b60:	04258493          	addi	s1,a1,66
    80003b64:	00878693          	addi	a3,a5,8
    80003b68:	439c                	lw	a5,0(a5)
    80003b6a:	e314                	sd	a3,0(a4)
    80003b6c:	04f58123          	sb	a5,66(a1)
    80003b70:	4785                	li	a5,1
    80003b72:	aa4d                	j	80003d24 <_printf_i+0x236>
    80003b74:	419c                	lw	a5,0(a1)
    80003b76:	6308                	ld	a0,0(a4)
    80003b78:	0807f613          	andi	a2,a5,128
    80003b7c:	00850593          	addi	a1,a0,8
    80003b80:	c20d                	beqz	a2,80003ba2 <_printf_i+0xb4>
    80003b82:	611c                	ld	a5,0(a0)
    80003b84:	e30c                	sd	a1,0(a4)
    80003b86:	0007d863          	bgez	a5,80003b96 <_printf_i+0xa8>
    80003b8a:	02d00713          	li	a4,45
    80003b8e:	40f007b3          	neg	a5,a5
    80003b92:	04e401a3          	sb	a4,67(s0)
    80003b96:	00001617          	auipc	a2,0x1
    80003b9a:	01a60613          	addi	a2,a2,26 # 80004bb0 <__tbss_end+0x180>
    80003b9e:	4829                	li	a6,10
    80003ba0:	a83d                	j	80003bde <_printf_i+0xf0>
    80003ba2:	0407f613          	andi	a2,a5,64
    80003ba6:	411c                	lw	a5,0(a0)
    80003ba8:	e30c                	sd	a1,0(a4)
    80003baa:	de71                	beqz	a2,80003b86 <_printf_i+0x98>
    80003bac:	0107979b          	slliw	a5,a5,0x10
    80003bb0:	4107d79b          	sraiw	a5,a5,0x10
    80003bb4:	bfc9                	j	80003b86 <_printf_i+0x98>
    80003bb6:	4190                	lw	a2,0(a1)
    80003bb8:	631c                	ld	a5,0(a4)
    80003bba:	08067513          	andi	a0,a2,128
    80003bbe:	00878593          	addi	a1,a5,8
    80003bc2:	cd41                	beqz	a0,80003c5a <_printf_i+0x16c>
    80003bc4:	639c                	ld	a5,0(a5)
    80003bc6:	e30c                	sd	a1,0(a4)
    80003bc8:	06f00713          	li	a4,111
    80003bcc:	00001617          	auipc	a2,0x1
    80003bd0:	fe460613          	addi	a2,a2,-28 # 80004bb0 <__tbss_end+0x180>
    80003bd4:	0ee81e63          	bne	a6,a4,80003cd0 <_printf_i+0x1e2>
    80003bd8:	4821                	li	a6,8
    80003bda:	040401a3          	sb	zero,67(s0)
    80003bde:	4058                	lw	a4,4(s0)
    80003be0:	c418                	sw	a4,8(s0)
    80003be2:	00074563          	bltz	a4,80003bec <_printf_i+0xfe>
    80003be6:	400c                	lw	a1,0(s0)
    80003be8:	99ed                	andi	a1,a1,-5
    80003bea:	c00c                	sw	a1,0(s0)
    80003bec:	e399                	bnez	a5,80003bf2 <_printf_i+0x104>
    80003bee:	84b6                	mv	s1,a3
    80003bf0:	cf19                	beqz	a4,80003c0e <_printf_i+0x120>
    80003bf2:	84b6                	mv	s1,a3
    80003bf4:	0307f733          	remu	a4,a5,a6
    80003bf8:	14fd                	addi	s1,s1,-1
    80003bfa:	9732                	add	a4,a4,a2
    80003bfc:	00074703          	lbu	a4,0(a4)
    80003c00:	00e48023          	sb	a4,0(s1)
    80003c04:	873e                	mv	a4,a5
    80003c06:	0307d7b3          	divu	a5,a5,a6
    80003c0a:	ff0775e3          	bgeu	a4,a6,80003bf4 <_printf_i+0x106>
    80003c0e:	47a1                	li	a5,8
    80003c10:	00f81e63          	bne	a6,a5,80003c2c <_printf_i+0x13e>
    80003c14:	401c                	lw	a5,0(s0)
    80003c16:	8b85                	andi	a5,a5,1
    80003c18:	cb91                	beqz	a5,80003c2c <_printf_i+0x13e>
    80003c1a:	4058                	lw	a4,4(s0)
    80003c1c:	481c                	lw	a5,16(s0)
    80003c1e:	00e7c763          	blt	a5,a4,80003c2c <_printf_i+0x13e>
    80003c22:	03000793          	li	a5,48
    80003c26:	fef48fa3          	sb	a5,-1(s1)
    80003c2a:	14fd                	addi	s1,s1,-1
    80003c2c:	8e85                	sub	a3,a3,s1
    80003c2e:	c814                	sw	a3,16(s0)
    80003c30:	8752                	mv	a4,s4
    80003c32:	86ce                	mv	a3,s3
    80003c34:	0070                	addi	a2,sp,12
    80003c36:	85a2                	mv	a1,s0
    80003c38:	854a                	mv	a0,s2
    80003c3a:	d97ff0ef          	jal	800039d0 <_printf_common>
    80003c3e:	5afd                	li	s5,-1
    80003c40:	0f551663          	bne	a0,s5,80003d2c <_printf_i+0x23e>
    80003c44:	557d                	li	a0,-1
    80003c46:	60a6                	ld	ra,72(sp)
    80003c48:	6406                	ld	s0,64(sp)
    80003c4a:	74e2                	ld	s1,56(sp)
    80003c4c:	7942                	ld	s2,48(sp)
    80003c4e:	79a2                	ld	s3,40(sp)
    80003c50:	7a02                	ld	s4,32(sp)
    80003c52:	6ae2                	ld	s5,24(sp)
    80003c54:	6b42                	ld	s6,16(sp)
    80003c56:	6161                	addi	sp,sp,80
    80003c58:	8082                	ret
    80003c5a:	439c                	lw	a5,0(a5)
    80003c5c:	04067613          	andi	a2,a2,64
    80003c60:	e30c                	sd	a1,0(a4)
    80003c62:	c601                	beqz	a2,80003c6a <_printf_i+0x17c>
    80003c64:	17c2                	slli	a5,a5,0x30
    80003c66:	93c1                	srli	a5,a5,0x30
    80003c68:	b785                	j	80003bc8 <_printf_i+0xda>
    80003c6a:	1782                	slli	a5,a5,0x20
    80003c6c:	9381                	srli	a5,a5,0x20
    80003c6e:	bfa9                	j	80003bc8 <_printf_i+0xda>
    80003c70:	419c                	lw	a5,0(a1)
    80003c72:	0a07e793          	ori	a5,a5,160
    80003c76:	c19c                	sw	a5,0(a1)
    80003c78:	07800813          	li	a6,120
    80003c7c:	00001617          	auipc	a2,0x1
    80003c80:	f4c60613          	addi	a2,a2,-180 # 80004bc8 <__tbss_end+0x198>
    80003c84:	050402a3          	sb	a6,69(s0)
    80003c88:	400c                	lw	a1,0(s0)
    80003c8a:	631c                	ld	a5,0(a4)
    80003c8c:	0805f813          	andi	a6,a1,128
    80003c90:	00878513          	addi	a0,a5,8
    80003c94:	00080d63          	beqz	a6,80003cae <_printf_i+0x1c0>
    80003c98:	639c                	ld	a5,0(a5)
    80003c9a:	e308                	sd	a0,0(a4)
    80003c9c:	0015f713          	andi	a4,a1,1
    80003ca0:	c701                	beqz	a4,80003ca8 <_printf_i+0x1ba>
    80003ca2:	0205e593          	ori	a1,a1,32
    80003ca6:	c00c                	sw	a1,0(s0)
    80003ca8:	cf99                	beqz	a5,80003cc6 <_printf_i+0x1d8>
    80003caa:	4841                	li	a6,16
    80003cac:	b73d                	j	80003bda <_printf_i+0xec>
    80003cae:	439c                	lw	a5,0(a5)
    80003cb0:	0405f813          	andi	a6,a1,64
    80003cb4:	e308                	sd	a0,0(a4)
    80003cb6:	00080563          	beqz	a6,80003cc0 <_printf_i+0x1d2>
    80003cba:	17c2                	slli	a5,a5,0x30
    80003cbc:	93c1                	srli	a5,a5,0x30
    80003cbe:	bff9                	j	80003c9c <_printf_i+0x1ae>
    80003cc0:	1782                	slli	a5,a5,0x20
    80003cc2:	9381                	srli	a5,a5,0x20
    80003cc4:	bfe1                	j	80003c9c <_printf_i+0x1ae>
    80003cc6:	4018                	lw	a4,0(s0)
    80003cc8:	fdf77713          	andi	a4,a4,-33
    80003ccc:	c018                	sw	a4,0(s0)
    80003cce:	bff1                	j	80003caa <_printf_i+0x1bc>
    80003cd0:	4829                	li	a6,10
    80003cd2:	b721                	j	80003bda <_printf_i+0xec>
    80003cd4:	4190                	lw	a2,0(a1)
    80003cd6:	631c                	ld	a5,0(a4)
    80003cd8:	49cc                	lw	a1,20(a1)
    80003cda:	08067813          	andi	a6,a2,128
    80003cde:	00878513          	addi	a0,a5,8
    80003ce2:	00080963          	beqz	a6,80003cf4 <_printf_i+0x206>
    80003ce6:	e308                	sd	a0,0(a4)
    80003ce8:	639c                	ld	a5,0(a5)
    80003cea:	e38c                	sd	a1,0(a5)
    80003cec:	00042823          	sw	zero,16(s0)
    80003cf0:	84b6                	mv	s1,a3
    80003cf2:	bf3d                	j	80003c30 <_printf_i+0x142>
    80003cf4:	e308                	sd	a0,0(a4)
    80003cf6:	04067613          	andi	a2,a2,64
    80003cfa:	639c                	ld	a5,0(a5)
    80003cfc:	c601                	beqz	a2,80003d04 <_printf_i+0x216>
    80003cfe:	00b79023          	sh	a1,0(a5)
    80003d02:	b7ed                	j	80003cec <_printf_i+0x1fe>
    80003d04:	c38c                	sw	a1,0(a5)
    80003d06:	b7dd                	j	80003cec <_printf_i+0x1fe>
    80003d08:	631c                	ld	a5,0(a4)
    80003d0a:	41d0                	lw	a2,4(a1)
    80003d0c:	4581                	li	a1,0
    80003d0e:	00878693          	addi	a3,a5,8
    80003d12:	e314                	sd	a3,0(a4)
    80003d14:	6384                	ld	s1,0(a5)
    80003d16:	8526                	mv	a0,s1
    80003d18:	650000ef          	jal	80004368 <memchr>
    80003d1c:	c119                	beqz	a0,80003d22 <_printf_i+0x234>
    80003d1e:	8d05                	sub	a0,a0,s1
    80003d20:	c048                	sw	a0,4(s0)
    80003d22:	405c                	lw	a5,4(s0)
    80003d24:	c81c                	sw	a5,16(s0)
    80003d26:	040401a3          	sb	zero,67(s0)
    80003d2a:	b719                	j	80003c30 <_printf_i+0x142>
    80003d2c:	4814                	lw	a3,16(s0)
    80003d2e:	8626                	mv	a2,s1
    80003d30:	85ce                	mv	a1,s3
    80003d32:	854a                	mv	a0,s2
    80003d34:	9a02                	jalr	s4
    80003d36:	f15507e3          	beq	a0,s5,80003c44 <_printf_i+0x156>
    80003d3a:	401c                	lw	a5,0(s0)
    80003d3c:	8b89                	andi	a5,a5,2
    80003d3e:	eb85                	bnez	a5,80003d6e <_printf_i+0x280>
    80003d40:	4458                	lw	a4,12(s0)
    80003d42:	47b2                	lw	a5,12(sp)
    80003d44:	0007051b          	sext.w	a0,a4
    80003d48:	eef75fe3          	bge	a4,a5,80003c46 <_printf_i+0x158>
    80003d4c:	0007851b          	sext.w	a0,a5
    80003d50:	bddd                	j	80003c46 <_printf_i+0x158>
    80003d52:	4685                	li	a3,1
    80003d54:	8656                	mv	a2,s5
    80003d56:	85ce                	mv	a1,s3
    80003d58:	854a                	mv	a0,s2
    80003d5a:	9a02                	jalr	s4
    80003d5c:	ef6504e3          	beq	a0,s6,80003c44 <_printf_i+0x156>
    80003d60:	2485                	addiw	s1,s1,1
    80003d62:	445c                	lw	a5,12(s0)
    80003d64:	4732                	lw	a4,12(sp)
    80003d66:	9f99                	subw	a5,a5,a4
    80003d68:	fef4c5e3          	blt	s1,a5,80003d52 <_printf_i+0x264>
    80003d6c:	bfd1                	j	80003d40 <_printf_i+0x252>
    80003d6e:	4481                	li	s1,0
    80003d70:	01940a93          	addi	s5,s0,25
    80003d74:	5b7d                	li	s6,-1
    80003d76:	b7f5                	j	80003d62 <_printf_i+0x274>

0000000080003d78 <__sflush_r>:
    80003d78:	01059783          	lh	a5,16(a1)
    80003d7c:	7179                	addi	sp,sp,-48
    80003d7e:	f022                	sd	s0,32(sp)
    80003d80:	ec26                	sd	s1,24(sp)
    80003d82:	f406                	sd	ra,40(sp)
    80003d84:	e84a                	sd	s2,16(sp)
    80003d86:	e44e                	sd	s3,8(sp)
    80003d88:	0087f713          	andi	a4,a5,8
    80003d8c:	84aa                	mv	s1,a0
    80003d8e:	842e                	mv	s0,a1
    80003d90:	eb69                	bnez	a4,80003e62 <__sflush_r+0xea>
    80003d92:	4598                	lw	a4,8(a1)
    80003d94:	00e04563          	bgtz	a4,80003d9e <__sflush_r+0x26>
    80003d98:	5db8                	lw	a4,120(a1)
    80003d9a:	0ae05b63          	blez	a4,80003e50 <__sflush_r+0xd8>
    80003d9e:	6838                	ld	a4,80(s0)
    80003da0:	cb45                	beqz	a4,80003e50 <__sflush_r+0xd8>
    80003da2:	0004a903          	lw	s2,0(s1)
    80003da6:	03379693          	slli	a3,a5,0x33
    80003daa:	0004a023          	sw	zero,0(s1)
    80003dae:	7c0c                	ld	a1,56(s0)
    80003db0:	0606de63          	bgez	a3,80003e2c <__sflush_r+0xb4>
    80003db4:	6c50                	ld	a2,152(s0)
    80003db6:	01045783          	lhu	a5,16(s0)
    80003dba:	8b91                	andi	a5,a5,4
    80003dbc:	c799                	beqz	a5,80003dca <__sflush_r+0x52>
    80003dbe:	441c                	lw	a5,8(s0)
    80003dc0:	8e1d                	sub	a2,a2,a5
    80003dc2:	703c                	ld	a5,96(s0)
    80003dc4:	c399                	beqz	a5,80003dca <__sflush_r+0x52>
    80003dc6:	5c3c                	lw	a5,120(s0)
    80003dc8:	8e1d                	sub	a2,a2,a5
    80003dca:	683c                	ld	a5,80(s0)
    80003dcc:	7c0c                	ld	a1,56(s0)
    80003dce:	4681                	li	a3,0
    80003dd0:	8526                	mv	a0,s1
    80003dd2:	9782                	jalr	a5
    80003dd4:	577d                	li	a4,-1
    80003dd6:	01045783          	lhu	a5,16(s0)
    80003dda:	00e51d63          	bne	a0,a4,80003df4 <__sflush_r+0x7c>
    80003dde:	4094                	lw	a3,0(s1)
    80003de0:	4775                	li	a4,29
    80003de2:	06d76963          	bltu	a4,a3,80003e54 <__sflush_r+0xdc>
    80003de6:	20400737          	lui	a4,0x20400
    80003dea:	0705                	addi	a4,a4,1 # 20400001 <__heap_size+0x203e0001>
    80003dec:	00d75733          	srl	a4,a4,a3
    80003df0:	8b05                	andi	a4,a4,1
    80003df2:	c32d                	beqz	a4,80003e54 <__sflush_r+0xdc>
    80003df4:	6c18                	ld	a4,24(s0)
    80003df6:	00042423          	sw	zero,8(s0)
    80003dfa:	e018                	sd	a4,0(s0)
    80003dfc:	03379713          	slli	a4,a5,0x33
    80003e00:	00075863          	bgez	a4,80003e10 <__sflush_r+0x98>
    80003e04:	57fd                	li	a5,-1
    80003e06:	00f51463          	bne	a0,a5,80003e0e <__sflush_r+0x96>
    80003e0a:	409c                	lw	a5,0(s1)
    80003e0c:	e391                	bnez	a5,80003e10 <__sflush_r+0x98>
    80003e0e:	ec48                	sd	a0,152(s0)
    80003e10:	702c                	ld	a1,96(s0)
    80003e12:	0124a023          	sw	s2,0(s1)
    80003e16:	cd8d                	beqz	a1,80003e50 <__sflush_r+0xd8>
    80003e18:	07c40793          	addi	a5,s0,124
    80003e1c:	00f58563          	beq	a1,a5,80003e26 <__sflush_r+0xae>
    80003e20:	8526                	mv	a0,s1
    80003e22:	fecff0ef          	jal	8000360e <_free_r>
    80003e26:	06043023          	sd	zero,96(s0)
    80003e2a:	a01d                	j	80003e50 <__sflush_r+0xd8>
    80003e2c:	4601                	li	a2,0
    80003e2e:	4685                	li	a3,1
    80003e30:	8526                	mv	a0,s1
    80003e32:	9702                	jalr	a4
    80003e34:	57fd                	li	a5,-1
    80003e36:	862a                	mv	a2,a0
    80003e38:	f6f51fe3          	bne	a0,a5,80003db6 <__sflush_r+0x3e>
    80003e3c:	409c                	lw	a5,0(s1)
    80003e3e:	dfa5                	beqz	a5,80003db6 <__sflush_r+0x3e>
    80003e40:	4775                	li	a4,29
    80003e42:	00e78563          	beq	a5,a4,80003e4c <__sflush_r+0xd4>
    80003e46:	4759                	li	a4,22
    80003e48:	04e79663          	bne	a5,a4,80003e94 <__sflush_r+0x11c>
    80003e4c:	0124a023          	sw	s2,0(s1)
    80003e50:	4501                	li	a0,0
    80003e52:	a881                	j	80003ea2 <__sflush_r+0x12a>
    80003e54:	0407e793          	ori	a5,a5,64
    80003e58:	0107979b          	slliw	a5,a5,0x10
    80003e5c:	4107d79b          	sraiw	a5,a5,0x10
    80003e60:	a835                	j	80003e9c <__sflush_r+0x124>
    80003e62:	0185b983          	ld	s3,24(a1)
    80003e66:	fe0985e3          	beqz	s3,80003e50 <__sflush_r+0xd8>
    80003e6a:	0005b903          	ld	s2,0(a1)
    80003e6e:	8b8d                	andi	a5,a5,3
    80003e70:	0135b023          	sd	s3,0(a1)
    80003e74:	4139093b          	subw	s2,s2,s3
    80003e78:	4701                	li	a4,0
    80003e7a:	e391                	bnez	a5,80003e7e <__sflush_r+0x106>
    80003e7c:	5198                	lw	a4,32(a1)
    80003e7e:	c458                	sw	a4,12(s0)
    80003e80:	fd2058e3          	blez	s2,80003e50 <__sflush_r+0xd8>
    80003e84:	643c                	ld	a5,72(s0)
    80003e86:	7c0c                	ld	a1,56(s0)
    80003e88:	86ca                	mv	a3,s2
    80003e8a:	864e                	mv	a2,s3
    80003e8c:	8526                	mv	a0,s1
    80003e8e:	9782                	jalr	a5
    80003e90:	02a04063          	bgtz	a0,80003eb0 <__sflush_r+0x138>
    80003e94:	01041783          	lh	a5,16(s0)
    80003e98:	0407e793          	ori	a5,a5,64
    80003e9c:	00f41823          	sh	a5,16(s0)
    80003ea0:	557d                	li	a0,-1
    80003ea2:	70a2                	ld	ra,40(sp)
    80003ea4:	7402                	ld	s0,32(sp)
    80003ea6:	64e2                	ld	s1,24(sp)
    80003ea8:	6942                	ld	s2,16(sp)
    80003eaa:	69a2                	ld	s3,8(sp)
    80003eac:	6145                	addi	sp,sp,48
    80003eae:	8082                	ret
    80003eb0:	99aa                	add	s3,s3,a0
    80003eb2:	40a9093b          	subw	s2,s2,a0
    80003eb6:	b7e9                	j	80003e80 <__sflush_r+0x108>

0000000080003eb8 <_fflush_r>:
    80003eb8:	6d9c                	ld	a5,24(a1)
    80003eba:	cb8d                	beqz	a5,80003eec <_fflush_r+0x34>
    80003ebc:	1101                	addi	sp,sp,-32
    80003ebe:	e822                	sd	s0,16(sp)
    80003ec0:	ec06                	sd	ra,24(sp)
    80003ec2:	842a                	mv	s0,a0
    80003ec4:	c519                	beqz	a0,80003ed2 <_fflush_r+0x1a>
    80003ec6:	613c                	ld	a5,64(a0)
    80003ec8:	e789                	bnez	a5,80003ed2 <_fflush_r+0x1a>
    80003eca:	e42e                	sd	a1,8(sp)
    80003ecc:	b0aff0ef          	jal	800031d6 <__sinit>
    80003ed0:	65a2                	ld	a1,8(sp)
    80003ed2:	01059783          	lh	a5,16(a1)
    80003ed6:	c791                	beqz	a5,80003ee2 <_fflush_r+0x2a>
    80003ed8:	8522                	mv	a0,s0
    80003eda:	6442                	ld	s0,16(sp)
    80003edc:	60e2                	ld	ra,24(sp)
    80003ede:	6105                	addi	sp,sp,32
    80003ee0:	bd61                	j	80003d78 <__sflush_r>
    80003ee2:	60e2                	ld	ra,24(sp)
    80003ee4:	6442                	ld	s0,16(sp)
    80003ee6:	4501                	li	a0,0
    80003ee8:	6105                	addi	sp,sp,32
    80003eea:	8082                	ret
    80003eec:	4501                	li	a0,0
    80003eee:	8082                	ret

0000000080003ef0 <fflush>:
    80003ef0:	85aa                	mv	a1,a0
    80003ef2:	ed19                	bnez	a0,80003f10 <fflush+0x20>
    80003ef4:	00002617          	auipc	a2,0x2
    80003ef8:	a9c60613          	addi	a2,a2,-1380 # 80005990 <__sglue>
    80003efc:	00000597          	auipc	a1,0x0
    80003f00:	fbc58593          	addi	a1,a1,-68 # 80003eb8 <_fflush_r>
    80003f04:	00002517          	auipc	a0,0x2
    80003f08:	aa450513          	addi	a0,a0,-1372 # 800059a8 <_impure_data>
    80003f0c:	b54ff06f          	j	80003260 <_fwalk_sglue>
    80003f10:	00002517          	auipc	a0,0x2
    80003f14:	b2853503          	ld	a0,-1240(a0) # 80005a38 <_impure_ptr>
    80003f18:	b745                	j	80003eb8 <_fflush_r>

0000000080003f1a <__sfvwrite_r>:
    80003f1a:	6a1c                	ld	a5,16(a2)
    80003f1c:	e399                	bnez	a5,80003f22 <__sfvwrite_r+0x8>
    80003f1e:	4501                	li	a0,0
    80003f20:	8082                	ret
    80003f22:	0105d783          	lhu	a5,16(a1)
    80003f26:	7159                	addi	sp,sp,-112
    80003f28:	f0a2                	sd	s0,96(sp)
    80003f2a:	e8ca                	sd	s2,80(sp)
    80003f2c:	e0d2                	sd	s4,64(sp)
    80003f2e:	f486                	sd	ra,104(sp)
    80003f30:	eca6                	sd	s1,88(sp)
    80003f32:	e4ce                	sd	s3,72(sp)
    80003f34:	fc56                	sd	s5,56(sp)
    80003f36:	f85a                	sd	s6,48(sp)
    80003f38:	f45e                	sd	s7,40(sp)
    80003f3a:	f062                	sd	s8,32(sp)
    80003f3c:	ec66                	sd	s9,24(sp)
    80003f3e:	e86a                	sd	s10,16(sp)
    80003f40:	e46e                	sd	s11,8(sp)
    80003f42:	8ba1                	andi	a5,a5,8
    80003f44:	892a                	mv	s2,a0
    80003f46:	842e                	mv	s0,a1
    80003f48:	8a32                	mv	s4,a2
    80003f4a:	cfc1                	beqz	a5,80003fe2 <__sfvwrite_r+0xc8>
    80003f4c:	6d9c                	ld	a5,24(a1)
    80003f4e:	cbd1                	beqz	a5,80003fe2 <__sfvwrite_r+0xc8>
    80003f50:	01041783          	lh	a5,16(s0)
    80003f54:	000a3983          	ld	s3,0(s4)
    80003f58:	0027f713          	andi	a4,a5,2
    80003f5c:	e765                	bnez	a4,80004044 <__sfvwrite_r+0x12a>
    80003f5e:	8b85                	andi	a5,a5,1
    80003f60:	4a81                	li	s5,0
    80003f62:	16078063          	beqz	a5,800040c2 <__sfvwrite_r+0x1a8>
    80003f66:	4501                	li	a0,0
    80003f68:	4b81                	li	s7,0
    80003f6a:	4b01                	li	s6,0
    80003f6c:	240b0063          	beqz	s6,800041ac <__sfvwrite_r+0x292>
    80003f70:	e919                	bnez	a0,80003f86 <__sfvwrite_r+0x6c>
    80003f72:	865a                	mv	a2,s6
    80003f74:	45a9                	li	a1,10
    80003f76:	855e                	mv	a0,s7
    80003f78:	3f0000ef          	jal	80004368 <memchr>
    80003f7c:	22050f63          	beqz	a0,800041ba <__sfvwrite_r+0x2a0>
    80003f80:	0505                	addi	a0,a0,1
    80003f82:	41750abb          	subw	s5,a0,s7
    80003f86:	8c56                	mv	s8,s5
    80003f88:	015b7363          	bgeu	s6,s5,80003f8e <__sfvwrite_r+0x74>
    80003f8c:	8c5a                	mv	s8,s6
    80003f8e:	6008                	ld	a0,0(s0)
    80003f90:	6c1c                	ld	a5,24(s0)
    80003f92:	4444                	lw	s1,12(s0)
    80003f94:	5014                	lw	a3,32(s0)
    80003f96:	22a7f563          	bgeu	a5,a0,800041c0 <__sfvwrite_r+0x2a6>
    80003f9a:	9cb5                	addw	s1,s1,a3
    80003f9c:	2384d263          	bge	s1,s8,800041c0 <__sfvwrite_r+0x2a6>
    80003fa0:	85de                	mv	a1,s7
    80003fa2:	8626                	mv	a2,s1
    80003fa4:	e0eff0ef          	jal	800035b2 <memmove>
    80003fa8:	601c                	ld	a5,0(s0)
    80003faa:	85a2                	mv	a1,s0
    80003fac:	854a                	mv	a0,s2
    80003fae:	97a6                	add	a5,a5,s1
    80003fb0:	e01c                	sd	a5,0(s0)
    80003fb2:	f07ff0ef          	jal	80003eb8 <_fflush_r>
    80003fb6:	0e051f63          	bnez	a0,800040b4 <__sfvwrite_r+0x19a>
    80003fba:	409a8abb          	subw	s5,s5,s1
    80003fbe:	4505                	li	a0,1
    80003fc0:	000a9763          	bnez	s5,80003fce <__sfvwrite_r+0xb4>
    80003fc4:	85a2                	mv	a1,s0
    80003fc6:	854a                	mv	a0,s2
    80003fc8:	ef1ff0ef          	jal	80003eb8 <_fflush_r>
    80003fcc:	e565                	bnez	a0,800040b4 <__sfvwrite_r+0x19a>
    80003fce:	010a3783          	ld	a5,16(s4)
    80003fd2:	9ba6                	add	s7,s7,s1
    80003fd4:	409b0b33          	sub	s6,s6,s1
    80003fd8:	8f85                	sub	a5,a5,s1
    80003fda:	00fa3823          	sd	a5,16(s4)
    80003fde:	f7d9                	bnez	a5,80003f6c <__sfvwrite_r+0x52>
    80003fe0:	a091                	j	80004024 <__sfvwrite_r+0x10a>
    80003fe2:	85a2                	mv	a1,s0
    80003fe4:	854a                	mv	a0,s2
    80003fe6:	2b4000ef          	jal	8000429a <__swsetup_r>
    80003fea:	d13d                	beqz	a0,80003f50 <__sfvwrite_r+0x36>
    80003fec:	557d                	li	a0,-1
    80003fee:	a825                	j	80004026 <__sfvwrite_r+0x10c>
    80003ff0:	0009ba83          	ld	s5,0(s3)
    80003ff4:	0089b483          	ld	s1,8(s3)
    80003ff8:	09c1                	addi	s3,s3,16
    80003ffa:	643c                	ld	a5,72(s0)
    80003ffc:	7c0c                	ld	a1,56(s0)
    80003ffe:	d8ed                	beqz	s1,80003ff0 <__sfvwrite_r+0xd6>
    80004000:	86a6                	mv	a3,s1
    80004002:	009b7363          	bgeu	s6,s1,80004008 <__sfvwrite_r+0xee>
    80004006:	86da                	mv	a3,s6
    80004008:	2681                	sext.w	a3,a3
    8000400a:	8656                	mv	a2,s5
    8000400c:	854a                	mv	a0,s2
    8000400e:	9782                	jalr	a5
    80004010:	0aa05263          	blez	a0,800040b4 <__sfvwrite_r+0x19a>
    80004014:	010a3783          	ld	a5,16(s4)
    80004018:	9aaa                	add	s5,s5,a0
    8000401a:	8c89                	sub	s1,s1,a0
    8000401c:	8f89                	sub	a5,a5,a0
    8000401e:	00fa3823          	sd	a5,16(s4)
    80004022:	ffe1                	bnez	a5,80003ffa <__sfvwrite_r+0xe0>
    80004024:	4501                	li	a0,0
    80004026:	70a6                	ld	ra,104(sp)
    80004028:	7406                	ld	s0,96(sp)
    8000402a:	64e6                	ld	s1,88(sp)
    8000402c:	6946                	ld	s2,80(sp)
    8000402e:	69a6                	ld	s3,72(sp)
    80004030:	6a06                	ld	s4,64(sp)
    80004032:	7ae2                	ld	s5,56(sp)
    80004034:	7b42                	ld	s6,48(sp)
    80004036:	7ba2                	ld	s7,40(sp)
    80004038:	7c02                	ld	s8,32(sp)
    8000403a:	6ce2                	ld	s9,24(sp)
    8000403c:	6d42                	ld	s10,16(sp)
    8000403e:	6da2                	ld	s11,8(sp)
    80004040:	6165                	addi	sp,sp,112
    80004042:	8082                	ret
    80004044:	80000b37          	lui	s6,0x80000
    80004048:	4a81                	li	s5,0
    8000404a:	4481                	li	s1,0
    8000404c:	c00b4b13          	xori	s6,s6,-1024
    80004050:	b76d                	j	80003ffa <__sfvwrite_r+0xe0>
    80004052:	0009ba83          	ld	s5,0(s3)
    80004056:	0089bc83          	ld	s9,8(s3)
    8000405a:	09c1                	addi	s3,s3,16
    8000405c:	4444                	lw	s1,12(s0)
    8000405e:	01041783          	lh	a5,16(s0)
    80004062:	6008                	ld	a0,0(s0)
    80004064:	8d26                	mv	s10,s1
    80004066:	fe0c86e3          	beqz	s9,80004052 <__sfvwrite_r+0x138>
    8000406a:	2007f713          	andi	a4,a5,512
    8000406e:	c37d                	beqz	a4,80004154 <__sfvwrite_r+0x23a>
    80004070:	089ce763          	bltu	s9,s1,800040fe <__sfvwrite_r+0x1e4>
    80004074:	4807f713          	andi	a4,a5,1152
    80004078:	c359                	beqz	a4,800040fe <__sfvwrite_r+0x1e4>
    8000407a:	5004                	lw	s1,32(s0)
    8000407c:	6c0c                	ld	a1,24(s0)
    8000407e:	029b84bb          	mulw	s1,s7,s1
    80004082:	8d0d                	sub	a0,a0,a1
    80004084:	00050d9b          	sext.w	s11,a0
    80004088:	001d8713          	addi	a4,s11,1
    8000408c:	9766                	add	a4,a4,s9
    8000408e:	0384c4bb          	divw	s1,s1,s8
    80004092:	00e4f563          	bgeu	s1,a4,8000409c <__sfvwrite_r+0x182>
    80004096:	2505                	addiw	a0,a0,1
    80004098:	019504bb          	addw	s1,a0,s9
    8000409c:	4007f793          	andi	a5,a5,1024
    800040a0:	cbc9                	beqz	a5,80004132 <__sfvwrite_r+0x218>
    800040a2:	85a6                	mv	a1,s1
    800040a4:	854a                	mv	a0,s2
    800040a6:	e45fe0ef          	jal	80002eea <_malloc_r>
    800040aa:	8d2a                	mv	s10,a0
    800040ac:	e11d                	bnez	a0,800040d2 <__sfvwrite_r+0x1b8>
    800040ae:	47b1                	li	a5,12
    800040b0:	00f92023          	sw	a5,0(s2)
    800040b4:	01045783          	lhu	a5,16(s0)
    800040b8:	0407e793          	ori	a5,a5,64
    800040bc:	00f41823          	sh	a5,16(s0)
    800040c0:	b735                	j	80003fec <__sfvwrite_r+0xd2>
    800040c2:	80000b37          	lui	s6,0x80000
    800040c6:	4c81                	li	s9,0
    800040c8:	fffb4b13          	not	s6,s6
    800040cc:	4b8d                	li	s7,3
    800040ce:	4c09                	li	s8,2
    800040d0:	b771                	j	8000405c <__sfvwrite_r+0x142>
    800040d2:	6c0c                	ld	a1,24(s0)
    800040d4:	866e                	mv	a2,s11
    800040d6:	d12ff0ef          	jal	800035e8 <memcpy>
    800040da:	01045783          	lhu	a5,16(s0)
    800040de:	b7f7f793          	andi	a5,a5,-1153
    800040e2:	0807e793          	ori	a5,a5,128
    800040e6:	00f41823          	sh	a5,16(s0)
    800040ea:	01a43c23          	sd	s10,24(s0)
    800040ee:	d004                	sw	s1,32(s0)
    800040f0:	9d6e                	add	s10,s10,s11
    800040f2:	41b484bb          	subw	s1,s1,s11
    800040f6:	01a43023          	sd	s10,0(s0)
    800040fa:	c444                	sw	s1,12(s0)
    800040fc:	8d66                	mv	s10,s9
    800040fe:	84e6                	mv	s1,s9
    80004100:	01acf363          	bgeu	s9,s10,80004106 <__sfvwrite_r+0x1ec>
    80004104:	8d66                	mv	s10,s9
    80004106:	6008                	ld	a0,0(s0)
    80004108:	866a                	mv	a2,s10
    8000410a:	85d6                	mv	a1,s5
    8000410c:	ca6ff0ef          	jal	800035b2 <memmove>
    80004110:	445c                	lw	a5,12(s0)
    80004112:	41a787bb          	subw	a5,a5,s10
    80004116:	c45c                	sw	a5,12(s0)
    80004118:	601c                	ld	a5,0(s0)
    8000411a:	97ea                	add	a5,a5,s10
    8000411c:	e01c                	sd	a5,0(s0)
    8000411e:	010a3783          	ld	a5,16(s4)
    80004122:	9aa6                	add	s5,s5,s1
    80004124:	409c8cb3          	sub	s9,s9,s1
    80004128:	8f85                	sub	a5,a5,s1
    8000412a:	00fa3823          	sd	a5,16(s4)
    8000412e:	f79d                	bnez	a5,8000405c <__sfvwrite_r+0x142>
    80004130:	bdd5                	j	80004024 <__sfvwrite_r+0x10a>
    80004132:	8626                	mv	a2,s1
    80004134:	854a                	mv	a0,s2
    80004136:	3dc000ef          	jal	80004512 <_realloc_r>
    8000413a:	8d2a                	mv	s10,a0
    8000413c:	f55d                	bnez	a0,800040ea <__sfvwrite_r+0x1d0>
    8000413e:	6c0c                	ld	a1,24(s0)
    80004140:	854a                	mv	a0,s2
    80004142:	cccff0ef          	jal	8000360e <_free_r>
    80004146:	01045783          	lhu	a5,16(s0)
    8000414a:	f7f7f793          	andi	a5,a5,-129
    8000414e:	00f41823          	sh	a5,16(s0)
    80004152:	bfb1                	j	800040ae <__sfvwrite_r+0x194>
    80004154:	6c1c                	ld	a5,24(s0)
    80004156:	00a7e563          	bltu	a5,a0,80004160 <__sfvwrite_r+0x246>
    8000415a:	5014                	lw	a3,32(s0)
    8000415c:	02dcf763          	bgeu	s9,a3,8000418a <__sfvwrite_r+0x270>
    80004160:	009cf363          	bgeu	s9,s1,80004166 <__sfvwrite_r+0x24c>
    80004164:	84e6                	mv	s1,s9
    80004166:	8626                	mv	a2,s1
    80004168:	85d6                	mv	a1,s5
    8000416a:	c48ff0ef          	jal	800035b2 <memmove>
    8000416e:	445c                	lw	a5,12(s0)
    80004170:	4097873b          	subw	a4,a5,s1
    80004174:	601c                	ld	a5,0(s0)
    80004176:	c458                	sw	a4,12(s0)
    80004178:	97a6                	add	a5,a5,s1
    8000417a:	e01c                	sd	a5,0(s0)
    8000417c:	f34d                	bnez	a4,8000411e <__sfvwrite_r+0x204>
    8000417e:	85a2                	mv	a1,s0
    80004180:	854a                	mv	a0,s2
    80004182:	d37ff0ef          	jal	80003eb8 <_fflush_r>
    80004186:	dd41                	beqz	a0,8000411e <__sfvwrite_r+0x204>
    80004188:	b735                	j	800040b4 <__sfvwrite_r+0x19a>
    8000418a:	87e6                	mv	a5,s9
    8000418c:	019b7363          	bgeu	s6,s9,80004192 <__sfvwrite_r+0x278>
    80004190:	87da                	mv	a5,s6
    80004192:	02d7c7bb          	divw	a5,a5,a3
    80004196:	6438                	ld	a4,72(s0)
    80004198:	7c0c                	ld	a1,56(s0)
    8000419a:	8656                	mv	a2,s5
    8000419c:	854a                	mv	a0,s2
    8000419e:	02d786bb          	mulw	a3,a5,a3
    800041a2:	9702                	jalr	a4
    800041a4:	84aa                	mv	s1,a0
    800041a6:	f6a04ce3          	bgtz	a0,8000411e <__sfvwrite_r+0x204>
    800041aa:	b729                	j	800040b4 <__sfvwrite_r+0x19a>
    800041ac:	0009bb83          	ld	s7,0(s3)
    800041b0:	0089bb03          	ld	s6,8(s3)
    800041b4:	4501                	li	a0,0
    800041b6:	09c1                	addi	s3,s3,16
    800041b8:	bb55                	j	80003f6c <__sfvwrite_r+0x52>
    800041ba:	001b0a9b          	addiw	s5,s6,1 # ffffffff80000001 <__heap_end+0xfffffffefffd9001>
    800041be:	b3e1                	j	80003f86 <__sfvwrite_r+0x6c>
    800041c0:	00dc4b63          	blt	s8,a3,800041d6 <__sfvwrite_r+0x2bc>
    800041c4:	643c                	ld	a5,72(s0)
    800041c6:	7c0c                	ld	a1,56(s0)
    800041c8:	865e                	mv	a2,s7
    800041ca:	854a                	mv	a0,s2
    800041cc:	9782                	jalr	a5
    800041ce:	84aa                	mv	s1,a0
    800041d0:	dea045e3          	bgtz	a0,80003fba <__sfvwrite_r+0xa0>
    800041d4:	b5c5                	j	800040b4 <__sfvwrite_r+0x19a>
    800041d6:	8662                	mv	a2,s8
    800041d8:	85de                	mv	a1,s7
    800041da:	bd8ff0ef          	jal	800035b2 <memmove>
    800041de:	445c                	lw	a5,12(s0)
    800041e0:	84e2                	mv	s1,s8
    800041e2:	418787bb          	subw	a5,a5,s8
    800041e6:	c45c                	sw	a5,12(s0)
    800041e8:	601c                	ld	a5,0(s0)
    800041ea:	97e2                	add	a5,a5,s8
    800041ec:	e01c                	sd	a5,0(s0)
    800041ee:	b3f1                	j	80003fba <__sfvwrite_r+0xa0>

00000000800041f0 <__swbuf_r>:
    800041f0:	7179                	addi	sp,sp,-48
    800041f2:	f022                	sd	s0,32(sp)
    800041f4:	ec26                	sd	s1,24(sp)
    800041f6:	e84a                	sd	s2,16(sp)
    800041f8:	f406                	sd	ra,40(sp)
    800041fa:	e44e                	sd	s3,8(sp)
    800041fc:	892a                	mv	s2,a0
    800041fe:	84ae                	mv	s1,a1
    80004200:	8432                	mv	s0,a2
    80004202:	c509                	beqz	a0,8000420c <__swbuf_r+0x1c>
    80004204:	613c                	ld	a5,64(a0)
    80004206:	e399                	bnez	a5,8000420c <__swbuf_r+0x1c>
    80004208:	fcffe0ef          	jal	800031d6 <__sinit>
    8000420c:	541c                	lw	a5,40(s0)
    8000420e:	c45c                	sw	a5,12(s0)
    80004210:	01045783          	lhu	a5,16(s0)
    80004214:	8ba1                	andi	a5,a5,8
    80004216:	c399                	beqz	a5,8000421c <__swbuf_r+0x2c>
    80004218:	6c1c                	ld	a5,24(s0)
    8000421a:	ef99                	bnez	a5,80004238 <__swbuf_r+0x48>
    8000421c:	85a2                	mv	a1,s0
    8000421e:	854a                	mv	a0,s2
    80004220:	07a000ef          	jal	8000429a <__swsetup_r>
    80004224:	c911                	beqz	a0,80004238 <__swbuf_r+0x48>
    80004226:	54fd                	li	s1,-1
    80004228:	70a2                	ld	ra,40(sp)
    8000422a:	7402                	ld	s0,32(sp)
    8000422c:	6942                	ld	s2,16(sp)
    8000422e:	69a2                	ld	s3,8(sp)
    80004230:	8526                	mv	a0,s1
    80004232:	64e2                	ld	s1,24(sp)
    80004234:	6145                	addi	sp,sp,48
    80004236:	8082                	ret
    80004238:	601c                	ld	a5,0(s0)
    8000423a:	6c18                	ld	a4,24(s0)
    8000423c:	0ff4f993          	zext.b	s3,s1
    80004240:	84ce                	mv	s1,s3
    80004242:	40e7853b          	subw	a0,a5,a4
    80004246:	501c                	lw	a5,32(s0)
    80004248:	00f54763          	blt	a0,a5,80004256 <__swbuf_r+0x66>
    8000424c:	85a2                	mv	a1,s0
    8000424e:	854a                	mv	a0,s2
    80004250:	c69ff0ef          	jal	80003eb8 <_fflush_r>
    80004254:	f969                	bnez	a0,80004226 <__swbuf_r+0x36>
    80004256:	445c                	lw	a5,12(s0)
    80004258:	37fd                	addiw	a5,a5,-1
    8000425a:	c45c                	sw	a5,12(s0)
    8000425c:	601c                	ld	a5,0(s0)
    8000425e:	00178713          	addi	a4,a5,1
    80004262:	e018                	sd	a4,0(s0)
    80004264:	01378023          	sb	s3,0(a5)
    80004268:	5018                	lw	a4,32(s0)
    8000426a:	0015079b          	addiw	a5,a0,1
    8000426e:	00f70963          	beq	a4,a5,80004280 <__swbuf_r+0x90>
    80004272:	01045783          	lhu	a5,16(s0)
    80004276:	8b85                	andi	a5,a5,1
    80004278:	dbc5                	beqz	a5,80004228 <__swbuf_r+0x38>
    8000427a:	47a9                	li	a5,10
    8000427c:	faf496e3          	bne	s1,a5,80004228 <__swbuf_r+0x38>
    80004280:	85a2                	mv	a1,s0
    80004282:	854a                	mv	a0,s2
    80004284:	c35ff0ef          	jal	80003eb8 <_fflush_r>
    80004288:	d145                	beqz	a0,80004228 <__swbuf_r+0x38>
    8000428a:	bf71                	j	80004226 <__swbuf_r+0x36>

000000008000428c <__swbuf>:
    8000428c:	862e                	mv	a2,a1
    8000428e:	85aa                	mv	a1,a0
    80004290:	00001517          	auipc	a0,0x1
    80004294:	7a853503          	ld	a0,1960(a0) # 80005a38 <_impure_ptr>
    80004298:	bfa1                	j	800041f0 <__swbuf_r>

000000008000429a <__swsetup_r>:
    8000429a:	1101                	addi	sp,sp,-32
    8000429c:	e822                	sd	s0,16(sp)
    8000429e:	e426                	sd	s1,8(sp)
    800042a0:	ec06                	sd	ra,24(sp)
    800042a2:	84aa                	mv	s1,a0
    800042a4:	00001517          	auipc	a0,0x1
    800042a8:	79453503          	ld	a0,1940(a0) # 80005a38 <_impure_ptr>
    800042ac:	842e                	mv	s0,a1
    800042ae:	c509                	beqz	a0,800042b8 <__swsetup_r+0x1e>
    800042b0:	613c                	ld	a5,64(a0)
    800042b2:	e399                	bnez	a5,800042b8 <__swsetup_r+0x1e>
    800042b4:	f23fe0ef          	jal	800031d6 <__sinit>
    800042b8:	01041783          	lh	a5,16(s0)
    800042bc:	0087f713          	andi	a4,a5,8
    800042c0:	eb29                	bnez	a4,80004312 <__swsetup_r+0x78>
    800042c2:	0107f713          	andi	a4,a5,16
    800042c6:	eb09                	bnez	a4,800042d8 <__swsetup_r+0x3e>
    800042c8:	4725                	li	a4,9
    800042ca:	c098                	sw	a4,0(s1)
    800042cc:	0407e793          	ori	a5,a5,64
    800042d0:	00f41823          	sh	a5,16(s0)
    800042d4:	557d                	li	a0,-1
    800042d6:	a8ad                	j	80004350 <__swsetup_r+0xb6>
    800042d8:	8b91                	andi	a5,a5,4
    800042da:	c795                	beqz	a5,80004306 <__swsetup_r+0x6c>
    800042dc:	702c                	ld	a1,96(s0)
    800042de:	c991                	beqz	a1,800042f2 <__swsetup_r+0x58>
    800042e0:	07c40793          	addi	a5,s0,124
    800042e4:	00f58563          	beq	a1,a5,800042ee <__swsetup_r+0x54>
    800042e8:	8526                	mv	a0,s1
    800042ea:	b24ff0ef          	jal	8000360e <_free_r>
    800042ee:	06043023          	sd	zero,96(s0)
    800042f2:	01045783          	lhu	a5,16(s0)
    800042f6:	00042423          	sw	zero,8(s0)
    800042fa:	fdb7f793          	andi	a5,a5,-37
    800042fe:	00f41823          	sh	a5,16(s0)
    80004302:	6c1c                	ld	a5,24(s0)
    80004304:	e01c                	sd	a5,0(s0)
    80004306:	01045783          	lhu	a5,16(s0)
    8000430a:	0087e793          	ori	a5,a5,8
    8000430e:	00f41823          	sh	a5,16(s0)
    80004312:	6c1c                	ld	a5,24(s0)
    80004314:	ef89                	bnez	a5,8000432e <__swsetup_r+0x94>
    80004316:	01045783          	lhu	a5,16(s0)
    8000431a:	20000713          	li	a4,512
    8000431e:	2807f793          	andi	a5,a5,640
    80004322:	00e78663          	beq	a5,a4,8000432e <__swsetup_r+0x94>
    80004326:	85a2                	mv	a1,s0
    80004328:	8526                	mv	a0,s1
    8000432a:	2c4000ef          	jal	800045ee <__smakebuf_r>
    8000432e:	01041783          	lh	a5,16(s0)
    80004332:	0017f713          	andi	a4,a5,1
    80004336:	c315                	beqz	a4,8000435a <__swsetup_r+0xc0>
    80004338:	5018                	lw	a4,32(s0)
    8000433a:	00042623          	sw	zero,12(s0)
    8000433e:	40e0073b          	negw	a4,a4
    80004342:	d418                	sw	a4,40(s0)
    80004344:	6c18                	ld	a4,24(s0)
    80004346:	4501                	li	a0,0
    80004348:	e701                	bnez	a4,80004350 <__swsetup_r+0xb6>
    8000434a:	0807f713          	andi	a4,a5,128
    8000434e:	ff3d                	bnez	a4,800042cc <__swsetup_r+0x32>
    80004350:	60e2                	ld	ra,24(sp)
    80004352:	6442                	ld	s0,16(sp)
    80004354:	64a2                	ld	s1,8(sp)
    80004356:	6105                	addi	sp,sp,32
    80004358:	8082                	ret
    8000435a:	0027f713          	andi	a4,a5,2
    8000435e:	4681                	li	a3,0
    80004360:	e311                	bnez	a4,80004364 <__swsetup_r+0xca>
    80004362:	5014                	lw	a3,32(s0)
    80004364:	c454                	sw	a3,12(s0)
    80004366:	bff9                	j	80004344 <__swsetup_r+0xaa>

0000000080004368 <memchr>:
    80004368:	0ff5f593          	zext.b	a1,a1
    8000436c:	962a                	add	a2,a2,a0
    8000436e:	00c51463          	bne	a0,a2,80004376 <memchr+0xe>
    80004372:	4501                	li	a0,0
    80004374:	8082                	ret
    80004376:	00054783          	lbu	a5,0(a0)
    8000437a:	feb78de3          	beq	a5,a1,80004374 <memchr+0xc>
    8000437e:	0505                	addi	a0,a0,1
    80004380:	b7fd                	j	8000436e <memchr+0x6>

0000000080004382 <_init_signal_r>:
    80004382:	793c                	ld	a5,112(a0)
    80004384:	eb95                	bnez	a5,800043b8 <_init_signal_r+0x36>
    80004386:	1141                	addi	sp,sp,-16
    80004388:	10000593          	li	a1,256
    8000438c:	e022                	sd	s0,0(sp)
    8000438e:	e406                	sd	ra,8(sp)
    80004390:	842a                	mv	s0,a0
    80004392:	b59fe0ef          	jal	80002eea <_malloc_r>
    80004396:	87aa                	mv	a5,a0
    80004398:	f828                	sd	a0,112(s0)
    8000439a:	557d                	li	a0,-1
    8000439c:	cb91                	beqz	a5,800043b0 <_init_signal_r+0x2e>
    8000439e:	853e                	mv	a0,a5
    800043a0:	10078793          	addi	a5,a5,256
    800043a4:	00053023          	sd	zero,0(a0)
    800043a8:	0521                	addi	a0,a0,8
    800043aa:	fef51de3          	bne	a0,a5,800043a4 <_init_signal_r+0x22>
    800043ae:	4501                	li	a0,0
    800043b0:	60a2                	ld	ra,8(sp)
    800043b2:	6402                	ld	s0,0(sp)
    800043b4:	0141                	addi	sp,sp,16
    800043b6:	8082                	ret
    800043b8:	4501                	li	a0,0
    800043ba:	8082                	ret

00000000800043bc <_signal_r>:
    800043bc:	1101                	addi	sp,sp,-32
    800043be:	e426                	sd	s1,8(sp)
    800043c0:	ec06                	sd	ra,24(sp)
    800043c2:	e822                	sd	s0,16(sp)
    800043c4:	e04a                	sd	s2,0(sp)
    800043c6:	47fd                	li	a5,31
    800043c8:	84aa                	mv	s1,a0
    800043ca:	00b7f663          	bgeu	a5,a1,800043d6 <_signal_r+0x1a>
    800043ce:	47d9                	li	a5,22
    800043d0:	c11c                	sw	a5,0(a0)
    800043d2:	557d                	li	a0,-1
    800043d4:	a819                	j	800043ea <_signal_r+0x2e>
    800043d6:	793c                	ld	a5,112(a0)
    800043d8:	842e                	mv	s0,a1
    800043da:	8932                	mv	s2,a2
    800043dc:	cf89                	beqz	a5,800043f6 <_signal_r+0x3a>
    800043de:	78bc                	ld	a5,112(s1)
    800043e0:	040e                	slli	s0,s0,0x3
    800043e2:	97a2                	add	a5,a5,s0
    800043e4:	6388                	ld	a0,0(a5)
    800043e6:	0127b023          	sd	s2,0(a5)
    800043ea:	60e2                	ld	ra,24(sp)
    800043ec:	6442                	ld	s0,16(sp)
    800043ee:	64a2                	ld	s1,8(sp)
    800043f0:	6902                	ld	s2,0(sp)
    800043f2:	6105                	addi	sp,sp,32
    800043f4:	8082                	ret
    800043f6:	f8dff0ef          	jal	80004382 <_init_signal_r>
    800043fa:	d175                	beqz	a0,800043de <_signal_r+0x22>
    800043fc:	bfd9                	j	800043d2 <_signal_r+0x16>

00000000800043fe <_raise_r>:
    800043fe:	1101                	addi	sp,sp,-32
    80004400:	e822                	sd	s0,16(sp)
    80004402:	ec06                	sd	ra,24(sp)
    80004404:	47fd                	li	a5,31
    80004406:	842a                	mv	s0,a0
    80004408:	00b7f963          	bgeu	a5,a1,8000441a <_raise_r+0x1c>
    8000440c:	47d9                	li	a5,22
    8000440e:	c11c                	sw	a5,0(a0)
    80004410:	557d                	li	a0,-1
    80004412:	60e2                	ld	ra,24(sp)
    80004414:	6442                	ld	s0,16(sp)
    80004416:	6105                	addi	sp,sp,32
    80004418:	8082                	ret
    8000441a:	793c                	ld	a5,112(a0)
    8000441c:	862e                	mv	a2,a1
    8000441e:	c791                	beqz	a5,8000442a <_raise_r+0x2c>
    80004420:	00359713          	slli	a4,a1,0x3
    80004424:	97ba                	add	a5,a5,a4
    80004426:	6398                	ld	a4,0(a5)
    80004428:	ef01                	bnez	a4,80004440 <_raise_r+0x42>
    8000442a:	8522                	mv	a0,s0
    8000442c:	e432                	sd	a2,8(sp)
    8000442e:	0e2000ef          	jal	80004510 <_getpid_r>
    80004432:	85aa                	mv	a1,a0
    80004434:	8522                	mv	a0,s0
    80004436:	6442                	ld	s0,16(sp)
    80004438:	6622                	ld	a2,8(sp)
    8000443a:	60e2                	ld	ra,24(sp)
    8000443c:	6105                	addi	sp,sp,32
    8000443e:	a065                	j	800044e6 <_kill_r>
    80004440:	4685                	li	a3,1
    80004442:	00d70d63          	beq	a4,a3,8000445c <_raise_r+0x5e>
    80004446:	56fd                	li	a3,-1
    80004448:	00d71663          	bne	a4,a3,80004454 <_raise_r+0x56>
    8000444c:	47d9                	li	a5,22
    8000444e:	c11c                	sw	a5,0(a0)
    80004450:	4505                	li	a0,1
    80004452:	b7c1                	j	80004412 <_raise_r+0x14>
    80004454:	0007b023          	sd	zero,0(a5)
    80004458:	852e                	mv	a0,a1
    8000445a:	9702                	jalr	a4
    8000445c:	4501                	li	a0,0
    8000445e:	bf55                	j	80004412 <_raise_r+0x14>

0000000080004460 <__sigtramp_r>:
    80004460:	47fd                	li	a5,31
    80004462:	00b7f463          	bgeu	a5,a1,8000446a <__sigtramp_r+0xa>
    80004466:	557d                	li	a0,-1
    80004468:	8082                	ret
    8000446a:	793c                	ld	a5,112(a0)
    8000446c:	1101                	addi	sp,sp,-32
    8000446e:	e822                	sd	s0,16(sp)
    80004470:	e426                	sd	s1,8(sp)
    80004472:	ec06                	sd	ra,24(sp)
    80004474:	84aa                	mv	s1,a0
    80004476:	842e                	mv	s0,a1
    80004478:	c795                	beqz	a5,800044a4 <__sigtramp_r+0x44>
    8000447a:	78b8                	ld	a4,112(s1)
    8000447c:	00341793          	slli	a5,s0,0x3
    80004480:	4505                	li	a0,1
    80004482:	973e                	add	a4,a4,a5
    80004484:	631c                	ld	a5,0(a4)
    80004486:	c39d                	beqz	a5,800044ac <__sigtramp_r+0x4c>
    80004488:	56fd                	li	a3,-1
    8000448a:	4509                	li	a0,2
    8000448c:	02d78063          	beq	a5,a3,800044ac <__sigtramp_r+0x4c>
    80004490:	4685                	li	a3,1
    80004492:	450d                	li	a0,3
    80004494:	00d78c63          	beq	a5,a3,800044ac <__sigtramp_r+0x4c>
    80004498:	8522                	mv	a0,s0
    8000449a:	00073023          	sd	zero,0(a4)
    8000449e:	9782                	jalr	a5
    800044a0:	4501                	li	a0,0
    800044a2:	a029                	j	800044ac <__sigtramp_r+0x4c>
    800044a4:	edfff0ef          	jal	80004382 <_init_signal_r>
    800044a8:	d969                	beqz	a0,8000447a <__sigtramp_r+0x1a>
    800044aa:	557d                	li	a0,-1
    800044ac:	60e2                	ld	ra,24(sp)
    800044ae:	6442                	ld	s0,16(sp)
    800044b0:	64a2                	ld	s1,8(sp)
    800044b2:	6105                	addi	sp,sp,32
    800044b4:	8082                	ret

00000000800044b6 <raise>:
    800044b6:	85aa                	mv	a1,a0
    800044b8:	00001517          	auipc	a0,0x1
    800044bc:	58053503          	ld	a0,1408(a0) # 80005a38 <_impure_ptr>
    800044c0:	bf3d                	j	800043fe <_raise_r>

00000000800044c2 <signal>:
    800044c2:	862e                	mv	a2,a1
    800044c4:	85aa                	mv	a1,a0
    800044c6:	00001517          	auipc	a0,0x1
    800044ca:	57253503          	ld	a0,1394(a0) # 80005a38 <_impure_ptr>
    800044ce:	b5fd                	j	800043bc <_signal_r>

00000000800044d0 <_init_signal>:
    800044d0:	00001517          	auipc	a0,0x1
    800044d4:	56853503          	ld	a0,1384(a0) # 80005a38 <_impure_ptr>
    800044d8:	b56d                	j	80004382 <_init_signal_r>

00000000800044da <__sigtramp>:
    800044da:	85aa                	mv	a1,a0
    800044dc:	00001517          	auipc	a0,0x1
    800044e0:	55c53503          	ld	a0,1372(a0) # 80005a38 <_impure_ptr>
    800044e4:	bfb5                	j	80004460 <__sigtramp_r>

00000000800044e6 <_kill_r>:
    800044e6:	1141                	addi	sp,sp,-16
    800044e8:	e022                	sd	s0,0(sp)
    800044ea:	842a                	mv	s0,a0
    800044ec:	852e                	mv	a0,a1
    800044ee:	85b2                	mv	a1,a2
    800044f0:	8801a423          	sw	zero,-1912(gp) # 80005ac0 <errno>
    800044f4:	e406                	sd	ra,8(sp)
    800044f6:	256000ef          	jal	8000474c <_kill>
    800044fa:	57fd                	li	a5,-1
    800044fc:	00f51663          	bne	a0,a5,80004508 <_kill_r+0x22>
    80004500:	8881a783          	lw	a5,-1912(gp) # 80005ac0 <errno>
    80004504:	c391                	beqz	a5,80004508 <_kill_r+0x22>
    80004506:	c01c                	sw	a5,0(s0)
    80004508:	60a2                	ld	ra,8(sp)
    8000450a:	6402                	ld	s0,0(sp)
    8000450c:	0141                	addi	sp,sp,16
    8000450e:	8082                	ret

0000000080004510 <_getpid_r>:
    80004510:	ac05                	j	80004740 <_getpid>

0000000080004512 <_realloc_r>:
    80004512:	7179                	addi	sp,sp,-48
    80004514:	f022                	sd	s0,32(sp)
    80004516:	f406                	sd	ra,40(sp)
    80004518:	ec26                	sd	s1,24(sp)
    8000451a:	e84a                	sd	s2,16(sp)
    8000451c:	e44e                	sd	s3,8(sp)
    8000451e:	e052                	sd	s4,0(sp)
    80004520:	8432                	mv	s0,a2
    80004522:	e999                	bnez	a1,80004538 <_realloc_r+0x26>
    80004524:	7402                	ld	s0,32(sp)
    80004526:	70a2                	ld	ra,40(sp)
    80004528:	64e2                	ld	s1,24(sp)
    8000452a:	6942                	ld	s2,16(sp)
    8000452c:	69a2                	ld	s3,8(sp)
    8000452e:	6a02                	ld	s4,0(sp)
    80004530:	85b2                	mv	a1,a2
    80004532:	6145                	addi	sp,sp,48
    80004534:	9b7fe06f          	j	80002eea <_malloc_r>
    80004538:	ee09                	bnez	a2,80004552 <_realloc_r+0x40>
    8000453a:	8d4ff0ef          	jal	8000360e <_free_r>
    8000453e:	4481                	li	s1,0
    80004540:	70a2                	ld	ra,40(sp)
    80004542:	7402                	ld	s0,32(sp)
    80004544:	6942                	ld	s2,16(sp)
    80004546:	69a2                	ld	s3,8(sp)
    80004548:	6a02                	ld	s4,0(sp)
    8000454a:	8526                	mv	a0,s1
    8000454c:	64e2                	ld	s1,24(sp)
    8000454e:	6145                	addi	sp,sp,48
    80004550:	8082                	ret
    80004552:	8a2a                	mv	s4,a0
    80004554:	84ae                	mv	s1,a1
    80004556:	188000ef          	jal	800046de <_malloc_usable_size_r>
    8000455a:	892a                	mv	s2,a0
    8000455c:	00856663          	bltu	a0,s0,80004568 <_realloc_r+0x56>
    80004560:	00155793          	srli	a5,a0,0x1
    80004564:	fc87eee3          	bltu	a5,s0,80004540 <_realloc_r+0x2e>
    80004568:	85a2                	mv	a1,s0
    8000456a:	8552                	mv	a0,s4
    8000456c:	97ffe0ef          	jal	80002eea <_malloc_r>
    80004570:	89aa                	mv	s3,a0
    80004572:	e119                	bnez	a0,80004578 <_realloc_r+0x66>
    80004574:	84ce                	mv	s1,s3
    80004576:	b7e9                	j	80004540 <_realloc_r+0x2e>
    80004578:	8622                	mv	a2,s0
    8000457a:	00897363          	bgeu	s2,s0,80004580 <_realloc_r+0x6e>
    8000457e:	864a                	mv	a2,s2
    80004580:	85a6                	mv	a1,s1
    80004582:	854e                	mv	a0,s3
    80004584:	864ff0ef          	jal	800035e8 <memcpy>
    80004588:	85a6                	mv	a1,s1
    8000458a:	8552                	mv	a0,s4
    8000458c:	882ff0ef          	jal	8000360e <_free_r>
    80004590:	b7d5                	j	80004574 <_realloc_r+0x62>

0000000080004592 <__swhatbuf_r>:
    80004592:	7175                	addi	sp,sp,-144
    80004594:	e122                	sd	s0,128(sp)
    80004596:	842e                	mv	s0,a1
    80004598:	01259583          	lh	a1,18(a1)
    8000459c:	fca6                	sd	s1,120(sp)
    8000459e:	f8ca                	sd	s2,112(sp)
    800045a0:	e506                	sd	ra,136(sp)
    800045a2:	84b2                	mv	s1,a2
    800045a4:	8936                	mv	s2,a3
    800045a6:	0205d363          	bgez	a1,800045cc <__swhatbuf_r+0x3a>
    800045aa:	01045783          	lhu	a5,16(s0)
    800045ae:	0807f793          	andi	a5,a5,128
    800045b2:	eb95                	bnez	a5,800045e6 <__swhatbuf_r+0x54>
    800045b4:	40000713          	li	a4,1024
    800045b8:	60aa                	ld	ra,136(sp)
    800045ba:	640a                	ld	s0,128(sp)
    800045bc:	00f92023          	sw	a5,0(s2)
    800045c0:	e098                	sd	a4,0(s1)
    800045c2:	7946                	ld	s2,112(sp)
    800045c4:	74e6                	ld	s1,120(sp)
    800045c6:	4501                	li	a0,0
    800045c8:	6149                	addi	sp,sp,144
    800045ca:	8082                	ret
    800045cc:	0030                	addi	a2,sp,8
    800045ce:	0be000ef          	jal	8000468c <_fstat_r>
    800045d2:	fc054ce3          	bltz	a0,800045aa <__swhatbuf_r+0x18>
    800045d6:	47b2                	lw	a5,12(sp)
    800045d8:	673d                	lui	a4,0xf
    800045da:	8ff9                	and	a5,a5,a4
    800045dc:	6709                	lui	a4,0x2
    800045de:	8f99                	sub	a5,a5,a4
    800045e0:	0017b793          	seqz	a5,a5
    800045e4:	bfc1                	j	800045b4 <__swhatbuf_r+0x22>
    800045e6:	4781                	li	a5,0
    800045e8:	04000713          	li	a4,64
    800045ec:	b7f1                	j	800045b8 <__swhatbuf_r+0x26>

00000000800045ee <__smakebuf_r>:
    800045ee:	0105d783          	lhu	a5,16(a1)
    800045f2:	7139                	addi	sp,sp,-64
    800045f4:	f822                	sd	s0,48(sp)
    800045f6:	fc06                	sd	ra,56(sp)
    800045f8:	f426                	sd	s1,40(sp)
    800045fa:	f04a                	sd	s2,32(sp)
    800045fc:	ec4e                	sd	s3,24(sp)
    800045fe:	8b89                	andi	a5,a5,2
    80004600:	842e                	mv	s0,a1
    80004602:	cf91                	beqz	a5,8000461e <__smakebuf_r+0x30>
    80004604:	07f40793          	addi	a5,s0,127
    80004608:	e01c                	sd	a5,0(s0)
    8000460a:	ec1c                	sd	a5,24(s0)
    8000460c:	4785                	li	a5,1
    8000460e:	d01c                	sw	a5,32(s0)
    80004610:	70e2                	ld	ra,56(sp)
    80004612:	7442                	ld	s0,48(sp)
    80004614:	74a2                	ld	s1,40(sp)
    80004616:	7902                	ld	s2,32(sp)
    80004618:	69e2                	ld	s3,24(sp)
    8000461a:	6121                	addi	sp,sp,64
    8000461c:	8082                	ret
    8000461e:	0054                	addi	a3,sp,4
    80004620:	0030                	addi	a2,sp,8
    80004622:	84aa                	mv	s1,a0
    80004624:	f6fff0ef          	jal	80004592 <__swhatbuf_r>
    80004628:	69a2                	ld	s3,8(sp)
    8000462a:	892a                	mv	s2,a0
    8000462c:	8526                	mv	a0,s1
    8000462e:	85ce                	mv	a1,s3
    80004630:	8bbfe0ef          	jal	80002eea <_malloc_r>
    80004634:	ed01                	bnez	a0,8000464c <__smakebuf_r+0x5e>
    80004636:	01041783          	lh	a5,16(s0)
    8000463a:	2007f713          	andi	a4,a5,512
    8000463e:	fb69                	bnez	a4,80004610 <__smakebuf_r+0x22>
    80004640:	9bf1                	andi	a5,a5,-4
    80004642:	0027e793          	ori	a5,a5,2
    80004646:	00f41823          	sh	a5,16(s0)
    8000464a:	bf6d                	j	80004604 <__smakebuf_r+0x16>
    8000464c:	01045783          	lhu	a5,16(s0)
    80004650:	e008                	sd	a0,0(s0)
    80004652:	ec08                	sd	a0,24(s0)
    80004654:	0807e793          	ori	a5,a5,128
    80004658:	00f41823          	sh	a5,16(s0)
    8000465c:	4792                	lw	a5,4(sp)
    8000465e:	03342023          	sw	s3,32(s0)
    80004662:	cf91                	beqz	a5,8000467e <__smakebuf_r+0x90>
    80004664:	01241583          	lh	a1,18(s0)
    80004668:	8526                	mv	a0,s1
    8000466a:	04c000ef          	jal	800046b6 <_isatty_r>
    8000466e:	c901                	beqz	a0,8000467e <__smakebuf_r+0x90>
    80004670:	01045783          	lhu	a5,16(s0)
    80004674:	9bf1                	andi	a5,a5,-4
    80004676:	0017e793          	ori	a5,a5,1
    8000467a:	00f41823          	sh	a5,16(s0)
    8000467e:	01045783          	lhu	a5,16(s0)
    80004682:	0127e533          	or	a0,a5,s2
    80004686:	00a41823          	sh	a0,16(s0)
    8000468a:	b759                	j	80004610 <__smakebuf_r+0x22>

000000008000468c <_fstat_r>:
    8000468c:	1141                	addi	sp,sp,-16
    8000468e:	e022                	sd	s0,0(sp)
    80004690:	842a                	mv	s0,a0
    80004692:	852e                	mv	a0,a1
    80004694:	85b2                	mv	a1,a2
    80004696:	8801a423          	sw	zero,-1912(gp) # 80005ac0 <errno>
    8000469a:	e406                	sd	ra,8(sp)
    8000469c:	090000ef          	jal	8000472c <_fstat>
    800046a0:	57fd                	li	a5,-1
    800046a2:	00f51663          	bne	a0,a5,800046ae <_fstat_r+0x22>
    800046a6:	8881a783          	lw	a5,-1912(gp) # 80005ac0 <errno>
    800046aa:	c391                	beqz	a5,800046ae <_fstat_r+0x22>
    800046ac:	c01c                	sw	a5,0(s0)
    800046ae:	60a2                	ld	ra,8(sp)
    800046b0:	6402                	ld	s0,0(sp)
    800046b2:	0141                	addi	sp,sp,16
    800046b4:	8082                	ret

00000000800046b6 <_isatty_r>:
    800046b6:	1141                	addi	sp,sp,-16
    800046b8:	e022                	sd	s0,0(sp)
    800046ba:	842a                	mv	s0,a0
    800046bc:	852e                	mv	a0,a1
    800046be:	8801a423          	sw	zero,-1912(gp) # 80005ac0 <errno>
    800046c2:	e406                	sd	ra,8(sp)
    800046c4:	080000ef          	jal	80004744 <_isatty>
    800046c8:	57fd                	li	a5,-1
    800046ca:	00f51663          	bne	a0,a5,800046d6 <_isatty_r+0x20>
    800046ce:	8881a783          	lw	a5,-1912(gp) # 80005ac0 <errno>
    800046d2:	c391                	beqz	a5,800046d6 <_isatty_r+0x20>
    800046d4:	c01c                	sw	a5,0(s0)
    800046d6:	60a2                	ld	ra,8(sp)
    800046d8:	6402                	ld	s0,0(sp)
    800046da:	0141                	addi	sp,sp,16
    800046dc:	8082                	ret

00000000800046de <_malloc_usable_size_r>:
    800046de:	ff85b503          	ld	a0,-8(a1)
    800046e2:	0005079b          	sext.w	a5,a0
    800046e6:	1561                	addi	a0,a0,-8
    800046e8:	0007d663          	bgez	a5,800046f4 <_malloc_usable_size_r+0x16>
    800046ec:	95aa                	add	a1,a1,a0
    800046ee:	6188                	ld	a0,0(a1)
    800046f0:	17e1                	addi	a5,a5,-8
    800046f2:	953e                	add	a0,a0,a5
    800046f4:	8082                	ret

00000000800046f6 <_close>:
#include <errno.h>
#include "syscall.h"

int _close(int file)
{
    800046f6:	1141                	addi	sp,sp,-16
    800046f8:	e406                	sd	ra,8(sp)
    errno = EBADF;
    800046fa:	eaffe0ef          	jal	800035a8 <__errno>
    return -1;
}
    800046fe:	60a2                	ld	ra,8(sp)
    errno = EBADF;
    80004700:	47a5                	li	a5,9
    80004702:	c11c                	sw	a5,0(a0)
}
    80004704:	557d                	li	a0,-1
    80004706:	0141                	addi	sp,sp,16
    80004708:	8082                	ret

000000008000470a <_exit>:
#include "syscall.h"
#include "htif.h"

void __attribute__ ((noreturn)) _exit(int code)
{
    uint64_t cmd = HTIF_TOHOST(0, 0, (code << 1) | 0x1);
    8000470a:	0015179b          	slliw	a5,a0,0x1
    8000470e:	0017e793          	ori	a5,a5,1
    80004712:	2781                	sext.w	a5,a5
    80004714:	07c2                	slli	a5,a5,0x10
    80004716:	83c1                	srli	a5,a5,0x10
    80004718:	00001717          	auipc	a4,0x1
    8000471c:	26870713          	addi	a4,a4,616 # 80005980 <tohost>
    for (;;) {
        fromhost = 0;
    80004720:	00001697          	auipc	a3,0x1
    80004724:	2606b423          	sd	zero,616(a3) # 80005988 <fromhost>
        tohost = cmd;
    80004728:	e31c                	sd	a5,0(a4)
    for (;;) {
    8000472a:	bfdd                	j	80004720 <_exit+0x16>

000000008000472c <_fstat>:
#include <errno.h>
#include <sys/stat.h>
#include "syscall.h"

int _fstat(int file, struct stat *st)
{
    8000472c:	1141                	addi	sp,sp,-16
    8000472e:	e406                	sd	ra,8(sp)
    errno = EBADF;
    80004730:	e79fe0ef          	jal	800035a8 <__errno>
    return -1;
}
    80004734:	60a2                	ld	ra,8(sp)
    errno = EBADF;
    80004736:	47a5                	li	a5,9
    80004738:	c11c                	sw	a5,0(a0)
}
    8000473a:	557d                	li	a0,-1
    8000473c:	0141                	addi	sp,sp,16
    8000473e:	8082                	ret

0000000080004740 <_getpid>:
#include "syscall.h"

int _getpid(void)
{
    return 1;
}
    80004740:	4505                	li	a0,1
    80004742:	8082                	ret

0000000080004744 <_isatty>:
#include <unistd.h>
#include "syscall.h"

int _isatty(int file)
{
    return (file == STDOUT_FILENO || file == STDERR_FILENO);
    80004744:	357d                	addiw	a0,a0,-1
}
    80004746:	00253513          	sltiu	a0,a0,2
    8000474a:	8082                	ret

000000008000474c <_kill>:
#include <errno.h>
#include "syscall.h"

int _kill(int pid, int sig)
{
    8000474c:	1141                	addi	sp,sp,-16
    8000474e:	e406                	sd	ra,8(sp)
    errno = EINVAL;
    80004750:	e59fe0ef          	jal	800035a8 <__errno>
    return -1;
}
    80004754:	60a2                	ld	ra,8(sp)
    errno = EINVAL;
    80004756:	47d9                	li	a5,22
    80004758:	c11c                	sw	a5,0(a0)
}
    8000475a:	557d                	li	a0,-1
    8000475c:	0141                	addi	sp,sp,16
    8000475e:	8082                	ret

0000000080004760 <_lseek>:
#include <errno.h>
#include <sys/types.h>
#include "syscall.h"

off_t _lseek(int file, off_t ptr, int dir)
{
    80004760:	1141                	addi	sp,sp,-16
    80004762:	e406                	sd	ra,8(sp)
    errno = EBADF;
    80004764:	e45fe0ef          	jal	800035a8 <__errno>
    return -1;
}
    80004768:	60a2                	ld	ra,8(sp)
    errno = EBADF;
    8000476a:	47a5                	li	a5,9
    8000476c:	c11c                	sw	a5,0(a0)
}
    8000476e:	557d                	li	a0,-1
    80004770:	0141                	addi	sp,sp,16
    80004772:	8082                	ret

0000000080004774 <_read>:
#include <errno.h>
#include <sys/types.h>
#include "syscall.h"

ssize_t _read(int file, void *ptr, size_t len)
{
    80004774:	1141                	addi	sp,sp,-16
    80004776:	e406                	sd	ra,8(sp)
    errno = ENOSYS;
    80004778:	e31fe0ef          	jal	800035a8 <__errno>
    return -1;
}
    8000477c:	60a2                	ld	ra,8(sp)
    errno = ENOSYS;
    8000477e:	05800793          	li	a5,88
    80004782:	c11c                	sw	a5,0(a0)
}
    80004784:	557d                	li	a0,-1
    80004786:	0141                	addi	sp,sp,16
    80004788:	8082                	ret

000000008000478a <_sbrk>:
{
    extern char __heap_end[];
    char *newbrk;
    char *oldbrk;

    oldbrk = curbrk;
    8000478a:	00001717          	auipc	a4,0x1
    8000478e:	2b670713          	addi	a4,a4,694 # 80005a40 <curbrk>
    80004792:	631c                	ld	a5,0(a4)
    newbrk = oldbrk + incr;
    if (unlikely((newbrk < _end) || (newbrk >= __heap_end))) {
    80004794:	00002697          	auipc	a3,0x2
    80004798:	30c68693          	addi	a3,a3,780 # 80006aa0 <_end>
    newbrk = oldbrk + incr;
    8000479c:	953e                	add	a0,a0,a5
    if (unlikely((newbrk < _end) || (newbrk >= __heap_end))) {
    8000479e:	00d56b63          	bltu	a0,a3,800047b4 <_sbrk+0x2a>
    800047a2:	00023697          	auipc	a3,0x23
    800047a6:	85e68693          	addi	a3,a3,-1954 # 80027000 <__heap_end>
    800047aa:	00d57563          	bgeu	a0,a3,800047b4 <_sbrk+0x2a>
        errno = ENOMEM;
        return (void *)(-1);
    }

    curbrk = newbrk;
    800047ae:	e308                	sd	a0,0(a4)
    return oldbrk;
}
    800047b0:	853e                	mv	a0,a5
    800047b2:	8082                	ret
{
    800047b4:	1141                	addi	sp,sp,-16
    800047b6:	e406                	sd	ra,8(sp)
        errno = ENOMEM;
    800047b8:	df1fe0ef          	jal	800035a8 <__errno>
}
    800047bc:	60a2                	ld	ra,8(sp)
        errno = ENOMEM;
    800047be:	47b1                	li	a5,12
    800047c0:	c11c                	sw	a5,0(a0)
        return (void *)(-1);
    800047c2:	57fd                	li	a5,-1
}
    800047c4:	853e                	mv	a0,a5
    800047c6:	0141                	addi	sp,sp,16
    800047c8:	8082                	ret

00000000800047ca <_write>:
#include <sys/types.h>
#include "syscall.h"

ssize_t _write(int fd, const void *ptr, size_t len)
{
    return SYSCALL3(SYS_write, fd, (uintptr_t)ptr, len);
    800047ca:	04000693          	li	a3,64
    800047ce:	a80d                	j	80004800 <htif_syscall>

00000000800047d0 <__init_tls>:
#include <string.h>

void __init_tls(void)
{
    800047d0:	1141                	addi	sp,sp,-16
    extern char __tdata_start[];
    extern char __tbss_offset[];
    extern char __tdata_size[];
    extern char __tbss_size[];

    memcpy(__thread_self, __tdata_start, (size_t)__tdata_size);
    800047d2:	00000613          	li	a2,0
    800047d6:	00000597          	auipc	a1,0x0
    800047da:	25a58593          	addi	a1,a1,602 # 80004a30 <__tbss_end>
    800047de:	8512                	mv	a0,tp
{
    800047e0:	e022                	sd	s0,0(sp)
    800047e2:	e406                	sd	ra,8(sp)
    memcpy(__thread_self, __tdata_start, (size_t)__tdata_size);
    800047e4:	8412                	mv	s0,tp
    800047e6:	e03fe0ef          	jal	800035e8 <memcpy>
    memset(__thread_self + (size_t)__tbss_offset, 0, (size_t)__tbss_size);
    800047ea:	00000513          	li	a0,0
    800047ee:	9522                	add	a0,a0,s0
}
    800047f0:	6402                	ld	s0,0(sp)
    800047f2:	60a2                	ld	ra,8(sp)
    memset(__thread_self + (size_t)__tbss_offset, 0, (size_t)__tbss_size);
    800047f4:	00000613          	li	a2,0
    800047f8:	4581                	li	a1,0
}
    800047fa:	0141                	addi	sp,sp,16
    memset(__thread_self + (size_t)__tbss_offset, 0, (size_t)__tbss_size);
    800047fc:	dddfe06f          	j	800035d8 <memset>

0000000080004800 <htif_syscall>:
volatile uint64_t fromhost __attribute__ ((section (".htif")));

static spinlock_t htif_lock = SPINLOCK_INIT;

long htif_syscall(uint64_t a0, uint64_t a1, uint64_t a2, unsigned long n)
{
    80004800:	7139                	addi	sp,sp,-64
    volatile uint64_t buf[8];
    uint64_t sc;

    buf[0] = n;
    80004802:	e036                	sd	a3,0(sp)
    buf[1] = a0;
    80004804:	e42a                	sd	a0,8(sp)
    buf[2] = a1;
    buf[3] = a2;

    sc = HTIF_TOHOST(0, 0, (uintptr_t)&buf);
    80004806:	fff007b7          	lui	a5,0xfff00
    buf[2] = a1;
    8000480a:	e82e                	sd	a1,16(sp)
    sc = HTIF_TOHOST(0, 0, (uintptr_t)&buf);
    8000480c:	83c1                	srli	a5,a5,0x10
    buf[3] = a2;
    8000480e:	ec32                	sd	a2,24(sp)
    sc = HTIF_TOHOST(0, 0, (uintptr_t)&buf);
    80004810:	860a                	mv	a2,sp
    80004812:	8e7d                	and	a2,a2,a5
    spin_lock(&htif_lock);
    80004814:	89018713          	addi	a4,gp,-1904 # 80005ac8 <htif_lock>

static inline long atomic_swap_acquire(atomic_t *p, atomic_t v)
{
    long n;
#ifdef __riscv_atomic
    __asm__ __volatile__ (
    80004818:	56fd                	li	a3,-1
    return *((volatile const atomic_t *)p);
    8000481a:	431c                	lw	a5,0(a4)

static inline void spin_lock(spinlock_t *lock)
{
    do {
#ifdef __riscv_atomic
        while (atomic_load(&lock->lock));
    8000481c:	fffd                	bnez	a5,8000481a <htif_syscall+0x1a>
    __asm__ __volatile__ (
    8000481e:	0cd727af          	amoswap.w.aq	a5,a3,(a4)
#endif
    } while (atomic_swap_acquire(&lock->lock, -1));
    80004822:	ffe5                	bnez	a5,8000481a <htif_syscall+0x1a>
static inline void wmb(void) { fence(w, w); }
    80004824:	0110000f          	fence	w,w
    wmb();
    tohost = sc;
    80004828:	00001697          	auipc	a3,0x1
    8000482c:	15868693          	addi	a3,a3,344 # 80005980 <tohost>
    80004830:	e290                	sd	a2,0(a3)
    while (fromhost == 0);
    80004832:	669c                	ld	a5,8(a3)
    80004834:	dffd                	beqz	a5,80004832 <htif_syscall+0x32>
    fromhost = 0;
    80004836:	00001797          	auipc	a5,0x1
    8000483a:	1407b923          	sd	zero,338(a5) # 80005988 <fromhost>
}

static inline void atomic_clear_release(atomic_t *p)
{
#ifdef __riscv_atomic
    __asm__ __volatile__ (
    8000483e:	0a07202f          	amoswap.w.rl	zero,zero,(a4)
static inline void rmb(void) { fence(r, r); }
    80004842:	0220000f          	fence	r,r
    spin_unlock(&htif_lock);

    rmb();
    return buf[0];
    80004846:	6502                	ld	a0,0(sp)
}
    80004848:	6121                	addi	sp,sp,64
    8000484a:	8082                	ret

000000008000484c <atexit>:
    8000484c:	85aa                	mv	a1,a0
    8000484e:	4681                	li	a3,0
    80004850:	4601                	li	a2,0
    80004852:	4501                	li	a0,0
    80004854:	a859                	j	800048ea <__register_exitproc>

0000000080004856 <__libc_init_array>:
    80004856:	1101                	addi	sp,sp,-32
    80004858:	e822                	sd	s0,16(sp)
    8000485a:	e426                	sd	s1,8(sp)
    8000485c:	00001417          	auipc	s0,0x1
    80004860:	0fc40413          	addi	s0,s0,252 # 80005958 <__fini_array_end>
    80004864:	00001497          	auipc	s1,0x1
    80004868:	0f448493          	addi	s1,s1,244 # 80005958 <__fini_array_end>
    8000486c:	8c81                	sub	s1,s1,s0
    8000486e:	e04a                	sd	s2,0(sp)
    80004870:	ec06                	sd	ra,24(sp)
    80004872:	848d                	srai	s1,s1,0x3
    80004874:	4901                	li	s2,0
    80004876:	02991563          	bne	s2,s1,800048a0 <__libc_init_array+0x4a>
    8000487a:	00001417          	auipc	s0,0x1
    8000487e:	0de40413          	addi	s0,s0,222 # 80005958 <__fini_array_end>
    80004882:	00001497          	auipc	s1,0x1
    80004886:	0d648493          	addi	s1,s1,214 # 80005958 <__fini_array_end>
    8000488a:	8c81                	sub	s1,s1,s0
    8000488c:	848d                	srai	s1,s1,0x3
    8000488e:	4901                	li	s2,0
    80004890:	00991d63          	bne	s2,s1,800048aa <__libc_init_array+0x54>
    80004894:	60e2                	ld	ra,24(sp)
    80004896:	6442                	ld	s0,16(sp)
    80004898:	64a2                	ld	s1,8(sp)
    8000489a:	6902                	ld	s2,0(sp)
    8000489c:	6105                	addi	sp,sp,32
    8000489e:	8082                	ret
    800048a0:	601c                	ld	a5,0(s0)
    800048a2:	0905                	addi	s2,s2,1
    800048a4:	0421                	addi	s0,s0,8
    800048a6:	9782                	jalr	a5
    800048a8:	b7f9                	j	80004876 <__libc_init_array+0x20>
    800048aa:	601c                	ld	a5,0(s0)
    800048ac:	0905                	addi	s2,s2,1
    800048ae:	0421                	addi	s0,s0,8
    800048b0:	9782                	jalr	a5
    800048b2:	bff9                	j	80004890 <__libc_init_array+0x3a>

00000000800048b4 <__libc_fini_array>:
    800048b4:	1101                	addi	sp,sp,-32
    800048b6:	e822                	sd	s0,16(sp)
    800048b8:	e426                	sd	s1,8(sp)
    800048ba:	00001417          	auipc	s0,0x1
    800048be:	09e40413          	addi	s0,s0,158 # 80005958 <__fini_array_end>
    800048c2:	00001497          	auipc	s1,0x1
    800048c6:	09648493          	addi	s1,s1,150 # 80005958 <__fini_array_end>
    800048ca:	8c05                	sub	s0,s0,s1
    800048cc:	ec06                	sd	ra,24(sp)
    800048ce:	840d                	srai	s0,s0,0x3
    800048d0:	e411                	bnez	s0,800048dc <__libc_fini_array+0x28>
    800048d2:	60e2                	ld	ra,24(sp)
    800048d4:	6442                	ld	s0,16(sp)
    800048d6:	64a2                	ld	s1,8(sp)
    800048d8:	6105                	addi	sp,sp,32
    800048da:	8082                	ret
    800048dc:	147d                	addi	s0,s0,-1
    800048de:	00341793          	slli	a5,s0,0x3
    800048e2:	97a6                	add	a5,a5,s1
    800048e4:	639c                	ld	a5,0(a5)
    800048e6:	9782                	jalr	a5
    800048e8:	b7e5                	j	800048d0 <__libc_fini_array+0x1c>

00000000800048ea <__register_exitproc>:
    800048ea:	88aa                	mv	a7,a0
    800048ec:	8a018513          	addi	a0,gp,-1888 # 80005ad8 <__atexit>
    800048f0:	6118                	ld	a4,0(a0)
    800048f2:	e305                	bnez	a4,80004912 <__register_exitproc+0x28>
    800048f4:	00002797          	auipc	a5,0x2
    800048f8:	09478793          	addi	a5,a5,148 # 80006988 <__atexit0>
    800048fc:	e11c                	sd	a5,0(a0)
    800048fe:	00000713          	li	a4,0
    80004902:	c701                	beqz	a4,8000490a <__register_exitproc+0x20>
    80004904:	6318                	ld	a4,0(a4)
    80004906:	10e7b823          	sd	a4,272(a5)
    8000490a:	00002717          	auipc	a4,0x2
    8000490e:	07e70713          	addi	a4,a4,126 # 80006988 <__atexit0>
    80004912:	471c                	lw	a5,8(a4)
    80004914:	487d                	li	a6,31
    80004916:	557d                	li	a0,-1
    80004918:	04f84763          	blt	a6,a5,80004966 <__register_exitproc+0x7c>
    8000491c:	02088d63          	beqz	a7,80004956 <__register_exitproc+0x6c>
    80004920:	11073803          	ld	a6,272(a4)
    80004924:	04080163          	beqz	a6,80004966 <__register_exitproc+0x7c>
    80004928:	00379513          	slli	a0,a5,0x3
    8000492c:	9542                	add	a0,a0,a6
    8000492e:	e110                	sd	a2,0(a0)
    80004930:	20082303          	lw	t1,512(a6)
    80004934:	4605                	li	a2,1
    80004936:	00f6163b          	sllw	a2,a2,a5
    8000493a:	00c36333          	or	t1,t1,a2
    8000493e:	20682023          	sw	t1,512(a6)
    80004942:	10d53023          	sd	a3,256(a0)
    80004946:	4689                	li	a3,2
    80004948:	00d89763          	bne	a7,a3,80004956 <__register_exitproc+0x6c>
    8000494c:	20482683          	lw	a3,516(a6)
    80004950:	8ed1                	or	a3,a3,a2
    80004952:	20d82223          	sw	a3,516(a6)
    80004956:	0017869b          	addiw	a3,a5,1
    8000495a:	0789                	addi	a5,a5,2
    8000495c:	078e                	slli	a5,a5,0x3
    8000495e:	c714                	sw	a3,8(a4)
    80004960:	973e                	add	a4,a4,a5
    80004962:	e30c                	sd	a1,0(a4)
    80004964:	4501                	li	a0,0
    80004966:	8082                	ret

0000000080004968 <__call_exitprocs>:
    80004968:	711d                	addi	sp,sp,-96
    8000496a:	f852                	sd	s4,48(sp)
    8000496c:	f456                	sd	s5,40(sp)
    8000496e:	f05a                	sd	s6,32(sp)
    80004970:	ec5e                	sd	s7,24(sp)
    80004972:	ec86                	sd	ra,88(sp)
    80004974:	e8a2                	sd	s0,80(sp)
    80004976:	e4a6                	sd	s1,72(sp)
    80004978:	e0ca                	sd	s2,64(sp)
    8000497a:	fc4e                	sd	s3,56(sp)
    8000497c:	e862                	sd	s8,16(sp)
    8000497e:	e466                	sd	s9,8(sp)
    80004980:	8aaa                	mv	s5,a0
    80004982:	8a2e                	mv	s4,a1
    80004984:	8a018b13          	addi	s6,gp,-1888 # 80005ad8 <__atexit>
    80004988:	4b85                	li	s7,1
    8000498a:	000b3483          	ld	s1,0(s6)
    8000498e:	cc81                	beqz	s1,800049a6 <__call_exitprocs+0x3e>
    80004990:	4480                	lw	s0,8(s1)
    80004992:	1104b983          	ld	s3,272(s1)
    80004996:	fff4091b          	addiw	s2,s0,-1
    8000499a:	040e                	slli	s0,s0,0x3
    8000499c:	00898cb3          	add	s9,s3,s0
    800049a0:	9426                	add	s0,s0,s1
    800049a2:	00095f63          	bgez	s2,800049c0 <__call_exitprocs+0x58>
    800049a6:	60e6                	ld	ra,88(sp)
    800049a8:	6446                	ld	s0,80(sp)
    800049aa:	64a6                	ld	s1,72(sp)
    800049ac:	6906                	ld	s2,64(sp)
    800049ae:	79e2                	ld	s3,56(sp)
    800049b0:	7a42                	ld	s4,48(sp)
    800049b2:	7aa2                	ld	s5,40(sp)
    800049b4:	7b02                	ld	s6,32(sp)
    800049b6:	6be2                	ld	s7,24(sp)
    800049b8:	6c42                	ld	s8,16(sp)
    800049ba:	6ca2                	ld	s9,8(sp)
    800049bc:	6125                	addi	sp,sp,96
    800049be:	8082                	ret
    800049c0:	000a0c63          	beqz	s4,800049d8 <__call_exitprocs+0x70>
    800049c4:	00099663          	bnez	s3,800049d0 <__call_exitprocs+0x68>
    800049c8:	397d                	addiw	s2,s2,-1
    800049ca:	1ce1                	addi	s9,s9,-8
    800049cc:	1461                	addi	s0,s0,-8
    800049ce:	bfd1                	j	800049a2 <__call_exitprocs+0x3a>
    800049d0:	0f8cb783          	ld	a5,248(s9)
    800049d4:	ff479ae3          	bne	a5,s4,800049c8 <__call_exitprocs+0x60>
    800049d8:	449c                	lw	a5,8(s1)
    800049da:	6418                	ld	a4,8(s0)
    800049dc:	37fd                	addiw	a5,a5,-1
    800049de:	03279963          	bne	a5,s2,80004a10 <__call_exitprocs+0xa8>
    800049e2:	0124a423          	sw	s2,8(s1)
    800049e6:	d36d                	beqz	a4,800049c8 <__call_exitprocs+0x60>
    800049e8:	0084ac03          	lw	s8,8(s1)
    800049ec:	00098963          	beqz	s3,800049fe <__call_exitprocs+0x96>
    800049f0:	2009a783          	lw	a5,512(s3)
    800049f4:	012b96bb          	sllw	a3,s7,s2
    800049f8:	8ff5                	and	a5,a5,a3
    800049fa:	2781                	sext.w	a5,a5
    800049fc:	ef89                	bnez	a5,80004a16 <__call_exitprocs+0xae>
    800049fe:	9702                	jalr	a4
    80004a00:	4498                	lw	a4,8(s1)
    80004a02:	000b3783          	ld	a5,0(s6)
    80004a06:	f98712e3          	bne	a4,s8,8000498a <__call_exitprocs+0x22>
    80004a0a:	faf48fe3          	beq	s1,a5,800049c8 <__call_exitprocs+0x60>
    80004a0e:	bfb5                	j	8000498a <__call_exitprocs+0x22>
    80004a10:	00043423          	sd	zero,8(s0)
    80004a14:	bfc9                	j	800049e6 <__call_exitprocs+0x7e>
    80004a16:	2049a783          	lw	a5,516(s3)
    80004a1a:	ff8cb583          	ld	a1,-8(s9)
    80004a1e:	8ff5                	and	a5,a5,a3
    80004a20:	2781                	sext.w	a5,a5
    80004a22:	e781                	bnez	a5,80004a2a <__call_exitprocs+0xc2>
    80004a24:	8556                	mv	a0,s5
    80004a26:	9702                	jalr	a4
    80004a28:	bfe1                	j	80004a00 <__call_exitprocs+0x98>
    80004a2a:	852e                	mv	a0,a1
    80004a2c:	9702                	jalr	a4
    80004a2e:	bfc9                	j	80004a00 <__call_exitprocs+0x98>
